1844 6.382979 6.382979 6.382979
14881 7.446809 7.446809 7.446809
14880 8.981349 7.322131 7.322131
15957 8.745345 3.891112 96.108888
15368 9.210526 0.000000 100.000000
4838 10.526316 0.000000 100.000000
2172 32.782118 -32.782118 50.886622
7863 33.285476 -33.285476 51.213501
7862 32.658461 -32.658461 51.363324
5540 22.490946 -20.045764 20.045764
85 23.752201 -20.463110 20.463110
18605 23.580710 -20.983558 20.983558
3901 83.529427 -16.470573 54.196357
11289 83.558339 -16.441661 53.321614
11288 85.171753 -14.828247 52.543211
14562 24.298131 -16.683090 16.683090
2622 23.938015 -16.215125 16.215125
18396 24.721483 -16.595698 16.595698
10781 44.006694 -16.235500 16.235500
10780 43.807084 -16.687300 16.687300
3027 43.248658 -16.300524 16.300524
7346 19.575583 -15.131425 84.868575
13221 21.432228 -15.312014 84.687986
1825 21.285436 -14.250609 85.749391
13919 55.282576 -8.891263 8.891263
14517 55.959764 -8.316585 8.316585
9505 56.530312 -8.911265 8.911265
11651 88.032315 -11.967685 17.578963
11652 88.343449 -11.656551 17.106560
11653 88.940124 -11.059876 17.044955
12710 79.435729 3.153474 96.846526
7619 79.218264 2.849795 97.150205
1999 80.187383 3.013668 96.986332
17953 44.362614 -27.681025 72.318975
17954 43.894620 -27.089069 72.910931
17952 43.312722 -27.396380 72.603620
2873 60.129788 29.218698 29.218698
20347 60.915492 28.739365 28.739365
20326 59.900197 28.456123 28.456123
2466 98.421341 1.578659 23.138933
14903 98.157282 1.842718 22.662502
14902 97.662024 2.337976 23.189501
7152 42.979396 42.979396 55.502541
14431 44.041036 44.041036 54.921432
1690 43.321418 43.321418 53.713403
15696 62.412453 -37.587547 52.449060
3540 62.792393 -37.207607 52.850961
10389 61.883327 -38.116673 53.116978
1291 40.005254 -35.121339 64.878661
6602 40.356342 -35.407298 64.592702
15906 40.524096 -35.161420 64.838580
19579 69.211666 -19.468278 19.468278
19475 67.960649 -19.962081 19.962081
16119 68.495979 -19.046735 19.046735
15240 90.962422 -9.037578 9.511402
18570 92.010926 -7.989074 8.594234
4822 91.575074 -8.424926 9.373307
6181 57.839772 -13.807337 13.807337
13025 58.535862 -13.637138 13.637138
19095 58.248025 -14.015611 14.015611
17592 93.391671 6.608329 19.359261
19883 93.879684 6.120316 18.842506
4162 93.395672 6.604328 18.923081
7143 32.197159 27.327140 27.327140
7145 33.455579 27.528521 27.528521
1295 32.559754 26.417188 26.417188
15677 98.043928 1.956072 30.196528
5127 98.572481 1.427519 29.906644
8841 98.263807 1.736193 29.647738
18823 43.682474 -20.212987 20.212987
5063 44.187694 -20.825629 20.825629
18191 43.373665 -20.877948 20.877948
20328 44.580939 -44.580939 49.475857
3622 45.569310 -45.569310 49.457027
14149 45.347002 -45.347002 49.917425
2115 34.758094 -34.758094 59.385111
7784 34.324022 -34.324022 58.945325
17113 35.090274 -35.090274 58.737305
10725 26.925903 -3.236368 96.763632
10723 27.673499 -3.500366 96.499634
10724 27.756463 -2.929907 97.070093
16837 19.229285 -19.229285 40.010282
16838 18.561870 -18.561870 39.112439
15798 19.674124 -19.674124 39.245633
13130 16.860607 -3.071962 96.928038
14928 17.570336 -3.129418 96.870582
14926 17.290904 -2.861860 97.138140
12490 17.716043 -17.716043 68.783334
1201 17.817452 -17.817452 66.846452
16970 19.182179 -19.182179 68.263005
16586 34.760447 -30.192394 30.192394
3999 33.548296 -29.272043 29.272043
17023 34.349607 -28.887434 28.887434
16936 66.896780 -33.103220 57.791532
13132 66.676374 -33.323626 58.438373
4341 66.200058 -33.799942 58.354278
3511 12.180938 -12.180938 26.758309
20258 11.534772 -11.534772 26.020269
10322 12.353554 -12.353554 26.142667
17261 37.826681 -29.894485 70.105515
4797 37.742520 -29.348676 70.651324
17262 36.944025 -29.462252 70.537748
12330 76.956332 -23.043668 49.907437
2936 76.855834 -23.144166 50.123844
9137 76.559332 -23.440668 50.243182
19946 72.552544 -24.467543 75.532457
7686 73.023704 -24.032746 75.967254
15173 70.978182 -22.856307 77.143693
13331 35.761284 -35.761284 37.027512
10380 35.500442 -35.500442 37.881517
3537 34.908696 -34.908696 37.274614
9870 66.402415 -9.312772 90.687228
6309 66.027523 -8.053755 91.946245
10419 65.093609 -8.052072 91.947928
971 34.745244 -11.993687 11.993687
6216 34.207406 -12.695564 12.695564
8563 33.258604 -12.021235 12.021235
4823 5.972472 -5.972472 29.838359
17860 6.589952 -6.589952 30.203958
15250 6.068204 -6.068204 30.516879
13369 51.250615 -42.610688 57.389312
14682 51.652050 -42.827694 57.172306
4277 51.647610 -42.513973 57.486027
7170 90.339887 9.660113 12.655351
1704 89.374112 10.625888 13.694879
19189 90.539042 9.460958 13.257705
9281 38.059471 -15.633682 15.633682
8612 37.856444 -16.054045 16.054045
2648 37.327882 -15.660898 15.660898
15763 84.567977 15.432023 21.852833
20238 83.835524 16.164476 22.945621
4879 85.180208 14.819792 22.363714
2436 50.427005 -16.760304 83.239696
8252 52.399191 -16.385256 83.614744
8251 50.210895 -14.889181 85.110819
12078 14.070346 -14.070346 32.104269
4166 14.512332 -14.512332 31.741142
15164 14.778431 -14.778431 32.440161
19875 24.033231 -16.164368 83.835632
19876 25.586833 -16.736419 83.263581
19874 25.320983 -15.818860 84.181140
15978 93.299055 -6.700945 19.144794
14109 92.675260 -7.324740 18.963250
977 93.857383 -6.142617 18.358808
13715 31.325901 31.325901 57.579167
18788 30.953063 30.953063 59.227795
13602 32.724107 32.724107 59.217066
4939 88.159855 3.471038 96.528962
16467 87.686173 3.727796 96.272204
16466 87.493314 3.530134 96.469866
16356 87.907022 3.290498 96.709502
786 82.385084 17.614916 33.757946
8814 83.267957 16.732043 33.494937
8816 83.149041 16.850959 32.992862
14775 65.791315 -34.208685 52.299528
4761 66.216887 -33.783113 51.763002
14776 66.554052 -33.445948 52.003659
20770 5.729739 -0.395111 99.604889
20774 6.009261 -0.434746 99.565254
14650 6.112319 -0.389235 99.610765
18088 96.570820 -3.429180 30.022918
3185 94.893088 -5.106912 31.755191
12338 94.580995 -5.419005 30.761768
1782 38.906218 -35.681318 64.318682
7276 38.606437 -35.425671 64.574329
7275 38.432803 -35.617312 64.382688
2214 35.133393 -15.703448 15.703448
7908 35.504344 -15.282882 15.282882
8324 35.903741 -15.676474 15.676474
11581 39.091034 18.821166 18.821166
11579 39.297640 18.186101 18.186101
11580 38.342439 18.274431 18.274431
15447 74.246264 25.753736 55.764945
3411 75.532713 24.467287 54.139913
10095 73.691776 26.308224 54.968247
17900 38.222202 -16.974171 16.974171
9140 38.954797 -17.455474 17.455474
2939 37.992598 -17.531441 17.531441
13529 33.801669 -9.431668 9.431668
15244 35.428689 -8.900221 8.900221
4290 35.917201 -10.101686 10.101686
7456 3.957539 -1.758196 1.758196
11821 0.877193 -0.877193 0.877193
16089 3.433398 -0.871543 0.871543
13367 51.134776 -42.349542 57.650458
12479 51.338391 -42.184174 57.815826
6872 92.719057 -7.280943 54.895617
1495 95.028277 -4.971723 53.270305
13501 92.255032 -7.744968 56.335058
12426 2.704480 -2.704480 4.232662
12424 3.624976 -3.624976 4.994695
12425 2.822961 -2.822961 5.666755
12197 48.667394 -9.563232 9.563232
7111 47.467726 -9.237499 9.237499
18232 48.671306 -8.854125 8.854125
17383 11.437715 -2.582127 97.417873
11383 11.620833 -2.497747 97.502253
19771 11.289557 -2.463452 97.536548
703 24.556839 -24.556839 38.588598
14771 24.718215 -24.718215 38.915916
19271 24.233888 -24.233888 38.749602
238 71.084932 17.169973 17.169973
16160 72.146186 17.050354 17.050354
5350 71.737590 16.477025 16.477025
306 47.896185 -32.465312 67.534688
20223 47.006026 -32.674899 67.325101
5980 47.938458 -33.043392 66.956608
10291 21.303074 -21.303074 42.628939
17581 22.331100 -22.331100 42.652371
9781 21.958186 -21.958186 43.395338
7059 37.476019 -37.476019 45.861575
1623 36.759823 -36.759823 44.944166
11000 37.961908 -37.961908 45.309447
18733 88.296971 -11.703029 18.533058
12119 88.508030 -11.491970 18.817017
20162 87.487576 -12.512424 19.165090
2273 16.338910 -1.453970 1.453970
18045 17.327834 -2.264269 2.264269
17604 15.051675 -2.089233 2.089233
15016 27.347444 -27.347444 41.064476
15015 26.854051 -26.854051 40.928572
3460 27.197374 -27.197374 40.557317
15939 26.616646 -26.616646 40.562500
7294 5.448943 -5.448943 70.402222
9355 3.498013 -3.498013 69.855951
12335 3.765911 -3.765911 68.610366
10832 57.020502 -35.033054 64.966946
3739 56.551514 -34.440241 65.559759
10833 56.038622 -34.736694 65.263306
11774 85.879721 -14.120279 35.942382
16104 86.552904 -13.447096 35.323760
1186 86.920377 -13.079623 35.601076
2568 47.417451 -28.654274 71.345726
15546 47.916703 -28.744328 71.255672
14328 47.294001 -28.369198 71.630802
3938 5.719533 -5.719533 14.461692
11401 4.908235 -4.908235 14.932759
15313 4.617488 -4.617488 13.679535
16312 27.038532 -0.607983 99.392017
17180 27.631579 0.000000 100.000000
19461 26.032322 -0.517331 99.482669
19778 3.323727 3.323727 27.165722
20048 3.140922 3.140922 25.968081
866 1.925669 1.925669 26.550158
8882 62.043463 -37.956537 54.718412
228 61.581433 -38.418567 54.366820
8883 62.556547 -37.443453 54.064798
11745 54.722161 8.938677 91.061323
11744 54.653897 7.089059 92.910941
4063 56.436451 8.721822 91.278178
17866 65.029051 31.800287 68.199713
20789 65.419400 30.918555 69.081445
11918 66.523562 31.406002 68.593998
14412 94.085245 5.914755 31.992321
12099 94.673893 5.326107 31.496465
14413 94.208589 5.791411 31.381149
8151 35.448951 24.022661 75.977339
8152 37.110601 23.653977 76.346023
8150 36.803487 24.610314 75.389686
17089 70.014096 -29.985904 68.283605
13430 69.230769 -30.769231 69.230769
4465 68.881119 -31.118881 68.881119
15573 47.560633 33.578969 66.421031
1205 50.532086 34.139910 65.860090
15574 47.966707 34.578835 65.421165
5001 62.080702 0.962038 99.037962
17111 61.385201 0.523687 99.476313
17580 62.512639 0.588540 99.411460
7037 2.941176 0.000000 0.000000
16088 6.407986 -0.873382 0.873382
19848 72.560042 17.585038 17.585038
4915 73.149613 16.935850 16.935850
15676 58.501843 -14.323303 14.323303
705 58.040854 -14.684011 14.684011
18383 57.880061 -14.298179 14.298179
13546 39.308003 -6.090433 93.909567
13547 40.080956 -8.187355 91.812645
4513 41.814117 -6.523713 93.476287
3662 71.918768 -28.081232 55.908731
10656 71.639055 -28.360945 56.325866
10654 71.438039 -28.561961 56.177472
15038 57.404098 -40.929102 59.070898
11933 58.042095 -41.072956 58.927044
4126 57.644863 -40.592782 59.407218
11935 58.410580 -40.765986 59.234014
13121 22.316007 -16.928560 83.071440
4460 23.875247 -16.853789 83.146211
14744 22.652085 -16.332505 83.667495
11899 19.964332 -19.964332 29.600355
8077 19.807881 -19.807881 28.604824
14175 20.895186 -20.895186 29.378255
17421 13.992578 -13.992578 58.221210
17423 12.759835 -12.759835 59.433963
5018 12.358191 -12.358191 57.658442
12170 61.766238 -29.002330 29.002330
14221 61.848611 -27.908946 27.908946
11736 62.868452 -28.240953 28.240953
11420 3.032152 3.032152 50.312397
16153 4.602771 4.602771 49.312253
3950 2.847511 2.847511 48.602895
1875 38.297872 38.297872 38.297872
9632 36.233523 36.233523 37.939819
9634 37.171738 37.171738 39.334253
14377 83.662951 -16.337049 58.997506
14375 81.624517 -18.375483 60.716982
14376 82.971105 -17.028895 58.844582
7707 29.497144 -29.497144 51.096079
10935 29.301834 -29.301834 51.756270
1613 28.533515 -28.533515 51.098614
13458 26.133808 14.635655 85.364345
2846 25.974441 16.741161 83.258839
11214 24.097795 16.736837 83.263163
19396 80.546231 -19.453769 72.404074
19935 78.666081 -21.333919 73.662926
9815 81.846966 -18.153034 70.203869
3241 32.060722 -32.060722 64.801357
10765 32.378659 -32.378659 64.349742
19252 32.555680 -32.555680 64.678460
4960 28.223323 -28.223323 30.633661
16575 27.819457 -27.819457 31.362922
18098 26.799951 -26.799951 30.551198
19401 89.561020 10.438980 35.272130
3899 90.094022 9.905978 34.969472
14516 90.026062 9.973938 34.583382
7405 38.025814 -36.382802 63.617198
5265 37.324707 -36.205351 63.794649
165 37.928802 -36.703214 63.296786
8871 48.951217 -41.788328 58.211672
2801 48.465718 -41.343773 58.656227
8869 48.334122 -41.721287 58.278713
8703 98.216894 -1.783106 13.371636
2074 96.255808 -3.744192 14.355926
8245 97.834557 -2.165443 12.860255
6407 56.292322 -43.707678 46.581854
6409 55.125455 -44.874545 47.016527
1130 55.721979 -44.278021 45.916954
1498 95.665494 4.334506 10.124608
19058 95.732445 4.267555 10.751208
11335 96.744299 3.255701 9.824861
5572 82.070118 -17.929882 49.680286
449 81.604425 -18.395575 50.003180
5573 81.733330 -18.266670 49.691961
20642 71.530697 -18.994790 18.994790
7102 72.286978 -18.861421 18.861421
7100 71.393244 -19.508127 19.508127
6490 29.784949 -23.765188 76.234812
1198 30.347630 -23.602873 76.397127
16219 29.437449 -23.353823 76.646177
3664 67.844233 -32.155767 50.816250
13963 68.368694 -31.631306 51.056895
13962 67.422637 -32.577363 51.573306
10600 37.384022 30.893895 69.106105
3625 36.018986 31.658684 68.341316
10601 35.548448 30.797377 69.202623
1422 8.005101 8.005101 36.754223
9112 9.448553 9.448553 35.634840
13595 7.302584 7.302584 34.869472
20542 86.407577 13.592423 39.283699
20545 86.067339 13.932661 39.453804
11568 86.179070 13.820930 39.709729
18700 71.540660 -28.459340 49.604742
19219 71.026992 -28.973008 49.412092
20273 72.045230 -27.954770 48.863162
8858 28.628163 -28.628163 34.973585
2400 27.816597 -27.816597 34.479078
8190 28.600049 -28.600049 34.307873
5779 1.509418 -1.509418 31.288978
629 1.886210 -1.886210 32.355035
5965 1.241361 -1.241361 31.923823
7884 20.014040 -7.013977 92.986023
9899 19.360585 -7.303399 92.696601
9900 20.101026 -7.383854 92.616146
12486 11.467094 -11.467094 29.257016
6351 11.542145 -11.542145 28.673495
1081 12.229558 -12.229558 29.360470
13596 87.956119 -12.043881 26.541247
3505 85.939462 -14.060538 27.522416
15068 87.053038 -12.946962 26.177336
18227 56.290130 -41.603149 58.396851
15757 55.961456 -41.675636 58.324364
11228 56.423130 -41.862864 58.137136
10255 20.654160 20.654160 67.371777
10256 20.612905 20.612905 68.308198
20740 21.549426 21.549426 68.048808
20470 54.686819 45.313181 52.950537
12644 55.245680 44.754320 51.357441
20473 54.281237 45.718763 52.189657
7426 98.424324 -1.575676 26.959946
7521 97.049759 -2.950241 28.243183
1882 96.443577 -3.556423 27.623457
845 65.273135 -34.726865 39.207240
6071 64.719191 -35.280809 39.511643
6070 65.230806 -34.769194 38.958856
16306 81.492783 -17.317678 82.682322
16729 81.295056 -16.315416 83.684584
4039 80.516200 -16.671126 83.328874
12333 75.433356 -23.041507 23.041507
18172 76.318753 -22.532917 22.532917
12569 75.856793 -23.366479 23.366479
8161 76.967810 -1.825880 1.825880
8160 77.587556 -1.246193 1.246193
1670 78.664396 -1.531176 1.531176
8428 7.216795 7.216795 19.351251
2544 6.709748 6.709748 20.416088
8429 7.935035 7.935035 20.419845
5429 42.028181 -42.028181 55.074395
8528 40.914784 -40.914784 55.639414
314 40.830085 -40.830085 54.905040
16901 16.751473 -16.751473 38.947217
3392 16.162611 -16.162611 39.185386
13960 16.142868 -16.142868 38.593799
50 88.605720 11.394280 26.536007
7117 89.427267 10.572733 26.611087
5340 89.661354 10.338646 25.757307
14424 81.119919 18.880081 45.865024
20592 82.300188 17.699812 45.278622
8381 82.434560 17.565440 44.511092
5808 81.785780 -18.214220 57.727824
649 82.560975 -17.439025 56.473825
16023 83.249744 -16.750256 56.565781
15212 84.241867 15.758133 25.118438
15213 83.678039 16.321961 25.683513
15214 84.333434 15.666566 25.511429
10650 55.909360 -33.655309 33.655309
3659 55.060852 -33.280847 33.280847
13898 55.872886 -32.690730 32.690730
9406 4.631707 -4.631707 33.497534
9405 5.205022 -5.205022 33.419634
1246 5.125871 -5.125871 34.333775
12441 26.404516 -24.190878 75.809122
12439 25.762836 -23.681830 76.318170
12440 25.748398 -24.022244 75.977756
4542 28.413199 -16.198014 16.198014
13476 29.031015 -16.266917 16.266917
13475 29.018862 -16.562047 16.562047
5894 2.015852 -2.015852 80.464285
10968 4.151591 -4.151591 81.603970
718 3.341631 -3.341631 81.841115
6549 5.860339 -5.860339 35.164635
19161 5.158638 -5.158638 35.296701
7801 4.668984 -4.668984 34.724104
9732 54.943669 -39.356827 60.643173
3239 55.163211 -39.347827 60.652173
9733 55.011786 -39.242740 60.757260
1852 89.219844 10.780156 29.890097
7483 89.098561 10.901439 28.961652
19553 88.124078 11.875922 29.724903
7740 55.792556 -44.207444 53.745113
18694 55.079643 -44.920357 54.197096
9527 54.864700 -45.135300 53.743961
14961 91.628619 8.371381 32.413934
14960 92.433002 7.566998 31.800635
4789 91.685398 8.314602 31.591622
1951 19.547403 -8.625078 91.374922
7535 19.603732 -8.071950 91.928050
10945 18.666099 -8.324142 91.675858
742 79.704036 -20.295964 46.140438
19642 80.533837 -19.466163 45.037587
12825 80.972025 -19.027975 45.452325
7201 10.789193 4.437989 4.437989
10537 8.752123 4.845894 4.845894
1733 11.389202 6.017805 6.017805
19951 34.240199 -23.263554 76.736446
12739 33.259765 -23.227065 76.772935
4349 34.060671 -23.809623 76.190377
25 80.536014 -19.463986 46.526386
5926 79.895398 -20.104602 46.781751
5925 80.321399 -19.678601 46.240009
13278 58.847624 -24.622453 24.622453
19039 57.840768 -24.443086 24.443086
4500 58.601827 -23.940191 23.940191
19733 39.433588 11.842617 11.842617
3736 37.952964 11.902911 11.902911
18058 38.847235 12.663078 12.663078
17749 7.782658 -1.517631 98.482369
17750 7.678491 -1.549040 98.450960
12930 7.903072 -1.578729 98.421271
18053 70.192308 29.807692 29.807692
18054 69.140477 30.268573 30.268573
3473 69.230769 30.769231 30.769231
18997 84.218508 15.781492 26.347120
6540 84.006499 15.993501 26.872250
1237 84.637123 15.362877 26.461250
17152 65.892166 -4.368349 95.631651
27126 64.712800 -2.293817 97.706183
19135 64.120316 -2.962936 97.037064
678 36.842105 -36.842105 36.842105
5845 37.637566 -35.867557 35.867557
5844 38.045649 -37.127524 37.127524
12025 23.435223 -17.214322 17.214322
12024 23.515217 -17.559665 17.559665
5766 22.919172 -17.153063 17.153063
19176 60.212902 25.488641 25.488641
16063 59.249886 26.250923 26.250923
20352 60.459025 26.566244 26.566244
2603 98.797430 1.202570 31.758746
8531 98.405683 1.594317 32.282325
8530 98.862871 1.137129 32.309482
18333 23.740178 7.104581 7.104581
2265 25.430927 7.655581 7.655581
7989 25.120846 6.562067 6.562067
10348 53.211466 -18.915675 18.915675
10349 54.345328 -19.185371 19.185371
10347 53.337414 -19.765932 19.765932
4539 76.420040 23.579960 59.503962
13450 76.116986 23.883014 60.753372
13449 77.465065 22.534935 59.429392
244 43.969564 -38.984148 61.015852
5356 44.169487 -39.282937 60.717063
5355 44.470103 -39.168427 60.831573
13083 76.026359 -7.488496 92.511504
11405 77.285394 -10.057677 89.942323
14263 78.988412 -9.693102 90.306898
3646 65.247342 -1.899226 1.899226
15256 68.910152 -1.864992 1.864992
10995 67.614851 -2.704710 2.704710
1116 76.624637 -18.476028 81.523972
6423 77.482824 -18.753959 81.246041
6422 76.444119 -17.308605 82.691395
1820 30.677974 -30.677974 63.188822
19662 31.137292 -31.137292 63.128233
11095 30.826056 -30.826056 63.521278
19186 15.796994 -15.796994 62.627546
7759 16.304872 -16.304872 64.164238
7325 14.788199 -14.788199 63.810889
3497 31.754996 -31.754996 58.866150
18135 32.707069 -32.707069 59.359196
18456 31.976593 -31.976593 59.831605
14861 0.864968 -0.864968 46.751396
14863 1.174654 -1.174654 47.202432
1508 0.696666 -0.696666 47.983527
8504 100.000000 0.000000 15.972222
11865 99.193342 -0.806658 16.132903
11866 99.566618 -0.433382 15.290316
13348 81.621661 -18.378339 37.329871
4516 81.666565 -18.333435 37.783904
16207 80.806638 -19.193362 38.002590
12635 53.962015 -40.218722 59.781278
12634 53.590158 -39.977211 60.022789
4318 53.633404 -40.173652 59.826348
17608 29.686792 -25.302926 74.697074
6651 28.971709 -25.084887 74.915113
81 29.356688 -25.507355 74.492645
5783 50.294694 21.547847 21.547847
5784 51.270313 21.923092 21.923092
5782 51.124763 21.087876 21.087876
6913 41.091463 -41.091463 49.683371
8197 40.705213 -40.705213 50.072336
8198 40.351834 -40.351834 49.548986
10083 54.608509 -37.846984 62.153016
13710 55.235870 -37.966569 62.033431
3403 54.983637 -37.581194 62.418806
15986 34.246956 -18.996743 81.003257
15987 35.775837 -19.363950 80.636050
5137 35.206918 -18.545362 81.454638
3605 6.484268 3.875824 3.875824
10536 8.160853 3.473921 3.473921
7926 71.816983 28.183017 46.487035
7928 70.021295 29.978705 47.072031
2223 70.582434 29.417566 48.049894
38 35.990404 -35.990404 54.046051
5132 35.031260 -35.031260 54.331784
5134 35.335010 -35.335010 53.653608
978 42.779426 -42.779426 56.251154
16117 42.036374 -42.036374 56.746019
16330 41.957178 -41.957178 56.285625
10897 70.042132 -29.957868 57.576189
1099 69.706788 -30.293212 57.829108
15661 69.787320 -30.212680 57.576510
1552 39.802467 -34.456305 65.543695
10558 40.541063 -34.823949 65.176051
10557 40.511043 -34.434417 65.565583
20502 65.676109 -26.484262 73.515738
20503 65.087192 -26.067892 73.932108
6749 64.581830 -26.331650 73.668350
4897 100.000000 0.000000 0.000000
28061 99.537449 -0.462551 0.795536
18305 99.038462 -0.961538 0.961538
826 31.458257 2.856252 2.856252
11739 30.474159 1.396410 1.396410
11738 28.751179 2.671192 2.671192
17288 61.510528 -38.489472 58.773659
17751 60.818783 -39.181217 59.400435
1699 61.111976 -38.888024 58.321471
18428 8.049193 -1.488742 98.511258
17909 7.848389 -1.476685 98.523315
4411 8.010007 -1.537745 98.462255
20075 8.275515 8.275515 43.976570
1639 6.480777 6.480777 45.633342
7078 9.146979 9.146979 46.067708
11001 38.528275 -38.528275 45.966020
18380 39.430093 -39.430093 45.899669
18686 39.359465 -39.359465 46.611122
5499 18.478101 15.687360 84.312640
381 17.741935 17.741935 82.258065
5500 16.935484 16.935484 83.064516
2909 61.801538 -38.198462 56.695871
12350 62.314015 -37.685985 56.631969
12349 61.990765 -38.009235 57.088406
4312 96.307728 3.692272 87.014193
12611 96.320415 3.679585 87.845848
12613 96.902574 3.097426 87.080512
13435 26.638951 -26.638951 42.545067
27128 26.183434 -26.183434 42.776544
27129 26.221062 -26.221062 42.387107
2664 25.593982 -25.593982 43.112952
8641 25.782956 -25.782956 42.429528
8274 16.070771 -2.245429 97.754571
11492 16.189268 -2.520318 97.479682
2447 17.018276 -2.331521 97.668479
11493 16.844039 -2.658259 97.341741
18059 86.503366 13.496634 23.914332
18981 87.018780 12.981220 23.535690
16035 86.636391 13.363609 23.482685
3942 20.389470 20.389470 50.594464
12749 20.693140 20.693140 52.403886
20741 21.393898 21.393898 51.546423
15715 96.501141 3.498859 18.787402
10931 96.248336 3.751664 18.541629
1155 95.793299 4.206701 19.301157
8565 33.518302 -11.292486 11.292486
10790 90.080133 -9.919867 30.409161
8992 90.748827 -9.251173 29.891475
2856 90.642233 -9.357767 30.199623
15108 36.644223 30.008870 30.008870
20056 37.954736 29.894666 29.894666
2383 36.980490 28.858961 28.858961
12006 15.487168 -15.487168 36.766057
10922 15.476787 -15.476787 36.042398
10871 16.135632 -16.135632 36.576489
9404 4.634704 -4.634704 32.811304
13907 18.632261 -0.240041 99.759959
13905 19.797879 -0.276603 99.723397
13906 19.736842 0.000000 100.000000
13236 33.311607 -33.311607 62.923990
9541 33.198196 -33.198196 62.603708
3157 33.791517 -33.791517 62.551536
19427 38.066149 -22.117243 22.117243
12937 36.834335 -21.538906 21.538906
1973 37.858322 -21.155802 21.155802
11106 55.417207 -38.936521 61.063479
2756 55.326151 -39.125628 60.874372
10791 55.705461 -39.166960 60.833040
10565 75.961538 -24.038462 24.038462
12570 75.192421 -23.999200 23.999200
15846 19.210202 -19.210202 42.993021
5169 18.208334 -18.208334 42.347484
72 19.268722 -19.268722 41.839210
13111 8.601155 -8.601155 81.933840
15505 6.592604 -6.592604 80.744076
4454 7.766893 -7.766893 80.271150
12523 78.641529 -11.618226 11.618226
18942 79.336196 -11.522474 11.522474
4287 78.805256 -11.878721 11.878721
19561 99.273515 0.726485 48.028772
27718 100.000000 0.000000 48.611111
27840 100.000000 0.000000 47.916667
18838 86.874009 -1.743437 98.256563
18844 81.578947 0.000000 100.000000
4916 85.417976 -1.878384 98.121616
4894 90.600326 -9.399674 17.262539
19353 91.362264 -8.637736 16.998947
16107 90.743727 -9.256273 17.501433
11410 21.442649 21.442649 48.498257
20406 22.290510 22.290510 49.537019
20408 22.461399 22.461399 48.702442
10473 46.032773 -39.429647 60.570353
14099 45.601444 -39.604589 60.395411
2922 46.359046 -39.928414 60.071586
9114 46.755294 -39.657873 60.342127
9773 0.716386 -0.716386 46.070851
3254 0.908969 -0.908969 46.129054
17780 78.296164 -21.703836 30.074109
18290 77.053304 -22.946696 30.121034
2700 78.237049 -21.762951 29.408762
12929 9.411792 -1.227056 98.772944
7339 9.300853 -1.312813 98.687187
20449 9.525586 -1.291346 98.708654
7733 86.101181 -13.898819 39.479998
7731 87.381651 -12.618349 39.601795
7732 85.436465 -14.563535 40.678682
17243 54.765110 28.278235 71.721765
17242 54.288887 29.199057 70.800943
4718 53.314588 28.301263 71.698737
14417 48.409880 -44.180754 55.819246
10329 47.632459 -44.445457 55.554543
3101 48.987011 -44.915392 55.084608
10875 85.424882 14.575118 20.646069
2212 83.805072 16.194928 21.402802
1333 23.941543 -19.713419 19.713419
18148 23.903278 -20.001032 20.001032
6662 23.327015 -19.413690 19.413690
950 49.400454 -10.405721 10.405721
12198 49.599950 -9.936383 9.936383
6189 50.209308 -10.358490 10.358490
15631 4.733082 -4.733082 72.676784
9356 3.239377 -3.239377 71.002511
1795 5.051799 -5.051799 71.570418
860 10.108986 -1.030435 98.969565
6086 10.071616 -1.136067 98.863933
14220 10.605315 -1.113375 98.886625
12779 40.398548 15.264255 84.735745
5489 39.811118 13.649699 86.350301
12778 41.963308 14.193167 85.806833
11614 77.548848 -22.451152 63.364552
4020 78.568192 -21.431808 61.895620
11615 78.671900 -21.328100 62.646604
14867 87.017238 12.982762 24.149497
4776 86.879365 13.120635 23.902699
14868 86.473429 13.526571 24.293273
16109 89.952708 -10.047292 17.755261
16802 7.856440 -1.873152 98.126848
15298 8.270234 -1.953786 98.046214
4704 8.143317 -1.820490 98.179510
12675 5.721755 -4.845320 95.154680
12677 5.512528 -5.040586 94.959414
1525 6.166894 -5.200693 94.799307
442 5.230527 5.230527 10.909185
5565 4.032766 4.032766 10.896978
18080 4.916702 4.916702 12.066234
10908 82.475495 17.524505 29.968103
10910 82.330976 17.669024 29.649959
3579 81.861509 18.138491 30.165338
2623 22.805830 -15.339138 15.339138
14250 22.480503 -15.494912 15.494912
15053 22.055893 -15.015213 15.015213
12887 73.114354 -26.885646 38.705643
4397 72.463404 -27.536596 39.847393
19037 71.680520 -28.319480 39.414154
8363 31.410091 18.518261 18.518261
2508 32.282379 19.353224 19.353224
15466 32.628862 18.606088 18.606088
16095 39.255847 -16.439056 16.439056
5344 39.877248 -16.839430 16.839430
18174 39.089560 -16.920207 16.920207
20842 55.861747 -16.011199 16.011199
20299 55.018365 -16.202197 16.202197
8638 55.545325 -15.556627 15.556627
5680 54.746311 -40.665168 59.334832
5682 55.120314 -40.545531 59.454469
548 54.547177 -40.311764 59.688236
11795 29.896372 -24.424194 75.575806
1200 30.529608 -24.460284 75.539716
6491 29.923421 -24.120261 75.879739
13286 59.083132 38.693357 61.306643
4503 56.961196 38.712948 61.287052
13287 57.553628 37.855317 62.144683
7488 10.756688 -6.570058 93.429942
7486 10.073903 -6.388395 93.611605
7487 10.341639 -6.800403 93.199597
9600 32.501134 22.719899 22.719899
3182 33.720767 22.700517 22.700517
11591 32.714851 21.831787 21.831787
7604 97.708652 2.291348 22.648630
7354 10.564880 -10.564880 22.491723
7353 11.767481 -11.767481 22.895124
1830 11.328633 -11.328633 23.610240
15153 90.507763 -9.492237 30.499150
15152 89.667152 -10.332848 30.932652
2982 41.080793 -14.410968 14.410968
19740 40.751136 -14.958430 14.958430
9711 40.037502 -14.488183 14.488183
4642 81.565000 -18.435000 34.003134
16042 81.839050 -18.160950 33.227527
16041 82.706917 -17.293083 33.265175
18376 10.107842 -1.843711 98.156289
12753 10.121004 -1.889802 98.110198
4358 10.251333 -1.876480 98.123520
18377 10.240711 -1.825428 98.174572
8738 94.014700 5.985300 8.889396
11550 93.964895 6.035105 8.297271
14645 92.967781 7.032219 9.214152
8391 25.117950 -6.970243 6.970243
8392 26.079057 -7.657205 7.657205
8390 24.213235 -7.557166 7.557166
2302 40.014509 -40.014509 58.868826
8040 40.532132 -40.532132 58.478483
8042 40.449551 -40.449551 58.929845
9643 64.067045 -5.290618 5.290618
8232 65.622601 -5.873454 5.873454
2423 63.424662 -6.465753 6.465753
3187 92.025806 -7.974194 31.982047
12339 93.018617 -6.981383 31.203998
9610 93.019073 -6.980927 31.918088
9160 36.442091 -14.932877 85.067123
19151 37.801871 -14.080776 85.919224
18886 35.707433 -13.502619 86.497381
19684 29.398158 -29.398158 65.385358
5094 29.777142 -29.777142 65.144483
19677 29.680716 -29.680716 65.532215
19048 33.153250 -33.153250 65.001081
1298 33.291195 -33.291195 65.485840
19049 32.769110 -32.769110 65.444084
13849 32.707661 -32.707661 65.999906
13855 31.550835 -31.550835 64.499308
17363 31.235258 -31.235258 64.663713
12192 31.292773 -31.292773 64.329970
8434 45.549693 -17.593912 17.593912
2547 44.854648 -18.130746 18.130746
8435 44.544824 -17.465774 17.465774
11107 54.981161 -38.705576 61.294424
8799 55.006948 -38.960128 61.039872
7829 93.147878 6.852122 28.188782
7830 92.834433 7.165567 27.800564
7828 92.380217 7.619783 28.568632
5868 32.142235 -32.142235 52.056805
14033 32.252541 -32.252541 52.613018
697 31.659953 -31.659953 52.351616
18408 39.733070 39.733070 45.948117
8422 38.999748 38.999748 44.700617
28066 38.831393 38.831393 45.825359
18032 37.070537 -34.891980 65.108020
7319 36.754328 -34.579425 65.420575
371 36.425655 -34.778428 65.221572
5450 38.986091 23.431246 23.431246
5514 38.021130 22.853127 22.853127
335 38.080562 23.740055 23.740055
386 21.886643 21.886643 43.554807
5504 23.821839 23.821839 44.847939
12270 24.196637 24.196637 42.848778
5405 10.183170 -2.124725 97.875275
292 10.135419 -2.035821 97.964179
5406 9.893574 -2.085296 97.914704
27581 44.880172 1.496087 98.503913
4710 44.736842 0.000000 100.000000
27583 46.154774 1.637909 98.362091
10139 44.672845 2.991808 97.008192
27582 43.623392 1.223497 98.776503
16693 69.450705 -30.549295 56.715867
4059 68.764093 -31.235907 57.021714
11732 69.388660 -30.611340 56.357450
18534 13.539458 -7.935989 7.935989
7086 14.698648 -8.714273 8.714273
14535 12.517798 -8.518133 8.518133
18141 5.852732 -5.852732 28.048988
13156 5.150061 -5.150061 27.883332
4472 5.285434 -5.285434 27.140375
3253 0.916266 -0.916266 44.505190
11340 1.300762 -1.300762 44.061090
13527 1.268935 -1.268935 45.212744
80 30.116027 -26.141426 73.858574
19452 29.654560 -26.137390 73.862610
19450 30.136601 -26.416726 73.583274
18537 30.475784 -26.350117 73.649883
13552 78.367761 -20.019033 79.980967
1143 78.286223 -18.974675 81.025325
14911 80.288983 -19.711017 54.053923
2034 80.964640 -19.035360 52.798070
13165 81.954433 -18.045567 52.757415
18961 28.742734 -15.232493 15.232493
2153 28.264581 -14.651067 14.651067
18337 29.402718 -15.024465 15.024465
4559 71.207099 -28.792901 43.937585
13531 70.400185 -29.599815 44.512870
13532 70.422165 -29.577835 44.028891
19164 63.065375 36.934625 43.683047
13833 63.157815 36.842185 42.449306
20893 62.340170 37.659830 43.375793
4392 96.947252 3.052748 84.162934
15178 95.482497 4.517503 83.342171
17652 95.400818 4.599182 85.436947
7949 73.244341 -26.755659 54.201248
792 73.843504 -26.156496 53.993601
15361 73.166759 -26.833241 54.536678
5199 32.975967 -27.312884 72.687116
6867 33.381954 -27.260670 72.739330
6868 32.894423 -27.044855 72.955145
8493 98.270802 -1.729198 8.389812
5914 96.613467 -3.386533 9.020153
8494 98.360911 -1.639089 7.617500
6269 70.379406 6.708165 93.291835
1012 68.814757 5.968188 94.031812
16511 70.087369 5.910835 94.089165
1040 75.090129 24.909871 36.125070
6301 74.802771 25.197229 35.054323
6300 73.428354 26.571646 36.264917
4809 13.217992 -13.217992 24.363645
15104 12.359711 -12.359711 23.975996
15103 12.931733 -12.931733 23.481343
16578 47.872340 47.872340 47.872340
2839 46.808511 46.808511 46.808511
8970 47.640159 47.640159 49.821542
16751 6.300220 -3.195800 96.804200
27511 6.045235 -3.133109 96.866891
27495 6.050142 -3.208614 96.791386
11928 6.225580 -2.907889 97.092111
27493 6.042548 -2.954032 97.045968
4121 6.310454 -3.057890 96.942110
11927 5.717532 -2.899016 97.100984
27494 5.923948 -2.852810 97.147190
6459 83.632127 -16.367873 46.789386
5921 83.538191 -16.461809 47.202576
12154 83.041635 -16.958365 47.310154
8276 7.833369 7.833369 67.889026
7472 7.866067 7.866067 69.475851
1909 10.245725 10.245725 68.771784
14912 78.687826 -21.312174 55.233930
776 79.473313 -20.526687 55.495697
16473 77.948945 -22.051055 56.431712
1879 10.192205 -8.563268 91.436732
7431 9.826258 -8.756152 91.243848
19467 10.311131 -9.024596 90.975404
10070 54.977959 -38.407335 61.592665
10068 55.440961 -38.341172 61.658828
10069 55.010123 -38.141870 61.858130
11674 29.167372 -25.980593 25.980593
4041 30.760315 -27.125551 27.125551
11675 29.952532 -27.529671 27.529671
11623 96.304975 3.695025 43.456816
11621 97.343619 2.656381 43.487771
11622 97.588310 2.411690 42.673029
6443 72.639143 -27.360857 63.696132
6445 72.417051 -27.582949 63.611853
1163 72.890429 -27.109571 63.224254
1466 11.981718 -10.624329 89.375671
14604 12.417025 -10.100314 89.899686
6831 11.842684 -10.056673 89.943327
18647 88.339089 -11.660911 53.135525
6457 86.732924 -13.267076 53.999600
12854 88.641380 -11.358620 51.959899
12040 84.997868 15.002132 32.450307
12039 84.728889 15.271111 32.939154
1506 85.209988 14.790012 32.650446
14179 85.201674 5.260314 94.739686
2439 85.010024 5.023747 94.976253
19198 85.547017 5.001723 94.998277
17769 100.000000 0.000000 0.694444
27937 99.275080 0.724920 0.983364
27938 99.260016 0.739984 1.337762
13192 21.795977 -4.986290 95.013710
14666 22.164416 -4.292368 95.707632
14760 20.784109 -4.572485 95.427515
16448 2.001243 -2.001243 82.381195
5895 1.840624 -1.840624 81.289994
10928 3.685017 -3.685017 82.838316
2979 81.333219 -18.666781 40.003056
15559 82.414868 -17.585132 39.735636
12558 81.504626 -18.495374 40.516850
20827 22.817493 -0.677185 99.322815
20832 22.605090 -0.575929 99.424071
18120 21.918833 -0.823488 99.176512
2139 34.850848 -7.921650 7.921650
12950 34.153239 -7.026848 7.026848
7818 36.072138 -7.262070 7.262070
1687 58.174353 26.531591 73.468409
7755 56.971847 27.525924 72.474076
16457 55.767295 26.425828 73.574172
5275 3.206910 -3.206910 87.771774
5283 5.093999 -5.093999 89.434755
173 3.684942 -3.684942 89.918751
27570 71.358817 -17.956019 17.956019
475 71.231135 -17.695128 17.695128
27573 71.551879 -17.712882 17.712882
6796 15.212674 15.212674 17.872110
18850 14.685107 14.685107 18.820708
1439 16.157486 16.157486 19.004481
3107 83.482652 -16.517348 32.758096
27373 83.952932 -16.047068 32.255729
27374 84.063781 -15.936219 32.580112
14805 58.671555 -35.977725 35.977725
13071 57.725238 -35.547655 35.547655
4441 58.678296 -34.790427 34.790427
20041 81.591326 4.665545 95.334455
20042 81.767905 4.445857 95.554143
15917 82.117547 4.612981 95.387019
18989 84.643722 -15.356278 15.892825
20249 84.935830 -15.064170 16.030337
130 82.692308 -17.307692 17.307692
8116 70.717780 -29.282220 57.976073
18933 69.789524 -30.210476 58.703610
2354 70.167793 -29.832207 58.012880
16364 10.642865 -10.642865 44.532082
16363 10.281610 -10.281610 45.762462
4065 9.505988 -9.505988 44.748409
12157 10.715329 -8.904121 91.095879
7654 10.690070 -8.557015 91.442985
5126 99.084033 0.915967 29.709554
14503 99.548522 0.451478 29.694168
16639 99.487492 0.512508 29.146256
3621 45.776769 -45.776769 48.594728
10595 44.961552 -44.961552 48.381597
10711 45.850345 -45.850345 48.171712
13272 62.349769 24.870440 24.870440
13271 61.132381 24.701171 24.701171
3215 61.421161 25.722569 25.722569
12020 11.221692 -11.221692 29.699365
13055 11.899486 -11.899486 29.934644
1428 11.544027 -11.544027 30.378394
5339 88.973572 11.026428 25.660732
1758 5.119210 5.119210 85.205854
10100 2.271369 2.271369 85.111194
10099 4.118971 4.118971 86.394617
10112 6.618380 6.618380 86.573793
18123 8.232746 8.232746 16.977486
16762 9.349829 9.349829 16.775719
4977 8.437259 8.437259 16.047929
5400 21.972325 13.251729 13.251729
286 20.731147 13.606028 13.606028
18567 22.043153 14.103870 14.103870
15920 4.092192 4.092192 62.075704
14351 5.151869 5.151869 63.023982
14740 5.904151 5.904151 61.834790
11566 86.097451 13.902549 39.094424
10715 23.164918 -23.164918 25.235224
10717 22.869659 -22.869659 24.356862
1914 24.734927 -24.734927 25.741467
719 0.000000 0.000000 80.645161
14159 77.575968 22.424032 55.483513
11896 79.277269 20.722731 54.966803
4112 79.336372 20.663628 53.434709
20109 66.885021 -9.019392 9.019392
7589 67.437628 -8.085405 8.085405
10526 68.694546 -8.600236 8.600236
6515 66.330387 -33.669613 54.627792
6516 66.922154 -33.077846 54.263304
1213 66.655264 -33.344736 54.828907
11066 74.318565 13.794682 13.794682
11065 73.615422 13.545964 13.545964
3823 73.743799 13.926242 13.926242
16355 88.638920 3.162274 96.837726
16357 88.113182 3.049330 96.950670
4940 89.117943 2.730683 97.269317
16353 89.612727 3.027013 96.972987
19294 80.268599 19.731401 60.568026
19293 81.712702 18.287298 60.814364
4496 82.457430 17.542570 58.444052
9000 64.809164 -31.335141 68.664859
1093 62.813385 -30.940305 69.059695
11595 64.889411 -32.151632 67.848368
17035 29.980698 27.783708 72.216292
27295 31.812147 28.016993 71.983007
27296 30.813103 28.489510 71.510490
10061 31.863471 27.171521 72.828479
27343 33.159700 27.376972 72.623028
27345 32.597297 27.670018 72.329982
4621 20.797066 -10.970067 89.029933
17803 20.148351 -10.363793 89.636207
18934 19.431105 -10.943619 89.056381
6529 64.399858 -35.600142 56.871352
12346 63.902352 -36.097648 57.219989
12347 64.149890 -35.850110 56.720028
829 9.713995 -9.713995 27.046431
6908 9.614633 -9.614633 26.377491
14083 10.265550 -10.265550 26.912581
6267 70.752719 7.801220 92.198780
6268 69.004481 6.945649 93.054351
20231 97.413959 2.586041 17.961368
10400 97.819482 2.180518 17.961462
3545 98.032069 1.967931 17.314859
8461 8.814030 -1.471556 98.528444
8460 9.066507 -1.472393 98.527607
1354 8.796463 -1.393419 98.606581
9477 100.000000 0.000000 17.361111
10877 98.880517 -1.119483 16.990135
2589 100.000000 0.000000 16.666667
9974 86.264819 -6.382861 6.382861
2088 87.920039 -5.720585 5.720585
9975 87.720133 -6.353415 6.353415
19838 47.451552 -38.323807 61.676193
6388 47.290577 -37.957042 62.042958
1114 46.819927 -38.019211 61.980789
10141 42.642843 2.820211 97.179789
10140 44.799221 5.413937 94.586063
3179 42.440595 5.654457 94.345543
640 86.408531 -10.845003 10.845003
10850 86.004880 -10.767091 10.767091
10849 86.916111 -10.398791 10.398791
4383 6.287328 -3.356387 96.643613
18776 55.494936 -34.291737 65.708263
13742 54.878173 -33.883767 66.116233
2610 54.642900 -34.172227 65.827773
7213 35.591212 -35.591212 51.590399
16628 36.162777 -36.162777 51.492409
1743 35.975282 -35.975282 51.820685
11297 76.230239 14.373389 85.626611
17539 77.039612 15.780318 84.219682
1565 75.198254 15.070757 84.929243
18370 65.481432 -21.947708 78.052292
14755 67.311043 -22.661331 77.338669
4201 65.921371 -21.246465 78.753535
16607 22.677426 2.213419 2.213419
3577 19.419329 2.005216 2.005216
14064 21.443427 3.086063 3.086063
16818 8.268292 -1.556463 98.443537
16819 8.349353 -1.571317 98.428683
13291 8.335942 -1.551490 98.448510
13981 88.457619 -6.854936 93.145064
15523 88.819677 -6.093798 93.906202
19775 86.330522 -5.328323 94.671677
17483 18.073321 -16.328837 16.328837
3891 17.049596 -15.564812 15.564812
27130 17.909989 -15.804109 15.804109
3360 11.081598 -1.922801 98.077199
17148 10.915298 -1.805274 98.194726
9980 10.752546 -1.871307 98.128693
3350 13.941467 -13.941467 18.718519
13002 14.208914 -14.208914 17.871056
9965 15.055422 -15.055422 19.168917
15981 75.039501 -24.960499 38.679220
19025 76.051394 -23.948606 37.861623
10191 76.155904 -23.844096 38.460647
11980 54.416410 -41.722509 58.277491
13041 55.027541 -42.087046 57.912954
9155 55.069281 -41.708509 58.291491
8386 68.579642 2.973207 97.026793
8388 69.165481 3.219271 96.780729
1126 68.752855 3.238945 96.761055
6405 69.093910 3.451441 96.548559
16410 3.304406 -3.304406 28.318132
19279 2.782143 -2.782143 27.662077
7660 3.317443 -3.317443 27.705560
2727 71.700350 -23.440023 23.440023
8749 72.672683 -23.616274 23.616274
19255 71.579356 -24.341994 24.341994
9081 90.653380 9.346620 19.069440
9083 90.309892 9.690108 18.904472
2902 89.943249 10.056751 19.533590
2440 84.693839 4.611599 95.388401
8257 85.174019 4.602803 95.397197
8259 84.838651 4.809621 95.190379
8711 84.992696 4.429248 95.570752
13144 52.078410 -1.803911 98.196089
3713 54.247957 -3.541762 96.458238
10768 53.409093 -1.673221 98.326779
20424 12.592798 12.592798 86.317861
20767 11.990055 11.990055 86.487013
7988 12.903226 12.903226 87.096774
6992 94.054373 5.945627 67.477809
8425 93.820484 6.179516 66.474204
8426 92.132543 7.867457 68.970925
9048 30.370184 -22.763209 22.763209
9049 30.082094 -21.870624 21.870624
9047 31.253150 -22.524738 22.524738
7096 77.409202 -22.590798 60.903774
7094 77.627329 -22.372671 61.163592
7095 76.817734 -23.182266 61.767703
11554 32.789347 -29.727747 29.727747
2290 32.161670 -30.251416 30.251416
14957 31.456988 -28.678349 28.678349
6775 91.870706 8.129294 41.932448
6777 91.363233 8.636767 43.039818
938 93.054235 6.945765 42.267818
3670 68.935835 -31.064165 55.902796
10674 69.468110 -30.531890 55.898887
11731 68.825879 -31.174121 56.477260
17572 23.831069 23.831069 60.195055
5025 24.962132 24.962132 59.770867
20757 23.869168 23.869168 59.350286
15118 14.040262 -14.040262 70.081691
15186 15.172910 -15.172910 69.539274
4080 15.160622 -15.160622 70.834311
16859 33.823162 -21.807404 78.192596
15921 32.991928 -22.164340 77.835660
3644 34.396747 -22.651436 77.348564
12182 14.208598 -14.208598 35.594749
12181 13.435951 -13.435951 35.590531
4194 13.662409 -13.662409 34.904105
1023 98.472465 1.527535 90.948547
11092 98.956554 1.043446 90.493907
11091 98.288570 1.711430 89.970040
17194 87.827614 -10.168890 10.168890
641 87.739914 -10.895117 10.895117
5797 86.842076 -10.892152 10.892152
2524 64.833329 -35.166671 53.907298
15621 64.740653 -35.259347 54.300226
8396 64.326814 -35.673186 54.294824
11448 44.254723 -41.232889 58.767111
11447 44.067997 -41.608733 58.391267
3962 44.844787 -41.790931 58.209069
14426 69.870010 -30.129990 37.725910
9383 68.903073 -31.096927 38.650370
19547 68.581232 -31.418768 38.144677
10336 65.256796 26.930034 26.930034
19478 64.185053 26.942642 26.942642
3518 64.619234 27.782753 27.782753
1908 6.730769 -6.730769 93.269231
7467 5.808277 -5.808277 92.232030
11010 7.211538 -7.211538 92.788462
14977 63.923934 -20.503318 79.496682
7687 25.499035 25.499035 27.613679
18991 25.846084 25.846084 28.904204
2048 27.659574 27.659574 27.659574
5501 72.103487 27.896513 32.032180
385 70.417234 29.582766 32.393631
13250 70.999480 29.000520 33.316375
959 10.122349 10.122349 19.582882
12257 10.543936 10.543936 20.407153
20254 11.003352 11.003352 19.668583
4770 19.398007 -17.400370 17.400370
17484 17.697811 -16.650724 16.650724
2770 3.992150 -2.536863 97.463137
19180 3.221810 -2.270139 97.729861
19179 3.493994 -2.642580 97.357420
4407 82.885989 4.104710 95.895290
12925 82.928742 4.004577 95.995423
17255 83.155542 4.066201 95.933799
4908 49.501951 -34.424172 34.424172
20335 48.543879 -34.923169 34.923169
20334 48.571120 -33.840224 33.840224
20537 75.515878 -24.484122 45.895097
20534 75.972268 -24.027732 45.657935
10957 75.613439 -24.386561 46.180629
14849 9.849974 -1.439478 98.560522
13887 9.713512 -1.506728 98.493272
14519 10.018679 -1.518772 98.481228
10556 41.190313 -34.811480 65.188520
114 41.162610 -34.488359 65.511641
16218 29.071717 -23.562340 76.437660
13340 78.495709 21.504291 37.642404
9119 78.798985 21.201015 36.676846
14636 77.579630 22.420370 37.476825
10424 64.733485 -35.266515 45.630561
3556 66.516650 -33.483350 44.928019
16678 65.518938 -34.481062 46.076426
16808 35.476036 -35.476036 47.520442
1710 34.513917 -34.513917 47.001128
18346 35.372990 -35.372990 46.690613
7697 97.461471 2.538529 67.246064
12620 96.285552 3.714448 68.292644
2057 96.531386 3.468614 69.503546
771 0.791950 -0.791950 31.641252
5964 0.937338 -0.937338 31.008741
18439 11.494069 -2.270098 97.729902
18436 11.785562 -2.214128 97.785872
3864 11.369014 -2.153390 97.846610
18438 11.671915 -2.081428 97.918572
15889 84.758681 -15.241319 20.618759
16446 83.450544 -16.549456 21.666429
3401 82.538373 -17.461627 21.138174
9239 0.737270 -0.737270 12.277570
2464 1.376308 -1.376308 11.591796
17546 1.663901 -1.663901 12.846162
14479 13.439328 -2.945890 97.054110
14480 13.823011 -3.149249 96.850751
14478 13.993252 -2.936271 97.063729
14654 29.006243 -22.907379 77.092621
14653 28.023508 -22.628447 77.371553
4740 28.585039 -23.137737 76.862263
13690 58.508164 24.979285 75.020715
13708 56.246478 25.214837 74.785163
13709 56.440690 23.784364 76.215636
16369 100.000000 0.000000 61.111111
16371 89.836751 -10.163249 70.438100
2962 100.000000 0.000000 60.416667
27721 98.889205 1.110795 62.097114
27722 98.776909 1.223091 62.824130
14280 100.000000 0.000000 59.722222
27786 98.858437 1.141563 61.325114
27780 99.103668 0.896332 61.290438
14025 40.372812 27.941401 72.058599
20081 42.210026 28.468927 71.531073
20082 40.469772 29.008725 70.991275
11273 18.117159 -12.829651 87.170349
12384 16.849038 -13.273847 86.726153
14814 18.242330 -13.537116 86.462884
14545 5.970217 -5.970217 59.022719
17397 5.002219 -5.002219 57.826373
2915 6.499846 -6.499846 58.022270
15067 86.078910 -13.921090 25.741918
4806 84.377728 -15.622272 26.428106
19702 84.750438 -15.249562 25.540278
15388 18.014962 -18.014962 29.755997
4830 17.168507 -17.168507 29.065533
15289 17.955712 -17.955712 28.900789
7531 63.107299 -36.892701 57.020186
7529 62.970438 -37.029562 57.487957
7530 62.683863 -37.316137 57.335326
13395 84.173622 -15.826378 38.264950
4526 84.921567 -15.078433 38.072323
17453 84.283048 -15.716952 38.681212
11418 37.578120 -11.624940 88.375060
19138 39.005507 -13.090236 86.909764
19139 39.958968 -11.707245 88.292755
18343 41.109573 -31.672823 68.327177
682 39.839860 -31.682215 68.317785
9442 41.079571 -32.358618 67.641382
11360 90.886426 9.113574 20.981142
11359 91.527521 8.472479 20.341530
3526 90.883287 9.116713 20.493831
16332 23.751416 -23.751416 36.647803
16722 23.451675 -23.451675 37.067015
781 22.917931 -22.917931 36.462983
19035 78.321678 -21.678322 78.321678
16291 85.568592 -14.431408 72.318977
4562 78.671329 -21.328671 78.671329
19492 28.230700 28.230700 42.585551
15693 27.671344 27.671344 43.722744
2584 28.817273 28.817273 43.795473
16937 6.724082 -3.550774 96.449226
16752 6.708643 -3.367145 96.632855
16857 6.329171 -3.692791 96.307209
27496 6.353849 -3.529721 96.470279
12837 6.019102 -3.491532 96.508468
16749 5.827380 -3.216149 96.783851
12836 5.822545 -3.336066 96.663934
27509 6.016490 -3.317941 96.682059
11516 25.592547 -25.592547 39.863404
12847 26.028394 -26.028394 40.077478
12846 25.647551 -25.647551 40.239547
20672 16.035200 -16.035200 16.515347
11810 16.298326 -16.298326 17.232777
9085 15.386334 -15.386334 16.372472
14631 82.521635 2.825749 97.174251
3793 81.748712 2.619702 97.380298
10992 82.884889 2.460887 97.539113
11612 65.586813 27.102480 72.897520
16118 67.230044 26.993160 73.006840
7257 66.813892 27.938115 72.061885
13487 19.121298 7.709923 7.709923
13486 17.890972 7.990408 7.990408
633 19.378945 8.467028 8.467028
226 60.377858 -39.622142 55.585671
10360 59.870130 -40.129870 56.102388
10426 59.606004 -40.393996 55.692963
9748 60.073182 -39.926818 55.090278
9880 5.328485 -5.328485 37.924408
17935 4.920187 -4.920187 38.429555
1846 4.765098 -4.765098 37.754788
20907 81.091929 18.908071 29.334930
20540 81.126242 18.873758 29.479388
20538 81.424671 18.575329 29.165341
2437 81.200393 18.799607 31.221447
10475 81.462753 18.537247 30.734916
8256 80.699516 19.300484 31.133859
19879 75.963427 16.446069 83.553931
5083 76.834234 17.894453 82.105547
19130 74.797777 17.079234 82.920766
6677 63.809759 -28.732594 71.267406
6810 64.844039 -29.674768 70.325232
1346 65.633483 -29.211465 70.788535
11057 4.475271 -0.674671 99.325329
11056 5.213599 -0.857798 99.142202
2682 5.313657 -0.730061 99.269939
6033 24.166325 -17.989691 17.989691
814 24.088317 -18.194557 18.194557
13155 23.607494 -17.947393 17.947393
13183 48.873944 -19.179792 19.179792
13182 49.027687 -19.935523 19.935523
862 48.197737 -19.634136 19.634136
27497 6.099863 -3.406330 96.593670
1453 25.464260 -8.553125 8.553125
7010 70.543274 -29.456726 55.877980
1593 70.079482 -29.920518 56.472396
7011 69.956376 -30.043624 56.149086
8310 59.667717 15.657521 84.342479
7675 57.515151 16.295438 83.704562
15784 57.077264 14.380073 85.619927
14829 40.320128 29.655478 29.655478
14827 41.398015 29.532697 29.532697
14828 40.579354 28.705923 28.705923
19692 2.653682 -2.653682 17.536916
11929 1.311449 -1.311449 16.826060
4124 2.320690 -2.320690 16.375748
16846 13.252060 13.252060 24.690518
16847 12.084028 12.084028 23.891270
9292 11.995991 11.995991 25.074089
17457 45.266829 -37.023885 37.023885
17389 44.430791 -36.710571 36.710571
17456 45.130752 -36.056948 36.056948
17422 14.570262 -14.570262 59.745537
1815 13.468899 -13.468899 61.775387
11424 1.238288 -1.238288 56.786884
8668 0.000000 0.000000 58.064516
20751 0.000000 0.000000 56.989247
16341 1.970260 -1.970260 6.353919
8534 2.993133 -2.993133 7.010514
3114 95.593735 4.406265 23.373928
15202 95.617535 4.382465 23.932494
10137 96.237329 3.762671 23.268008
9467 95.023289 4.976711 23.957453
17126 4.433693 -4.433693 28.446454
13157 4.491855 -4.491855 27.806400
4471 5.046228 -5.046228 28.528318
3933 30.660902 -30.660902 50.288000
11391 30.324434 -30.324434 49.899615
19760 30.908912 -30.908912 49.869260
12434 77.404904 -22.595096 50.367515
12432 76.893073 -23.106927 50.704248
12433 77.097555 -22.902445 50.313939
17048 68.295868 3.141386 96.858614
12726 67.938461 2.826591 97.173409
12101 80.812486 -11.856362 11.856362
4172 80.021079 -11.895389 11.895389
17006 80.849057 -11.366595 11.366595
5430 42.166019 -42.166019 54.403984
14567 38.947630 22.583792 22.583792
337 39.876500 23.138957 23.138957
8437 39.847727 22.315460 22.315460
6241 52.447552 -47.552448 52.447552
11171 53.629166 -46.370834 51.940864
10972 53.529421 -46.470579 52.532284
2289 33.333333 -33.333333 33.333333
14934 34.210526 -34.210526 34.210526
8755 32.466017 -32.466017 33.984808
8459 8.991764 -1.529898 98.470102
800 7.843161 -7.843161 23.314978
7911 7.264860 -7.264860 23.543866
12616 7.021888 -7.021888 22.711919
6172 9.957840 9.957840 85.248146
20425 11.536478 11.536478 85.452360
6171 12.226401 12.226401 84.855175
18841 97.831893 -2.168107 96.042013
18842 97.263079 -2.736921 95.377142
5077 100.000000 0.000000 94.444444
18840 100.000000 0.000000 95.138889
17149 11.317764 -1.830334 98.169666
12906 99.188025 0.811975 69.843043
12905 99.615468 0.384532 69.587994
4402 99.620944 0.379056 68.674000
12904 100.000000 0.000000 68.750000
805 78.704779 -21.295221 47.364619
19507 78.989288 -21.010712 46.919436
19340 79.191326 -20.808674 47.109130
15082 6.305385 -6.305385 11.857217
15081 6.573642 -6.573642 11.154552
4807 6.952574 -6.952574 11.898399
2968 42.708581 -17.410167 17.410167
18269 43.693389 -17.199821 17.199821
18270 43.759377 -17.849410 17.849410
1962 79.032258 20.967742 79.032258
19222 79.838710 20.161290 79.838710
7557 81.505913 18.494087 77.071013
16836 43.686423 -34.736193 65.263807
4004 44.215766 -34.968875 65.031125
19110 44.442805 -34.769173 65.230827
8611 37.080452 -16.032001 16.032001
7581 92.723486 7.276514 22.394144
6008 92.201698 7.798302 22.368317
799 91.947956 8.052044 23.097299
9817 85.379032 -14.620968 66.159372
9816 81.464109 -18.535891 69.717190
3279 84.068856 -15.931144 66.397478
15866 58.914576 15.025863 15.025863
18621 57.711381 14.733949 14.733949
4893 57.823630 15.575950 15.575950
5567 62.937865 -37.062135 42.901121
5568 62.189577 -37.810423 43.687960
5566 61.714686 -38.285314 43.325436
1952 23.707500 -3.378296 96.621704
7538 24.016220 -2.754839 97.245161
14656 22.907710 -3.077933 96.922067
5696 28.360824 -15.687752 15.687752
560 28.949463 -15.706263 15.706263
14234 28.696074 -15.966452 15.966452
14214 54.226426 44.130951 55.869049
3499 54.838710 45.161290 54.838710
10300 52.312537 44.767931 55.232069
3031 1.007950 -1.007950 28.382152
9304 1.469186 -1.469186 29.016429
18778 1.044639 -1.044639 29.102758
1722 87.000656 -12.999344 50.683598
12218 86.885863 -13.114137 51.770392
16062 58.261180 26.901795 26.901795
4907 59.391782 27.451370 27.451370
19364 27.327583 -8.423430 91.576570
19363 26.260337 -7.778058 92.221942
328 25.901870 -8.704788 91.295212
9417 36.864476 36.864476 43.403430
9415 37.229347 37.229347 42.021327
9416 35.663020 35.663020 42.487576
5972 34.548620 -34.548620 62.854088
774 34.412681 -34.412681 63.021305
5973 34.326894 -34.326894 62.924500
13108 68.732142 -31.267858 57.922444
15494 69.139857 -30.860143 57.745504
15493 68.821290 -31.178710 58.141656
2935 75.436898 -13.384059 13.384059
9134 75.767072 -13.581522 13.581522
9136 74.795737 -13.752210 13.752210
635 87.651247 -12.348753 15.321641
13896 86.605913 -13.394087 16.268374
13895 86.105072 -13.894928 16.114848
2685 75.615353 -24.384647 63.857736
8685 76.109336 -23.890664 63.669978
8684 75.566101 -24.433899 64.261369
6886 85.776973 14.223027 32.934199
6888 85.180804 14.819196 33.037386
1507 85.161461 14.838539 33.667488
2709 13.089924 -13.089924 38.249463
9669 12.243406 -12.243406 38.406558
9668 12.306627 -12.306627 37.463907
6470 72.092515 -27.907485 70.962150
6353 71.328671 -28.671329 71.328671
6471 71.861918 -28.138082 70.387559
187 36.417292 6.802381 93.197619
15054 36.481539 2.778609 97.221391
18576 38.499738 3.097276 96.902724
1805 16.764313 -14.260552 85.739448
28 31.578947 -31.578947 31.578947
11533 30.776341 -30.776341 32.121791
18656 29.938405 -29.938405 31.161746
4796 61.265194 -38.734806 41.301289
15540 59.968321 -40.031679 42.130221
15542 60.343587 -39.656413 41.354913
18779 85.561458 14.438542 29.415881
1751 86.053147 13.946853 29.210955
15896 85.907274 14.092726 28.958221
13224 39.157811 -39.157811 43.891200
4486 39.505203 -39.505203 44.188370
19745 39.075853 -39.075853 44.266264
6791 98.923316 1.076684 66.869456
11478 98.207448 1.792552 67.952403
11479 98.594367 1.405633 68.124053
11115 0.664545 -0.664545 27.449763
11116 1.117938 -1.117938 27.286445
9305 1.319007 -1.319007 28.200386
15858 42.965967 -42.965967 46.977901
12249 41.748667 -41.748667 46.379657
1785 42.579199 -42.579199 46.103844
1515 76.473108 10.417689 89.582311
14037 75.977151 9.646278 90.353722
20360 77.181204 10.008613 89.991387
3164 47.766566 -41.215903 41.215903
18320 47.327050 -42.157661 42.157661
18319 46.865189 -41.516526 41.516526
11901 53.953676 -34.873807 65.126193
11902 53.095058 -34.613559 65.386441
4115 53.541384 -35.034173 64.965827
11252 82.029573 17.970427 31.328703
11253 81.357654 18.642346 31.548911
3885 81.588705 18.411295 31.913162
19583 57.591289 -37.156023 62.843977
13845 58.615513 -37.632441 62.367559
9238 58.677223 -37.097349 62.902651
18055 79.693431 4.791182 95.208818
17156 79.121752 4.842153 95.157847
12126 79.299072 4.581523 95.418477
15210 78.239172 -21.760828 35.253230
18021 77.032267 -22.967733 35.831396
3396 77.558493 -22.441507 34.953231
6084 9.669219 -1.038410 98.961590
858 9.260935 -1.053479 98.946521
6085 9.604177 -1.151664 98.848336
13914 64.740459 -33.873474 66.126526
13915 65.734266 -34.265734 65.734266
13806 65.401848 -33.620278 66.379722
9451 83.723071 -16.276929 33.070195
18221 39.679055 17.497650 17.497650
17163 40.309340 18.258091 18.258091
9948 76.372541 3.318166 96.681834
5716 76.441882 3.139496 96.860504
9947 76.804918 3.269231 96.730769
17065 83.905366 16.094634 16.729847
15064 85.034373 14.965627 16.231410
3914 84.790319 15.209681 15.812955
18742 88.415353 8.881285 91.118715
20579 88.756587 8.338080 91.661920
27593 89.132169 8.369930 91.630070
17465 25.924651 -16.250956 16.250956
8264 26.469405 -16.467537 16.467537
17464 26.121012 -16.608567 16.608567
2766 12.200696 -3.473844 96.526156
16702 11.851248 -3.193194 96.806806
19227 11.315715 -3.429571 96.570429
4593 51.435339 -35.831708 35.831708
13720 52.443349 -35.023279 35.023279
13719 52.611786 -36.087486 36.087486
5513 37.051206 23.132499 23.132499
5515 37.047143 22.229996 22.229996
396 36.019113 22.443117 22.443117
3069 35.512001 10.513464 10.513464
10828 37.016203 10.246820 10.246820
9377 35.872668 9.574097 9.574097
227 61.364503 -38.635497 55.270143
5336 61.029612 -38.970388 55.357797
5338 61.427608 -38.572392 54.981702
12552 42.909766 14.300766 14.300766
1681 44.304839 14.915465 14.915465
7139 43.983805 13.900050 13.900050
6159 82.477725 -17.522275 36.650249
13347 82.487869 -17.512131 37.142290
13373 88.138576 11.861424 26.190253
18648 79.541211 -20.458789 32.064468
18649 80.784033 -19.215967 31.560021
4645 79.953990 -20.046010 32.372487
9135 75.028396 -14.283043 14.283043
2934 73.340222 -14.571772 14.571772
235 75.246552 24.753448 41.073908
7088 73.249028 26.750972 42.200264
14427 74.200700 25.799300 42.872811
5347 75.781095 24.218905 42.072098
10813 47.638901 -34.368772 34.368772
9052 95.500213 4.499787 21.026299
9051 94.961382 5.038618 21.575939
217 95.457550 4.542450 21.519517
2210 81.296240 18.703760 23.095885
7905 81.807016 18.192984 23.375961
7904 82.342806 17.657194 22.407024
19957 73.491597 -26.508403 51.704582
18910 73.890443 -26.109557 51.188394
20280 74.134254 -25.865746 51.394740
10665 80.495968 19.504032 40.926587
10666 79.930361 20.069639 41.753705
3667 80.881387 19.118613 41.326981
2158 43.383048 -43.383048 52.895275
7841 43.429473 -43.429473 53.416937
10634 42.514630 -42.514630 53.171818
18308 51.695068 14.674380 14.674380
8489 51.475888 13.963923 13.963923
2575 50.415516 14.524399 14.524399
4002 85.713914 14.286086 40.191584
20800 86.145216 13.854784 40.063433
20331 69.502427 -30.497573 42.459203
18611 69.032895 -30.967105 42.970800
915 68.342980 -31.657020 42.817991
12360 82.463085 -17.536915 47.206746
12359 83.037061 -16.962939 46.663284
1175 83.041034 -16.958966 46.997181
7746 89.086160 -4.927656 4.927656
10778 86.940009 -5.554637 5.554637
10777 88.016896 -4.644731 4.644731
5913 73.541852 -26.458148 55.727499
20015 74.223211 -25.776789 55.376002
733 73.597771 -26.402229 56.185740
4288 77.036843 -12.457262 12.457262
13261 77.782713 -12.631075 12.631075
13263 76.806213 -13.129691 13.129691
16580 48.284166 46.901185 46.901185
2688 50.017676 47.054900 47.054900
17707 48.518650 45.643027 45.643027
17767 38.622377 -36.732968 63.267032
17650 40.258536 -40.258536 53.779194
17651 40.020793 -40.020793 54.450904
4085 39.252477 -39.252477 54.109517
19776 72.413381 -27.586619 47.538074
13774 72.245483 -27.754517 47.029985
4602 73.044093 -26.955907 46.844804
5645 30.372459 30.372459 60.758381
5643 29.551515 29.551515 62.044051
5644 31.586057 31.586057 62.670335
10668 80.567509 17.093405 17.093405
1791 82.077926 16.698684 16.698684
11305 81.324927 16.015391 16.015391
5142 78.911100 -21.088900 42.222935
46 79.735012 -20.264988 41.560809
5143 79.736106 -20.263894 42.140267
18941 43.005397 -16.790384 16.790384
2228 17.266724 -5.423359 94.576641
7935 15.665142 -5.711848 94.288152
7934 16.834218 -6.218229 93.781771
13980 90.044863 -8.231483 91.768517
3121 90.559441 -9.440559 90.559441
27724 90.909091 -9.090909 90.909091
10439 76.891729 23.108271 25.963219
3553 77.403177 22.596823 25.333508
20663 76.761787 23.238213 25.661448
14448 42.384970 29.409901 29.409901
14449 42.646454 28.595225 28.595225
4707 41.642662 28.658587 28.658587
1942 97.648480 -2.351520 28.772028
17888 95.863046 -4.136954 29.497028
2490 20.213266 -16.382319 16.382319
8332 18.943050 -15.525472 15.525472
8334 20.038085 -15.716440 15.716440
13195 27.591306 -27.591306 42.913205
13197 27.185768 -27.185768 43.284953
4478 27.050501 -27.050501 42.848196
18086 48.641328 -22.738645 77.261355
11013 49.032666 -23.737362 76.262638
8537 50.221375 -23.428310 76.571690
11137 6.336578 -6.336578 83.066169
3784 5.439149 -5.439149 81.257131
11872 42.509634 23.070879 23.070879
2550 41.622756 22.561278 22.561278
12427 41.653229 23.370593 23.370593
9193 92.811806 -7.188194 22.354771
8052 93.613603 -6.386397 22.261370
2310 92.801278 -7.198722 22.747863
807 24.012655 -24.012655 35.575348
20013 23.160963 -23.160963 35.367440
10387 23.487428 -23.487428 34.937014
3527 92.131789 7.868211 19.260258
12047 92.781521 7.218479 19.068974
10535 92.748786 7.251214 18.600005
18588 95.749679 4.250321 73.089184
18268 95.267495 4.732505 72.111254
5003 94.087845 5.912155 74.896692
3266 32.103535 -14.269871 14.269871
9793 32.668306 -14.822749 14.822749
9792 31.744706 -14.689027 14.689027
20217 79.986619 -20.013381 61.840950
4444 81.378771 -18.621229 60.058707
11690 70.924091 -29.075909 65.384138
18273 71.207841 -28.792159 65.277099
18274 70.933754 -29.066246 65.689868
8729 93.809534 6.190466 25.472060
9730 93.838371 6.161629 25.933269
2714 94.254933 5.745067 25.450981
7803 4.453883 -4.453883 34.063630
15151 91.634774 0.820228 0.820228
18304 91.176471 0.000000 0.000000
16350 88.384993 0.593301 0.593301
14346 45.568194 -31.093727 31.093727
4090 45.652493 -32.198645 32.198645
14347 44.637519 -31.640939 31.640939
19945 95.338948 -4.661052 22.755745
17821 94.463274 -5.536726 22.880480
5866 95.327367 -4.672633 22.352446
15083 46.647140 -32.742116 32.742116
19426 46.583604 -31.642747 31.642747
19080 47.585603 -32.186160 32.186160
7171 90.194613 9.805387 11.986993
1706 88.802018 11.197982 12.301848
7169 89.123565 10.876435 13.083622
13594 5.165429 5.165429 34.029670
11850 5.797775 5.797775 35.977526
4954 5.504097 -3.088513 96.911487
16458 5.387868 -2.930325 97.069675
16460 5.169653 -2.984532 97.015468
7561 13.540640 -11.047648 88.952352
7637 14.042405 -11.649875 88.350125
7519 14.508464 -10.827942 89.172058
9017 44.540569 -30.529940 30.529940
8939 16.209424 -16.209424 49.567867
8940 15.908848 -15.908848 50.246283
8941 15.431585 -15.431585 49.620897
18560 36.846560 36.846560 49.748339
8420 37.793676 37.793676 48.509485
2540 36.270499 36.270499 47.893108
8278 91.884167 -8.115833 15.855957
18760 92.168002 -7.831998 15.515263
2450 92.412560 -7.587440 15.571497
443 62.651066 -37.348934 42.351626
11998 61.740677 -38.259323 42.363076
7097 62.501297 -37.498703 41.902996
14782 59.153181 2.465478 97.534522
4762 60.484413 3.170531 96.829469
14783 59.248698 3.135784 96.864216
11045 11.158554 -1.026395 98.973605
11044 11.871480 -0.943544 99.056456
3816 11.001067 -0.811577 99.188423
6253 21.922300 20.573147 20.573147
15647 23.538052 21.024389 21.024389
1001 22.745354 19.803405 19.803405
7032 39.132328 -39.132328 59.323070
7031 38.633814 -38.633814 59.448308
1604 38.931874 -38.931874 59.036613
10899 36.900995 -36.900995 62.134523
985 36.431018 -36.431018 62.294289
6901 36.696762 -36.696762 61.843439
14441 93.109302 -6.890698 10.031607
10432 92.158350 -7.841650 10.491670
9623 93.110937 -6.889063 9.576223
3695 26.095373 -4.094743 95.905257
14703 24.305664 -4.466477 95.533523
14704 24.965973 -5.039262 94.960738
5017 15.313646 -15.313646 58.554562
19021 16.186629 -16.186629 59.507659
8596 21.153846 -21.153846 78.846154
12788 22.664008 -21.568889 78.431111
2241 20.673077 -20.673077 79.326923
11846 72.536326 -27.463674 53.964269
767 72.329970 -27.670030 54.297311
14876 72.105838 -27.894162 54.196955
8550 39.492369 -36.191009 63.808991
8549 38.935885 -35.906657 64.093343
1003 38.977071 -36.183961 63.816039
10440 77.169563 22.830437 26.501886
18804 77.843676 22.156324 26.526476
3562 77.713375 22.286625 26.208663
13519 76.041954 23.958046 69.617312
13520 78.084001 21.915999 68.597346
5527 77.520723 22.479277 67.431892
7195 39.082655 -39.082655 43.249361
1728 39.288196 -39.288196 43.063588
7193 39.529927 -39.529927 43.341985
7601 31.393259 -31.393259 46.798348
1991 31.886837 -31.886837 46.967393
7599 31.487804 -31.487804 47.170310
122 79.466143 -15.531417 15.531417
10577 77.680368 -16.336983 16.336983
13737 78.083647 -15.365830 15.365830
427 47.693230 31.698040 31.698040
5689 47.527402 30.545948 30.545948
13280 46.527084 31.101153 31.101153
6952 36.966638 -27.369948 72.630052
259 37.456245 -27.746203 72.253797
10782 37.868873 -27.485141 72.514859
6152 38.903616 26.878733 26.878733
6154 38.082777 26.006225 26.006225
918 37.700093 26.859150 26.859150
16354 88.922789 3.405081 96.594919
16543 88.310913 3.710448 96.289552
10125 60.885274 -39.114726 56.565063
225 61.236497 -38.763503 56.007020
9093 61.458827 -38.541173 56.392840
14305 37.991773 -33.899073 33.899073
14304 37.117575 -33.337596 33.337596
3910 37.702103 -32.960068 32.960068
14284 25.778422 -16.734092 16.734092
4682 25.388797 -16.320638 16.320638
8288 32.703864 -32.703864 63.312381
1764 32.386663 -32.386663 63.397428
8289 32.515321 -32.515321 63.087262
7852 31.565113 14.828304 14.828304
20823 30.779417 15.003929 15.003929
2166 31.400580 15.798195 15.798195
3151 54.195804 -45.804196 54.195804
9738 31.679193 -31.679193 65.063248
13856 31.682205 -31.682205 64.755681
10729 28.274061 -28.274061 52.115024
7039 27.280678 -27.280678 51.413443
7743 57.615724 -39.303637 60.696363
18805 56.974202 -39.201536 60.798464
113 57.216961 -39.508471 60.491529
2484 15.331768 -0.877847 99.122153
10969 14.625968 -1.133012 98.866988
20058 15.547955 -1.182338 98.817662
196 58.047844 -38.997936 61.002064
14299 57.216377 -38.961630 61.038370
19649 63.354252 -34.889031 65.110969
4240 64.685315 -35.314685 64.685315
18508 63.788595 -34.548580 65.451420
5304 58.413425 -39.478398 60.521602
3731 66.738175 23.498087 23.498087
17934 66.938557 22.913242 22.913242
12900 66.142797 23.280509 23.280509
15948 16.412188 -16.412188 40.839005
16481 15.861080 -15.861080 40.267372
4898 16.446091 -16.446091 40.320128
7851 32.910132 14.530823 14.530823
2167 34.239503 14.931473 14.931473
10580 33.627140 14.048258 14.048258
8743 7.649638 -1.266185 98.733815
2723 7.480791 -1.201208 98.798792
19193 7.403885 -1.250560 98.749440
11698 61.117480 38.882520 51.422407
20460 60.040107 39.959893 51.684276
20458 59.652711 40.347289 52.559023
11152 52.633665 -31.357673 68.642327
3851 51.992980 -30.883627 69.116373
20151 51.785546 -31.227417 68.772583
3737 38.480875 9.928183 9.928183
15295 40.166428 9.523838 9.523838
13732 38.401025 8.739359 8.739359
13204 46.348642 -14.443548 14.443548
19003 45.991829 -15.080470 15.080470
19002 45.196442 -14.605363 14.605363
19574 67.409590 23.693546 76.306454
14314 67.283421 24.923778 75.076222
1071 64.776981 23.850657 76.149343
8717 13.860865 -13.860865 39.071920
2303 14.779211 -14.779211 40.117453
14626 13.574907 -13.574907 39.921934
8976 67.377573 -32.622427 52.968034
2849 68.041410 -31.958590 52.655563
8974 67.573890 -32.426110 53.205322
8815 83.767191 16.232809 32.925745
2767 84.018054 15.981946 33.325257
15157 21.492345 -21.492345 22.070581
14646 22.177375 -22.177375 23.158494
16418 20.862851 -20.862851 22.182241
7956 22.958299 -21.179976 78.820024
6903 36.463682 -36.463682 61.536558
12787 36.776395 -36.776395 61.078928
1516 37.043271 -37.043271 61.358057
4185 51.721808 -34.920449 65.079551
16212 51.093861 -34.316558 65.683442
19581 50.546258 -34.579145 65.420855
19942 72.363678 -27.636322 38.468269
3633 73.702003 -26.297997 37.777666
20577 75.971305 -17.388135 82.611865
1233 34.730853 -34.730853 61.589252
16391 35.285893 -35.285893 61.213281
6533 35.275953 -35.275953 61.665921
7774 24.580977 -12.485123 87.514877
7773 23.354202 -12.177607 87.822393
1969 23.485697 -12.806630 87.193370
2106 34.190337 -14.635944 14.635944
7771 33.841151 -14.082896 14.082896
7770 34.734753 -14.337726 14.337726
4519 87.701040 12.298960 25.989083
17185 88.429438 11.570562 25.516922
6168 48.383956 -43.401913 56.598087
9920 48.960163 -43.420518 56.579482
930 48.543093 -43.240980 56.759020
12110 27.820411 -27.820411 42.416833
12111 27.872906 -27.872906 41.853628
12112 28.543448 -28.543448 42.262430
19644 79.803505 -20.196495 44.678469
2023 81.752062 -18.247938 43.670687
8240 100.000000 0.000000 39.583333
27810 98.726711 -1.273289 40.648272
27815 98.643391 -1.356609 40.338534
17873 71.069630 -16.835213 16.835213
5605 71.815927 -17.144061 17.144061
20640 71.035955 -17.308362 17.308362
4924 18.300748 -18.300748 39.916008
19860 18.772860 -18.772860 40.754672
8095 62.233310 32.195539 32.195539
11256 63.166973 32.800525 32.800525
2338 63.281431 31.721427 31.721427
423 77.322555 -22.677445 57.960057
5977 77.301568 -22.698432 58.548782
5544 76.540554 -23.459446 58.842790
11229 31.050270 -26.305825 73.694175
11230 30.764183 -26.323997 73.676003
11231 31.032991 -26.484877 73.515123
3174 89.039210 -10.960790 30.828894
15973 88.794448 -11.205552 31.417299
14039 87.979413 -12.020587 31.544332
18367 75.663837 -24.336163 43.267181
9321 74.910301 -25.089699 43.924862
2679 74.847157 -25.152843 43.459802
8542 53.686085 -34.444598 65.555402
7392 23.181669 -23.181669 75.887371
7628 23.208940 -23.208940 74.916504
11682 23.691953 -23.691953 75.148961
19144 73.797992 -26.202008 41.743424
1426 74.707237 -25.292763 40.827337
19017 74.818551 -25.181449 41.575341
16447 82.027360 -17.972640 22.847457
3614 79.949978 -20.050022 23.323543
16445 81.024348 -18.975652 22.388023
16997 80.113504 8.178165 91.821835
4361 78.551050 8.170539 91.829461
20776 79.261028 7.734113 92.265887
9576 83.295173 -16.704827 49.290726
8000 83.760721 -16.239279 49.497248
1292 82.222246 -17.777754 50.411803
1002 40.047412 -36.815289 63.184711
6256 39.494053 -36.772356 63.227644
7311 40.046342 -37.156751 62.843249
5037 72.829437 -27.170563 31.923733
19422 71.760515 -28.239485 32.645720
20158 72.159822 -27.840178 31.656808
6542 0.870571 -0.870571 25.685668
9362 1.199968 -1.199968 26.616847
864 0.000000 0.000000 25.806452
5311 15.924951 -15.924951 30.980460
8030 16.524450 -16.524450 31.373330
8029 16.064011 -16.064011 31.548465
1972 91.964120 8.035880 18.615362
7575 92.117250 7.882750 18.211098
18327 91.570797 8.429203 18.671973
3655 96.696245 -3.303755 23.480911
10642 96.898893 -3.101107 23.840188
10641 95.843240 -4.156760 24.079674
35 35.366509 -27.186321 27.186321
13680 35.000210 -26.269995 26.269995
13679 36.110000 -26.957321 26.957321
19020 15.699985 -15.699985 60.980441
4173 70.379383 -23.478189 76.521811
15205 20.192308 -20.192308 79.807692
15206 20.532532 -20.532532 78.327716
6923 24.351876 -24.351876 51.194874
1532 25.751026 -25.751026 51.670386
8621 24.337869 -24.337869 52.376090
6205 35.576923 -35.576923 64.423077
5159 35.111416 -35.111416 64.551030
9556 35.420694 -35.420694 64.192286
16779 81.862092 6.955474 93.044526
20480 81.303070 6.693422 93.306578
16994 81.618792 6.404611 93.595389
6543 0.000000 0.000000 24.731183
6149 66.700220 -33.299780 43.457270
6151 67.491569 -32.508431 42.484216
152 52.251661 31.070593 31.070593
19894 53.094938 30.225530 30.225530
19910 51.843414 29.931824 29.931824
2195 12.280702 -12.280702 12.280702
17761 11.712382 -11.712382 12.527649
11921 11.403509 -11.403509 11.403509
5214 56.658167 -39.382820 60.617180
5213 56.850812 -39.685794 60.314206
14337 22.981897 -14.994501 85.005499
16092 58.665040 -33.646114 33.646114
16093 59.625590 -32.849702 32.849702
16094 59.639581 -33.994864 33.994864
19134 10.896945 -10.896945 58.724804
14952 9.131663 -9.131663 57.998126
19914 10.631220 -10.631220 56.990597
15029 26.866344 26.866344 38.847177
2625 27.955375 27.955375 40.683568
17955 28.692458 28.692458 39.026001
2089 84.026064 -15.973936 44.639132
7749 84.368338 -15.631662 43.792729
7748 85.486672 -14.513328 43.672733
2026 10.956454 -8.544627 91.455373
8912 11.067286 -8.766409 91.233591
17319 26.495613 23.548178 23.548178
3389 26.878182 22.963736 22.963736
20710 26.120022 22.991196 22.991196
17611 59.821599 -35.117731 64.882269
10205 60.208807 -35.696008 64.303992
17727 61.117581 -35.545354 64.454646
5086 45.673206 -18.640613 81.359387
19555 46.902875 -19.525687 80.474313
20290 47.181095 -18.681285 81.318715
11770 31.256544 -30.377745 69.622255
11769 30.683901 -29.900258 70.099742
198 30.288462 -30.288462 69.711538
10293 20.537970 -20.537970 41.789346
3494 21.736708 -21.736708 41.701648
4869 86.016598 4.955583 95.044417
19237 85.815693 5.203647 94.796353
21 18.695123 -18.695123 36.478643
5897 17.975656 -17.975656 36.073964
5896 18.489110 -18.489110 35.689672
13425 19.296965 -19.296965 36.152843
18354 43.965269 -18.661338 18.661338
2969 42.705832 -19.277548 19.277548
9199 42.789553 -18.228613 18.228613
8697 73.101002 2.596660 97.403340
13894 73.841648 2.661991 97.338009
2697 73.589541 2.807419 97.192581
6881 90.420522 9.579478 44.085759
1424 90.424381 9.575619 43.449761
13961 15.735064 -15.735064 38.144168
11655 16.127273 -16.127273 37.885890
4033 16.132600 -16.132600 38.239758
19073 83.841518 7.292499 7.292499
17407 82.404587 7.872620 7.872620
4438 83.737108 8.293491 8.293491
19817 75.758505 -11.078903 11.078903
13104 75.827528 -11.517794 11.517794
1075 75.131872 -11.502675 11.502675
9150 72.714447 -27.285553 66.304253
1985 72.605825 -27.394175 65.996297
7591 73.207620 -26.792380 65.518805
801 9.089993 -9.089993 24.408206
19728 9.727210 -9.727210 24.669761
19694 9.301102 -9.301102 24.998363
818 7.277973 -0.511162 99.488838
7857 7.459577 -0.645220 99.354780
6038 8.073089 -0.603874 99.396126
1509 0.263804 -0.263804 47.713536
6889 0.388413 -0.388413 47.841696
6891 0.184059 -0.184059 48.323612
13779 85.406364 14.593636 35.822383
14584 86.050127 13.949873 35.751706
18650 85.964948 14.035052 35.249077
16236 38.929485 -38.929485 42.926159
16237 38.654299 -38.654299 43.084576
1497 38.581760 -38.581760 42.797484
8884 48.022120 -5.778022 5.778022
1374 46.143931 -6.487907 6.487907
8885 45.618575 -5.369803 5.369803
17959 61.586770 -34.653878 34.653878
19779 60.613249 -34.335922 34.335922
9961 61.591112 -33.483965 33.483965
15251 62.177935 36.056484 36.056484
4639 63.461538 36.538462 36.538462
15252 63.251179 35.189836 35.189836
17923 48.882852 -43.812131 56.187869
12857 37.686361 -37.686361 57.459741
12858 37.922275 -37.922275 57.797432
12856 37.432126 -37.432126 57.883049
19815 16.599901 -16.599901 58.022228
8589 17.880793 -17.880793 59.267961
8373 21.311139 -21.311139 32.904367
13018 20.733998 -20.733998 32.574411
15121 21.190658 -21.190658 32.268623
6526 71.057253 -28.942747 63.929189
10345 70.454408 -29.545592 64.051913
1225 71.129190 -28.870810 63.269014
17292 60.616539 7.691750 92.308250
19313 59.250354 6.123249 93.876751
15090 61.601831 6.844894 93.155106
704 24.729895 -24.729895 37.881789
13724 24.582175 -24.582175 37.384926
13725 25.094947 -25.094947 37.612860
13722 24.207101 -24.207101 37.611102
11545 5.749419 2.700469 2.700469
15934 7.048125 2.168716 2.168716
1611 4.915775 1.757696 1.757696
6196 22.753462 22.753462 72.334308
955 22.364124 22.364124 73.312179
17939 23.974639 23.974639 73.661252
149 29.051279 29.051279 35.556616
5248 30.182304 30.182304 36.360137
5250 30.301168 30.301168 35.113750
3259 55.481788 11.908580 11.908580
9779 54.582087 11.399038 11.399038
16483 54.488664 12.148367 12.148367
8187 77.478648 -19.718442 19.718442
11182 77.074524 -20.644737 20.644737
2397 76.264791 -20.413163 20.413163
14862 1.127130 -1.127130 46.166190
9772 0.927391 -0.927391 45.527777
7550 49.833896 -29.896657 70.103343
9272 49.111806 -29.508517 70.491483
769 49.226058 -29.869943 70.130057
8640 25.449773 -25.449773 41.955709
20222 25.061951 -25.061951 41.536324
20208 25.630011 -25.630011 41.502348
12130 51.161556 -27.628359 27.628359
965 51.342110 -28.641593 28.641593
6209 50.286455 -28.279889 28.279889
12151 26.286419 -1.208863 98.791137
9679 27.529158 -0.960100 99.039900
2364 84.223229 -15.776771 33.550575
19578 82.665168 -17.334832 33.912829
13406 17.352088 -17.352088 77.108423
3342 18.421802 -18.421802 77.083589
9946 18.366070 -18.366070 78.996394
6695 34.921919 -34.921919 63.360781
6696 34.717389 -34.717389 63.290253
6694 34.939039 -34.939039 63.131694
14329 30.658296 -30.658296 48.293406
18073 31.001125 -31.001125 48.662412
1735 30.433285 -30.433285 48.685845
12580 45.544712 33.511339 33.511339
8793 46.679634 33.302369 33.302369
2754 45.869497 32.639953 32.639953
18884 81.066675 18.933325 40.282513
18889 81.244580 18.755420 40.679269
1867 81.563488 18.436512 40.230432
19711 25.865723 -25.865723 41.095100
16455 26.197948 -26.197948 41.512679
7332 30.092539 -30.092539 62.989827
7331 30.275319 -30.275319 63.254212
1818 29.908965 -29.908965 63.322204
13153 53.582927 -35.402082 64.597918
13152 52.747125 -35.441157 64.558843
4470 53.648274 -35.867013 64.132987
4280 15.315481 -15.315481 68.001888
13863 15.640531 -15.640531 66.430332
12492 16.599751 -16.599751 67.649441
19937 92.574148 7.425852 26.659143
19936 92.625662 7.374338 27.275016
3237 93.278714 6.721286 26.553540
18331 71.283815 -28.716185 37.865719
14425 71.018274 -28.981726 37.426656
18332 71.983284 -28.016716 37.159010
11895 80.866350 19.133650 53.549123
13070 57.728316 -34.405039 34.405039
16393 57.697996 -33.307716 33.307716
9543 94.022042 5.977958 45.254708
17973 94.419775 5.580225 45.801632
3159 95.690420 4.309580 44.561965
3213 13.803331 -6.697813 6.697813
18535 12.608093 -7.141555 7.141555
13972 11.839809 -6.312179 6.312179
20831 6.856000 -0.474747 99.525253
13607 6.741559 -0.386596 99.613404
17641 80.477408 6.252335 93.747665
20478 80.958999 6.518015 93.481985
20479 80.511707 6.579089 93.420911
18047 75.843394 -24.156606 33.146656
19312 76.714817 -23.285183 33.006733
2221 75.889369 -24.110631 33.694705
9314 25.601250 -24.601110 75.398890
7461 26.232859 -24.741059 75.258941
9313 25.698215 -24.309527 75.690473
3663 71.615183 -28.384817 55.570432
15170 71.900033 -28.099967 55.179861
15430 72.081018 -27.918982 55.315841
15364 55.953735 -26.548263 26.548263
4741 56.914060 -26.916157 26.916157
15365 55.938983 -27.479852 27.479852
4596 55.033286 -33.631339 66.368661
13743 54.372255 -33.498715 66.501285
2441 46.839461 23.948855 23.948855
17370 45.966846 23.451806 23.451806
13200 45.965526 24.267682 24.267682
14727 26.831650 -2.778786 97.221214
14728 25.903514 -3.251371 96.748629
16277 20.748610 -20.748610 31.433844
16278 19.798081 -19.798081 31.318875
11900 19.944517 -19.944517 30.550000
17683 76.245940 -23.754060 33.971132
15223 76.892823 -23.107177 33.830419
1017 76.396336 -23.603664 34.171414
5262 33.677866 -32.648247 67.351753
161 35.309665 -33.285759 66.714241
5260 34.678665 -32.472905 67.527095
4606 38.085480 20.416685 20.416685
13792 38.039894 21.189556 21.189556
15334 38.953894 20.972713 20.972713
1471 57.550852 -36.617195 63.382805
14942 57.446761 -36.076032 63.923968
6839 56.466672 -36.147260 63.852740
7545 6.973351 -3.161161 96.838839
1954 7.099784 -3.345261 96.654739
7546 7.443644 -3.276841 96.723159
11967 84.951701 -10.596217 89.403783
3468 83.652211 -9.326026 90.673974
11968 83.019120 -10.080931 89.919069
8958 45.379647 -27.911302 72.088698
2845 44.800242 -27.397055 72.602945
14012 78.965158 -21.034842 32.736300
19309 78.525308 -21.474692 32.493059
13012 70.186618 -29.813382 53.632300
12897 70.565026 -29.434974 53.677913
20271 70.033687 -29.966313 54.064478
55 40.398684 35.004686 35.004686
5151 40.667559 33.687033 33.687033
14383 39.433583 33.733952 33.733952
7058 36.377121 -36.377121 45.790979
8192 27.062168 -27.062168 34.043229
8191 27.764028 -27.764028 33.831950
14472 44.025601 -35.826366 64.173634
11569 44.511545 -35.584947 64.415053
4005 43.645988 -35.368205 64.631795
12865 98.645650 1.354350 84.734110
12864 97.968704 2.031296 85.067230
3124 98.486374 1.513626 85.593676
17520 0.898696 -0.898696 32.407734
3595 1.013733 -1.013733 33.315747
20167 0.483882 -0.483882 32.839360
6801 15.322160 -15.322160 33.776549
6802 15.976239 -15.976239 34.069148
1444 15.581343 -15.581343 34.410327
19896 78.273243 -10.893695 10.893695
15642 77.460958 -10.979773 10.979773
4870 78.190961 -10.526959 10.526959
18629 99.058721 0.941279 65.373789
7696 98.356283 1.643717 66.231184
1434 98.585252 1.414748 66.671527
7534 20.364361 -7.769581 92.230419
18794 20.787946 -7.373982 92.626018
11610 84.811715 -15.188285 31.412545
27377 83.543779 -16.456221 31.996379
4017 82.274027 -17.725973 32.212713
27378 83.713659 -16.286341 31.481637
17482 23.746703 23.746703 51.548670
18724 25.146070 25.146070 51.087290
4988 23.855659 23.855659 50.297303
19916 71.494746 10.072063 10.072063
18473 71.111427 9.429151 9.429151
15725 70.251096 10.053506 10.053506
11870 67.333120 11.724460 88.275540
18248 66.184688 10.656276 89.343724
6972 68.017138 10.791493 89.208507
160 32.211538 -32.211538 67.788462
5261 33.165479 -32.031849 67.968151
14258 65.063569 -34.936431 54.370033
12372 65.210063 -34.789937 53.977047
2763 65.595564 -34.404436 54.050520
7670 81.585221 -18.414779 51.633198
7999 83.021185 -16.978815 50.578708
13166 82.455956 -17.544044 51.636364
7825 28.040815 -28.040815 70.132937
7824 27.741857 -27.741857 70.647782
2145 27.681607 -27.681607 70.342141
15541 58.732139 -41.267861 42.297127
7569 36.381743 -36.381743 63.059316
8526 35.991455 -35.991455 63.477520
986 35.884816 -35.884816 63.117360
7913 35.550117 -35.550117 45.113042
494 18.953440 18.953440 32.731324
5622 19.103144 19.103144 31.110779
5624 17.384403 17.384403 31.629277
11269 89.209342 -10.790658 14.878189
3892 88.531426 -11.468574 15.443977
11268 88.082843 -11.917157 15.445288
1388 81.835024 18.164976 39.307307
6726 81.413885 18.586115 39.110131
6725 81.155495 18.844505 39.722643
12674 73.732004 3.014392 96.985608
8695 73.192269 2.851724 97.148276
6645 63.718326 -36.281674 37.712954
9469 64.775918 -35.224082 36.700594
1321 64.941974 -35.058026 37.302453
19168 50.961538 -49.038462 49.038462
28062 50.045445 -49.103915 49.103915
3890 50.097434 -48.254393 48.254393
2760 33.064516 33.064516 66.935484
15060 34.498858 32.363170 67.636830
8803 35.167768 33.163890 66.836110
8443 0.745940 0.745940 15.020218
8445 0.000000 0.000000 13.978495
2555 0.000000 0.000000 15.053763
9096 7.103490 -1.464698 98.535302
2910 7.300127 -1.518273 98.481727
9097 7.284619 -1.461349 98.538651
8533 3.233542 -3.233542 8.319497
2605 2.140489 -2.140489 7.635001
3207 8.133486 -8.133486 35.693698
9647 8.828339 -8.828339 35.394366
9649 8.917898 -8.917898 36.420308
19157 87.940523 12.059477 25.391045
7738 88.641584 11.358416 24.898625
1884 31.914894 31.914894 31.914894
19315 30.851064 30.851064 30.851064
7434 30.642721 30.642721 32.336061
12365 6.832916 -6.832916 25.026175
10481 6.364878 -6.364878 24.271560
12366 7.097384 -7.097384 24.592004
4308 4.790038 4.790038 17.982192
17971 4.487881 4.487881 19.429738
19718 5.832356 5.832356 19.295700
341 2.907999 -2.907999 38.023836
5457 3.274978 -3.274978 37.376721
5456 3.575212 -3.575212 38.169844
5047 50.370644 -15.514417 15.514417
17882 51.066281 -15.493904 15.493904
19931 50.542175 -15.958312 15.958312
2207 99.083967 0.916033 77.742097
9228 99.606440 0.393560 76.726330
9227 98.970881 1.029119 76.686076
12326 91.904282 8.095718 13.401264
14807 90.974057 9.025943 14.411157
4235 92.158699 7.841301 13.962150
14701 47.302416 -42.168336 57.831664
14700 46.932472 -41.873522 58.126478
4751 46.901953 -42.129863 57.870137
8389 69.606402 3.513822 96.486178
12889 69.868962 3.819821 96.180179
1127 69.404820 3.668372 96.331628
17843 64.449771 -35.550229 56.285027
1228 64.584240 -35.415760 56.480350
10789 89.875613 -10.124387 30.103170
18046 16.278035 -2.741706 2.741706
14111 92.888745 -7.111255 18.432535
18231 92.791214 -7.208786 18.032198
17240 93.783651 -6.216349 17.783101
3810 59.051805 25.206785 25.206785
15221 58.122622 25.890704 25.890704
15502 63.355139 17.737136 17.737136
15023 63.852389 18.381389 18.381389
15780 64.522315 17.689703 17.689703
4527 50.148365 -12.681323 12.681323
13545 51.155819 -12.582949 12.582949
13978 50.545764 -13.201353 13.201353
7710 43.402198 -43.402198 56.247848
2065 43.750000 -43.750000 56.250000
7708 43.269231 -43.269231 56.730769
13463 85.226900 7.282629 92.717371
2742 84.703337 7.262502 92.737498
8772 84.844650 6.969458 93.030542
13553 77.762434 -20.044886 79.955114
17838 30.535957 -28.772993 71.227007
6848 31.159858 -29.118996 70.881004
1479 31.198535 -28.710520 71.289480
18181 14.662291 14.662291 81.915123
8759 13.746098 13.746098 82.842893
16942 18.279369 -6.075370 93.924630
18477 60.694930 -16.653445 16.653445
18739 61.272664 -15.834695 15.834695
3452 62.225438 -16.327621 16.327621
3162 67.825089 -32.174911 64.640149
9550 68.358775 -31.641225 64.959292
9549 67.569749 -32.430251 65.412493
18714 33.125274 7.702682 7.702682
3833 32.789369 6.240902 6.240902
18715 31.484557 7.379088 7.379088
10094 48.366953 -27.418894 27.418894
886 47.388099 -26.689650 26.689650
18011 48.576680 -26.602035 26.602035
4624 85.520381 -14.479619 17.446288
20250 82.701980 -17.298020 18.536712
13897 84.780187 -15.219813 17.175162
16142 2.423240 2.423240 79.882432
3196 4.570445 4.570445 81.408120
9626 5.504828 5.504828 80.159526
5885 79.480538 -19.156245 19.156245
5886 79.100135 -20.069521 20.069521
5887 78.251065 -19.936638 19.936638
1630 29.888886 -29.888886 46.447343
7069 30.412500 -30.412500 46.548039
7068 30.103291 -30.103291 46.845815
18566 74.007121 -25.992879 45.674706
13386 74.909921 -25.090079 44.990954
3781 74.844647 -25.155353 45.595646
18115 7.207331 -7.207331 8.231812
2073 7.017544 -7.017544 7.017544
18113 7.894737 -7.894737 7.894737
9002 74.424295 -25.575705 65.377722
2738 74.818957 -25.181043 64.953701
8766 74.785946 -25.214054 65.261437
16821 3.363996 -0.417631 99.582369
2690 3.689723 -0.669695 99.330305
4439 38.397570 -38.397570 44.334209
19709 37.712369 -37.712369 44.630845
13063 37.631261 -37.631261 44.032730
19710 38.542558 -38.542558 44.966732
8895 68.851343 -31.148657 41.831742
9710 99.120466 0.879534 18.778220
3120 100.000000 0.000000 18.055556
9478 99.362686 0.637314 17.945544
10742 86.737464 13.262536 35.647739
10743 87.435204 12.564796 35.532597
10744 87.324353 12.675647 35.038623
14073 48.818979 -32.424845 67.575155
5420 48.899971 -32.770561 67.229439
18272 42.822396 27.799262 27.799262
4569 43.734818 28.460591 28.460591
2733 11.366618 11.366618 81.665691
9952 12.401441 12.401441 80.638707
9625 8.890852 8.890852 80.376971
7600 31.060999 -31.060999 47.026064
2514 20.912236 -20.912236 32.931231
13019 20.522996 -20.522996 32.942986
1403 65.823833 -26.056921 73.943079
6750 64.266995 -25.398735 74.601265
6128 37.484641 -37.484641 52.110240
5776 38.048932 -38.048932 51.959836
626 38.006279 -38.006279 52.379869
2868 15.789474 0.000000 100.000000
9024 16.328277 -0.206286 99.793714
20112 17.105263 0.000000 100.000000
19316 50.126641 28.259786 71.740214
4469 50.703047 29.537010 70.462990
19867 48.382058 28.985676 71.014324
14296 52.049119 -36.788700 63.211300
18208 52.778979 -37.004233 62.995767
4685 52.529645 -36.764352 63.235648
9540 33.469681 -33.469681 62.181607
3158 33.250111 -33.250111 61.822690
11585 33.699973 -33.699973 61.807955
2520 68.224220 2.530434 97.469566
3365 74.461451 2.516447 97.483553
12943 74.512557 2.830024 97.169976
492 19.253918 19.253918 29.378050
7126 20.861601 20.861601 30.651314
7125 21.082365 21.082365 29.269027
13223 39.649641 -39.649641 43.926563
1727 39.744683 -39.744683 43.650878
15956 40.165240 -40.165240 43.933650
2203 8.993993 8.993993 30.890241
16605 7.931455 7.931455 32.015318
16604 9.931399 9.931399 32.476030
5575 30.599330 10.901458 10.901458
17334 31.174508 11.702092 11.702092
452 31.801254 11.119991 11.119991
11406 54.940064 36.928057 36.928057
11407 55.379816 35.834805 35.834805
11225 54.264301 36.010431 36.010431
9828 93.613684 -6.386316 24.108556
9829 93.684290 -6.315710 24.408414
6823 92.895202 -7.104798 24.594225
7020 67.926505 32.073495 42.402421
1039 68.464483 31.535517 40.391722
6298 66.332829 33.667171 42.226809
19262 89.175614 -10.824386 27.457779
3503 88.615651 -11.384349 27.258161
19880 89.686920 -10.313080 26.748453
1612 27.034889 -27.034889 49.738059
7041 27.638631 -27.638631 50.466022
7040 26.481444 -26.481444 50.551605
12560 0.000000 0.000000 86.021505
10098 1.790989 1.790989 86.230570
174 0.000000 0.000000 84.946237
3033 50.987592 -29.097301 70.902699
19502 51.954088 -29.371822 70.628178
13328 51.655045 -28.922452 71.077548
19696 18.919677 18.919677 77.242542
13831 16.121599 16.121599 76.115555
18594 16.562272 16.562272 77.295430
17816 60.533077 -21.827354 21.827354
18769 60.750337 -20.842955 20.842955
1997 62.052291 -21.207852 21.207852
6460 83.574567 -16.425433 46.503944
1176 83.924631 -16.075369 46.178251
6458 84.146979 -15.853021 46.237768
652 71.880318 8.301026 8.301026
5811 70.883654 8.716339 8.716339
7597 72.089335 8.905001 8.905001
13918 53.994813 -8.867124 8.867124
11059 54.640192 -9.485664 9.485664
10643 54.624696 -38.695131 38.695131
10644 53.464849 -39.188140 39.188140
10645 53.732644 -37.902302 37.902302
5073 70.673597 -29.326403 50.108852
20313 69.835427 -30.164573 50.641854
19220 70.117857 -29.882143 50.005059
12095 50.980260 19.516251 19.516251
3567 51.702377 19.948284 19.948284
12084 52.039195 19.273623 19.273623
14436 24.685966 -24.685966 40.355950
14435 25.229773 -25.229773 40.371667
4269 25.129257 -25.129257 40.936329
16224 24.448886 -24.448886 66.868493
16222 24.720943 -24.720943 68.134633
16223 23.471223 -23.471223 68.101877
7279 43.900054 -43.900054 46.495917
11782 38.887225 -24.876413 24.876413
11783 39.297891 -24.343271 24.343271
11781 39.918001 -25.111536 25.111536
13778 84.834632 15.165368 36.326033
6161 84.836794 15.163206 35.853085
925 84.233228 15.766772 36.356300
2663 26.075416 -26.075416 41.977947
7498 38.751587 -32.180770 32.180770
7497 39.692816 -31.899132 31.899132
1927 39.666799 -33.301357 33.301357
14560 24.011982 -16.865524 16.865524
14561 23.563072 -16.437985 16.437985
11049 17.401713 -17.401713 80.706486
20412 16.533785 -16.533785 79.731670
20850 16.827097 -16.827097 79.490384
11728 70.834548 -29.165452 62.918909
11727 71.596486 -28.403514 62.440504
17436 87.627985 12.372015 32.485075
10318 87.025972 12.974028 32.538892
18808 87.048647 12.951353 32.984230
2084 88.149676 11.850324 24.810557
7737 88.816272 11.183728 24.328256
7952 6.899488 -6.899488 29.627179
2238 7.554860 -7.554860 30.670179
6781 4.164668 -4.164668 30.211836
6699 4.283938 -4.283938 29.662012
6782 4.747609 -4.747609 30.383117
12579 24.546929 -15.485608 15.485608
10044 23.645557 -15.184916 15.184916
5562 24.124091 -14.948110 14.948110
17001 89.995410 -2.190631 2.190631
5000 92.729942 -2.034335 2.034335
17000 90.010862 -2.926391 2.926391
17081 22.540845 -5.984118 5.984118
4038 21.868611 -5.204973 5.204973
17080 23.810989 -5.510017 5.510017
5222 82.412603 -13.995994 13.995994
120 81.976017 -13.553811 13.553811
13573 83.179098 -13.049362 13.049362
15249 5.472757 -5.472757 29.840977
9888 5.411343 -5.411343 30.536300
1366 4.873568 -4.873568 29.772541
5310 49.644347 40.445893 59.554107
202 49.441252 41.387561 58.612439
5308 47.470768 40.643147 59.356853
18543 99.095930 0.904070 24.538727
843 98.359446 1.640554 25.289176
18982 99.125244 0.874756 25.149334
9105 76.106626 2.752401 97.247599
12633 76.481783 2.626907 97.373093
573 76.652266 2.860477 97.139523
11233 57.722564 23.938531 23.938531
18111 56.621351 23.633258 23.633258
3874 56.825778 24.588186 24.588186
16279 87.518365 -10.276072 89.723928
10244 85.981104 -9.396077 90.603923
3469 86.551767 -9.974953 90.025047
1572 47.338884 -8.366937 8.366937
3255 0.404319 -0.404319 45.977929
14369 0.171659 -0.171659 46.609310
13202 0.142889 -0.142889 45.440711
7402 50.923426 23.893401 76.106599
1636 51.257416 24.853889 75.146111
12768 49.708922 24.590720 75.409280
14110 92.027855 -7.972145 18.926539
15422 35.106048 -2.336084 97.663916
1797 36.705334 -2.594958 97.405042
7295 36.693976 -1.221800 98.778200
18036 91.193207 -8.806793 22.495345
9986 90.127730 -9.872270 23.032511
15618 90.532966 -9.467034 22.410726
18145 85.858690 14.141310 18.032914
8891 86.876029 13.123971 17.137995
2809 86.016967 13.983033 17.380526
16987 95.192308 -4.807692 4.807692
19813 93.016934 -6.041723 6.041723
16881 93.528387 -5.224379 5.224379
13115 45.652201 27.472187 27.472187
3337 46.720303 27.446776 27.446776
11830 45.859199 26.727772 26.727772
19922 27.940698 -15.047484 15.047484
6105 27.301194 -15.057310 15.057310
7835 27.243392 -14.647320 14.647320
12650 3.942968 3.942968 29.483142
16264 4.931669 4.931669 28.700458
19310 3.586337 3.586337 28.293435
16961 3.225806 3.225806 96.774194
27915 2.419355 2.419355 97.580645
27922 3.038768 1.511887 98.488113
27917 1.612903 1.612903 98.387097
27921 1.092674 1.092674 98.159537
8263 26.566982 -16.228462 16.228462
17810 25.998496 -15.983639 15.983639
10940 26.471226 -15.876585 15.876585
14324 3.146391 3.146391 16.162205
3034 2.696951 2.696951 16.815014
12607 3.505598 3.505598 17.274583
27131 84.441192 0.506961 99.493039
9203 86.544530 0.470484 99.529516
27132 85.751533 0.745997 99.254003
4946 81.998799 0.467345 99.532655
16742 84.087687 0.883372 99.116628
2717 23.866001 -23.866001 42.246344
8732 24.669885 -24.669885 42.688901
16322 24.071211 -24.071211 43.001312
8188 76.664682 -19.409995 19.409995
19166 75.352826 -20.196143 20.196143
19070 75.625030 -19.200057 19.200057
14233 29.239234 -16.092021 16.092021
19783 51.150032 -30.787856 69.212144
13471 51.321187 -30.416880 69.583120
7552 50.484775 -30.335539 69.664461
8752 15.478985 -15.478985 45.579435
8751 15.383149 -15.383149 46.320958
788 14.772455 -14.772455 45.818496
356 76.201424 -23.798576 66.103146
9325 76.456526 -23.543474 66.397814
9324 75.719345 -24.280655 66.924562
6833 13.107310 -13.107310 29.789389
13848 12.789345 -12.789345 29.055316
11352 13.479008 -13.479008 29.350136
16336 25.500942 -25.500942 44.180048
11291 25.775309 -25.775309 43.790632
3854 26.020068 -26.020068 44.259344
8325 36.409732 -15.918528 15.918528
8323 35.866201 -16.058104 16.058104
11594 57.791597 32.905239 32.905239
10176 57.849743 31.734347 31.734347
3439 56.799920 32.331939 32.331939
13194 47.671083 -40.179420 40.179420
14317 46.885459 -39.788747 39.788747
1754 47.616144 -39.266203 39.266203
9253 80.998819 3.310469 96.689531
20867 81.288350 3.261428 96.738572
20874 81.255571 3.326661 96.673339
1122 31.451613 31.451613 68.548387
20230 30.887596 30.887596 66.976028
19023 29.473365 29.473365 66.952565
19093 69.408422 30.591578 49.583748
15382 68.841185 31.158815 48.626128
16111 67.663228 32.336772 50.160929
10019 69.840982 28.444334 71.555666
1367 68.563699 27.742220 72.257780
6702 70.458242 27.546634 72.453366
13992 61.116741 21.374478 21.374478
11691 60.920854 20.584589 20.584589
13991 60.111358 21.158250 21.158250
2141 39.330217 -8.419017 8.419017
16974 37.601855 -9.264771 9.264771
7817 36.886723 -8.189688 8.189688
7819 38.036589 -7.370397 7.370397
9333 34.095035 -23.873447 23.873447
9334 33.145783 -24.370199 24.370199
9335 32.607593 -23.155071 23.155071
8851 83.680520 16.319480 20.627680
9959 84.875909 15.124091 20.144981
9960 84.333190 15.666810 19.786320
9116 3.435009 -3.435009 48.372788
7891 3.349745 -3.349745 47.564771
2197 3.736371 -3.736371 47.746535
9571 26.679715 -26.679715 38.574682
15937 26.361952 -26.361952 38.909261
13437 26.068897 -26.068897 38.447922
10838 54.942539 -39.533859 60.466141
10483 54.605269 -39.602173 60.397827
10685 55.013320 -39.755674 60.244326
7280 42.759044 15.233734 15.233734
1786 41.585961 15.633037 15.633037
7281 42.637048 16.279541 16.279541
6198 9.284600 9.284600 17.927950
958 7.972206 7.972206 18.277272
6199 9.272757 9.272757 19.031029
14049 25.077888 25.077888 55.694039
17702 25.899804 25.899804 54.474838
4360 23.981783 23.981783 53.872255
5186 26.097817 -21.781439 21.781439
87 25.763499 -22.414061 22.414061
5184 24.757913 -21.371583 21.371583
9244 98.426717 -1.573283 24.033806
9245 98.347692 -1.652308 23.421281
9246 100.000000 0.000000 22.916667
18863 50.204233 -34.083910 65.916090
16538 47.142504 45.727823 45.727823
11390 18.810543 -11.539876 11.539876
11388 17.405766 -11.722026 11.722026
11389 16.888484 -10.943944 10.943944
20619 87.951616 -2.625232 2.625232
7969 88.086722 -3.061042 3.061042
17269 84.317949 15.682051 28.558665
4242 83.919691 16.080309 28.439124
12364 83.753221 16.246779 28.876691
8659 77.319063 -22.680937 74.395061
2672 79.487023 -20.512977 72.177351
10006 11.253244 -11.253244 48.343335
3375 11.051928 -11.051928 46.960378
10007 12.147955 -12.147955 47.688695
14051 41.463418 -9.966158 9.966158
14052 42.099926 -10.804362 10.804362
3804 40.326088 -10.616980 10.616980
14206 17.011253 17.011253 69.179578
1618 18.781772 18.781772 68.924192
7052 17.254835 17.254835 68.080725
18491 4.347484 -4.347484 25.630677
18104 4.159083 -4.159083 24.924743
4255 4.855208 -4.855208 25.427153
4950 6.236801 -2.546006 97.453994
16429 6.261067 -2.656933 97.343067
16431 6.569576 -2.662419 97.337581
1242 67.698588 32.301412 44.234464
6631 65.403217 34.596783 45.772107
17928 66.809047 33.190953 46.125177
13663 4.016593 -1.020164 98.979836
16695 4.139911 -1.196213 98.803787
14639 4.616558 -1.201098 98.798902
15366 55.010040 -27.119311 27.119311
19106 4.079202 -4.079202 59.190082
2677 2.530324 -2.530324 57.818600
1265 15.819723 -15.819723 48.816685
14187 98.878741 1.121259 31.187107
14188 98.512118 1.487882 31.069172
14186 98.408287 1.591713 31.515098
6175 46.530094 25.102597 74.897403
10221 45.823780 23.928346 76.071654
937 47.790264 24.255435 75.744565
17165 37.234043 37.234043 37.234043
471 36.170213 36.170213 36.170213
17166 35.490436 35.490436 36.535661
71 86.932629 -13.067371 18.863102
15888 86.192827 -13.807173 19.761992
15887 84.843904 -15.156096 19.937233
9615 49.038462 -49.038462 50.961538
9614 49.519231 -49.519231 50.480769
3189 49.822392 -49.127533 50.872467
270 0.000000 0.000000 49.462366
5383 0.420791 0.420791 47.714405
5382 0.000000 0.000000 48.387097
10285 25.239175 4.040737 4.040737
3490 25.678010 2.656521 2.656521
18734 23.441255 3.310856 3.310856
19810 89.232732 -3.734075 3.734075
2251 88.121601 -3.576502 3.576502
11976 72.577142 -12.249427 87.750573
6855 74.542528 -14.056808 85.943192
7795 73.534882 -11.643928 88.356072
1777 76.923077 23.076923 23.076923
9621 77.884615 22.115385 22.115385
9897 76.487673 22.267878 22.267878
6670 3.195386 3.195386 40.340007
11714 1.407597 1.407597 38.853651
1339 1.868962 1.868962 40.929488
16574 28.425008 -28.425008 32.172954
16576 29.176179 -29.176179 31.703035
12474 38.493282 -33.141501 33.141501
8380 83.433110 16.566890 43.562906
20512 83.438311 16.561689 43.031740
2517 82.566015 17.433985 43.286731
17791 46.305371 -20.771389 79.228611
5039 45.653201 -20.140226 79.859774
17792 45.075171 -20.528749 79.471251
6178 95.138207 4.861793 42.628667
14601 96.472673 3.527327 42.244347
940 96.192426 3.807574 41.625180
14602 97.644652 2.355348 41.995245
3865 98.774507 1.225493 41.152281
14603 97.518586 2.481414 41.361412
2973 86.842105 0.000000 100.000000
28035 92.600200 -2.022007 97.977993
28054 92.419600 -1.760949 98.239051
17427 90.382652 -1.705731 98.294269
4724 90.842077 -2.575452 97.424548
27726 96.153846 -3.846154 96.153846
12869 77.035838 -15.138678 84.861322
16510 78.144351 -15.125347 84.874653
17636 76.662246 -13.452682 86.547318
6290 47.207702 37.609318 37.609318
1032 47.397623 36.517320 36.517320
6288 46.350352 36.825369 36.825369
9988 36.492536 12.780587 12.780587
9989 35.483300 12.896357 12.896357
8011 36.243302 13.448690 13.448690
4852 94.645811 -5.354189 20.950399
19290 93.721909 -6.278091 21.444973
17986 93.794097 -6.205903 20.990200
2077 36.298250 -36.298250 40.679913
15405 35.480105 -35.480105 41.492736
19885 34.834873 -34.834873 40.596324
699 32.557874 -32.557874 51.771738
7864 33.111175 -33.111175 51.702690
19202 93.032480 -1.106247 1.106247
4817 94.117647 0.000000 0.000000
15945 97.058824 0.000000 0.000000
14385 41.432231 -28.667298 28.667298
5798 40.389193 -27.946898 27.946898
644 41.384456 -27.620819 27.620819
2127 71.365557 -9.842505 90.157495
12530 69.914108 -7.306304 92.693696
10128 69.261952 -8.277878 91.722122
13242 34.338649 -34.338649 41.336441
4468 33.830078 -33.830078 40.586638
8220 91.029813 -8.970187 16.378059
8280 91.550239 -8.449761 16.189141
8893 91.061416 -8.938584 16.583905
15084 59.508486 -19.909411 19.909411
20090 60.437173 -19.200724 19.200724
18770 60.670653 -19.992276 19.992276
3021 10.795953 10.795953 24.188376
5505 22.275200 22.275200 45.726779
19441 20.332078 20.332078 44.886204
9901 50.499509 23.287433 23.287433
631 50.405588 22.398125 22.398125
9902 49.520655 22.840412 22.840412
4781 54.895105 -45.104895 54.895105
19587 54.671987 -44.586843 55.413157
20370 54.267045 -44.817317 55.182683
1376 41.084409 -5.992023 5.992023
6710 43.871766 -6.212247 6.212247
6712 42.517411 -7.157601 7.157601
18564 39.640480 -39.640480 44.553948
11840 6.578544 -6.578544 49.572639
11839 5.603257 -5.603257 50.194193
4096 5.709210 -5.709210 48.880396
19490 4.878049 -4.878049 49.717802
12544 2.083606 -2.083606 15.217193
12545 2.961667 -2.961667 14.711888
12543 3.226732 -3.226732 15.902440
6858 6.857163 -0.665767 99.334233
6860 7.071570 -0.822655 99.177345
1488 7.558446 -0.784803 99.215197
18565 40.002229 -40.002229 44.303876
16051 0.000000 0.000000 39.784946
11713 0.672784 0.672784 39.460625
3991 0.000000 0.000000 38.709677
8994 84.402018 15.597982 61.508953
8993 82.499261 17.500739 62.742839
20595 83.238760 16.761240 62.977869
9162 37.368032 -16.273688 83.726312
16273 39.341112 -16.752204 83.247796
2947 38.587526 -15.461459 84.538541
13120 92.433022 -7.566978 17.789605
13119 92.863784 -7.136216 17.234102
4458 93.573403 -6.426597 17.293040
5998 14.251700 -14.251700 44.546866
13997 14.257774 -14.257774 43.749880
790 14.946694 -14.946694 44.272479
16882 10.507402 -6.805199 6.805199
18613 68.351433 -31.648567 43.488933
4842 68.654585 -31.345415 43.773468
15483 67.782411 -32.217589 44.187025
12358 28.425498 -15.714794 84.285206
3653 29.952389 -15.215802 84.784198
15779 28.069935 -14.643439 85.356561
7970 86.485476 -3.816207 3.816207
10492 86.792212 -4.344795 4.344795
11330 92.456530 7.543470 53.664731
2577 93.636960 6.363040 51.188510
14510 91.062789 8.937211 53.414546
9595 42.011951 8.603571 91.396429
10190 44.721537 8.086353 91.913647
5097 44.480145 10.831181 89.168819
1293 81.236205 -18.763795 55.299704
18521 82.018964 -17.981036 54.224717
12303 82.259045 -17.740955 54.768086
6800 14.652827 -14.652827 33.492282
1443 15.051539 -15.051539 33.118502
15302 93.272882 6.727118 47.585204
17974 94.552157 5.447843 46.465579
4833 93.471971 6.528029 46.758515
18156 53.013187 -42.380370 57.619630
18155 53.396161 -42.737107 57.262893
17329 53.584468 -42.439777 57.560223
18506 25.615738 -17.198260 17.198260
8555 25.233532 -17.358329 17.358329
18397 24.951722 -16.954044 16.954044
9580 23.753313 -23.753313 24.249722
15312 5.453450 -5.453450 13.194904
1248 77.466203 -22.533797 41.483528
7309 76.386114 -23.613886 41.723739
11722 77.335383 -22.664617 40.886187
2328 20.703494 -20.703494 28.479043
2655 65.425125 29.106015 29.106015
15012 65.062265 28.523525 28.523525
8625 64.684546 29.354218 29.354218
7790 71.158148 -27.860972 27.860972
2121 71.179780 -26.964870 26.964870
7791 72.100892 -27.003017 27.003017
20891 21.231917 21.231917 42.682033
20386 20.463024 20.463024 42.776214
8237 19.491368 -18.496941 18.496941
8238 19.929148 -19.317326 19.317326
8236 18.940132 -18.514878 18.514878
4613 0.000000 0.000000 82.795699
18861 2.188250 -2.188250 83.541437
15855 2.653969 -2.653969 84.839181
4022 15.987329 -15.987329 29.523263
19962 16.517506 -16.517506 29.266973
12066 16.683415 -16.683415 29.945709
11619 15.717308 -15.717308 28.789395
18446 9.799864 9.799864 22.079985
12259 9.770673 9.770673 20.977004
10647 8.752907 8.752907 21.284335
11343 43.284497 -43.284497 49.829440
3917 43.811071 -43.811071 49.608198
17317 43.893622 -43.893622 49.996514
15114 71.315856 7.043081 7.043081
15115 72.209323 6.087335 6.087335
14482 70.026063 6.275291 6.275291
16132 75.672601 -24.327399 49.037340
4912 75.922963 -24.077037 48.639181
19516 76.235377 -23.764623 48.683032
17989 98.007800 1.992200 32.391509
17990 98.222859 1.777141 31.978020
3642 97.763273 2.236727 32.165842
11254 34.816118 14.157506 14.157506
11078 35.676268 14.845882 14.845882
8009 35.966469 14.115954 14.115954
630 50.177996 20.728460 20.728460
8898 49.346445 21.162582 21.162582
3640 86.466365 -6.214781 93.785219
15025 31.971740 -23.942899 76.057101
12232 31.238842 -24.027702 75.972298
4212 32.193011 -24.491432 75.508568
16788 6.554261 -1.314671 98.685329
3461 6.402543 -1.373134 98.626866
16789 6.727256 -1.397722 98.602278
7612 76.865703 18.624547 18.624547
20045 78.288038 18.474776 18.474776
5638 77.656284 17.669032 17.669032
17026 5.594930 -5.594930 25.979071
1456 6.311801 -6.311801 26.529607
14525 5.808005 -5.808005 26.776443
14526 6.489504 -6.489504 27.241240
11603 96.279171 -3.720829 15.465773
4014 95.393803 -4.606197 15.903321
20373 95.737640 -4.262360 15.293905
11551 78.829469 -21.170531 58.175770
566 78.408180 -21.591820 59.248445
10497 77.778427 -22.221573 59.131182
150 53.277068 33.239421 33.239421
6397 51.997904 33.191004 33.191004
16453 52.749152 34.249195 34.249195
17328 53.679309 -42.111108 57.888892
12205 54.192360 -42.460258 57.539742
4143 54.314766 -42.095521 57.904479
17056 51.748252 -48.251748 51.748252
18199 52.859757 -47.140243 51.365890
990 52.097902 -47.902098 52.097902
14113 52.826929 -3.745552 96.254448
16206 80.244165 -19.755835 38.616764
13579 80.157875 -19.842125 39.056444
18027 79.360611 -20.639389 39.207228
7868 97.476749 2.523251 29.713885
2179 97.313374 2.686626 29.502509
10308 97.017359 2.982641 29.867761
1310 52.668121 -12.386430 12.386430
17399 54.338155 -12.572731 12.572731
7261 53.303318 -13.251001 13.251001
4768 13.912509 -13.912509 72.992002
14844 14.567793 -14.567793 71.748769
14843 15.388017 -15.388017 73.456580
3292 33.901709 33.901709 54.703163
9842 34.816906 34.816906 56.122685
19066 35.270758 35.270758 54.841872
1813 70.283892 22.936351 22.936351
13582 70.124719 22.246936 22.246936
17264 69.400104 23.017834 23.017834
13869 1.113433 -1.113433 36.870644
13866 1.545501 -1.545501 36.301035
3600 1.742014 -1.742014 37.020415
2261 25.512609 -25.512609 37.455417
9868 25.010242 -25.010242 37.153366
7983 25.547900 -25.547900 36.961650
5009 13.444777 -1.743988 98.256012
18228 12.956051 -1.604525 98.395475
18230 12.872360 -1.775107 98.224893
18489 19.152151 -19.152151 31.447627
13497 18.865768 -18.865768 31.833853
14053 18.393927 -18.393927 31.187992
15695 61.552997 -38.447003 52.697559
3541 61.023350 -38.976650 53.325177
19563 19.690994 -19.690994 31.872255
4550 19.287537 -19.287537 31.844302
5923 58.687120 41.312880 48.015894
19 58.405375 41.594625 49.861422
5115 60.249732 39.750268 47.997040
6003 43.274919 -23.677483 23.677483
793 44.331661 -24.032646 24.032646
6004 43.544630 -24.552279 24.552279
9652 33.856644 -33.856644 55.781373
19705 34.871321 -34.871321 55.122843
7371 35.072211 -35.072211 55.923007
14745 71.217660 -28.782340 54.355380
1645 71.949048 -28.050952 53.933459
20295 71.516775 -28.483225 54.557159
3117 47.389672 44.604077 44.604077
16539 46.109347 44.665456 44.665456
8881 62.756488 -37.243512 54.547918
20178 62.847170 -37.152830 54.939351
2804 62.251118 -37.748882 55.144475
18358 98.592891 1.407109 4.004102
18357 100.000000 0.000000 3.472222
3788 100.000000 0.000000 2.777778
13213 21.380641 -2.452071 97.547929
12978 21.521812 -2.073176 97.926824
14108 20.631389 -2.299994 97.700006
810 75.200250 -20.105143 79.894857
16953 76.482194 -21.732975 78.267025
6029 76.412581 -20.818401 79.181599
10172 10.203951 -4.424990 4.424990
10127 8.632346 -4.939494 4.939494
1901 7.221217 -3.753691 3.753691
18727 51.278808 -42.856247 57.143753
4518 50.926044 -42.674837 57.325163
18276 50.978776 -42.893185 57.106815
3852 66.796789 -33.203211 38.385112
11159 68.059747 -31.940253 37.752872
11814 67.315826 -32.684174 38.653152
11009 36.700693 12.047789 12.047789
17358 37.605924 12.683002 12.683002
19285 34.885133 -34.885133 59.949264
18057 35.383789 -35.383789 59.497197
20481 81.070620 6.283047 93.716953
11707 31.988992 20.144230 20.144230
20004 30.759285 20.109483 20.109483
4012 31.734856 20.973673 20.973673
9671 28.148715 -14.028539 14.028539
7834 27.188295 -14.128855 14.128855
9670 27.126840 -13.553750 13.553750
524 64.431024 -35.568976 55.927522
5658 64.761763 -35.238237 55.969273
6 75.395962 -24.604038 51.541912
13067 74.906422 -25.093578 52.060013
13066 74.818579 -25.181421 51.826478
9964 14.694324 -14.694324 20.005252
11867 13.474587 -13.474587 19.375028
19749 70.907324 -13.827710 13.827710
61 69.632774 -14.134880 14.134880
8770 70.223905 -13.381736 13.381736
9833 62.237762 -37.762238 62.237762
13057 61.215987 -37.949508 62.050492
3289 61.888112 -38.111888 61.888112
5146 88.536762 11.463238 27.295518
5145 87.807055 12.192945 27.976796
49 88.434993 11.565007 27.866706
2908 62.034714 -37.965286 55.890221
9095 61.951443 -38.048557 56.160142
9094 61.753189 -38.246811 55.942877
13102 75.518036 -8.642506 8.642506
501 75.008727 -9.375838 9.375838
5632 73.850421 -9.169517 9.169517
15551 28.813708 -28.813708 67.871990
19594 29.583615 -29.583615 67.649903
19723 29.172701 -29.172701 68.397463
11831 46.762807 26.458067 26.458067
11832 45.923925 25.905288 25.905288
18664 95.448991 4.551009 21.981886
5323 95.917232 4.082768 21.476190
7048 80.023245 -19.976755 49.957992
11208 80.283636 -19.716364 49.948019
474 79.988180 -20.011820 50.121643
17196 62.987433 1.170428 98.829572
5078 46.098933 28.404286 71.595714
19150 44.225275 29.075697 70.924303
20261 43.957946 27.838895 72.161105
3703 86.641214 13.358786 35.137599
18743 87.247768 12.752232 34.510348
2719 93.850253 -6.149747 27.675528
8736 92.339421 -7.660579 28.505873
16070 92.816829 -7.183171 27.683282
19269 12.984986 -12.984986 44.643068
3834 11.899028 -11.899028 44.335514
11101 12.777362 -12.777362 43.707799
2352 20.369015 -20.369015 21.223863
8114 19.402544 -19.402544 20.406625
11028 19.828653 -19.828653 20.279937
11030 20.807985 -20.807985 21.122046
1547 2.708037 -2.708037 35.230503
6949 2.583432 -2.583432 35.906002
6948 2.145038 -2.145038 35.253829
914 66.795936 -33.204064 42.180826
8894 68.149707 -31.850293 41.553316
7856 30.519929 30.519929 49.188109
20798 29.881213 29.881213 48.248701
16015 28.940843 28.940843 48.568715
8560 93.309652 6.690348 41.084658
13794 94.554383 5.445617 41.086605
13609 94.518172 5.481828 40.211750
3489 23.449525 -10.629335 10.629335
10283 24.884198 -10.749954 10.749954
12235 24.473850 -11.272606 11.272606
7181 77.984954 20.439248 20.439248
11161 76.549910 20.508302 20.508302
20653 77.011329 20.933993 20.933993
10200 48.345562 -39.636799 39.636799
16521 23.775017 -17.085185 17.085185
815 24.232331 -17.592919 17.592919
15139 53.234237 15.424920 15.424920
11989 52.904713 14.772147 14.772147
19272 52.293910 15.149330 15.149330
10519 21.981884 -18.271090 18.271090
16176 21.142989 -18.206868 18.206868
16177 21.019386 -17.652855 17.652855
14491 43.493753 -39.852490 60.147510
2932 42.947431 -39.669900 60.330100
17713 43.152738 -40.060990 59.939010
11835 6.146439 6.146439 58.925083
7702 4.491709 4.491709 59.585850
14058 6.073091 6.073091 60.379383
18885 64.096913 28.689498 28.689498
8630 14.594720 -14.594720 21.867446
715 15.606350 -15.606350 21.578153
8616 15.703973 -15.703973 22.988110
5890 17.046971 -17.046971 23.086818
7013 24.864835 -19.608901 19.608901
86 26.196621 -20.774033 20.774033
10538 24.618555 -20.039249 20.039249
5626 5.867075 -5.867075 18.529371
5464 5.534385 -5.534385 17.350766
17377 6.685156 -6.685156 18.110116
12102 80.902045 -12.335883 12.335883
12103 79.909490 -12.451566 12.451566
6586 75.251986 24.748014 43.395405
14170 89.550988 10.449012 27.736073
15825 88.753378 11.246622 28.132242
1919 89.103922 10.896078 28.382367
1545 32.203219 -26.598341 73.401659
20274 32.418173 -26.871421 73.128579
6942 32.736066 -26.744413 73.255587
12754 10.138527 -1.933028 98.066972
12752 10.245008 -1.920325 98.079675
14941 72.528171 -27.471829 53.456428
7089 72.203421 -27.796579 53.415943
10109 49.030630 -6.945323 93.054677
2378 51.878153 -8.141971 91.858029
10110 49.554687 -5.411701 94.588299
12064 84.047636 15.952364 35.693335
9837 83.738024 16.261976 35.537715
3148 83.620818 16.379182 35.929378
20307 23.665629 -11.748384 11.748384
4754 22.065128 -11.568028 11.568028
20380 22.735653 -11.381937 11.381937
8905 62.451274 -23.088722 23.088722
16250 63.405955 -23.666369 23.666369
17285 62.068875 -24.183949 24.183949
4046 61.891647 20.783339 20.783339
19404 62.108821 21.547711 21.547711
11705 62.849102 20.952508 20.952508
7574 92.845775 7.154225 17.642153
20091 93.804262 6.195738 16.844151
18246 92.928835 7.071165 17.038631
41 36.381921 -18.920125 81.079875
18499 37.214152 -19.577859 80.422141
16127 37.418054 -18.885252 81.114748
6155 73.083849 -26.916151 48.487132
920 72.324418 -27.675582 49.190070
14884 69.512466 16.612492 16.612492
5349 70.637332 16.549078 16.549078
237 70.188187 15.909016 15.909016
1561 26.931877 -18.108643 81.891357
7159 26.085888 -18.992938 81.007062
7158 28.209435 -19.255995 80.744005
5453 70.928764 -3.916468 3.916468
340 69.463234 -4.440911 4.440911
10964 69.150761 -3.780456 3.780456
12680 66.537419 3.098464 96.901536
12681 67.057464 3.191920 96.808080
12682 66.855901 3.386657 96.613343
17151 53.697275 -40.363429 59.636571
17150 54.207189 -40.512983 59.487017
18873 37.066632 -37.066632 60.711151
10079 37.213643 -37.213643 60.937611
16826 66.644609 -33.355391 34.714838
4582 66.329847 -33.670153 34.387755
13647 67.335148 -32.664852 33.770185
12266 64.190173 -5.163033 94.836967
4222 63.768759 -3.817023 96.182977
19235 62.757302 -3.696288 96.303712
13277 59.566198 -23.822261 23.822261
17302 60.114114 -22.874018 22.874018
1608 60.956170 -23.673326 23.673326
11666 18.184567 -5.372048 5.372048
11665 20.479511 -5.685017 5.685017
485 19.264297 -6.227477 6.227477
5703 80.500767 -19.499233 57.711808
5702 79.666145 -20.333855 57.957658
564 80.845139 -19.154861 56.815994
2912 6.936937 -1.418778 98.581222
16875 6.913294 -1.461242 98.538758
13788 93.366543 -6.633457 40.861963
13787 90.880886 -9.119114 42.902254
3055 91.221770 -8.778230 41.643080
302 80.813678 19.186322 50.613119
12318 81.658987 18.341013 50.705102
5417 81.653143 18.346857 49.613204
1144 76.585761 -16.542193 83.457807
6856 75.641448 -15.830348 84.169652
16790 6.854424 -1.360250 98.639750
13612 56.994274 -11.312445 11.312445
14176 56.903677 -10.381077 10.381077
15575 58.493695 -10.684447 10.684447
7214 59.136506 -15.032700 15.032700
7215 58.781258 -14.675224 14.675224
608 59.489018 -14.617241 14.617241
30 98.874931 1.125069 29.255577
8515 24.118245 -24.118245 65.439234
8514 23.724470 -23.724470 63.932959
2594 25.347016 -25.347016 64.204033
516 49.985355 19.053121 19.053121
12094 51.084565 18.605627 18.605627
10640 42.991583 39.047438 39.047438
414 44.786644 39.466494 39.466494
5533 43.858497 37.884008 37.884008
1029 25.100842 -3.092106 3.092106
12640 23.112167 -2.638496 2.638496
9022 25.179957 -2.245390 2.245390
9021 27.426356 -2.720026 2.720026
14050 23.213031 23.213031 55.476073
12756 22.057341 22.057341 53.857978
16569 21.347983 21.347983 55.244945
710 7.258065 7.258065 92.741935
5884 6.814777 6.814777 91.820103
17037 5.737343 5.737343 92.336416
7164 61.808327 -38.191673 57.615889
17353 61.432488 -38.567512 57.400955
20635 74.892549 13.889765 13.889765
3824 75.141403 13.489863 13.489863
12211 82.841146 17.158854 34.087301
15050 82.151170 17.848830 34.528363
16621 98.613146 -1.386854 22.311451
16622 98.610421 -1.389579 21.806333
5359 100.000000 0.000000 21.527778
2914 6.243354 -6.243354 56.371525
13762 6.492643 -6.492643 55.630150
9103 7.207894 -7.207894 56.376134
9342 77.363893 3.734143 96.265857
9341 77.929640 3.720091 96.279909
3051 77.863491 3.986839 96.013161
20432 5.896499 -0.465140 99.534860
19125 5.309780 -0.437364 99.562636
14854 75.325904 4.468968 95.531032
15499 74.972274 4.217491 95.782509
4313 75.389703 4.308960 95.691040
18119 23.426676 -0.400981 99.599019
20445 24.167962 -0.412514 99.587486
18999 25.000000 0.000000 100.000000
17170 84.482119 15.517881 37.187703
15835 84.756228 15.243772 36.775765
4887 84.432337 15.567663 36.965419
6615 33.202226 -33.202226 66.172560
1299 33.173077 -33.173077 66.826923
7427 32.654861 -32.654861 66.656501
8973 11.183575 -8.152736 91.847264
16435 10.920747 -7.676392 92.323608
1880 10.603800 -7.971716 92.028284
11715 50.962100 30.762700 30.762700
14879 78.817305 -12.949194 12.949194
13262 77.715462 -13.168155 13.168155
4498 78.421207 -12.671242 12.671242
17710 7.663993 -7.663993 28.264845
2237 7.690996 -7.690996 28.955440
16158 7.110459 -7.110459 28.326039
15770 33.895761 21.792742 21.792742
15772 35.025125 21.701787 21.701787
1041 34.076452 20.938452 20.938452
10502 53.807157 -32.350299 67.649701
3589 53.239398 -31.848201 68.151799
10503 52.877344 -32.154481 67.845519
16046 34.455641 8.139210 8.139210
18065 34.469118 7.331651 7.331651
16930 83.090911 -15.663169 84.336831
2405 83.566434 -16.433566 83.566434
16931 83.916084 -16.083916 83.916084
10830 38.276780 10.984549 10.984549
2307 22.580645 22.580645 77.419355
9446 25.246192 22.595608 77.404392
9448 23.387097 23.387097 76.612903
8818 3.969737 -2.179161 97.820839
8817 4.221216 -2.390599 97.609401
2769 4.383548 -2.305077 97.694923
16486 50.075720 19.915780 19.915780
16487 50.994348 20.301072 20.301072
3273 52.823155 -23.724033 23.724033
14243 51.975380 -24.320094 24.320094
15237 51.722987 -23.482311 23.482311
10701 55.521261 23.312815 23.312815
15584 55.722754 24.265579 24.265579
15745 33.839239 24.551113 75.448887
16862 32.207221 25.016251 74.983749
3819 32.569332 24.134528 75.865472
4037 16.750811 -4.284975 4.284975
14649 19.346047 -3.975952 3.975952
11667 19.674541 -4.825761 4.825761
1472 55.352342 -35.631305 64.368695
15800 56.409788 -35.633680 64.366320
20555 18.647817 -1.042521 98.957479
4755 17.640242 -1.171739 98.828261
16783 18.990479 -1.263254 98.736746
1672 74.625562 -25.374438 63.056569
7124 74.376172 -25.623828 63.903014
7123 73.751443 -26.248557 64.022043
10627 61.913739 -2.091332 2.091332
17199 62.041391 -1.020204 1.020204
7922 43.139632 25.447209 74.552791
19311 42.773168 24.304315 75.695685
10220 44.574483 24.728975 75.271025
20410 15.825603 -15.825603 79.277475
20411 15.680666 -15.680666 79.842432
6747 14.767552 -14.767552 78.593813
7009 23.591236 -23.591236 30.122038
7008 23.116712 -23.116712 29.669676
1591 23.552922 -23.552922 29.792218
4136 20.737534 -20.737534 52.487816
19920 20.205644 -20.205644 51.892365
11964 21.146969 -21.146969 51.823980
3711 66.909434 -33.090566 52.424456
14774 66.063516 -33.936484 52.625782
20214 23.231314 4.215714 4.215714
4652 22.378179 3.652680 3.652680
15322 27.817772 -7.496406 92.503594
2781 28.538599 -8.183606 91.816394
15174 69.472552 -21.060807 78.939193
15175 68.740105 -21.657461 78.342539
9465 51.431369 10.603116 10.603116
10273 52.166694 10.937043 10.937043
11604 52.343529 10.224867 10.224867
4626 54.795353 -8.395416 8.395416
14688 97.760287 2.239713 59.143329
7103 98.143179 1.856821 58.046265
333 95.596526 4.403474 60.498342
4669 85.440039 5.578875 94.421125
8834 40.677314 -34.053915 65.946085
6953 39.692492 -33.972493 66.027507
9978 61.903222 -25.862778 25.862778
9979 60.980375 -25.702253 25.702253
9977 61.650072 -25.089247 25.089247
7629 10.524972 10.524972 27.963948
2007 10.566607 10.566607 29.014972
7630 11.721003 11.721003 28.804837
8712 17.902421 17.902421 58.307231
2705 19.662495 19.662495 58.852717
8713 19.066127 19.066127 57.360356
8480 8.608965 -8.608965 31.566944
15924 7.805910 -7.805910 31.890487
12274 26.475554 -26.475554 45.193201
19830 26.084750 -26.084750 45.676985
27133 25.927344 -25.927344 45.126703
12275 25.771676 -25.771676 44.644947
27246 26.185808 -26.185808 44.833010
6140 70.326516 -13.612522 86.387478
6138 70.015860 -14.302237 85.697763
6139 71.273127 -15.146184 84.853816
5867 95.179340 -4.820660 22.036261
14345 95.120544 -4.879456 21.727544
696 95.734180 -4.265820 21.648545
10602 37.571563 30.066098 69.933902
20784 38.334504 30.528040 69.471960
8317 19.908576 8.825682 91.174318
18750 18.944510 10.792628 89.207372
18749 18.231519 9.397202 90.602798
4232 71.005311 4.868396 4.868396
14483 68.188760 5.445514 5.445514
17779 76.235724 -23.764276 52.212763
255 76.501433 -23.498567 52.326553
5367 75.891268 -24.108732 52.687451
5551 29.071367 -5.651016 5.651016
12123 27.450229 -6.090939 6.090939
12124 27.037298 -5.268029 5.268029
4957 66.924093 33.075907 55.882601
19053 66.426914 33.573086 54.889128
16925 65.169144 34.830856 56.286621
12639 34.407884 -34.407884 60.425863
4320 33.855998 -33.855998 60.448506
15996 34.244973 -34.244973 59.972130
19919 19.316963 -19.316963 52.114123
4169 19.483965 -19.483965 51.134474
1853 86.923021 13.076979 31.157806
10056 86.375286 13.624714 31.040363
8176 86.243375 13.756625 31.583117
11067 82.554396 17.445604 37.620418
3149 82.772849 17.227151 36.979585
11068 82.093786 17.906214 37.501867
5320 17.121945 -17.121945 61.751291
212 17.055183 -17.055183 60.475226
13220 90.087549 -9.912451 16.715837
8221 90.640818 -9.359182 16.448357
2414 90.378656 -9.621344 16.794163
16503 89.595463 -10.404537 17.111163
12727 66.030229 -33.969771 36.248206
4347 67.032460 -32.967540 35.168610
20308 67.414931 -32.585069 35.741063
11963 21.594807 -21.594807 52.673663
9520 22.187701 -22.187701 51.831391
2653 22.902750 -22.902750 52.869608
13114 45.019092 26.912350 26.912350
4095 45.076868 26.171961 26.171961
13304 44.283261 26.437175 26.437175
1935 52.448019 -32.464025 67.535975
17395 52.006077 -31.949353 68.050647
16986 96.593755 -3.406245 4.435692
16985 96.858615 -3.141385 3.649135
13256 81.935312 18.064688 57.116128
13255 83.013553 16.986447 55.328105
4497 81.490992 18.509008 56.296117
510 98.083895 1.916105 31.342942
18190 98.194730 1.805270 30.906217
1767 42.818460 -42.818460 52.020086
10883 41.942263 -41.942263 52.087826
13828 42.243519 -42.243519 51.595357
17945 32.923051 -32.923051 61.598810
14151 32.506890 -32.506890 61.703204
4226 32.718195 -32.718195 61.410302
10208 11.094228 -5.414167 5.414167
8795 58.602304 -41.397696 52.932992
6635 57.787443 -42.212557 52.641368
10921 59.067196 -40.932804 52.097289
20096 46.776597 -35.574672 64.425328
13549 48.034318 -36.080860 63.919140
4561 47.883243 -35.343289 64.656711
18598 70.848382 -26.403243 73.596757
2156 70.230497 -25.625643 74.374357
20589 69.808953 -25.719322 74.280678
8211 29.579513 -29.579513 46.762501
6090 0.672283 0.672283 26.061115
19819 1.196575 1.196575 25.203254
9460 10.291741 -2.423592 97.576408
2124 10.442704 -2.326783 97.673217
9458 10.063440 -2.282676 97.717324
19804 71.551034 26.370706 26.370706
12624 72.766696 26.165542 26.165542
1806 72.399544 25.407245 25.407245
13394 70.809767 -29.190233 54.985992
19616 94.127524 5.872476 89.342910
27379 93.043997 6.956003 90.422331
4735 94.206546 5.793454 90.852290
20267 91.759958 8.240042 89.869202
27380 93.015852 6.984148 89.039135
15759 79.509745 9.038774 90.961226
5840 66.346154 33.653846 33.653846
5839 65.119320 33.554264 33.554264
675 65.384615 34.615385 34.615385
18008 17.737622 -17.737622 52.454434
18007 17.377419 -17.377419 51.772516
4528 18.037639 -18.037639 51.890783
9745 32.199569 -27.184993 72.815007
7050 31.854006 -27.013229 72.986771
1300 31.848014 -27.208849 72.791151
6577 63.461538 -36.538462 36.538462
1270 62.537164 -36.202688 36.202688
14719 63.563059 -35.209438 35.209438
20323 84.233633 15.766367 23.309353
5095 83.817245 16.182755 23.763933
20325 84.166328 15.833672 23.822068
5246 1.033687 1.033687 43.815614
17238 0.476426 0.476426 43.949821
145 0.898969 0.898969 44.878248
17720 40.782157 14.419027 14.419027
5227 39.868802 14.110227 14.110227
128 40.070867 14.656979 14.656979
17721 40.698653 15.085615 15.085615
7977 44.931590 -36.098396 63.901604
2257 44.326808 -36.374751 63.625249
7978 45.261499 -36.546788 63.453212
18602 29.693860 -16.320558 16.320558
16324 29.708426 -15.999443 15.999443
3063 69.581366 -30.418634 49.959376
17079 69.272822 -30.727178 50.544615
12684 68.799729 -31.200271 50.323531
2416 26.315789 0.000000 100.000000
285 19.533322 11.705583 11.705583
5398 21.439562 12.178441 12.178441
7509 20.373983 11.053735 11.053735
20416 25.044576 25.044576 66.805270
20788 25.307733 25.307733 66.418530
2109 24.323013 24.323013 66.017376
18484 76.972202 -23.027798 45.475780
20656 77.907199 -22.092801 45.031727
4203 77.863700 -22.136300 45.717677
3093 35.376458 35.376458 44.110047
8002 14.019342 -0.698710 0.698710
17606 13.294390 -1.395418 1.395418
19787 11.176960 -0.689827 0.689827
12542 42.108812 -19.458756 80.541244
12541 43.639550 -20.059518 79.940482
4291 43.200620 -19.080379 80.919621
18963 41.370184 16.534175 16.534175
19369 40.407967 15.810695 15.810695
18220 40.059624 16.662716 16.662716
7814 24.367477 20.563447 20.563447
10037 24.908428 21.478799 21.478799
2137 25.504071 21.104209 21.104209
970 33.601320 -13.371953 13.371953
6215 35.098986 -13.407992 13.407992
7769 34.663167 -13.895912 13.895912
13562 10.400971 -10.400971 28.204167
12487 10.962081 -10.962081 28.702558
13563 10.471420 -10.471420 28.800973
14081 10.900870 -10.900870 27.467386
14082 10.337529 -10.337529 27.572967
7813 24.164553 19.618561 19.618561
14541 24.229104 18.715922 18.715922
14209 22.937908 18.766561 18.766561
11461 75.780163 -24.219837 51.833551
11462 75.368206 -24.631794 51.916267
9657 75.872513 -24.127487 51.479003
12161 28.349407 2.713895 97.286105
2417 26.940073 2.902478 97.097522
13809 27.949629 1.401321 98.598679
3602 68.094927 -9.331298 9.331298
20349 66.826379 -9.906254 9.906254
15198 44.230769 -44.230769 55.769231
8399 45.048241 -43.847138 56.152862
2305 18.780769 -18.780769 49.594852
8047 19.477739 -19.477739 49.493630
15266 19.104492 -19.104492 50.223771
18342 16.790159 -16.790159 40.070704
4925 17.116666 -17.116666 39.838618
18626 17.300123 -17.300123 40.297193
17420 52.350008 -31.676605 68.323395
20495 88.680889 7.061017 92.938983
17323 89.076182 7.229214 92.770786
20494 88.382276 7.306071 92.693929
16831 33.917512 31.503080 68.496920
16545 33.729106 30.489574 69.510426
13477 29.462155 -16.490476 16.490476
4543 29.356566 -16.292493 16.292493
17583 23.271344 -23.271344 42.791627
7786 70.610787 -29.389213 56.946739
2119 70.882469 -29.117531 56.467443
10657 71.120248 -28.879752 56.643608
9944 19.166813 -19.166813 78.763052
9945 19.230769 -19.230769 80.769231
1582 24.488640 -24.488640 39.945426
10359 24.920754 -24.920754 40.011030
7033 61.002385 -24.682353 24.682353
1606 60.998180 -25.200474 25.200474
15789 87.527071 12.472929 38.362275
1874 88.457826 11.542174 37.530646
11517 87.571987 12.428013 37.566123
63 35.096154 -35.096154 64.903846
6204 36.149992 -35.520931 64.479069
11742 36.131361 -35.231915 64.768085
7421 9.590621 -8.350856 91.649144
11799 72.608673 -27.391327 36.619837
2731 71.900053 -28.099947 36.712090
11800 72.775786 -27.224214 36.145908
12294 65.138419 -26.696582 26.696582
12293 66.161770 -26.990157 26.990157
1318 65.011084 -27.783235 27.783235
8644 29.917953 9.202438 9.202438
2666 28.559292 8.741229 8.741229
9348 28.826764 9.673585 9.673585
13983 58.896324 -23.204503 23.204503
13982 57.858222 -23.608654 23.608654
13830 58.013893 -22.708131 22.708131
15155 84.887682 15.112318 27.050110
2055 85.511942 14.488058 26.629129
7695 85.069029 14.930971 26.547127
18379 35.537168 -35.537168 63.461907
19816 35.483113 -35.483113 63.150726
16697 5.251267 -1.448122 98.551878
16698 5.452262 -1.409796 98.590204
14640 5.076263 -1.326262 98.673738
10393 73.359763 -19.007972 19.007972
16895 73.448699 -18.164229 18.164229
3542 74.534907 -18.247623 18.247623
12829 77.162680 3.006111 96.993889
3053 77.548240 3.189015 96.810985
12830 77.044455 3.168014 96.831986
6716 72.743080 3.566409 96.433591
12817 72.244064 3.537290 96.462710
12816 72.305280 3.342028 96.657972
17082 70.642547 2.533846 97.466154
9206 71.118992 2.537274 97.462726
12867 71.031990 2.729791 97.270209
2744 85.061441 6.518474 93.481526
8774 84.234170 6.732465 93.267535
17304 84.472012 6.259479 93.740521
16520 5.320836 -0.249072 99.750928
7849 35.227597 -35.227597 43.696926
8097 35.695767 -35.695767 43.968965
2161 35.256588 -35.256588 44.086890
7693 85.687294 14.312706 26.121468
7694 85.243012 14.756988 26.057686
12901 65.355576 23.756684 23.756684
10817 66.169212 23.950092 23.950092
4555 33.715278 -20.829079 20.829079
13511 34.655670 -21.330882 21.330882
14242 33.635911 -21.492663 21.492663
8764 75.164033 -24.835967 64.761660
8765 75.196815 -24.803185 65.019673
7019 69.741128 30.258872 41.078649
6545 69.456859 30.543141 42.489878
1244 70.649728 29.350272 41.413852
12417 29.836920 -29.836920 38.726269
11776 29.455978 -29.455978 37.963271
12418 30.515113 -30.515113 38.106793
20549 74.135081 14.132152 14.132152
13326 74.593732 14.208031 14.208031
572 52.349921 35.368039 35.368039
9222 52.080132 36.568712 36.568712
11224 53.203915 36.232417 36.232417
1910 10.428404 10.428404 71.137584
15829 13.033639 13.033639 71.392343
20743 11.604673 11.604673 70.681902
780 21.349674 -21.349674 35.476527
12379 20.615566 -20.615566 34.947430
9365 21.336568 -21.336568 34.782540
2628 2.016942 2.016942 4.270310
15731 1.931977 1.931977 5.367597
14922 3.001673 3.001673 5.358096
18335 41.956084 34.391194 65.608806
4945 39.875145 34.532603 65.467397
18336 40.406140 33.567764 66.432236
5946 47.394097 19.708618 19.708618
5647 48.069475 19.234622 19.234622
5947 47.097677 19.039149 19.039149
3478 97.911093 2.088907 72.373650
18615 97.381672 2.618328 72.222906
16192 97.184872 2.815128 73.638675
6871 95.441548 -4.558452 51.701453
6873 92.196978 -7.803022 54.515967
1062 94.240791 -5.759209 51.451550
6812 23.616037 -8.916323 8.916323
17040 25.043006 -9.402906 9.402906
20054 34.198039 -34.198039 63.323606
599 33.922916 -33.922916 63.274012
15653 34.228360 -34.228360 63.116234
6148 27.764219 -16.609241 16.609241
912 27.136260 -16.236516 16.236516
14772 27.775741 -16.239709 16.239709
12732 47.020918 23.025689 76.974311
8646 37.093251 -26.950451 73.049549
1549 36.393894 -27.017100 72.982900
18186 79.863880 -20.136120 70.457360
4572 53.439566 -36.225877 36.225877
14306 54.165525 -35.809526 35.809526
13593 54.020972 -36.795033 36.795033
27923 3.660677 2.142070 97.857930
16519 3.947368 0.000000 100.000000
27926 4.059184 1.940399 98.059601
6319 67.633890 6.180190 93.819810
17303 85.272786 6.049298 93.950702
14738 84.683496 5.842138 94.157862
20420 13.375986 -10.577654 89.422346
7562 12.832780 -10.712897 89.287103
3413 77.452135 -22.547865 37.462331
18431 13.325828 13.325828 61.481719
17786 15.023714 15.023714 61.325584
1025 13.712866 13.712866 60.043307
10621 84.380288 -4.876493 95.123507
3641 81.995793 -3.601865 96.398135
10619 83.160642 -4.745365 95.254635
14119 7.005787 -1.125648 98.874352
3945 7.001076 -1.177870 98.822130
19192 7.220495 -1.187370 98.812630
15659 98.076923 1.923077 1.923077
15658 97.115385 2.884615 2.884615
27939 98.455362 1.544638 2.146410
16872 98.136429 1.863571 2.836435
3790 100.000000 0.000000 1.388889
13860 89.410272 -10.589728 15.859087
13861 88.540743 -11.459257 16.151602
5362 89.411821 -10.588179 15.588836
3176 97.494800 -2.505200 20.833514
19544 98.565829 -1.434171 20.824315
9587 97.185576 -2.814424 21.408203
18293 7.310593 7.310593 82.627095
8760 10.478690 10.478690 82.726473
9627 8.020338 8.020338 81.493979
15400 69.059672 -30.940328 43.942348
15399 68.313628 -31.686372 44.290815
12394 2.668924 2.668924 64.288494
17896 2.588255 2.588255 63.355483
1489 1.330086 1.330086 63.900806
9559 48.478226 -40.461171 40.461171
16493 91.187448 -8.812552 15.966161
7873 90.735556 -9.264444 16.132630
16492 91.164118 -8.835882 15.801982
2488 16.760341 -14.391246 14.391246
27136 17.884006 -15.238644 15.238644
17073 16.928309 -15.086909 15.086909
27229 17.875090 -15.522458 15.522458
5529 23.406396 -23.406396 39.645620
410 23.312119 -23.312119 40.545007
5530 22.482955 -22.482955 39.674738
11755 72.889184 -27.110816 52.642557
11784 72.393368 -27.606632 52.758395
16214 72.944561 -27.055439 52.238202
11868 14.117406 -14.117406 20.672084
11258 25.970075 -21.758876 78.241124
2242 24.584760 -21.511467 78.488533
11259 25.630314 -22.163850 77.836150
15418 44.359436 42.396313 42.396313
18005 45.284221 41.214793 41.214793
10639 43.679038 40.836138 40.836138
323 80.422332 19.577668 33.578176
5439 80.159719 19.840281 32.839742
5438 79.152046 20.847954 33.690706
8132 26.418826 26.418826 35.158574
944 26.117001 26.117001 36.933977
8133 27.741228 27.741228 36.135550
9311 2.228041 2.228041 16.007378
8916 2.565850 2.565850 15.105056
11149 50.762144 7.877998 7.877998
9865 48.360893 6.214965 6.214965
1517 47.736138 8.455627 8.455627
20903 76.132200 23.867800 30.760824
20904 76.461221 23.538779 30.490837
13802 76.027804 23.972196 30.233944
11780 34.206779 -17.883192 17.883192
11779 33.243219 -17.916649 17.916649
4082 33.233397 -17.204291 17.204291
9790 70.161290 29.838710 70.161290
18878 69.223760 29.385928 70.614072
1285 70.967742 29.032258 70.967742
9707 4.907057 4.907057 7.539559
601 3.964497 3.964497 6.445658
5749 3.754220 3.754220 7.551711
16102 57.640457 -40.783400 40.783400
9584 57.639964 -39.353028 39.353028
974 58.632867 -39.897791 39.897791
14990 23.077666 -11.117835 11.117835
9578 56.515339 -43.484661 54.395695
3173 57.068220 -42.931780 54.479187
9579 56.491891 -43.508109 54.924810
8162 91.028374 8.971626 81.436552
6417 91.803130 8.196870 82.399977
27381 92.209920 7.790080 80.624433
1137 93.499159 6.500841 79.547061
27465 92.632562 7.367438 80.973450
15415 64.917347 26.096181 26.096181
18916 79.855786 20.144214 21.528158
18282 79.758328 20.241672 20.931291
9620 78.695373 21.304627 21.954662
9011 56.643357 -43.356643 56.643357
16313 56.166007 -42.930632 57.069368
13858 55.869201 -43.292565 56.707435
16651 7.175928 -3.559747 96.440253
16650 7.632621 -3.511768 96.488232
20418 13.260859 -10.220998 89.779002
20862 13.310510 -9.924602 90.075398
13921 12.982052 -9.837609 90.162391
9619 77.765087 22.234913 22.949077
20644 77.817038 22.182962 22.524012
3374 60.582193 -38.080189 38.080189
11112 60.594561 -36.783812 36.783812
11114 61.554530 -37.151000 37.151000
14069 0.535905 -0.535905 40.581184
3916 0.754209 -0.754209 42.021041
15398 0.281964 -0.281964 41.291754
18028 20.766578 -20.766578 27.717379
10235 21.451396 -21.451396 28.431939
7242 4.940073 4.940073 83.974654
7240 7.327243 7.327243 84.605215
7241 6.462918 6.462918 83.525466
7515 97.691333 2.308667 25.948346
6068 97.645286 2.354714 25.424254
18068 62.214184 -13.303369 13.303369
18070 61.508690 -13.365286 13.365286
5060 61.896896 -13.025439 13.025439
20207 37.296529 -37.296529 43.304514
4197 37.438351 -37.438351 43.172822
13808 37.624286 -37.624286 43.318253
1783 42.989805 -42.989805 44.538235
7278 44.371922 -44.371922 45.676203
7277 43.029100 -43.029100 45.547900
10866 9.012909 -1.956961 98.043039
3752 8.805583 -1.968014 98.031986
18188 9.061501 -2.059701 97.940299
7902 98.351824 1.648176 78.161640
4138 85.732296 -11.293232 88.706768
18616 86.684355 -11.261615 88.738385
14155 43.499896 -35.965102 64.034898
10065 78.474574 -21.525426 34.236630
10066 77.879949 -22.120051 34.301388
10067 78.465649 -21.534351 33.916048
4683 25.238933 -16.858718 16.858718
8403 8.446464 -8.446464 30.506142
8404 8.367267 -8.367267 29.619300
2530 9.127925 -9.127925 30.252065
4506 94.908510 5.091490 17.797387
13295 95.853140 4.146860 17.117104
18827 95.428280 4.571720 16.848306
627 1.127678 -1.127678 30.157159
5780 1.773740 -1.773740 30.719951
14684 33.563574 -33.563574 36.005546
15180 33.153071 -33.153071 34.927679
4512 35.087719 -35.087719 35.087719
14344 6.514466 -6.514466 73.280840
778 77.156583 -22.843417 59.198775
17832 76.379549 -23.620451 59.947897
17956 76.502551 -23.497449 59.377101
5561 24.757500 -14.679094 14.679094
5560 23.403201 -14.281260 14.281260
437 24.184270 -14.009391 14.009391
15275 8.919829 -1.570495 98.429505
5812 8.864067 -1.603420 98.396580
655 9.012306 -1.614944 98.385056
14892 33.458633 -16.274297 16.274297
15787 32.996534 -15.870885 15.870885
15788 33.759110 -15.913568 15.913568
15111 41.131193 -39.039668 60.960332
3220 40.735151 -38.698231 61.301769
15112 40.612403 -38.868904 61.131096
17551 90.610650 -9.389350 32.054380
8552 90.235247 -9.764753 31.767823
2612 91.330510 -8.669490 31.303348
17827 77.732669 -22.267331 31.892815
4932 78.351227 -21.648773 30.948736
17757 78.883408 -21.116592 31.467763
2976 71.669046 2.848260 97.151740
12815 72.295687 3.111270 96.888730
12630 71.820584 3.141597 96.858403
13125 92.059572 -7.940428 22.018146
4461 91.391215 -8.608785 22.078091
17800 98.618083 -1.381917 19.600986
17799 98.691061 -1.308939 20.196209
15263 97.467653 -2.532347 20.335105
15437 5.681337 -5.681337 46.926109
16968 6.087896 -6.087896 47.713502
17584 5.276123 -5.276123 47.835948
10770 33.339527 -33.339527 42.742336
8173 33.169390 -33.169390 43.528587
10771 32.301842 -32.301842 42.880271
3651 74.023243 -25.976757 58.593867
13380 73.965187 -26.034813 59.205562
14800 73.169158 -26.830842 59.459409
13086 60.667177 -39.332823 52.918086
19739 28.350730 -26.979833 73.020167
11436 28.117003 -27.408800 72.591200
1959 28.817865 -27.422411 72.577589
11199 98.695432 1.304568 40.470797
12222 43.261048 -42.552698 57.447302
12221 42.643251 -42.063606 57.936394
2064 42.788462 -42.788462 57.211538
19245 31.573601 -31.573601 60.462813
3002 32.123243 -32.123243 60.313304
17429 82.894737 0.000000 100.000000
9997 77.856390 -22.143610 65.087182
3370 78.497816 -21.502184 63.623446
9998 79.809898 -20.190102 62.954153
763 85.196931 14.803069 51.076944
5948 83.834492 16.165508 52.274973
5950 85.350721 14.649279 52.097160
11561 64.472577 24.328596 24.328596
13028 64.504172 23.447194 23.447194
13868 0.794587 -0.794587 35.895884
10409 7.370563 -7.370563 25.631296
3391 7.380098 -7.380098 25.151147
13480 95.120510 4.879490 20.012544
13481 94.560896 5.439104 20.125857
4031 94.521940 5.478060 20.627089
5523 21.766719 9.561035 9.561035
5785 20.733145 8.657810 8.657810
5786 20.120190 9.327455 9.327455
17544 22.627384 -22.627384 27.465855
16533 22.251854 -22.251854 26.633951
17542 23.279113 -23.279113 27.337488
18415 47.148075 -42.402793 57.597207
17070 46.623066 -42.259943 57.740057
17146 46.849665 -42.612982 57.387018
4264 26.695356 -23.841270 76.158730
13959 27.255770 -24.503962 75.496038
7369 36.212398 -36.212398 55.798080
1841 35.694199 -35.694199 55.327598
7779 83.250541 16.749459 29.830970
18505 83.182721 16.817279 30.235570
729 83.711700 16.288300 29.805648
984 35.539622 -35.539622 62.618723
6233 35.955823 -35.955823 62.453900
6232 35.737253 -35.737253 62.829905
12245 72.233906 -6.278172 6.278172
3726 73.766567 -6.770634 6.770634
12246 71.514907 -7.270621 7.270621
13718 14.875842 14.875842 48.602703
19382 15.344307 15.344307 50.317648
4155 16.678998 16.678998 49.203329
11475 11.316689 -11.316689 73.456683
1401 12.559085 -12.559085 76.189647
11476 10.150727 -10.150727 74.307962
8136 83.719549 -16.280451 34.613498
14838 85.085762 -14.914238 33.847361
12002 90.963853 -9.036147 15.523687
3842 90.293539 -9.706461 15.776617
12003 90.910106 -9.089894 15.338567
15730 0.980621 0.980621 4.286338
6380 62.571730 -18.542697 18.542697
1110 61.630721 -19.292956 19.292956
13068 61.365469 -18.523654 18.523654
4906 73.218335 -26.781665 63.695208
17804 72.718814 -27.281186 64.279285
19007 72.743620 -27.256380 63.911388
10882 16.605320 16.605320 74.000745
1180 19.325532 19.325532 74.232565
16507 16.978915 16.978915 72.865327
19392 33.410934 -24.039813 75.960187
19065 34.246713 -24.398170 75.601830
2722 16.199205 -16.199205 45.369744
8740 16.061915 -16.061915 46.095659
8741 16.766569 -16.766569 45.924352
18787 3.387967 -3.387967 38.830245
20059 2.874060 -2.874060 38.848427
20785 29.311165 29.311165 47.455924
3818 10.868863 8.295894 8.295894
11046 9.382820 8.423005 8.423005
11047 10.914794 9.388091 9.388091
2531 81.392480 18.607520 27.789569
14256 81.587420 18.412580 27.271831
8405 80.689156 19.310844 27.920376
4721 45.812899 -37.275128 62.724872
14550 45.631547 -37.633567 62.366433
16888 46.298380 -37.693542 62.306458
2814 41.590551 -39.616305 60.383695
9132 41.805374 -39.180444 60.819556
2866 57.174519 41.477066 41.477066
16296 58.276326 40.333072 40.333072
16295 57.153099 39.993308 39.993308
14623 78.627919 12.566602 12.566602
8085 78.100714 13.435987 13.435987
14624 79.421890 13.095856 13.095856
17414 25.457385 25.457385 44.598056
388 25.089081 25.089081 45.809786
17413 26.370560 26.370560 45.934637
12717 11.801582 11.801582 45.250270
12718 11.839884 11.839884 46.624282
12716 13.212798 13.212798 46.145055
5296 4.679987 -4.679987 10.306776
17287 3.960634 -3.960634 10.993589
9424 3.559790 -3.559790 9.636279
16470 3.621674 3.621674 76.512454
2616 7.831559 7.831559 76.645615
8562 3.709947 3.709947 75.271177
17712 56.490097 39.509789 60.490211
17537 54.952823 38.823127 61.176873
8873 72.591680 -11.700823 11.700823
8666 71.417049 -11.974182 11.974182
2675 71.994540 -11.332059 11.332059
14515 90.850130 9.149870 33.918165
3603 91.809434 8.190566 34.091490
16075 91.692524 8.307476 33.249689
5412 3.126346 -3.126346 24.526630
5414 3.156426 -3.156426 23.945085
300 3.600788 -3.600788 24.540442
11638 5.288462 -5.288462 94.711538
12702 6.001409 -5.455598 94.544402
7368 34.009542 -33.195123 66.804877
7428 32.692308 -32.692308 67.307692
17687 7.550304 -7.550304 46.763534
16863 8.335917 -8.335917 47.264014
3531 7.564437 -7.564437 47.842042
16966 6.836986 -6.836986 47.334783
9294 44.050576 32.880741 67.119259
9296 42.606754 33.532060 66.467940
3024 41.171062 32.274366 67.725634
7532 55.916172 -38.991504 61.008496
112 56.152990 -39.261469 60.738531
9141 39.781297 -17.892853 17.892853
9142 38.857989 -18.084657 18.084657
3517 27.566061 -27.566061 47.626514
16555 27.806948 -27.806948 47.266138
10334 28.075477 -28.075477 47.718725
20040 53.376407 -33.373397 33.373397
14513 54.254855 -32.872453 32.872453
11498 54.212801 -33.835219 33.835219
4362 75.593965 8.777520 91.222480
14036 74.493923 9.230808 90.769192
20171 74.143670 8.161333 91.838667
6821 92.102735 -7.897265 25.108985
6822 92.088229 -7.911771 24.739344
2995 100.000000 0.000000 23.611111
7023 38.615335 -38.615335 53.198346
7021 37.898017 -37.898017 52.901625
7022 38.681922 -38.681922 52.628517
19734 78.106034 -21.893966 61.156484
1649 77.096460 -22.903540 62.105189
11370 27.157563 -27.157563 47.236979
11371 27.086243 -27.086243 47.836306
8929 26.416033 -26.416033 47.421280
13502 95.647785 -4.352215 53.953282
13095 91.224513 -8.775487 58.495243
14331 84.968319 15.031681 80.794073
14332 86.825440 13.174560 78.427729
14333 85.017628 14.982372 79.217815
8046 19.738178 -19.738178 48.611104
12621 20.800363 -20.800363 48.531303
2304 20.407841 -20.407841 49.411404
6179 57.383726 -14.118997 14.118997
943 57.837896 -14.060031 14.060031
13871 75.381294 -24.618706 56.971264
10630 74.922019 -25.077981 57.804177
13870 74.246535 -25.753465 57.811041
18666 93.379684 6.620316 13.455162
17643 92.447471 7.552529 14.548617
12320 18.889754 18.889754 70.088659
14205 16.897038 16.897038 70.393447
957 18.935774 18.935774 71.395060
4011 33.947711 -33.947711 61.776820
11586 33.902405 -33.902405 62.018434
8995 83.326232 16.673768 60.872570
13050 39.476218 -21.655190 78.344810
19680 41.171000 -22.032019 77.967981
18092 40.363382 -21.099431 78.900569
7611 76.047738 19.469549 19.469549
7583 75.578599 18.730381 18.730381
1978 74.795134 19.598888 19.598888
10623 97.954678 2.045322 31.754599
16508 14.656356 14.656356 72.734039
4792 15.276803 15.276803 71.862356
18131 43.162573 -35.230959 35.230959
18130 42.315414 -36.042622 36.042622
3246 42.072361 -34.694684 34.694684
12932 8.125902 -1.601325 98.398675
12435 42.799806 40.519164 59.480836
200 44.966163 39.550406 60.449594
10518 45.238231 41.039856 58.960144
19393 37.764469 37.764469 58.766676
3425 38.239215 38.239215 57.702791
18891 37.002417 37.002417 57.510855
14391 99.096490 0.903510 33.819270
4206 100.000000 0.000000 33.333333
14390 99.296379 0.703621 33.084503
3257 51.558020 -31.522507 68.477493
9774 51.028570 -31.136236 68.863764
11971 75.431402 -5.365324 94.634676
11972 78.268658 -6.351121 93.648879
11970 74.973071 -3.579252 96.420748
15327 73.913569 20.549899 20.549899
11160 75.423622 20.347035 20.347035
9787 42.636396 -42.636396 50.364939
13491 43.292104 -43.292104 50.453379
19921 42.839914 -42.839914 50.687052
4765 12.236161 -2.302693 97.697307
18437 12.119018 -2.137672 97.862328
14813 11.823194 -2.339488 97.660512
14399 75.121229 -24.878771 60.807675
3127 74.569162 -25.430838 60.950204
14397 75.203143 -24.796857 60.300097
11520 29.898889 29.898889 46.132629
11521 30.752913 30.752913 47.782054
11519 31.658631 31.658631 46.594010
7495 64.016489 -35.983511 59.194315
7494 63.503948 -36.496052 59.497655
1925 63.878337 -36.121663 58.927845
17279 31.704399 -31.704399 63.592987
12191 31.311869 -31.311869 63.938565
17280 31.265573 -31.265573 63.524487
6561 39.292448 -39.292448 57.563574
8076 40.285096 -40.285096 57.173285
1258 39.889612 -39.889612 57.912592
12657 64.890927 -35.109073 58.889757
4326 65.005133 -34.994867 59.108681
18905 64.588420 -35.411580 59.258228
18906 64.596864 -35.403136 59.599862
14924 17.925255 -4.339359 95.660641
14925 17.820622 -3.871344 96.128656
4787 16.811713 -4.133549 95.866451
3597 45.414984 42.186341 57.813659
10517 47.403016 41.782452 58.217548
13455 47.377070 42.956738 57.043262
10496 71.843341 -28.156659 50.890547
9431 71.394582 -28.605418 51.408521
10495 71.243804 -28.756196 51.170183
6227 92.968618 -7.031382 16.437630
980 92.148341 -7.851659 16.717489
8297 92.781975 -7.218025 16.162408
19686 29.350369 -29.350369 65.792299
11031 20.175439 -20.175439 20.175439
1147 21.052632 -21.052632 21.052632
19806 13.520113 -13.520113 25.782734
19805 12.924484 -12.924484 24.898375
19408 13.849067 -13.849067 25.145692
19362 46.341560 29.024603 29.024603
4971 45.604532 28.655293 28.655293
17480 45.477493 29.363874 29.363874
15246 44.434375 18.547510 18.547510
3968 43.393951 18.780908 18.780908
17296 44.301071 19.342393 19.342393
997 29.280627 20.931349 20.931349
19953 29.097603 21.784320 21.784320
19952 30.296014 21.809037 21.809037
20184 95.616704 4.383296 43.151409
10015 24.377506 -24.377506 45.404422
18578 24.071927 -24.071927 46.049241
7167 23.505058 -23.505058 45.385857
11953 83.559456 16.440544 31.933819
17265 84.085452 15.914548 31.481330
4134 83.600827 16.399173 31.490101
17275 80.766623 9.727405 9.727405
13046 82.599623 9.408884 9.408884
17406 81.695185 8.734187 8.734187
13091 90.022781 -9.977219 35.388901
13090 90.957732 -9.042268 34.317408
4446 91.371828 -8.628172 34.753748
11002 28.542878 -28.542878 50.263516
12008 27.958379 -27.958379 49.730897
20514 76.198850 23.801150 62.795073
17678 75.512273 24.487727 63.970495
20517 76.454280 23.545720 63.166711
5118 19.456829 -19.456829 36.901228
16967 6.718873 -6.718873 48.385636
5168 18.096642 -18.096642 41.344661
909 28.295439 -17.788381 17.788381
6144 28.420188 -17.439101 17.439101
15665 29.152781 -17.964342 17.964342
19689 17.506929 -11.708424 88.291576
19688 18.732170 -11.547396 88.452604
4108 18.039819 -10.919948 89.080052
3426 44.615865 -42.290336 42.290336
18039 45.881624 -42.756993 42.756993
10150 45.203039 -43.653974 43.653974
12385 0.421446 0.421446 17.142836
12386 0.616186 0.616186 16.066339
11930 0.000000 0.000000 16.129032
18410 49.475791 42.481068 57.518932
12415 51.305391 41.928700 58.071300
13074 51.607251 42.853433 57.146567
2724 7.810372 -1.327066 98.672934
19829 7.747668 -1.373403 98.626597
17454 7.972229 -1.386616 98.613384
2794 87.138363 12.861637 23.166393
8864 87.555387 12.444613 22.712572
16036 86.910069 13.089931 22.973689
5934 50.764352 -33.010026 66.989974
15807 50.255049 -32.590587 67.409413
15808 49.999145 -32.842351 67.157649
12914 88.709677 11.290323 88.709677
27656 88.962214 10.403163 89.596837
17381 89.516129 10.483871 89.516129
19763 68.638834 31.361166 45.242464
2222 69.385271 30.614729 46.132821
15583 70.485431 29.514569 44.539542
5667 0.000000 0.000000 73.118280
532 0.000000 0.000000 74.193548
6921 3.536827 3.536827 73.942201
8007 27.330994 27.330994 63.629746
7775 25.607761 25.607761 63.968211
1352 27.812120 27.812120 65.366005
4229 60.306389 -33.067590 66.932410
17762 59.272615 -32.343081 67.656919
17763 59.173085 -32.847540 67.152460
5455 71.040994 -4.517247 4.517247
339 72.012325 -4.558075 4.558075
13884 71.576531 -4.975943 4.975943
11484 19.457898 -10.380043 10.380043
3976 20.444395 -10.010104 10.010104
14714 21.116135 -10.718041 10.718041
7212 34.989857 -34.989857 51.749598
7211 35.519257 -35.519257 52.016377
1741 34.899085 -34.899085 52.251522
5829 75.297040 -24.702960 53.971445
256 75.749620 -24.250380 53.390608
5859 75.986557 -24.013443 53.598787
18240 49.914441 -44.578960 44.578960
18239 50.571988 -44.379110 44.379110
5066 50.283987 -44.816815 44.816815
18238 50.763661 -45.112690 45.112690
17291 59.578544 8.574929 91.425071
5011 58.208088 6.926342 93.073658
4394 79.837528 6.933035 6.933035
12882 80.586412 5.875763 5.875763
16740 78.316152 6.310253 6.310253
12603 79.505729 3.934270 96.065730
3794 79.226457 4.129891 95.870109
10997 78.944064 3.918874 96.081126
14275 48.425383 -18.435194 18.435194
861 47.211954 -18.375018 18.375018
18712 47.827202 -17.738830 17.738830
16210 24.940739 -24.313054 75.686946
3036 25.226840 -24.192259 75.807741
12073 23.149963 -18.077532 18.077532
10520 22.638893 -18.234324 18.234324
12072 22.166814 -17.631534 17.631534
9212 82.571841 17.428159 46.876253
303 83.062893 16.937107 47.966056
13089 83.992555 16.007445 46.278976
12581 46.497076 34.446627 34.446627
428 47.705006 34.103469 34.103469
14476 46.672125 3.123305 96.876695
18609 26.333917 21.046295 21.046295
20680 27.038742 21.390894 21.390894
4300 27.160700 20.937507 20.937507
3079 49.120703 3.672154 3.672154
9392 51.515118 1.770813 1.770813
9391 47.792583 1.256253 1.256253
10279 49.473434 -41.272117 58.727883
9751 49.237089 -41.525462 58.474538
2621 50.019351 -41.687422 58.312578
9056 92.132202 7.867798 23.606940
11893 91.348273 8.651727 23.960593
1632 67.120656 -19.810320 80.189680
11427 67.831103 -18.975575 81.024425
7071 65.364186 -17.862642 82.137358
13047 82.526713 17.473287 52.213273
15895 81.253304 18.746696 52.066313
15714 100.000000 0.000000 14.583333
19941 99.068031 0.931969 15.655438
2587 100.000000 0.000000 15.277778
4459 20.771039 -16.967305 83.032695
13122 21.874832 -17.502820 82.497180
1037 24.162433 24.162433 62.566706
20725 24.275970 24.275970 63.579983
19828 7.578891 -1.313096 98.686904
3944 7.339196 -1.299909 98.700091
19756 7.522590 -1.361456 98.638544
1067 16.570980 -16.570980 31.843910
7543 9.809643 -6.894686 93.105314
7542 9.252002 -6.632589 93.367411
7541 9.361377 -6.948675 93.051325
5707 66.860911 -33.139089 39.836155
14301 66.908639 -33.091361 40.359488
568 66.172918 -33.827082 40.426978
18757 99.003659 0.996341 97.788672
18756 98.768128 1.231872 97.009745
3798 97.858376 2.141624 96.906046
20728 5.834435 -5.834435 56.095992
20026 3.263595 3.263595 83.155162
19466 2.599041 2.599041 84.018922
12690 16.346154 -16.346154 83.653846
16190 18.047014 -16.601268 83.398732
1804 18.168309 -15.915564 84.084436
5908 83.678982 16.321018 29.456868
5909 84.200319 15.799681 29.342143
5910 84.045509 15.954491 29.036061
14781 21.593087 -21.593087 76.805850
12155 21.178054 -21.178054 76.144180
1738 21.841839 -21.841839 75.863082
14178 84.749891 5.504594 94.495406
12159 53.739697 31.328407 68.671593
18809 53.086656 30.047213 69.952787
2896 56.150182 30.606258 69.393742
14264 68.421053 0.000000 100.000000
10325 70.624739 1.051231 98.948769
2017 67.918201 1.031440 98.968560
14742 76.433749 23.566251 36.135296
14637 76.414657 23.585343 37.377174
2925 77.921558 22.078442 36.147194
5139 40.962701 -40.962701 45.017217
43 41.140721 -41.140721 45.429610
5140 40.549081 -40.549081 45.284496
17556 75.914835 -24.085165 57.830229
3650 75.252085 -24.747915 58.300642
10631 75.463104 -24.536896 57.787086
8991 91.232209 -8.767791 29.998708
2718 92.470994 -7.529006 29.626109
15195 91.201211 -8.798789 30.455416
12494 53.418052 -38.682575 61.317425
12017 53.987668 -38.864879 61.135121
15891 53.852432 -38.530982 61.469018
14468 69.286604 -30.713396 48.096535
14467 70.271838 -29.728162 48.024034
3064 69.058783 -30.941217 48.992655
17036 5.733909 5.733909 91.371129
9154 55.063750 -41.408673 58.591327
9156 55.507107 -41.611837 58.388163
1675 55.389501 -41.391003 58.608997
11118 21.287285 -9.473077 90.526923
3837 21.067579 -9.076929 90.923071
17294 20.470429 -9.382271 90.617729
13925 12.303390 -7.025748 92.974252
12060 11.538628 -6.617013 93.382987
1921 11.327751 -7.192073 92.807927
10553 34.476729 -34.476729 51.418496
1742 35.137871 -35.137871 51.284466
15375 54.932661 34.054045 34.054045
15376 55.853015 33.801916 33.801916
4839 55.203678 33.311749 33.311749
15138 11.272133 -11.272133 60.478395
4720 9.228629 -9.228629 59.789301
7239 3.258772 -3.258772 29.493289
13736 3.669727 -3.669727 30.077512
13735 3.252623 -3.252623 30.046389
15673 6.677350 -6.677350 61.411549
14547 7.223908 -7.223908 60.081481
15672 8.451128 -8.451128 61.249212
20147 36.670778 -35.486425 64.513575
163 36.925311 -35.808921 64.191079
16360 79.492432 -14.035322 85.964678
16728 80.416107 -15.355493 84.644507
4942 80.564144 -14.529595 85.470405
10041 37.059252 -37.059252 53.141504
6126 37.268200 -37.268200 52.576336
10131 94.300696 5.699304 27.298392
1893 94.915153 5.084847 27.118436
13946 94.802952 5.197048 26.692657
15451 77.945909 22.054091 43.272087
14125 77.679227 22.320773 42.414156
6588 76.540227 23.459773 43.516576
7870 97.662030 2.337970 29.291925
2178 98.070641 1.929359 29.003516
9554 97.770603 2.229397 28.904756
15059 75.050711 -24.949289 36.680851
18020 75.952264 -24.047736 36.350444
10610 75.220421 -24.779579 37.107433
4829 36.779001 -24.222801 24.222801
15664 38.070097 -24.331774 24.331774
15283 38.018467 -25.192466 25.192466
8807 65.314607 -34.685393 54.526582
8966 64.843177 -35.156823 54.762822
10237 21.582747 -21.582747 29.077816
17450 45.600157 -42.167130 57.832870
17451 45.066246 -42.371509 57.628491
17452 45.791594 -42.622989 57.377011
16328 94.401985 5.598015 33.598546
4935 93.656627 6.343373 34.289581
16326 94.525448 5.474552 34.268793
17684 75.918053 -24.081947 34.397119
6274 76.229542 -23.770458 34.442804
6125 75.839238 -24.160762 34.692624
11100 12.735980 -12.735980 42.776958
11102 11.962115 -11.962115 43.110380
1460 92.838128 -7.161872 24.245623
73 17.525804 -17.525804 42.813569
14405 17.096821 -17.096821 43.385694
9746 16.830480 -16.830480 42.728378
13526 1.724197 -1.724197 44.842478
12850 2.173401 -2.173401 45.515110
4388 1.617865 -1.617865 46.173740
15442 81.039519 -18.960481 32.143260
20569 62.865962 37.134038 47.540799
6877 63.168269 36.831731 46.629752
5114 61.798630 38.201370 47.944525
182 47.984353 -21.040451 21.040451
5286 48.936801 -21.495201 21.495201
9268 47.941758 -21.898050 21.898050
17671 74.260695 -24.448136 24.448136
12331 74.763885 -23.632264 23.632264
2006 42.192894 27.295981 27.295981
18271 41.933622 27.881613 27.881613
13163 76.018898 -23.981102 55.341570
13164 76.253627 -23.746373 55.882402
900 74.733907 -25.266093 56.660418
1958 50.625646 -29.950517 70.049483
9273 49.864334 -29.481536 70.518464
3582 91.910651 -8.089349 14.180686
12497 92.929419 -7.070581 13.440276
16021 92.849243 -7.150757 13.974053
5313 15.780767 -15.780767 30.407451
204 15.260518 -15.260518 30.096524
18940 15.560648 -15.560648 29.819254
7734 58.138395 2.461758 97.538242
2082 58.015851 1.928586 98.071414
14072 18.431878 8.967380 8.967380
19742 68.269231 -31.730769 31.730769
4580 67.307692 -32.692308 32.692308
19741 67.080722 -32.068190 32.068190
6054 1.218386 -1.218386 71.603617
6053 0.000000 0.000000 69.892473
832 1.515876 -1.515876 70.461102
5119 19.723091 -19.723091 37.667740
22 20.121063 -20.121063 37.224377
2639 21.427595 -21.427595 77.555091
16556 21.024459 -21.024459 77.310765
17178 63.740830 -36.259170 52.530901
17179 64.126148 -35.873852 52.959123
17177 63.167688 -36.832312 53.308775
5110 22.056797 -22.056797 34.710548
14 21.388414 -21.388414 34.030134
5108 22.296353 -22.296353 34.179386
13801 76.788475 23.211525 30.844098
14158 75.750907 24.249093 55.605879
2924 2.957139 -2.957139 49.448388
11176 3.744824 -3.744824 49.018787
4700 72.325766 -27.674234 37.451760
20031 72.913504 -27.086496 37.641551
20152 71.737917 -28.262083 38.199723
17980 7.093220 -2.321523 97.678477
2132 7.395553 -2.437469 97.562531
17981 7.501156 -2.348578 97.651422
4874 19.205668 -19.205668 45.085226
15703 19.650687 -19.650687 45.168498
15704 19.189590 -19.189590 45.449745
996 39.530193 -28.742169 71.257831
6247 38.094584 -28.545673 71.454327
14996 38.586838 -29.152601 70.847399
3386 38.265056 -9.740083 90.259917
11189 35.675659 -10.353515 89.646485
20183 90.312431 8.165654 8.165654
18389 92.307692 7.692308 7.692308
2235 91.346908 7.192537 7.192537
2039 85.828990 14.171010 58.963356
19371 2.218992 -2.218992 44.432150
19372 2.310446 -2.310446 43.331484
19373 2.758478 -2.758478 44.206987
1379 54.230407 8.089639 8.089639
20242 57.108248 7.491649 7.491649
19565 55.838204 5.978362 5.978362
17466 84.256978 4.588822 95.411178
17467 84.572082 4.441049 95.558951
17469 84.328606 4.798049 95.201951
18919 11.312373 -11.312373 42.241587
6536 11.842028 -11.842028 41.542430
1236 12.098809 -12.098809 42.316007
18915 53.508205 -20.655919 20.655919
18580 54.600074 -20.818335 20.818335
18945 53.931963 -21.378524 21.378524
7364 57.318866 -29.951790 70.048210
7362 56.853200 -30.458246 69.541754
7363 58.386362 -30.837216 69.162784
9382 30.507832 -28.032755 71.967245
1961 29.919566 -28.111175 71.888825
9381 30.537060 -28.403181 71.596819
11844 28.038030 -9.777619 9.777619
11823 29.305054 -10.140251 10.140251
11845 28.370739 -10.379001 10.379001
27139 87.929899 0.701702 99.298298
27140 86.782043 0.757470 99.242530
15851 90.122054 0.613821 99.386179
9202 88.610452 0.410569 99.589431
7889 3.462932 -3.462932 46.804163
2198 2.863234 -2.863234 47.035697
10831 56.327373 -35.179667 64.820333
3738 57.287196 -35.553431 64.446569
125 4.259975 -1.498275 98.501725
16675 4.796819 -1.726517 98.273483
16674 4.882139 -1.598645 98.401355
17590 88.409885 11.590115 77.531427
4689 87.295303 12.704697 79.690524
8267 86.424904 -13.575096 32.943522
27382 85.486391 -14.513609 33.198638
14839 86.143563 -13.856437 32.569409
16672 46.113828 28.188722 28.188722
18554 47.100935 28.475577 28.475577
17091 0.000000 0.000000 35.483871
11535 0.660589 -0.660589 34.863216
7453 35.790098 -20.861340 79.138660
19101 34.795481 -21.378830 78.621170
1897 36.691350 -21.957456 78.042544
12262 84.069799 -15.930201 45.573427
10891 83.563608 -16.436392 45.447098
15856 84.729586 -15.270414 44.730899
7639 65.480085 20.751049 20.751049
603 65.357114 19.978217 19.978217
18351 64.541610 20.551700 20.551700
2250 87.768965 -2.017967 2.017967
18303 88.030826 -0.940420 0.940420
18302 90.752279 -0.937973 0.937973
4628 61.169673 17.570191 17.570191
13927 59.737332 17.585746 17.585746
15300 60.298031 18.348111 18.348111
10023 76.612903 23.387097 76.612903
10525 78.951909 21.048091 74.932614
10524 78.491412 21.508588 73.893589
20616 76.377186 23.622814 32.717923
17159 77.311185 22.688815 32.485632
4610 76.761511 23.238489 31.852911
17570 23.237067 23.237067 61.169947
5026 22.568939 22.568939 60.113967
20263 25.769532 25.769532 47.118869
19182 24.490556 24.490556 48.136503
5006 26.124144 26.124144 48.753443
11582 32.894737 0.000000 100.000000
11583 32.340828 -1.026758 98.973242
11584 33.921613 -0.673003 99.326997
2880 30.015204 -27.420375 72.579625
14527 29.953259 -27.747020 72.252980
9045 30.484760 -27.694781 72.305219
5231 81.730769 -18.269231 18.269231
5232 83.788045 -16.211955 17.047283
5230 83.073998 -16.926002 17.849130
27383 98.172835 -1.827165 48.312777
27384 97.815373 -2.184627 48.057489
27818 99.009288 -0.990712 47.069368
27727 100.000000 0.000000 46.527778
27486 98.532574 -1.467426 48.720013
12247 70.088854 -6.772316 6.772316
19184 53.075987 37.380275 37.380275
19185 53.117512 38.767967 38.767967
17075 54.211083 37.929177 37.929177
576 56.027217 20.838156 20.838156
13389 57.138614 21.164859 21.164859
13388 56.983478 20.241958 20.241958
10857 31.603957 -15.848611 84.151389
12357 30.158722 -16.234833 83.765167
13551 31.732731 -16.758517 83.241483
11105 91.976252 -8.023748 30.508961
17540 13.525958 -0.871369 99.128631
15722 12.710877 -0.881686 99.118314
18454 13.247438 -1.019347 98.980653
7092 60.660584 -15.789644 84.210356
7072 63.098050 -16.864048 83.135952
7093 61.470522 -14.814778 85.185222
17852 4.091180 -4.091180 51.842969
19183 4.703049 -4.703049 50.749533
4097 5.324962 -5.324962 51.422632
2933 76.511691 -13.896094 13.896094
14465 30.954169 -11.170825 11.170825
17277 31.191344 -11.753172 11.753172
4709 30.301403 -11.469193 11.469193
11720 41.868940 -35.117845 64.882155
3611 41.292326 -35.237354 64.762646
14041 42.129092 -35.503135 64.496865
4315 22.447109 -22.447109 49.354533
20203 23.006119 -23.006119 50.140270
13813 22.008799 -22.008799 50.169953
20200 6.385736 6.385736 18.108169
19088 24.023177 -24.023177 29.926923
17058 24.345531 -24.345531 30.558850
6691 58.605090 -41.394910 58.180055
15046 59.085531 -40.914469 58.443911
11934 58.741259 -41.258741 58.741259
14235 39.466244 -29.480485 29.480485
13377 38.326474 -28.686250 28.686250
642 39.362635 -28.301196 28.301196
11548 18.276879 -18.276879 43.403969
11547 17.652940 -17.652940 43.983961
20686 17.638111 -17.638111 43.396798
4695 90.183998 9.816002 16.039013
14362 90.272711 9.727289 16.706349
17642 91.370045 8.629955 15.665126
4466 45.308170 -29.308653 70.691347
13139 44.869248 -29.740116 70.259884
16387 45.837602 -29.891182 70.108818
4909 7.586333 -7.586333 11.121074
16087 8.195440 -8.195440 11.185428
16086 7.958401 -7.958401 11.856022
12212 76.436704 -23.563296 56.443256
3649 75.694973 -24.305027 57.226290
19770 55.894814 32.877613 32.877613
5291 36.077793 -29.121306 70.878694
5292 35.544152 -29.365503 70.634497
185 36.309279 -29.537470 70.462530
15555 68.650560 -31.349440 47.454326
11183 67.904454 -32.095546 47.900753
3859 68.186186 -31.813814 47.497236
12888 70.246133 3.668429 96.331571
5612 70.960361 3.884871 96.115129
482 70.492027 4.028186 95.971814
8193 26.838579 -26.838579 33.366725
12076 26.637984 -26.637984 32.559396
2401 27.674014 -27.674014 33.133394
19903 100.000000 0.000000 18.750000
9709 99.408248 0.591752 19.195763
9803 30.598180 -9.226257 9.226257
9801 29.086106 -8.743262 8.743262
9802 30.524905 -8.453996 8.453996
5226 3.497710 -1.385468 98.614532
16828 4.215448 -1.639720 98.360280
8829 49.256543 -43.811366 43.811366
8828 48.639728 -43.992245 43.992245
2311 48.703496 -43.155805 43.155805
18897 58.505725 34.678413 34.678413
1345 58.743187 33.586448 33.586448
11593 57.662347 34.001102 34.001102
5181 90.773046 9.226954 10.354822
15034 90.327306 9.672694 11.198536
82 91.263511 8.736489 10.486350
2376 58.092071 -19.207559 80.792441
19338 58.016986 -20.412289 79.587711
18424 59.952687 -20.663488 79.336512
10029 37.740990 -7.518423 92.481577
12585 2.637415 2.637415 17.708940
2944 54.540920 -41.393549 58.606451
11978 53.846702 -41.333894 58.666106
5259 0.000000 0.000000 54.838710
5257 1.284401 1.284401 55.452276
5258 1.677124 1.677124 54.340318
16106 48.081725 -28.366485 71.633515
16767 20.232049 20.232049 60.224355
5931 19.231269 19.231269 61.027840
748 20.853475 20.853475 61.509999
17536 55.283807 37.896616 62.103384
7785 33.953667 -33.953667 59.540282
7783 33.547143 -33.547143 59.126262
16892 97.279067 2.720933 32.328813
19938 97.558577 2.441423 32.613227
13796 84.115976 -2.842833 2.842833
13795 84.962963 -1.812155 1.812155
9546 53.189506 -3.347809 3.347809
9545 51.832126 -1.801415 1.801415
3160 55.018092 -2.136763 2.136763
18925 65.384615 -34.615385 34.615385
16827 65.523577 -34.476423 35.186988
19257 64.423077 -35.576923 35.576923
7576 38.993325 -20.807485 20.807485
1975 40.352545 -20.494455 20.494455
18950 40.151401 -21.473356 21.473356
15995 33.609065 -33.609065 60.083757
2116 33.238704 -33.238704 59.729105
3905 43.352251 21.975212 21.975212
18222 43.342957 21.185524 21.185524
11306 42.470976 21.476507 21.476507
3963 38.220341 18.969992 18.969992
10620 84.822884 -5.701766 94.298234
15403 86.436398 -6.875050 93.124950
19977 97.627387 2.372613 18.826819
20022 97.197960 2.802040 18.904696
15344 97.128127 2.871873 19.393083
13142 33.948274 -33.948274 39.807909
12532 84.124097 15.875903 32.369192
20629 83.638515 16.361485 32.677672
9104 7.598817 -7.598817 57.427411
1268 8.825518 -8.825518 56.333093
12145 3.310021 -3.310021 30.614288
9893 3.433595 -3.433595 31.255412
3317 2.951580 -2.951580 30.775133
11590 31.507126 21.830798 21.830798
20003 30.509424 20.952652 20.952652
611 56.910383 -23.222885 23.222885
5762 56.958798 -22.233036 22.233036
17008 6.292234 6.292234 21.521801
17009 7.232079 7.232079 22.532728
10646 7.578134 7.578134 21.421168
15929 9.324304 -9.324304 52.859790
2317 9.750869 -9.750869 51.444846
15092 10.699236 -10.699236 52.610121
15093 11.138825 -11.138825 51.422063
3743 43.845622 -33.360385 33.360385
10839 42.959565 -33.997897 33.997897
10840 42.800122 -32.780821 32.780821
6121 20.241525 -20.241525 46.293373
888 20.620844 -20.620844 45.440456
14753 21.077969 -21.077969 46.496151
12805 75.283932 3.633969 96.366031
240 75.515005 3.895703 96.104297
10532 74.947215 3.735421 96.264579
5027 93.908603 2.102945 97.897055
17594 93.941999 1.628048 98.371952
18807 95.385157 1.595984 98.404016
6627 29.952112 -17.333527 17.333527
1306 30.582811 -18.159572 18.159572
10192 29.282242 -17.480747 17.480747
14157 77.368492 22.631508 53.943673
18654 78.747038 21.252962 52.354879
1087 72.580645 27.419355 72.580645
10018 71.774194 28.225806 71.774194
16531 98.601399 -1.398601 98.601399
27952 99.404870 -0.595130 98.845939
16203 98.951049 -1.048951 98.951049
1653 63.528889 -36.471111 41.088550
8371 62.956389 -37.043611 41.153934
11914 63.645167 -36.354833 40.634853
9468 95.019088 4.980912 23.449432
3575 83.127607 -10.964064 10.964064
10464 84.000064 -10.793844 10.793844
10463 83.014904 -11.429151 11.429151
7968 85.955367 -3.231289 3.231289
12568 21.070763 -15.876333 15.876333
2489 20.106047 -15.231376 15.231376
12566 21.206069 -15.486078 15.486078
14339 5.555906 5.555906 16.788011
14338 4.245217 4.245217 16.495773
13297 12.076382 -2.631370 97.368630
11384 11.915491 -2.527994 97.472006
3930 11.754605 -2.587880 97.412120
12042 75.996231 24.003769 33.695083
5664 48.032693 -16.074545 16.074545
9818 48.703363 -16.493147 16.493147
9819 47.763813 -16.587670 16.587670
5321 18.386565 -18.386565 60.868777
12371 65.672884 -34.327116 53.656223
1399 2.707724 -2.707724 25.790714
17607 2.144924 -2.144924 25.756802
9638 2.140719 -2.140719 25.175521
10435 78.025858 -9.124689 9.124689
10434 76.935668 -9.313052 9.313052
3560 77.695390 -8.719524 8.719524
16834 90.487783 -7.860734 7.860734
16833 90.736747 -8.114883 8.114883
16800 89.691531 -8.571610 8.571610
15897 86.248288 13.751712 28.475448
18687 85.873306 14.126694 28.333770
3457 85.743024 14.256976 28.728348
13723 24.032673 -24.032673 37.170760
1533 24.418194 -24.418194 36.879680
6658 73.187074 -26.812926 56.970479
6657 74.104450 -25.895550 56.386509
6134 73.463282 -26.536718 57.249657
2620 51.068973 -41.964478 58.035522
8568 50.672678 -41.848230 58.151770
8567 50.918622 -42.104714 57.895286
10092 12.447967 -2.037325 97.962675
3410 13.047388 -2.082315 97.917685
10090 12.718281 -1.917322 98.082678
19542 11.144497 -0.597973 99.402027
20237 10.365487 -0.650007 99.349993
1571 47.005315 -33.931635 66.068365
7996 47.909320 -34.376888 65.623112
7995 47.890587 -34.026269 65.973731
15204 1.894206 1.894206 47.480637
13661 3.009558 3.009558 46.529121
1207 66.566661 17.138258 17.138258
15002 65.699184 17.790817 17.790817
10437 66.840920 17.914729 17.914729
18614 34.815096 -34.815096 48.927161
16809 35.280812 -35.280812 48.305046
19586 35.838508 -35.838508 49.023792
6955 38.928700 -34.103979 65.896021
6954 38.571740 -33.536010 66.463990
1551 37.905983 -33.797252 66.202748
15922 33.314668 -22.764038 77.235962
14443 32.351711 -22.435298 77.564702
4350 32.647660 -22.842534 77.157466
13294 95.448962 4.551038 17.814699
2954 95.717461 4.282539 17.928057
9177 96.107145 3.892855 17.408659
12562 13.988049 -2.760748 97.239252
18462 14.470077 -2.841445 97.158555
4296 14.330386 -2.661906 97.338094
19329 13.145127 -5.081606 94.918394
4181 12.326764 -4.386303 95.613697
12132 11.866430 -4.917613 95.082387
14712 95.761624 4.238376 27.608212
4611 96.224585 3.775415 27.478811
13810 96.136338 3.863662 27.134977
6920 53.117905 38.109970 61.890030
8639 25.174069 -25.174069 42.366908
1232 35.836084 -35.836084 61.722243
6902 36.176035 -36.176035 62.015161
17752 35.672842 -35.672842 62.240540
4008 65.106011 -11.441723 88.558277
20148 66.517388 -14.234380 85.765620
18561 67.612589 -13.748014 86.251986
7163 61.871939 -38.128061 58.078992
16642 44.621072 -24.915804 24.915804
16641 45.740622 -25.256968 25.256968
1475 44.899528 -25.852036 25.852036
6671 30.861394 -26.825498 73.174502
1342 31.236552 -26.837559 73.162441
15882 30.963289 -26.646581 73.353419
11701 96.876206 3.123794 31.758325
16377 96.571671 3.428329 31.413366
16378 96.223343 3.776657 32.041787
16512 69.717167 30.282833 53.891044
16513 68.094764 31.905236 54.416097
16514 68.706599 31.293401 55.349523
6252 20.212766 20.212766 20.212766
11696 18.712649 18.712649 20.181853
14904 19.781638 19.781638 21.242122
9936 69.444301 -30.555699 53.056105
13626 69.814017 -30.185983 52.980744
19191 69.417568 -30.582432 53.341485
6341 0.000000 0.000000 5.376344
6343 0.928854 0.928854 5.374901
1074 0.000000 0.000000 4.301075
14559 44.364360 -37.958400 62.041600
10416 44.027024 -38.046033 61.953967
3554 44.500933 -38.264826 61.735174
14539 44.946733 -38.179920 61.820080
16969 19.326441 -19.326441 66.352283
16660 20.604428 -20.604428 67.498082
2832 96.966481 3.033519 95.287343
8932 96.686230 3.313770 94.570672
13726 95.556151 4.443849 94.480677
9270 18.150049 -18.150049 19.911392
9269 17.665651 -17.665651 18.970018
2351 18.522221 -18.522221 19.657100
7080 34.570236 -34.570236 63.036853
6698 34.549036 -34.549036 63.222103
7079 34.389297 -34.389297 63.174848
5580 79.796401 -20.203599 51.390446
5989 79.249481 -20.750519 52.046044
456 79.210440 -20.789560 51.718036
19818 81.375384 -14.456924 85.543076
16361 80.226779 -13.424225 86.575775
1779 45.902979 -21.675006 21.675006
7273 46.854916 -22.233619 22.233619
7272 45.811713 -22.463824 22.463824
2882 29.329867 -22.023755 22.023755
19267 29.220246 -22.734946 22.734946
10197 78.468981 -21.043001 21.043001
711 77.823306 -20.858164 20.858164
5674 71.045389 -28.954611 41.394842
5675 70.864349 -29.135651 41.886594
5676 70.262697 -29.737303 41.918029
5747 2.853639 2.853639 6.456110
5748 2.659338 2.659338 7.553775
4836 50.260041 -42.330769 57.669231
15356 50.128331 -42.084414 57.915586
15357 49.873289 -42.257659 57.742341
9249 81.259072 3.486148 96.513852
20864 81.013304 3.432416 96.567584
20873 81.210314 3.381740 96.618260
6012 8.553766 -8.553766 23.906564
14091 8.521688 -8.521688 23.190831
7469 49.560573 37.214629 37.214629
7468 48.321023 37.435767 37.435767
988 49.223717 38.492235 38.492235
1788 81.282785 4.491416 95.508584
7284 81.078292 4.691634 95.308366
15385 23.746166 23.746166 30.591221
17044 24.675990 24.675990 31.225423
20677 24.687362 24.687362 30.472644
8196 43.654809 -38.065719 61.934281
8194 43.350716 -37.835971 62.164029
8195 43.217353 -37.998869 62.001131
9664 38.157901 -38.157901 60.386549
9665 38.494302 -38.494302 60.080760
3211 38.566517 -38.566517 60.437998
9663 38.069709 -38.069709 60.690577
13368 50.864404 -42.441833 57.558167
2619 50.789016 -42.241871 57.758129
18278 50.519380 -42.273277 57.726723
1461 86.907829 13.092171 76.975524
5023 40.481342 -15.458734 15.458734
18958 39.823081 -15.021623 15.021623
19648 29.913422 -29.913422 65.663378
19639 29.986238 -29.986238 65.376393
5091 30.129671 -30.129671 65.522458
19603 30.262431 -30.262431 65.312979
9786 41.408861 -41.408861 50.491272
9784 42.073114 -42.073114 50.368078
9785 42.150857 -42.150857 50.710833
11650 95.056919 4.943081 20.551148
9050 95.000111 4.999889 21.073689
2884 95.566035 4.433965 20.504895
10246 85.546643 -9.699432 90.300568
17498 87.160956 -10.528232 89.471768
7789 72.115385 -27.884615 27.884615
2122 73.076923 -26.923077 26.923077
7263 51.857441 -13.218522 13.218522
1772 51.021446 -13.950084 13.950084
6202 40.826042 36.615953 36.615953
6203 39.417626 35.889365 35.889365
7360 35.790429 -33.902371 66.097629
16670 36.480423 -33.907959 66.092041
3629 45.464819 -38.016157 61.983843
14553 44.694756 -37.805804 62.194196
20906 80.624683 19.375317 29.482112
20901 80.457625 19.542375 29.371485
19118 80.224302 19.775698 29.861973
2199 64.530656 -35.469344 58.726285
12948 64.728726 -35.271274 58.575103
7994 64.653522 -35.346478 58.767941
1776 75.000000 25.000000 25.000000
7307 73.674225 25.197677 25.197677
12625 74.038462 25.961538 25.961538
14074 49.380275 -32.739714 67.260286
10386 49.706556 -33.014574 66.985426
19043 36.041440 -36.041440 59.891950
849 36.178129 -36.178129 60.222709
19044 35.673450 -35.673450 60.316282
7231 35.897233 -35.897233 60.601878
2075 93.401416 -6.598584 15.544605
8296 92.486058 -7.513942 15.986657
8329 92.887509 -7.112491 15.491016
2783 12.434404 -9.521875 90.478125
19784 45.862434 17.607045 17.607045
18283 46.574948 18.348667 18.348667
16585 47.119379 17.603014 17.603014
1858 97.324570 2.675430 5.138091
11558 97.359158 2.640842 5.802384
11560 98.654071 1.345929 4.660961
15667 65.114456 10.271812 10.271812
14130 63.339258 10.541180 10.541180
3145 64.403328 11.362080 11.362080
18394 41.669765 35.362719 64.637281
2529 44.069253 36.394500 63.605500
18395 41.085662 36.341755 63.658245
4865 85.499828 -14.500172 15.237678
17951 85.140276 -14.859724 15.317962
15594 86.275071 -13.724929 14.622798
10378 39.685423 -39.685423 43.035891
7976 45.731833 -36.410946 63.589054
2258 45.729357 -36.655936 63.344064
15236 46.183082 -36.786315 63.213685
8394 15.322581 15.322581 84.677419
8393 12.904471 12.904471 83.814587
1269 62.585493 -37.414507 38.090835
6575 63.605667 -36.394333 37.112924
19221 91.450974 -7.068151 7.068151
9127 90.079957 -7.659206 7.659206
2566 91.152828 -6.614570 6.614570
4137 83.089030 -11.215569 88.784431
16568 81.284880 -11.201638 88.798362
14872 82.871976 -12.208590 87.791410
13143 32.844195 -32.844195 40.094413
13241 33.184399 -33.184399 41.098102
3748 82.332613 17.667387 38.182344
12958 82.084105 17.915895 38.744767
12957 82.744733 17.255267 38.383555
6668 3.256415 3.256415 42.057965
10226 27.821738 -27.821738 40.282424
10228 27.860816 -27.860816 40.907099
5204 39.209263 -39.209263 41.714920
5205 39.337143 -39.337143 42.140729
5206 38.790506 -38.790506 41.905455
12079 42.888525 35.208495 35.208495
12080 44.144284 35.658924 35.658924
12081 43.666102 34.441593 34.441593
1824 36.290323 36.290323 63.709677
13694 37.096774 37.096774 62.903226
7340 35.762551 35.762551 61.911908
19119 80.945536 19.054464 29.880127
2438 79.861284 20.138716 30.902104
17432 98.211457 1.788543 76.698855
680 37.735168 -30.416067 69.583933
8017 36.924956 -29.910226 70.089774
8016 36.679114 -30.323019 69.676981
11695 17.187966 17.187966 20.152200
11694 17.652977 17.652977 19.095354
7940 14.364396 -14.364396 15.250794
20699 15.113121 -15.113121 15.581255
19878 77.864948 17.196607 82.803393
15613 83.505524 -3.666859 96.333141
4853 86.353658 -4.263072 95.736928
15614 81.618925 -1.800061 98.199939
11767 31.324566 -31.324566 61.490739
14007 31.426068 -31.426068 61.038096
4077 31.868248 -31.868248 61.313191
9821 87.324576 6.701203 93.298797
17439 87.412206 6.185298 93.814702
3283 87.977435 6.323417 93.676583
17440 88.272632 5.863163 94.136837
17831 17.229717 -17.229717 34.799209
721 18.109937 -18.109937 34.688913
5898 17.717000 -17.717000 35.393318
15473 32.277863 11.760202 11.760202
18201 53.467061 -46.532939 50.698167
4630 53.872087 -46.127913 50.257831
18202 54.339272 -45.660728 50.333475
14266 41.023463 -35.535860 64.464140
1289 40.746899 -35.764032 64.235968
14267 41.451798 -35.937268 64.062732
14274 41.123513 -36.140274 63.859726
2170 29.338301 29.338301 50.220290
5138 40.291873 -40.291873 44.775216
44 39.835813 -39.835813 45.046256
4224 26.223978 26.223978 43.326745
15694 27.042215 27.042215 44.820450
10764 31.938143 -31.938143 64.413457
7249 32.223528 -32.223528 64.010454
20428 6.824052 -2.022810 97.977190
20426 6.776062 -2.051458 97.948542
8584 6.990253 -2.072056 97.927944
15598 12.324182 12.324182 22.764257
2472 13.174151 13.174151 23.660346
8309 13.812396 13.812396 22.823065
9386 43.228769 -41.415095 58.584905
8904 42.887331 -40.847797 59.152203
2815 42.346351 -41.211235 58.788765
16122 46.707569 -29.511930 70.488070
4535 47.027456 -29.889501 70.110499
13440 47.378488 -29.668858 70.331142
14245 39.896536 -39.477519 60.522481
14244 39.778084 -39.113828 60.886172
1259 38.942308 -38.942308 61.057692
9719 39.423077 -39.423077 60.576923
9673 41.461473 -40.992594 59.007406
9656 41.400305 -40.475092 59.524908
9672 41.988641 -41.624701 58.375299
12890 34.960055 -34.960055 50.461907
12892 35.408902 -35.408902 50.082324
4399 35.545063 -35.545063 50.491712
16992 75.772717 -24.227283 43.729381
13385 75.801216 -24.198784 44.277202
3040 74.937565 -25.062435 44.429061
8079 19.717177 -19.717177 27.664044
538 85.203287 -14.796713 24.309417
16588 84.836501 -15.163499 23.268593
11298 86.958436 -13.041564 22.909508
7133 72.487436 -27.512564 54.600128
1677 72.140818 -27.859182 54.862957
10592 72.196323 -27.803677 54.618994
8583 6.854235 -1.975994 98.024006
8585 7.235986 -2.042448 97.957552
10206 59.308889 -35.843784 64.156216
2991 59.591501 -36.416931 63.583069
10207 60.557058 -36.276037 63.723963
5131 35.172130 -27.874597 27.874597
5129 36.162214 -27.970005 27.970005
5130 35.934490 -28.874298 28.874298
12877 69.450295 3.897958 96.102042
6402 68.942392 3.903159 96.096841
6406 69.004529 3.658817 96.341183
14210 21.420291 18.623946 18.623946
3636 19.059724 -2.189000 97.811000
14248 19.629952 -2.450823 97.549177
13171 20.042812 -2.080433 97.919567
9280 38.204788 -15.210293 15.210293
3012 38.824392 -15.579483 15.579483
6759 96.797499 -3.202501 16.994332
6760 97.345115 -2.654885 16.072728
6758 98.052644 -1.947356 16.508252
11945 56.493040 35.490323 35.490323
3941 56.318637 36.813918 36.813918
15128 57.448601 36.079447 36.079447
9866 45.354807 4.546613 4.546613
13540 70.764442 19.320932 80.679068
10295 73.383888 20.047156 79.952844
3495 72.387318 20.881437 79.118563
12734 74.038462 -25.961538 25.961538
8539 74.621401 -25.378599 26.972215
16949 31.376837 -31.376837 43.874841
16950 30.649518 -30.649518 43.486255
16948 31.359804 -31.359804 43.154521
6599 40.439105 -35.964579 64.035421
15732 86.892018 5.537554 94.462446
18475 86.085208 5.807615 94.192385
18476 86.271522 5.384516 94.615484
1768 43.882358 -43.882358 50.961422
7255 43.294076 -43.294076 51.552555
13829 42.652701 -42.652701 51.099012
11979 53.699250 -41.716537 58.283463
720 17.420615 -17.420615 35.784877
20098 16.894718 -16.894718 35.818517
17830 17.076963 -17.076963 35.323274
14318 46.089608 -39.379556 39.379556
4686 46.151106 -40.350865 40.350865
3427 45.842230 -44.591304 44.591304
10151 44.736842 -44.736842 44.736842
19676 33.647925 -33.647925 61.491334
17944 33.303554 -33.303554 61.406683
19675 33.638697 -33.638697 61.147206
8292 62.603643 34.432868 65.567132
12772 60.097515 34.335599 65.664401
2461 60.579234 33.307922 66.692078
12289 59.951397 -33.447503 66.552497
5198 58.898451 -33.183942 66.816058
98 59.486932 -33.737400 66.262600
20681 17.530290 -17.530290 41.309007
74 17.468368 -17.468368 40.885148
17164 3.855304 -3.855304 24.220607
8073 43.846981 15.430985 84.569015
2323 42.012797 15.711959 84.288041
6439 95.107043 4.892957 19.116150
1156 95.495811 4.504189 18.677983
18856 95.146974 4.853026 18.728007
11894 91.070612 8.929388 23.565378
6010 91.457971 8.542029 22.848613
12057 83.866886 -16.133114 60.928896
1821 86.178422 -13.821578 59.933543
16349 81.952035 -18.047965 64.029010
9856 47.639495 -14.317656 14.317656
13203 46.717313 -13.685890 13.685890
15529 37.334107 -33.223876 66.776124
14196 36.089129 -32.912634 67.087366
17924 36.762360 -33.535084 66.464916
5425 57.351369 -42.648631 48.954630
311 58.666289 -41.333711 48.537890
5426 57.533892 -42.466108 49.318976
5427 58.284075 -41.715925 49.440802
20551 77.896685 22.103315 28.638018
15009 78.463221 21.536779 28.697702
20550 78.326711 21.673289 28.197248
12325 93.054787 6.945213 12.948574
9475 92.804593 7.195407 12.413808
6075 36.579636 -36.579636 60.166573
8185 36.876253 -36.876253 59.935021
850 36.807182 -36.807182 60.140537
6073 36.739233 -36.739233 60.341600
2729 29.874540 -29.874540 32.765134
8754 31.633837 -31.633837 33.065742
8753 30.896652 -30.896652 33.733246
6935 28.135243 -28.135243 64.862746
6934 28.507739 -28.507739 65.028373
1538 28.150963 -28.150963 65.278250
12449 55.203589 19.776124 80.223876
12448 54.186814 18.243467 81.756533
2037 56.490254 18.873037 81.126963
1480 30.982895 -29.513491 70.486509
6850 31.619318 -29.965876 70.034124
6849 31.872128 -29.533293 70.466707
16973 29.372284 -24.885310 75.114690
1860 55.918932 -17.292525 17.292525
7397 54.979561 -17.011944 17.011944
7718 56.165546 -16.540884 16.540884
15862 35.483871 35.483871 64.516129
15861 37.250536 36.293696 63.706304
3422 7.963420 -7.963420 32.962583
10143 8.053639 -8.053639 33.847854
13683 7.319210 -7.319210 33.321092
7838 69.970459 -24.572455 75.427545
12107 69.166070 -23.553575 76.446425
2155 68.449360 -23.836452 76.163548
11768 31.535748 -31.535748 61.808000
19687 31.731437 -31.731437 62.191450
4078 31.153670 -31.153670 62.272581
19661 31.435765 -31.435765 62.668439
9542 32.975883 -32.975883 62.285316
20216 32.730711 -32.730711 61.987124
10923 14.860873 -14.860873 35.541085
3772 14.826324 -14.826324 36.210141
20276 42.673361 -27.709577 72.290423
19092 42.182325 -27.034411 72.965589
13027 63.782193 22.980658 22.980658
4001 63.344885 23.951366 23.951366
4598 35.149560 19.976022 80.023978
16661 37.020155 19.031375 80.968625
17506 36.976376 20.452300 79.547700
18673 66.032238 16.916463 83.083537
18674 66.496618 15.510542 84.489458
1554 69.010304 17.294861 82.705139
9332 62.977795 -14.610124 14.610124
3046 63.431382 -14.089216 14.089216
14358 63.926797 -14.518258 14.518258
7735 56.983145 1.795890 98.204110
1476 55.897870 1.771251 98.228749
14102 55.586085 0.953118 99.046882
16686 1.821082 -1.821082 94.748488
16684 3.365385 -3.365385 96.634615
16685 1.677240 -1.677240 95.758233
5386 39.945368 39.945368 49.971148
20815 40.806295 40.806295 50.305338
5385 41.002609 41.002609 49.158219
1669 77.682592 -2.774818 2.774818
12362 76.340885 -2.416281 2.416281
7121 78.348013 -2.065800 2.065800
6686 29.130590 29.130590 64.560481
511 30.621062 30.621062 63.979311
8008 28.569332 28.569332 63.011334
27116 90.798109 8.384000 91.616000
27695 91.154346 7.984377 92.015623
27702 91.257436 8.064830 91.935170
10445 50.528892 -40.576509 59.423491
20311 50.812649 -41.003263 58.996737
18970 51.271953 -40.840174 59.159826
10677 81.372671 4.899729 95.100271
674 64.841180 32.738775 32.738775
5838 65.797161 32.676321 32.676321
13988 65.061129 31.895135 31.895135
4032 87.179843 -12.820157 17.702400
18433 87.788090 -12.211910 17.066787
6236 51.730460 39.412694 39.412694
19773 53.116937 40.479599 40.479599
11660 30.796270 -30.796270 47.277083
11661 31.043148 -31.043148 47.584559
11659 30.572854 -30.572854 47.580351
16428 5.704181 -2.563702 97.436298
27500 6.018113 -2.638731 97.361269
27498 5.996360 -2.553957 97.446043
10593 43.307718 -27.838168 27.838168
10594 44.213297 -27.365786 27.365786
5938 44.340906 -28.385603 28.385603
7901 98.893902 1.106098 79.064734
7903 97.956473 2.043527 80.056410
2209 98.781136 1.218864 80.721104
12843 77.982657 -22.017343 33.692151
15224 77.316260 -22.683740 33.921564
4385 77.841204 -22.158796 33.272233
14546 7.608847 -7.608847 58.723552
19597 28.466834 -28.466834 65.473393
19032 52.222540 28.843809 71.156191
6937 28.722516 -28.722516 64.180357
1541 29.086358 -29.086358 64.073695
6938 28.961587 -28.961587 64.419834
3599 1.774487 -1.774487 38.808692
11514 1.688783 -1.688783 39.974396
11513 0.896432 -0.896432 38.833936
28067 74.505016 -25.494984 37.211374
15058 74.078706 -25.921294 36.985328
17282 27.194635 -27.194635 71.810192
13614 27.228531 -27.228531 71.173930
2144 27.841753 -27.841753 71.202497
18051 30.735773 -25.821019 74.178981
4088 31.348295 -25.959644 74.040356
14321 30.851813 -25.553376 74.446624
10486 91.004753 -8.995247 14.782793
10485 90.927123 -9.072877 15.094639
250 90.195020 -9.804980 15.324234
1287 72.320689 27.679311 65.972342
6595 71.907476 28.092524 68.056319
6597 73.766151 26.233849 65.701075
10876 98.598001 -1.401999 17.782283
13233 97.227661 -2.772339 18.267049
1411 97.439115 -2.560885 17.489593
9090 53.451650 -28.865298 71.134702
10894 53.339127 -29.358908 70.641092
12522 54.360349 -29.433053 70.566947
10878 98.747263 1.252737 22.401834
10879 99.282723 0.717277 22.674387
11438 31.973808 -31.973808 62.552003
3957 32.245101 -32.245101 62.099273
14152 32.044530 -32.044530 61.748405
15832 90.795877 9.204123 58.144653
17736 89.166429 10.833571 59.920323
4886 90.486987 9.513013 59.432766
27141 18.019193 -14.945605 14.945605
12043 76.177998 23.822002 34.871574
16841 57.365832 35.298000 64.702000
16842 58.964909 36.157082 63.842918
16840 56.764364 36.125339 63.874661
20198 30.612445 -27.179991 72.820009
16421 30.116766 -27.125100 72.874900
9046 30.499104 -27.408028 72.591972
20623 70.080845 -24.842528 24.842528
13973 69.540128 -25.543048 25.543048
2565 69.564003 -24.602213 24.602213
16501 5.210159 -2.509801 97.490199
27510 5.373745 -2.449359 97.550641
16756 4.653446 -2.164447 97.835553
16502 4.726063 -2.323252 97.676748
4949 5.108499 -2.327813 97.672187
16184 38.414666 -35.883431 64.116569
373 37.699191 -35.504443 64.495557
18082 37.941215 -35.911340 64.088660
9223 50.842135 36.917549 36.917549
5711 51.104626 35.626691 35.626691
8709 28.350389 -26.266518 26.266518
18009 18.508189 -18.508189 52.355703
13402 18.636642 -18.636642 51.596176
19059 69.653651 -30.346349 39.634473
19038 70.259897 -29.740103 40.008473
19652 68.842746 -31.157254 40.609187
9129 43.142638 -39.464093 60.535907
9131 42.512991 -39.299662 60.700338
9133 42.435035 -39.672266 60.327734
750 52.499284 -33.906099 66.093901
12144 52.093031 -34.446375 65.553625
11387 69.893494 20.540569 79.459431
11385 71.922895 21.856201 78.143799
11386 69.894725 21.964847 78.035153
16739 79.163810 5.142976 5.142976
19169 86.417310 5.040872 94.959128
11510 47.756241 20.821337 79.178663
3989 46.121261 21.648200 78.351800
27315 46.226346 20.543571 79.456429
3203 65.175103 -4.213676 4.213676
17106 62.386788 -4.514258 4.514258
19868 63.277499 -3.605500 3.605500
10987 8.955731 -8.955731 38.594694
10986 8.078365 -8.078365 38.915179
3791 8.107684 -8.107684 37.771023
12506 23.623505 9.715182 90.284818
4285 24.692752 8.440667 91.559333
12505 25.155463 9.682501 90.317499
17872 12.428289 -5.495363 94.504637
2229 13.916475 -5.954617 94.045383
17433 91.452449 8.547551 51.752033
14529 90.653575 9.346425 29.010714
9259 90.402445 9.597555 30.004642
14528 91.468623 8.531377 29.182310
2931 41.961745 -38.743470 61.256530
9696 41.200730 -38.711292 61.288708
17690 62.170256 -13.942369 13.942369
18669 61.501364 -14.028008 14.028008
18069 61.830416 -13.663155 13.663155
18425 33.281568 -33.281568 37.987566
3077 34.167545 -34.167545 38.863942
13141 32.899071 -32.899071 39.031829
17745 46.709143 20.062347 20.062347
95 46.749464 20.764524 20.764524
17746 47.528496 20.415272 20.415272
6870 33.831205 -27.534028 72.465972
6869 33.904636 -27.231272 72.768728
6943 33.123736 -26.589287 73.410713
6946 33.594915 -26.396239 73.603761
1544 32.783741 -26.183227 73.816773
5290 35.128322 -28.855006 71.144994
5289 34.170655 -28.591953 71.408047
58 34.512159 -29.168913 70.831087
12804 46.901034 -40.385310 59.614690
9115 47.210972 -40.105344 59.894656
6591 21.839156 -21.839156 31.863799
1281 21.343636 -21.343636 30.620732
20270 11.987941 -11.987941 24.607250
14254 11.005428 -11.005428 24.348852
6664 23.917322 -19.399704 19.399704
16065 83.331621 -16.668379 38.968454
16066 82.377329 -17.622671 39.201609
15872 2.227836 -2.227836 47.949003
15871 2.207647 -2.207647 49.199928
4443 1.599292 -1.599292 48.919406
1272 35.404215 27.648711 72.351289
9462 37.073503 28.056214 71.943786
6656 35.452827 28.683598 71.316402
10513 75.074128 24.925872 37.405444
10512 73.783930 26.216070 38.678042
582 75.115048 24.884952 38.568797
18015 65.793088 -34.206912 48.702554
18014 66.325963 -33.674037 49.106036
4036 65.112329 -34.887671 49.607216
4200 81.710986 -18.289014 30.363183
15970 81.381338 -18.618662 29.460056
27385 82.739161 -17.260839 29.246352
27429 82.161196 -17.838804 28.492950
27430 82.480707 -17.519293 28.851338
15467 64.468310 -35.531690 50.497944
7316 65.006479 -34.993521 50.918972
1809 63.878758 -36.121242 51.342228
8290 63.144137 33.455089 66.544911
8291 65.322581 34.677419 65.322581
18815 33.147326 -25.912628 74.087372
11798 32.319076 -25.751586 74.248414
823 5.103321 -5.103321 32.550264
18899 5.832003 -5.832003 33.154742
13539 67.856026 18.767056 81.232944
848 36.617595 -36.617595 60.728672
18874 37.047080 -37.047080 60.405847
6518 10.173478 -10.173478 26.215906
6519 10.028540 -10.028540 25.461537
6517 10.795201 -10.795201 26.059793
15525 89.807012 -5.681754 94.318246
16163 89.104957 -4.576221 95.423779
19341 91.975484 -8.024516 24.008441
19342 91.123820 -8.876180 24.106209
15977 92.004987 -7.995013 23.612576
18785 70.999011 19.382450 19.382450
4996 69.775081 18.938266 18.938266
16946 69.753436 20.093973 20.093973
1762 32.687747 -32.687747 63.928117
7248 32.494909 -32.494909 63.642556
19645 32.858849 -32.858849 63.542305
6624 31.261344 -31.261344 65.441690
6625 30.984752 -30.984752 65.417139
6623 31.217079 -31.217079 65.189884
7266 37.723040 -35.013673 64.986327
7265 37.326454 -34.775351 65.224649
1774 37.403007 -34.953505 65.046495
18138 27.899333 -4.299686 95.700314
4272 29.889415 -4.189401 95.810599
18137 28.919423 -3.439378 96.560622
1323 94.617658 3.632557 3.632557
16989 93.976664 4.498305 4.498305
16988 96.153846 3.846154 3.846154
3581 53.563729 -39.580814 60.419186
12164 53.000747 -39.781541 60.218459
3083 37.754624 -37.754624 60.819942
9398 37.546824 -37.546824 60.763417
9397 37.840025 -37.840025 60.592358
14537 100.000000 0.000000 67.361111
14538 100.000000 0.000000 66.666667
14536 99.493109 0.506891 67.900796
20362 32.258065 32.258065 67.741935
8153 54.463476 -17.696460 82.303540
8155 56.205843 -17.733984 82.266016
2377 54.211390 -16.255259 83.744741
1631 30.913008 -30.913008 46.663322
7067 30.601839 -30.601839 46.930754
2762 65.040034 -34.959966 54.966400
6600 40.087175 -35.598909 64.401091
20119 33.247693 -17.212337 82.787663
18096 34.287190 -16.669345 83.330655
3746 32.827421 -16.431453 83.568547
15463 42.933749 -37.168319 62.831681
16814 42.395348 -37.032516 62.967484
14588 42.731898 -37.346307 62.653693
16731 8.334761 -2.345146 97.654854
2632 7.648096 -2.209622 97.790378
16732 8.003261 -2.428134 97.571866
1765 56.642357 -41.711827 58.288173
7252 56.953936 -41.661347 58.338653
7251 56.555083 -41.497076 58.502924
8601 54.434634 27.582806 27.582806
402 53.239398 27.265477 27.265477
8602 53.574790 28.335984 28.335984
12926 82.642605 4.047760 95.952240
4050 82.322068 3.910405 96.089595
12927 82.769489 3.926879 96.073121
11034 52.334427 -47.665573 49.143634
3808 51.763444 -48.236556 49.923813
15883 51.288934 -48.711066 49.783469
18600 11.650173 11.650173 55.594360
1026 12.388244 12.388244 57.038201
19288 13.513958 13.513958 55.934155
13443 85.626180 14.373820 30.530391
13444 85.822476 14.177524 30.228550
13442 85.410507 14.589493 30.424528
12619 97.583479 2.416521 66.001200
1580 96.419539 3.580461 66.608980
20251 95.623867 4.376133 18.297706
9178 96.150990 3.849010 17.809305
20744 24.846446 24.846446 60.625762
1812 35.978419 -34.160081 65.839919
7320 36.386703 -34.225804 65.774196
13246 83.153113 16.846887 30.672648
13248 83.173114 16.826886 31.073202
4495 83.679344 16.320656 30.646937
12214 76.271743 -23.728257 57.125667
426 76.810261 -23.189739 57.197688
8880 91.162694 -8.837306 19.395345
13892 91.406371 -8.593629 18.901719
10708 10.607588 -1.795076 98.204924
3686 10.651831 -1.701678 98.298322
6568 57.474262 -29.381624 29.381624
6566 57.711625 -28.345809 28.345809
6567 58.609637 -28.881349 28.881349
2890 25.727783 -25.727783 27.503325
9064 25.193550 -25.193550 26.740812
27142 26.211256 -26.211256 27.271666
27198 26.315789 -26.315789 26.315789
27276 26.029011 -26.029011 26.484112
10776 40.226516 -28.220329 71.779671
15410 41.165042 -28.870648 71.129352
20278 41.223374 -28.278337 71.721663
18540 50.575992 -30.413270 30.413270
8346 50.619701 -31.583637 31.583637
18883 49.550500 -31.041956 31.041956
16061 38.970614 -34.308557 34.308557
679 38.311151 -35.092883 35.092883
20664 84.865235 -15.134765 41.353995
14327 85.447704 -14.552296 41.334578
2025 84.465920 -15.534080 41.818263
11193 29.423541 -22.355346 77.644654
3862 29.523209 -22.755053 77.244947
11191 30.073018 -22.706804 77.293196
12046 61.042676 6.283868 6.283868
9266 59.817824 7.442984 7.442984
3004 61.804764 7.723787 7.723787
14600 47.115385 -47.115385 52.884615
14598 47.596154 -47.596154 52.403846
14599 47.900426 -47.062699 52.937301
8507 86.867686 13.132314 32.134523
8175 86.599927 13.400073 31.797304
1505 86.218007 13.781993 32.367568
17674 64.821343 35.178657 55.299706
15122 96.656857 3.343143 27.399478
15123 96.284631 3.715369 27.809661
10103 96.697551 3.302449 27.740995
19381 30.554682 -22.957037 77.042963
19421 30.934102 -23.214961 76.785039
19420 31.056954 -22.975241 77.024759
2165 31.955098 14.317244 14.317244
20817 32.318556 14.746319 14.746319
6835 65.867897 -16.914591 16.914591
6836 66.838714 -16.108704 16.108704
6837 67.301292 -16.843838 16.843838
13568 24.637831 -24.637831 27.076332
18555 23.977158 -23.977158 26.165877
10491 84.623039 -4.930149 4.930149
3586 85.494209 -5.356946 5.356946
20650 84.014047 -5.526482 5.526482
690 77.763727 -22.236273 51.514543
5951 77.448750 -22.551250 52.031130
5952 77.127671 -22.872329 51.930897
17039 92.658917 7.341083 31.094074
10413 33.188023 -14.438047 14.438047
12315 33.655504 -14.999026 14.999026
16427 5.766833 -2.447386 97.552614
16736 5.582302 -2.305248 97.694752
27501 5.472139 -2.396119 97.603881
12065 16.213235 -16.213235 30.175382
5929 72.948305 -27.051695 61.284309
5928 72.335720 -27.664280 61.996730
743 72.138780 -27.861220 61.565774
12269 80.477398 -10.628096 10.628096
13839 79.783397 -10.837218 10.837218
20052 80.054582 -10.509004 10.509004
16074 49.171072 -35.406731 64.593269
13548 49.226259 -36.057273 63.942727
5087 30.537235 -23.109345 76.890655
3190 47.176748 -47.176748 50.567138
15190 47.421313 -47.421313 51.093625
1610 0.000000 0.000000 0.000000
27920 0.507943 0.507943 1.027273
12000 1.063830 1.063830 1.063830
795 42.221190 -23.303388 23.303388
6005 42.474264 -24.173347 24.173347
19439 31.567644 -22.892617 77.107383
4351 31.828350 -23.397684 76.602316
1944 8.904751 -6.727438 93.272562
16703 8.705561 -6.414556 93.585444
17351 7.038653 -7.038653 12.645245
17350 7.860382 -7.860382 13.269812
4514 7.240636 -7.240636 13.657055
1494 33.315277 -26.953293 73.046707
11196 11.043935 -2.159547 97.840453
11198 11.220035 -2.229816 97.770184
18105 11.082070 -2.084088 97.915912
8157 50.559890 -9.274698 90.725302
8158 51.435811 -11.279137 88.720863
8156 53.050216 -10.841660 89.158340
12549 23.758947 16.637200 16.637200
13174 23.505935 15.576520 15.576520
3609 21.768958 15.742081 15.742081
17364 81.881565 18.118435 19.123031
9862 81.641543 18.358457 20.049951
1848 83.305519 16.694481 19.018255
8989 39.496771 -39.496771 58.910426
11473 39.976115 -39.976115 58.451525
14164 94.083321 -4.353571 4.353571
4667 96.153846 -3.846154 3.846154
11570 44.733267 -35.233970 64.766030
19109 45.496665 -35.098084 64.901916
3855 4.269234 -4.269234 48.663746
17585 4.821726 -4.821726 48.743050
11457 4.246322 -4.246322 49.414292
16103 56.608809 -40.146618 40.146618
17918 55.592103 -39.444890 39.444890
283 56.653696 -38.756357 38.756357
8068 47.696976 -24.048301 75.951699
11012 49.547688 -24.803039 75.196961
12705 76.780588 3.718769 96.281231
3052 76.934342 3.493106 96.506894
12913 87.096774 12.903226 87.096774
18959 88.327580 11.672420 84.606885
20320 86.290323 13.709677 86.290323
11525 73.280646 26.719354 50.272558
2453 74.352422 25.647578 50.573639
8282 74.822878 25.177122 49.301180
10379 34.504535 -34.504535 37.968212
14683 33.911017 -33.911017 37.087809
1102 80.069930 -19.930070 80.069930
6375 80.419580 -19.580420 80.419580
6374 79.384008 -18.653623 81.346377
737 82.325581 -17.674419 48.273568
5917 82.642263 -17.357737 48.217801
13427 82.174827 -17.825173 48.532426
15792 55.057363 -30.263553 30.263553
3881 55.059397 -30.607500 30.607500
11245 54.685982 -30.649673 30.649673
12264 67.609962 -32.390038 52.460765
12265 67.938890 -32.061110 51.802694
12263 68.388754 -31.611246 52.019769
17252 83.009940 3.863004 96.136996
17654 82.748179 3.800254 96.199746
8436 45.076765 -17.024869 17.024869
2548 44.335071 -16.995889 16.995889
16372 89.074648 10.925352 20.119516
18299 89.699746 10.300254 20.148687
3696 58.823529 0.000000 0.000000
17198 59.589329 -1.490459 1.490459
13799 7.522869 -1.571333 98.428667
17717 7.476433 -1.509735 98.490265
16373 68.695793 4.490822 95.509178
16375 67.935390 4.369856 95.630144
1125 68.199314 4.113980 95.886020
13621 67.189575 -32.810425 56.290559
10747 66.665719 -33.334281 56.795329
2893 66.715784 -33.284216 56.381375
14341 8.426212 -1.578323 98.421677
4504 8.380837 -1.563950 98.436050
8953 13.097438 2.970517 97.029483
2843 13.157895 0.000000 100.000000
9933 14.473684 0.000000 100.000000
8955 11.378885 3.727444 96.272556
16676 5.746815 -1.939953 98.060047
16852 5.839920 -2.050603 97.949397
16851 6.075511 -2.034340 97.965660
13265 80.673443 19.326557 64.136541
408 79.560133 20.439867 66.230756
13264 81.905206 18.094794 64.570420
15148 8.765888 -1.648731 98.351269
15147 8.792783 -1.678601 98.321399
654 8.873555 -1.663907 98.336093
12467 21.395746 -9.641474 9.641474
12468 22.883808 -9.949998 9.949998
12469 21.995425 -10.354920 10.354920
6424 77.411770 -17.700527 82.299473
16365 78.341433 -18.025459 81.974541
12868 77.330262 -16.598273 83.401727
16975 85.222639 3.903444 96.096556
16977 85.468009 4.047173 95.952827
15431 84.984460 4.101298 95.898702
1000 21.276596 21.276596 21.276596
18987 22.340426 22.340426 22.340426
18541 22.894134 21.667948 21.667948
19256 72.698223 8.595309 91.404691
6707 41.133911 -30.998144 69.001856
1373 39.938198 -30.369614 69.630386
18344 39.925183 -31.027161 68.972839
8385 23.494050 -23.494050 59.036037
8383 22.353609 -22.353609 60.701006
8384 21.453413 -21.453413 58.987642
3978 80.033495 12.200423 12.200423
18960 20.403846 -8.866258 91.133742
19132 21.298656 -8.602055 91.397945
7536 20.463281 -8.294977 91.705023
18160 8.586104 -1.650292 98.349708
18161 8.438446 -1.635701 98.364299
17663 8.537968 -1.684839 98.315161
773 34.804334 -34.804334 62.544936
6535 34.792355 -34.792355 62.074751
6534 35.273008 -35.273008 62.125943
3759 42.192744 -42.192744 52.628095
10885 41.794788 -41.794788 52.508178
10884 42.426403 -42.426403 52.402929
15504 7.838126 -7.838126 82.262393
20069 48.571518 1.358554 98.641446
14477 48.033698 2.496781 97.503219
27585 47.277220 1.232177 98.767823
27584 46.451033 1.073374 98.926626
4279 9.184350 -1.707496 98.292504
14378 9.353819 -1.752737 98.247263
12485 9.360201 -1.702605 98.297395
12996 9.198345 -1.763725 98.236275
10204 44.462790 -8.873454 8.873454
6979 45.468757 -8.173168 8.173168
7110 46.049280 -8.992907 8.992907
9373 63.540352 -36.459648 61.978269
11496 64.177943 -35.822057 60.886555
17250 64.569962 -35.430038 61.321249
8900 29.219268 -29.219268 63.776693
15960 29.483452 -29.483452 63.692930
17645 29.387420 -29.387420 63.956891
12885 29.876087 -29.876087 65.977534
19647 30.148854 -30.148854 65.740286
4396 30.211008 -30.211008 66.031201
18500 7.246028 -0.959472 99.040528
1487 6.685621 -0.874683 99.125317
18432 6.910364 -0.994657 99.005343
4369 13.113497 -2.390368 97.609632
12784 13.337249 -2.484903 97.515097
12783 13.475998 -2.362528 97.637472
12785 12.920918 -2.489382 97.510618
3952 12.274371 -1.472508 98.527492
17565 11.452829 -1.441851 98.558149
17564 11.828275 -1.611850 98.388150
11425 11.755328 -1.306816 98.693184
5297 5.298351 -5.298351 9.626638
190 6.207112 -6.207112 10.175248
5298 5.718917 -5.718917 10.815105
3836 60.606719 -35.535803 35.535803
17188 59.630888 -36.392265 36.392265
4484 20.334291 -2.770422 97.229578
735 93.244024 -6.755976 10.830334
19735 91.584712 -8.415288 12.166754
10161 91.593044 -8.406956 11.630311
12915 7.030432 -4.229940 95.770060
12917 6.641546 -3.953807 96.046193
4406 6.339193 -4.118446 95.881554
15018 36.671284 -22.789305 77.210695
10625 35.770659 -22.971146 77.028854
3643 36.677490 -23.279866 76.720134
9765 95.353912 -4.646088 47.090624
9767 93.065301 -6.934699 48.466007
722 95.575426 -4.424574 46.000095
5542 22.892626 -19.638316 19.638316
422 22.316769 -18.895742 18.895742
1158 73.098665 -26.901335 42.512197
6440 73.002108 -26.997892 43.186898
13538 72.103172 -27.896828 43.287942
14154 43.525533 -36.263052 63.736948
14597 43.273798 -36.396278 63.603722
19933 43.816084 -36.578685 63.421315
1845 4.255319 4.255319 4.255319
15944 3.191489 3.191489 3.191489
14923 3.111229 3.111229 4.264451
15991 80.641581 -19.358419 33.985519
5272 34.173523 18.106359 18.106359
170 35.005364 18.268670 18.268670
5273 34.770783 17.668092 17.668092
6572 7.767898 -7.767898 55.383328
5833 93.059398 -6.940602 44.609918
5835 92.924745 -7.075255 43.602902
672 95.422855 -4.577145 42.540706
14556 25.327833 -24.839655 75.160345
1904 26.181014 -25.211104 74.788896
4214 54.666392 39.518754 39.518754
15591 56.219704 39.222925 39.222925
15590 55.527474 38.083940 38.083940
6187 86.755494 13.244506 42.639223
948 87.991203 12.008797 41.995203
15007 87.487809 12.512191 41.452812
3732 10.351863 -10.351863 62.010077
17216 9.528219 -9.528219 62.212869
15137 10.015780 -10.015780 61.269538
18544 4.604165 -2.619741 97.380259
279 97.471098 2.528902 20.652863
16302 98.101236 1.898764 19.859806
17907 97.548843 2.451157 19.931375
2061 4.380125 4.380125 60.905653
3269 84.962774 3.024356 96.975644
9800 84.701164 2.751002 97.248998
15500 85.556185 2.783124 97.216876
3880 54.006623 -30.722259 30.722259
11244 54.472267 -31.228695 31.228695
9323 75.544188 -24.455812 67.574678
17360 74.767299 -25.232701 68.798338
16606 74.826948 -25.173052 68.195047
20204 30.777432 -30.777432 61.713624
19636 30.716953 -30.716953 62.106941
1330 30.343391 -30.343391 61.936190
2045 75.174825 -24.825175 75.174825
8657 75.524476 -24.475524 75.524476
18216 74.279531 -23.579139 76.420861
19397 83.728513 -16.271487 69.958846
3280 85.539320 -14.460680 67.102299
15753 64.860007 -17.718578 17.718578
6381 63.866375 -18.541942 18.541942
1108 63.495786 -17.740279 17.740279
19217 9.254081 9.254081 25.786641
2009 10.558556 10.558556 26.705948
9293 10.660415 10.660415 25.428864
3975 75.606143 6.800681 93.199319
12762 77.133258 7.541984 92.458016
12764 75.716010 7.911792 92.088208
6565 37.986241 -37.986241 61.621203
15330 37.572822 -37.572822 61.664908
1261 37.926524 -37.926524 61.288382
13310 68.250897 26.824920 26.824920
1707 68.535249 27.643546 27.643546
13311 69.296472 26.717874 26.717874
4345 66.881185 2.502614 97.497386
12724 67.346424 2.767452 97.232548
17098 66.852786 2.736940 97.263060
6389 77.106378 -20.013302 79.986698
3762 83.075976 -16.924024 46.214380
12261 83.665573 -16.334427 46.157797
1447 64.250331 -32.065478 32.065478
11676 65.228930 -31.664133 31.664133
11678 64.523789 -32.853230 32.853230
2576 52.542299 13.533361 13.533361
8487 51.389098 13.187793 13.187793
16323 51.343116 -25.439124 74.560876
12300 52.381963 -25.024599 74.975401
2607 50.709969 -24.415500 75.584500
2008 13.105928 13.105928 28.503538
13305 13.211029 13.211029 27.208550
7631 11.840485 11.840485 27.584651
5976 79.305879 -20.694121 56.473699
9189 80.584307 -19.415693 55.300425
5617 55.860526 -23.562420 76.437580
488 55.875751 -24.520460 75.479540
5618 57.446014 -24.530458 75.469542
17064 32.885812 -32.885812 50.426396
8745 32.461127 -32.461127 50.130256
817 32.934891 -32.934891 50.057496
290 74.702145 -25.297855 49.305686
16131 75.383242 -24.616758 48.908406
16133 75.080729 -24.919271 49.395612
2470 16.097733 16.097733 24.874735
13627 17.831138 17.831138 25.002317
15721 17.048735 17.048735 23.839249
15771 34.907913 22.610817 22.610817
18064 35.515240 6.477930 6.477930
15142 37.424670 5.501441 5.501441
17616 34.829914 4.906319 4.906319
4263 25.244880 -23.650742 76.349258
19375 25.205155 -23.907211 76.092789
13232 48.428653 -36.957362 36.957362
4490 49.290647 -36.540334 36.540334
13231 49.168087 -37.486494 37.486494
17283 78.980903 -10.758249 10.758249
17284 79.547142 -10.598199 10.598199
13838 79.298122 -10.885954 10.885954
2230 16.576498 -6.838204 93.161796
14674 17.107795 -7.368000 92.632000
14675 17.710846 -6.750741 93.249259
17823 98.841341 1.158659 16.490602
10447 49.701478 -40.315631 59.684369
15810 49.186464 -40.550274 59.449726
3565 50.039578 -40.846352 59.153648
1970 93.496407 6.503593 17.733804
12048 93.471934 6.528066 18.385742
19167 8.488224 -1.816636 98.183364
14407 8.235091 -1.732380 98.267620
2994 54.719533 -39.819843 60.180157
14668 22.495264 -3.644157 96.355843
14667 23.317604 -4.001491 95.998509
12708 75.904282 3.380359 96.619641
575 75.772862 3.093838 96.906162
8106 95.563426 4.436574 28.550102
2344 95.545686 4.454314 28.921456
8107 95.937533 4.062467 28.529166
10443 40.752098 19.544564 80.455436
3563 41.865123 20.755377 79.244623
10444 39.930132 20.772849 79.227151
808 24.175947 -24.175947 34.667370
6024 24.143738 -24.143738 34.986533
10388 23.758073 -23.758073 34.547295
8433 41.346154 -41.346154 58.653846
2546 41.826923 -41.826923 58.173077
1262 58.793957 -27.780896 27.780896
19121 57.860600 -27.325606 27.325606
13751 33.239772 19.596761 80.403239
16662 34.978298 18.458498 81.541502
3677 21.085460 15.187317 84.812683
10690 23.039423 13.809930 86.190070
19585 22.011994 16.033832 83.966168
9769 99.076000 0.924000 10.419454
17597 99.097164 0.902836 9.677558
17621 98.164413 1.835587 10.501221
20339 55.829265 19.886581 19.886581
15119 13.062938 -13.062938 71.040348
1362 34.749231 -34.749231 63.081412
15748 75.780363 5.110482 94.889518
3974 76.506189 5.541450 94.458550
11481 75.468047 5.522325 94.477675
8551 90.796408 -9.203592 31.100232
19532 42.585915 -20.324626 20.324626
16633 41.421068 -19.870949 19.870949
9906 54.712894 -41.141137 58.858863
9907 54.433331 -40.834587 59.165413
9908 54.136484 -41.046572 58.953428
17723 35.381982 -35.381982 62.913942
6229 35.233352 -35.233352 62.766782
19479 63.498239 27.887064 27.887064
913 65.248594 -34.751406 43.991673
10423 65.765718 -34.234282 44.490613
16965 1.923077 -1.923077 98.076923
1542 2.432023 -1.915769 98.084231
16964 1.442308 -1.442308 98.557692
5994 81.445466 18.554534 33.717320
5995 80.392183 19.607817 34.572934
20841 57.178127 -25.070357 74.929643
17095 58.362243 -25.519386 74.480614
13052 14.048714 -14.048714 37.182309
12183 14.103930 -14.103930 36.329481
12005 14.820586 -14.820586 36.987077
4191 60.747123 -28.641364 28.641364
12172 60.666549 -29.765732 29.765732
14486 59.608368 -29.374885 29.374885
6497 49.932971 31.590754 68.409246
13148 48.984799 30.316844 69.683156
13149 51.415586 30.768734 69.231266
3089 4.032258 4.032258 95.967742
16962 1.531170 1.531170 95.933411
2776 11.248104 -9.194574 90.805426
14462 10.783179 -9.318867 90.681133
9613 47.841014 -47.841014 50.170548
16124 46.716735 -46.716735 49.495288
3188 48.158486 -48.158486 49.521958
6608 31.989085 24.498845 24.498845
9601 32.264443 23.616091 23.616091
12324 31.055336 23.553275 23.553275
19333 91.733253 8.266747 79.728180
691 90.899717 9.100283 79.145682
5862 90.223092 9.776908 80.886113
11126 90.437741 -9.562259 15.920960
8500 29.769710 29.769710 43.225472
8498 29.867819 29.867819 44.536673
8499 31.002571 31.002571 43.940309
8277 9.866749 9.866749 67.403071
4826 40.986916 -36.838037 63.161963
15880 41.082127 -37.097288 62.902712
15879 41.472994 -37.015008 62.984992
10527 70.679292 -8.275595 8.275595
10528 69.638599 -9.188541 9.188541
8919 62.173051 37.826949 55.755291
7028 62.296144 37.703856 54.675977
5940 60.887536 39.112464 55.909384
14227 38.693691 23.596218 76.403782
3287 39.736859 22.804407 77.195593
14228 40.240257 23.810679 76.189321
15235 46.350852 -37.153011 62.846989
15234 45.741013 -36.879697 63.120303
5166 88.984237 -11.015763 17.587074
15884 89.758135 -10.241865 17.286565
13754 54.485520 -35.788732 64.211268
6840 55.493289 -36.229340 63.770660
10184 23.956237 -23.956237 46.838995
1702 23.024771 -23.024771 46.217255
20719 8.633366 -1.151971 1.151971
14167 8.965686 -1.689668 1.689668
7760 16.768340 -16.768340 65.613295
20724 17.831369 -17.831369 65.566492
20745 0.000000 0.000000 70.967742
19967 98.189993 1.810007 16.625336
4702 98.266900 1.733100 15.971586
20338 97.479899 2.520101 16.871784
7987 11.014957 11.014957 86.886568
2264 12.096774 12.096774 87.903226
4329 89.779617 10.220383 88.592073
360 30.315857 -2.174761 2.174761
12910 29.886892 -0.971990 0.971990
12912 32.647034 -1.141513 1.141513
2657 65.229760 30.858450 30.858450
15890 66.107489 31.523600 31.523600
14451 66.145068 30.296318 30.296318
12166 40.613870 -40.613870 57.989665
2300 41.151202 -41.151202 58.065298
4431 8.281392 -3.709907 96.290093
14420 8.059730 -3.406450 96.593550
10121 57.342657 -42.657343 57.342657
11226 56.795374 -42.224436 57.775564
16314 56.464684 -42.556578 57.443422
4619 88.589431 -11.410569 16.434374
18954 89.515951 -10.484049 16.077103
18434 88.868880 -11.131120 16.593155
1739 21.255200 -21.255200 73.798503
7209 21.530044 -21.530044 74.983841
12156 20.723709 -20.723709 75.104950
6348 89.868171 -10.131829 19.124447
13944 89.035563 -10.964437 19.780891
13943 88.831595 -11.168405 19.422239
1692 40.022480 -17.886670 82.113330
16274 41.163478 -17.350426 82.649574
1781 45.697572 -23.109620 23.109620
18050 46.091799 -23.751056 23.751056
11327 45.081265 -23.527144 23.527144
8366 29.752019 -29.752019 63.618327
2510 29.617564 -29.617564 63.842495
5030 65.965708 34.034292 53.967608
2673 75.874126 -24.125874 75.874126
11634 75.031089 -24.968911 35.808807
11636 74.939902 -25.060098 36.281935
297 74.166849 -25.833151 36.337358
8664 70.210992 -12.218598 12.218598
8665 70.852543 -11.560943 11.560943
18197 82.100142 -17.218188 17.218188
20649 76.936929 12.003723 12.003723
14240 76.621918 12.505102 12.505102
14238 77.741962 12.095289 12.095289
17398 5.362665 -5.362665 56.644054
11103 93.449692 -6.550308 29.800277
10581 32.476614 13.832736 13.832736
17286 31.187066 13.676222 13.676222
18218 71.952931 -28.047069 65.473641
15395 72.085491 -27.914509 65.564002
19996 71.712539 -28.287461 65.850826
2020 87.135982 12.864018 27.053200
13374 87.417677 12.582323 26.574288
7649 86.800239 13.199761 26.937817
8593 55.632504 2.853871 97.146129
8592 55.076126 3.397160 96.602840
2638 53.995240 2.224537 97.775463
6036 33.242858 -33.242858 49.770457
7548 33.419921 -33.419921 50.214731
11331 93.939813 6.060187 53.965594
12599 93.046516 6.953484 56.106941
12600 95.598452 4.401548 54.058300
14165 97.115385 -2.884615 2.884615
16939 72.018464 -15.486699 15.486699
16941 71.808119 -14.934376 14.934376
14921 24.653977 -24.653977 43.832631
16321 24.740465 -24.740465 43.312735
17862 25.216630 -25.216630 43.725409
6097 53.229028 -30.173616 69.826384
6096 52.456968 -29.758775 70.241225
869 52.352958 -30.123281 69.876719
15927 52.586753 -42.897970 57.102030
4029 52.397546 -43.077238 56.922762
11646 52.843442 -43.241407 56.758593
11647 52.438274 -43.337501 56.662499
16456 54.210143 25.403138 74.596862
7401 52.608635 24.536229 75.463771
1863 54.378225 24.164814 75.835186
3143 86.373081 13.626919 48.192678
19827 86.829262 13.170738 46.552224
19570 84.851440 15.148560 48.022629
6295 23.136284 23.136284 63.348303
1916 83.856182 5.015629 94.984371
7481 83.370438 4.866074 95.133926
17468 83.857395 4.738018 95.261982
11643 48.301809 -40.859526 59.140474
10280 48.922781 -41.143758 58.856242
1590 22.402677 -22.402677 29.447339
7007 22.897328 -22.897328 30.088349
17361 21.969024 -21.969024 29.886760
8416 23.291329 -23.291329 70.743940
20226 22.087975 -22.087975 71.219487
16748 22.599047 -22.599047 69.551845
14609 31.618751 31.618751 66.484040
2054 85.838351 14.161649 25.629089
9167 85.387713 14.612287 25.606985
5641 97.369142 2.630858 31.573398
11702 97.196093 2.803907 31.961976
20355 57.505015 -29.250965 70.749035
2773 55.715068 -28.106766 71.893234
20358 56.133035 -29.177196 70.822804
13222 20.283164 -15.859644 84.140356
16189 19.626210 -16.461036 83.538964
7540 9.010580 -6.991865 93.008135
7505 9.370294 -7.216227 92.783773
6554 97.163056 2.836944 27.619882
1253 97.015286 2.984714 27.362653
15086 55.940233 -25.619274 25.619274
4742 56.909458 -25.030010 25.030010
14662 56.936364 -25.957238 25.957238
7564 12.019231 -12.019231 87.980769
1966 12.500000 -12.500000 87.500000
7563 12.321200 -11.427005 88.572995
27530 13.263551 -11.748825 88.251175
27551 13.343075 -12.059329 87.940671
27529 12.891634 -11.487275 88.512725
12382 15.553111 -12.836781 87.163219
14090 16.157349 -11.954759 88.045241
7638 14.678998 -12.228285 87.771715
15531 96.316098 3.683902 28.500744
2345 96.319081 3.680919 28.147094
10858 33.265534 -15.668456 84.331544
9161 35.261954 -15.858620 84.141380
2946 33.925732 -14.420101 85.579899
16392 56.758264 -32.992084 32.992084
13314 85.350820 1.796527 98.203473
10991 83.250814 1.985679 98.014321
13315 83.761593 1.416557 98.583443
16718 8.894202 -5.924451 94.075549
16858 8.265910 -5.606747 94.393253
4970 8.370929 -6.015304 93.984696
16786 7.745550 -5.655905 94.344095
176 58.524428 -39.959949 60.040051
5277 57.825534 -39.673849 60.326151
16114 2.777681 -2.777681 50.836124
11456 3.579365 -3.579365 50.017019
16115 3.565492 -3.565492 51.059177
2822 2.120023 2.120023 13.001279
18620 2.447730 2.447730 11.941890
16268 1.190621 1.190621 11.878911
10002 80.767671 -19.232329 39.520967
10001 81.504472 -18.495528 39.358907
9215 80.722881 -19.277119 39.904914
9830 39.010570 21.781085 78.218915
15736 40.850801 21.855294 78.144706
8279 92.159163 -7.840837 15.902970
2451 91.734444 -8.265556 16.323554
2419 34.210526 0.000000 100.000000
14533 51.815418 27.718527 72.281473
14532 53.480985 27.466687 72.533313
13590 53.682953 -36.331850 63.668150
14213 54.557919 -36.297533 63.702467
9414 56.298934 13.844619 13.844619
20820 56.107303 14.330710 14.330710
12302 56.708053 14.474994 14.474994
1420 30.609984 -6.730122 93.269878
6769 32.259382 -7.127566 92.872434
6771 32.075009 -5.833287 94.166713
6143 1.756960 -1.756960 23.258557
5413 2.508162 -2.508162 23.888616
12169 1.970969 -1.970969 23.987005
11803 74.591843 -25.408157 64.882107
1673 74.145126 -25.854874 64.788500
11801 75.015715 -24.984285 64.196895
17938 80.743332 19.256668 20.040874
3303 80.601631 19.398369 20.717896
13316 66.188447 11.177812 11.177812
9516 65.394071 12.251585 12.251585
13317 67.224645 12.068531 12.068531
2810 87.937863 12.062137 16.795135
16765 86.941057 13.058943 17.780432
16766 88.097643 11.902357 17.389240
11452 37.320278 19.129471 19.129471
11132 36.499766 18.584407 18.584407
3844 36.415787 19.274814 19.274814
951 9.613793 -1.921785 98.078215
14930 9.537954 -1.847117 98.152883
16717 9.377959 -1.867810 98.132190
2183 89.825464 -10.174536 32.792634
16426 90.940540 -9.059460 32.409723
10757 90.030517 -9.969483 33.250850
2394 25.895031 -14.117067 85.882933
15778 26.577774 -15.253198 84.746802
8024 32.806833 -31.810297 31.810297
11532 32.456140 -32.456140 32.456140
18859 31.741647 -30.868479 30.868479
7114 73.579785 -26.420215 34.394065
10542 72.712426 -27.287574 34.380512
17729 73.879124 -26.120876 33.708595
13705 81.739567 2.946655 97.053345
1642 17.500049 -9.348870 9.348870
11483 18.866971 -9.654755 9.654755
9091 17.755146 -9.940062 9.940062
4309 85.278942 14.721058 38.040686
16139 85.302563 14.697437 38.456731
16138 85.812317 14.187683 37.890141
5044 77.388730 -22.611270 32.473538
19841 77.587093 -22.412907 32.808226
16669 8.181589 -6.270340 93.729660
16704 9.061447 -6.281576 93.718424
13006 98.970253 1.029747 27.924931
11505 98.548014 1.451986 28.251769
3984 98.828747 1.171253 28.332744
17719 4.487567 -4.487567 26.381525
17718 3.882908 -3.882908 26.428635
1398 3.813163 -3.813163 25.742951
14605 44.986125 -35.000564 35.000564
4731 44.191191 -35.664227 35.664227
3966 41.086851 17.569356 17.569356
18964 42.443652 17.249707 17.249707
2999 77.407019 -22.592981 47.606354
19521 78.497739 -21.502261 46.787873
9255 78.232008 -21.767992 47.425512
2945 55.859959 -42.027441 57.972559
1938 97.112957 2.887043 26.522810
7516 97.644530 2.355470 26.505447
4837 67.010053 3.861320 96.138680
19289 66.471292 3.864797 96.135203
15359 66.634056 3.591674 96.408326
8538 51.733005 -24.060568 75.939432
3451 64.360290 -15.067341 15.067341
14357 65.058705 -14.368158 14.368158
10984 83.948499 16.051501 33.864928
19195 83.493382 16.506618 34.235636
2299 83.842081 16.157919 34.243569
960 10.598752 10.598752 17.705934
7845 10.347493 10.347493 16.379569
7290 28.720748 -28.720748 47.004826
6454 28.968403 -28.968403 47.435835
16554 28.395536 -28.395536 47.354612
13453 74.157590 4.959987 95.040013
16715 74.924281 5.072249 94.927751
3973 74.485556 5.376512 94.623488
3284 88.287862 7.039505 92.960495
20157 96.619647 3.380353 38.478392
8985 96.808914 3.191086 39.232235
2852 97.636544 2.363456 38.474482
13313 21.399370 -1.292050 98.707950
20558 22.360470 -1.030530 98.969470
9284 22.887463 -10.841903 89.158097
13881 21.929787 -10.641171 89.358829
19559 21.988996 -11.267250 88.732750
19667 29.916843 -29.916843 62.688893
1819 30.285413 -30.285413 62.694224
19635 30.293003 -30.293003 62.366649
10174 55.285298 26.873144 26.873144
10175 54.144163 26.557013 26.557013
10202 6.981328 -6.981328 63.996396
3447 8.032881 -8.032881 62.730532
16612 8.844490 -8.844490 64.296715
7985 76.466541 -10.155480 10.155480
2263 76.418137 -9.777607 9.777607
7986 77.269978 -9.668339 9.668339
4612 96.015790 3.984210 26.781911
17175 95.620820 4.379180 27.291826
14622 90.516918 -9.483082 35.868463
27388 90.226364 -9.773636 36.892338
27389 89.300365 -10.699635 36.864788
1625 7.952181 7.952181 63.357867
17976 6.816564 6.816564 65.257999
19899 9.118474 9.118474 65.300709
19443 10.756592 10.756592 64.484531
4366 91.970374 8.029626 16.981091
13266 92.776207 7.223793 16.562070
13267 92.280746 7.719254 16.323488
19045 8.445754 -7.945780 92.054220
19046 8.767432 -7.759416 92.240584
18422 8.194572 -7.510205 92.489795
13761 6.072781 -6.072781 54.668320
1266 7.083062 -7.083062 54.777514
5326 5.763286 -1.820509 98.179491
218 6.100881 -1.946956 98.053044
6641 63.879328 -28.566838 28.566838
6640 63.757602 -29.673442 29.673442
1317 62.774287 -29.341166 29.341166
13893 91.871356 -8.128644 18.363591
8975 67.076961 -32.923039 53.391404
9074 60.998975 32.216820 67.783180
17143 26.738349 -26.738349 29.035646
27244 26.030690 -26.030690 28.802960
27179 26.023115 -26.023115 28.461723
18097 26.820136 -26.820136 29.747858
27138 26.106004 -26.106004 29.864427
27144 25.896856 -25.896856 29.362001
10824 79.343688 1.201347 98.798653
10825 77.376724 1.351210 98.648790
3734 77.029708 0.741984 99.258016
7477 26.721172 -26.030509 26.030509
7478 26.530332 -26.259233 26.259233
7479 25.379205 -25.004474 25.004474
6413 83.305316 16.694684 39.023921
9164 83.054801 16.945199 39.399098
1134 83.351784 16.648216 39.238205
13760 5.239079 -5.239079 55.738239
27391 100.000000 0.000000 37.500000
27467 100.000000 0.000000 36.805556
27729 99.566606 0.433394 37.197401
27390 98.691431 -1.308569 36.932451
27728 100.000000 0.000000 36.111111
18849 15.580475 15.580475 20.086961
12999 16.732597 16.732597 21.304815
27417 98.843394 -1.156606 38.774396
27826 100.000000 0.000000 38.194444
27857 99.482080 -0.517920 38.753544
19253 39.400989 -39.400989 53.486837
16001 38.490887 -38.490887 53.800703
1900 6.416495 -1.720489 1.720489
19893 81.092433 3.956631 96.043369
19630 81.472231 4.009365 95.990635
16773 81.135990 4.132499 95.867501
9822 88.140892 6.686684 93.313316
18672 88.977236 6.669280 93.330720
12909 75.182220 0.988501 99.011499
15953 74.477964 0.417969 99.582031
4122 6.180016 -2.755328 97.244672
16430 6.565538 -2.785156 97.214844
7304 15.865385 -15.865385 84.134615
27545 14.639552 -14.639552 82.623998
27531 15.099171 -15.099171 82.520577
27532 15.695240 -15.695240 82.442356
13657 32.329927 32.329927 54.452714
4585 30.333423 30.333423 54.086485
13716 31.718636 31.718636 55.948238
4432 58.892715 -13.967678 13.967678
13026 59.348928 -13.575761 13.575761
16657 16.003612 -16.003612 42.600577
14406 16.443867 -16.443867 43.070898
17365 15.799996 -15.799996 43.235947
8001 16.835203 -0.653043 0.653043
8003 14.705882 0.000000 0.000000
6663 22.990553 -18.833930 18.833930
1332 23.761432 -18.789031 18.789031
2504 18.665030 -0.505206 99.494794
16690 19.703623 -0.588489 99.411511
1717 80.769231 19.230769 19.230769
7182 79.807692 20.192308 20.192308
16880 73.304552 2.309066 97.690934
2696 72.112573 2.268672 97.731328
10326 72.342222 1.779402 98.220598
16934 74.147632 16.782069 16.782069
16933 73.550580 17.486628 17.486628
3183 55.752611 44.247389 45.891794
17966 54.298449 45.701551 47.447398
17897 56.081307 43.918693 47.662863
7440 64.667082 21.283108 21.283108
10651 3.577695 -1.751367 98.248633
17391 3.714712 -1.618862 98.381138
124 2.520545 -1.315121 98.684879
8465 98.739607 1.260393 26.986474
2564 98.408348 1.591652 27.366124
8466 98.712488 1.287512 27.389822
12220 43.167313 -41.896847 58.103153
4207 43.813166 -42.329200 57.670800
18363 43.711296 -41.809244 58.190756
15718 23.876059 23.876059 68.078563
15717 22.704084 22.704084 68.862507
27121 24.285604 24.285604 68.833493
1792 28.145322 -28.145322 46.900134
8229 12.536593 -12.536593 35.552212
12340 12.820773 -12.820773 34.750561
18634 92.968506 2.667748 97.332252
18806 94.575006 2.316517 97.683483
18623 93.118342 3.177412 96.822588
1691 41.377307 41.377307 55.251111
9003 40.432908 40.432908 55.149470
19268 41.161583 41.161583 56.710026
8569 24.005688 -15.849672 15.849672
8571 23.429777 -15.447400 15.447400
2624 24.058607 -15.572506 15.572506
20089 51.508807 -43.291605 56.708395
20029 51.854115 -43.613773 56.386227
17764 51.978241 -43.343418 56.656582
11833 7.882482 7.882482 58.298372
7005 9.640635 9.640635 57.966110
1589 8.284784 8.284784 56.568517
11834 6.201102 6.201102 57.358450
3915 1.765227 -1.765227 43.660032
1359 59.034970 -40.965030 57.759618
10368 58.646075 -41.353925 57.243707
10369 59.299364 -40.700636 57.120440
12244 78.103352 21.896648 48.831621
6486 77.896533 22.103467 50.081767
301 79.652538 20.347462 48.811039
12582 43.730340 42.535878 57.464122
16053 41.935484 41.935484 58.064516
12436 43.374646 41.557626 58.442374
20138 65.623177 -27.443119 72.556881
1008 67.329152 -27.891318 72.108682
20020 66.592373 -27.061332 72.938668
13879 22.048940 -10.105237 89.894763
3838 21.471754 -9.866397 90.133603
13880 21.186274 -10.301788 89.698212
6589 22.695697 -22.695697 31.544775
1279 23.739929 -23.739929 32.203918
6590 22.920905 -22.920905 32.460535
7446 8.736091 -1.071805 98.928195
7445 8.903595 -0.998020 99.001980
1892 8.530601 -0.971397 99.028603
8536 35.800525 -35.800525 54.718851
6321 36.701423 -36.701423 54.409616
355 63.905181 -12.759620 12.759620
5468 63.041501 -12.227660 12.227660
5470 64.523053 -11.845658 11.845658
7620 9.796367 -9.796367 38.256562
2003 9.839802 -9.839802 39.370424
17253 83.335895 3.830968 96.169032
9038 83.455956 3.670417 96.329583
9075 83.783766 3.787950 96.212050
16140 85.965012 14.034988 38.368861
856 85.327275 14.672725 39.120154
20652 86.015474 13.984526 38.749708
15630 85.715446 -14.284554 18.468141
17022 84.389307 -15.610693 18.692187
17021 86.334286 -13.665714 17.705719
1945 8.089332 -6.451721 93.548279
7526 8.258331 -6.679634 93.320366
7525 8.462650 -6.560090 93.439910
20345 8.130745 -8.130745 36.693882
17127 7.308913 -7.308913 36.913126
15952 62.068980 27.165711 72.834289
6665 63.373062 28.119998 71.880002
1336 61.874681 28.091816 71.908184
15641 45.088820 20.613506 20.613506
96 45.081118 21.379980 21.379980
5195 45.930171 21.078288 21.078288
14720 62.569057 -34.939456 34.939456
14718 63.586863 -33.942612 33.942612
445 60.732610 -39.267390 44.296857
6998 4.918177 -4.918177 61.505858
10201 6.030729 -6.030729 62.609654
8166 36.050253 27.776670 27.776670
11120 37.328899 27.820327 27.820327
18913 35.706821 35.706821 53.614837
17430 35.951796 35.951796 52.301410
3293 34.993234 34.993234 52.647099
8364 30.150366 18.437777 18.437777
2509 30.523167 17.658646 17.658646
13375 29.261632 17.586480 17.586480
13283 96.092385 3.907615 29.855408
4502 95.600560 4.399440 30.280148
13281 96.048393 3.951607 30.332797
906 68.576125 -12.400637 87.599363
18048 68.772727 -13.804917 86.195083
9812 45.950220 -21.352059 78.647941
3277 44.308179 -21.167637 78.832363
10886 9.713036 -1.870708 98.129292
14929 9.652212 -1.823206 98.176794
9185 34.147203 -34.147203 53.147391
9186 33.360757 -33.360757 53.692162
2961 33.224139 -33.224139 52.804929
5918 82.643803 -17.356197 47.960548
3281 48.347112 -17.107492 17.107492
16269 49.039477 -17.731149 17.731149
10949 54.785412 -32.581352 67.418648
3588 54.313202 -32.838599 67.161401
14001 35.235131 29.961178 29.961178
3226 36.290187 31.441659 31.441659
2974 39.299956 18.148330 81.851670
16663 36.990897 17.345930 82.654070
9596 79.787732 20.212268 50.897847
15894 80.266185 19.733815 51.678662
19009 11.814764 -11.814764 50.598545
17639 10.688002 -10.688002 50.355050
1369 31.205481 22.028325 77.971675
11471 28.735025 22.474393 77.525607
6706 29.441612 21.255306 78.744694
10168 8.339051 -1.447263 98.552737
266 8.490867 -1.450352 98.549648
10169 8.393577 -1.406658 98.593342
3648 60.024495 -2.404786 2.404786
10629 61.349849 -2.915997 2.915997
3615 75.000000 -25.000000 25.000000
17672 73.719556 -25.342951 25.342951
14219 10.458799 -1.230825 98.769175
3787 54.959752 -45.040248 52.012713
17340 44.968726 22.763726 77.236274
3456 44.058196 23.693651 76.306349
6441 73.992090 -26.007910 42.430899
20658 73.926824 -26.073176 42.065465
4816 8.703787 -1.639681 98.360319
15149 8.713450 -1.624466 98.375534
19210 8.639708 -1.629924 98.370076
15146 8.696102 -1.655601 98.344399
16337 89.905049 -10.094951 52.491895
3250 90.586165 -9.413835 50.920590
3285 72.193258 19.606766 19.606766
15597 72.072599 18.773444 18.773444
14380 9.362120 -1.806844 98.193156
2044 90.192572 9.807428 74.571737
17631 91.258917 8.741083 72.627372
17632 89.986707 10.013293 73.785842
11135 63.008734 -16.947264 16.947264
11133 62.191910 -17.807742 17.807742
11134 61.583610 -17.196769 17.196769
19904 30.914230 16.835053 16.835053
19988 29.818690 15.978834 15.978834
13376 29.589043 16.818722 16.818722
10076 80.751016 -19.248984 21.100361
14438 82.296837 -17.703163 19.938348
14439 83.325650 -16.674350 20.089070
7918 32.340260 17.000343 17.000343
16726 31.813641 17.755581 17.755581
169 33.065235 17.915095 17.915095
13065 74.466239 -25.533761 52.218307
4440 74.428652 -25.571348 52.018261
12643 0.000000 0.000000 46.236559
12642 0.298347 0.298347 46.001027
4323 0.000000 0.000000 45.161290
60 68.279945 -13.172380 13.172380
8897 68.949569 -12.443437 12.443437
8771 69.571140 -12.922908 12.922908
3785 13.698376 -0.986314 99.013686
10971 13.818894 -1.102962 98.897038
10970 14.201214 -0.951578 99.048422
8672 73.976861 -26.023139 43.645179
6442 73.972581 -26.027419 43.054896
8671 74.872339 -25.127661 42.939159
13941 34.314987 -34.314987 51.936331
12308 33.569154 -33.569154 52.117149
2173 33.786568 -33.786568 51.572705
11444 55.543797 -40.469007 59.530993
9242 55.067496 -40.252537 59.747463
15260 41.194779 -36.688213 63.311787
15259 40.617994 -36.562850 63.437150
13857 55.571247 -43.644793 56.355207
1493 54.895685 -43.587104 56.412896
6866 55.278632 -43.988208 56.011792
15774 40.452407 -29.066688 29.066688
6273 76.407095 -23.592905 34.550464
892 76.121208 -23.878792 34.629603
4007 61.829288 -12.176499 87.823501
11578 63.523644 -11.885836 88.114164
11577 60.591116 -9.633985 90.366015
13298 11.722601 -2.700162 97.299838
13296 12.216407 -2.798820 97.201180
5153 32.733939 -28.939007 71.060993
6847 31.955963 -29.069434 70.930566
57 32.901704 -29.521502 70.478498
15735 31.270193 -31.270193 50.263616
4732 85.040040 -13.101955 86.898045
16463 86.084808 -12.971206 87.028794
14615 85.373142 -12.486255 87.513745
16262 11.842105 0.000000 100.000000
17349 9.904689 4.092340 95.907660
3928 69.024168 -30.975832 59.848884
18932 68.854016 -31.145984 59.188466
11150 52.027238 5.950715 5.950715
1655 72.143519 -19.773204 19.773204
20661 71.360238 -19.975887 19.975887
9009 57.629297 -42.370703 55.881889
9008 56.875429 -43.124571 55.844795
2862 57.674706 -42.325294 55.289949
14059 79.936814 -20.063186 61.045810
16120 56.448468 -31.167207 31.167207
18089 55.652237 -31.093252 31.093252
4414 56.115762 -30.479582 30.479582
16180 100.000000 0.000000 72.222222
16179 99.549686 0.450314 73.211341
27730 100.000000 0.000000 72.916667
13658 33.133510 33.133510 53.213527
18579 2.037716 -2.037716 93.922726
16652 4.326923 -4.326923 95.673077
4965 3.846154 -3.846154 96.153846
16653 4.799250 -4.295836 95.704164
9240 0.000000 0.000000 11.827957
8293 0.504162 -0.504162 11.059111
4010 33.321940 -1.976667 98.023333
18465 31.710540 -3.201586 96.798414
17343 33.471756 -3.435296 96.564704
12602 91.691259 8.308741 24.320347
229 90.702647 9.297353 24.893498
17124 79.838020 6.650419 93.349581
19239 79.474351 6.079253 93.920747
11093 98.773975 1.226025 89.592429
2462 0.000000 0.000000 10.752688
8294 0.000000 0.000000 9.677419
10055 15.564155 -15.564155 39.500655
10054 15.550265 -15.550265 38.711091
3436 12.863462 -4.994002 4.994002
15740 14.652611 -5.554533 5.554533
13971 13.398428 -5.900615 5.900615
5160 34.705358 -34.705358 64.910559
3271 29.207309 -9.486641 9.486641
1274 50.000000 0.000000 100.000000
6581 50.670689 -1.862931 98.137069
9007 89.301036 10.698964 38.290511
1872 90.254652 9.745348 37.505083
7413 89.342833 10.657167 37.507598
8701 79.459783 -20.540217 29.133456
16285 79.723689 -20.276311 29.840418
19890 48.844737 -46.951174 53.048826
3539 48.660266 -46.207852 53.792148
13325 47.828476 -46.456587 53.543413
3498 49.720769 43.977525 56.022475
3232 39.903846 -39.903846 60.096154
13005 40.178614 -39.928907 60.071093
6506 81.388128 -18.611872 36.402848
1211 80.794329 -19.205671 35.969626
6505 82.391648 -17.608352 35.535981
17171 63.762836 -13.499510 13.499510
5731 64.918302 -13.182968 13.182968
5376 28.931167 -28.931167 38.954031
263 29.049899 -29.049899 38.379525
2431 100.000000 0.000000 11.111111
9768 100.000000 0.000000 10.416667
9770 98.935836 1.064164 11.146115
17978 16.156793 6.175609 93.824391
4588 14.878536 9.270577 90.729423
13675 14.061356 7.132723 92.867277
13676 12.632936 9.614176 90.385824
139 17.286742 -17.286742 46.472594
5241 17.856321 -17.856321 47.006899
5240 17.100329 -17.100329 47.135215
16441 19.730916 -19.730916 71.939815
17076 20.266904 -20.266904 73.658671
4952 19.120115 -19.120115 73.647270
13952 69.208792 -27.668386 27.668386
17975 68.093804 -28.575565 28.575565
11361 68.197865 -27.486955 27.486955
10160 92.670549 -7.329451 10.667808
10162 91.673800 -8.326200 11.138208
6574 9.000027 -9.000027 54.848434
6573 7.998243 -7.998243 54.334643
1267 8.906384 -8.906384 53.843178
6275 76.695323 -23.304677 34.215598
10242 64.384297 35.615703 59.869118
3466 64.062971 35.937029 58.782844
18291 62.567214 37.432786 60.087626
16886 7.277130 -1.133344 98.866656
16885 7.315463 -1.064269 98.935731
4662 7.049934 -1.073962 98.926038
11515 25.451255 -25.451255 39.451121
16346 25.827206 -25.827206 39.136194
3038 25.975162 -25.975162 39.650996
16226 65.970434 3.478353 96.521647
3198 66.288595 3.275984 96.724016
2340 18.877676 14.216425 14.216425
16536 18.599855 14.796192 14.796192
16535 19.978116 14.819879 14.819879
18330 54.998626 -45.001374 51.225950
12291 61.167606 -33.766407 66.233593
14830 73.437838 -26.562162 61.651719
5930 72.933403 -27.066597 61.759480
744 73.541833 -26.458167 61.143414
20390 17.885144 17.885144 47.024226
12028 17.966686 17.966686 48.162039
20392 18.584246 18.584246 47.402998
15633 63.710830 -36.289170 58.486546
11071 63.683098 -36.316902 58.181973
3825 64.085172 -35.914828 58.123151
7816 8.315333 -6.461505 6.461505
7721 6.140351 -6.140351 6.140351
13335 44.187828 -8.320973 91.679027
13334 42.381167 -9.035919 90.964081
13506 84.452691 3.336200 3.336200
16991 85.163427 2.212224 2.212224
4553 82.690514 2.703894 2.703894
3753 16.127286 -16.127286 37.280498
12004 15.536394 -15.536394 37.499737
3131 82.279192 5.958112 94.041888
9494 81.227280 5.957229 94.042771
9493 81.792232 5.599084 94.400916
7084 16.532374 -8.805715 8.805715
13293 18.210143 -8.938059 8.938059
20195 67.686128 -32.313872 55.230435
15628 67.228445 -32.771555 55.571321
12316 67.379200 -32.620800 55.170552
2090 84.487126 -15.512874 42.999365
10476 83.207806 -16.792194 44.053219
6880 96.483520 3.516480 8.462909
1499 97.694464 2.305536 7.973173
15181 97.509670 2.490330 7.323165
6830 11.498320 -9.863426 90.136574
6827 11.463759 -10.212054 89.787946
11004 24.265103 -24.265103 38.009267
14793 23.847288 -23.847288 37.785830
5666 1.161197 -1.161197 74.770159
5665 1.802982 -1.802982 73.787663
531 3.404078 -3.404078 76.005178
9991 75.333606 2.624804 97.375196
2916 75.742208 2.690314 97.309686
9106 75.721143 2.822611 97.177389
6637 89.893377 2.729910 2.729910
14665 87.043390 2.949264 2.949264
14664 88.261989 3.696500 3.696500
2940 29.255178 -29.255178 48.695369
15384 28.622467 -28.622467 48.674253
9144 28.937722 -28.937722 48.251305
2515 37.353206 37.353206 51.695735
17431 35.835614 35.835614 50.837703
4922 69.230769 -30.769231 30.769231
16185 70.192308 -29.807692 29.807692
18801 70.147743 -29.852257 30.955745
14298 79.739848 20.260152 75.641110
15087 81.140462 18.859538 73.205395
15282 36.908620 -25.482860 25.482860
15188 38.144259 -26.313414 26.313414
4520 37.075373 -26.650770 26.650770
140 18.807565 -18.807565 47.646553
10312 19.660482 -19.660482 47.008432
10314 20.108091 -20.108091 47.717602
18390 42.188687 -42.188687 44.999148
19275 42.144931 -42.144931 45.474050
4558 41.841803 -41.841803 45.160419
2187 75.213456 24.786544 28.934208
8635 74.297359 25.702641 28.607349
15374 73.770398 26.229602 29.619090
15474 7.718816 -6.226821 93.773179
16668 7.742246 -5.953549 94.046451
1526 7.205430 -5.916438 94.083562
12281 98.300640 1.699360 27.750947
6468 85.743631 -14.256369 35.187941
15971 85.755453 -14.244547 35.571699
15972 85.001014 -14.998986 35.725948
17853 4.920702 -4.920702 52.815157
17854 3.364055 -3.364055 53.520674
3943 18.865979 18.865979 46.335835
11409 19.619174 19.619174 48.089894
11411 20.874233 20.874233 46.865610
18241 0.804166 -0.804166 23.488607
6141 0.882514 -0.882514 22.778506
908 1.382304 -1.382304 23.521059
18412 79.411765 0.000000 0.000000
10988 78.564687 -0.591092 0.591092
18411 76.202418 -0.367518 0.367518
2359 26.442308 -26.442308 73.557692
11983 26.397442 -25.867519 74.132481
11982 25.961538 -25.961538 74.038462
16806 95.488644 -4.511356 23.621213
11829 95.778194 -4.221806 23.766118
4093 95.189193 -4.810807 23.938956
922 81.564506 -18.435494 36.856004
6160 82.450301 -17.549699 36.128142
8086 76.822841 13.771315 13.771315
8087 77.582060 14.334588 14.334588
17219 28.978914 -28.978914 49.144841
18552 28.291588 -28.291588 49.154141
6776 90.481751 9.518249 42.811088
12951 89.432017 10.567983 43.862379
12193 77.379937 22.620063 24.648310
19287 76.762355 23.237645 25.305379
20634 77.433053 22.566947 24.965663
11379 67.454469 -32.545531 61.230375
11380 66.387410 -33.612590 61.338792
11381 67.789771 -32.210229 60.171642
20118 38.144048 19.678920 19.678920
15333 38.980874 20.215373 20.215373
14795 39.019917 19.494636 19.494636
14806 91.191911 8.808089 15.008128
13834 62.643232 37.356768 41.543052
19564 63.440520 36.559480 39.918575
12745 61.908617 38.091383 40.791182
18707 1.571438 1.571438 10.812267
17553 0.915353 0.915353 9.703938
5982 22.086139 -22.086139 35.970339
5983 22.145454 -22.145454 36.678102
5981 21.397194 -21.397194 36.183118
1666 72.541056 -27.458944 35.212946
10543 71.484897 -28.515103 35.199329
15163 27.495399 -8.251702 8.251702
18518 27.639104 -9.048559 9.048559
6022 24.633210 -24.633210 34.796159
2316 7.478030 -7.478030 50.182996
10364 8.468735 -8.468735 49.505577
8066 8.495295 -8.495295 50.778433
3912 91.054979 8.945021 56.305672
14511 90.024372 9.975628 55.424211
8254 79.894040 20.105960 31.828680
15426 98.246607 -1.753393 11.243824
5477 49.020373 -32.106759 67.893241
5479 49.308534 -31.853867 68.146133
364 48.544631 -31.675109 68.324891
9560 28.219733 28.219733 31.864184
19715 28.427923 28.427923 30.373266
3166 27.054993 27.054993 31.023642
4680 41.473860 -36.508535 63.491465
16816 41.794699 -36.865036 63.134964
2618 31.915713 -10.674696 10.674696
13528 32.120462 -9.773250 9.773250
12539 33.756915 -10.406492 10.406492
27393 98.085439 -1.914561 39.742651
27832 99.084924 -0.915076 39.156446
15690 21.060261 10.640761 89.359239
15688 20.656274 12.456003 87.543997
15689 19.703714 11.759951 88.240049
13954 52.966857 -17.971740 82.028260
17120 17.914837 11.369656 11.369656
5990 17.188081 11.862279 11.862279
15441 18.660233 12.238335 12.238335
658 44.543181 -38.777826 61.222174
5817 44.132700 -38.583636 61.416364
5819 44.276665 -38.870701 61.129299
17825 43.605627 -33.632696 66.367304
10582 42.446778 -33.690506 66.309494
19610 43.619417 -34.253079 65.746921
16741 10.400556 -2.174971 97.825029
2123 10.720510 -2.167280 97.832720
16648 10.405855 -2.097205 97.902795
16649 10.619280 -2.062621 97.937379
4160 85.979414 2.635808 97.364192
12038 85.564375 2.531086 97.468914
15176 96.792795 3.207205 81.583795
2208 96.994266 3.005734 78.721665
15177 95.451370 4.548630 81.134072
18548 23.672616 -14.177243 85.822757
7572 22.739071 -13.396444 86.603556
8395 64.354967 -35.645033 53.853023
7060 7.775449 7.775449 61.266149
5882 8.064516 8.064516 91.935484
20454 69.928253 10.644983 89.355017
20456 69.860418 10.132856 89.867144
20777 70.324821 10.411892 89.588108
14360 89.199230 10.800770 17.016969
20731 21.936923 21.936923 50.927435
12820 57.061266 1.203222 98.796778
20881 19.621460 19.621460 49.317217
20883 18.926960 18.926960 48.833421
16798 18.500520 18.500520 49.764533
10697 63.895756 -36.104244 44.375058
1390 62.691035 -37.308965 44.548707
18530 63.808532 -36.191468 43.777960
2041 86.565588 13.434412 55.603197
7680 87.892285 12.107715 55.281031
13445 87.859917 12.140083 54.077068
2552 29.051739 -7.992417 7.992417
2097 48.387097 48.387097 51.612903
8969 47.580645 47.580645 52.419355
12460 10.573800 10.573800 74.891532
12461 13.578389 13.578389 74.928714
12459 11.060088 11.060088 73.622551
18781 33.860594 -25.233973 74.766027
14218 34.496240 -25.783012 74.216988
19358 34.888604 -25.396971 74.603029
9796 92.876575 7.123425 21.381250
9795 93.401083 6.598917 21.295804
2764 93.434811 6.565189 20.811509
3779 19.878408 -17.937637 82.062363
13966 21.348605 -18.022481 81.977519
17244 20.321447 -17.488983 82.511017
16239 85.160074 5.003456 5.003456
20659 86.380155 5.139055 5.139055
19419 87.067581 4.576184 4.576184
14038 86.902448 -13.097552 31.811090
9581 87.941945 -12.058055 31.022394
3402 76.923077 -23.076923 23.076923
10563 78.565370 -21.434630 23.185191
17662 22.884724 -22.884724 48.578125
17661 23.489587 -23.489587 49.343688
9957 95.003802 4.996198 15.782950
9955 96.474326 3.525674 14.453331
9956 94.975315 5.024685 14.926093
18121 0.530900 0.530900 42.917092
15406 36.520071 -36.520071 41.811621
15407 35.945457 -35.945457 42.296660
14005 81.263261 -18.736739 34.849267
8135 82.509531 -17.490469 34.738629
7936 15.506727 -6.509852 93.490148
4213 25.883870 -12.117101 12.117101
12234 25.882209 -11.273026 11.273026
19062 27.270164 -11.682550 11.682550
8253 62.904857 -37.095143 43.833583
444 63.182670 -36.817330 43.258931
4068 94.710944 5.289056 31.958351
13043 94.842795 5.157205 32.422947
11749 95.307909 4.692091 31.852901
10820 11.262709 -11.262709 61.877376
15306 86.605965 -13.394035 38.372558
2081 88.255556 -11.744444 38.036251
4873 38.474549 -37.564670 62.435330
19299 38.249675 -37.753231 62.246769
18523 38.974030 -37.946088 62.053912
6975 47.280003 -33.179180 66.820820
1570 46.511969 -32.895646 67.104354
9220 89.943813 10.056187 47.019241
2983 89.579452 10.420548 48.946675
9221 91.528630 8.471370 46.903572
11421 1.603374 1.603374 50.290451
19748 89.576335 -10.423665 32.432440
7874 88.839433 -11.160567 33.089612
10977 99.078365 -0.921635 2.316740
10975 100.000000 0.000000 2.083333
8180 26.010996 -12.951505 87.048495
18549 24.397398 -13.322335 86.677665
9698 40.502421 -38.331647 61.668353
18533 40.229010 -38.539643 61.460357
19836 17.982082 1.265779 98.734221
5054 17.191526 3.482561 96.517439
19494 16.356079 1.928101 98.071899
17977 15.323283 4.397303 95.602697
12528 24.955958 7.047483 92.952517
12526 26.224215 5.883558 94.116442
12527 26.021998 7.653008 92.346992
8564 32.165194 -11.493641 11.493641
19747 75.079697 22.390135 22.390135
7271 75.528194 23.236402 23.236402
13967 20.711731 -18.466750 81.533250
11048 19.188759 -18.279231 81.720769
16242 20.012374 -18.867798 81.132202
18655 48.535447 -24.001019 24.001019
8359 47.754992 -24.817968 24.817968
18049 47.240853 -23.861533 23.861533
14678 17.520376 -3.390523 3.390523
15280 15.317774 -3.260286 3.260286
12483 9.346434 -1.656405 98.343595
3010 9.536418 -1.689562 98.310438
14932 9.443854 -1.622798 98.377202
4763 18.113447 -2.853512 97.146488
14786 18.449778 -3.180584 96.819416
14785 19.104598 -2.834818 97.165182
14784 18.606895 -2.530269 97.469731
3398 55.351328 -38.157816 61.842184
20504 66.353055 -26.557686 73.442314
19368 39.702094 15.139496 15.139496
7804 7.768072 -2.511079 97.488921
2133 8.201347 -2.595902 97.404098
13184 49.993136 -19.487522 19.487522
4474 49.844226 -18.520687 18.520687
7720 5.445696 -5.445696 6.599927
2072 5.263158 -5.263158 5.263158
10479 5.519635 -5.519635 23.872370
14633 4.646243 -4.646243 23.416668
3580 5.078176 -5.078176 22.966281
19001 70.460274 17.941330 17.941330
15828 69.951982 17.272227 17.272227
12480 51.836722 -42.230112 57.769888
7090 71.618606 -28.381394 53.770360
7091 71.974036 -28.025964 53.254873
8769 98.029679 -1.970321 5.926142
8767 100.000000 0.000000 4.861111
8768 98.417183 -1.582817 6.285818
5889 18.413986 -18.413986 23.284461
12167 19.694395 -19.694395 24.569389
714 18.401663 -18.401663 24.421628
15711 14.566769 -2.076190 97.923810
2337 15.211578 -2.188389 97.811611
8206 15.058451 -1.939780 98.060220
5353 76.685156 4.116606 95.883394
12940 77.118624 3.948227 96.051773
14713 77.413194 4.249215 95.750785
1948 62.826620 -37.173380 56.997301
9756 0.862937 -0.862937 52.318366
10893 1.150800 -1.150800 53.196625
157 0.000000 0.000000 53.763441
2829 81.212890 18.787110 68.656179
8926 83.988204 16.011796 66.165980
8928 82.856000 17.144000 65.539593
18019 76.392826 -23.607174 35.699066
3371 81.937756 -18.062244 61.605990
15194 9.930908 -9.930908 30.789674
9510 10.268364 -10.268364 31.704386
8479 9.352844 -9.352844 31.206918
5960 48.563025 -29.642381 70.357619
5959 48.930806 -30.068273 69.931727
19605 30.337408 -30.337408 65.519256
19650 30.425529 -30.425529 65.727886
5302 59.339572 -39.694949 60.305051
7745 60.139860 -39.860140 60.139860
195 60.489510 -39.510490 60.489510
4025 75.607960 -24.392040 36.148594
11635 75.704097 -24.295903 35.730672
4923 96.264068 3.735932 75.237939
18587 96.453104 3.546896 73.531469
18586 95.249088 4.750912 75.190848
16409 86.672157 13.327843 38.415391
6185 86.121650 13.878350 43.934317
16031 84.555930 15.444070 44.668718
16030 85.256023 14.743977 45.242296
1800 71.486490 -28.513510 45.737141
16488 72.387974 -27.612026 45.778166
7299 71.361674 -28.638326 46.513488
9766 92.649282 -7.350718 49.797492
8222 25.445418 3.056308 96.943692
10598 24.506503 4.766605 95.233395
2415 23.624751 3.262268 96.737732
1780 47.930767 -22.938538 22.938538
7274 46.604603 -23.059698 23.059698
9102 6.319132 -6.319132 57.111295
2790 96.537070 3.462930 13.251840
18882 98.241966 1.758034 13.027764
19513 56.981502 -40.606094 59.393906
20142 57.026026 -40.264176 59.735824
20144 56.467390 -40.316503 59.683497
5125 30.701754 -30.701754 30.701754
12792 72.713012 3.956890 96.043110
1382 72.601712 3.728108 96.271892
6718 73.143208 3.834004 96.165996
1334 65.097619 28.066575 71.933425
6666 64.612442 29.132290 70.867710
18183 50.379910 -38.095703 61.904297
2537 49.086181 -37.802916 62.197084
8415 49.862121 -38.506442 61.493558
18468 14.606779 -2.549182 97.450818
18480 14.835987 -2.694222 97.305778
5509 36.459984 -36.459984 59.491371
391 35.921584 -35.921584 59.510685
9251 80.783867 3.519403 96.480597
2997 80.799844 3.397777 96.602223
4247 29.189140 -23.895772 23.895772
17060 30.044410 -25.578819 25.578819
12388 28.328909 -24.502306 24.502306
1814 72.723789 21.708347 21.708347
15326 72.424615 20.561822 20.561822
4929 4.401808 4.401808 27.714313
17876 12.741689 -2.350006 97.649994
3979 15.506726 -2.682918 97.317082
12991 15.487012 -2.425932 97.574068
12990 15.020637 -2.534688 97.465312
15079 88.838989 11.161011 21.401584
4713 89.582013 10.417987 20.726934
15080 88.861996 11.138004 20.817448
2950 55.629744 -34.906753 65.093247
13741 54.074922 -33.759798 66.240202
5191 2.479045 -2.479045 91.269259
5190 2.220497 -2.220497 92.031319
91 0.000000 0.000000 89.247312
1747 65.658302 2.096399 97.903601
7219 65.052953 2.181897 97.818103
16527 64.834519 1.769507 98.230493
20865 74.657256 -15.709400 84.290600
20485 74.502855 -15.911752 84.088248
20877 74.920722 -16.238452 83.761548
20732 4.254148 -4.254148 56.975592
3830 27.195117 -27.195117 45.144877
11083 27.874413 -27.874413 45.338507
11085 27.547810 -27.547810 45.707331
4647 91.095974 -8.904026 24.554960
19143 90.209372 -9.790628 25.191488
20107 90.017199 -9.982801 24.708798
4880 82.086976 17.913024 28.142540
16029 82.324598 17.675402 27.623604
18705 81.696198 18.303802 27.985418
19608 65.555263 -34.444737 51.920821
19898 66.263284 -33.736716 51.255121
10306 82.265215 9.150651 90.849349
17612 82.953032 8.372095 91.627905
9537 83.551283 9.120725 90.879275
2878 34.625333 16.542630 83.457370
10448 33.035485 14.867521 85.132479
9854 35.588986 14.347785 85.652215
11016 1.528839 1.528839 32.017424
11014 1.524403 1.524403 33.360076
11015 3.208068 3.208068 33.026608
17147 11.080461 -1.710446 98.289554
5007 11.547579 -1.728365 98.271635
964 12.420686 -12.420686 22.158621
2978 30.865115 -30.865115 47.922623
9209 31.370003 -31.370003 47.885922
14453 41.648981 -37.345981 62.654019
4567 69.690432 21.294758 21.294758
13581 71.203840 21.441555 21.441555
13031 76.023498 -13.044037 13.044037
13029 75.161285 -13.158465 13.158465
13030 75.932678 -12.553225 12.553225
16932 5.517170 -1.582252 98.417748
16861 5.046572 -1.507198 98.492802
220 5.396687 -1.670056 98.329944
4087 34.754769 -34.754769 64.248110
13179 34.882050 -34.882050 64.285215
11789 34.630942 -34.630942 64.414511
7407 82.357741 17.642259 40.121088
1866 82.564719 17.435281 39.661371
7408 82.031391 17.968609 39.955143
1316 88.542236 1.726790 1.726790
6639 92.248625 1.769818 1.769818
9488 74.661681 -25.338319 60.462134
7879 76.590848 23.409152 28.145090
7878 75.618060 24.381940 27.901830
3520 49.363585 -39.798437 60.201563
10446 50.244583 -40.071944 59.928056
16202 97.368421 0.000000 100.000000
27731 97.087440 0.329508 99.670492
27111 95.208821 0.553757 99.446243
27803 93.964404 0.709639 99.290361
27732 94.818184 0.409779 99.590221
16148 89.548609 10.451391 21.263426
14865 90.223212 9.776788 21.127942
14508 90.240387 9.759613 20.622402
14226 83.941357 -7.976050 7.976050
9976 85.766268 -7.219424 7.219424
12242 85.046531 -8.128946 8.128946
14276 72.906694 4.570798 95.429202
13454 73.504546 4.785235 95.214765
2746 72.990173 4.895521 95.104479
4548 97.730083 -2.269917 22.402833
13494 97.295760 -2.704240 22.226861
1117 73.947231 -26.052769 67.683703
11429 74.283107 -25.716893 67.035203
9247 74.532993 -25.467007 67.144160
10504 76.792923 -14.595314 14.595314
10506 75.518125 -14.783295 14.783295
14363 68.975760 -25.131919 74.868081
20025 7.795732 -2.978900 97.021100
6963 7.329217 -2.813918 97.186082
14521 7.308771 -2.959755 97.040245
2200 64.790796 -35.209204 58.147119
18110 64.438304 -35.561696 58.118582
18109 64.887022 -35.112978 57.722329
2821 3.636690 3.636690 15.275425
8917 2.928227 2.928227 14.128567
5668 67.676326 -32.323674 67.153540
5670 67.832168 -32.167832 67.832168
536 67.482517 -32.517483 67.482517
12464 28.827401 -6.532319 93.467681
8842 29.388074 -7.536165 92.463835
7962 7.833417 7.833417 9.921082
2244 8.510638 8.510638 8.510638
7963 7.065089 7.065089 8.634066
14474 49.857086 -37.390860 62.609140
13550 49.109462 -36.683588 63.316412
14473 48.611416 -37.107989 62.892011
19909 55.453374 -44.546626 52.613079
10973 54.196003 -45.803997 52.848520
9086 92.316559 7.683441 21.536855
9087 91.654934 8.345066 21.778081
6009 91.840558 8.159442 22.160863
12922 10.334628 -1.959000 98.041000
12920 10.393124 -1.916690 98.083310
17187 59.640048 -35.171168 35.171168
11032 53.526284 -46.473716 48.577958
3809 52.961323 -47.038677 48.082005
7175 33.631439 -33.631439 46.600792
18345 34.400088 -34.400088 46.195007
8575 2.070202 2.070202 3.167040
2626 2.127660 2.127660 2.127660
8576 0.967941 0.967941 1.969992
7216 65.497635 2.827276 97.172724
9630 66.018512 2.976458 97.023542
9631 65.715250 3.124296 96.875704
4081 17.430970 -17.430970 70.510486
11773 16.179732 -16.179732 70.714141
12491 16.402481 -16.402481 69.199761
10264 58.201646 -12.655579 12.655579
19097 57.012072 -13.040147 13.040147
13613 57.044554 -12.239496 12.239496
8582 1.676474 -1.676474 69.346985
10377 40.055930 -40.055930 43.460787
10081 66.080161 -33.919839 53.892142
8808 65.807838 -34.192162 54.284143
7217 64.949778 2.684611 97.315389
16528 64.753274 2.898818 97.101182
17115 64.325458 2.559223 97.440777
19172 88.595466 10.253386 10.253386
13965 87.247974 10.787028 10.787028
3322 87.895487 11.118935 11.118935
14747 85.650382 14.349618 83.571695
692 87.276785 12.723215 83.649158
14748 87.244286 12.755714 81.642963
5863 88.802573 11.197427 81.366781
1619 19.130447 19.130447 67.062127
8888 17.982721 17.982721 66.034224
7054 17.544183 17.544183 67.053085
6302 34.279401 20.142105 20.142105
11706 33.165840 20.157660 20.157660
19004 0.641547 0.641547 21.356315
18414 0.963445 0.963445 20.212674
15026 0.000000 0.000000 20.430108
1054 70.958007 4.862468 95.137532
16275 70.896845 5.333361 94.666639
6314 70.129271 4.920519 95.079481
2743 83.218087 7.018006 92.981994
13371 83.598750 7.687813 92.312187
16780 82.392477 7.653947 92.346053
7352 91.784779 8.215221 45.704535
5912 73.059912 -26.940088 55.854063
5911 72.926736 -27.073264 56.304450
686 72.519241 -27.480759 56.279588
5916 95.158483 -4.841517 9.486070
5915 94.742836 -5.257164 10.401562
8184 36.526716 -36.526716 59.870558
19834 27.651080 -22.947127 77.052873
11260 26.878466 -22.376993 77.623007
3887 26.614739 -22.784002 77.215998
4426 29.602033 29.602033 57.556425
13717 29.986145 29.986145 55.976518
5919 83.157267 -16.842733 47.742482
13003 13.262146 -13.262146 17.637666
12061 13.320621 -13.320621 16.789605
6475 85.987778 -14.012222 36.378450
9591 85.053092 -14.946908 36.613320
19104 28.833921 -11.933602 11.933602
3849 30.065038 -12.793522 12.793522
15230 28.019774 -12.453103 12.453103
11364 26.875824 -26.875824 45.739443
2831 26.568362 -26.568362 46.511766
6966 29.298818 -18.516572 81.483428
16009 30.315065 -19.639746 80.360254
20462 63.549602 36.450398 44.262754
20574 62.857902 37.142098 44.845462
9153 63.218735 36.781265 45.211651
7754 57.654951 28.631707 71.368293
10584 56.194249 29.117567 70.882433
2095 56.149685 28.189711 71.810289
5482 63.642664 2.866810 97.133190
5480 64.552216 3.168844 96.831156
5481 64.028083 3.441550 96.558450
5251 52.721886 32.194543 32.194543
8169 93.165557 6.834443 31.217997
2386 93.143563 6.856437 30.850424
7258 68.058257 28.733156 71.266844
14421 8.892813 -3.576235 96.423765
14422 8.406388 -3.211160 96.788840
9407 5.263158 0.000000 100.000000
18142 15.958273 -4.456929 95.543071
8605 15.223396 -4.216274 95.783726
2645 14.963018 -4.601673 95.398327
15679 54.969805 32.546150 32.546150
10959 55.766089 31.885346 31.885346
18252 78.543476 21.456524 70.062180
20199 76.569970 23.430030 72.817338
20371 78.556276 21.443724 72.060281
16263 5.654589 5.654589 27.717870
14801 98.425245 1.574755 72.320524
14685 98.495157 1.504843 73.172689
4746 98.905842 1.094158 72.127271
18043 23.166519 -23.166519 62.351251
2519 24.529199 -24.529199 60.758562
12011 24.878111 -24.878111 62.610805
9794 92.827614 7.172386 21.849606
797 92.412601 7.587399 21.859378
12663 90.998985 9.001015 88.315074
27658 90.631678 9.368322 89.538002
27693 90.231602 9.768398 88.990319
14127 76.079013 -23.920987 64.342920
15424 76.677276 -23.322724 63.946822
15423 76.066390 -23.933610 64.709755
5604 71.815367 -17.842650 17.842650
20641 71.763471 -17.546076 17.546076
27394 72.043580 -17.506251 17.506251
15750 80.185391 -9.850431 9.850431
5208 80.107897 -9.438122 9.438122
17694 81.128383 -9.338061 9.338061
5870 32.067980 -32.067980 51.558151
18754 99.579026 0.420974 89.090146
18753 99.085388 0.914612 89.067671
448 99.492347 0.507653 90.015368
18729 100.000000 0.000000 89.583333
13289 71.913015 -28.086985 56.354887
2355 71.378008 -28.621992 56.822755
802 8.174653 -8.174653 24.743231
6013 8.656585 -8.656585 24.553904
19695 8.820131 -8.820131 25.208037
3309 92.213106 7.786894 25.125408
16396 91.964069 8.035931 25.976996
10568 92.758370 7.241630 25.371432
1753 49.081999 -38.376728 38.376728
7236 48.339492 -38.790705 38.790705
7235 48.373157 -37.896363 37.896363
3 85.086682 -14.913318 35.253544
20402 18.093481 -18.093481 54.881751
2373 18.413234 -18.413234 54.435509
20403 18.535592 -18.535592 54.871717
2177 97.735182 2.264818 29.954995
10307 97.194734 2.805266 30.211158
18169 97.494054 2.505946 30.505696
8217 28.225806 28.225806 71.774194
8215 27.070628 27.070628 70.613671
8216 26.169124 26.169124 71.775613
4254 4.224793 -4.224793 23.834092
12403 4.588938 -4.588938 24.644434
6852 8.878624 -1.763385 98.236615
1484 8.760509 -1.805843 98.194157
12896 9.007994 -1.818878 98.181122
813 25.517707 -18.875150 18.875150
7014 24.774071 -18.966517 18.966517
6032 24.585058 -18.438834 18.438834
11081 4.119300 -4.119300 32.368001
9894 3.586511 -3.586511 31.977382
1350 3.942210 -3.942210 31.670318
20187 40.864315 -27.724292 72.275708
20277 42.000510 -28.051654 71.948346
20340 59.958050 -21.843447 78.156553
3728 61.814187 -22.039680 77.960320
16289 78.982774 -20.032985 79.967015
16437 79.720280 -20.279720 79.720280
16438 79.130775 -19.316089 80.683911
16498 90.005187 -9.994813 38.000729
16497 91.951259 -8.048741 35.797203
27395 91.328899 -8.671101 36.786596
2611 29.978903 -28.804609 71.195391
17839 30.413669 -29.114243 70.885757
10916 47.123327 -36.239951 63.760049
3769 48.087017 -36.586386 63.413614
17223 82.227605 17.772395 39.482729
17222 81.646613 18.353387 39.830128
6661 29.853235 -29.853235 62.252679
6660 29.932809 -29.932809 61.723785
10786 95.674415 -4.325585 38.594161
27855 96.962415 -3.037585 37.585660
27824 97.401045 -2.598955 37.582857
15328 71.924183 -28.075817 62.660556
745 72.473160 -27.526840 62.269759
9194 93.651174 -6.348826 21.867410
2965 92.854028 -7.145972 21.941317
11529 69.624447 -30.375553 42.754338
541 70.180824 -29.819176 42.337277
8706 70.122391 -29.877609 42.698259
10737 82.144191 17.855809 30.459268
10004 61.538462 -38.461538 38.461538
4643 30.829721 -30.829721 60.839867
17507 86.822757 4.015169 95.984831
2389 86.266092 4.109392 95.890608
12697 86.502154 3.868593 96.131407
8260 46.836263 23.123735 23.123735
3685 10.207843 -1.768207 98.231793
10707 10.397472 -1.806261 98.193739
2741 100.000000 0.000000 4.166667
9034 59.319043 29.191376 29.191376
12202 64.321954 -19.627289 80.372711
14976 62.200544 -18.878054 81.121946
19013 80.501205 19.498795 42.156972
5677 78.207259 21.792741 23.910940
5679 78.048906 21.951094 23.387237
545 77.217069 22.782931 24.198515
11400 83.029640 16.970360 41.767492
3937 82.371883 17.628117 41.551018
11398 82.257527 17.742473 42.441591
19721 37.300013 -35.685330 64.314670
5488 36.956631 -35.370606 64.629394
1584 4.522815 -4.522815 62.453355
8149 18.439295 -18.439295 55.500279
1616 18.388420 -18.388420 57.150261
20726 17.687570 -17.687570 55.948809
2391 32.224223 -32.224223 43.702286
7653 84.110852 -15.889148 41.584457
2024 83.870038 -16.129962 40.811441
10696 54.101998 -43.908710 56.091290
19489 53.547111 -43.968046 56.031954
19488 54.117944 -44.321317 55.678683
17554 0.502281 0.502281 8.613363
16266 0.000000 0.000000 7.526882
2463 0.000000 0.000000 8.602151
19380 30.491953 -23.273805 76.726195
19055 29.829114 -23.147418 76.852582
13976 57.616982 -17.995555 17.995555
13977 59.015040 -18.159155 18.159155
10252 57.898794 -18.939208 18.939208
14944 75.599116 -24.400884 52.398460
17066 75.400391 -24.599609 52.416167
17067 75.705382 -24.294618 52.136833
8901 28.919996 -28.919996 63.841063
8876 29.096845 -29.096845 63.552769
5904 76.789111 -23.210889 52.453375
725 77.100884 -22.899116 52.580411
5902 76.412958 -23.587042 53.006551
5903 76.708602 -23.291398 53.171418
8168 93.612902 6.387098 30.607120
16283 93.839121 6.160879 29.946147
18876 93.136878 6.863122 30.482507
1603 38.354189 -38.354189 59.816254
13670 37.920100 -37.920100 59.931715
17697 38.171287 -38.171287 59.586138
13645 66.761287 -33.238713 33.651378
1656 100.000000 0.000000 56.250000
7104 100.000000 0.000000 55.555556
27733 98.970109 1.029891 56.792644
1657 100.000000 0.000000 54.861111
27734 99.037578 0.962422 56.199569
17510 94.950110 4.180458 95.819542
3797 95.161290 4.838710 95.161290
19654 93.763535 5.234529 94.765471
8410 19.380638 19.380638 43.441292
8412 18.291687 18.291687 42.209864
2534 18.052362 18.052362 43.448928
291 10.227652 -2.177317 97.822683
14724 16.365801 -1.306345 98.693655
4650 15.606866 -1.389169 98.610831
17408 14.737536 -13.472349 13.472349
9029 15.138739 -13.124221 13.124221
20713 15.853496 -13.704230 13.704230
6875 38.264102 -38.264102 42.853268
10728 53.750301 -0.844412 0.844412
4061 12.189992 -12.189992 17.799746
11734 11.664914 -11.664914 17.008237
18418 12.457867 -12.457867 17.336597
4820 84.863787 15.136213 24.956270
551 47.341675 29.471485 29.471485
5688 48.472118 29.928995 29.928995
9984 48.197137 28.861115 28.861115
8127 15.708975 -15.708975 41.012160
3669 0.000000 0.000000 40.860215
10672 0.760145 0.760145 40.851579
7815 7.375124 -5.549803 5.549803
2138 9.627374 -5.913725 5.913725
16879 73.968418 2.031227 97.968773
13913 54.660436 -45.339564 48.019682
3807 54.244119 -45.755881 48.982628
887 47.405306 -28.928199 28.928199
10093 48.373308 -28.403909 28.403909
17949 48.436634 -29.444230 29.444230
12519 31.390936 -26.276519 73.723481
11633 31.741123 -26.516440 73.483560
13920 31.866828 -26.300094 73.699906
14970 16.976640 16.976640 71.649815
14969 14.738466 14.738466 70.670256
4368 41.176471 0.000000 0.000000
14611 44.943206 2.094548 2.094548
12782 44.117647 0.000000 0.000000
11309 59.526523 -40.473477 44.440694
11311 58.437289 -41.562711 45.076321
3907 58.672985 -41.327015 44.514856
16105 6.398634 -6.398634 85.468910
10927 5.617968 -5.617968 84.256749
7358 7.357887 -7.357887 85.524687
9851 29.265713 1.316758 98.683242
3298 29.550057 2.435726 97.564274
4069 20.355188 -20.355188 76.796595
11753 19.889868 -19.889868 78.489165
17134 8.875187 6.152841 6.152841
17516 10.931437 7.231257 7.231257
2704 27.567675 -24.880691 24.880691
9598 19.060210 -19.060210 21.653948
14790 18.560013 -18.560013 20.745508
2350 19.287301 -19.287301 21.259825
1380 72.814666 3.347071 96.652929
12515 50.699301 -49.300699 50.699301
12516 51.750281 -48.249719 50.456520
9262 32.593509 -32.593509 60.000512
9261 32.493669 -32.493669 60.505242
14348 88.916099 -9.804162 9.804162
4146 89.884185 -8.909470 8.909470
11995 90.118149 -9.264515 9.264515
10260 98.485447 1.514553 71.387325
10261 98.695089 1.304911 70.377440
10262 98.109237 1.890763 71.182979
429 50.400401 33.112292 33.112292
11716 50.013842 31.610826 31.610826
5548 48.923977 32.344965 32.344965
18597 69.181174 -25.716483 74.283517
20611 68.448736 -25.167151 74.832849
14963 91.068048 8.931952 33.129942
4790 91.648585 8.351415 32.833047
159 34.149826 -31.694915 68.305085
14737 32.544210 -31.432717 68.567283
17314 72.031767 -12.373566 12.373566
574 76.751466 3.155965 96.844035
1891 19.077818 -13.035601 86.964399
10617 19.491356 -1.844674 98.155326
13170 20.565624 -1.725068 98.274932
348 6.348115 -6.348115 16.905559
14446 21.169691 -16.373490 16.373490
14382 18.257506 12.809415 87.190585
8559 92.339304 7.660696 40.781024
1423 90.676063 9.323937 41.610281
16845 56.296985 -31.846918 68.153082
4985 55.617429 -31.458869 68.541131
18112 55.478093 -31.799683 68.200317
19658 30.724131 -30.724131 65.093406
19659 30.693246 -30.693246 64.821052
19498 30.967305 -30.967305 64.872180
7146 68.471901 -21.299482 21.299482
7017 69.286428 -21.664019 21.664019
1596 68.127828 -22.255558 22.255558
5150 41.818470 33.470417 33.470417
5152 41.715756 34.576676 34.576676
5809 70.919952 7.925856 7.925856
16125 72.347037 7.649796 7.649796
1995 98.960543 1.039457 20.244026
7608 98.912803 1.087197 21.100416
13022 99.493671 0.506329 20.555546
15578 95.656858 4.343142 19.949401
10417 63.623076 -6.719886 93.280114
10418 64.286546 -8.310606 91.689394
9169 55.207666 -34.568713 65.431287
2840 8.144027 -1.449687 98.550313
20213 7.909061 -1.432474 98.567526
14699 64.279261 10.073666 89.926334
14697 63.214645 10.890329 89.109671
14698 62.124957 9.299515 90.700485
16246 78.130275 -2.386878 97.613122
15860 79.522444 -2.410648 97.589352
27149 77.220090 -1.193394 98.806606
15615 80.353958 -2.131342 97.868658
27150 78.382647 -1.369929 98.630071
8998 9.579775 -9.194645 90.805355
10933 9.180887 -8.802234 91.197766
10932 9.134615 -9.134615 90.865385
2486 13.091522 -0.651327 99.348673
4148 90.384615 -9.615385 9.615385
11997 91.346154 -8.653846 8.653846
13431 12.645589 -8.422251 91.577749
15133 12.606499 -7.683981 92.316019
16436 11.741801 -7.934379 92.065621
15919 82.465016 4.790800 95.209200
15918 82.639839 4.558582 95.441418
1915 82.981692 4.718966 95.281034
2889 3.241144 3.241144 87.642708
9061 1.654554 1.654554 88.439339
13865 3.320378 3.320378 88.879872
19477 64.824295 -15.731570 15.731570
19476 66.230988 -15.493556 15.493556
1469 65.486293 -16.237928 16.237928
11875 93.310136 -6.689864 47.314515
11876 93.361496 -6.638504 46.321346
5900 95.865933 -4.134067 44.863524
3961 56.458901 -40.638021 59.361979
11445 56.000962 -40.688284 59.311716
17573 56.431965 -40.924261 59.075739
19514 56.887737 -40.895978 59.104022
13851 32.181050 -17.032494 17.032494
17563 32.449126 -17.490282 17.490282
18706 74.706243 -10.015662 10.015662
1077 74.458343 -10.696884 10.696884
8874 73.578880 -10.430890 10.430890
7490 38.756512 -38.756512 42.597402
27953 97.380977 -2.619023 93.234305
27735 94.405594 -5.594406 94.405594
28004 97.769382 -2.230618 92.604257
17499 92.140155 -4.359485 95.640515
446 92.372030 -5.203405 94.796595
17500 94.755245 -5.244755 94.755245
19958 93.854935 6.145065 77.195359
17045 92.398792 7.601208 77.597254
13850 32.369795 -16.664356 16.664356
14891 33.025982 -16.554841 16.554841
10227 28.596444 -28.596444 40.687015
16734 29.411352 -29.411352 41.250450
3459 28.484122 -28.484122 41.481895
12071 41.166819 -41.166819 54.109424
3652 41.384516 -41.384516 53.372440
2736 3.314007 3.314007 22.645901
15264 3.696899 3.696899 23.687185
8761 4.475137 4.475137 22.694504
6052 9.277573 -9.277573 27.843559
830 9.891009 -9.891009 28.341266
14411 9.384415 -9.384415 28.511400
13939 60.421165 -3.670139 96.329861
14956 62.020659 -5.231863 94.768137
4523 61.619737 -3.686808 96.313192
15562 95.987615 -4.012385 19.326494
3276 96.886535 -3.113465 18.828770
9810 97.064510 -2.935490 19.239774
15290 45.039046 -1.412823 98.587177
9379 44.273114 -1.790087 98.209913
3071 45.298565 -2.367922 97.632078
6560 38.437460 -38.437460 57.933557
6562 38.943111 -38.943111 58.212658
18393 39.395038 35.441930 64.558070
3947 8.358884 -8.358884 12.799817
11416 9.240974 -9.240974 13.300940
11415 8.755546 -8.755546 13.848108
3693 28.444497 -3.002117 96.997883
5067 29.894539 25.903785 25.903785
18316 30.442645 25.142649 25.142649
18678 29.320758 24.796250 24.796250
3014 22.669980 -10.360783 89.639217
19609 38.821025 -30.422148 69.577852
18076 38.792389 -29.807540 70.192460
8667 37.254830 -37.254830 55.448425
14225 38.117046 -38.117046 55.649186
1839 37.108042 -37.108042 56.384801
12781 40.603055 -1.015230 1.015230
12780 43.311474 -1.989104 1.989104
6327 12.013044 12.013044 18.137193
1060 13.302836 13.302836 18.514373
6328 12.661422 12.661422 17.439192
681 36.887142 -31.476518 68.523482
19706 36.841060 -32.202095 67.797905
11393 38.252276 -32.302289 67.697711
19224 78.789348 18.652436 81.347564
7826 79.701109 17.904260 82.095740
16587 82.630811 -17.369189 23.568544
2712 84.894476 -15.105524 22.058014
7671 80.106121 -19.893879 52.739191
14913 79.397130 -20.602870 53.968332
5815 78.627204 -21.372796 53.800416
10618 18.819241 -1.641392 98.358608
3637 19.948884 -1.473682 98.526318
10134 58.989410 -41.010590 49.887927
10904 59.375548 -40.624452 50.601681
10903 57.813714 -42.186286 50.898125
12277 32.752432 -32.752432 61.111326
12276 32.388228 -32.388228 60.965441
3003 32.856421 -32.856421 60.721225
9037 63.443407 -36.556593 54.792799
8775 63.471355 -36.528645 55.147691
9036 63.069115 -36.930885 55.135929
20050 9.009013 -1.683095 98.316905
18168 8.913977 -1.700744 98.299256
12997 9.048639 -1.726952 98.273048
15608 65.380187 -10.082727 89.917273
18285 67.040007 -12.015287 87.984713
19158 6.129322 -1.119015 98.880985
4978 6.059040 -1.181006 98.818994
19141 6.373912 -1.219653 98.780347
16112 64.860060 -35.139940 58.591351
16113 65.040470 -34.959530 58.384145
12655 65.052835 -34.947165 58.578524
10698 39.151478 25.139457 25.139457
10699 40.080296 25.728019 25.728019
336 40.002634 24.835115 24.835115
480 33.082085 -33.082085 64.527545
5607 33.475292 -33.475292 64.334054
5609 33.464156 -33.464156 64.613577
5944 65.478009 4.972268 95.027732
5945 64.654583 4.203065 95.796935
5943 65.938086 4.537416 95.462584
19389 90.384615 9.615385 9.615385
20227 91.346154 8.653846 8.653846
4804 89.092248 9.279167 9.279167
6095 35.374702 -27.233868 72.766132
6950 35.620913 -26.868782 73.131218
868 34.593996 -26.718208 73.281792
11328 44.069089 -23.175743 23.175743
11329 44.898482 -22.746377 22.746377
19122 27.835250 -27.835250 29.677582
17740 73.378053 -26.621947 31.155724
19391 32.665532 -23.896461 76.103539
12738 32.931520 -23.579041 76.420959
15988 93.269231 -6.730769 6.730769
15989 93.231638 -6.768362 7.645782
4147 92.307692 -7.692308 7.692308
10341 99.526464 0.473536 26.440517
6041 99.531432 0.468568 26.980613
820 100.000000 0.000000 26.388889
7706 29.807643 -29.807643 50.662252
2063 30.072499 -30.072499 51.009562
17295 70.100771 -29.899229 68.964848
2784 85.611993 14.388007 30.050186
12345 95.771586 4.228414 93.886814
12343 96.739572 3.260428 93.666158
12344 95.455141 4.544859 92.918788
12601 88.298253 11.701747 69.706927
884 89.125964 10.874036 69.744132
6114 90.151547 9.848453 68.129322
20137 87.384012 12.615988 23.620705
8865 87.571185 12.428815 23.127327
12698 85.956508 3.974102 96.025898
12696 86.100563 3.755681 96.244319
3022 45.704035 33.394052 66.605948
13309 46.194848 32.581092 67.418908
17700 87.529394 10.142879 10.142879
15637 86.255622 4.531408 95.468592
15645 86.581144 4.269206 95.730794
4364 86.959809 4.469925 95.530075
736 96.844905 -3.155095 8.199286
12444 96.994740 -3.005260 7.499670
12443 98.436290 -1.563710 6.901305
13650 64.146586 19.077428 19.077428
13651 64.368603 19.808726 19.808726
9329 65.162836 19.210044 19.210044
13974 70.606277 -25.008737 25.008737
4636 71.421296 -25.218259 25.218259
18557 75.722040 -18.260109 18.260109
10579 76.860269 -17.327030 17.327030
2398 77.199209 -18.198763 18.198763
12589 53.652487 -30.035637 30.035637
18584 52.653293 -29.937367 29.937367
4305 53.406847 -29.205028 29.205028
14586 43.476288 -37.684560 62.315440
2404 43.679495 -37.885602 62.114398
18150 25.079610 -5.048539 5.048539
17970 26.194097 -4.481706 4.481706
19791 3.328763 -3.328763 34.503253
19790 3.429359 -3.429359 33.854487
19789 3.814058 -3.814058 34.477545
19929 82.322209 -11.376373 11.376373
20068 81.656499 -11.321781 11.321781
19572 82.607013 -10.831894 10.831894
18292 62.331785 1.825817 1.825817
17962 65.596690 2.109714 2.109714
4541 64.705882 0.000000 0.000000
4691 8.516058 -1.609305 98.390695
18237 8.622748 -1.600200 98.399800
17316 85.656274 14.343726 23.301298
16034 86.209525 13.790475 23.390910
4904 86.541472 13.458528 22.746645
13010 27.889146 27.889146 57.448111
13008 27.309599 27.309599 58.778159
13009 29.096090 29.096090 59.020207
15456 43.184338 -37.033063 62.966937
4727 42.680525 -36.869486 63.130514
27304 96.647605 1.484668 98.515332
27342 95.585165 2.309932 97.690068
3175 58.654213 -37.219238 37.219238
12108 57.700645 -36.745597 36.745597
8020 68.762145 -31.237855 44.868555
8018 69.643631 -30.356369 44.640243
8019 68.972279 -31.027721 45.294167
4665 72.818073 6.902928 6.902928
242 76.753202 4.534846 95.465154
14162 76.678156 5.056422 94.943578
14853 75.922780 4.719143 95.280857
12614 75.816327 4.392840 95.607160
16884 7.590310 -1.147605 98.852395
15751 79.922553 -10.268620 10.268620
17217 16.806207 16.806207 59.267439
16768 18.564528 18.564528 59.713124
14137 54.398465 -23.465985 76.534015
12828 70.775150 2.814676 97.185324
4316 70.904581 3.059414 96.940586
12826 70.342280 2.835560 97.164440
16054 70.446364 3.145294 96.854706
17738 72.750874 -17.673111 82.326889
18031 71.991123 -16.399162 83.600838
16168 71.451438 -16.583044 83.416956
7127 22.344235 22.344235 30.129768
1674 22.274840 22.274840 29.072442
181 49.759084 -21.845924 21.845924
9453 50.784417 -21.750902 21.750902
14766 50.136053 -22.503706 22.503706
13862 17.165109 -17.165109 20.843597
14789 18.050971 -18.050971 20.921634
713 18.494950 -18.494950 22.139453
2643 53.946168 29.411947 29.411947
19768 54.323361 30.497975 30.497975
17024 55.191632 29.675872 29.675872
14696 80.129608 19.870392 22.045026
14695 80.304813 19.695187 22.667114
2785 81.518406 18.481594 21.533766
10146 38.722122 38.722122 56.454265
10148 37.423400 37.423400 56.275965
7382 84.414782 15.585218 17.683258
1849 85.310986 14.689014 16.675406
7383 84.146550 15.853450 17.161415
6158 83.391750 -16.608250 35.960627
5100 84.355977 -15.644023 35.295307
15998 84.228183 -15.771817 35.842358
18034 47.925488 -16.455088 83.544912
5058 45.877465 -16.384051 83.615949
20016 47.528570 -17.674419 82.325581
18035 46.021164 -14.961072 85.038928
17254 83.153425 3.946636 96.053364
4408 82.965399 3.935274 96.064726
9343 77.820293 3.386651 96.613349
3050 78.007036 3.552314 96.447686
9340 77.556671 3.537824 96.462176
12959 82.482443 17.517557 38.953445
10667 79.830664 18.230119 18.230119
7183 78.995837 19.352566 19.352566
19291 16.355108 10.579473 89.420527
19292 15.819099 13.056363 86.943637
18371 14.570642 12.155389 87.844611
11559 98.647810 1.352190 5.382301
14028 62.105242 33.373471 33.373471
7528 60.922923 33.953480 33.953480
14027 62.051168 34.662267 34.662267
579 62.628512 -37.371488 56.611278
13422 62.737087 -37.262913 56.800184
12348 62.396145 -37.603855 56.923020
13211 21.450558 -2.854876 97.145124
13212 22.225551 -2.512971 97.487029
4955 87.307437 3.923894 96.076106
16542 87.748542 3.956578 96.043422
17508 87.182736 4.145242 95.854758
9366 70.316941 -29.683059 49.363566
3065 71.467663 -28.532337 48.527174
15013 26.668858 -26.668858 71.810232
8122 26.252381 -26.252381 72.565802
9525 25.979188 -25.979188 71.995027
7893 64.289953 -35.710047 58.805537
15436 95.742156 4.257844 12.210157
2791 94.607971 5.392029 12.864460
8861 95.291375 4.708625 13.142164
17515 77.803505 2.994374 97.005626
2000 78.114242 2.706525 97.293475
17514 78.609174 3.048628 96.951372
7018 70.075498 -21.987454 21.987454
7016 68.983348 -22.593144 22.593144
12626 71.123802 3.361461 96.638539
16055 70.689937 3.508280 96.491720
17808 6.533420 -1.165958 98.834042
2681 6.310110 -1.044000 98.956000
8248 25.124288 -5.838323 94.161677
8247 24.629597 -6.623144 93.376856
2432 26.564637 -6.524860 93.475140
2143 4.985219 -4.985219 44.663158
11812 4.403195 -4.403195 44.972898
10043 4.521967 -4.521967 44.104456
343 4.051645 -4.051645 38.284166
5458 3.877347 -3.877347 37.644316
14335 49.925169 -46.211694 53.788306
14334 48.893112 -45.592269 54.407731
15416 43.617021 43.617021 43.617021
16791 41.993734 41.993734 44.221979
18386 42.933638 42.933638 45.520936
15472 33.175171 11.880710 11.880710
4182 33.793160 11.509033 11.509033
15341 32.836985 11.301595 11.301595
19934 76.223776 -23.776224 76.223776
20110 74.420815 -22.482708 77.517292
18217 75.004954 -23.505854 76.494146
17917 68.954656 22.350541 22.350541
15379 23.646241 1.138540 98.861460
11587 22.100756 2.080321 97.919679
12148 71.503942 -28.496058 65.579884
12150 71.879568 -28.120432 65.300044
4188 71.677015 -28.322985 65.642441
14933 9.258995 -1.615406 98.384594
4278 9.248237 -1.642031 98.357969
15468 65.691975 -34.308025 50.012235
6315 69.428883 4.536082 95.463918
6316 70.114792 4.509748 95.490252
14307 73.496469 17.707213 82.292787
19131 75.737980 18.589205 81.410795
12629 71.277319 2.970461 97.029539
760 46.671798 19.494474 19.494474
18326 79.076663 20.923337 34.717137
9118 79.442818 20.557182 35.601226
9359 29.744478 -29.744478 54.795015
13853 28.331817 -28.331817 54.418018
13854 29.492167 -29.492167 53.642069
4371 24.211150 -22.473921 77.526079
17524 25.479217 -22.630353 77.369647
17273 24.254625 -21.921409 78.078591
3130 81.577108 5.336104 94.663896
10676 81.171602 5.170313 94.829687
10678 81.738244 5.100709 94.899291
17998 58.769215 -41.230785 45.927270
16534 57.845317 -42.154683 46.826989
14948 57.508529 -42.491471 46.308255
14181 23.597054 -5.088513 94.911487
14180 23.290865 -5.696974 94.303026
2433 24.178047 -5.551645 94.448355
19277 5.403936 5.403936 20.486764
3729 65.447669 -24.458339 75.541661
13299 66.939112 -25.150956 74.849044
13301 66.636649 -24.452853 75.547147
1755 2.786757 -2.786757 28.265254
7238 3.281812 -3.281812 28.914913
7237 2.791041 -2.791041 28.873205
10671 0.623182 0.623182 41.928681
144 1.052103 1.052103 42.862198
9690 1.395943 1.395943 42.145517
19480 78.606036 -12.255215 12.255215
19446 79.332001 -11.892801 11.892801
14878 79.184520 -12.352568 12.352568
9492 81.091840 5.504121 94.495879
3428 68.394483 23.171666 23.171666
4027 78.594013 6.496162 93.503838
20781 79.202898 6.933582 93.066418
19352 22.696034 22.696034 58.962382
20181 20.903609 20.903609 58.022850
20182 21.306236 21.306236 59.488389
13126 92.039274 -7.960726 21.631522
6329 94.622875 -5.377125 49.803391
27737 96.280438 -3.719562 47.772472
27872 96.387584 -3.612416 48.103434
18400 100.000000 0.000000 43.750000
27834 98.665490 -1.334510 45.240768
27837 98.578750 -1.421250 44.940215
12009 26.175366 -26.175366 61.512421
9445 10.383158 10.383158 11.209137
3104 9.877222 9.877222 12.293290
15752 11.417288 11.417288 12.566762
8517 74.618787 17.342414 17.342414
8518 75.769878 17.158878 17.158878
2597 75.208753 16.508259 16.508259
12106 70.885058 -24.582143 75.417857
3776 30.136706 -30.136706 52.129219
11109 30.067993 -30.067993 51.469827
11111 30.784136 -30.784136 51.692550
11247 50.311751 -21.585260 78.414740
2217 49.878062 -22.383207 77.616793
7916 51.619569 -22.574005 77.425995
19322 33.982003 -33.982003 61.556845
13947 54.026499 -6.083004 6.083004
18100 56.770636 -5.894539 5.894539
3699 55.644964 -6.910710 6.910710
10734 57.634243 -6.859127 6.859127
4505 19.273310 -8.671521 8.671521
19506 18.392261 -8.069549 8.069549
17003 20.120702 -8.267039 8.267039
20560 11.331315 -1.318223 98.681777
9513 87.826673 12.173327 48.502586
14103 24.917436 24.917436 35.473171
6183 24.170706 24.170706 36.796001
18004 46.357880 40.311999 40.311999
11576 62.203139 -9.285154 90.714846
15607 63.465128 -8.840662 91.159338
17312 61.248641 -7.029850 92.970150
1601 63.229618 36.770382 54.852378
17680 47.274224 -30.957358 69.042642
3454 46.699678 -31.159796 68.840204
17681 47.663964 -31.455413 68.544587
19906 47.151444 -31.748640 68.251360
4998 77.272727 -22.727273 77.272727
16955 76.923077 -23.076923 76.923077
9226 99.593441 0.406559 75.417762
2984 98.978154 1.021846 75.369773
4927 100.000000 0.000000 98.611111
18758 100.000000 0.000000 97.916667
27954 99.416002 -0.583998 98.445597
27955 99.073743 -0.926257 98.252870
11750 95.680509 4.319491 31.330345
20000 96.259374 3.740626 31.077043
20001 95.931740 4.068260 30.829448
13769 74.051464 23.728987 76.271013
13768 72.892028 24.250861 75.749139
3932 72.153739 22.984675 77.015325
6897 75.082723 -24.917277 52.854724
254 75.233474 -24.766526 53.018374
7741 74.779554 -25.220446 53.146305
12649 9.251978 -4.985079 95.014921
9234 9.977441 -4.947602 95.052398
10683 9.212278 -4.639727 95.360273
17359 73.645323 -26.354677 70.111246
17225 74.105314 -25.894686 70.311627
5968 78.630863 -21.369137 52.204802
5594 78.417822 -21.582178 52.789215
434 77.863330 -22.136670 52.783446
15867 58.956339 15.920693 15.920693
20215 34.010097 -34.010097 63.543416
5281 93.471741 6.528259 24.150076
10567 93.051341 6.948659 24.725484
178 93.580781 6.419219 24.458311
6987 100.000000 0.000000 58.333333
1576 100.000000 0.000000 57.638889
27743 99.266099 0.733901 58.534109
1249 76.649768 -23.350232 42.942075
6553 76.240861 -23.759139 42.668368
18837 87.412587 -12.587413 87.412587
16464 86.391273 -12.550543 87.449457
4920 87.062937 -12.937063 87.062937
10934 16.119076 16.119076 66.027067
10238 14.307576 14.307576 66.214773
1620 15.784033 15.784033 67.144058
19986 91.067823 8.932177 60.032413
15831 92.254656 7.745344 58.027712
12685 10.417306 -10.417306 64.508158
16613 9.716922 -9.716922 63.337328
8273 16.692264 -2.020563 97.979437
5685 76.065944 -23.934056 50.025396
5683 76.699547 -23.300453 49.532533
5686 76.562989 -23.437011 49.954838
18313 95.181003 -4.818997 23.199766
4549 95.818448 -4.181552 23.201931
18311 94.995406 -5.004594 23.599799
8967 64.235737 -35.764263 55.634323
11186 63.882841 -36.117159 56.114288
8778 63.727427 -36.272573 55.813371
7579 92.701451 7.298549 22.937110
7719 6.335185 -6.335185 7.411505
12686 11.432666 -11.432666 65.728470
4335 9.844205 -9.844205 65.691751
4205 83.114316 16.885684 34.274997
13770 83.108708 16.891292 34.584484
15216 59.440559 -40.559441 59.440559
7744 59.342762 -40.120651 59.879349
13176 58.821942 -40.439638 59.560362
331 22.648322 -22.648322 57.207224
2988 11.505573 -5.260752 94.739248
9233 10.822963 -4.881819 95.118181
9232 10.790100 -5.327309 94.672691
9588 96.480532 -3.519468 21.325804
709 6.631265 6.631265 91.299656
9879 91.413758 8.586242 25.093623
20100 92.221978 7.778022 24.442574
3683 30.967199 -30.967199 64.574417
17393 10.990819 -10.990819 67.142458
17392 12.627875 -12.627875 67.087997
10720 96.136828 3.863172 19.945233
10721 96.045283 3.954717 20.483599
16610 79.045383 -17.581602 17.581602
8186 78.067586 -18.733400 18.733400
14458 33.480605 10.874623 10.874623
12133 34.544006 11.091449 11.091449
14459 34.085801 10.360170 10.360170
2151 61.982146 -38.017854 59.724252
10575 61.877409 -38.122591 59.337009
10576 62.450199 -37.549801 59.105802
6404 68.629375 3.409419 96.590581
27738 99.014272 0.985728 58.280317
15738 41.695419 23.077442 76.922558
27306 43.388076 22.894696 77.105304
27307 42.820941 23.541845 76.458155
7723 94.615472 -5.384528 14.986780
7722 95.585678 -4.414322 13.942774
6494 18.621032 -18.621032 63.508142
6492 18.660646 -18.660646 64.870311
20746 18.045293 -18.045293 64.063751
10793 75.936182 -21.355712 21.355712
11181 76.693151 -21.586304 21.586304
3720 75.654160 -22.257510 22.257510
12921 10.400310 -1.862921 98.137079
7393 22.713157 -22.713157 76.341713
1856 22.841345 -22.841345 75.551662
20143 91.512750 8.487250 17.960124
1971 92.187413 7.812587 17.746140
18245 92.124959 7.875041 17.312967
3548 44.905294 -34.324837 65.675163
13496 19.441237 -19.441237 32.223472
10170 8.189040 -1.396972 98.603028
2001 9.763990 -9.763990 37.175676
7621 10.618160 -10.618160 37.933742
7345 18.849709 -14.306683 85.693317
16735 6.100966 -2.413257 97.586743
27499 5.991163 -2.470982 97.529018
12142 35.184698 -35.184698 63.424254
4184 35.130073 -35.130073 63.778892
2129 38.775918 -23.649076 76.350924
7954 39.407674 -24.424388 75.575612
7798 40.099731 -23.991858 76.008142
7115 74.332321 -25.667679 34.300654
1665 74.357988 -25.642012 34.642898
7116 73.661486 -26.338514 34.861362
10888 9.986388 -1.859636 98.140364
6864 54.670992 -43.924066 56.075934
6444 72.251395 -27.748605 63.986583
6584 70.955884 -13.154024 86.845976
905 71.817363 -14.812686 85.187314
12627 71.462567 3.229030 96.770970
15839 70.926817 -22.265197 22.265197
15838 71.114187 -21.351129 21.351129
3668 72.032161 -21.549209 21.549209
8488 50.436548 13.553495 13.553495
10178 56.720900 31.200511 31.200511
10958 55.541989 30.789972 30.789972
13950 70.262866 -26.840001 26.840001
13951 70.197722 -27.783474 27.783474
19304 70.762109 -29.237891 51.486619
20108 70.875816 -29.124184 51.147337
1773 37.178531 -34.415712 65.584288
19628 81.771269 3.886759 96.113241
11709 81.879746 4.055463 95.944537
16747 5.915027 -1.631173 98.368827
5328 5.844232 -1.719876 98.280124
6261 78.819936 3.589124 96.410876
12798 78.351306 3.461814 96.538186
1007 78.909614 3.349305 96.650695
12799 78.173689 3.238298 96.761702
4103 68.933856 -31.066144 51.280973
2795 88.140686 11.859314 23.153992
19328 75.687034 0.246255 99.753745
16400 77.614530 0.317579 99.682421
12337 44.911726 -21.958624 21.958624
17744 14.660771 -14.660771 51.731716
19964 15.161943 -15.161943 52.174651
19965 14.355305 -14.355305 52.444352
8473 46.935575 -28.588141 71.411859
464 97.872000 2.128000 36.702275
10272 98.963746 1.036254 35.615442
10271 97.784680 2.215320 35.562041
1160 72.858276 -27.141724 43.936646
184 35.758057 -28.546255 71.453745
19956 36.782921 -28.961350 71.038650
6369 84.548841 4.173915 95.826085
15432 84.801868 4.283737 95.716263
15820 97.821371 2.178629 28.532735
20189 97.429446 2.570554 28.562027
3163 97.514770 2.485230 28.839457
3319 40.001132 -40.001132 59.412763
9903 39.970374 -39.970374 59.630637
9904 39.736419 -39.736419 59.489006
5559 76.547867 -23.452133 54.046531
5557 77.046466 -22.953534 53.332584
5558 77.454250 -22.545750 53.483930
14575 39.906427 -20.168120 79.831880
1898 38.537268 -20.506208 79.493792
14247 59.884517 -27.172493 27.172493
19120 58.949282 -26.724792 26.724792
115 42.295130 -35.036018 64.963982
14040 42.540877 -35.352127 64.647873
18193 42.890018 -35.170158 64.829842
20436 22.921288 -4.340728 95.659272
479 33.792610 -33.792610 64.539950
13804 33.598432 -33.598432 64.914163
1556 72.708815 16.183421 83.816579
6958 71.110172 16.699626 83.300374
6960 70.632812 15.162851 84.837149
19178 91.114195 8.885805 26.713147
14973 91.098528 8.901472 27.390397
4793 91.865421 8.134579 26.692539
659 58.572875 12.883477 12.883477
11213 58.289172 12.275979 12.275979
5821 57.702741 12.824410 12.824410
6446 1.551228 -1.551228 77.859307
6447 2.294341 -2.294341 77.518306
6448 2.977028 -2.977028 78.594515
19171 70.602445 -29.397555 51.818846
3099 70.985109 -29.014891 51.544781
20376 46.964198 -30.508310 69.491690
1432 47.755176 -30.752226 69.247774
3184 17.901184 -17.901184 45.033192
11546 18.502308 -18.502308 44.348104
15868 18.771997 -18.771997 45.034013
18251 46.355555 -46.355555 50.808380
17473 46.352389 -46.352389 51.192518
3308 45.756118 -45.756118 50.964427
6982 31.211280 -27.515420 72.484580
6980 31.398155 -27.369401 72.630599
6984 31.023043 -27.283981 72.716019
10562 4.737801 4.737801 32.318975
18522 39.732458 -38.091377 61.908623
5978 78.064680 -21.935320 58.325975
17315 85.474695 14.525305 23.926049
15489 84.802508 15.197492 24.528518
17773 85.431516 14.568484 24.420055
10943 59.548806 -21.322633 21.322633
13958 75.266719 -24.733281 66.837432
13764 74.993834 -25.006166 67.332805
9248 74.778308 -25.221692 67.257202
17965 33.143149 -33.143149 60.932822
5050 33.332695 -33.332695 61.117200
17943 33.028846 -33.028846 61.262857
3086 37.446354 -37.446354 60.092942
9400 37.724381 -37.724381 60.250084
11469 4.410173 4.410173 89.579189
13864 5.015928 5.015928 88.683820
14935 34.786086 -33.614818 33.614818
18091 35.728020 -34.472298 34.472298
17271 85.412519 14.587481 28.269660
10224 85.317991 14.682009 28.744356
14251 23.035078 -15.971361 15.971361
17136 22.779263 -16.225935 16.225935
4298 22.167133 -15.734605 15.734605
16754 89.423077 10.576923 10.576923
13618 88.461538 11.538462 11.538462
15033 89.680734 10.319266 11.031068
11724 62.124689 37.875311 56.754369
11725 60.588248 39.411752 57.881791
11723 61.955169 38.044831 57.950972
11639 77.413425 6.017018 93.982982
11641 78.435473 5.819564 94.180436
1595 71.168292 -28.831708 55.223630
11853 70.991204 -29.008796 55.726114
18041 65.172767 16.081098 16.081098
17899 65.380680 16.973696 16.973696
6500 66.372057 16.341102 16.341102
13837 44.327941 -37.463919 62.536081
14552 44.936605 -37.558338 62.441662
9645 32.395788 -15.907037 15.907037
3205 32.848746 -16.171970 16.171970
2930 43.396705 -39.270582 60.729418
13603 43.674380 -39.114494 60.885506
14428 43.133645 -38.926264 61.073736
9130 42.785721 -39.067799 60.932201
2318 7.197384 -7.197384 52.709355
8067 8.379984 -8.379984 52.087569
19399 8.148341 -8.148341 53.284277
2455 9.734439 -9.734439 32.422296
9512 10.788811 -10.788811 32.607315
5633 73.773016 -9.839195 9.839195
6811 65.519885 -30.389820 69.610180
6809 66.003760 -30.072080 69.927920
10895 52.473379 -29.271952 70.728048
2905 52.353161 -28.748541 71.251459
5987 81.172101 -18.827899 50.409078
5986 81.268948 -18.731052 50.068312
3221 97.318458 -2.681542 34.542592
10376 94.759453 -5.240547 35.998482
9761 95.653449 -4.346551 34.448173
8343 15.953003 15.953003 29.072388
8345 14.425889 14.425889 29.493636
493 15.854541 15.854541 30.540132
3796 23.930552 -23.930552 38.120250
14791 23.506860 -23.506860 38.004848
7496 63.776662 -36.223338 59.679978
11864 59.806085 37.866590 62.133410
10915 47.556564 -36.819544 63.180456
19978 47.972188 -37.364640 62.635360
9285 53.079195 -41.804032 58.195968
3017 53.205813 -42.150521 57.849479
19552 51.952916 -37.006711 37.006711
9811 98.040715 -1.959285 18.530256
6349 90.555239 -9.444761 18.520161
1079 89.607417 -10.392583 18.829873
12243 76.745722 23.254278 49.929139
13441 75.351566 24.648434 50.885780
1196 76.402840 23.597160 51.158478
365 65.435798 3.779442 96.220558
19284 66.594078 4.307586 95.692414
9999 28.185246 -28.185246 36.009351
3372 27.813655 -27.813655 35.572891
10000 28.488809 -28.488809 35.572824
1895 95.260668 4.739332 27.793538
12983 95.449902 4.550098 28.053329
20306 24.161334 -24.161334 56.047651
11314 25.812575 -25.812575 56.328681
14065 24.628293 -24.628293 57.555826
8439 40.730097 22.042829 22.042829
11307 41.602035 21.763262 21.763262
10803 6.187821 6.187821 12.081180
3206 31.738795 -16.287328 16.287328
13852 31.672757 -16.654395 16.654395
16209 31.066980 -16.311874 16.311874
14895 12.565111 -12.565111 79.245375
12691 13.512559 -13.512559 81.267057
14910 11.400154 -11.400154 79.442960
2859 9.615385 -9.615385 90.384615
8996 10.020836 -9.574240 90.425760
3476 98.898174 1.101826 70.696641
15827 98.873846 1.126154 71.372718
19355 44.070547 -16.527129 83.472871
19357 45.755382 -17.609011 82.390989
20043 48.492350 -35.966701 35.966701
7350 93.364291 6.635709 44.838509
9544 94.865334 5.134666 44.162551
11605 8.759275 -8.759275 32.705642
11374 44.496350 -24.494808 75.505192
5421 43.096364 -24.485744 75.514256
309 44.315390 -25.694659 74.305341
2636 76.492299 5.464008 5.464008
17768 73.858895 5.117637 5.117637
14145 74.231739 6.316680 6.316680
16276 70.061987 5.364853 94.635147
4930 70.813304 5.745472 94.254528
18872 90.406199 2.121252 97.878748
18710 89.430181 1.814212 98.185788
5029 92.752154 1.176922 98.823078
17596 91.972434 2.057603 97.942397
8069 45.904178 -23.173787 76.826213
2319 47.378663 -22.990373 77.009627
17865 94.851172 5.148828 18.327073
14734 0.000000 0.000000 50.537634
20685 0.716901 0.716901 51.005815
6786 48.131209 -31.212227 68.787773
6788 48.588146 -30.990216 69.009784
4788 59.380055 -28.899178 71.100822
14951 58.682163 -28.024472 71.975528
14950 57.878344 -28.540480 71.459520
4356 20.552055 20.552055 53.890800
3059 30.970377 -30.970377 53.879944
20229 30.383380 -30.383380 52.916627
9905 40.016479 -40.016479 59.209316
8990 39.616008 -39.616008 59.233363
1977 93.350242 6.649758 21.798743
15390 93.937987 6.062013 21.216717
16996 27.900492 -27.900492 36.402221
208 28.488471 -28.488471 36.445787
13942 34.168532 -34.168532 52.508516
13605 34.856625 -34.856625 52.793773
14953 22.406144 -22.406144 75.701725
7993 64.391383 -35.608617 58.962567
12701 65.846098 -34.153902 59.057345
11441 66.327351 -33.672649 59.244820
3960 65.207083 -34.792917 60.043136
8658 78.138896 -21.861104 72.907710
18630 35.994902 23.421335 23.421335
1056 37.757113 -37.757113 53.485178
14767 49.331755 -23.201952 23.201952
4759 50.559451 -23.339482 23.339482
19556 49.822779 -24.115075 24.115075
3722 86.990121 13.009879 19.872664
12195 88.150271 11.849729 19.531185
13785 88.114697 11.885303 18.998727
9241 54.630024 -40.014115 59.985885
9243 55.060833 -39.990121 60.009879
20598 81.676869 18.323131 48.836125
5415 81.436613 18.563387 48.206296
3835 94.121324 -5.878676 30.173389
9507 69.056260 -30.943740 65.619792
9508 68.646638 -31.353362 66.391660
9509 68.369282 -31.630718 65.943361
14199 66.594318 -18.517127 18.517127
14200 65.505942 -19.379915 19.379915
14198 65.208910 -18.536156 18.536156
162 18.263787 -18.263787 46.276320
5263 17.907436 -17.907436 46.354942
9607 18.131720 -18.131720 45.876434
6122 19.635468 -19.635468 46.406305
889 19.981198 -19.981198 46.665946
6045 73.259279 26.740721 34.030803
6046 73.110676 26.889324 35.269303
20527 73.774320 26.225680 34.491531
20155 62.338213 -37.661787 56.210718
20154 62.322179 -37.677821 55.828325
580 62.911185 -37.088815 55.685480
5721 62.728919 -37.271081 56.262519
15481 64.900125 18.076573 81.923427
15480 62.932404 18.823407 81.176593
8312 62.224041 16.981414 83.018586
5550 48.944442 33.674412 33.674412
5549 47.772543 32.890868 32.890868
407 75.569656 24.430344 68.426985
5526 77.051451 22.948549 66.346694
8219 91.115317 -8.884683 16.162386
13640 59.168142 -14.299114 14.299114
13641 59.553493 -13.955140 13.955140
949 85.109574 14.890426 43.389320
10247 30.627538 -30.627538 35.199641
20172 30.246921 -30.246921 34.345415
2730 31.568684 -31.568684 34.638324
10962 67.592015 -4.343908 4.343908
7198 68.167659 -5.020165 5.020165
9123 84.754614 11.112100 88.887900
5238 83.576353 11.333653 88.666347
27598 83.845508 10.577036 89.422964
136 82.905260 10.072468 89.927532
27599 83.040181 10.800865 89.199135
15791 88.461037 11.538963 38.261743
3126 74.728248 -25.271752 60.068824
18583 75.229733 -24.770267 59.856207
14416 52.963215 26.198164 26.198164
3926 65.975709 -34.024291 62.425366
9764 13.184185 -6.613999 93.386001
9763 12.322359 -6.557559 93.442441
3249 12.767008 -6.860234 93.139766
2698 27.384760 -20.965831 79.034169
17308 26.616943 -20.437660 79.562340
19069 26.418675 -20.914743 79.085257
5957 72.704685 -27.295315 54.041266
8889 19.759755 19.759755 66.265268
18496 21.452159 21.452159 66.587184
2808 20.581475 20.581475 65.445956
5243 31.542043 -31.542043 66.250630
5242 31.168617 -31.168617 66.343541
141 31.357674 -31.357674 66.136099
9336 83.030430 -10.207583 10.207583
19573 83.693846 -10.389059 10.389059
10741 34.387993 -26.859687 26.859687
2788 94.717416 -5.282584 25.369844
8854 95.383944 -4.616056 25.095815
11627 94.651009 -5.348991 25.653855
5441 25.431725 -9.554585 90.445415
5442 26.347464 -10.294742 89.705258
5443 26.973073 -9.366838 90.633162
20670 26.463972 22.271565 22.271565
10039 25.926142 21.750167 21.750167
10038 25.724207 22.370991 22.370991
13681 6.444480 -6.444480 32.719038
6043 5.592149 -5.592149 32.138604
17029 73.657021 -26.342979 55.112533
20018 73.341083 -26.658917 55.106206
791 73.796447 -26.203553 54.737898
6026 73.471296 -26.528704 54.778556
2926 79.454058 20.545942 37.015330
17812 79.977883 20.022117 37.247860
18751 80.316236 19.683764 36.589933
4896 52.800614 -42.649299 57.350701
18154 53.158200 -43.024270 56.975730
6939 3.108922 -1.763809 98.236191
6940 2.249102 -1.559662 98.440338
6941 3.029277 -1.959425 98.040575
4074 17.417364 -17.417364 49.119329
11762 16.654990 -16.654990 48.974858
15126 17.153751 -17.153751 48.400834
19699 6.912207 6.912207 77.885516
9951 9.831862 9.831862 79.281287
15043 10.691793 10.691793 78.191593
13578 80.460521 -19.539479 39.299112
2206 79.452988 -20.547012 39.771078
15248 43.500401 17.915647 17.915647
1787 43.699235 17.002581 17.002581
9483 98.730650 1.269350 86.345000
9482 98.943819 1.056181 85.579951
9441 41.107590 -33.082327 66.917673
3103 42.352892 -33.007006 66.992994
17007 80.038921 -11.452440 11.452440
15458 69.775770 -30.224230 61.879264
3231 68.076218 -31.923782 62.650476
15132 69.899912 -30.100088 60.916786
12808 68.601201 -31.398799 61.142610
3113 51.267146 9.959728 9.959728
577 54.222527 22.052814 22.052814
20337 53.340530 22.636211 22.636211
10700 54.424233 22.979553 22.979553
3219 13.002175 13.002175 47.734070
12986 14.621168 14.621168 47.057973
9799 83.587820 2.764479 97.235521
17206 13.825321 -1.888877 98.111123
17207 13.258678 -1.908463 98.091537
13379 38.233663 -27.484192 27.484192
5799 39.307826 -27.142660 27.142660
6280 99.168131 0.831869 91.391601
18448 61.719636 -15.188534 15.188534
14259 61.347015 -14.764821 14.764821
9330 62.156328 -14.695782 14.695782
5342 40.599567 -16.768564 16.768564
231 41.051171 -17.084221 17.084221
5343 40.494141 -17.195337 17.195337
11495 64.519960 -35.480040 60.092619
11497 63.850118 -36.149882 60.556251
3982 64.167629 -35.832371 60.017753
14396 53.610972 -39.198379 60.801621
12018 54.060959 -39.142868 60.857132
4151 53.658029 -38.960123 61.039877
13273 62.010143 23.894754 23.894754
14591 16.666667 -16.666667 16.666667
16150 61.610295 -33.391332 66.608668
19550 62.475980 -34.140886 65.859114
4914 62.949472 -33.780976 66.219024
16151 62.098986 -32.982452 67.017548
6235 50.213148 39.735323 39.735323
6237 50.579041 38.276622 38.276622
16874 17.323995 -0.868300 99.131700
20292 16.459015 -1.032540 98.967460
2050 23.818398 23.818398 27.451318
14354 22.309983 22.309983 27.306516
14777 22.957854 22.957854 28.337833
6294 21.524308 21.524308 62.757292
5933 19.910956 19.910956 62.278726
11097 30.388770 5.255364 5.255364
11098 32.239881 4.399818 4.399818
3706 50.777380 -28.319307 71.680693
10752 50.248604 -28.207750 71.792250
10751 50.844313 -28.595189 71.404811
14272 64.457865 -20.171382 20.171382
10554 65.618302 -20.247929 20.247929
1347 64.675443 -20.829261 20.829261
8081 5.763611 -5.763611 21.126405
8082 5.110109 -5.110109 21.538827
8080 4.680370 -4.680370 20.478620
15321 39.959258 -14.637942 85.362058
3275 97.082198 -2.917802 19.872052
16196 95.693519 -4.306481 20.451007
16198 95.922411 -4.077589 19.872968
4699 17.393982 11.771383 88.228617
3593 5.365582 -4.558138 95.441862
10509 5.863493 -4.648324 95.351676
20571 56.335301 43.664699 50.991307
20562 55.696589 44.303411 52.050860
15287 56.727693 43.272307 51.995992
15069 85.004997 -14.995003 26.921553
19703 83.114581 -16.885419 26.483231
15518 82.939712 -17.060288 27.453550
27400 81.773691 -18.226309 27.238791
14134 97.331445 2.668555 62.394543
14133 95.390899 4.609101 64.137070
1581 95.729628 4.270372 64.850017
10450 52.593111 20.040692 20.040692
12085 53.292557 19.309481 19.309481
2096 48.936170 48.936170 48.936170
7756 50.000000 50.000000 50.000000
16579 49.345315 48.300509 48.300509
12554 6.658281 -1.771146 98.228854
219 6.308846 -1.760913 98.239087
12555 6.719028 -1.865626 98.134374
10372 3.317269 -3.317269 62.866640
10203 5.051826 -5.051826 63.560234
18887 3.605078 -3.605078 64.170241
9214 80.283171 -19.716829 40.473742
12556 79.624931 -20.375069 41.128548
2205 79.447483 -20.552517 40.771061
4282 93.996798 -6.003202 12.516640
19318 95.613789 -4.386211 11.768261
19317 94.236032 -5.763968 12.998072
14150 46.436422 -46.436422 49.996595
14148 45.967724 -45.967724 50.372144
8496 71.275920 -10.070555 10.070555
2581 71.037959 -10.633643 10.633643
8497 70.114958 -10.599100 10.599100
3214 29.102447 -26.142923 73.857077
9680 28.481187 -25.732479 74.267521
9682 28.503135 -26.201219 73.798781
14803 94.080522 5.919478 19.727270
8810 93.466261 6.533739 20.315626
14804 94.018895 5.981105 20.225023
18589 21.812483 -14.487408 14.487408
10045 22.780497 -15.018564 15.018564
7395 96.201696 3.798304 6.145877
15309 48.145486 -14.961157 85.038843
8863 88.189883 11.810117 22.574609
6437 95.133151 4.866849 19.520611
6438 95.625544 4.374456 18.915083
9300 42.736028 -15.883680 15.883680
3029 42.247200 -15.434881 15.434881
16516 43.070514 -15.473378 15.473378
17301 55.929217 -40.085546 59.914454
10684 55.431791 -39.913873 60.086127
2993 55.502831 -40.184682 59.815318
1784 45.961698 -45.961698 47.124288
7507 52.867311 -33.194638 66.805362
10680 53.205213 -33.599382 66.400618
1934 53.592403 -33.345921 66.654079
27151 26.257493 -26.257493 43.924569
16647 90.753361 9.246639 13.835297
15071 3.960087 -3.960087 41.347908
3481 3.931707 -3.931707 40.917480
10267 4.243822 -4.243822 40.980268
15288 16.974389 -16.974389 28.191495
13306 17.781642 -17.781642 27.943385
14585 86.145611 13.854389 36.255995
1502 86.828279 13.171721 36.169914
10500 53.922592 -33.089512 66.910488
3416 65.933901 8.968627 8.968627
10114 68.142259 9.155105 9.155105
10113 67.805660 8.041704 8.041704
12733 75.962420 -24.037580 26.017574
10358 25.145663 -25.145663 39.720129
3529 24.934944 -24.934944 39.322211
13637 46.753806 -44.499620 44.499620
14617 47.183587 -45.185931 45.185931
14616 46.463632 -45.354633 45.354633
5372 65.491693 22.254951 22.254951
5374 64.667389 22.669588 22.669588
262 65.402413 22.996268 22.996268
7679 87.929921 12.070079 56.547131
7678 86.191862 13.808138 57.000998
5684 77.340991 -22.659009 49.063312
549 77.125103 -22.874897 49.528953
656 77.708004 -22.291996 55.184461
5816 77.242958 -22.757042 54.693442
16383 95.084893 4.915107 77.194448
15678 95.248875 4.751125 79.099879
16382 96.393236 3.606764 76.895600
33 37.204742 -29.116633 29.116633
8857 36.599394 -30.067666 30.067666
16583 5.794932 -4.148852 95.851148
10507 5.886808 -4.413440 95.586560
19839 6.390519 -4.414407 95.585593
6927 24.227033 -24.227033 36.295562
6928 24.813323 -24.813323 36.034062
8797 58.141542 -41.858458 53.646935
11190 57.267204 -42.732796 53.998531
1312 57.514018 -42.485982 53.379469
5121 81.271824 -18.728176 46.284864
5122 81.215086 -18.784914 45.850114
5120 82.094728 -17.905272 45.578109
3009 9.944222 -1.608840 98.391160
14520 10.230057 -1.577340 98.422660
8013 25.696376 24.819195 24.819195
2049 25.531915 25.531915 25.531915
8014 26.653009 25.755097 25.755097
10123 60.683927 -39.316073 56.233884
5335 60.835447 -39.164553 55.800668
20185 81.098869 3.791178 96.208822
20477 80.909088 3.882027 96.117973
20878 80.832766 3.828615 96.171385
20252 77.704405 22.295595 35.045853
20506 78.072071 21.927929 34.081782
20507 77.200780 22.799220 34.605017
3262 42.425070 -42.425070 50.532725
17913 24.915430 -24.915430 74.004745
1537 25.495562 -25.495562 73.072100
15485 25.481210 -25.481210 73.920392
9992 75.132717 2.336363 97.663637
9990 75.807457 2.561439 97.438561
16339 36.281310 -36.281310 58.334380
16522 36.910644 -36.910644 58.088701
389 36.753193 -36.753193 58.602643
9558 48.819719 -41.314527 41.314527
9557 49.313088 -40.512419 40.512419
2694 49.806591 -41.306030 41.306030
17579 89.527487 -3.183182 96.816818
16164 88.975266 -3.649194 96.350806
16976 84.999344 3.721908 96.278092
1098 84.623186 3.959101 96.040899
9076 84.362193 3.746700 96.253300
19995 16.479594 -16.479594 35.256467
19672 16.201253 -16.201253 34.674776
5045 16.720135 -16.720135 34.887253
4546 92.450850 5.562868 94.437132
27299 91.290300 6.016587 93.983413
27300 91.827533 5.409000 94.591000
11223 53.514078 35.170972 35.170972
8823 53.082850 -26.069185 73.930815
503 54.119376 -25.633980 74.366020
2937 76.570730 -23.429270 50.691288
9659 76.396343 -23.603657 51.072353
11802 75.128667 -24.871333 64.485578
13558 2.014965 -2.014965 22.011176
6142 1.351652 -1.351652 22.316790
15027 1.009313 -1.009313 21.287760
2745 64.073537 -35.926463 55.352845
8964 64.556947 -35.443053 55.178152
8965 64.406554 -35.593446 54.932767
18745 97.936555 2.063445 91.580133
18746 98.716114 1.283886 92.720180
6281 98.872063 1.127937 91.928578
13270 31.299965 -31.299965 42.287721
15253 51.110764 -41.340183 58.659817
4591 51.355099 -41.165045 58.834955
6299 66.403377 33.596623 40.574541
19954 68.132205 31.867795 38.735454
5774 66.371903 33.628097 39.031392
15066 85.886177 14.113823 15.290955
1257 38.557521 -38.557521 57.290233
12960 56.463814 -29.711571 29.711571
16126 55.653796 -29.985330 29.985330
6362 55.800092 -29.241428 29.241428
3067 63.286713 -36.713287 63.286713
17249 65.319535 -34.680465 61.485618
17486 10.994635 -2.011905 97.988095
18106 11.285514 -2.034624 97.965376
17509 93.351106 6.648894 23.277709
18072 92.822466 7.177534 23.852965
177 93.394857 6.605143 23.732969
6416 94.070323 5.929677 81.106427
27403 93.085031 6.914969 82.584727
1139 94.119462 5.880538 82.950496
27404 93.018041 6.981959 81.322329
14731 71.310782 24.616895 75.383105
1086 74.193548 25.806452 74.193548
4000 94.712092 5.287908 28.834045
11556 94.360199 5.639801 28.610567
16282 94.051444 5.948556 29.255973
27114 90.322581 9.677419 90.322581
27117 90.639739 8.865011 91.134989
27659 91.129032 8.870968 91.129032
10078 37.482721 -37.482721 61.040025
358 76.562522 -23.437478 64.623888
11616 77.493110 -22.506890 64.109244
5471 76.508597 -23.491403 65.294430
4808 65.169438 -34.830562 56.073470
15100 65.023165 -34.976835 56.022949
15707 65.306758 -34.693242 55.821311
13484 70.907743 -29.092257 56.131206
11852 70.654957 -29.345043 56.107716
4100 70.938345 -29.061655 55.939652
8271 5.512902 5.512902 9.770056
10802 6.381226 6.381226 10.865003
7964 6.655344 6.655344 9.766874
16 63.009679 -36.990321 60.255563
15413 63.691286 -36.308714 60.170294
11201 63.163710 -36.836290 60.842481
6368 83.908004 4.356818 95.643182
1097 83.952148 4.225071 95.774929
6366 84.215533 4.267365 95.732635
16636 64.332792 -35.667208 54.649154
8776 63.955523 -36.044477 55.050628
3626 38.915577 30.208173 69.791827
20248 61.687585 -38.312415 55.204757
9994 96.689728 3.310272 33.600199
9995 96.589135 3.410865 34.432778
9993 97.413260 2.586740 33.737876
18042 16.000293 16.000293 45.579512
3618 16.301884 16.301884 44.669778
10585 15.100118 15.100118 44.559343
10748 66.134693 -33.865307 57.275556
15902 65.618576 -34.381424 57.719267
2894 65.731128 -34.268872 57.290390
15904 65.256418 -34.743582 57.712587
6308 65.711675 -6.667669 93.332331
6310 67.181075 -8.362683 91.637317
1048 67.108314 -6.819143 93.180857
12838 31.929927 -22.059911 22.059911
14469 66.932775 -33.067225 49.457934
14470 68.147084 -31.852916 48.819213
10660 67.666409 -32.333591 49.727166
9500 18.928555 -18.928555 32.457045
9498 19.117574 -19.117574 33.170713
9499 18.372330 -18.372330 32.756394
15925 52.419160 -42.288200 57.711800
15966 9.256326 9.256326 53.817709
1065 7.855308 7.855308 53.418078
16079 7.899428 7.899428 54.736669
5971 34.405029 -34.405029 62.729574
14798 34.370901 -34.370901 62.453814
357 75.190996 -24.809004 66.508952
11606 75.324902 -24.675098 65.953381
5473 75.857000 -24.143000 65.643853
15527 52.005181 -46.771041 53.228959
10974 53.146853 -46.853147 53.146853
13923 52.283372 -46.342808 53.657192
8839 60.310948 -17.066563 82.933437
2780 58.131138 -16.563321 83.436679
18912 60.119772 -18.313139 81.686861
11279 48.705155 -34.124394 65.875606
3331 49.508405 -34.233607 65.766393
20245 48.768782 -33.817545 66.182455
12082 96.977328 -3.022672 25.066462
12083 98.459651 -1.540349 24.699025
6257 39.511707 -36.488314 63.511686
15247 44.663000 17.716234 17.716234
9485 17.030287 -17.030287 53.931066
17448 16.120789 -16.120789 54.082703
14542 16.447837 -16.447837 53.193411
634 90.137314 -9.862686 14.153671
16830 91.076363 -8.923637 13.808660
16829 90.162853 -9.837147 14.476145
2233 70.851890 -29.148110 53.114813
12053 70.808937 -29.191063 52.692233
7943 71.377331 -28.622669 52.508708
8561 7.269621 7.269621 75.064426
13482 70.469694 -29.530306 56.498949
13483 69.964258 -30.035742 56.920709
6081 83.817418 16.182582 40.355962
6083 84.309095 15.690905 39.611203
857 83.429829 16.570171 39.941651
1278 73.336957 26.663043 44.700994
6587 75.035478 24.964522 44.779507
5185 24.887731 -20.738408 20.738408
13138 43.689931 -29.626649 70.373351
13140 44.025883 -29.094692 70.905308
4467 42.538366 -28.841368 71.158632
5639 78.361127 16.690907 16.690907
507 77.575753 15.994243 15.994243
5637 77.008429 16.944386 16.944386
10609 46.220210 -38.419168 61.580832
10608 46.214311 -38.027203 61.972797
10753 50.079523 -28.574411 71.425589
4725 92.106010 -3.981272 96.018728
18536 12.193287 -3.806783 96.193217
14964 11.065280 -3.860560 96.139440
15498 72.214537 -27.785463 51.763386
12052 71.844935 -28.155065 51.723398
13358 72.422006 -27.577994 51.310140
3871 54.608861 35.000263 35.000263
6512 66.571357 -33.428643 54.147643
1218 67.157457 -32.842543 53.725547
6514 66.698904 -33.301096 53.759174
19244 89.266456 4.646080 95.353920
14858 88.341578 4.830365 95.169635
16665 88.761126 4.430799 95.569201
12944 75.136658 2.821653 97.178347
15626 70.479172 -29.520828 43.521513
2287 69.548591 -30.451409 44.143625
15624 69.839495 -30.160505 43.529735
14757 18.801633 -4.028409 95.971591
5252 53.917049 32.357277 32.357277
13324 46.953581 -46.058366 53.941634
19905 46.452307 -46.125723 53.874277
4510 47.147465 -46.575562 53.424438
392 8.747101 -0.324270 99.675730
9923 8.216802 -0.116824 99.883176
9922 7.270677 -0.214163 99.785837
13239 73.689407 22.026686 77.973314
10025 75.281012 22.554821 77.445179
3384 74.356746 22.631585 77.368415
13711 55.718356 -38.181654 61.818346
19527 17.921874 -17.921874 40.511092
8925 71.017582 -28.982418 60.737146
8924 71.724926 -28.275074 60.793442
2826 70.767410 -29.232590 61.601718
4589 10.483871 10.483871 89.516129
13677 11.947484 8.096814 91.903186
16658 84.857935 -6.295044 6.295044
20821 42.268618 14.628858 14.628858
508 97.255252 2.744748 31.142255
11395 55.181077 -5.633484 94.366516
11396 57.778569 -7.549791 92.450209
11394 56.554133 -5.200215 94.799785
11434 1.948804 1.948804 46.013780
2033 1.378891 1.378891 46.808978
7297 38.157895 0.000000 100.000000
1799 36.842105 0.000000 100.000000
2772 52.034790 -26.442702 73.557298
20218 49.885857 -45.196499 45.196499
14147 49.284092 -44.846173 44.846173
15169 71.442876 -28.557124 55.414133
19436 71.199478 -28.800522 55.793573
9263 33.021773 -33.021773 60.264622
10259 44.988972 -38.843199 61.156801
3475 45.681979 -38.940921 61.059079
14490 45.045966 -38.545234 61.454766
2216 53.039543 -22.549905 77.450095
7915 52.996166 -23.381025 76.618975
4449 63.845354 14.865724 14.865724
15620 63.934934 15.740492 15.740492
16444 65.085836 15.146760 15.146760
15811 48.875206 -40.813077 59.186923
15812 49.462295 -40.965412 59.034588
18829 94.347244 5.652756 17.642413
14430 44.880884 44.880884 53.377162
8947 45.212745 45.212745 51.266859
18949 43.687763 43.687763 51.641666
11922 80.654812 19.345188 36.918531
1827 81.089168 18.910832 36.309678
14809 57.761797 -42.238203 54.252970
2755 58.603909 -41.396091 53.976236
7960 64.102207 -35.897793 41.092356
7961 64.359006 -35.640994 40.560926
7959 64.958898 -35.041102 40.603310
243 44.995698 -39.365169 60.634831
5354 44.639243 -39.469454 60.530546
17660 45.148303 -39.706777 60.293223
19596 28.850452 -28.850452 65.168641
1194 28.942203 -28.942203 65.605324
8230 12.391831 -12.391831 36.498421
2422 11.482078 -11.482078 36.646423
1926 64.258650 -35.741350 59.292308
11070 64.145127 -35.854873 57.734840
11073 64.521814 -35.478186 57.724748
2285 69.756423 -30.243577 44.993350
16149 60.663338 -32.609679 67.390321
13457 23.957929 15.009440 84.990560
3869 22.655700 16.877586 83.122414
10425 59.221845 -40.778155 55.282056
16637 58.376125 -41.623875 55.554929
9146 58.704629 -41.295371 54.927444
14433 20.620878 20.620878 63.484229
18482 98.636987 1.363013 27.822855
9775 50.467962 -31.145664 68.854336
9776 50.922724 -31.406541 68.593459
7510 22.315602 11.416495 11.416495
404 21.106859 10.315603 10.315603
9120 79.900139 20.099861 36.178097
16914 85.621587 -14.378413 15.991684
2989 9.828369 -4.437805 95.562195
18507 64.231584 -34.200865 65.799135
16682 63.491396 -33.421740 66.578260
1344 59.081220 31.032148 31.032148
6676 58.918010 32.389019 32.389019
8484 67.383968 2.111420 97.888580
14817 66.820443 2.203199 97.796801
2573 66.696847 1.884160 98.115840
8988 85.110824 14.889176 34.324917
8036 84.521545 15.478455 34.388450
15794 80.984018 19.015982 29.161631
15793 81.383505 18.616495 28.586577
224 80.645375 19.354625 28.918708
3528 90.954902 9.045098 19.549537
10354 90.902846 9.097154 20.014219
10356 91.516822 8.483178 19.435734
5722 63.215195 -36.784805 55.996977
8777 63.559037 -36.440963 55.507832
11507 35.497427 -16.737504 16.737504
13259 36.302405 -16.903696 16.903696
3987 35.682604 -17.343629 17.343629
9367 69.399481 -30.600519 49.560110
10658 68.331779 -31.668221 50.003943
3870 53.939070 36.896071 36.896071
18697 46.937674 -21.366596 21.366596
10482 54.288220 -39.737133 60.262867
12636 54.096887 -39.973293 60.026707
13329 51.317737 -28.449910 71.550090
17877 56.705214 17.129260 17.129260
3557 55.195211 16.533493 16.533493
16245 55.411525 17.781757 17.781757
15528 37.905471 -32.868126 67.131874
15692 28.546795 28.546795 44.906926
18692 45.595992 -13.060371 13.060371
4480 45.352394 -13.890016 13.890016
17511 95.967742 4.032258 95.967742
13417 96.260601 3.203504 96.796496
4533 96.774194 3.225806 96.774194
2865 56.993007 -43.006993 56.993007
9012 57.316301 -42.683699 56.601939
10119 57.643574 -42.356426 56.933585
7972 57.399176 -38.320973 61.679027
1658 56.518061 -38.245441 61.754559
14300 57.297359 -38.632185 61.367815
7106 56.661845 -38.682418 61.317582
3455 44.711338 -30.254698 69.745302
2941 59.709740 -40.290260 54.557254
9145 59.060319 -40.939681 54.287475
15215 87.495749 -12.504251 16.107016
10591 71.850044 -28.149956 54.647539
10590 71.783064 -28.216936 54.991186
13555 95.933287 4.066713 21.893775
215 96.291501 3.708499 21.449653
8903 41.993723 -40.374152 59.625848
18398 27.764123 -24.294211 75.705789
1325 28.611501 -24.625942 75.374058
10755 28.345499 -24.178579 75.821421
1219 10.852794 -10.852794 26.795304
20708 7.422673 7.422673 48.998106
17062 8.541229 8.541229 49.566664
7076 8.299668 8.299668 47.829299
17047 91.013733 8.986267 77.732767
17046 92.392222 7.607778 75.736255
17851 77.441157 -22.558843 51.429659
4328 77.129793 -22.870207 51.304854
14989 77.762638 -22.237362 50.956786
16524 47.979979 -42.099956 57.900044
2799 48.274234 -41.986059 58.013941
16525 47.805167 -41.764263 58.235737
17052 51.078765 -19.026469 19.026469
3383 75.806452 24.193548 75.806452
15797 20.744959 -20.744959 39.447138
4863 20.246219 -20.246219 40.126162
10920 60.237794 -39.762206 51.567261
2347 60.003606 -39.996394 52.491480
698 31.397630 -31.397630 51.241208
9225 31.666489 -31.666489 50.672486
8938 32.146141 -32.146141 51.047244
2650 25.787230 25.787230 68.767211
27364 27.182167 27.182167 68.821728
9742 26.879931 26.879931 68.225894
13673 64.829050 8.772415 91.227585
1568 66.753612 9.497935 90.502065
27586 65.472101 9.735515 90.264485
27587 64.179114 9.242496 90.757504
19140 62.002082 3.954455 96.045545
16998 60.522152 4.007345 95.992655
15853 2.251352 2.251352 89.426945
16307 1.769497 1.769497 90.344986
11467 3.414567 3.414567 90.142926
12969 6.205858 -6.205858 52.111780
17863 6.002661 -6.002661 53.452661
4355 61.054754 38.945246 42.392082
13832 61.779266 38.220734 43.032075
3304 42.442689 5.419057 5.419057
9867 45.164326 6.786685 6.786685
6240 51.652067 -47.692816 52.307184
17057 50.981223 -47.919159 52.080841
16645 86.294586 13.705414 74.068159
1963 84.247855 15.752145 74.911739
10277 84.352390 15.647610 76.519963
12206 54.681906 -42.840179 57.159821
3680 54.019981 -42.799296 57.200704
10693 54.464475 -43.188823 56.811177
10017 25.157322 -25.157322 45.488028
27153 25.635557 -25.635557 45.395058
27154 25.597648 -25.597648 45.666559
3381 25.410721 -25.410721 45.017014
17996 46.403018 -41.604105 58.395895
19274 46.144399 -41.175898 58.824102
18265 45.749051 -41.415031 58.584969
7799 40.855262 -23.648147 76.351853
7800 39.475869 -23.201634 76.798366
17122 83.645691 16.354309 31.067049
8444 0.867704 0.867704 13.982681
2554 0.000000 0.000000 12.903226
16719 0.993628 -0.993628 14.571385
16720 0.879248 -0.879248 13.437167
14754 68.001119 -22.190881 77.809119
17676 23.970801 6.478634 93.521366
19102 23.706837 8.105163 91.894837
2478 22.595700 7.593188 92.406812
7484 90.026836 9.973164 28.690680
1014 23.856119 -23.236074 76.763926
6271 23.025870 -22.816149 77.183851
6270 23.639251 -23.436829 76.563171
10766 55.438103 -3.194187 96.805813
12453 43.342775 11.618686 11.618686
517 41.349703 11.923872 11.923872
5649 42.917512 12.672052 12.672052
17042 25.914261 -9.959580 9.959580
19529 26.477916 -10.493327 10.493327
10282 25.379331 -10.347201 10.347201
9924 70.357036 -29.642964 51.758781
3327 70.161647 -29.838353 52.098320
9925 69.949260 -30.050740 51.995204
18895 68.504067 -31.495933 47.080520
6176 94.748298 5.251702 41.935434
4429 69.811787 -30.188213 53.286402
13625 70.272465 -29.727535 52.842580
1745 64.620293 2.342575 97.657425
17118 64.282439 1.935830 98.064170
13767 75.000000 25.000000 75.000000
16627 42.456358 20.688667 20.688667
19673 100.000000 0.000000 93.750000
1024 99.421215 0.578785 92.730887
15783 39.532383 -39.532383 49.055830
15160 38.564596 -38.564596 48.260995
4717 40.158189 -40.158189 48.294153
1454 80.810135 -7.183188 7.183188
17548 80.285255 -6.289180 6.289180
20624 81.758583 -6.322800 6.322800
17110 61.691904 3.080500 96.919500
16265 60.288461 2.379626 97.620374
17016 61.493234 2.347245 97.652755
7895 8.236698 8.236698 29.412510
2201 7.520528 7.520528 27.769523
7896 6.507463 6.507463 29.007705
20014 71.184869 -20.516114 20.516114
15865 60.014679 15.450324 15.450324
17281 36.483218 10.575762 89.424238
5295 33.795955 10.147932 89.852068
3132 80.260878 5.699293 94.300707
17754 13.182705 -1.199286 98.800714
15471 3.401797 -3.401797 23.434847
5583 59.945047 39.037855 39.037855
5581 59.615385 40.384615 40.384615
5582 60.576923 39.423077 39.423077
9372 62.890248 -37.109752 62.110227
3066 63.380181 -36.619819 61.327806
5841 75.746329 -24.253671 54.488469
677 75.261662 -24.738338 55.095469
5842 74.994796 -25.005204 54.909658
5848 37.450698 -30.928503 69.071497
5847 38.708532 -31.018020 68.981980
14669 54.536135 -31.675463 68.324537
605 55.362924 -32.279894 67.720106
19949 72.722586 -27.277414 62.699551
4696 73.305457 -26.694543 62.164111
14372 73.121068 -26.878932 62.698242
18563 7.110300 -2.443059 97.556941
7805 7.505016 -2.563107 97.436893
19018 45.928525 -20.836893 20.836893
18822 44.844677 -20.413985 20.413985
863 45.898983 -19.859733 19.859733
3233 10.098900 -10.098900 42.025682
20196 9.779547 -9.779547 43.461250
11522 8.839932 -8.839932 42.405038
4810 68.684758 -31.315242 55.463601
20255 68.968399 -31.031601 55.244372
19800 68.757727 -31.242273 55.616139
16072 95.400743 -4.599257 26.755505
11038 95.011376 -4.988624 27.653960
3260 21.019321 -21.019321 43.496422
10292 20.235159 -20.235159 42.738508
4283 91.762206 -8.237794 13.610114
13346 92.129726 -7.870274 13.111921
12496 92.691548 -7.308452 13.140734
5669 68.193976 -31.806024 67.191143
13522 28.182708 -15.847744 15.847744
7571 22.356838 -12.651640 87.348360
7442 21.236442 -13.170205 86.829795
3068 62.587413 -37.412587 62.587413
13360 72.956560 -27.043440 50.332851
288 73.361436 -26.638564 50.401172
13359 72.696876 -27.303124 50.811197
13357 73.013422 -26.986578 50.939728
20247 7.081441 -7.081441 27.717630
15915 6.971097 -6.971097 27.061499
2964 7.592169 -7.592169 27.595720
14564 95.454545 -4.545455 95.454545
14565 91.651504 -3.487317 96.512683
14563 95.104895 -4.895105 95.104895
75 16.495706 -16.495706 41.585436
5171 17.050104 -17.050104 41.240205
20170 5.746409 -1.101733 98.898267
16777 5.840506 -1.199704 98.800296
6089 47.252656 -19.729347 19.729347
8431 47.013515 -20.515559 20.515559
2120 71.153846 -28.846154 28.846154
20636 71.201225 -28.798775 29.420782
1664 74.352300 -25.647700 33.900323
10048 50.020157 -14.376778 14.376778
15517 49.693020 -13.729053 13.729053
8847 86.180586 13.819414 29.816394
2086 74.590296 -25.409704 53.133690
8031 74.832026 -25.167974 52.933748
7765 60.436346 30.761691 30.761691
6675 60.128388 31.921649 31.921649
7764 61.317314 31.508301 31.508301
18619 3.300153 3.300153 13.090674
13488 90.493234 5.238776 94.761224
4545 91.163825 4.502351 95.497649
13489 91.960338 4.810892 95.189108
6996 24.118041 -24.118041 39.591856
6995 24.051219 -24.051219 40.136444
7577 37.649841 -20.155924 20.155924
12939 36.533214 -20.549511 20.549511
13775 36.255871 -19.567017 19.567017
15710 95.654121 4.345879 29.838175
14043 95.128230 4.871770 30.239053
4245 25.035108 -25.035108 44.123456
12377 24.617134 -24.617134 44.342692
15281 13.801248 -3.687052 3.687052
12514 51.048951 -48.951049 51.048951
9931 40.415525 -39.505610 60.494390
3332 40.261908 -39.196145 60.803855
5673 82.920591 -17.079409 25.677586
13349 82.478356 -17.521644 37.627469
5571 100.000000 0.000000 90.277778
4577 19.280883 19.280883 25.116107
18819 19.850114 19.850114 24.200135
15720 18.466435 18.466435 24.097206
6765 71.727950 -12.749544 87.250456
1416 73.687627 -14.595527 85.404473
1763 31.732907 -31.732907 64.064199
6450 90.248495 9.751505 22.135511
18107 89.569014 10.430986 22.279663
1168 89.591751 10.408249 22.773295
13062 38.066891 -38.066891 43.813040
1641 37.895018 -37.895018 43.502626
7082 38.263402 -38.263402 43.523718
880 50.312628 -11.419655 11.419655
6108 50.766021 -10.786165 10.786165
6110 51.546133 -11.183351 11.183351
19571 75.036180 24.963820 73.009258
6358 73.387097 26.612903 73.387097
15218 10.415632 -10.415632 49.154606
17640 9.530439 -9.530439 50.000894
3532 9.364102 -9.364102 48.766853
11503 98.151818 1.848182 28.588980
11504 98.483075 1.516925 28.662750
6898 77.523191 10.840290 89.159710
19060 70.506966 -29.493034 38.700165
9384 69.201959 -30.798041 39.173196
3049 33.519405 -22.518329 22.518329
5032 62.415365 -13.597773 13.597773
19129 62.974159 -13.301100 13.301100
17691 62.887813 -13.778870 13.778870
6001 73.863254 -26.136746 54.394072
6027 73.444832 -26.555168 54.565114
13416 85.768512 -14.231488 41.873341
13415 87.468918 -12.531082 41.234278
7750 85.888126 -14.111874 42.638568
19508 13.063629 -13.063629 47.252083
3376 13.032003 -13.032003 48.239746
18133 40.210877 -7.252098 7.252098
18132 38.672687 -6.427758 6.427758
4387 2.582201 -2.582201 45.036809
19523 3.067508 -3.067508 45.118848
12851 2.692624 -2.692624 45.910949
3437 11.375007 -3.139165 3.139165
14166 8.982563 -2.492407 2.492407
14168 10.965394 -2.353589 2.353589
4723 97.286331 -2.713669 94.101159
12213 77.310580 -22.689420 56.269452
15570 15.378027 15.378027 56.338654
15569 16.547939 16.547939 55.245142
4862 14.658341 14.658341 54.787526
9053 58.954259 38.574624 38.574624
9055 58.085751 39.276047 39.276047
459 58.975353 39.521243 39.521243
6357 71.412590 25.710167 74.289833
14732 69.339404 24.760588 75.239412
5975 78.240695 -21.759305 56.906095
5974 78.222487 -21.777513 57.587993
7253 56.872492 -41.409855 58.590145
1766 57.234261 -41.574618 58.425382
13196 27.883533 -27.883533 43.466974
3853 27.373018 -27.373018 43.914914
17237 90.305483 9.694517 70.223726
16646 88.771641 11.228359 71.020337
20491 89.055338 10.944662 71.601354
12873 77.713664 -22.286336 49.129247
4216 31.287128 -31.287128 39.346438
16723 31.865714 -31.865714 38.090704
707 56.717752 -15.745087 15.745087
12731 49.046192 23.424234 76.575766
11509 48.375284 22.134194 77.865806
4149 70.723382 -29.276618 66.634044
12014 70.028305 -29.971695 66.972225
12013 70.551401 -29.448599 66.255544
11286 5.761049 -5.761049 36.137676
11287 6.450470 -6.450470 37.078314
9881 5.597533 -5.597533 37.108888
12090 99.543834 0.456166 91.045459
5569 100.000000 0.000000 90.972222
16887 46.497839 -37.474042 62.525958
6279 99.517897 0.482103 92.200121
18658 100.000000 0.000000 93.055556
17501 100.000000 0.000000 92.361111
14715 20.308848 -11.255775 11.255775
27723 88.157895 0.000000 100.000000
27958 93.005110 -1.228676 98.771324
27768 96.503497 -3.496503 96.503497
27796 96.853147 -3.146853 96.853147
8154 56.257678 -18.992250 81.007750
2069 9.324172 -5.881608 94.118392
7714 9.476755 -6.173956 93.826044
701 79.332487 -20.667513 48.472392
6016 78.656351 -21.343649 49.087009
6015 78.713097 -21.286903 48.653110
5871 79.300643 -20.699357 48.083613
7351 92.571323 7.428677 44.386540
939 94.193572 5.806428 43.711901
12089 100.000000 0.000000 91.666667
28005 97.060339 -2.939661 92.742496
361 33.848943 -3.820986 3.820986
10821 34.342981 -2.852932 2.852932
10823 36.186422 -3.440024 3.440024
947 87.317557 12.682443 44.653789
12952 88.823783 11.176217 45.202038
16571 20.284976 20.284976 56.379968
20084 78.862696 -10.493784 10.493784
13587 43.360257 29.361395 29.361395
2053 90.840543 -9.159457 29.317709
7690 89.609197 -10.390803 29.798535
17559 99.069015 0.930985 74.162883
17558 98.425516 1.574484 75.110907
2176 50.840676 -36.878159 63.121841
10403 44.762065 -33.565557 66.434443
10818 66.977955 23.995266 23.995266
11573 67.462355 23.351323 23.351323
9180 63.195760 18.956789 18.956789
2957 62.999128 18.373289 18.373289
9181 62.306640 18.771089 18.771089
17979 7.098733 -2.183640 97.816360
2583 31.171675 31.171675 45.219228
4525 83.290936 -16.709064 38.476276
9208 71.803569 2.572581 97.427419
9207 71.020192 2.225353 97.774647
13924 52.587927 -45.924591 54.075409
399 51.665952 -45.288364 54.711636
9437 51.361844 -45.757199 54.242801
3763 2.623884 -2.623884 52.339350
19170 1.593115 -1.593115 54.199383
4453 69.095836 -30.904164 57.501164
13110 68.673533 -31.326467 57.693905
8676 40.579831 -25.973526 25.973526
5800 40.395606 -26.882728 26.882728
643 39.321602 -25.927535 25.927535
18095 97.868470 -2.131530 15.070538
11601 96.717522 -3.282478 15.762543
4015 97.215232 -2.784768 15.001386
6628 30.312445 -17.053648 17.053648
10783 30.644399 -16.834370 16.834370
1308 30.850901 -17.163333 17.163333
794 42.754862 -25.060916 25.060916
6007 41.674235 -24.683001 24.683001
19712 25.687852 -25.687852 40.645990
3995 0.000000 0.000000 34.408602
16597 0.000000 0.000000 33.333333
11536 0.554165 -0.554165 33.836257
9898 77.389311 21.385539 21.385539
17232 88.356049 11.643951 57.759069
11432 86.532334 13.467666 60.239542
17704 88.765698 11.234302 59.074503
11689 71.092786 -28.907214 65.003310
11688 70.640016 -29.359984 65.336858
1224 71.024179 -28.975821 64.586055
11687 70.219408 -29.780592 65.273230
8164 34.747215 27.682077 27.682077
1685 34.336297 28.696992 28.696992
8165 35.665602 28.830791 28.830791
4410 8.311418 -1.664486 98.335514
12931 8.044901 -1.649593 98.350407
13644 63.330935 24.977696 75.022304
4019 62.509394 26.073307 73.926693
13642 60.900567 24.846274 75.153726
4980 41.255220 41.255220 45.932349
16792 40.503356 40.503356 44.585700
17906 55.191191 -30.955146 69.044854
870 54.342025 -30.131125 69.868875
12442 54.076834 -30.715425 69.284575
3417 61.985658 -34.468993 65.531007
9622 94.429068 -5.570932 8.422941
3194 94.395718 -5.604282 7.659791
19412 96.048213 -3.951787 7.174514
2448 5.601263 5.601263 66.764212
8275 8.191848 8.191848 66.500091
5216 41.765899 -34.766956 65.233044
17181 95.351760 4.648240 26.596932
13842 95.865273 4.134727 26.450403
1043 95.720502 4.279498 26.191828
987 51.904211 37.887303 37.887303
5937 44.444579 -29.442532 29.442532
754 45.482091 -30.001502 30.001502
9306 49.081546 -11.273303 11.273303
6188 49.759202 -10.827824 10.827824
5843 75.495846 -24.504154 54.239774
688 72.830026 -27.169974 55.476477
5855 72.401628 -27.598372 55.896193
20023 72.360525 -27.639475 55.678707
20024 72.703925 -27.296075 55.259784
18194 65.986752 4.620894 4.620894
12045 63.235679 5.229834 5.229834
3827 65.776946 6.069575 6.069575
5008 12.988219 12.988219 62.747051
17190 12.751933 12.751933 64.053700
17189 14.618174 14.618174 63.705138
5346 76.515787 23.484213 41.105571
5345 76.854087 23.145913 41.554450
234 77.060977 22.939023 41.071997
8927 85.520855 14.479145 63.479635
17210 78.521860 21.478140 39.088864
1679 79.210546 20.789454 38.386533
13338 78.423141 21.576859 38.440745
8934 97.378742 2.621258 94.421157
8933 97.800387 2.199613 95.211840
6559 15.509652 9.757816 9.757816
6558 13.976037 9.030026 9.030026
1255 14.049446 9.946783 9.946783
15127 17.998442 -17.998442 48.518207
13100 10.376198 -2.017812 97.982188
3156 84.287103 8.284910 91.715090
6156 73.973073 -26.026927 48.398928
919 74.396423 -25.603577 47.300282
18864 23.840620 -9.606611 9.606611
2825 72.525893 -27.474107 60.193276
15022 72.348346 -27.651654 60.797277
12725 67.432450 2.490285 97.509715
7840 70.741349 -25.420415 74.579585
7839 69.395587 -24.803619 75.196381
18725 33.864416 -33.864416 62.959950
15652 34.120335 -34.120335 62.979134
20283 72.857019 -27.142981 30.670485
14673 40.854330 24.509107 24.509107
5452 39.929218 23.979857 23.979857
5984 80.932162 -19.067838 49.887389
5985 81.362746 -18.637254 49.758528
783 80.971108 -19.028892 50.100884
5873 79.955098 -20.044902 47.874380
5872 79.927651 -20.072349 47.490859
609 80.574213 -19.425787 47.297424
5875 80.578554 -19.421446 46.904041
12968 13.643194 -13.643194 55.050425
18449 12.133896 -12.133896 55.921500
3875 11.994986 -11.994986 53.863335
9939 47.662040 26.944345 26.944345
9937 47.891108 27.860761 27.860761
9938 48.650466 27.247632 27.247632
7314 23.870894 -23.039272 23.039272
27148 23.604992 -23.239541 23.239541
27155 23.006199 -22.663150 22.663150
27156 22.818267 -22.300093 22.300093
12758 13.117705 -13.117705 49.178122
10008 12.245949 -12.245949 48.794826
6306 95.857125 4.142875 25.793807
6305 95.332493 4.667507 26.175150
7957 23.635824 -20.877723 79.122277
15821 77.591510 -22.408490 43.312967
4481 76.732588 -23.267412 44.100849
16225 76.673617 -23.326383 43.535904
5215 41.668480 -34.375027 65.624973
8833 41.365570 -33.802862 66.197138
6050 9.182114 -9.182114 27.186216
6051 9.800532 -9.800532 27.699101
8070 46.116693 -24.287020 75.712980
11375 46.284498 -25.396847 74.603153
3857 67.459227 -32.540773 48.597650
11184 66.966381 -33.033619 48.258627
13968 22.315419 -18.631640 81.368360
14750 23.213305 -19.313615 80.686385
9066 24.102262 -18.818229 81.181771
13636 84.130717 5.251284 94.748716
13635 84.647382 5.249295 94.750705
2778 84.323392 5.431227 94.568773
14323 78.462051 -21.537949 50.040407
14322 77.959346 -22.040654 50.117866
12679 78.617837 -21.382163 49.557289
13706 16.777366 -13.829105 13.829105
20669 16.355215 -13.298147 13.298147
2869 17.622539 -13.645543 13.645543
9267 49.006036 -22.313895 22.313895
19115 72.276509 -25.610699 74.389301
2157 71.185330 -25.238525 74.761475
12578 95.205462 4.794538 47.782673
12577 95.704335 4.295665 48.626391
4301 97.649122 2.350878 46.363069
1796 6.069514 -6.069514 69.022459
7292 7.431511 -7.431511 71.149933
9374 62.937063 -37.062937 62.937063
14860 42.609596 -42.609596 52.734097
12416 51.348196 41.044105 58.955895
14978 66.553288 33.446712 65.600505
2313 67.319610 32.680390 64.645570
14979 65.969032 34.030968 64.494994
10799 86.288019 13.711981 19.471682
12700 65.545598 -34.454402 58.811304
12656 65.288868 -34.711132 58.640775
10655 71.301515 -28.698485 55.979901
520 81.622150 -18.377850 47.013482
13323 82.207390 -17.792610 46.672618
5654 81.759835 -18.240165 47.196161
2596 22.153316 -22.153316 63.776817
10173 9.420998 -3.413797 3.413797
12062 12.426235 -12.426235 16.057553
4163 12.690602 -12.690602 16.857026
18417 11.986142 -11.986142 16.463709
1223 72.168502 -27.831498 63.219408
18875 72.308934 -27.691066 62.721079
4024 94.492538 -5.507462 26.183835
13412 93.215359 -6.784641 26.923380
13411 93.592956 -6.407044 26.230333
19334 81.857796 -12.535426 87.464574
4777 82.969331 -12.998738 87.001262
10294 74.669783 21.497075 78.502925
7797 72.300951 -8.969242 91.030758
20567 59.490083 40.509917 52.105813
4048 58.770387 41.229613 52.513507
3847 52.166115 -39.205366 60.794634
12165 52.752223 -39.384398 60.615602
15683 52.455364 -39.024990 60.975010
20482 75.131692 -16.863615 83.136385
16624 75.391086 -16.469042 83.530958
10470 14.852769 7.815781 7.815781
10471 14.075120 6.685657 6.685657
10469 12.950773 7.371562 7.371562
12254 96.894537 -3.105463 10.485172
12253 98.617201 -1.382799 9.673333
4218 97.414687 -2.585313 10.933033
4618 59.155250 -38.503791 61.496209
20256 58.723721 -38.784920 61.215080
20257 59.750609 -38.973718 61.026282
3799 7.692308 -7.692308 92.307692
15545 6.876516 -6.876516 90.762557
15544 8.173077 -8.173077 91.826923
17155 7.271750 -7.271750 11.505796
17154 7.573441 -7.573441 12.329182
19744 38.622146 -38.622146 43.886146
16615 6.805583 -6.805583 15.237979
19820 6.509836 -6.509836 14.034205
5141 78.632468 -21.367532 42.883332
11033 52.744278 -47.255722 49.536143
2188 78.065813 21.934187 27.283595
7877 76.897525 23.102475 27.195621
1501 90.551920 9.448080 45.268528
9514 88.391422 11.608578 46.789549
11878 17.844906 -10.162667 89.837333
11879 18.987523 -10.306156 89.693844
11877 18.694566 -9.649850 90.350150
56 42.612154 34.210831 34.210831
10989 80.034339 -0.961054 0.961054
3792 82.352941 0.000000 0.000000
16167 82.652192 -0.840915 0.840915
4928 55.623736 18.878966 18.878966
17504 56.803371 18.241728 18.241728
14169 90.358688 9.641312 27.472007
7485 89.764085 10.235915 28.202538
5318 15.415709 12.726079 12.726079
210 14.730380 11.800946 11.800946
5319 13.685879 12.247338 12.247338
967 49.289027 -27.895445 27.895445
6211 49.383547 -28.877479 28.877479
12478 51.423642 -41.942224 58.057776
11079 67.862439 6.790138 6.790138
16068 22.402303 9.355824 90.644176
8319 21.241743 8.941657 91.058343
4043 78.246893 -21.753107 50.667703
14156 78.041264 -21.958736 51.040748
8374 21.813703 -21.813703 33.494499
12179 22.670070 -22.670070 33.695667
20483 75.818531 -17.605441 82.394559
6390 75.786867 -18.217868 81.782132
13227 75.021207 -24.978793 61.813323
4489 74.272146 -25.727854 62.168560
13225 75.026673 -24.973327 61.343111
16257 30.262198 6.474362 6.474362
16090 29.873926 7.472062 7.472062
1981 93.505349 6.494651 10.890332
7587 94.410338 5.589662 9.928431
7586 93.326341 6.673659 10.329934
2426 19.298246 -19.298246 19.298246
11029 18.918689 -18.918689 19.453404
8234 18.421053 -18.421053 18.421053
15850 21.021775 -20.164214 20.164214
27157 21.655353 -20.020226 20.020226
27173 21.781281 -20.452557 20.452557
18606 22.537357 -20.748707 20.748707
18810 88.432529 11.567471 75.073875
27661 89.249889 10.750111 74.938909
27662 89.244591 10.755409 74.361137
9455 57.817780 -33.604299 66.395701
5197 58.418743 -33.414862 66.585138
97 57.431445 -33.086050 66.913950
12227 22.343870 7.518916 7.518916
19265 24.033462 8.155358 8.155358
18126 4.570421 -4.570421 79.610940
20053 3.297310 -3.297310 79.454713
11925 15.905549 -5.008715 94.991285
18947 17.018975 -4.702166 95.297834
11924 14.561159 -5.156314 94.843686
137 84.586703 12.998656 87.001344
27615 84.193548 11.935580 88.064420
27644 84.707720 11.994171 88.005829
20572 57.144320 42.855680 50.598843
16181 99.469813 0.530187 72.517051
14687 99.013405 0.986595 72.807994
4745 99.160673 0.839327 73.307065
20529 73.877381 26.122619 35.331660
20526 74.167722 25.832278 34.738099
19388 8.953357 -8.953357 9.992774
19980 8.209548 -8.209548 10.224995
18114 8.070227 -8.070227 9.081768
838 56.402540 -41.213555 58.786445
6062 55.947545 -41.171244 58.828756
6805 56.169043 -41.382725 58.617275
20586 89.680945 -10.319055 41.121252
2091 87.749191 -12.250809 42.258960
17824 89.813104 -10.186896 40.202408
7632 81.435373 16.463152 83.536848
7634 79.853619 15.867274 84.132726
2012 80.734307 15.397447 84.602553
20125 79.377608 14.576771 85.423229
17834 15.782172 15.782172 81.020867
7027 62.896896 37.103104 53.211155
755 60.745816 39.254184 54.553388
15949 16.911172 -16.911172 40.608730
17074 18.778055 -15.960171 15.960171
27158 18.755562 -16.361465 16.361465
17494 68.954989 -31.045011 62.934967
9716 67.794481 -32.205519 63.846747
10049 50.821987 -14.612975 14.612975
17380 88.272807 10.478457 89.521543
27602 87.541195 10.535246 89.464754
27606 88.304481 9.863062 90.136938
18955 72.508199 -16.203866 83.796134
14403 73.736056 -17.466806 82.533194
19716 73.248129 -16.156222 83.843778
15197 45.551272 -44.397062 55.602938
1725 41.122272 -41.122272 52.274606
20044 41.144857 -41.144857 52.788433
19347 40.301755 -40.301755 52.562154
6843 43.811004 -25.453476 25.453476
6841 44.039979 -26.388683 26.388683
6842 43.005956 -25.951137 25.951137
2078 46.335719 16.749736 16.749736
16584 47.780381 16.748984 16.748984
7729 46.867031 15.826605 15.826605
1579 92.232692 7.767308 70.371056
581 63.398212 -36.601788 56.273962
628 2.228861 -2.228861 31.051865
9895 2.570119 -2.570119 30.932405
9896 2.607493 -2.607493 31.629503
12720 74.798234 3.208527 96.791473
12941 75.353170 3.273570 96.726430
4344 75.060878 3.419905 96.580095
27405 92.363825 7.636175 88.359852
4330 93.783955 6.216045 87.201383
4918 69.224819 -15.060798 84.939202
1696 78.964627 -21.035373 33.325132
14011 79.330780 -20.669220 32.949982
7161 79.439213 -20.560787 33.219510
10867 8.983017 -1.879964 98.120036
10868 8.762204 -1.889864 98.110136
2525 63.889862 -36.110138 54.713477
8397 63.809280 -36.190720 54.345766
13479 44.990828 34.590251 65.409749
18023 45.597242 35.429625 64.570375
18980 43.637410 35.074329 64.925671
15078 88.040694 11.959306 21.586825
20080 87.379274 12.620726 22.342930
2793 88.143550 11.856450 22.090484
5760 81.165483 -18.834517 47.128100
5790 81.227801 -18.772199 46.727173
10149 43.859649 -43.859649 43.859649
19014 42.478503 -42.478503 43.428363
16084 49.416865 -35.514791 35.514791
8048 18.827470 -18.827470 48.866135
14017 91.241536 -8.758464 24.922687
1949 63.565458 -36.434542 57.020091
8660 63.323584 -36.676416 57.655930
18937 97.155172 2.844828 10.862074
3913 97.992548 2.007452 9.642633
18935 96.587704 3.412296 10.630364
16602 29.283675 -29.283675 42.788799
16733 29.386113 -29.386113 42.043179
4499 30.306437 -30.306437 42.695750
9703 78.311228 10.330130 89.669870
15886 89.867912 -10.132088 17.501075
16500 4.720838 -2.476556 97.523444
5196 57.978779 -32.915258 67.084742
542 70.412474 -29.587526 41.473476
18545 69.570720 -30.429280 41.956785
17297 52.705721 -31.772909 31.772909
4714 53.480076 -32.387443 32.387443
20106 52.526238 -32.834260 32.834260
15324 32.144053 -19.818355 19.818355
15325 33.235884 -20.179202 20.179202
15323 32.727679 -20.652681 20.652681
1260 37.980769 -37.980769 62.019231
15329 37.579020 -37.579020 62.026463
9953 25.669218 25.669218 32.800401
9561 26.913563 26.913563 32.388384
9954 25.825571 25.825571 31.651796
9783 81.605859 18.394141 35.667864
15049 81.449348 18.550652 35.159907
20030 80.821355 19.178645 35.870104
3988 34.242895 -16.373177 16.373177
17256 34.592066 -16.024674 16.024674
17659 72.149772 -20.648106 20.648106
15589 56.808965 38.090811 38.090811
268 8.791394 -1.524032 98.475968
5380 8.627933 -1.526143 98.473857
16137 8.759677 -1.564683 98.435317
2861 88.469173 11.530827 38.878133
19944 54.754372 -35.100616 64.899384
20364 55.578383 -35.214387 64.785613
9170 54.996678 -34.834302 65.165698
7966 48.637342 24.116783 24.116783
2247 48.624278 23.244733 23.244733
8261 47.727262 23.611411 23.611411
8362 31.062131 19.298249 19.298249
14889 86.535485 8.368576 91.631424
14888 86.049124 7.997901 92.002099
14874 86.906596 7.762628 92.237372
9358 79.591837 11.529086 88.470914
27603 79.631246 12.323260 87.676740
6899 78.427193 11.725312 88.274688
135 81.202248 12.962468 87.037532
27604 80.434857 12.060852 87.939148
27643 80.978183 12.110163 87.889837
13123 23.502104 -17.502533 82.497467
2196 3.770690 -3.770690 46.737270
7890 3.760820 -3.760820 47.167678
7197 68.590545 -5.664806 5.664806
1730 67.163040 -5.554719 5.554719
13198 45.952045 25.085769 25.085769
16052 45.100049 25.380401 25.380401
839 4.008881 -4.008881 42.081892
6064 4.081037 -4.081037 42.904178
14846 3.544691 -3.544691 42.481092
4617 79.670811 -10.707594 10.707594
1911 53.024802 -20.371914 79.628086
8661 51.787884 -18.670179 81.329821
8663 50.771721 -19.449618 80.550382
19321 50.569607 -41.251318 58.748682
4824 50.909304 -41.506318 58.493682
9274 9.744403 -1.710275 98.289725
9276 9.690289 -1.649030 98.350970
14823 2.499931 2.499931 21.964555
13364 2.901673 2.901673 20.849085
4517 1.712975 1.712975 21.107007
15168 82.630288 6.466974 93.533026
15167 83.617287 6.419633 93.580367
4678 78.556524 11.014992 11.014992
17274 79.975988 10.699072 10.699072
17276 79.069745 10.128688 10.128688
16532 22.020393 -22.020393 25.704056
12168 20.981169 -20.981169 25.718148
4508 16.669605 -16.669605 27.189235
13413 16.215297 -16.215297 25.997807
13307 17.523046 -17.523046 26.871551
5590 96.527217 3.472783 36.570610
6177 93.605573 6.394427 43.103732
14310 80.063238 -19.936762 32.780892
20232 97.451721 2.548279 17.447751
8984 98.166896 1.833104 39.036123
5337 60.859049 -39.140951 54.972284
20190 99.176692 0.823308 36.606505
1121 29.838710 29.838710 70.161290
18631 30.442495 29.269008 70.730992
6399 30.645161 30.645161 69.354839
18079 3.676082 3.676082 12.008446
4130 4.531081 4.531081 13.195141
14837 53.983681 -14.664104 85.335896
14836 51.848080 -13.050067 86.949933
8250 52.115523 -14.738590 85.261410
1273 35.274201 25.069036 74.930964
13752 33.661478 25.556716 74.443284
9484 17.904369 -17.904369 53.930462
20038 18.763589 -18.763589 53.797863
1167 90.906351 9.093649 21.475689
14866 90.230580 9.769420 21.629543
1437 94.807394 -5.192606 24.660366
6795 93.864059 -6.135941 25.316772
6794 93.834780 -6.165220 24.913238
2294 21.052632 0.000000 100.000000
11589 20.278125 3.411161 96.588839
19835 19.081732 2.184011 97.815989
15881 31.298051 -26.665037 73.334963
3873 31.357653 -26.489141 73.510859
16284 80.007145 -19.992855 30.566865
17756 79.992223 -20.007777 31.321035
20795 36.549018 30.399280 69.600720
17337 8.561648 -8.561648 26.671202
831 8.655322 -8.655322 27.326773
10578 78.409476 -16.879146 16.879146
16983 69.713479 9.449546 90.550454
345 68.962938 8.096018 91.903982
16984 71.178887 9.155081 90.844919
20047 91.405299 -8.594701 28.455263
7692 90.083212 -9.916788 29.149167
5697 27.968062 -15.516944 15.516944
5698 28.293438 -15.412521 15.412521
15561 96.112174 -3.887826 18.780276
17161 96.289424 -3.710576 18.191115
5519 51.983341 26.899543 26.899543
20433 6.568806 -0.456884 99.543116
6773 7.967589 7.967589 39.902767
18995 9.505118 9.505118 41.160409
1421 9.512981 9.512981 39.829690
20536 76.223661 -23.776339 45.323387
10956 75.690233 -24.309767 45.487631
12223 16.961755 -16.961755 45.193957
9411 53.438193 33.706850 66.293150
6498 51.408635 32.736249 67.263751
1441 14.304334 14.304334 16.801160
19296 13.377350 13.377350 15.786608
19295 13.105305 13.105305 16.679200
11843 1.175768 -1.175768 41.539558
11512 1.003487 -1.003487 40.140126
3992 1.724038 -1.724038 41.202003
5563 4.351744 4.351744 9.775660
3967 41.507559 19.414718 19.414718
16625 42.437570 19.897099 19.897099
11466 42.406407 19.079834 19.079834
12970 41.642870 14.854458 14.854458
11499 54.193303 -34.829064 34.829064
10649 55.051987 -34.260261 34.260261
7381 83.098997 16.901003 18.129108
1529 7.160803 7.160803 73.430186
16927 65.581279 34.418721 57.366962
10241 66.035724 33.964276 58.579627
16899 67.565855 32.434145 56.987273
4249 1.520704 1.520704 65.965357
14068 3.247737 3.247737 66.328593
12396 2.897029 2.897029 65.246506
2502 89.285991 -10.714009 32.150030
7924 75.053753 -24.946247 33.768240
18993 100.000000 0.000000 24.305556
13434 66.252852 22.568684 22.568684
14905 1.004536 1.004536 12.937383
8918 1.848870 1.848870 14.030247
6395 73.614748 -26.385252 69.426407
6393 73.840144 -26.159856 68.611905
6394 74.311621 -25.688379 68.482255
13619 67.176859 -32.823141 55.933507
4575 67.535630 -32.464370 55.574610
13620 67.632844 -32.367156 55.798370
4931 89.160839 -10.839161 89.160839
17495 88.811189 -11.188811 88.811189
27781 100.000000 0.000000 81.944444
28043 94.776532 -5.223468 85.741469
28047 94.935154 -5.064846 85.327375
1693 38.455512 -18.863907 81.136093
7155 39.098957 -18.425222 81.574778
16128 37.640446 -18.173259 81.826741
1302 31.423725 -31.423725 64.768831
6621 31.209711 -31.209711 64.937569
14627 41.637209 -41.637209 44.391155
14629 41.616529 -41.616529 43.666619
4067 95.491577 4.508423 31.088378
11751 95.165193 4.834807 31.469818
4941 87.697030 3.195956 96.804044
16465 87.339830 3.334255 96.665745
20885 45.967742 45.967742 54.032258
14313 45.161290 45.161290 54.838710
4250 3.899492 3.899492 64.578362
15088 25.354176 -25.354176 31.110086
27159 25.978404 -25.978404 31.663011
3446 25.503418 -25.503418 31.925170
10564 77.918810 -22.081190 24.116855
3111 38.780286 28.511335 71.488665
11564 38.883492 29.486327 70.513673
14962 90.731529 9.268471 32.589737
15941 90.525250 9.474750 31.797812
13253 89.624957 10.375043 32.830031
13937 7.616384 -7.616384 66.888203
18359 9.305650 -9.305650 66.958576
4552 8.912107 -8.912107 68.048554
14255 82.374294 17.625706 26.903319
12231 83.021968 16.978032 26.760493
18060 83.001865 16.998135 26.283439
14294 52.335882 -36.514719 63.485281
17458 52.954602 -36.749756 63.250244
13589 52.924869 -36.391724 63.608276
14507 90.302352 9.697648 20.108060
17517 92.546341 -6.766318 6.766318
4984 91.421998 -7.466353 7.466353
12980 69.030562 11.778614 11.778614
14183 68.395968 12.891449 12.891449
4420 70.413469 12.519913 12.519913
16664 88.965762 4.053079 95.946921
12765 88.240781 4.308913 95.691087
4365 88.327263 3.995413 96.004587
19863 82.426333 -17.573667 38.140362
18618 81.640410 -18.359590 38.251355
15984 47.481550 -39.100907 60.899093
18296 48.122649 -39.126909 60.873091
18297 47.516027 -38.732269 61.267731
20342 96.987963 -3.012037 14.599529
18243 13.283129 -13.283129 74.457968
16764 12.206491 -12.206491 72.251597
18877 68.754004 30.369873 69.630127
1770 67.560286 29.897236 70.102764
20244 72.332599 -25.039413 74.960587
3296 73.776224 -26.223776 73.776224
18461 26.812112 21.840219 21.840219
10763 67.003710 -32.996290 52.894076
1521 66.959506 -33.040494 53.201073
6911 66.644851 -33.355149 53.262574
19346 39.452857 -39.452857 52.301387
5778 38.655962 -38.655962 52.102662
12591 54.459259 -30.122969 30.122969
11459 64.475957 -16.883453 16.883453
11458 63.933077 -16.329834 16.329834
2224 89.438634 -10.561366 25.922646
7930 90.603872 -9.396128 25.485782
7929 90.110012 -9.889988 26.100199
7955 21.937500 -20.527289 79.472711
19234 21.273562 -19.966035 80.033965
1360 35.172758 -35.172758 63.156987
17722 35.125796 -35.125796 62.960526
9809 98.467584 -1.532416 19.008104
6119 47.358383 -27.859208 27.859208
2870 82.831473 17.168527 29.209519
9030 82.296476 17.703524 29.247867
20845 18.911107 -17.874741 82.125259
10952 18.788800 -17.493635 82.506365
10951 17.788462 -17.788462 82.211538
20117 9.215704 -0.941888 99.058112
16877 65.322372 -34.677628 39.450315
569 65.401420 -34.598580 39.914805
11915 64.517453 -35.482547 40.031685
19932 49.752907 -15.709987 15.709987
17781 49.692519 -16.294888 16.294888
529 48.905750 -15.905005 15.905005
3612 3.002183 3.002183 31.519424
10561 4.334293 4.334293 30.821322
12651 2.765718 2.765718 30.174638
12420 77.214640 -8.259203 8.259203
12419 78.815626 -8.047704 8.047704
5399 20.266352 12.682909 12.682909
18562 80.334652 19.665348 56.358644
19432 78.775169 21.224831 57.820969
19433 80.298891 19.701109 57.629918
18568 21.117764 14.514755 14.514755
8102 19.725764 13.965564 13.965564
11912 3.556759 -3.556759 19.814476
2330 3.956704 -3.956704 20.958932
19343 0.000000 0.000000 66.666667
12336 1.893053 -1.893053 66.997336
2631 1.805575 -1.805575 68.203207
1957 50.287135 -30.727434 69.272566
13214 49.381871 -30.505494 69.494506
13216 49.805977 -30.947358 69.052642
3230 65.384615 -34.615385 65.384615
17595 92.672349 2.306426 97.693574
2412 27.419355 27.419355 72.580645
11449 10.833159 10.833159 40.514217
17875 12.613976 -2.195839 97.804161
12811 13.091631 -2.265020 97.734980
14135 96.742373 3.257627 62.124371
27750 98.290807 1.709193 60.711917
6986 97.842084 2.157916 60.488789
27751 98.992615 1.007385 59.585384
10653 71.766180 -28.233820 55.739282
8597 91.713331 8.286669 39.200450
8599 91.605240 8.394760 40.189279
20594 92.340374 7.659626 39.455460
14286 54.947200 -25.279129 25.279129
4684 54.982732 -26.197745 26.197745
4463 15.614576 -3.576435 96.423565
18391 15.092602 -3.359758 96.640242
19491 14.899825 -3.646735 96.353265
17478 85.816978 14.183022 49.759235
11151 86.855292 13.144708 50.308140
9320 74.097387 -25.902613 44.103829
8281 76.327196 23.672804 48.449815
8283 75.759975 24.240025 49.679534
4716 6.661422 -6.661422 27.816437
14524 6.103258 -6.103258 27.545823
14506 18.669251 17.296756 17.296756
14504 18.085106 18.085106 18.085106
14505 19.751742 18.360486 18.360486
24 81.978758 -18.021242 46.123358
19624 2.407816 -2.407816 12.231080
4631 3.502800 -3.502800 12.929672
13934 2.702078 -2.702078 13.493194
18182 33.098243 -31.006130 68.993870
14023 33.386400 -30.517189 69.482811
1481 32.307412 -30.460006 69.539994
9364 22.010660 -22.010660 35.305537
530 47.342479 -16.202240 16.202240
17927 84.661058 -15.338942 63.766477
18971 87.080936 -12.919064 60.402416
4447 88.678859 -11.321141 59.905746
6634 56.719542 -43.280458 52.527557
1311 58.138298 -41.861702 51.690842
12334 3.880367 -3.880367 67.181021
191 5.249027 -5.249027 11.770198
13840 79.258149 -11.196374 11.196374
4289 78.548327 -11.218090 11.218090
5678 79.148870 20.851130 23.021044
543 79.262030 20.737970 23.635080
2163 34.058101 -34.058101 43.391796
18836 34.330582 -34.330582 42.777798
10355 91.519327 8.480673 19.875750
19456 85.922922 14.077078 40.566708
4785 86.847481 13.152519 40.762116
19051 86.764959 13.235041 39.785710
19052 87.862173 12.137827 39.649013
18474 11.513852 -1.954132 98.045868
3409 11.958527 -1.994621 98.005379
12713 90.368269 9.631731 71.434102
18464 30.270977 -2.974250 97.025750
13514 29.338815 -2.670447 97.329553
1485 75.471402 -13.472985 86.527015
13354 42.127778 -38.444144 61.555856
11822 41.626267 -38.267398 61.732602
4948 79.557187 5.014212 94.985788
18865 88.111888 -11.888112 88.111888
28018 95.416008 -4.583992 82.039172
28017 94.229644 -5.770356 83.481609
17496 99.593221 0.406779 79.635450
27753 100.000000 0.000000 79.166667
27752 100.000000 0.000000 78.472222
5022 88.461538 -11.538462 88.461538
28019 93.388430 -6.611570 84.638170
28020 95.439779 -4.560221 83.269845
27710 47.058824 0.000000 0.000000
11811 4.285382 -4.285382 45.936981
2288 3.734715 -3.734715 45.263686
2985 87.762238 -12.237762 87.762238
17462 86.637099 -12.168790 87.831210
27741 100.000000 0.000000 74.305556
27755 100.000000 0.000000 75.000000
28009 95.123431 -4.876569 79.583496
7991 26.769448 6.077790 6.077790
7990 26.881320 7.181215 7.181215
4625 18.421053 0.000000 100.000000
6163 84.373142 15.626858 35.823227
4276 73.546935 10.891199 10.891199
12475 74.892693 11.458485 11.458485
12477 75.347825 10.500731 10.500731
20627 79.967290 20.032710 28.368083
222 79.680464 20.319536 27.944041
142 32.015572 -32.015572 66.456282
1351 3.598164 -3.598164 30.483494
6684 4.000022 -4.000022 30.673043
6965 29.167500 -17.596348 82.403652
1560 30.461919 -17.172314 82.827686
12356 28.775839 -16.698961 83.301039
3502 96.556469 3.443531 30.428309
19901 96.888592 3.111408 30.796305
20123 77.242234 22.757766 62.212443
18258 76.863765 23.136235 63.688830
4418 20.878826 -1.973040 98.026960
12977 21.632494 -1.686528 98.313472
9301 42.441975 -16.335128 16.335128
19320 50.015659 -41.262059 58.737941
6883 87.586248 12.413752 36.067327
6885 87.621236 12.378764 36.764734
1504 88.572989 11.427011 35.861155
1085 69.257573 -27.391461 72.608539
6356 68.226840 -27.594620 72.405380
6355 69.920777 -28.179501 71.820499
10317 19.463734 19.463734 27.038558
3507 20.862806 20.862806 27.188496
14765 20.098569 20.098569 26.142932
3209 76.266164 -23.733836 51.434192
13671 76.747336 -23.252664 51.049644
14671 51.662230 -5.824124 94.175876
5741 13.606113 13.606113 14.815890
596 12.370765 12.370765 14.781607
2154 78.322690 -21.677310 41.895457
8458 77.981113 -22.018887 41.727468
16419 78.816161 -21.183839 41.387946
19511 70.725532 -29.274468 69.002391
2943 71.123737 -28.876263 67.761835
17476 40.281054 -23.257154 23.257154
15117 39.337618 -23.578091 23.578091
17475 39.203334 -22.685658 22.685658
17197 9.023319 -3.989023 96.010977
10681 8.883334 -4.291725 95.708275
921 83.350264 -16.649736 36.484562
13350 83.332644 -16.667356 36.977686
8205 15.546314 -1.754986 98.245014
8207 15.826227 -1.985850 98.014150
2410 16.377986 -1.765950 98.234050
15596 72.887296 18.160699 18.160699
15131 7.269024 -6.247155 93.752845
16714 30.371360 -30.371360 66.380382
19595 30.005610 -30.005610 66.932116
12883 29.850044 -29.850044 66.407479
18929 27.484493 -23.328272 76.671728
19105 28.320237 -23.427309 76.572691
1483 8.688341 -1.686379 98.313621
20318 95.554118 4.445882 30.719814
7322 70.861195 23.355513 23.355513
7321 71.215388 22.440580 22.440580
3243 92.372554 7.627446 37.295357
17355 92.153894 7.846106 36.552262
9753 91.260363 8.739637 37.458984
17356 93.171825 6.828175 36.359821
17933 67.862927 22.617459 22.617459
6633 52.601340 -11.501885 11.501885
6632 51.428466 -11.869191 11.869191
6845 57.199405 2.457403 97.542597
11817 37.737604 -18.194534 18.194534
8112 19.819713 -19.819713 21.281746
9599 20.039595 -20.039595 22.074224
12529 42.307692 -42.307692 57.692308
9913 86.529398 11.562983 11.562983
3323 84.961741 11.952255 11.952255
9911 85.819836 12.474415 12.474415
19785 78.264896 -4.110574 4.110574
19280 80.014151 -4.577638 4.577638
10847 77.197191 -5.163381 5.163381
18219 99.054954 0.945046 30.447784
14583 99.286275 0.713725 30.742303
14501 99.515622 0.484378 30.226049
2972 86.902210 1.111699 98.888301
2191 20.410731 -7.184398 92.815602
7385 6.069533 -6.069533 44.859872
7386 6.769177 -6.769177 44.599321
7384 6.522114 -6.522114 45.530537
15459 4.385965 -4.385965 4.385965
3920 3.508772 -3.508772 3.508772
16468 87.096977 3.774686 96.225314
16334 65.463272 -34.536728 63.514019
12809 66.948554 -33.051446 62.454956
12722 85.534837 14.465163 72.152452
16644 86.742096 13.257904 72.263288
10315 18.647302 18.647302 27.864495
17715 17.433167 17.433167 28.544680
2833 98.445364 1.554636 94.944860
9564 82.196974 -17.803026 48.167234
9565 81.970040 -18.029960 48.489829
2498 4.259996 -4.259996 32.958385
20395 27.578874 14.325300 14.325300
9080 27.286894 14.674452 14.674452
20394 28.103264 14.714859 14.714859
19666 25.650297 21.466096 78.533904
11470 27.320440 21.874156 78.125844
1045 94.769616 5.230384 26.122261
11628 95.157322 4.842678 25.385020
11630 94.467440 5.532560 25.730536
6307 95.493006 4.506994 25.653414
20357 44.492437 -44.492437 47.545366
3623 43.315003 -43.315003 48.120782
1922 10.361525 -6.218243 93.781757
13984 39.839073 20.737840 20.737840
4638 39.842829 19.991446 19.991446
10727 56.828061 -1.128295 1.128295
11453 37.404327 18.421330 18.421330
15990 37.502813 17.693647 17.693647
7073 52.421546 25.592760 74.407240
7075 50.624553 25.656335 74.343665
4708 42.130459 -37.255490 62.744510
14457 42.649548 -37.573116 62.426884
4910 34.277095 -34.277095 48.364902
17910 33.955565 -33.955565 48.909795
8579 53.992308 -11.708731 11.708731
8578 53.534055 -10.942094 10.942094
2629 55.246019 -10.925366 10.925366
2768 83.513730 16.486270 32.422890
12533 84.087945 15.912055 31.905654
3747 15.061314 -15.061314 55.823731
10859 16.611058 -16.611058 56.376746
19593 15.218862 -15.218862 57.276176
20467 60.246213 39.753787 44.635776
739 59.404825 40.595175 45.609794
9172 60.894492 39.105508 44.801664
15940 91.431364 8.568636 30.823901
16058 65.619274 -34.380726 53.144764
4760 65.345251 -34.654749 52.894470
16680 77.795879 -22.204121 61.991010
13776 78.840953 -21.159047 60.905483
10340 99.398530 0.601470 26.019345
13187 98.968516 1.031484 25.867115
13188 98.783398 1.216602 26.525399
9521 34.280971 34.280971 42.965765
19360 33.863506 33.863506 44.045153
265 27.652283 -27.652283 38.303794
16028 27.926426 -27.926426 37.838661
5375 28.377534 -28.377534 38.374998
9351 91.401131 -8.598869 40.203923
19417 37.967514 -22.878474 77.121526
20202 85.483871 14.516129 85.483871
13020 8.344620 -4.003562 95.996438
3673 8.322688 -4.220007 95.779993
591 45.995744 -36.478459 36.478459
9108 45.913830 -35.463982 35.463982
9107 46.792758 -35.941619 35.941619
4557 76.477436 23.522564 70.965857
7691 88.984437 -11.015563 29.763547
9582 88.213039 -11.786961 30.402136
12955 87.898684 -12.101316 29.994591
15162 43.421053 0.000000 100.000000
15435 96.548782 3.451218 12.236654
4847 96.605413 3.394587 11.617852
4340 85.668092 3.878597 96.121403
14364 89.239433 -10.760567 43.144932
777 79.099546 -20.900454 57.313348
6605 80.214926 -19.785074 56.238639
6334 7.194969 7.194969 52.252380
15965 8.785075 8.785075 52.536637
19895 77.595615 -11.385314 11.385314
20211 76.811548 -11.949107 11.949107
4451 76.688881 -11.482408 11.482408
12282 57.111600 -32.608932 67.391068
4186 62.600256 37.399744 39.311024
13995 63.960914 36.039086 38.369091
12746 60.474136 39.525864 41.485135
12146 61.238805 38.761195 40.097225
18206 32.140669 -26.966073 73.033927
6234 36.178164 -36.178164 62.724783
7570 36.678331 -36.678331 62.593926
10096 74.399807 25.600193 53.547350
10965 76.003790 23.996210 52.506153
3692 96.691614 3.308386 19.410237
15577 96.267555 3.732445 19.381429
10410 78.262118 21.737882 25.240056
10412 78.186743 21.813257 24.575454
14021 74.778658 -25.221342 51.098768
5104 75.290639 -24.709361 50.991216
7 74.826831 -25.173169 51.364978
4756 46.097330 -10.709690 10.709690
15072 46.767285 -10.339508 10.339508
14730 46.976310 -10.921063 10.921063
13576 53.089522 2.841030 97.158970
13575 52.053979 1.289452 98.710548
17693 44.517621 -42.653686 57.346314
17692 43.884866 -42.968844 57.031156
1759 82.167832 -17.832168 82.167832
17547 82.011007 -16.988172 83.011828
19732 40.251360 12.790957 12.790957
7432 30.462029 30.462029 33.760281
18798 29.173349 29.173349 34.194811
9650 87.127591 12.872409 27.460481
7648 86.630395 13.369605 27.428932
20319 86.486781 13.513219 27.940880
8010 37.022641 14.019610 14.019610
2281 37.285563 13.366923 13.366923
27407 83.321636 -16.678364 31.233545
19074 82.427081 7.183289 7.183289
3044 64.895405 18.453985 18.453985
15691 61.587857 16.585565 16.585565
15619 62.771649 16.229055 16.229055
4450 61.852916 15.770764 15.770764
9618 27.044014 -26.390423 73.609577
3192 27.854688 -26.387712 73.612288
17567 27.031010 -25.806308 74.193692
514 47.697125 18.437882 18.437882
7645 15.771856 -15.771856 50.985121
118 16.472696 -16.472696 51.563502
7646 15.601155 -15.601155 51.662973
1586 46.183564 -10.001326 89.998674
15144 46.222128 -8.080135 91.919865
3341 18.750000 -18.750000 81.250000
11746 52.104196 6.949214 93.050786
2599 52.456587 9.304307 90.695693
8521 49.683316 7.311092 92.688908
10800 87.561090 12.438910 18.839065
10801 87.152343 12.847657 18.391979
3594 6.519276 -4.739153 95.260847
11378 6.958066 -5.118877 94.881123
11377 7.263993 -4.954122 95.045878
13844 59.489243 -38.130157 61.869843
19384 60.168564 -38.642202 61.357798
7593 39.932934 31.713753 31.713753
7594 38.823288 31.915822 31.915822
7595 39.755139 32.745932 32.745932
11167 65.480094 -34.519906 56.228768
11165 65.875164 -34.124836 56.142948
11166 65.464340 -34.535660 56.551488
11871 68.725539 12.805975 87.194025
11869 66.876637 12.763250 87.236750
10573 59.449342 12.501405 12.501405
10490 60.666990 13.046834 13.046834
3584 60.800296 11.814463 11.814463
5174 34.416354 -29.616865 70.383135
5173 35.181892 -29.682260 70.317740
12188 63.622501 0.875088 99.124912
4196 63.954098 1.456617 98.543383
2913 70.698056 27.340437 27.340437
15698 71.859988 27.133011 27.133011
403 22.485475 8.680150 8.680150
12226 20.671357 7.762004 7.762004
2593 75.415646 -24.584354 49.489081
11419 35.454118 -11.999041 88.000959
3949 37.109410 -12.859523 87.140477
7674 91.180335 -8.819665 25.605261
2953 96.699675 3.300325 16.650469
9176 96.772642 3.227358 17.132321
7003 27.583737 -27.583737 39.277317
7004 27.317601 -27.317601 38.718492
5377 28.057534 -28.057534 38.894925
13757 56.345686 22.277633 77.722367
9735 54.302353 22.740946 77.259054
3240 54.093137 21.034637 78.965363
6683 3.758427 -3.758427 31.006237
6682 4.266550 -4.266550 31.340868
19197 88.461032 -11.538968 32.453712
10990 87.838844 -12.161156 32.985147
2443 87.781764 -12.218236 32.679560
10013 51.094040 16.361986 16.361986
10012 49.924352 15.596004 15.596004
3379 49.509901 16.823860 16.823860
12387 27.295670 -23.082761 23.082761
17311 22.640382 -22.640382 73.381501
2539 22.876104 -22.876104 72.142597
13288 23.412795 -23.412795 72.980644
19223 77.851925 19.403168 80.596832
147 31.106288 31.106288 37.048884
14410 32.315195 32.315195 37.154414
5249 31.365730 31.365730 36.049483
16803 7.984822 -2.005411 97.994589
4981 7.569132 -1.913317 98.086683
17983 7.639292 -2.043989 97.956011
3620 43.415103 32.167618 32.167618
17005 43.198413 30.889325 30.889325
10587 42.200457 31.291551 31.291551
7205 36.446326 -36.446326 43.331546
7206 36.282420 -36.282420 42.874559
7207 36.849616 -36.849616 43.118431
11019 1.554609 -1.554609 9.523316
9423 2.410198 -2.410198 8.930711
3095 2.781173 -2.781173 10.268258
11325 55.511681 -40.892916 40.892916
3321 86.486560 12.774172 12.774172
15840 85.459032 13.440077 13.440077
3146 63.126673 13.183038 13.183038
10489 62.155245 12.603618 12.603618
10488 61.953775 13.647282 13.647282
19592 41.584040 -41.584040 48.096775
15857 41.760445 -41.760445 47.221841
27308 41.469865 24.032888 75.967112
27329 40.761284 24.319253 75.680747
27309 42.189848 23.739122 76.260878
9420 95.837743 4.162257 25.068725
3094 95.577833 4.422167 24.617781
11629 94.798296 5.201704 25.117403
16194 17.592502 -17.592502 39.868867
6933 25.150844 -25.150844 72.289889
9526 25.703535 -25.703535 71.215460
8643 29.767268 8.342798 8.342798
2665 30.828466 8.061378 8.061378
19076 35.309155 35.309155 49.347752
6926 24.905626 -24.905626 36.625661
11246 48.846991 -21.306319 78.693681
9179 62.465287 19.483905 19.483905
19526 33.592925 22.312805 77.687195
13750 33.335270 20.966200 79.033800
18261 35.347486 21.350999 78.649001
6221 95.745786 -4.254214 17.470561
6222 95.007809 -4.992191 18.005092
6220 94.851438 -5.148562 17.561494
1035 70.588235 0.000000 0.000000
17402 73.438951 -0.642229 0.642229
15255 71.008526 -1.126530 1.126530
13468 68.051836 -0.921826 0.921826
1859 94.653201 5.346799 6.185330
7946 93.269231 6.730769 6.730769
12118 93.712652 6.287348 7.196356
18812 97.956865 2.043135 93.997215
13784 92.778015 -7.221985 20.615786
13783 91.661981 -8.338019 20.868185
2296 92.543826 -7.456174 20.039692
13714 77.376641 22.623359 58.318658
4157 51.313845 -24.812483 24.812483
15238 50.967561 -24.163770 24.163770
27605 85.501882 10.454206 89.545794
27641 85.054841 10.409757 89.590243
2927 85.332230 9.742042 90.257958
14729 46.011520 -11.270957 11.270957
7412 47.159947 -11.553733 11.553733
11511 49.848755 21.239736 78.760264
17025 51.408346 20.278510 79.721490
9734 52.095330 21.874861 78.125139
12638 33.985564 -33.985564 60.824960
10615 91.691203 -8.308797 15.405154
19963 91.060979 -8.939021 15.668321
8285 10.679757 -10.679757 33.521268
3756 84.585901 15.414099 31.426530
17266 84.565952 15.434048 31.060990
16316 85.001719 14.998281 31.010175
12557 80.525189 -19.474811 40.829730
6496 73.806139 26.193861 40.824593
1203 72.913955 27.086045 40.611817
7087 72.373560 27.626440 41.638937
6746 13.600148 -13.600148 78.839333
14896 11.560064 -11.560064 77.171832
6647 92.594325 4.292615 4.292615
4062 10.356209 -10.356209 17.575424
14898 9.446994 -9.446994 18.018453
12402 9.042717 -9.042717 16.746488
15227 16.149520 -10.232881 89.767119
1939 15.556057 -9.997344 90.002656
7517 15.433376 -10.529209 89.470791
10843 34.379280 -30.088294 69.911706
1392 34.377841 -30.512322 69.487678
10844 35.159258 -30.396347 69.603653
19939 28.769324 -10.906836 10.906836
19940 29.340999 -11.430576 11.430576
5081 28.120842 -11.282430 11.282430
11645 52.958166 -43.621264 56.378736
4030 52.423478 -43.660095 56.339905
20282 52.974980 -44.030331 55.969669
5595 82.034201 -15.678993 15.678993
18481 80.205481 -16.299080 16.299080
5223 81.355499 -15.062971 15.062971
17077 19.756863 -19.756863 75.247913
1459 91.443341 -8.556659 25.172412
846 63.657560 -36.342440 40.117566
6072 64.313820 -35.686180 39.304193
4161 59.220025 4.029685 4.029685
17755 58.901261 1.280134 1.280134
15842 55.385168 1.825301 1.825301
13903 97.362524 -2.637476 31.378531
13904 94.727692 -5.272308 33.098252
3291 35.771206 35.771206 57.464323
18890 36.141377 36.141377 56.183379
18364 44.336852 -42.093884 57.906116
15506 94.496274 -5.503726 21.402014
1226 65.110014 -34.889986 56.584068
17874 65.155561 -34.844439 56.282715
3909 96.275611 3.724389 28.812973
13162 96.431223 3.568777 29.011140
13883 96.669340 3.330660 28.547224
4409 7.776475 -1.617041 98.382959
9385 67.940815 -32.059185 39.552227
18279 50.566592 -42.500785 57.499215
16156 50.212614 -42.537709 57.462291
18277 50.617068 -42.746283 57.253717
1133 1.757802 -1.757802 60.912405
6412 0.000000 0.000000 61.290323
17871 0.000000 0.000000 60.215054
15110 3.521273 -3.521273 41.552759
20826 27.167104 27.167104 42.901320
18502 46.083592 -43.066814 56.933186
8785 46.575498 -43.486201 56.513799
2748 46.689855 -43.150395 56.849605
4554 85.946618 3.993961 3.993961
13508 83.693983 4.402162 4.402162
10361 76.080214 23.919786 46.481100
15537 74.888183 25.111817 46.132642
15538 74.436470 25.563530 47.483901
20236 67.664163 32.335837 46.806585
17936 4.457478 -4.457478 38.726030
4236 4.997541 -4.997541 39.265300
13990 4.427308 -4.427308 39.496516
14847 18.799123 -17.642000 17.642000
2425 18.551213 -17.876714 17.876714
12096 20.571557 -20.571557 51.053474
12097 20.007683 -20.007683 50.254516
12098 21.000505 -21.000505 50.210341
6382 62.880118 -19.349611 19.349611
14271 63.170995 -20.206972 20.206972
18768 61.859186 -20.148770 20.148770
13901 25.404325 -25.404325 70.311194
13902 26.286150 -26.286150 70.240863
604 56.150540 -33.406593 66.593407
11474 55.218489 -33.090076 66.909924
14706 55.533106 -33.543480 66.456520
20095 17.438737 -17.438737 36.315313
19071 47.618792 26.116467 26.116467
12225 17.073348 -17.073348 44.420654
2928 87.201571 11.728743 88.271257
17557 87.742785 9.719955 90.280045
18249 34.791811 23.605404 23.605404
17372 71.967503 24.662648 24.662648
8719 72.744108 23.670869 23.670869
1230 71.455776 23.959395 23.959395
20465 62.887414 37.112586 44.442561
9171 62.076776 37.923224 44.978981
5090 30.455735 -30.455735 65.069193
19604 30.511486 -30.511486 65.307731
7609 98.329078 1.670922 21.066449
16301 98.211524 1.788476 20.443236
9524 83.529401 16.470599 36.667268
9523 83.271103 16.728897 36.349244
5378 8.635133 -1.481417 98.518583
14121 8.602918 -1.428179 98.571821
9229 16.543142 16.543142 41.435997
419 17.889571 17.889571 40.262828
9230 15.821667 15.821667 39.962542
723 95.618027 -4.381973 44.137674
27902 96.816920 -3.183080 43.340239
27895 96.862285 -3.137715 43.601979
10788 100.000000 0.000000 35.416667
10787 97.883680 -2.116320 36.070450
3484 100.000000 0.000000 34.722222
16288 88.352598 11.647402 28.879330
2005 41.858869 25.841304 25.841304
7625 42.008567 26.638748 26.638748
7624 42.724819 26.287874 26.287874
10288 90.544964 9.455036 24.280097
7568 8.490725 -8.490725 84.750488
1834 6.957636 -6.957636 84.447739
5671 79.731781 -20.268219 26.103907
27410 81.320701 -18.679299 25.868158
539 80.220891 -19.779109 27.103255
537 79.869483 -20.130517 25.152593
27411 80.921136 -19.078864 25.343259
17647 34.299082 -34.299082 62.068639
10214 78.667692 21.332308 32.218528
20613 78.269146 21.730854 33.134972
5440 79.268417 20.731583 32.775163
17030 93.043737 6.956263 46.352773
15303 92.071305 7.928695 47.587389
18253 80.360284 19.639716 67.276079
2608 76.325588 -23.674412 27.022706
11061 76.409932 -23.590068 28.024756
8540 74.901295 -25.098705 27.965512
4307 94.635318 5.364682 56.139714
18546 97.306425 2.693575 54.100631
13646 67.864264 -32.135736 32.788791
11355 97.331825 2.668175 40.680622
11626 95.649227 -4.350773 25.416020
16071 95.614906 -4.385094 26.007860
19133 95.071106 -4.928894 11.418518
13345 93.438892 -6.561108 12.333981
16725 94.179756 -5.820244 11.380369
20159 70.767067 -29.232933 32.433031
18799 69.845445 -30.154555 32.117862
4584 71.366843 -28.633157 31.112154
4455 12.160964 -12.160964 84.215034
13112 10.268881 -10.268881 82.327707
13565 12.822027 -12.822027 83.386456
3815 12.547816 -1.074463 98.925537
2424 17.543860 -17.543860 17.543860
8235 17.949767 -17.678989 17.678989
10769 81.963267 -18.036733 44.426811
3336 48.328767 26.536367 26.536367
18559 48.492168 25.850004 25.850004
19985 95.102716 4.897284 58.382585
18547 96.110444 3.889556 56.234917
19984 93.495415 6.504585 58.309783
11053 82.722406 13.784213 13.784213
19410 80.965147 14.320740 14.320740
13873 82.067719 14.916950 14.916950
16423 79.240314 5.557743 94.442257
4026 78.386938 5.312924 94.687076
11138 51.559294 -39.200762 60.799238
11140 52.270638 -39.551681 60.448319
9497 41.246557 -41.246557 42.062158
3134 42.039226 -42.039226 42.683577
9495 41.383352 -41.383352 42.839644
9723 9.922701 -9.922701 40.571925
11523 8.965366 -8.965366 41.044946
10985 8.966765 -8.966765 39.769619
17251 35.424800 -35.424800 59.054273
16338 35.721262 -35.721262 58.652118
17929 19.367171 19.367171 22.257896
4047 18.291611 18.291611 21.239739
13001 17.967644 17.967644 22.299548
8357 17.692733 -0.441400 99.558600
17912 17.480028 -0.217039 99.782961
2505 16.700583 -0.414504 99.585496
19487 19.729593 -19.729593 23.580933
4857 95.248655 -4.751345 18.735083
19902 94.495726 -5.504274 18.621392
17162 95.480884 -4.519116 18.180708
2306 25.480583 19.673082 80.326918
8050 24.280053 20.949762 79.050238
8049 23.651233 20.072981 79.927019
13392 61.180704 -2.024547 97.975453
19137 62.644104 -2.296498 97.703502
27161 61.492296 -1.053000 98.947000
27199 62.955782 -1.347454 98.652546
27275 62.233572 -1.174238 98.825762
13890 4.196793 -2.828782 97.171218
14692 3.942037 -2.995075 97.004925
6207 13.587923 -13.587923 21.257125
6206 12.541373 -12.541373 21.021998
962 12.746535 -12.746535 19.949503
14343 8.377569 -8.377569 74.038691
15687 9.958345 -9.958345 75.644369
8959 82.893945 -17.106055 45.437973
19142 5.575665 -5.575665 38.885945
15643 76.613095 -11.034838 11.034838
2262 76.538746 -10.594729 10.594729
15644 77.403954 -10.555423 10.555423
6896 75.379884 -24.620116 52.656853
16259 81.671893 18.328107 29.751766
7083 37.928565 -37.928565 43.259310
15686 97.412733 2.587267 69.245137
3972 97.969923 2.030077 68.995936
4266 52.048503 17.833984 82.166016
12450 52.907751 19.286429 80.713571
18607 16.292077 -16.292077 28.475661
4021 15.395963 -15.395963 27.966203
15723 11.981046 -0.730066 99.269934
18814 12.066837 -0.494289 99.505711
2888 36.540324 17.876030 17.876030
3741 25.480769 -25.480769 74.519231
19897 18.694435 -18.694435 75.328520
13408 17.570576 -17.570576 75.353670
18247 17.916429 -17.916429 73.687208
2885 58.791193 37.486050 37.486050
19900 60.009901 37.862032 37.862032
5465 66.670459 -23.870599 23.870599
5467 65.452256 -24.556145 24.556145
352 65.702818 -23.503940 23.503940
17310 21.981458 -21.981458 72.797949
20305 21.014624 -21.014624 72.213574
1033 70.752511 1.915932 1.915932
12311 68.349016 2.666646 2.666646
12310 70.878533 3.294997 3.294997
10106 73.288756 2.461010 2.461010
19857 10.949138 -10.949138 43.284416
1798 39.473684 0.000000 100.000000
16577 40.616336 2.939230 97.060770
2996 80.610193 3.672075 96.327925
12668 80.342396 3.549619 96.450381
11721 76.153601 -23.846399 41.204263
4054 77.229448 -22.770552 40.284308
7046 19.782307 -19.782307 55.849661
7806 8.002096 -2.693282 97.306718
27534 7.642847 -2.688369 97.311631
20548 73.726965 14.513770 14.513770
20546 74.089194 14.399733 14.399733
13327 73.699643 14.236036 14.236036
7308 75.741408 -24.258592 42.405881
6551 76.486276 -23.513724 42.171981
14224 41.227577 -21.345438 21.345438
14223 41.730936 -20.737105 20.737105
8813 12.667676 -3.307547 96.692453
13926 59.184301 16.770169 16.770169
19260 57.927238 16.516379 16.516379
4627 58.216225 17.629394 17.629394
13077 81.152543 -18.847457 59.482237
647 80.897106 -19.102894 59.004717
13078 82.238684 -17.761316 58.011766
7596 73.161612 8.308139 8.308139
5193 45.943419 21.849992 21.849992
2586 94.429639 5.570361 22.608052
8501 94.423792 5.576208 22.134911
8503 93.885423 6.114577 22.702976
7465 6.250000 -6.250000 93.750000
4969 89.639615 4.152836 95.847164
17633 90.372587 4.300515 95.699485
4563 95.481259 4.518741 22.425704
13556 96.020301 3.979699 22.301259
19276 42.238159 30.275159 30.275159
11932 66.614379 33.385621 48.245347
1994 66.266301 33.733699 47.411833
19331 53.777890 -23.122584 23.122584
19332 52.636805 -22.776407 22.776407
15713 14.072021 -2.157724 97.842276
4875 14.102983 -2.012586 97.987414
16824 13.643939 -2.043172 97.956828
11942 4.097777 4.097777 14.268722
18852 20.045909 -20.045909 36.611573
1940 13.869663 -10.329072 89.670928
20419 13.581845 -9.947195 90.052805
14987 77.600727 -22.399273 50.785060
11156 52.187430 -30.511134 69.488866
11155 53.091183 -30.609608 69.390392
6102 65.828422 -34.171578 40.986669
6104 65.377852 -34.622148 40.782219
17418 46.259875 -1.533594 98.466406
17417 46.052632 0.000000 100.000000
19731 57.527323 -40.188450 59.811550
6820 6.772701 -6.772701 25.648745
1457 6.011875 -6.011875 24.862297
15741 60.549129 -39.450871 47.568387
2365 62.663475 -37.336525 46.390103
16329 61.854391 -38.145609 47.829871
6293 73.529412 0.000000 0.000000
4099 20.594654 -20.594654 66.066125
16745 6.443118 -1.696143 98.303857
19147 6.632327 -1.699134 98.300866
4883 6.493556 -1.666315 98.333685
727 48.357679 13.075133 13.075133
11598 47.774773 13.840459 13.840459
11597 49.234684 13.782127 13.782127
14612 42.097027 3.092268 3.092268
8836 83.885607 5.485244 94.514756
8837 84.203362 5.665717 94.334283
8835 83.614897 5.736229 94.263771
15488 69.278790 -30.721210 33.318135
12661 91.523132 8.476868 86.367512
6418 92.287989 7.712011 84.234859
1138 90.080427 9.919573 85.019830
2135 28.947368 0.000000 100.000000
83 92.708694 7.291306 8.469288
1712 32.800575 -32.800575 46.343870
18645 33.369337 -33.369337 45.854729
8333 18.725695 -14.909650 14.909650
13707 19.205086 -14.554949 14.554949
15421 35.235333 -1.034592 98.965408
14129 62.678344 11.564595 11.564595
9517 63.705390 12.365493 12.365493
4353 84.230614 -14.289548 85.710452
17589 83.611643 -13.659248 86.340752
15844 83.454595 -14.391398 85.608602
17634 91.631474 3.821980 96.178020
16037 92.657987 3.924918 96.075082
13703 81.109518 3.110504 96.889496
20868 81.599802 3.102754 96.897246
8078 18.708168 -18.708168 27.756629
11212 57.234637 12.261168 12.261168
12824 56.268932 12.394918 12.394918
660 56.893893 12.775838 12.775838
126 39.483016 13.422259 13.422259
12849 38.356556 13.336725 13.336725
554 33.142453 13.346245 13.346245
13697 32.037793 13.077625 13.077625
2526 63.575903 -36.424097 53.862943
4227 56.898585 -32.222091 67.777909
13821 57.630661 -32.456674 67.543326
13820 57.185346 -31.950640 68.049360
1187 87.304932 -12.695068 36.623498
27412 87.949595 -12.050405 35.717352
27413 88.297737 -11.702263 35.892020
11882 60.889041 9.723653 9.723653
9265 60.353478 8.598337 8.598337
1378 58.843407 9.543512 9.543512
9264 58.587371 8.217295 8.217295
16232 80.101975 4.115661 4.115661
4393 81.450099 4.802274 4.802274
13507 82.178213 3.755697 3.755697
18430 81.256556 -18.743444 54.070093
1723 83.219334 -16.780666 52.588381
16048 88.679142 -11.320858 47.882688
1724 86.616362 -13.383638 49.043501
19665 88.120260 -11.879740 47.247603
19855 10.444888 -0.947395 99.052605
20071 9.753894 -0.916927 99.083073
6962 6.920277 -2.665620 97.334380
1558 6.932097 -2.802311 97.197689
1094 61.150587 -32.115161 67.884839
15021 73.048444 -26.951556 60.672951
15020 73.691651 -26.308349 60.567503
8225 35.526316 0.000000 100.000000
8226 34.841247 1.999182 98.000818
7288 82.692308 17.307692 17.307692
7287 81.730769 18.269231 18.269231
1790 83.114798 16.885202 17.519459
650 69.574688 7.417280 7.417280
8782 72.415461 4.667253 95.332747
16320 72.302215 4.349999 95.650001
12287 71.496924 -28.503076 58.528510
6133 72.548781 -27.451219 58.028471
898 71.724811 -28.275189 59.337032
4202 55.394691 -42.878385 57.121615
11797 32.055825 -26.040337 73.959663
6944 32.461569 -26.409283 73.590717
13634 84.468594 5.024604 94.975396
10455 16.868743 -16.868743 30.568082
415 83.680358 16.319642 25.281019
11301 98.104817 1.895183 19.275101
3902 97.602381 2.397619 19.339198
134 32.321511 -32.321511 49.374668
6035 32.934200 -32.934200 49.357662
6034 32.664738 -32.664738 49.745642
17686 84.088427 15.911573 27.961275
18125 83.481169 16.518831 28.367321
14342 81.405094 18.594906 22.426464
8850 82.603431 17.396569 21.513692
13668 68.247005 -31.752995 56.570340
19801 68.300114 -31.699886 56.090211
9592 84.183703 -15.816297 37.290136
13398 83.297190 -16.702810 37.971234
3178 83.316312 -16.683688 37.469218
16558 63.264725 -36.735275 54.557530
17623 8.314767 -1.304250 98.695750
12924 8.094859 -1.295412 98.704588
3435 8.252148 -1.351510 98.648490
2076 93.957368 -6.042632 14.031070
10614 92.456416 -7.543584 15.096748
10613 92.249664 -7.750336 14.928093
15285 50.869723 -39.843448 60.156552
11139 51.601881 -39.678127 60.321873
2536 50.589370 -39.195713 60.804287
20116 55.433257 -30.563713 30.563713
18967 15.209673 -15.209673 32.100832
15495 15.642308 -15.642308 31.800029
4006 15.880167 -15.880167 32.429944
14349 89.130997 -10.244779 10.244779
828 35.294118 0.000000 0.000000
14811 37.417830 -1.286841 1.286841
14810 34.879254 -1.531209 1.531209
6049 36.146327 1.747773 1.747773
17617 38.235294 0.000000 0.000000
1726 41.505482 -41.505482 51.086857
7190 41.248133 -41.248133 51.725804
7192 40.373427 -40.373427 51.334940
19918 19.976878 -19.976878 52.740322
7433 31.736937 31.736937 33.362301
4587 62.935458 8.381570 91.618430
5593 77.987658 -22.012342 53.616984
435 76.862359 -23.137641 54.334819
11632 31.995557 -26.748396 73.251604
11631 31.632545 -26.686148 73.313852
16174 86.014000 13.986000 54.860845
10465 83.925603 -11.414269 11.414269
13577 84.912295 -11.423561 11.423561
13572 83.639425 -12.182578 12.182578
5893 0.000000 0.000000 79.569892
11588 21.634370 4.669953 95.330047
8318 21.311854 7.042350 92.957650
2477 19.550071 6.588120 93.411880
19075 29.671075 -26.474183 73.525817
17984 8.128311 -2.158102 97.841898
4832 8.445526 -2.090119 97.909881
10396 70.230638 -17.504387 17.504387
10395 69.281915 -18.237848 18.237848
901 68.973532 -17.570297 17.570297
16049 73.824477 -26.175523 63.424207
19005 60.459736 -39.540264 53.926799
13084 60.272404 -39.727596 53.496449
3302 28.575590 -28.575590 68.498733
15552 28.124417 -28.124417 68.262608
9797 38.152816 38.152816 40.637824
835 35.917947 35.917947 40.761964
13763 74.859212 -25.140788 67.774818
3041 75.246178 -24.753822 67.537536
12693 12.275252 -12.275252 40.143926
6537 12.454848 -12.454848 41.025934
1234 11.621343 -11.621343 40.591763
2449 9.914667 9.914667 66.385529
2232 51.940437 -45.806621 45.806621
20212 52.884615 -47.115385 47.115385
11264 51.074414 -47.066482 47.066482
932 14.516129 14.516129 85.483871
18639 12.038440 -1.762287 98.237713
15773 40.550631 -30.227534 30.227534
17630 92.954276 7.045724 71.098040
20097 94.735380 5.264620 69.570235
6993 94.401021 5.598979 68.475253
8177 85.996489 14.003511 32.077406
18574 29.908425 -29.908425 64.151462
18573 29.972050 -29.972050 64.476139
5031 29.587930 -29.587930 64.454940
2331 77.345822 12.938974 12.938974
19348 76.159575 13.259546 13.259546
16921 6.938972 -4.646470 95.353530
16905 7.448862 -4.762924 95.237076
4982 7.147251 -4.588138 95.411862
5742 13.829787 13.829787 13.829787
595 14.893617 14.893617 14.893617
10705 15.529784 14.236490 14.236490
12518 99.111335 -0.888665 1.526162
17669 14.686499 14.686499 62.457112
16352 65.446566 1.653939 98.346061
1602 64.759896 35.240104 52.338852
17613 65.434053 34.565947 53.127552
16110 66.509254 33.490746 51.677452
17338 49.949204 -47.477404 52.522596
17529 49.859713 -46.821171 53.178829
512 32.597789 32.597789 61.235524
13049 38.628087 -22.283748 77.716252
11837 66.249505 -33.750495 36.884194
10101 77.255287 -22.744713 38.302610
1425 77.175750 -22.824250 38.988042
6778 76.101608 -23.898392 39.150223
1470 66.245118 -17.695046 17.695046
16298 12.032289 12.032289 72.481627
3758 14.011169 14.011169 73.801836
8978 89.446744 7.603348 7.603348
15056 88.334842 8.572718 8.572718
20786 28.409901 28.409901 47.569859
14239 77.345586 11.466956 11.466956
18813 77.632267 10.609571 10.609571
12476 76.321245 11.044994 11.044994
4129 6.130647 6.130647 15.695118
19273 6.947118 6.947118 16.954586
17699 7.405465 7.405465 15.881463
9840 33.364999 33.364999 56.045590
12383 15.336230 -13.716432 86.283568
999 19.148936 19.148936 19.148936
6251 20.866898 19.453781 19.453781
14401 99.109951 0.890049 14.983993
876 27.256748 -15.591796 15.591796
13523 27.761730 -15.903739 15.903739
10939 27.152772 -15.891252 15.891252
14972 91.827911 8.172089 27.385608
19400 44.987098 16.830339 16.830339
1314 90.594715 3.546964 3.546964
6648 92.757387 3.527306 3.527306
6638 92.669305 2.690123 2.690123
53 89.856903 10.143097 33.775081
14679 43.261238 -28.395333 71.604667
4568 43.840963 -28.018670 71.981330
15985 47.486140 -39.439987 60.560013
2921 47.017870 -39.453558 60.546442
9113 47.457364 -39.787806 60.212194
11069 63.727999 -36.272001 57.747097
207 29.775068 -29.775068 37.325373
15355 25.161222 -17.458349 82.541651
2320 44.116189 -23.310147 76.689853
8326 14.206322 -0.737963 99.262037
8327 15.025784 -0.584173 99.415827
8328 14.061683 -0.491482 99.508518
5687 48.719406 31.083349 31.083349
9440 39.737040 -32.384635 67.615365
14084 1.254200 1.254200 28.267167
27502 1.616557 1.616557 27.446377
6092 0.911451 0.911451 27.193921
13586 44.431445 29.420355 29.420355
17479 44.826345 28.641368 28.641368
618 37.896936 -37.896936 42.947090
12189 37.595308 -37.595308 43.071439
19795 51.761572 -14.572591 14.572591
7262 52.450179 -13.939315 13.939315
20179 52.968677 -14.636503 14.636503
7709 42.718877 -42.718877 56.727763
20253 68.255273 21.754594 21.754594
5554 67.354385 21.322599 21.322599
433 67.172235 22.163387 22.163387
5322 18.394879 -18.394879 62.272724
6854 8.698254 -1.732695 98.267305
6853 8.818836 -1.716244 98.283756
11541 92.123585 7.876415 10.152006
5182 91.843704 8.156296 9.696253
9860 28.679241 -28.679241 69.027455
15684 96.551298 3.448702 70.995574
19970 95.280163 -4.719837 43.528375
3940 79.946497 -11.804447 88.195553
20303 38.239225 28.822443 28.822443
6752 58.977775 20.056605 20.056605
6754 58.950828 19.236612 19.236612
1407 57.973326 19.692360 19.692360
27310 92.521283 4.994146 95.005854
9205 40.897144 16.763150 83.236850
9204 41.799166 18.210624 81.789376
10005 61.555741 -38.444259 39.031224
12498 91.892245 -8.107755 13.831472
12500 91.021147 -8.978853 14.157780
20028 52.337094 -44.014282 55.985718
19651 51.611832 -43.894215 56.105785
397 52.181989 -44.405431 55.594569
18708 13.661563 -1.558869 98.441131
27311 54.915466 13.036545 86.963455
27312 56.814756 12.911738 87.088262
10611 75.686794 -24.313206 37.442546
16006 76.923188 -23.076812 36.983040
19643 79.008128 -20.991872 45.856792
13554 96.440441 3.559559 21.727955
280 96.601650 3.398350 22.123936
12355 67.738466 -32.261534 66.173307
3161 67.478123 -32.521877 65.888373
9548 68.040407 -31.959593 65.608777
14140 93.986105 6.013895 26.374282
27162 25.438596 -25.438596 25.438596
934 9.828175 9.828175 86.140980
17997 8.905521 8.905521 86.801489
5836 1.636587 1.636587 7.548347
600 1.810132 1.810132 6.459826
5690 33.704478 12.912898 12.912898
8378 34.568624 12.966969 12.966969
552 34.087043 12.560662 12.560662
5397 55.698912 -38.119258 38.119258
284 54.804839 -37.457138 37.457138
5395 55.802605 -36.898005 36.898005
515 48.287991 20.005845 20.005845
18663 49.232004 20.355603 20.355603
5648 49.084358 19.540173 19.540173
1377 55.972348 10.457649 10.457649
6713 55.439596 9.617387 9.617387
9778 54.803712 10.545679 10.545679
19240 36.179062 -36.179062 57.274352
4936 35.646439 -35.646439 58.086133
19580 35.043534 -35.043534 57.517688
5706 78.763081 -21.236919 59.512626
15183 78.492917 -21.507083 60.034975
15477 78.077068 -21.922932 60.108720
15314 86.177577 -13.822423 44.710575
15315 86.158726 -13.841274 43.976112
14365 87.736685 -12.263315 43.406613
11468 5.017470 5.017470 90.515640
1152 3.689790 3.689790 91.483563
7172 68.778168 28.517157 28.517157
11565 69.590490 27.520605 27.520605
19862 45.085637 -10.793903 10.793903
15728 44.689167 -11.519663 11.519663
6991 53.303459 -24.529239 75.470761
1578 52.448048 -23.731180 76.268820
5135 36.294646 -18.228200 81.771800
11227 56.989504 -41.934696 58.065304
8084 57.429920 -41.840011 58.159989
18599 9.759048 9.759048 55.268602
7006 10.510427 10.510427 56.751302
5493 91.113260 8.886740 65.313526
5449 93.218963 6.781037 63.661709
5492 92.525400 7.474600 63.080541
6507 66.295180 -33.704820 55.694047
11164 66.317401 -33.682599 56.048796
15836 46.389774 -34.839272 65.160728
2227 60.414681 -39.585319 57.163630
19100 60.111666 -39.888334 57.892533
19657 59.720626 -40.279374 57.495030
2711 88.576411 -11.423589 21.809462
8724 86.799069 -13.200931 22.087653
8723 88.314354 -11.685646 21.241287
11382 11.827623 -2.442290 97.557710
3929 11.500009 -2.382738 97.617262
16753 58.672747 20.927070 79.072930
17931 60.093706 22.095181 77.904819
17278 57.985801 21.769229 78.230771
15834 84.370020 15.629980 36.751220
3918 11.081511 -0.395258 99.604742
8547 29.341269 -28.622309 71.377691
19656 29.675903 -29.027087 70.972913
5729 65.456842 -12.392980 12.392980
8656 66.188675 -11.532245 11.532245
587 66.944099 -12.130567 12.130567
4493 14.708277 -14.708277 47.527027
13245 13.832129 -13.832129 47.835589
19509 13.923090 -13.923090 46.927851
1992 97.014219 2.985781 23.100467
7603 97.416898 2.583102 22.357414
10138 96.769822 3.230178 22.586187
12791 8.311864 -2.926622 97.073378
1559 7.716635 -2.809156 97.190844
13561 94.988616 5.011384 22.977268
15646 94.958049 5.041951 22.519497
15592 94.453220 5.546780 23.067439
683 71.569237 28.430763 36.665858
19297 12.250307 12.250307 15.779510
14080 11.215558 11.215558 14.877575
5101 84.619076 -15.380924 34.645297
5 85.743000 -14.257000 34.045598
8143 9.867957 9.867957 50.601837
20105 8.434087 8.434087 51.178682
2368 9.683822 9.683822 51.749765
12389 26.709185 -23.595201 23.595201
15125 25.254890 -22.804461 22.804461
12288 72.402184 -27.597816 57.603563
27535 7.918360 -2.779357 97.220643
1052 69.315110 4.916605 95.083395
18610 26.333328 20.264696 20.264696
12575 27.272569 20.238995 20.238995
15737 42.866702 21.940604 78.059396
17107 52.873736 -45.501832 54.498168
19780 52.991170 -45.004736 54.995264
15909 4.827659 4.827659 43.660565
6669 4.496009 4.496009 41.957799
1337 4.032752 4.032752 42.799951
14063 21.396721 3.998087 3.998087
27459 97.822654 2.177346 56.464870
27758 96.936696 3.063304 56.524520
27879 96.604389 3.395611 57.281826
1212 65.833540 -34.166460 55.837470
17519 1.424553 -1.424553 32.841199
13243 33.759105 -33.759105 42.009385
473 79.122142 -20.877858 50.553708
11684 79.236653 -20.763347 50.080038
7047 79.668919 -20.331081 50.038236
20284 94.061974 5.938026 18.346178
12177 23.202376 -23.202376 33.292475
11018 23.912843 -23.912843 33.003964
3802 24.081651 -24.081651 33.744317
19772 11.178189 -2.365061 97.634939
18495 11.266600 -2.301030 97.698970
3985 98.217203 1.782797 28.178354
12280 97.844387 2.155613 28.122837
4917 88.235294 0.000000 0.000000
9950 73.389779 -26.610221 36.505363
14388 73.272954 -26.727046 36.966559
14389 72.763122 -27.236878 36.877995
27 29.137720 -27.930887 27.930887
6289 46.234761 37.840962 37.840962
10559 46.148029 38.941424 38.941424
1031 46.979224 38.489662 38.489662
13251 84.869875 15.130125 56.796042
4165 27.469145 -27.469145 31.825737
12075 27.586875 -27.586875 32.421781
15809 50.387076 -32.284221 67.715779
5478 49.733025 -32.220010 67.779990
2396 91.355262 8.644738 30.032938
9258 90.388743 9.611257 30.940334
158 0.000000 0.000000 55.913978
18170 97.846638 2.153362 30.732936
15386 23.382971 23.382971 29.403169
15799 24.354153 24.354153 28.571136
4273 89.632472 -10.367528 11.946429
12471 89.811782 -10.188218 12.045830
15196 88.921160 -11.078840 12.504701
9644 31.821641 -15.931202 15.931202
9646 32.366791 -16.252789 16.252789
5924 57.938547 42.061453 47.227236
20564 59.096330 40.903670 46.802341
15526 50.921577 -46.763787 53.236213
992 50.857322 -47.315112 52.684888
19402 96.958065 3.041935 32.885781
4049 96.641735 3.358265 32.417167
1513 78.690068 11.018438 88.981562
7411 47.599204 -12.190833 12.190833
11194 48.385155 -12.708894 12.708894
11195 47.103678 -12.882490 12.882490
9486 74.054136 -25.945864 61.054662
9487 74.185666 -25.814334 60.542809
15760 12.462344 -12.462344 14.581715
2194 12.763711 -12.763711 14.137814
7941 13.383830 -13.383830 15.074138
16774 6.551273 -2.906951 97.093049
14522 6.899200 -2.926995 97.073005
16995 49.588470 41.156802 41.156802
15291 48.705290 39.744240 39.744240
5254 40.153138 26.870407 73.129593
5255 39.755905 25.809487 74.190513
5256 41.628655 26.171460 73.828540
10736 81.787163 18.212837 31.001562
1090 56.695969 -28.825048 28.825048
6361 55.890700 -28.389524 28.389524
17447 56.835323 -27.880333 27.880333
15209 79.236696 -20.763304 33.917724
1698 78.906637 -21.093363 33.833819
8372 21.080810 -21.080810 33.303159
9971 20.536370 -20.536370 33.515738
2684 75.487710 -24.512290 64.588199
8683 75.891508 -24.108492 64.205063
189 4.293204 -4.293204 8.998845
15932 73.117095 14.625828 14.625828
15933 72.159481 15.184012 15.184012
15931 73.207957 15.266337 15.266337
7652 82.592270 -17.407730 42.336348
17793 81.668460 -18.331540 42.063972
18287 41.383776 27.114459 27.114459
15582 72.338584 27.661416 43.794197
2374 35.791927 22.744040 77.255960
16902 11.116713 11.116713 42.034944
6723 26.977368 -26.977368 36.829035
1386 26.809931 -26.809931 37.313316
6721 26.260586 -26.260586 36.852380
15070 4.430436 -4.430436 41.693360
3525 31.646408 -7.486402 7.486402
13205 32.260019 -6.906571 6.906571
17987 33.050464 -7.659211 7.659211
8707 70.708634 -29.291366 42.307236
4850 11.939609 11.939609 19.756318
19926 11.406056 11.406056 18.885184
13686 85.813669 3.009287 96.990713
13688 85.238124 3.265212 96.734788
1387 80.293906 19.706094 40.306017
19385 79.843941 20.156059 39.855505
9196 79.259503 20.740497 40.644072
8148 17.532987 -17.532987 54.600006
20404 17.986018 -17.986018 54.461932
138 16.817833 -16.817833 47.755858
6571 16.411506 -16.411506 48.292823
6570 16.197563 -16.197563 47.735252
8311 61.836178 15.284732 84.715268
2473 59.166334 13.475371 86.524629
9966 62.028625 13.744342 86.255658
14075 96.951542 3.048458 45.214614
4654 95.677193 4.322807 46.099702
19796 96.411150 3.588850 46.269891
16335 64.335664 -35.664336 64.335664
10158 12.769599 12.769599 42.753991
10157 13.896342 13.896342 41.838416
3429 12.355233 12.355233 41.229415
903 70.902851 -16.194434 16.194434
6135 69.974927 -16.825949 16.825949
11540 92.265491 7.734509 10.704448
1980 93.151108 6.848892 9.780697
4066 95.927260 4.072740 31.664484
3193 91.671492 -8.328508 10.353472
9624 92.984558 -7.015442 9.080092
10171 11.991454 -4.034791 4.034791
3564 51.103113 -40.381687 59.618313
15286 51.778690 -40.217264 59.782736
10494 42.019081 -25.552254 25.552254
13964 86.135879 11.050436 11.050436
6994 96.009869 3.990131 65.725399
9187 97.683956 2.316044 64.049261
18662 48.419517 20.780779 20.780779
2813 48.511401 21.575860 21.575860
12796 53.606288 11.752587 11.752587
4374 53.692984 12.358886 12.358886
9660 22.193258 -22.193258 37.392530
782 21.444281 -21.444281 36.908609
15378 16.148176 -16.148176 33.079844
11574 16.548509 -16.548509 32.720476
6703 68.980779 26.797924 73.202076
3718 30.373997 -16.392815 16.392815
17012 50.199925 -31.305653 68.694347
16708 83.036321 4.202255 95.797745
19968 75.606276 -10.642551 10.642551
18962 75.582005 -10.148478 10.148478
6344 74.833513 -11.180831 11.180831
7270 75.961538 24.038462 24.038462
20156 97.670890 2.329110 37.730266
695 94.433882 -5.566118 22.512344
7450 94.702057 5.297943 28.027962
1894 94.076855 5.923145 28.293448
15445 72.686102 -12.758306 12.758306
15446 73.875803 -12.395477 12.395477
15444 73.385317 -13.130495 13.130495
1157 94.591613 5.408387 19.652875
1448 62.602690 -31.546262 31.546262
14573 61.637784 -31.234062 31.234062
12054 62.681698 -30.447615 30.447615
18581 71.324733 6.316005 93.683995
27163 84.210526 0.000000 100.000000
27274 85.907319 0.099143 99.900857
27164 85.526316 0.000000 100.000000
12462 30.261063 -5.528006 94.471994
16971 55.650740 -33.948783 66.051217
9463 50.342641 10.413613 10.413613
1518 49.631922 11.325294 11.325294
9464 50.920524 11.081489 11.081489
8909 59.905129 -9.991203 9.991203
2818 58.266063 -9.794774 9.794774
9832 37.238855 21.654626 78.345374
11215 23.745116 18.593626 81.406374
12984 25.659712 18.479479 81.520521
10669 71.855560 -22.493353 22.493353
18001 70.657289 -23.299500 23.299500
16060 39.298458 -35.600225 35.600225
5846 38.612580 -36.328050 36.328050
13935 3.795595 -3.795595 14.194197
347 4.081301 -4.081301 15.418137
1654 70.930895 -19.199344 19.199344
20621 71.069556 -18.731392 18.731392
27572 71.324771 -18.830141 18.830141
15332 50.205924 -40.370765 40.370765
15331 49.614729 -39.714062 39.714062
4701 50.445543 -39.412141 39.412141
11320 37.031073 -32.222991 32.222991
1678 80.547674 19.452326 38.164169
7134 80.064206 19.935794 38.746793
15199 80.745700 19.254300 38.536473
12963 1.704662 1.704662 52.919435
9754 0.000000 0.000000 52.688172
8505 99.282030 0.717970 16.667569
8506 99.574234 0.425766 17.067899
1807 26.062083 -25.053307 25.053307
7313 24.656639 -24.004057 24.004057
7312 25.338450 -24.003535 24.003535
10427 59.610450 -38.995866 38.995866
9586 58.637097 -38.523681 38.523681
17915 59.618234 -37.665842 37.665842
11422 1.264230 1.264230 51.582273
3951 2.679787 2.679787 51.610281
20702 2.144886 2.144886 50.948850
6711 44.709065 -7.262376 7.262376
10924 15.403291 -15.403291 35.368553
6961 7.301791 -2.667768 97.332232
3661 4.176572 -1.986667 98.013333
16848 4.279888 -2.155817 97.844183
10420 68.126426 30.738041 30.738041
7174 67.956200 29.582785 29.582785
10421 67.104122 30.723070 30.723070
27739 98.825528 1.174472 57.933236
19471 69.930257 -30.069743 51.601803
20194 70.388945 -29.611055 51.332275
9926 70.158312 -29.841688 51.673912
15682 51.793055 -38.864998 61.135002
7012 70.409335 -29.590665 55.588939
1594 69.866797 -30.133203 55.881884
10673 70.111505 -29.888495 55.415060
10449 52.908983 20.863747 20.863747
13080 53.995760 21.142881 21.142881
3566 53.710578 20.239235 20.239235
13154 33.438359 19.394857 19.394857
17858 59.364796 -3.228006 3.228006
17857 57.904761 -2.298136 2.298136
7715 9.837577 -6.039107 93.960893
20647 76.328928 19.968266 19.968266
2411 28.724736 -28.724736 49.652972
8213 29.202631 -29.202631 50.052643
14061 78.973327 21.026673 40.127655
1680 79.541948 20.458052 39.405732
14060 78.724310 21.275690 39.628749
8231 65.646466 -6.714465 6.714465
5144 87.798502 12.201498 27.372668
10589 42.059703 32.400453 32.400453
10588 41.068543 31.525619 31.525619
54 40.883725 32.590534 32.590534
20628 70.491045 -20.617673 20.617673
8064 70.719319 -20.106102 20.106102
18307 96.185977 -1.017586 1.017586
9111 11.471801 11.471801 36.546645
9110 9.988044 9.988044 37.461165
2919 11.743771 11.743771 38.260226
15963 82.528216 17.471784 28.245825
12113 83.182135 16.817865 27.808613
15964 82.735244 17.264756 27.725214
27277 26.066508 -26.066508 32.246037
27165 26.175512 -26.175512 32.054739
12074 26.691246 -26.691246 31.880083
1833 7.523545 -7.523545 86.108876
7357 8.721950 -8.721950 86.786513
20033 12.776210 12.776210 54.430839
16442 18.355142 -18.355142 72.021495
17629 26.661817 26.661817 60.020870
17141 27.709946 27.709946 61.492571
513 28.450238 28.450238 60.352373
13053 13.183412 -13.183412 37.319523
15622 13.771644 -4.579428 95.420572
8604 14.358088 -4.192377 95.807623
15623 13.275711 -4.058295 95.941705
11272 87.067755 -12.932245 19.727181
3894 86.066414 -13.933586 20.260585
27184 26.216063 -26.216063 39.158304
27251 26.087004 -26.087004 38.996745
20034 35.564338 -24.661738 24.661738
20176 35.169930 -23.422201 23.422201
16238 84.259507 15.740493 35.266661
2298 83.979319 16.020681 34.983129
12015 91.521485 8.478515 19.042485
12410 4.198376 -4.198376 22.539276
7807 28.509674 -28.066522 28.066522
7640 27.531211 -27.205048 27.205048
7808 27.750741 -27.014144 27.014144
12574 28.137403 20.944606 20.944606
6249 28.164682 20.035906 20.035906
1968 37.019231 -37.019231 62.980769
10900 37.158838 -37.158838 62.369874
2456 9.536311 -9.536311 34.826084
10144 8.759863 -8.759863 33.747942
8284 9.683054 -9.683054 33.643599
15824 89.147034 10.852966 27.409844
9597 19.928431 -19.928431 22.783046
5727 48.245136 -44.429325 44.429325
5728 48.651225 -44.826141 44.826141
5726 47.977758 -45.108912 45.108912
3745 87.755749 -9.680915 9.680915
16801 88.795736 -9.342202 9.342202
7066 30.209160 30.209160 37.529281
13352 30.220524 30.220524 38.786163
13351 31.459049 31.459049 38.151106
4736 4.766106 -1.346143 98.653857
16696 4.466063 -1.397967 98.602033
2640 21.634615 -21.634615 78.365385
17532 22.871387 -22.435529 77.564471
12789 22.733049 -22.011107 77.988893
12919 7.821740 -4.038309 95.961691
12918 7.995021 -4.306210 95.693790
15900 76.655680 -23.344320 60.788052
1650 76.544050 -23.455950 61.430129
16573 75.944701 -24.055299 61.515565
17561 98.689748 1.310252 6.100588
9553 98.797125 1.202875 6.779299
14833 23.863286 -22.799842 77.200158
13252 84.064515 15.935485 58.815231
17299 53.681458 -31.484941 31.484941
14512 54.335775 -31.986697 31.986697
15837 47.256148 -34.578756 65.421244
16073 48.328532 -34.865457 65.134543
6284 11.339674 11.339674 58.072021
4208 16.504616 -16.504616 43.806944
12224 16.337660 -16.337660 44.606557
12975 15.698688 -15.698688 44.029543
8977 88.649179 7.055000 7.055000
8979 90.442140 6.696637 6.696637
15522 43.618728 -30.942893 69.057107
15521 43.592164 -30.256755 69.743245
1372 42.360793 -30.268749 69.731251
439 22.933439 -14.637308 14.637308
9331 62.572878 -14.243253 14.243253
9387 43.606645 -41.213746 58.786254
19972 17.236869 7.825924 92.174076
19971 18.249186 4.944564 95.055436
16085 50.244637 -36.174198 36.174198
16083 50.427726 -35.060173 35.060173
15145 44.167262 -5.997951 94.002049
9354 89.037270 10.962730 64.057488
11793 86.893082 13.106918 64.893574
3058 86.417357 13.582643 67.028932
12401 9.683408 -9.683408 16.166815
12400 8.590774 -8.590774 15.501085
3948 9.183133 -9.183133 14.966954
17493 69.938509 -30.061491 62.434489
6048 34.142294 3.179716 3.179716
9885 19.497347 -4.795911 95.204089
9886 18.246338 -4.851084 95.148916
9887 18.917480 -5.396101 94.603899
9877 45.459037 -45.459037 50.660429
9872 44.607658 -44.607658 50.588023
3307 45.031579 -45.031579 50.282895
11117 21.877678 -9.060982 90.939018
6974 22.417860 -8.478246 91.521754
11080 65.802515 7.491463 7.491463
12044 63.585533 6.839609 6.839609
11673 63.850614 8.239127 8.239127
19087 46.878055 -37.416248 62.583752
6386 47.142723 -37.674524 62.325476
19086 47.451598 -37.535042 62.464958
7457 6.751796 -2.637735 2.637735
20343 0.537109 -0.537109 29.075147
6601 39.751167 -35.262231 64.737769
5341 89.825005 10.174995 24.992108
7997 48.403216 -34.277509 65.722491
20149 69.014580 -15.930978 84.069022
16170 70.557234 -16.517551 83.482449
14959 92.205150 7.794850 32.538622
2887 92.328696 7.671304 23.924852
16529 56.754530 15.186009 15.186009
7099 63.254542 -36.745458 41.590864
11936 63.887769 -36.112231 41.611288
584 47.560238 -44.455827 44.455827
2371 84.423007 -9.544958 9.544958
8144 85.745317 -8.513362 8.513362
8146 86.100616 -9.057545 9.057545
11263 50.291782 -46.019028 46.019028
14020 38.621283 -38.621283 58.771130
14419 38.397251 -38.397251 59.217589
19615 90.860396 -9.139604 63.778056
19614 61.925535 -12.587581 12.587581
353 61.914712 -11.923292 11.923292
18604 27.501731 -27.501731 46.759867
11365 27.383349 -27.383349 46.202495
13604 43.924616 -39.426716 60.573284
865 0.000000 0.000000 27.956989
14085 0.000000 0.000000 29.032258
15257 85.630054 14.369946 36.823452
15258 86.222583 13.777417 36.745718
14174 92.787568 -7.212432 33.595140
4076 31.043866 -31.043866 61.597902
11766 31.092039 -31.092039 61.831631
585 48.631854 -44.402963 44.402963
8830 48.991327 -44.364143 44.364143
14899 10.570112 -10.570112 18.887643
13622 69.950210 -30.049790 52.460909
17424 69.684766 -30.315234 52.371343
19042 35.488779 -35.488779 59.940095
4802 59.876514 -40.123486 58.442763
15047 59.552895 -40.447105 58.132212
5494 33.316198 -28.289243 71.710757
5155 33.487044 -28.776991 71.223009
2644 14.028930 -3.752755 96.247245
13630 30.924715 -19.222085 19.222085
4248 31.282393 -20.251050 20.251050
3654 42.553191 42.553191 42.553191
841 4.166925 -4.166925 43.604370
6066 4.558957 -4.558957 43.315689
10633 42.340961 -42.340961 53.744984
6636 56.683300 -43.316700 53.220058
5170 17.506047 -17.506047 41.766015
20693 17.026956 -17.026956 41.688092
1718 77.294444 19.548179 19.548179
400 50.557271 26.453799 26.453799
7390 49.784745 27.431813 27.431813
5520 51.054683 27.684294 27.684294
2356 7.990651 7.990651 24.783332
19188 6.842145 6.842145 23.722248
8119 6.401922 6.401922 25.013818
2980 42.162116 -12.768442 12.768442
9216 41.501955 -13.757010 13.757010
18365 40.392800 -13.198747 13.198747
5791 81.797976 -18.202024 46.625252
12715 15.877877 -5.218443 5.218443
15739 14.284059 -4.549741 4.549741
17946 94.368799 5.631201 18.485936
18037 91.989641 -8.010359 22.444105
8961 30.315776 15.760134 84.239866
9041 31.832341 16.961158 83.038842
11693 60.754104 19.816045 19.816045
1405 59.948891 20.348308 20.348308
17619 87.039112 12.960888 33.467761
2854 86.330386 13.669614 34.095700
17620 87.128576 12.871424 33.978160
3011 89.569345 10.430655 52.243250
17195 91.467678 8.532322 50.347672
9279 89.517743 10.482257 50.808640
1275 47.368421 0.000000 100.000000
17419 47.698102 -1.716802 98.283198
6583 49.196987 -1.836059 98.163941
3682 30.916997 -30.916997 63.880131
11096 30.533389 -30.533389 63.862201
9435 84.677419 15.322581 84.677419
9436 82.646666 14.653972 85.346028
5236 83.124424 13.429719 86.570281
19853 2.355779 -2.355779 40.960880
19679 2.966385 -2.966385 41.825078
19854 2.353804 -2.353804 42.144169
5317 14.574229 13.242470 13.242470
209 16.218259 13.649169 13.649169
10626 35.278502 -23.330306 76.669694
19376 35.130838 -23.798858 76.201142
3645 35.890748 -23.780141 76.219859
7657 14.890178 -14.890178 29.570038
2027 14.356592 -14.356592 28.793838
11617 15.231861 -15.231861 29.142865
11543 3.528803 1.934183 1.934183
7038 2.957445 0.962974 0.962974
4395 29.658965 -29.658965 65.831382
20210 40.410115 -40.410115 47.342566
4230 15.976612 15.976612 62.226479
18660 40.350877 -40.350877 40.350877
18659 39.473684 -39.473684 39.473684
460 40.444823 -38.929610 38.929610
20631 77.524454 22.475546 25.623339
9611 92.200931 -7.799069 33.047415
166 84.450355 -15.549645 46.484690
5920 83.960823 -16.039177 47.292418
7160 78.948385 -21.051615 33.572975
7162 79.407878 -20.592122 33.525720
3707 28.240269 -23.774705 76.225295
18930 27.515767 -23.779076 76.220924
16596 92.574140 -7.425860 34.598828
16866 60.817644 16.002847 16.002847
13928 60.395069 16.783332 16.783332
10441 77.540790 22.459210 25.956573
17004 44.372907 31.319325 31.319325
1492 55.594406 -44.405594 55.594406
15899 56.647559 -43.352441 55.403657
14031 55.944056 -44.055944 55.944056
18016 77.147256 -22.852744 34.626501
11907 76.457665 -23.542335 34.805339
1018 76.929879 -23.070121 34.376922
5537 20.346354 20.346354 38.196674
5538 18.415944 18.415944 38.342541
5539 19.922309 19.922309 39.816824
3097 72.000245 -27.999755 51.225885
9399 37.623915 -37.623915 60.516481
3084 37.366015 -37.366015 60.674085
9401 37.379063 -37.379063 60.441765
11807 54.315906 -37.137413 62.862587
11808 55.169918 -37.195304 62.804696
11809 54.487204 -36.753058 63.246942
8812 13.487027 -3.393526 96.606474
2765 13.106511 -3.119085 96.880915
11692 61.702384 20.027113 20.027113
11704 62.651982 20.213639 20.213639
7910 7.506167 -7.506167 24.291610
2215 6.772353 -6.772353 23.857652
10375 92.971660 -7.028340 36.156837
5516 51.955408 -44.835261 55.164739
14278 53.243638 -28.296718 28.296718
14279 54.107923 -27.692871 27.692871
14277 54.188809 -28.586610 28.586610
1195 29.161971 -29.161971 66.932157
4905 40.165891 -22.354939 22.354939
19546 88.661224 -11.338776 32.740160
7208 22.166999 -22.166999 74.960296
8032 91.177395 -8.822605 19.808467
8879 90.258468 -9.741532 19.960521
20648 97.935069 2.064931 33.686119
10855 97.993560 2.006440 33.219536
18990 83.653846 -16.346154 16.346154
468 84.615385 -15.384615 15.384615
17593 92.787246 7.212754 19.535829
6145 27.630236 -17.395253 17.395253
910 26.877284 -16.910741 16.910741
6146 27.705568 -16.990580 16.990580
6147 27.086620 -16.573846 16.573846
8783 72.470821 4.955334 95.044666
12185 72.990235 5.248109 94.751891
17485 72.300188 5.186082 94.813918
13473 59.477538 22.630998 22.630998
668 60.314292 21.991495 21.991495
13474 59.269542 21.753887 21.753887
18012 49.151687 -26.065163 26.065163
8360 48.156800 -25.802737 25.802737
2506 49.131534 -25.071051 25.071051
8214 29.374023 -29.374023 49.571793
19413 21.344206 -6.495726 6.495726
18901 17.945494 -1.524480 98.475520
14726 16.933233 -1.514688 98.485312
10807 17.262383 -1.772015 98.227985
16204 35.548850 -35.548850 63.822693
13181 35.156021 -35.156021 64.083244
1220 9.484150 -9.484150 25.688733
6907 8.967014 -8.967014 25.871065
3657 52.446453 -38.236114 38.236114
14394 52.288558 -39.665919 39.665919
16890 94.181265 5.818735 12.469496
728 45.614985 11.720386 11.720386
12451 44.010127 10.293239 10.293239
6912 66.694437 -33.305563 53.489276
8335 27.571701 18.185226 18.185226
6248 28.376119 19.113526 19.113526
17416 28.863503 18.338506 18.338506
27167 20.236710 -17.525302 17.525302
27169 19.662790 -17.159970 17.159970
20219 19.865423 -16.886734 16.886734
8556 24.517196 -17.289846 17.289846
7343 25.247802 -17.806949 17.806949
7947 94.230769 5.769231 5.769231
18680 95.667331 4.332669 5.180877
10030 35.675640 -6.837372 93.162628
3387 37.271991 -5.681752 94.318248
506 79.085299 17.424213 17.424213
8450 25.694658 -25.694658 48.675632
2557 26.448469 -26.448469 48.193522
8448 26.647736 -26.647736 48.964595
13721 53.365489 -35.395088 35.395088
3983 53.339403 -34.395293 34.395293
20169 82.185204 -15.414616 84.585384
8201 82.775370 -16.212637 83.787363
13226 75.607783 -24.392217 61.130322
4487 75.691524 -24.308476 60.639829
17182 76.223189 -23.776811 60.496117
20711 17.211727 -12.696675 12.696675
318 15.811772 -12.254093 12.254093
17575 17.480373 -12.367987 12.367987
5433 15.625743 -11.641156 11.641156
968 37.995133 24.244902 75.755098
6212 38.219008 25.006386 74.993614
1221 10.690098 -10.690098 25.136667
20259 11.697312 -11.697312 25.295106
10240 14.064747 14.064747 67.275568
18834 15.413783 15.413783 68.213132
10798 29.417806 7.310862 92.689138
3721 27.915840 6.108438 93.891562
10851 30.168128 4.929149 95.070851
7458 4.511966 -2.687832 2.687832
8688 50.961538 49.038462 49.038462
14848 20.080664 -18.376492 18.376492
3509 86.600286 13.399714 32.989550
10319 86.420588 13.579412 32.705918
18676 86.034603 13.965397 33.270777
20474 80.753403 3.957454 96.042546
20476 80.881763 4.046470 95.953530
1714 17.835519 -7.904740 92.095260
7180 16.458904 -8.071310 91.928690
7179 17.525460 -8.606041 91.393959
13998 85.646769 14.353231 14.894747
18211 36.952349 -14.885356 14.885356
3013 37.648499 -14.917770 14.917770
9282 37.496867 -15.269221 15.269221
15278 27.139940 -2.207908 97.792092
1058 26.059954 -2.606972 97.393028
5823 28.773912 -19.338321 19.338321
13631 29.928381 -19.416532 19.416532
12392 29.879354 -20.202179 20.202179
1408 41.581248 -38.022094 61.977906
19531 41.886054 -37.969944 62.030056
6756 41.375579 -37.752745 62.247255
15345 50.534250 -38.470562 38.470562
14393 51.366238 -38.960488 38.960488
20505 65.618372 -26.830091 73.169909
2881 31.702257 -23.583802 23.583802
19266 30.633492 -23.841389 23.841389
19538 91.082725 8.917275 35.895560
19566 91.166725 8.833275 36.656875
5014 92.016955 7.983045 35.815236
6503 22.585096 -13.510071 13.510071
9426 23.797713 -13.357443 13.357443
18203 11.078993 11.078993 65.818239
10841 32.324476 -32.324476 46.702525
7177 32.988132 -32.988132 46.935534
11011 6.061263 -6.061263 91.240708
15724 68.789808 10.074609 10.074609
12979 69.568578 10.816794 10.816794
15242 19.032841 19.032841 72.712444
6195 20.860595 20.860595 72.426485
15158 39.327675 -39.327675 40.358822
3133 40.236418 -40.236418 41.307279
15159 39.250562 -39.250562 41.165764
6504 21.834808 -13.903588 13.903588
1210 19.923805 -12.717410 12.717410
18752 22.366780 -12.791331 12.791331
19764 23.271377 -23.271377 28.117211
5024 23.273514 -23.273514 27.734864
17543 23.916182 -23.916182 28.018902
12215 98.627389 -1.372611 34.750755
27904 97.387459 -2.612541 35.459621
17841 14.737318 -14.737318 76.861131
17840 16.097941 -16.097941 78.519309
20413 15.357103 -15.357103 78.312932
13666 16.653880 8.422874 8.422874
1256 17.243686 9.600643 9.600643
3102 51.101927 -46.247373 53.752627
8432 41.580838 -41.580838 58.132337
5854 72.277140 -27.722860 56.189473
10925 71.953131 -28.046869 56.621413
19079 88.881430 11.118570 15.825741
19078 88.683609 11.316391 15.261810
8892 87.778126 12.221874 16.222601
4421 70.759286 10.619032 10.619032
27147 23.684211 -23.684211 23.684211
27171 24.561404 -24.561404 24.561404
10636 31.686947 -14.782605 85.217395
10635 29.769276 -14.070528 85.929472
13498 12.534855 -12.534855 45.470412
4551 13.205617 -13.205617 46.278814
13499 12.240977 -12.240977 46.541804
17638 50.529689 -41.549733 58.450267
17637 50.991535 -41.743048 58.256952
7234 47.605002 -38.352805 38.352805
16252 33.511376 -12.723396 87.276604
4123 0.000000 0.000000 17.204301
17783 80.364869 19.635131 23.341306
13058 80.561415 19.438585 23.928668
1617 31.837611 -26.851953 73.148047
7051 31.565277 -26.845919 73.154081
11916 65.939022 30.179235 69.820765
7259 66.346920 28.991101 71.008899
260 65.526462 21.512141 21.512141
8675 41.390726 -26.684928 26.684928
17320 27.064810 24.345151 24.345151
15564 27.450624 23.884558 23.884558
10346 70.412545 -29.587455 64.603644
10779 44.553293 -16.601681 16.601681
11994 45.348129 -16.519633 16.519633
3180 21.279064 -21.279064 23.284539
15950 54.046826 -26.771614 26.771614
4180 53.128185 -27.357454 27.357454
15951 53.053718 -26.413421 26.413421
20516 76.636405 23.363595 62.039533
8417 24.403405 -24.403405 70.458398
2538 23.938754 -23.938754 69.359253
18939 25.146576 -25.146576 69.164826
8825 59.239578 -40.760422 47.450430
1391 59.468292 -40.531708 46.405036
8138 60.965460 -39.034540 46.434627
10071 82.656220 17.343780 36.452634
1826 82.603060 17.396940 35.888217
7347 81.994450 18.005550 36.548163
3258 53.402991 10.878293 10.878293
14555 13.600130 -13.600130 28.235551
20317 14.060699 -14.060699 27.946542
11618 14.879112 -14.879112 28.361403
17922 49.576210 -44.406443 55.593557
18361 52.868085 16.527466 83.472534
7677 55.602700 17.163764 82.836236
12136 35.150277 -31.612856 31.612856
2291 34.422870 -32.153019 32.153019
11555 34.000673 -30.697593 30.697593
27759 91.258741 -8.741259 91.258741
4637 90.713808 -7.609117 92.390883
27799 91.958042 -8.041958 91.958042
27798 92.307692 -7.692308 92.307692
1912 57.813635 -21.704055 78.295945
7476 56.569791 -22.318313 77.681687
8980 58.571459 -23.245616 76.754384
17771 2.115342 -2.115342 50.432310
10892 1.824865 -1.824865 51.720499
3245 1.418545 -1.418545 51.200222
1153 0.000000 0.000000 93.548387
11353 13.646970 -13.646970 28.834038
7656 14.187193 -14.187193 29.466428
6112 62.116405 -37.883595 58.399975
10391 61.304459 -38.695541 53.795189
11153 53.554037 -31.509382 68.490618
27794 99.685825 0.314175 36.680143
27416 97.938311 -2.061689 36.848423
27823 99.070577 -0.929423 36.293166
14610 32.097891 32.097891 65.585263
380 19.131972 13.668763 86.331237
15101 20.081529 14.429303 85.570697
10515 1.554320 -1.554320 33.712646
10516 1.769893 -1.769893 34.518448
10514 1.166784 -1.166784 34.257285
9804 82.486352 5.532647 94.467353
11527 83.013119 5.700233 94.299767
18998 24.790557 -0.509896 99.490104
6427 23.080826 -22.079478 22.079478
6425 22.862246 -21.438502 21.438502
6426 23.955782 -22.096612 22.096612
19569 14.512251 -14.512251 27.529575
19568 14.063143 -14.063143 26.669127
17387 14.996242 -14.996242 27.066816
6499 48.767376 32.651070 67.348930
20279 74.350657 -25.649343 51.614531
4070 73.613500 -26.386500 52.091163
4772 79.657410 9.005973 9.005973
15674 77.724457 8.696797 8.696797
16403 77.829658 9.715115 9.715115
19637 30.921564 -30.921564 62.780638
19811 62.098642 37.901358 49.769175
1936 63.289126 36.710874 50.295544
2100 83.449926 -16.550074 39.451041
8330 82.492485 -17.507515 40.272806
8361 46.937809 -25.570553 25.570553
10060 46.058827 -26.255077 26.255077
16787 15.466184 -15.466184 32.765847
13469 64.909703 -0.640209 0.640209
19983 61.764706 0.000000 0.000000
4719 11.429597 -7.659822 7.659822
14014 75.619589 -24.380411 63.429716
2649 38.442130 -16.483596 16.483596
16096 38.646456 -16.028152 16.028152
1217 66.421873 -33.578127 53.751886
16876 6.702076 -1.458256 98.541744
18387 10.804792 10.804792 76.205846
11553 19.310063 5.867093 5.867093
13228 21.274720 5.842177 5.842177
2480 19.724656 4.682640 4.682640
18738 59.961120 -16.027463 16.027463
2070 58.872234 -16.985364 16.985364
8710 27.471306 -26.224662 26.224662
17859 56.603795 -3.400509 3.400509
9985 88.716238 -11.283762 23.743911
9987 89.970587 -10.029413 23.671916
3363 88.479726 -11.520274 24.782824
6579 35.119023 26.008491 73.991509
27331 36.176663 26.337268 73.662732
27313 35.234219 26.806918 73.193082
14104 25.206524 25.206524 34.017807
2363 26.681345 26.681345 33.718298
13093 88.849093 -11.150907 61.920607
18159 90.505847 -9.494153 61.614788
7302 74.781074 -25.218926 34.713176
5408 74.516140 -25.483860 35.192116
7301 74.026443 -25.973557 35.102261
11613 63.852584 27.115465 72.884535
8523 70.534470 -27.360443 72.639557
2600 72.377622 -27.622378 72.377622
8524 70.000207 -26.590815 73.409185
1276 51.237597 -3.792064 96.207936
11796 31.555441 -25.638187 74.361813
8762 4.977196 4.977196 21.621200
2735 4.124204 4.124204 20.636057
8763 3.715358 3.715358 21.735217
18353 44.397063 -19.558186 19.558186
789 13.685037 -13.685037 44.803058
13996 13.576989 -13.576989 44.118792
11849 20.677524 -20.677524 63.787150
11848 20.016750 -20.016750 65.013122
1202 19.533877 -19.533877 63.956294
299 2.446159 -2.446159 23.059367
16776 6.205051 -1.264925 98.735075
11863 62.096774 37.903226 62.096774
4104 61.290323 38.709677 61.290323
14859 41.940189 -41.940189 52.867177
2140 37.046892 -6.671754 6.671754
15335 44.252401 24.072965 24.072965
3534 43.386803 23.573563 23.573563
10371 43.412061 24.378359 24.378359
1049 7.630051 -7.630051 42.749609
6311 6.608353 -6.608353 42.452106
7373 6.956109 -6.956109 41.535710
9685 62.996741 26.934198 26.934198
3216 62.102308 28.040942 28.040942
3061 28.552101 -28.552101 55.673485
11313 27.385504 -27.385504 56.626424
11312 27.057637 -27.057637 55.282872
487 55.763800 -22.751304 77.248696
5616 57.205420 -23.488649 76.511351
16412 84.510082 -13.685380 86.314620
14871 83.861985 -12.993440 87.006560
6432 4.475906 4.475906 93.053377
18074 6.451613 6.451613 93.548387
2421 13.283405 -13.283405 36.412079
16547 100.000000 0.000000 70.833333
16548 100.000000 0.000000 71.527778
27962 92.805828 -7.194172 78.964722
16549 86.013986 -13.986014 86.013986
4959 86.363636 -13.636364 86.363636
19190 89.603696 10.396304 14.267664
4764 89.818892 10.181108 14.837396
5004 46.063510 -41.752132 58.247868
40 33.704754 -18.105204 81.894796
5136 34.837391 -17.657951 82.342049
8801 36.077995 33.899740 66.100260
16389 38.242362 33.795329 66.204671
16388 37.581482 34.636680 65.363320
14502 100.000000 0.000000 29.861111
13096 62.782902 15.319116 15.319116
154 41.159212 24.946515 75.053485
16098 24.505833 -24.505833 31.288360
10196 24.582138 -24.582138 32.028246
16099 23.637985 -23.637985 31.411597
10422 64.152127 -35.847873 45.041179
18900 80.726664 -19.273336 37.544188
6740 24.507754 -8.943348 91.056652
1396 23.080164 -9.147763 90.852237
8043 24.051935 -9.697013 90.302987
1239 84.264352 15.735648 27.465804
17685 84.705290 15.294710 27.554748
11501 51.153107 -26.851903 73.148097
13780 52.615816 -27.312607 72.687393
332 95.119955 4.880045 63.414540
6792 93.601506 6.398494 65.564746
457 59.943309 40.056691 40.789656
9014 58.653846 41.346154 41.346154
16217 59.219647 -5.049888 94.950112
13023 57.394798 -4.403197 95.596803
3935 59.284292 -6.878869 93.121131
12010 26.326094 -26.326094 62.905601
10024 74.937877 23.205839 76.794161
4223 79.941322 -11.096284 11.096284
317 15.705649 -11.121785 11.121785
14544 16.898013 -16.898013 52.420748
15769 21.106594 -17.224313 17.224313
3863 11.140088 -2.264024 97.735976
16990 95.192308 4.807692 4.807692
4989 96.788103 3.211897 4.107787
7300 70.338895 -29.661105 47.308437
7298 70.385495 -29.614505 46.634016
824 4.542593 -4.542593 30.918309
18682 28.361854 28.361854 56.086749
20160 26.789096 26.789096 55.986033
19753 74.896205 -25.103795 59.258877
13381 74.712168 -25.287832 58.921743
18551 75.447351 -24.552649 58.528638
615 22.730755 -17.460602 17.460602
5364 84.335752 -15.664248 47.543309
252 83.171586 -16.828414 48.185221
13781 53.920545 -27.919783 72.080217
8824 53.712418 -27.103678 72.896322
27224 26.420769 -26.420769 40.676156
27206 26.324996 -26.324996 40.556461
7448 95.076316 4.923684 27.479199
13189 44.226881 22.469749 22.469749
11873 43.367028 22.771374 22.771374
14204 21.536604 -15.189553 15.189553
12842 78.506303 -21.493697 33.617622
3397 78.078047 -21.921953 33.933854
2796 87.630392 5.241413 5.241413
3444 85.185083 10.012930 10.012930
10188 83.297044 10.153789 10.153789
10187 83.661943 10.922518 10.922518
7511 65.323342 34.676658 49.765053
7606 65.060739 34.939261 48.598445
19975 23.137405 -16.881625 16.881625
3681 53.521714 -43.490202 56.509798
15297 8.522981 -1.911762 98.088238
12458 24.576631 -24.576631 41.248446
12456 24.021713 -24.021713 41.186645
12457 24.296151 -24.296151 40.734803
5117 18.858822 -18.858822 37.272191
23 19.035874 -19.035874 38.245369
5390 18.148664 -18.148664 37.558207
13472 58.401170 22.370407 22.370407
14488 57.515714 22.999846 22.999846
3811 58.610279 23.283608 23.283608
7833 26.263203 -14.237039 14.237039
1290 39.458711 -35.425288 64.574712
6598 39.770827 -35.770025 64.229975
18075 51.123611 -35.724397 64.275603
4571 52.096324 -36.072246 63.927754
16406 51.899652 -35.540369 64.459631
9412 55.581703 34.507182 65.492818
12773 57.750941 34.359096 65.640904
14283 25.241932 -16.614743 16.614743
19177 24.660167 -16.248468 16.248468
7867 52.080985 -37.684450 62.315550
15893 53.063292 -37.748729 62.251271
18207 52.348796 -37.249199 62.750801
15514 44.748765 -32.297877 67.702123
15513 45.916098 -32.410512 67.589488
3453 45.018099 -31.656115 68.343885
2757 54.495455 -38.805427 61.194573
9662 21.484012 -21.484012 37.692503
9661 22.345290 -22.345290 38.154836
8308 15.454139 15.454139 23.286685
2249 50.568473 24.225572 24.225572
11148 51.525100 23.729056 23.729056
3115 47.646059 43.004349 43.004349
9471 47.556469 43.606621 43.606621
15339 48.296527 43.234574 43.234574
20008 47.610766 21.169516 21.169516
19286 82.388856 -17.611144 38.667327
3373 81.436876 -18.563124 38.855572
16261 12.014510 -0.238674 99.761326
16260 10.850779 -0.190060 99.809940
17748 69.217826 18.052331 18.052331
8090 28.700701 27.787055 27.787055
19713 28.723404 28.723404 28.723404
16366 29.696435 28.804499 28.804499
8935 43.157203 -5.003770 5.003770
9098 7.086223 -1.409976 98.590024
8442 29.089827 -7.266282 7.266282
10352 30.462063 -7.723618 7.723618
1990 31.173811 -31.173811 47.316566
6428 10.228679 -10.228679 12.143908
8747 9.885475 -9.885475 10.895764
8746 10.821538 -10.821538 11.729398
20346 60.772979 29.733921 29.733921
17673 63.387856 36.612144 55.616660
15367 9.598822 -0.162512 99.837488
11350 10.041408 -0.343916 99.656084
2101 61.576942 30.401418 30.401418
11346 61.838077 29.309648 29.309648
7459 26.951937 -25.228647 74.771353
7460 26.789950 -24.702685 75.297315
14309 91.483002 8.516998 12.256440
18033 59.097830 20.896745 20.896745
9236 59.800738 -37.001399 62.998601
9237 58.576161 -36.530504 63.469496
20145 32.203339 -24.848204 24.848204
20322 33.703315 -25.647524 25.647524
9033 59.741230 29.972706 29.972706
4183 36.419438 -33.864959 33.864959
12137 36.205148 -32.524648 32.524648
6164 22.798760 22.798760 34.466462
6166 21.938433 21.938433 33.339989
928 21.599301 21.599301 34.509543
6431 3.223170 3.223170 93.939614
6433 2.108357 2.108357 92.657441
3090 55.771589 33.437401 66.562599
12158 53.734839 32.536735 67.463265
12160 56.004574 32.219326 67.780674
2654 25.340665 -25.340665 54.749912
19632 23.713585 -23.713585 54.841841
8620 24.134298 -24.134298 53.687089
3200 97.183883 2.816117 6.702097
13456 46.881255 44.067549 55.932451
12489 47.402377 45.356590 54.643410
15261 96.578148 -3.421852 20.911447
15262 96.341628 -3.658372 20.596422
653 8.732919 -1.598130 98.401870
2904 52.959434 -27.916772 72.083228
9088 53.688678 -28.429001 71.570999
9317 27.127678 -27.127678 39.491271
1588 26.944267 -26.944267 39.053569
6303 35.163123 20.863327 20.863327
6304 35.322435 20.087778 20.087778
4228 100.000000 0.000000 13.888889
3479 58.711540 -11.720404 11.720404
15576 60.181487 -10.906782 10.906782
3678 22.185773 11.138993 88.861007
15755 44.284719 -22.240020 77.759980
17885 42.722193 -22.235358 77.764642
14882 32.352556 -21.345736 21.345736
13438 25.464670 -25.464670 38.262027
17743 25.233262 -25.233262 37.984092
2493 25.520718 -25.520718 38.050953
7130 55.162795 -41.206002 58.793998
7129 55.355387 -41.069018 58.930982
546 54.940082 -40.957436 59.042564
597 33.581238 -33.581238 63.903878
5860 33.363219 -33.363219 64.162762
15962 33.319166 -33.319166 63.953305
16812 6.863934 -4.420080 95.579920
6604 82.504754 -17.495246 49.640896
6603 81.777626 -18.222374 50.166263
17031 54.213119 -45.786881 47.703656
4079 16.689305 -16.689305 73.658964
16561 28.863489 -21.172230 21.172230
16562 28.113321 -21.577766 21.577766
12473 27.384234 -20.453845 20.453845
3369 97.849720 2.150280 34.350907
12465 96.546289 3.453711 35.450070
1146 24.590885 -22.985047 22.985047
4607 81.100639 -3.524279 3.524279
15756 79.300892 -3.143325 3.143325
16544 39.926131 -34.842719 65.157281
5825 27.989638 -18.525723 18.525723
5824 27.418121 -18.962340 18.962340
663 26.466222 -17.870707 17.870707
4317 71.913602 3.348532 96.651468
11290 26.573929 -26.573929 43.540704
27176 26.221332 -26.221332 43.158886
13436 26.642319 -26.642319 43.025725
7931 59.910181 -40.089819 56.901750
7933 60.392697 -39.607303 56.606940
10606 67.953227 -32.046773 54.435221
12422 68.467449 -31.532551 54.031464
12423 68.331365 -31.668635 54.461838
1924 73.939294 3.291528 96.708472
7491 74.400155 3.526105 96.473895
7493 73.939654 3.582553 96.417447
4319 34.013213 -34.013213 61.206627
13969 28.520007 -28.520007 29.388424
18657 29.173884 -29.173884 30.231288
2326 18.858929 -18.858929 28.750615
2891 22.989791 -18.107054 81.892946
15785 89.501279 -10.498721 20.994077
15822 89.936435 -10.063565 21.223891
7527 59.667518 34.390636 34.390636
6674 59.913924 33.154281 33.154281
11754 72.715552 -27.284448 53.055154
6851 32.613028 -30.010460 69.989540
2279 27.071887 27.071887 62.361842
17628 25.954885 25.954885 61.164956
17782 25.794276 25.794276 62.510605
7375 5.138641 5.138641 6.424024
7377 4.131751 4.131751 5.344449
1140 27.752204 -27.752204 66.400706
6483 28.402213 -28.402213 66.021773
6485 28.356665 -28.356665 66.705179
6985 98.233720 1.766280 59.487896
18421 96.748496 3.251504 60.613917
8789 87.683336 12.316664 24.700788
19698 87.467591 12.532409 25.279980
19019 56.743678 -43.256322 44.634837
7938 54.807692 -45.192308 45.192308
12860 55.769231 -44.230769 44.230769
1111 71.601866 -28.398134 50.543291
20315 70.749730 -29.250270 50.871869
18699 71.157528 -28.842472 50.271549
14229 11.490137 -11.490137 27.387085
14262 12.095320 -12.095320 27.353673
1083 12.084365 -12.084365 27.948827
491 53.092682 39.064098 60.935902
18212 53.119778 39.913609 60.086391
5619 51.397582 39.398142 60.601858
14146 73.986411 7.417748 7.417748
14144 76.025434 6.910421 6.910421
15470 73.113593 -26.886407 58.847501
13841 96.433544 3.566456 26.235779
7334 96.195859 3.804141 25.942848
20530 71.254533 -15.712521 15.712521
20532 71.500216 -15.896624 15.896624
15777 7.174435 -7.174435 39.211296
17128 7.226950 -7.226950 38.023897
13426 19.139983 -19.139983 35.350354
8223 25.099305 1.488652 98.511348
18085 15.837061 -15.837061 35.042920
18084 15.209450 -15.209450 34.755333
10086 8.976409 -8.976409 29.430127
9910 28.631680 -18.272459 18.272459
13632 29.704326 -18.645793 18.645793
664 29.005587 -18.839766 18.839766
2674 48.878754 -18.927553 81.072447
2360 43.444030 25.179526 25.179526
8125 42.583443 24.689581 24.689581
8124 42.643118 25.496814 25.496814
3155 25.806452 25.806452 74.193548
15761 25.000000 25.000000 75.000000
9534 26.765072 25.411591 74.588409
6783 10.856230 -10.856230 30.056682
12019 10.615715 -10.615715 29.397894
15491 69.113840 -30.886160 54.505657
4428 69.640899 -30.359101 54.070738
19344 69.531480 -30.468520 54.477224
15982 29.355757 -29.355757 46.355095
1793 28.824561 -28.824561 46.261659
15272 29.131867 -29.131867 45.948638
877 26.502384 -14.762167 14.762167
6785 10.422425 -10.422425 30.410683
1430 10.186208 -10.186208 29.670388
11740 27.559460 1.320992 1.320992
1193 29.411765 0.000000 0.000000
6482 26.470588 0.000000 0.000000
3137 25.804348 -0.961602 99.038398
9502 25.051342 -1.449326 98.550674
10363 8.408378 -8.408378 48.333831
11880 17.983141 -17.983141 33.200994
11717 18.433215 -18.433215 33.895208
18262 17.628840 -17.628840 33.712086
19302 79.052784 -20.947216 36.680503
14003 79.771511 -20.228489 35.692897
10716 22.108358 -22.108358 24.471727
13451 21.878993 -21.878993 24.926741
13452 20.967176 -20.967176 23.965177
4780 85.908626 8.399247 91.600753
18149 85.331393 8.392264 91.607736
9536 26.612903 26.612903 73.387097
10263 24.811459 24.811459 72.694034
12548 24.159077 17.756799 17.756799
5187 25.581740 18.610417 18.610417
16865 6.732707 -2.097251 97.902749
20429 6.899439 -2.101101 97.898899
11403 76.479768 -11.199539 88.800461
2126 73.719954 -7.843570 92.156430
5434 13.581246 -11.508275 11.508275
5432 13.769652 -10.872769 10.872769
1566 70.909697 10.713847 89.286153
27607 71.799080 11.090895 88.909105
20835 71.186204 11.293541 88.706459
20153 24.168768 -24.168768 34.339494
20036 24.870368 -24.870368 34.285734
1288 40.084007 -36.174425 63.825575
6606 81.103783 -18.896217 55.966651
6607 79.959835 -20.040165 57.078010
20612 74.398267 25.601733 33.347996
17357 74.334371 25.665629 32.595195
17094 11.219226 -2.703157 97.296843
20557 11.117290 -2.837395 97.162605
4507 11.631272 -2.897616 97.102384
1574 97.325838 2.674162 60.547492
18698 72.016197 -27.983803 49.782727
14112 53.545844 -5.839158 94.160842
20389 19.483463 19.483463 42.488729
1069 17.250958 -17.250958 32.975345
15377 16.854669 -16.854669 33.392101
6569 15.825177 -15.825177 48.073454
18627 15.467152 -15.467152 47.656450
1264 15.839857 -15.839857 47.705487
17290 61.766417 -38.233583 40.522180
17289 62.440802 -37.559198 40.651371
8027 22.257359 -0.402061 99.597939
2293 23.684211 0.000000 100.000000
8028 22.368421 0.000000 100.000000
4673 36.769958 -32.694151 67.305849
19589 71.313143 -28.686857 68.978175
5062 71.972612 -28.027388 68.207873
19588 71.988263 -28.011737 68.664486
17530 48.384587 15.764913 15.764913
10313 20.387317 -20.387317 46.955675
2068 69.207381 30.792619 53.002154
7711 70.703665 29.296335 52.579118
1840 34.168140 -34.168140 56.878706
7370 35.630564 -35.630564 56.629439
13748 48.079450 -39.759168 60.240832
4597 47.943793 -39.398836 60.601164
10217 45.704517 -30.764566 69.235434
10216 45.972798 -31.376624 68.623376
994 14.343415 -14.343415 16.620152
6245 15.760402 -15.760402 17.617503
5021 91.809278 3.263871 96.736129
17489 90.743065 3.313949 96.686051
18635 91.727455 2.839319 97.160681
1215 67.333866 -32.666134 54.795364
6510 67.150317 -32.849683 55.052846
6511 67.113326 -32.886674 54.799161
6738 36.652862 -28.475785 71.524215
14995 37.522268 -28.813827 71.186173
12180 83.603146 5.301705 94.698295
12872 94.466228 -5.533772 24.479990
10675 69.679984 -30.320016 55.358874
3671 70.435037 -29.564963 54.775783
14290 22.255102 5.015309 5.015309
917 38.410722 25.370779 25.370779
6153 39.134663 25.986735 25.986735
1624 38.189759 -38.189759 46.626968
7057 37.039226 -37.039226 46.531873
1107 65.942407 26.122076 26.122076
6989 65.655293 25.328783 25.328783
13439 47.783725 -30.093588 69.906412
3712 52.631579 0.000000 100.000000
13145 51.315789 0.000000 100.000000
18263 17.141120 -17.141120 34.119958
762 85.264945 14.735055 53.766419
5949 83.591668 16.408332 53.690243
8 75.971672 -24.028328 50.491527
9139 76.259131 -23.740869 50.644137
5102 75.674774 -24.325226 51.025773
7036 5.295084 1.022138 1.022138
16980 28.385957 -28.385957 44.478719
16979 28.140041 -28.140041 44.026215
620 28.756571 -28.756571 44.198056
8923 72.212660 -27.787340 59.894634
16553 44.662521 -26.823470 73.176530
18571 43.307173 -26.390952 73.609048
27177 86.205337 -1.079722 98.920278
17411 60.235149 -18.402018 18.402018
3845 61.126131 -17.895788 17.895788
6088 47.755496 -19.065688 19.065688
2380 53.664560 -12.904459 87.095541
15497 55.961906 -14.723084 85.276916
12466 95.437194 4.562806 35.268140
3368 95.598621 4.401379 34.189475
15533 94.540868 5.459132 35.052013
18796 93.589164 6.410836 36.994648
465 95.089788 4.910212 36.515945
15532 94.258462 5.741538 35.968562
9277 87.360996 12.639004 51.466241
14589 23.288086 -4.793324 4.793324
1030 24.488736 -4.459667 4.459667
1263 58.321526 -30.169552 30.169552
9289 58.523942 -31.407644 31.407644
9288 57.434184 -31.228961 31.228961
18166 36.981094 -36.981094 44.197787
20889 56.943285 43.056715 54.343541
16000 57.171867 42.828133 53.306837
20890 56.149756 43.850244 54.533562
17578 28.597607 -28.597607 43.672312
14746 70.976728 -29.023272 54.109526
17027 70.392225 -29.607775 54.352788
9211 31.202281 -31.202281 48.267019
5623 17.497029 17.497029 30.045884
194 31.008196 31.008196 42.694793
11656 16.707097 -16.707097 37.816007
19719 17.402815 -17.402815 37.727301
4034 17.289859 -17.289859 38.528369
18601 18.058007 -18.058007 38.328967
3598 21.782714 -17.802823 17.802823
5508 36.914147 -36.914147 59.059557
5507 36.331162 -36.331162 59.099746
18306 95.256155 -2.003396 2.003396
2787 96.775635 -3.224365 24.488290
5388 73.088857 -26.911143 51.458550
5389 72.965373 -27.034627 51.849342
5387 72.551422 -27.448578 51.845888
12041 84.405481 15.594519 32.694553
18006 46.685206 41.715040 41.715040
3116 45.837122 42.562774 42.562774
3934 56.133031 -7.924429 92.075571
14672 54.234201 -8.115294 91.884706
13730 57.130732 -10.381086 89.618914
11571 44.000567 -35.136165 64.863835
8566 50.507896 -42.039988 57.960012
15629 85.315267 -14.684733 19.152298
4706 84.208501 -15.791499 19.268009
5079 71.033772 -28.966228 39.070876
873 79.719507 -13.319998 13.319998
15439 79.565981 -14.426105 14.426105
12354 78.164974 -14.461062 14.461062
7858 6.835663 -0.544347 99.455653
27964 99.099564 -0.900436 98.048940
5074 100.000000 0.000000 97.222222
18759 98.251748 -1.748252 98.251748
18763 97.902098 -2.097902 97.902098
27963 99.072764 -0.927236 97.774477
16506 23.168518 23.168518 65.009925
1036 22.176281 22.176281 63.904775
14432 21.438074 21.438074 64.653975
3574 8.546801 8.546801 22.352210
10460 9.636965 9.636965 23.268956
10014 51.290672 15.372020 15.372020
5793 81.421696 -18.578304 49.450339
637 80.904181 -19.095819 49.552382
5794 81.553388 -18.446612 49.113129
7782 42.196998 -21.415942 21.415942
2113 42.601514 -20.971220 20.971220
8673 77.126185 22.873815 47.041137
2452 75.429996 24.570004 47.941239
8674 77.864077 22.135923 47.798150
15638 86.421687 4.761552 95.238448
12328 5.626662 -5.626662 39.893618
12210 83.447226 16.552774 33.880509
6184 23.349616 23.349616 38.372848
9743 22.018066 22.018066 38.265781
10034 22.890054 22.890054 39.541513
15014 27.077771 -27.077771 41.296399
27178 26.689273 -26.689273 41.242496
16027 26.834486 -26.834486 41.633159
1950 19.668492 -7.657784 92.342216
20466 60.872484 39.127516 43.928992
3773 14.888138 -14.888138 35.037515
19518 36.216918 -22.977621 22.977621
8855 62.514418 -37.485582 57.143557
5147 88.763282 11.236718 33.744297
5149 88.644726 11.355274 34.519054
17890 66.022439 -28.083599 28.083599
4633 86.802217 10.593547 10.593547
7430 9.336665 -8.556798 91.443202
10709 47.321224 -47.321224 48.510096
499 61.831035 -28.410173 71.589827
19510 63.518413 -29.493530 70.506470
14558 43.888639 -37.795725 62.204275
4615 44.128076 -37.658092 62.341908
18325 43.656592 -37.541661 62.458339
19567 38.562267 27.823877 27.823877
4767 39.438963 28.763395 28.763395
14870 36.485348 -36.485348 37.793906
20566 64.167610 35.832390 46.234070
6630 64.227293 35.772707 45.329604
3754 16.147436 -16.147436 35.792064
14161 53.667349 -8.133057 8.133057
14160 55.072263 -7.769051 7.769051
1854 87.590638 12.409362 31.934056
7389 87.350983 12.649017 31.463402
10930 95.975625 4.024375 18.332970
10944 18.571729 -8.976903 91.023097
10853 84.642716 15.357284 38.937690
10852 83.936700 16.063300 39.296507
12255 98.347568 -1.652432 9.091204
14572 100.000000 0.000000 7.638889
4219 100.000000 0.000000 8.333333
13175 24.903318 16.203025 16.203025
5435 25.768493 15.724148 15.724148
322 24.624353 15.276949 15.276949
12841 0.394998 0.394998 44.991200
13201 0.000000 0.000000 44.086022
14493 83.950442 -13.437476 13.437476
639 84.769330 -12.280935 12.280935
19682 29.708096 -29.708096 64.787645
19685 29.459065 -29.459065 65.050055
19620 29.398716 -29.398716 64.803383
289 73.590078 -26.409922 49.240970
5402 73.520304 -26.479696 49.704938
20499 73.344028 -26.655972 49.618719
15061 36.566299 32.530788 67.469212
2761 36.927972 33.254156 66.745844
2693 50.885724 -43.378931 43.378931
8694 50.358244 -42.232422 42.232422
8693 51.570592 -42.182682 42.182682
19618 29.134039 -29.134039 64.925555
19621 29.210346 -29.210346 64.610412
7374 7.121550 -7.121550 40.405364
1843 8.038626 -8.038626 40.120545
271 0.496266 0.496266 46.689572
5381 0.202567 0.202567 47.056748
6127 36.803037 -36.803037 52.201336
10571 36.488311 -36.488311 51.822724
894 37.104241 -37.104241 51.793760
17384 79.732926 -20.267074 37.386518
12832 80.405430 -19.594570 36.846615
4380 80.222304 -19.777696 37.229708
4964 43.341330 20.398414 20.398414
16935 43.353259 19.603123 19.603123
785 17.797284 12.692244 12.692244
11820 0.000000 0.000000 1.075269
27943 0.355664 -0.355664 0.961680
5620 49.502016 38.968909 61.031091
5309 48.131601 39.652717 60.347283
18071 47.181344 38.572362 61.427638
18284 17.492568 -17.492568 45.809245
10994 13.087933 -0.352438 99.647562
11700 89.516531 -10.483469 16.916198
69 88.847667 -11.152333 17.367140
9210 31.749486 -31.749486 48.213672
2446 31.569660 -31.569660 48.624078
4856 55.335172 -44.664828 49.457827
18066 54.957854 -45.042146 49.268360
18067 55.921363 -44.078637 48.960790
1842 6.295571 -6.295571 40.639417
3757 17.965579 17.965579 76.085834
10880 16.134572 16.134572 75.043341
5172 17.055968 -17.055968 42.160712
12131 10.969865 -4.399834 95.600166
1878 9.041797 -8.158045 91.841955
19011 8.805338 -8.381630 91.618370
10703 30.958568 -30.958568 64.239616
11412 7.081502 -1.286557 98.713443
11413 7.154299 -1.235593 98.764407
11414 6.879639 -1.211294 98.788706
5788 89.003384 -10.996616 14.652528
17132 46.216511 -46.216511 52.844022
4730 46.776283 -46.776283 52.520963
8853 95.745641 -4.254359 24.544460
18773 99.596790 0.403210 78.071706
2569 41.730190 -32.139471 32.139471
9759 41.876553 -33.396018 33.396018
9758 40.760194 -32.704207 32.704207
9393 50.000000 0.000000 0.000000
1277 69.950420 -11.286737 88.713263
6585 69.320735 -11.859362 88.140638
15462 11.726850 11.726850 20.579698
17123 84.112629 15.887371 31.070883
16145 84.166666 15.833334 30.650155
13414 17.203232 -17.203232 25.636889
10231 18.453780 -18.453780 25.582001
2327 18.560335 -18.560335 26.705358
4743 51.616006 -43.075947 56.924053
18726 51.249359 -43.055130 56.944870
27301 46.966812 19.678771 80.321229
8957 45.701808 -27.480410 72.519590
8956 46.398663 -28.105833 71.894167
2844 47.013887 -27.756130 72.243870
15515 58.741929 41.258071 51.360929
7191 40.301839 -40.301839 51.975238
1331 29.290674 -29.290674 62.755328
12546 29.686192 -29.686192 63.074650
8704 100.000000 0.000000 11.805556
972 60.648851 -39.351149 39.806711
18624 61.389957 -38.610043 39.678813
6218 60.106248 -39.893752 40.515825
8062 77.493900 -22.506100 42.852953
19261 38.585435 32.881033 67.118967
15520 38.198777 31.863793 68.136207
1319 64.710518 -30.019012 30.019012
6806 64.494467 -31.130144 31.130144
6808 63.625418 -30.774940 30.774940
18585 86.076234 -10.491664 89.508336
3136 19.783222 -19.783222 32.915157
13017 20.091343 -20.091343 32.418220
17705 97.984906 -2.015094 23.026513
555 76.711305 23.288695 44.807859
20074 6.228958 6.228958 42.845408
1338 5.434885 5.434885 40.042900
11173 27.248525 -27.248525 44.522625
11174 26.584478 -26.584478 44.638192
17167 27.759214 -27.759214 44.874839
3320 53.857026 -40.684226 59.315774
19077 53.428032 -40.892040 59.107960
11816 36.911136 -17.511446 17.511446
11818 36.479747 -18.127013 18.127013
1307 29.649843 -16.844740 16.844740
16348 30.022783 -16.656101 16.656101
490 49.079849 37.960250 62.039750
509 97.453748 2.546252 31.765267
10622 97.556659 2.443341 31.928884
5787 90.127011 -9.872989 13.764173
14840 91.244933 -8.755067 13.342332
13054 12.267944 -12.267944 30.683733
6832 12.666602 -12.666602 30.228887
1468 13.022126 -13.022126 31.012759
15947 38.800612 -18.856541 18.856541
2938 39.881024 -18.577097 18.577097
17087 71.336095 -28.663905 66.007812
17086 71.063459 -28.936541 65.935249
4187 71.332180 -28.667820 65.444341
17861 87.412650 -12.587350 16.858511
295 75.280072 -24.719928 34.802183
8401 46.782179 37.344200 62.655800
6420 27.611708 -27.611708 67.177330
6421 26.801767 -26.801767 67.673017
6419 26.980409 -26.980409 66.796834
3261 22.847769 -22.847769 43.396206
16784 23.349936 -23.349936 44.037715
9782 22.533585 -22.533585 44.047126
8055 47.720359 -42.984681 42.984681
18817 48.270148 -42.174317 42.174317
12292 66.301864 -25.927803 25.927803
3921 67.317003 -26.193873 26.193873
1923 74.664255 3.637745 96.362255
7492 74.492232 3.738038 96.261962
13470 67.647059 0.000000 0.000000
15052 21.050548 -6.023611 93.976389
20858 20.640326 -5.691251 94.308749
15051 19.821851 -5.957956 94.042044
10689 18.912754 -7.760137 92.239863
16761 9.198125 9.198125 15.615445
2282 35.209306 13.512707 13.512707
350 67.624225 -24.186858 24.186858
16551 67.846273 -23.216806 23.216806
3639 83.865021 -5.409603 94.590397
15536 84.628589 -6.089302 93.910698
15549 64.195556 -25.284336 25.284336
16251 64.407593 -24.165239 24.165239
10480 5.955106 -5.955106 23.418860
420 21.488441 21.488441 39.507471
351 65.273852 -25.623095 25.623095
15548 64.091760 -26.384045 26.384045
11502 50.301435 -25.879719 74.120281
430 33.227434 -6.019508 6.019508
5587 33.419173 -4.870007 4.870007
14648 35.256990 -5.465840 5.465840
19233 7.099737 -1.518574 98.481426
14897 9.783380 -9.783380 19.219453
15154 10.257208 -10.257208 20.399597
19664 9.051383 -9.051383 19.709611
11040 39.459469 37.917086 62.082914
11041 40.491315 38.681811 61.318189
11042 38.709677 38.709677 61.290323
5466 66.463257 -24.889659 24.889659
15226 59.377201 -34.535773 65.464227
17610 58.605686 -34.707604 65.292396
17646 29.610518 -29.610518 64.088207
8365 29.854411 -29.854411 63.856122
18550 22.833923 -22.833923 37.151033
9606 18.602512 -18.602512 46.185742
9605 18.622834 -18.622834 45.599165
12121 88.693173 -11.306827 19.091275
11270 87.879685 -12.120315 19.640382
20695 23.781575 23.781575 37.702202
6182 24.753829 24.753829 38.498684
11136 7.965300 -7.965300 83.328674
4851 63.951096 16.801197 16.801197
1148 11.172869 -11.172869 12.879242
11677 65.777026 -32.543957 32.543957
77 35.693418 -30.149895 69.850105
5175 34.869801 -29.964322 70.035678
1902 1.754386 -1.754386 1.754386
19387 0.000000 0.000000 65.591398
15393 72.223864 -27.776136 66.052989
7592 72.822668 -27.177332 65.444584
16040 82.966559 -17.033441 32.619270
19324 73.414081 -26.585919 65.827695
11819 0.545465 -0.545465 1.894257
2627 0.000000 0.000000 2.150538
1068 17.991201 -17.991201 31.842679
10115 17.078897 -17.078897 31.226479
10456 17.581127 -17.581127 30.934116
11172 26.735765 -26.735765 44.136609
16981 27.843562 -27.843562 44.426318
17090 69.960241 -30.039759 67.629531
17088 70.787941 -29.212059 67.233525
16292 34.879492 -34.879492 61.043835
16390 35.407840 -35.407840 60.765869
20792 73.379434 26.620566 64.823036
12595 37.833841 -37.833841 61.013333
8174 33.075562 -33.075562 44.338015
11087 32.799264 -32.799264 45.108593
11086 32.061906 -32.061906 44.437480
1635 53.838681 26.484358 73.515642
7074 51.989848 26.622612 73.377388
9855 48.404374 -14.894691 14.894691
5663 48.158872 -15.509101 15.509101
528 47.194382 -15.081894 15.081894
9434 5.549241 -5.549241 44.319300
10042 5.035845 -5.035845 43.803063
8756 72.072499 -27.927501 36.080928
47 79.539603 -20.460397 43.119062
20363 80.717029 -19.282971 43.379516
9322 73.213426 -26.786574 44.376742
11733 10.748453 -10.748453 16.676349
16499 10.179162 -10.179162 15.534592
4060 11.127639 -11.127639 16.023939
7899 80.045323 -19.954677 40.205144
13339 79.235399 20.764601 37.756838
17813 79.851056 20.148944 37.808156
372 36.561359 -35.300846 64.699154
17667 67.456884 -25.173454 25.173454
6874 38.304401 -38.304401 42.526016
10026 84.617199 15.382801 18.939010
3348 85.723772 14.276228 18.935331
14689 100.000000 0.000000 56.944444
17236 92.931804 -7.068196 62.747249
19497 69.367879 -30.632121 43.442349
11528 69.584547 -30.415453 43.045497
2702 70.016483 -29.983517 43.073703
13092 89.210158 -10.789842 35.178694
13765 88.363874 -11.636126 34.946088
3186 90.153124 -9.846876 33.940549
12290 60.675917 -34.082138 65.917862
15225 60.078019 -34.333734 65.666266
10117 61.385890 -34.738790 65.261210
4101 70.111109 -29.888891 51.218946
10664 28.036625 -28.036625 62.914462
11757 27.289010 -27.289010 63.181665
3666 27.646103 -27.646103 62.016892
20682 23.802024 23.802024 39.087632
3267 33.117898 -15.404356 15.404356
17212 2.102773 -2.102773 30.408303
9791 32.200169 -15.136166 15.136166
15501 62.285715 18.020042 18.020042
15503 62.520188 17.157198 17.157198
8411 19.798501 19.798501 41.527544
20387 20.944414 20.944414 42.074464
17627 99.010435 0.989565 8.192037
2580 100.000000 0.000000 6.944444
1890 21.157450 -12.408228 87.591772
12026 16.888809 16.888809 46.556415
12027 16.282628 16.282628 47.633795
20393 17.255817 17.255817 47.344119
14054 17.896716 -17.896716 30.441191
11435 55.246267 -39.258199 60.741801
10792 55.536150 -39.298755 60.701245
9805 82.091621 5.306293 94.693707
3098 70.754952 -29.245048 52.301446
3181 31.286480 22.697743 22.697743
3514 73.392000 1.299661 98.700339
15954 72.916191 0.531077 99.468923
10574 59.299108 13.388795 13.388795
20035 5.549869 -5.549869 22.517283
2111 43.819526 -22.243310 22.243310
1906 15.134379 -15.134379 42.470890
7464 14.165197 -14.165197 41.896943
8045 14.922653 -14.922653 41.377365
8128 15.783011 -15.783011 41.886329
4477 22.544685 -5.838678 94.161322
18985 22.898463 -6.187820 93.812180
319 10.526316 -10.526316 10.526316
1684 31.858710 28.224638 28.224638
8408 31.553694 29.050174 29.050174
8407 32.628134 29.370042 29.370042
8476 42.671812 -31.591575 31.591575
8478 42.563161 -30.438289 30.438289
2571 43.605869 -31.057323 31.057323
16247 81.051900 -3.780481 96.219519
1701 23.963875 -23.963875 44.676430
7166 23.034509 -23.034509 44.677183
5597 82.856541 -16.116759 16.116759
469 80.922187 -17.060349 17.060349
8715 13.979968 -13.979968 38.110959
2708 14.920986 -14.920986 37.934735
8716 14.775909 -14.775909 38.907802
10467 13.953431 1.825763 1.825763
2274 11.764706 0.000000 0.000000
18022 10.962712 1.455140 1.455140
7372 7.925272 -7.925272 41.376869
6021 78.001638 -21.998362 48.643993
525 77.630489 -22.369511 48.480826
276 73.401453 -26.598547 51.465652
18909 73.570995 -26.429005 51.127390
18445 10.961832 10.961832 22.970036
4220 11.130003 11.130003 21.627370
7489 38.481323 -38.481323 42.202384
105 39.028614 -39.028614 42.367821
12962 3.618205 3.618205 52.789082
8786 47.374566 -43.861018 56.138982
12067 9.518079 -9.518079 29.208446
12068 9.693659 -9.693659 29.960230
12322 30.094825 22.657359 22.657359
14418 38.037600 -38.037600 59.064828
12236 54.546907 41.466453 41.466453
14350 5.393088 5.393088 64.225003
16823 8.074299 -8.074299 65.516126
9642 66.297910 -5.049424 5.049424
466 36.186940 20.747577 20.747577
20078 36.302040 19.988117 19.988117
18820 27.194162 -27.194162 42.472029
4866 72.050352 18.146873 18.146873
18784 71.155591 18.485364 18.485364
18301 25.958309 -13.004276 13.004276
9427 24.855082 -13.196525 13.196525
18300 24.496385 -12.524680 12.524680
6449 90.940954 9.059046 21.988464
6451 90.252318 9.747682 22.666413
15217 10.180521 -10.180521 47.952161
18903 24.145497 -24.145497 41.681667
8733 24.573581 -24.573581 42.093155
16523 36.542604 -36.542604 57.786218
20603 85.239994 14.760006 61.677228
15461 12.961518 12.961518 20.405308
18848 13.978557 13.978557 19.758533
19925 12.600270 12.600270 19.242818
16564 83.682018 16.317982 41.420424
16565 83.791737 16.208263 41.837260
16563 84.372730 15.627270 41.228431
3147 21.584573 -21.584573 51.005169
9518 22.591909 -22.591909 50.941878
13098 61.181736 15.241626 15.241626
6924 24.040242 -24.040242 50.201129
1530 23.459068 -23.459068 50.830439
7342 34.669053 34.669053 62.592618
15220 0.000000 0.000000 3.225806
13543 19.931270 -19.931270 44.551205
12594 20.833577 -20.833577 44.380672
13097 62.085291 14.654000 14.654000
20822 61.975711 15.246376 15.246376
9705 37.767422 32.296460 32.296460
9706 37.739191 31.065966 31.065966
12200 82.466270 -17.533730 31.095694
27418 83.319603 -16.680397 30.011689
27426 83.743276 -16.256724 30.416463
14371 43.716991 -32.199578 32.199578
18288 75.951394 -24.048606 29.977650
18289 77.395748 -22.604252 29.198388
8246 96.948964 -3.051036 12.574528
18681 40.111619 30.666289 30.666289
1986 38.955294 30.838321 30.838321
19786 24.611801 -24.611801 41.653910
4270 24.338910 -24.338910 41.442667
11708 32.929458 20.973090 20.973090
13566 25.322750 -25.322750 27.876621
3805 25.220075 -25.220075 28.603980
5212 56.317346 -39.539057 60.460943
5596 83.813485 -15.012258 15.012258
7168 22.557758 -22.557758 45.290615
6157 72.936155 -27.063845 49.212587
14808 90.017197 9.982803 15.422706
3228 39.073319 -14.598674 14.598674
13135 69.326600 -30.673400 67.772669
1708 66.981856 29.505369 29.505369
15296 8.668320 -2.021782 97.978218
13693 36.745387 36.745387 61.293568
3814 37.903226 37.903226 62.096774
16683 4.341296 -3.671777 96.328223
4747 4.886006 -3.573033 96.426967
14690 3.995556 -3.291634 96.708366
2254 57.527495 -37.682136 62.317864
13843 58.479038 -38.082454 61.917546
9352 88.833292 11.166708 65.758687
9353 91.060164 8.939836 63.278249
3076 43.653677 -41.511705 58.488295
1343 61.103517 32.684454 32.684454
26 82.094524 -17.905476 45.018989
15993 74.010879 25.989121 70.590081
15992 74.589032 25.410968 71.691708
11426 12.444880 -1.265838 98.734162
16281 94.554136 5.445864 29.417794
13649 38.474075 37.113383 62.886617
13045 84.499988 9.156803 9.156803
16913 85.761242 8.171434 8.171434
7341 34.252967 34.252967 60.705053
376 90.534330 9.465670 64.846561
11250 89.139533 10.860467 66.801803
12378 58.772827 -15.975305 15.975305
19445 3.276329 3.276329 77.659510
12115 74.846689 25.153311 26.120233
12117 75.989888 24.010112 26.043686
4177 75.895496 24.104504 25.551126
11304 79.808171 16.387039 16.387039
13460 79.032825 15.726527 15.726527
6779 76.023883 -23.976117 39.859292
13405 76.018300 -23.981700 40.565403
8787 88.348748 11.651252 24.264650
18459 85.790285 14.209715 31.534761
3393 85.753573 14.246427 31.062255
10873 85.244173 14.755827 31.641068
13051 20.668475 20.668475 32.228825
17538 78.118845 15.092983 84.907017
6931 24.654281 -24.654281 73.389967
9318 26.872432 -26.872432 39.742600
9316 26.594921 -26.594921 39.350388
10337 65.616139 27.723752 27.723752
15011 65.931632 28.484914 28.484914
3519 66.566308 27.708483 27.708483
12852 2.204528 -2.204528 46.694532
17770 1.652210 -1.652210 47.582693
20884 22.509912 22.509912 42.238042
10036 23.237653 23.237653 41.400092
10035 21.595042 21.595042 41.063885
11024 72.427586 -27.572414 50.657404
2428 96.471279 -3.528721 39.628834
12763 77.132425 8.395591 91.604409
20779 76.335087 8.559962 91.440038
27822 97.738652 -2.261348 37.953592
14423 81.014166 18.985834 44.601864
19325 81.147309 18.852691 43.392771
5796 85.871057 -11.321979 11.321979
18853 97.924914 2.075086 82.085519
6900 76.827843 11.488066 88.511934
27608 77.906839 12.446634 87.553366
9357 79.312018 13.230433 86.769567
27609 78.819324 12.431410 87.568590
16253 31.233471 -12.016227 87.983773
10637 31.604792 -13.472133 86.527867
9777 55.709077 11.160724 11.160724
12141 34.863160 -34.863160 63.636231
20886 21.633585 21.633585 42.322646
5419 49.303297 -33.069458 66.930542
304 49.332229 -33.382062 66.617938
10385 49.879935 -33.325514 66.674486
1982 69.431808 -7.701185 7.701185
6250 29.478635 20.061572 20.061572
10605 67.538725 -32.461275 54.527183
17097 67.293346 -32.706654 54.374947
3627 68.005493 -31.994507 53.956140
6509 66.708438 -33.291562 55.215718
8268 32.154408 -32.154408 48.570860
1600 90.923295 -9.076705 17.742474
16108 90.092368 -9.907632 18.015805
6173 48.611678 25.461026 74.538974
1514 77.350031 13.458043 86.541957
27610 76.704628 12.346539 87.653461
2366 53.057084 -9.574738 9.574738
20120 32.096673 -17.651553 82.348447
18355 45.285141 -18.923526 18.923526
20753 16.706519 -16.706519 66.634880
12956 88.022367 -11.977633 29.216284
11609 86.423596 -13.576404 30.258430
3504 86.609882 -13.390118 29.199491
6167 47.740146 -43.216443 56.783557
8784 47.245700 -43.392229 56.607771
929 48.006183 -43.644081 56.355919
578 56.420035 22.694591 22.694591
5717 56.222694 21.766939 21.766939
5719 55.320310 22.376009 22.376009
4106 65.399623 11.442220 88.557780
14722 31.768552 -9.553269 90.446731
14721 30.586118 -10.613097 89.386903
3860 33.142708 -10.930254 89.069746
14936 6.664515 -3.194903 96.805097
8126 41.762806 25.014778 25.014778
15460 12.782681 12.782681 21.613454
5391 18.093353 -18.093353 36.781961
17101 65.445122 34.554878 35.924985
13993 64.286240 35.713760 36.938915
623 65.303701 34.696299 37.317233
18904 23.460973 -23.460973 41.467279
15776 6.339286 -6.339286 39.548347
12125 79.546891 4.352045 95.647955
12127 78.920568 4.343968 95.656032
3347 96.218159 3.781841 15.606759
20348 96.526268 3.473732 16.183107
12573 97.508432 2.491568 15.111971
3660 56.801179 -34.025800 34.025800
5876 25.087848 -25.087848 38.279353
12199 48.648554 -10.182304 10.182304
13836 43.836166 -37.383045 62.616955
19281 82.893401 -3.927081 3.927081
1847 4.932770 -4.932770 36.145658
11889 4.602814 -4.602814 35.274359
6857 76.101207 -15.273214 84.726786
2609 54.366786 -34.744778 65.255222
6414 83.656810 16.343190 39.068880
8130 27.671129 16.109949 16.109949
2362 28.612351 16.069600 16.069600
8131 27.561947 15.429683 15.429683
8598 90.209407 9.790593 40.705341
11858 88.875460 11.124540 40.990477
11859 89.101927 10.898073 41.880949
2182 90.818786 -9.181214 16.224872
7871 90.414788 -9.585212 16.414826
636 90.129121 -9.870879 13.304441
14841 91.434769 -8.565231 12.779862
17153 80.920217 -8.471248 91.528752
8349 3.803504 -3.803504 32.716611
14202 54.846480 -23.455339 23.455339
14201 55.886071 -23.790873 23.790873
3274 54.902343 -24.367140 24.367140
12729 79.858798 -20.141202 49.631602
1510 80.075458 -19.924542 49.729381
14370 0.325278 -0.325278 47.112518
14368 0.157466 -0.157466 47.576317
5789 88.812547 -11.187453 14.352205
7452 62.561380 -32.635464 32.635464
6807 63.505536 -31.833168 31.833168
7451 63.498931 -32.846717 32.846717
27180 25.727508 -25.727508 38.197906
27181 25.714559 -25.714559 38.423410
3610 66.974557 -19.442565 19.442565
2847 64.677349 -35.322651 54.603000
12217 100.000000 0.000000 34.027778
12216 99.174738 -0.825262 33.681866
13698 100.000000 0.000000 32.638889
16775 6.000046 -1.301383 98.698617
19283 5.793508 -1.336530 98.663470
10233 6.148602 -1.402147 98.597853
18843 98.835784 1.164216 93.694708
4238 97.231067 2.768933 92.636773
8270 31.949066 -31.949066 48.995188
269 0.000000 0.000000 47.311828
4603 85.405160 14.594840 36.397444
6231 35.256481 -35.256481 62.507268
4854 93.721930 6.278070 35.620801
6466 23.112336 23.112336 74.433440
13039 32.321406 -32.321406 48.131313
17352 60.757302 -39.242698 57.698031
1716 78.846154 21.153846 21.153846
11960 73.255841 -26.744159 53.164911
11961 73.450173 -26.549827 52.809422
11962 73.675038 -26.324962 52.882181
1974 37.383544 -19.056105 19.056105
13015 35.886365 -18.692081 18.692081
3445 81.601789 10.387627 10.387627
12823 55.296714 12.639104 12.639104
2613 24.602513 -17.030167 17.030167
3576 85.263473 -10.574514 10.574514
13932 53.925039 -46.074961 49.842663
13933 53.020359 -46.979641 50.577292
11275 18.302936 -12.171855 87.828145
7473 7.742258 7.742258 70.822913
11397 5.600617 5.600617 71.713593
16297 9.004076 9.004076 72.201409
2651 15.427427 -15.427427 24.324609
8617 17.039508 -17.039508 24.340009
18451 38.234467 -14.749428 14.749428
18957 38.965033 -15.112174 15.112174
7189 85.054406 -14.945594 50.738240
7187 86.904580 -13.095420 49.778543
7188 85.151511 -14.848489 51.608931
1181 24.193548 24.193548 75.806452
6465 22.022113 22.022113 75.115348
4795 61.956769 -19.927551 80.072449
4818 47.047031 -47.047031 51.589869
17205 46.926795 -46.926795 52.112867
17204 46.037811 -46.037811 51.879984
15916 50.934707 -38.708688 61.291312
2174 51.424494 -38.388507 61.611493
16017 9.180908 -9.180908 47.654049
4902 8.979217 -8.979217 46.773692
20103 97.488937 2.511063 16.297593
11931 1.118229 -1.118229 15.695530
15189 48.557692 -48.557692 51.442308
16924 48.076923 -48.076923 51.923077
20126 60.617718 -32.038342 32.038342
3349 60.615262 -33.175853 33.175853
20747 9.123724 9.123724 70.363848
9394 5.228564 5.228564 68.419150
833 4.430659 4.430659 70.045194
11890 71.941579 -28.058421 64.725149
11892 72.353063 -27.646937 64.354985
4111 72.205993 -27.794007 64.812553
20600 90.905145 9.094855 39.931225
2641 90.092604 9.907396 39.629831
19907 46.493441 -32.055350 67.944650
9349 92.790069 -7.209931 40.170348
20863 74.783989 -15.332225 84.667775
8163 90.082692 9.917308 83.003634
693 90.118160 9.881840 81.976972
19307 29.217782 -29.217782 43.941216
5771 28.875653 -28.875653 44.634139
5772 29.322383 -29.322383 44.435737
9346 30.749456 -30.749456 67.893043
199 30.004284 -30.004284 68.299384
9347 30.343413 -30.343413 67.466309
11891 72.092438 -27.907562 64.343100
1161 72.415932 -27.584068 64.058438
6464 21.119590 21.119590 73.705410
2981 43.293991 -14.568217 14.568217
9218 42.196306 -14.419084 14.419084
9217 42.901724 -13.842946 13.842946
13101 76.368158 -8.985468 8.985468
995 16.776316 -16.776316 18.325324
11472 39.309794 -39.309794 58.549157
17300 55.764593 -39.793041 60.206959
3675 55.319955 -39.674175 60.325825
12393 15.588345 -15.588345 44.818502
18986 21.846814 21.846814 23.324477
18988 20.829036 20.829036 22.283885
702 25.504124 -25.504124 38.636448
5877 24.956310 -24.956310 38.620838
12412 31.134802 -15.909349 15.909349
5463 5.212888 -5.212888 16.152219
27182 26.432817 -26.432817 39.698777
27197 26.284684 -26.284684 39.931066
27183 26.209234 -26.209234 39.398932
16325 29.605510 -15.553156 15.553156
293 9.557008 -2.164615 97.835385
5404 10.035961 -2.177743 97.822257
2971 90.394910 0.130196 99.869804
27761 92.105263 0.000000 100.000000
15852 92.212587 0.199921 99.800079
27792 95.505647 0.181391 99.818609
27763 93.421053 0.000000 100.000000
27764 94.736842 0.000000 100.000000
8647 36.800780 -26.322344 73.677656
2667 38.436834 -26.923283 73.076717
13835 43.933746 -37.178689 62.821311
519 43.788385 13.200154 13.200154
19798 44.330781 12.563620 12.563620
19083 97.162657 2.837343 96.823857
20140 98.198269 1.801731 97.682112
27185 90.290620 0.333282 99.666718
18713 54.272125 12.832008 12.832008
27762 90.789474 0.000000 100.000000
27736 89.473684 0.000000 100.000000
28006 93.029198 -0.643854 99.356146
3547 44.687843 -32.908701 67.091299
17826 43.547319 -32.955189 67.044811
12260 84.311403 -15.688597 45.813496
4221 85.072647 -14.927353 45.076891
2662 24.974235 -24.974235 41.921201
19640 30.389066 -30.389066 64.797148
3684 30.321648 -30.321648 64.492956
10704 30.656043 -30.656043 64.519971
14770 25.232009 -25.232009 39.013788
5905 45.558973 12.817870 12.817870
7138 44.762058 13.352574 13.352574
726 45.720390 13.514883 13.514883
8624 65.340831 29.866451 29.866451
8626 64.454133 30.282738 30.282738
2185 87.965708 -12.034292 33.330017
3980 15.898256 -3.117896 96.882104
11490 15.724073 -2.932225 97.067775
18392 15.359569 -3.120008 96.879992
17785 15.783751 15.783751 60.266038
746 17.552727 17.552727 60.599160
16039 67.949383 1.234165 1.234165
11035 58.831844 24.225154 24.225154
12390 31.020018 -21.099782 21.099782
12391 29.849031 -21.024002 21.024002
27433 97.727868 -2.272132 44.924603
27425 97.806898 -2.193102 45.315159
27866 96.794801 -3.205199 45.975687
5224 3.701673 -1.241332 98.758668
17083 25.382084 23.081880 23.081880
17325 37.454851 -34.083026 65.916974
1947 60.696167 35.455773 35.455773
18896 59.223182 35.515419 35.515419
10534 92.070581 7.929419 18.872157
11121 36.441069 26.780861 26.780861
2384 35.138245 26.687003 26.687003
27186 26.523740 -26.523740 40.986856
3561 68.799060 17.308158 17.308158
10436 67.678232 17.260281 17.260281
10438 67.996115 18.014249 18.014249
4801 27.376873 -27.376873 41.328007
18457 85.357614 7.418010 7.418010
8734 93.301376 -6.698624 28.582982
11039 94.313985 -5.686015 28.715944
20805 25.490767 25.490767 42.425625
10335 66.260598 26.912800 26.912800
19264 67.246199 26.884304 26.884304
16220 67.529674 27.698388 27.698388
17368 50.690753 -9.868871 9.868871
1381 74.091662 3.990749 96.009251
6717 73.349550 3.609955 96.390045
3512 12.612078 -12.612078 25.514931
5360 89.400089 -10.599911 15.333909
249 90.194717 -9.805283 14.761046
5361 90.207483 -9.792517 15.041677
13490 90.914893 5.660510 94.339490
18671 90.156305 6.515433 93.484567
18670 91.545822 6.357905 93.642095
27316 90.846396 6.593805 93.406195
14796 39.840373 19.290916 19.290916
15143 97.058209 2.941791 26.052957
8096 35.646057 -35.646057 43.583979
7912 35.331338 -35.331338 45.888455
7514 98.327570 1.672430 25.895433
4199 49.983237 -9.239678 9.239678
9531 31.209176 -31.209176 66.012069
9530 31.510862 -31.510862 65.938154
4346 67.752163 3.056780 96.943220
18675 97.286205 1.660699 98.339301
4926 100.000000 0.000000 100.000000
16199 99.193548 0.806452 99.193548
19769 33.969970 -33.969970 57.936632
17114 34.667028 -34.667028 58.300868
2114 33.927927 -33.927927 58.582125
2659 72.754084 -27.245916 53.692376
14877 72.452866 -27.547134 53.781990
6069 98.271313 1.728687 24.778962
6067 97.589861 2.410139 24.914890
6059 34.308919 34.308919 41.662923
13161 96.087961 3.912039 29.447077
3908 95.729085 4.270915 29.482185
8098 35.741645 -35.741645 44.460381
8099 36.278307 -36.278307 44.189275
5531 45.187259 38.029657 38.029657
412 45.536000 37.150340 37.150340
5532 44.559625 36.894714 36.894714
4427 26.176206 26.176206 57.261096
2567 46.067060 -28.529818 71.470182
13583 45.546330 -28.845183 71.154817
10374 46.348962 -29.030297 70.969703
7229 66.962665 -13.414606 13.414606
588 65.663036 -13.653591 13.653591
5730 66.261740 -12.906822 12.906822
10390 62.214308 -37.785692 53.583920
1021 98.076923 -1.923077 1.923077
17895 2.640367 2.640367 62.407316
4693 3.673715 3.673715 62.918836
5753 55.796522 -32.888477 67.111523
5755 56.461798 -32.726227 67.273773
14252 10.042224 -10.042224 24.101353
14253 10.286358 -10.286358 23.342495
8453 70.833914 29.166086 57.741521
18504 71.712081 28.287919 57.986591
2559 71.682428 28.317572 57.425683
666 74.695078 -25.304922 54.657356
11017 24.842196 -24.842196 33.548150
2402 25.647253 -25.647253 33.296023
10194 25.415659 -25.415659 32.566039
27188 26.122022 -26.122022 32.927566
13061 64.713939 -35.286061 63.415926
5316 29.053700 -29.053700 36.785250
5314 28.936276 -28.936276 36.164622
5315 29.844771 -29.844771 36.545611
11020 1.191585 -1.191585 8.201918
20062 5.516738 -5.516738 41.764487
8607 5.532137 -5.532137 42.604347
16541 4.983049 -4.983049 42.111186
15746 33.874251 23.507487 76.492513
4692 7.837827 -7.837827 74.851867
17366 7.761413 -7.761413 75.991112
15632 6.209610 -6.209610 74.343077
4987 6.681724 -2.192049 97.807951
20388 20.515596 20.515596 43.664629
4644 28.154617 -28.154617 44.740595
20442 23.454615 -0.739179 99.260821
9648 9.705427 -9.705427 36.078868
6892 80.426056 -19.573944 49.633980
12660 76.653263 -23.346737 51.386455
17034 77.133602 -22.866398 50.969870
20674 27.313995 19.747909 19.747909
14955 63.140335 -5.189819 94.810181
4860 28.855014 24.065733 24.065733
19405 29.696398 24.214333 24.214333
17765 28.862788 23.431755 23.431755
15762 26.306073 24.374441 75.625559
4071 73.004412 -26.995588 53.103569
9834 62.658715 -37.341285 61.593051
221 6.675659 -1.991731 98.008269
5329 6.441721 -1.974085 98.025915
20427 6.630572 -2.022258 97.977742
17625 58.509309 36.405522 36.405522
20128 59.722885 36.619560 36.619560
12178 23.493357 -23.493357 33.996087
2951 61.922691 38.077309 44.081961
11143 27.490118 -27.490118 68.782531
11142 26.799542 -26.799542 68.596484
1141 27.515251 -27.515251 67.997174
9749 60.664600 -39.335400 54.451437
19726 85.649527 14.350473 17.091173
8890 86.723473 13.276527 16.616360
15109 3.624401 -3.624401 40.861690
10268 3.898518 -3.898518 40.480056
12757 22.556058 22.556058 52.259907
2545 8.886939 8.886939 20.455800
1503 86.660286 13.339714 37.581040
6844 56.346945 2.568192 97.431808
19678 54.907939 1.904557 98.095443
14042 95.126112 4.873888 30.695644
14044 94.600380 5.399620 30.757695
17336 77.157635 -22.842365 50.007451
9138 76.750036 -23.249964 50.337307
3388 24.390620 22.059591 22.059591
9010 57.063247 -42.936753 56.255511
4110 71.713895 -28.286105 64.656311
17474 45.956293 -45.956293 51.484702
3310 6.241832 -6.241832 38.254442
7378 4.870594 -4.870594 37.112830
3701 82.528415 17.471585 30.716129
18144 84.977114 15.022886 18.024189
9519 23.305195 -23.305195 51.674047
14291 82.749807 17.250193 30.169562
17112 14.138330 -14.138330 66.788668
8796 59.100022 -40.899978 53.341411
11125 89.724916 -10.275084 16.221011
5418 48.678565 -33.025460 66.974540
9562 28.030515 28.030515 33.271985
8134 27.849424 27.849424 34.672639
13815 42.240220 -22.945603 77.054397
17183 27.097588 -27.097588 35.296925
18295 27.483775 -27.483775 35.897763
14194 26.706512 -26.706512 35.766081
9380 44.137487 -3.476338 96.523662
9378 45.637272 -3.483442 96.516558
11813 86.865472 -13.134528 18.288232
6055 2.185312 2.185312 71.206267
6023 24.795115 -24.795115 35.396010
12361 82.402129 -17.597871 46.899654
17348 71.262822 -26.091394 26.091394
17347 72.213699 -25.424399 25.424399
7975 72.096226 -26.210363 26.210363
3212 28.078045 -13.527230 13.527230
1103 80.769231 -19.230769 80.769231
16333 81.118881 -18.881119 81.118881
11668 80.475963 -17.920993 82.079007
759 63.884096 4.762911 95.237089
17109 63.163426 3.724803 96.275197
8061 77.628065 -22.371935 42.321570
7837 78.245538 -21.754462 42.292302
13537 71.254314 -28.745686 43.417507
7965 49.571936 23.728405 23.728405
14965 9.909385 -3.914904 96.085096
14886 72.246249 27.753751 47.521292
4779 73.581418 26.418582 47.119921
14887 73.484211 26.515789 46.123565
14940 72.843727 -27.156273 53.448454
27317 38.285656 25.769800 74.230200
27318 38.957488 25.396564 74.603436
9291 11.921423 11.921423 26.321087
12654 74.237529 -15.113362 15.113362
10281 24.219470 -10.197648 10.197648
3487 24.879338 -9.902789 9.902789
12306 98.177816 1.822184 69.443029
15685 97.457249 2.542751 70.215056
18509 97.742477 2.257523 70.801398
20444 22.682252 -0.846349 99.153651
8594 21.060296 -21.060296 78.235158
4379 70.708884 2.674228 97.325772
1647 72.435112 -27.564888 53.025384
8744 7.880599 -1.282997 98.717003
12923 8.033208 -1.340095 98.659905
8463 12.894724 12.894724 29.803842
18233 14.204696 14.204696 30.916202
11082 4.488876 -4.488876 32.074008
10521 2.335079 -2.335079 38.340849
16451 2.524149 -2.524149 39.163531
5720 62.966393 -37.033607 56.438696
2184 88.070244 -11.929756 34.170811
8038 87.295239 -12.704761 34.305574
7876 88.052553 -11.947447 33.723620
13669 68.151569 -31.848431 57.112374
4586 67.580756 -32.419244 57.187207
14607 58.128857 -35.424036 64.575964
14608 57.789449 -34.864256 65.135744
16891 95.225442 4.774558 11.972106
4991 95.727809 4.272191 11.273700
16889 94.919504 5.080496 11.587112
3035 1.144859 1.144859 17.038669
9312 1.384869 1.384869 16.013513
20836 87.188383 8.059633 91.940367
18828 94.716359 5.283641 16.743064
4114 18.876599 -18.876599 30.628484
11898 18.935842 -18.935842 29.697706
16459 4.960694 -2.823556 97.176444
13891 4.550213 -2.780008 97.219992
3353 4.872381 -2.915865 97.084135
9771 0.626662 -0.626662 45.082634
13814 43.048967 -23.794432 76.205568
7787 70.172180 -29.827820 57.259870
2118 69.876144 -30.123856 57.271641
16044 42.003043 -22.503335 22.503335
16045 41.190487 -22.875651 22.875651
16043 41.095997 -22.072070 22.072070
6193 45.239132 -40.417084 59.582916
6192 45.760462 -40.352964 59.647036
952 45.212875 -40.048508 59.951492
4979 80.772399 6.895587 93.104413
155 41.983803 27.320890 72.679110
3800 3.289753 3.289753 34.914081
11851 4.308435 4.308435 37.228024
5524 22.761069 10.539025 10.539025
9628 45.285073 -45.285073 51.627266
9629 44.930325 -44.930325 51.291810
7256 44.363479 -44.363479 51.596892
7443 20.083915 -12.797947 87.202053
18637 20.086098 -12.160355 87.839645
11274 19.149743 -12.496931 87.503069
5294 32.971064 7.699505 92.300495
5293 31.053683 10.216523 89.783477
186 30.779609 8.216513 91.783487
4576 67.787002 -32.212998 56.111803
15106 68.385233 -31.614767 55.687996
1473 55.550275 -36.815204 63.184796
19196 2.865739 -2.865739 30.119062
17914 2.389706 -2.389706 29.547358
1756 2.813315 -2.813315 29.490690
12949 35.458534 -6.392081 6.392081
4786 24.237106 -24.237106 43.515205
16785 23.642464 -23.642464 43.453059
20104 97.449920 2.550080 15.764031
4299 98.211622 1.788378 14.945676
5217 42.409919 -34.773004 65.226996
16835 43.210414 -34.924799 65.075201
116 42.629572 -34.365067 65.634933
18010 18.229814 -18.229814 53.113003
5056 19.090456 -19.090456 52.965699
10607 46.850985 -38.381575 61.618425
3630 46.883880 -38.767792 61.232208
6345 74.291540 -11.755520 11.755520
13103 74.948273 -11.980324 11.980324
13623 70.426162 -29.573838 52.184838
9433 70.922606 -29.077394 51.839737
11974 3.705741 -3.705741 21.678777
11973 3.130242 -3.130242 20.967250
12409 4.599829 -4.599829 22.033229
416 84.710102 15.289898 24.000415
5536 83.785206 16.214794 24.455004
5535 84.093078 15.906922 24.749880
9395 27.724108 10.214744 10.214744
3082 26.135888 9.769586 9.769586
9396 26.603597 10.814141 10.814141
18399 98.250790 1.749210 45.027119
14883 68.437743 16.637366 16.637366
18854 86.046262 -13.953738 48.601505
2152 26.083036 -13.655415 13.655415
2703 71.112615 -28.887385 42.316615
8705 70.619413 -29.380587 42.671505
12162 28.996864 3.901584 96.098416
8887 18.757569 18.757569 65.090343
27190 20.548960 -18.247515 18.247515
5541 21.565547 -19.010557 19.010557
27238 20.774885 -18.645788 18.645788
27191 20.331667 -17.845014 17.845014
6323 25.635749 -1.773256 98.226744
1059 26.659386 -1.500912 98.499088
2482 36.301618 -15.671998 15.671998
9826 36.685842 -15.669106 15.669106
20461 60.548077 39.451923 52.528909
11600 61.750565 38.249435 52.452228
20696 9.468894 9.468894 47.297514
5714 76.234898 2.952657 97.047343
5715 76.714608 3.047120 96.952880
3500 50.587136 46.621568 53.378432
10301 52.379445 46.000929 53.999071
11177 51.588842 47.030895 52.969105
5234 31.504056 -31.504056 49.830771
5235 31.728307 -31.728307 49.411525
5233 32.093842 -32.093842 49.783314
14799 73.174373 -26.825627 60.021616
1136 83.197753 16.802247 38.613327
4564 23.322646 -23.322646 26.587832
16958 4.175460 -1.847443 98.152557
4966 4.301413 -1.774051 98.225949
4023 96.725463 3.274537 42.704169
13372 84.550258 7.588184 92.411816
17972 85.293917 7.801512 92.198488
27134 25.991364 -25.991364 30.780752
27135 26.167666 -26.167666 31.344975
16005 29.185512 -14.448316 14.448316
19374 24.688842 -23.830395 76.169605
14249 24.280441 -23.895674 76.104326
5763 55.859180 -22.863487 22.863487
19089 23.480563 -23.480563 29.450236
14195 22.775547 -22.775547 29.117875
6197 20.957778 20.957778 71.099511
559 27.798847 -15.284190 15.284190
1324 27.719828 -25.158287 74.841713
6649 28.160846 -24.836440 75.163560
10898 70.338982 -29.661018 57.565413
8117 70.803310 -29.196690 57.455804
15184 78.918535 -21.081465 59.864199
567 78.864274 -21.135726 59.675898
5705 79.282564 -20.717436 59.291794
18294 4.807144 4.807144 82.693935
6469 85.869166 -14.130834 34.762834
5099 85.322119 -14.677881 34.706876
10021 86.258811 -13.741189 34.238676
17032 54.125441 -45.874559 46.998062
9503 24.613124 -1.024505 98.975495
9501 23.721162 -1.628240 98.371760
17846 33.154048 -27.887506 27.887506
17211 32.235655 -28.239582 28.239582
11025 24.181791 -24.181791 29.428709
11026 24.169916 -24.169916 28.736345
11027 25.196842 -25.196842 29.483253
882 62.433684 -37.566316 57.820177
19282 5.623114 -1.374678 98.625322
4737 5.325312 -1.323184 98.676816
12632 77.213004 2.777668 97.222332
13206 30.581065 -7.020680 7.020680
5553 30.901504 -6.226774 6.226774
5365 84.561943 -15.438057 47.921678
11827 85.651510 -14.348490 47.534096
9575 84.379657 -15.620343 48.561731
10353 31.878432 -8.121931 8.121931
2369 87.240243 -7.321209 7.321209
4846 44.680851 44.680851 44.680851
16540 45.744681 45.744681 45.744681
143 30.723258 -30.723258 66.756467
18556 22.809074 -22.809074 25.613592
911 28.454863 -17.015301 17.015301
10499 76.912725 -23.087275 59.861711
14106 26.620958 -26.620958 63.907794
4072 27.308265 -27.308265 63.826156
247 100.000000 0.000000 22.222222
2549 46.129582 -16.972324 16.972324
19781 53.763917 -44.999848 55.000152
18966 41.183178 -35.441582 35.441582
8316 41.394811 -36.849772 36.849772
462 40.317379 -36.187083 36.187083
16157 55.548588 -39.568271 60.431729
5211 55.933160 -39.608209 60.391791
110 55.659486 -39.452830 60.547170
5210 55.884099 -39.387880 60.612120
12934 72.335180 2.874843 97.125157
8546 31.648883 6.040866 93.959134
8545 34.130959 4.772816 95.227184
12087 27.342635 9.221568 9.221568
12086 25.744124 8.713160 8.713160
19270 13.436645 -13.436645 45.422832
5997 14.174864 -14.174864 45.283734
3813 39.516129 39.516129 60.483871
16849 38.955641 38.955641 59.118929
19394 38.324211 38.324211 59.992763
11210 27.220454 -27.220454 40.037462
11211 26.660468 -26.660468 40.118683
4171 81.536745 -11.766958 11.766958
17409 15.234044 -14.175798 14.175798
12029 29.540505 13.325471 13.325471
17790 30.385151 14.334474 14.334474
1913 27.133364 -26.627234 26.627234
13900 55.792172 -31.820410 31.820410
3879 55.062776 -31.575538 31.575538
10159 14.404013 14.404013 43.267596
10586 15.882540 15.882540 43.635435
14208 46.297698 -38.833183 61.166817
11206 14.636754 -14.636754 49.640583
18744 14.990118 -14.990118 48.952868
5299 32.067103 32.067103 43.454723
19463 32.130925 32.130925 44.510964
192 32.875470 32.875470 44.008946
16592 37.968072 -37.968072 56.853988
16593 38.399174 -38.399174 56.183100
9344 77.284820 3.340640 96.659360
14216 34.069839 -26.124822 73.875178
5228 38.925180 13.952160 13.952160
211 12.765957 12.765957 12.765957
20228 26.542393 26.542393 41.970242
12271 25.000061 25.000061 41.556735
14295 51.460732 -36.321539 63.678461
9983 49.361220 29.240752 29.240752
15136 32.978723 32.978723 32.978723
19623 33.795448 32.129897 32.129897
11956 32.619007 31.402675 31.402675
5057 49.180318 -26.572650 26.572650
20201 49.776684 -26.560288 26.560288
18689 80.521941 5.262701 94.737299
9780 21.714268 -21.714268 44.150964
9852 30.534657 1.349603 98.650397
15849 67.126559 -32.873441 66.316786
9942 66.915431 -33.084569 65.930500
11771 17.068998 -17.068998 72.113329
11772 15.842411 -15.842411 72.087683
14078 11.237382 11.237382 13.688621
5743 12.537882 12.537882 13.741437
9059 36.564777 17.116742 17.116742
9060 35.512951 16.546892 16.546892
9058 35.594713 17.359799 17.359799
2897 61.308404 31.175312 68.824688
20799 61.435584 30.509735 69.490265
18832 62.778553 30.828737 69.171263
10254 68.269231 31.730769 31.730769
12827 70.385848 2.618600 97.381400
1129 54.879776 -45.120224 47.527701
6408 55.520094 -44.479906 47.370939
11940 4.836679 4.836679 15.492225
16191 97.219214 2.780786 74.976596
14802 97.880083 2.119917 73.489489
2542 39.938390 39.938390 43.588462
13133 41.099976 41.099976 43.122675
11919 40.121822 40.121822 42.297359
14778 21.606778 21.606778 28.222414
8423 38.967047 38.967047 43.235957
6743 3.260431 -3.260431 25.786293
6742 3.193809 -3.193809 25.145433
11203 46.023582 -18.290515 18.290515
7455 36.650186 -20.243457 79.756543
11308 42.487447 22.269752 22.269752
12363 83.356847 16.643153 28.813540
9319 74.143143 -25.856857 44.559920
16475 74.088089 -25.911911 45.092045
16474 73.332082 -26.667918 45.153259
20909 22.612257 -10.762381 10.762381
12839 70.642632 23.368160 76.631840
13244 14.481118 -14.481118 48.377670
3866 14.356269 -14.356269 49.027351
6905 46.401788 10.110087 10.110087
6906 47.727054 11.338627 11.338627
6904 48.663489 10.165043 10.165043
9729 93.233501 6.766499 26.018215
1536 24.796756 -24.796756 71.439112
10050 50.245141 -14.857428 14.857428
3300 49.430768 -14.832475 14.832475
14618 46.491228 -46.491228 46.491228
4734 46.896907 -45.745677 45.745677
5996 14.868840 -14.868840 45.053252
9875 45.578023 -45.578023 51.214105
9876 45.035586 -45.035586 50.946702
3406 49.162864 -7.208242 7.208242
10089 50.405508 -7.324058 7.324058
10088 49.428286 -7.754464 7.754464
13464 44.412455 -40.702932 40.702932
4424 44.412901 -39.434542 39.434542
18479 45.296987 -39.973366 39.973366
2819 11.766642 -8.478845 91.521155
18347 53.211371 1.061149 98.938851
18223 44.218215 21.678365 21.678365
17550 44.218611 20.895980 20.895980
384 72.274787 27.725213 30.122946
7142 71.645419 28.354581 29.494595
18356 70.761155 29.238845 30.493376
6667 62.732065 29.148133 70.851867
3085 37.887180 -37.887180 60.377179
9666 38.089676 -38.089676 60.140424
12114 83.639532 16.360468 27.883400
52 87.917661 12.082339 34.966529
4672 42.250546 29.627953 70.372047
15277 27.665670 -2.507068 97.492932
2136 28.436762 -1.792285 98.207715
1861 54.172699 -18.362936 18.362936
19159 53.071619 -18.136762 18.136762
7399 53.968157 -17.565630 17.565630
2683 86.929075 -13.070925 14.825411
8680 87.297720 -12.702280 15.096605
12278 32.379754 -32.379754 61.375312
13633 59.067610 11.598884 11.598884
3000 10.877894 -10.877894 63.595171
7847 34.909268 -34.909268 44.459948
7846 34.708666 -34.708666 43.848231
4246 19.954835 -19.954835 35.885585
13363 11.514840 -11.514840 33.350734
12341 12.361551 -12.361551 33.847591
2420 11.728724 -11.728724 34.465302
12309 32.809520 -32.809520 52.177722
16515 19.834193 -9.311391 9.311391
6410 1.685566 -1.685566 62.064425
6999 3.296074 -3.296074 61.724389
2775 49.484521 -44.305968 44.305968
12747 67.243236 -32.756764 43.894975
3997 19.200453 -19.200453 43.944843
17758 19.210397 -19.210397 44.688648
4661 41.625418 -13.630992 86.369008
14132 71.097143 11.950334 88.049666
20455 70.334195 11.228061 88.771939
1876 40.425532 40.425532 40.425532
7417 39.361702 39.361702 39.361702
5324 96.401144 3.598856 21.012156
9608 96.765403 3.234597 21.138188
5165 88.017333 -11.982667 17.964490
14579 84.432671 3.287596 96.712404
3893 87.905560 -12.094440 20.066562
18622 86.737259 -13.262741 20.838234
11271 86.852783 -13.147217 20.246848
4376 34.042553 34.042553 34.042553
12814 35.236560 32.634040 32.634040
12307 98.863235 1.136765 68.586575
3477 98.439644 1.560356 69.935154
413 43.283706 36.484354 36.484354
13275 41.909146 35.878592 35.878592
8377 39.758935 39.758935 53.473493
8376 38.357344 38.357344 53.412358
2516 39.196311 39.196311 55.020910
18348 42.226380 -26.384038 26.384038
1474 43.184428 -26.867456 26.867456
14352 3.895890 3.895890 63.731693
17920 36.064800 -36.064800 50.303613
897 36.820514 -36.820514 50.102734
17657 36.621322 -36.621322 50.647483
214 17.398064 -17.398064 63.283030
19345 69.035390 -30.964610 54.900622
7842 44.382081 -44.382081 53.068709
9456 44.161942 -44.161942 52.540796
9457 45.216918 -45.216918 52.693205
712 78.549239 -19.172720 19.172720
16611 79.468356 -18.318876 18.318876
20706 14.419502 -5.079179 5.079179
18851 20.740065 -20.740065 37.110476
10357 24.667223 -24.667223 39.631852
12411 24.395297 -24.395297 39.200462
2341 69.627312 -30.372688 63.914141
11886 68.855743 -31.144257 64.221347
16706 69.469057 -30.530943 63.509924
3858 66.629892 -33.370108 47.691425
14055 67.922999 -32.077001 46.891504
11185 67.685663 -32.314337 47.553344
15450 79.315621 20.684379 42.752215
2967 78.829093 21.170907 42.148436
8792 82.119716 3.348890 96.651110
14630 81.997086 3.147358 96.852642
2753 82.883400 3.146266 96.853734
20314 70.363118 -29.636882 50.717813
7850 34.783359 -34.783359 43.337007
2637 56.287336 4.342786 95.657214
8591 56.624814 3.766625 96.233375
19278 57.893390 4.781618 95.218382
9421 55.495494 -29.976511 70.023489
19430 51.569038 -17.428473 17.428473
5084 52.150379 -17.955140 17.955140
19431 51.184228 -18.189277 18.189277
3744 78.839925 -5.682726 5.682726
19206 81.788857 -5.057785 5.057785
15681 52.218357 -38.661678 61.338322
7866 52.106065 -38.223165 61.776835
201 50.024969 39.735582 60.264418
7939 53.846154 -46.153846 46.153846
17396 86.368702 -9.592128 9.592128
2370 87.577382 -8.671258 8.671258
8870 48.749437 -42.061127 57.938873
6360 55.043790 -28.884962 28.884962
1089 55.030041 -28.025522 28.025522
9275 9.900908 -1.691235 98.308765
18513 10.020873 -1.743793 98.256207
11531 10.126348 -1.700875 98.299125
6564 38.461538 -38.461538 61.538462
10182 38.746890 -38.211416 61.788584
11110 30.615638 -30.615638 51.135280
14635 30.374079 -30.374079 50.684372
15734 30.997489 -30.997489 50.714160
2255 72.841277 -25.604290 25.604290
7974 72.978889 -26.174206 26.174206
6489 30.515670 -24.075523 75.924477
8899 49.443057 21.986943 21.986943
1170 28.656320 -28.656320 47.802011
12933 72.165195 3.745947 96.254053
13401 72.193019 4.026648 95.973352
717 0.000000 0.000000 78.494624
4053 0.000000 0.000000 36.559140
11824 30.577381 -9.983896 9.983896
11825 30.317567 -10.602283 10.602283
5735 46.050051 -37.447261 37.447261
19598 45.312093 -37.939017 37.939017
4336 100.000000 0.000000 29.166667
15003 73.956137 -26.043863 50.209571
4798 74.361453 -25.638547 50.127801
15004 74.025377 -25.974623 50.481778
3524 60.167263 5.080475 94.919525
17898 60.588309 -38.273521 61.726479
3172 61.188811 -38.811189 61.188811
14237 61.538462 -38.461538 61.538462
6031 24.969536 -18.204777 18.204777
9702 79.596888 10.667372 89.332628
13178 80.770771 11.379284 88.620716
11658 30.063515 -30.063515 47.549157
1629 30.324968 -30.324968 47.224201
7376 5.319149 5.319149 5.319149
12672 74.080784 2.912329 97.087671
8210 29.812041 -29.812041 47.162050
19622 29.053881 -11.538542 88.461458
15702 27.095144 -11.236399 88.763601
8179 27.550649 -12.332985 87.667015
127 38.547659 14.380295 14.380295
17994 38.701162 14.944022 14.944022
5229 39.302627 14.530530 14.530530
20754 11.440097 11.440097 69.523699
15830 12.498483 12.498483 70.178637
14094 12.558011 12.558011 69.125333
8696 72.565429 2.681087 97.318913
10552 34.669204 -34.669204 50.919808
51 87.903038 12.096962 33.842684
12120 89.405066 -10.594934 18.549947
12399 45.979455 19.651625 19.651625
7848 34.017082 -34.017082 44.116817
2164 35.275141 -35.275141 43.356485
16867 74.671619 4.424075 95.575925
11369 73.985742 4.403054 95.596946
15228 28.761009 -13.213656 13.213656
17724 99.050008 0.949992 69.219501
5085 69.432821 -30.567179 54.872112
387 22.710320 22.710320 47.656689
5506 24.026088 24.026088 46.549427
16781 81.099534 7.555770 92.444230
2749 88.525039 11.474961 23.817939
15975 88.953464 11.046536 23.809734
3154 28.587373 24.642185 75.357815
11050 29.854003 23.377509 76.622491
11052 30.922815 24.318011 75.681989
15161 39.059670 -39.059670 47.418146
19959 68.176387 -31.823613 54.894281
15492 68.705595 -31.294405 54.503095
7344 26.067994 -18.525118 18.525118
598 33.317274 -33.317274 63.579034
19646 33.172308 -33.172308 63.430599
15877 33.425248 -33.425248 63.338354
19746 39.131911 -39.131911 44.743708
20007 79.807692 -20.192308 20.192308
553 32.730504 12.218414 12.218414
5691 33.420055 12.397555 12.397555
1395 21.280417 -21.280417 26.990328
8314 95.505540 -4.494460 8.671019
8313 94.000125 -5.999875 9.794065
5634 57.028499 -25.711125 74.288875
9069 66.222898 -33.777102 56.844205
15657 95.108341 2.746345 2.746345
15744 97.407006 2.592994 11.352665
9958 13.243534 13.243534 35.882579
9694 13.225164 13.225164 37.612746
834 14.935643 14.935643 37.169751
7315 64.334831 -35.665169 51.754346
2105 35.118969 -14.170204 14.170204
5892 40.102347 -40.102347 45.625329
18381 39.299188 -39.299188 45.294839
12965 75.283131 24.716869 67.126284
15301 91.531161 8.468839 48.977593
4302 93.277907 6.722093 48.589976
9299 54.728173 42.096257 57.903743
756 58.064516 41.935484 58.064516
13753 55.600747 42.741441 57.258559
7698 97.759095 2.240905 67.808310
10394 74.474704 -19.106556 19.106556
10836 25.000000 -25.000000 75.000000
11981 25.724766 -25.393431 74.606569
17055 67.245088 -21.889709 21.889709
17054 67.585638 -20.924337 20.924337
29 29.824561 -29.824561 29.824561
3482 3.808389 -3.808389 39.651897
18786 3.951333 -3.951333 38.859783
3679 25.808857 11.962801 88.037199
10692 23.597902 11.567943 88.432057
4057 70.581477 -29.418523 62.701109
11726 71.216494 -28.783506 62.232044
3993 27.983227 27.983227 46.433589
15754 43.237780 -35.566795 64.433205
19533 39.213490 -39.213490 42.764545
7286 81.278068 17.804983 17.804983
8375 38.996513 38.996513 51.892614
20374 87.676820 12.323180 23.855026
8788 87.964704 12.035296 24.120624
11168 88.369626 11.630374 23.537955
3656 54.454826 -40.059060 40.059060
5621 51.196752 38.494403 61.505597
12669 80.209042 3.715234 96.284766
12604 80.127615 3.924588 96.075412
1005 79.710719 3.742449 96.257551
6733 22.408031 -22.408031 27.981287
14395 53.056745 -39.161999 60.838001
20165 40.274022 40.274022 47.617900
1320 62.512916 -37.487084 39.499854
18625 60.921225 -39.078775 40.492892
11861 74.959762 -25.040238 66.084068
3955 74.559241 -25.440759 66.530610
16951 74.617802 -25.382198 66.179332
11862 60.551504 37.037377 62.962623
9884 61.276884 36.200008 63.799992
18830 67.586429 32.413571 53.482134
18040 71.548750 -28.451250 65.034531
12397 46.178618 19.010632 19.010632
17260 46.934544 -40.707697 40.707697
10909 82.849007 17.150993 29.557162
16778 6.333079 -4.978431 95.021569
2181 90.601219 -9.398781 16.030995
11302 98.680729 1.319271 18.616196
6201 39.704631 37.163681 37.163681
19832 21.841274 -21.841274 45.877172
12593 21.644094 -21.644094 44.960872
16331 23.460987 -23.460987 36.010817
10978 41.319906 -16.761395 16.761395
10979 42.132694 -16.809365 16.809365
10980 41.704281 -17.219316 17.219316
10155 68.824821 23.780617 23.780617
7064 69.353543 30.646457 33.624744
7063 68.823251 31.176749 32.622697
7055 67.773905 32.226095 33.755370
3634 91.708299 -8.291701 15.608629
16963 0.000000 0.000000 96.774194
27949 0.740542 -0.740542 97.648251
27944 0.628878 -0.628878 97.973612
4999 0.000000 0.000000 95.698925
27946 1.239963 -1.239963 96.969051
27945 0.890982 -0.890982 97.287506
477 72.415331 -18.006702 18.006702
20643 71.701770 -18.216518 18.216518
16959 73.830053 11.687885 88.312115
27611 72.572964 11.209464 88.790536
27637 72.909155 11.030912 88.969088
1703 22.296843 -22.296843 44.625352
15487 67.880036 -32.119964 34.083169
4581 68.530844 -31.469156 32.995179
18460 27.848240 21.739557 21.739557
3227 98.546397 1.453603 19.230931
18171 20.639421 -20.639421 37.830868
15796 20.226538 -20.226538 38.532408
20369 54.545455 -45.454545 54.545455
11207 14.129210 -14.129210 50.264811
2019 15.024640 -15.024640 50.501097
6452 29.526112 -29.526112 47.500557
1171 29.274846 -29.274846 47.090068
6210 50.434818 -29.307074 29.307074
14302 60.200919 0.507803 99.492197
20869 60.089831 0.905671 99.094329
12821 58.845116 0.533722 99.466278
5891 40.961029 -40.961029 45.813349
716 40.538880 -40.538880 46.413362
2585 94.440059 5.559941 21.644582
11402 6.022604 -6.022604 15.690771
334 91.572693 8.427307 66.016159
17964 74.929352 -25.070648 52.561101
19930 74.875995 -25.124005 52.758211
4758 74.697919 -25.302081 52.784962
14261 12.621656 -12.621656 27.898503
16134 12.648198 -12.648198 28.440911
6350 12.134927 -12.134927 28.584544
1524 41.557624 -41.557624 50.058750
9788 42.259877 -42.259877 50.049947
6893 80.400274 -19.599726 49.385096
10249 30.877046 -30.877046 36.180818
3470 32.341528 -32.341528 36.882899
13146 30.869873 -30.869873 37.188700
7176 33.716587 -33.716587 47.274487
1711 33.025947 -33.025947 47.497483
13956 55.332601 -18.582294 18.582294
6846 57.599987 3.159917 96.840083
1477 58.230089 2.987409 97.012591
12834 5.441469 -3.440435 96.559565
12835 5.677834 -3.410014 96.589986
12833 5.393096 -3.318944 96.681056
17847 50.663152 -31.545188 68.454812
17394 51.255197 -31.738889 68.261111
16938 74.471404 4.712885 95.287115
3106 86.581790 -13.418210 31.174665
13131 6.126414 6.126414 7.512347
3795 38.752404 -38.752404 45.487341
7200 12.940417 4.076244 4.076244
7199 13.350579 5.399433 5.399433
3268 84.500999 2.353053 97.646947
15429 72.674426 27.325574 39.877520
1943 72.325972 27.674028 38.956298
12105 71.307050 28.692950 40.300923
3404 53.279728 -37.390925 62.609075
10290 72.389841 27.610159 57.145956
8451 71.793877 28.206123 56.828665
308 41.210953 -24.268558 75.731442
2004 43.537513 26.736738 26.736738
20065 44.305674 27.165401 27.165401
14596 42.850341 -36.190490 63.809510
15539 42.478800 -35.884882 64.115118
4679 42.240399 -36.148234 63.851766
17403 22.004361 -6.167271 93.832729
7622 10.655118 -10.655118 38.979479
19554 45.639153 -19.498581 80.501419
19545 46.651809 -20.220745 79.779255
9539 84.166001 9.812454 90.187546
9538 84.731085 9.031773 90.968227
1648 58.330333 -13.137250 86.862750
17894 1.320547 1.320547 62.885755
9873 43.925375 -43.925375 50.437373
3263 42.928296 -42.928296 50.098452
2901 90.789142 9.210858 18.259053
12769 91.374177 8.625823 17.589748
12771 90.552054 9.447946 17.908070
7844 11.273059 11.273059 15.971130
6326 11.508929 11.508929 17.035659
1061 12.159804 12.159804 16.580938
18839 99.110658 0.889342 94.619634
17577 6.986112 -6.986112 10.675549
8681 88.666795 -11.333205 13.973842
12190 37.237279 -37.237279 42.997080
13257 83.925853 16.074147 56.051932
18423 60.009420 -19.504130 80.495870
15510 61.825410 -20.973825 79.026175
15464 43.398983 -37.288817 62.711183
18795 92.670920 7.329080 38.064502
17560 93.971436 6.028564 37.763704
431 29.126566 -6.514432 6.514432
9914 67.529733 14.989695 14.989695
14919 68.438090 15.469493 15.469493
3324 68.880500 14.640597 14.640597
17703 27.022605 27.022605 53.607144
5034 26.716898 26.716898 51.972409
17701 25.197778 25.197778 52.738195
5278 57.377324 -39.803192 60.196808
6131 37.428956 -37.428956 50.577867
6129 37.850211 -37.850211 49.974130
6130 38.403165 -38.403165 50.630137
17208 93.968939 6.031061 24.473091
8731 93.882812 6.117188 24.966924
2715 94.449349 5.550651 24.483996
12250 91.999423 -8.000577 23.243615
15976 92.808749 -7.191251 23.124950
14030 73.578288 26.421712 58.406475
4592 75.558508 24.441492 57.372261
15448 74.223496 25.776504 56.930967
9326 39.859298 -39.859298 42.281456
11463 39.764171 -39.764171 41.776141
9496 40.487013 -40.487013 42.209118
7927 71.230753 28.769247 45.454437
6411 0.000000 0.000000 62.365591
6862 0.000000 0.000000 63.440860
2385 94.501706 5.498294 30.137476
18134 68.152566 -30.773178 69.226822
13429 68.595913 -30.417518 69.582482
13465 43.306752 -41.451194 41.451194
16091 28.435501 7.789879 7.789879
17100 64.423077 35.576923 35.576923
15294 39.923486 10.790335 10.790335
651 69.782734 9.309387 9.309387
5810 69.518158 8.427612 8.427612
2532 31.309980 29.689511 29.689511
16368 30.611307 28.870132 28.870132
16367 30.639809 29.771487 29.771487
27634 82.591867 10.684156 89.315844
1988 72.166997 9.518612 9.518612
17259 72.807479 10.030105 10.030105
7598 73.332000 9.156738 9.156738
1903 26.174788 -24.393279 75.606721
13116 45.043725 19.755301 80.244699
14794 42.892363 19.573035 80.426965
2322 43.995428 18.326432 81.673568
12540 42.550017 -20.439920 79.560080
14967 41.394095 -20.737016 79.262984
14966 42.825748 -21.386331 78.613669
12035 51.088656 17.504531 17.504531
4158 52.582300 18.221405 18.221405
12034 52.429508 16.949477 16.949477
11317 95.948628 4.051372 28.860805
11315 95.604077 4.395923 29.255538
11316 96.012764 3.987236 29.144953
14215 1.438380 1.438380 30.757576
20382 14.718426 -14.718426 51.314420
20385 14.900446 -14.900446 51.483483
3356 62.947394 -24.903676 24.903676
6659 29.342691 -29.342691 62.045228
1329 29.513926 -29.513926 61.503449
272 43.207755 43.207755 49.492424
5384 41.775116 41.775116 50.451706
20824 42.711591 42.711591 50.990205
16327 95.251036 4.748964 33.486836
20066 95.802433 4.197567 32.725922
4437 95.020791 4.979209 32.920718
586 48.777182 -45.805329 45.805329
13664 89.146487 10.853513 34.886042
616 36.797443 -36.797443 42.581197
17229 5.690809 -5.690809 28.651937
17231 5.553083 -5.553083 29.233919
18902 71.469764 -13.083623 13.083623
4849 72.148719 -13.501319 13.501319
1348 66.340139 -21.504179 21.504179
11454 66.011094 -22.484508 22.484508
5642 97.693097 2.306903 31.596808
5640 97.740459 2.259541 31.215759
6576 62.500000 -37.500000 37.500000
13638 46.282024 -43.688721 43.688721
7614 34.260136 -34.260136 63.504134
1363 34.377428 -34.377428 63.328990
7289 29.042258 -29.042258 46.674637
11366 45.614035 -45.614035 45.614035
16183 70.014096 4.142162 95.857838
2963 8.856641 -8.856641 28.690135
1053 69.466970 4.195415 95.804585
20051 83.337987 16.662013 41.094652
855 84.153650 15.846350 40.770221
12687 99.150819 -0.849181 28.139200
6040 100.000000 0.000000 27.083333
819 100.000000 0.000000 27.777778
19429 17.596104 16.254019 16.254019
1440 17.021277 17.021277 17.021277
6865 54.995406 -44.311749 55.688251
14894 55.244755 -44.755245 55.244755
6753 59.831427 19.577612 19.577612
13284 97.007739 2.992261 29.467048
17200 97.149435 2.850565 29.025845
4473 96.608187 3.391813 29.350599
8140 52.783866 -10.378537 10.378537
8139 51.801873 -10.014646 10.014646
527 76.488561 -23.511439 48.773886
19453 76.854531 -23.145469 48.326784
9609 96.957728 3.042272 20.525577
5662 47.321884 -15.750105 15.750105
19054 46.267862 -41.194723 41.194723
19084 45.848772 -41.854387 41.854387
20281 45.432174 -41.061102 41.061102
27145 26.141221 -26.141221 29.110489
17142 26.782230 -26.782230 28.420296
27259 26.367097 -26.367097 27.892226
9063 26.963474 -26.963474 27.871893
5764 22.164661 -16.865414 16.865414
19474 31.774341 -17.246829 17.246829
1887 31.885959 -17.584557 17.584557
19485 20.242444 17.274460 82.725540
15102 19.362976 16.478127 83.521873
7327 39.163783 -35.574036 64.425964
11373 24.456199 9.259761 9.259761
11372 24.944669 10.394144 10.394144
14207 46.936813 -39.139650 60.860350
6967 73.436235 14.354230 85.645770
20224 74.045738 15.655045 84.344955
15055 87.142836 9.550304 9.550304
2094 62.903226 37.096774 62.903226
7753 63.752778 36.247222 61.790125
20146 75.922522 -24.077478 54.826457
15764 86.022193 13.977807 21.131452
20113 86.600278 13.399722 21.562969
2434 23.351086 -6.673022 93.326978
9725 23.786101 -7.251109 92.748891
8056 48.010014 -43.789865 43.789865
8057 47.191126 -43.721307 43.721307
12452 41.833543 10.538949 10.538949
3904 41.584811 20.976624 20.976624
13985 40.716123 21.252580 21.252580
15455 91.657557 -8.342443 9.779365
15454 92.642578 -7.357422 8.688762
20316 63.065386 21.681259 21.681259
7441 63.944878 21.796709 21.796709
1889 63.777833 21.107769 21.107769
17995 37.816909 14.541838 14.541838
2280 36.831182 14.711331 14.711331
11408 37.806391 15.262842 15.262842
1667 90.178819 9.821181 26.817439
16743 81.670799 1.051673 98.948327
14762 74.438253 -25.561747 52.962141
14447 74.351828 -25.648172 53.204929
4116 74.099189 -25.900811 53.222463
3872 30.764498 -26.478682 73.521318
17708 49.779172 45.229992 45.229992
17709 48.498708 44.340187 44.340187
14444 36.657993 -35.260944 35.260944
13333 35.964912 -35.964912 35.964912
13254 88.583266 11.416734 33.062009
9681 27.756964 -25.752442 74.247558
14077 95.738326 4.261674 45.416253
27767 99.209901 0.790099 57.251826
19761 50.088108 -25.782219 25.782219
10794 74.848586 -22.078608 22.078608
10795 75.081883 -21.153950 21.153950
17921 3.484907 -3.484907 91.412763
7466 4.911150 -4.911150 92.425029
11637 4.469543 -4.469543 93.005862
13247 82.652335 17.347665 31.145588
7836 78.942572 -21.057428 41.747999
9825 36.788213 -15.307330 15.307330
18701 8.492048 -8.492048 22.335438
15587 8.424501 -8.424501 21.317023
19691 9.444042 -9.444042 22.304893
17666 68.464333 -25.396386 25.396386
8468 68.570624 -24.446142 24.446142
16856 5.481159 -3.609329 96.390671
19148 5.075141 -3.406201 96.593799
18441 55.081149 -14.126445 14.126445
17400 54.717392 -13.381821 13.381821
18440 56.011476 -13.549041 13.549041
12134 34.729733 11.808362 11.808362
15870 74.114919 15.338027 15.338027
27368 74.555041 15.030753 15.030753
4511 74.001926 14.793481 14.793481
12503 75.276895 15.333036 15.333036
3698 13.076933 -13.076933 27.895531
10731 13.337760 -13.337760 27.591526
18122 48.208417 -33.861902 66.138098
6977 47.515413 -33.637161 66.362839
15076 24.038606 24.038606 31.989887
3345 24.932948 24.932948 32.115605
7463 13.430972 -13.430972 42.356806
6538 12.641550 -12.641550 41.908679
1235 13.286661 -13.286661 41.433941
11947 59.543378 -40.456622 43.365669
11949 60.710002 -39.289998 42.819537
4133 60.303591 -39.696409 43.364694
11951 59.487574 -40.512426 43.923212
7724 93.901901 -6.098099 14.848088
8962 27.838345 17.064409 82.935591
9403 27.268554 18.731615 81.268385
17472 92.153698 7.846302 19.708926
2104 92.174785 7.825215 20.171216
16916 7.206510 -1.828526 98.171474
12553 6.958135 -1.848413 98.151587
19416 7.269402 -1.935033 98.064967
5219 17.190224 -17.190224 51.030546
20522 75.392355 24.607645 31.121319
20524 75.056318 24.943682 30.754336
17937 4.396854 -4.396854 38.020858
13772 72.267749 -27.732251 46.432152
4601 73.198705 -26.801295 45.744370
13773 73.109216 -26.890784 46.335891
10670 72.992501 -21.733287 21.733287
4475 45.097168 22.960708 22.960708
16402 45.087473 22.163746 22.163746
7751 64.530161 35.469839 62.589174
2092 66.168965 33.831035 62.271931
7752 65.361098 34.638902 61.364788
8452 70.708344 29.291656 56.722875
13370 69.541962 30.458038 56.251182
1415 68.605474 31.394526 58.493742
18816 49.532864 35.370429 64.629571
1761 48.664276 36.073567 63.926433
18024 47.521007 35.424446 64.575554
15475 94.946567 5.053433 22.056634
17125 78.546192 7.270825 92.729175
1778 74.126958 23.423852 23.423852
27663 85.771399 14.228601 64.749612
2827 87.359306 12.640694 63.001206
15983 75.836490 -9.602684 9.602684
998 29.781673 19.226519 19.226519
5546 77.170993 -22.829007 57.487413
15873 67.842735 32.157265 62.030877
15874 66.817364 33.182636 63.389880
5469 63.320946 -11.382350 11.382350
11205 13.888702 -13.888702 49.476473
7909 34.621829 -15.159041 15.159041
16425 79.793010 5.281667 94.718333
16424 79.091235 5.153760 94.846240
12689 98.544204 -1.455796 29.132075
8804 65.769012 -34.230988 54.930059
18914 66.016639 -33.983361 55.136089
6028 75.028017 -19.031957 80.968043
10812 46.703541 -33.834619 33.834619
11805 45.737498 -33.305919 33.305919
17386 15.978790 -15.978790 27.574368
17388 15.544464 -15.544464 26.556801
7667 0.863378 0.863378 46.804888
3314 52.446029 23.195782 23.195782
19837 52.285275 22.284668 22.284668
11147 51.405302 22.803026 22.803026
2590 30.641195 12.556942 12.556942
13696 31.948756 12.338411 12.338411
7822 5.490845 -5.490845 45.177681
7820 5.491551 -5.491551 46.052076
7821 4.910224 -4.910224 45.601551
2458 32.723373 -32.723373 62.703316
11439 32.483228 -32.483228 62.413451
2726 73.690295 -23.844868 23.844868
17670 73.198013 -24.869533 24.869533
19225 72.462557 -24.552554 24.552554
4943 29.787234 29.787234 29.787234
1937 67.100583 32.899417 49.208299
18892 2.374906 2.374906 27.774262
15640 45.931550 20.339570 20.339570
4252 45.132248 19.867130 19.867130
16771 2.665582 -2.665582 37.111233
16770 2.967703 -2.967703 36.583082
16241 36.034805 -36.034805 43.471452
18167 36.467106 -36.467106 43.768015
2339 36.024409 -36.024409 43.796337
16059 40.062219 -34.816305 34.816305
9701 100.000000 0.000000 31.250000
10953 99.395145 0.604855 31.218986
10954 99.408425 0.591575 31.820202
10854 14.901827 -6.368570 6.368570
9676 15.542871 -7.025630 7.025630
7553 29.337976 -27.793476 72.206524
15381 29.965269 26.657548 73.342452
15380 30.315824 25.457814 74.542186
3394 31.934635 26.079322 73.920678
550 49.685867 30.371322 30.371322
4058 79.237700 1.907420 1.907420
17845 78.148855 1.167398 1.167398
11730 77.564049 2.293462 2.293462
12874 33.802826 -33.802826 64.192799
12438 33.875079 -33.875079 64.058015
3569 33.942776 -33.942776 64.130577
6626 30.754634 -17.489813 17.489813
7872 90.226981 -9.773019 16.356945
12875 33.751110 -33.751110 64.095888
15806 33.749851 -33.749851 63.974327
4262 33.819877 -33.819877 64.014415
12171 61.692404 -30.115819 30.115819
14725 16.007495 -1.547597 98.452403
1486 6.135228 -0.568982 99.431018
20430 6.298487 -0.489498 99.510502
10842 32.429766 -32.429766 47.194046
5510 9.599200 -0.484757 99.515243
5511 8.800849 -0.535524 99.464476
1918 90.445515 9.554485 27.972450
17477 84.522715 15.477285 49.529845
822 6.096380 -6.096380 31.506585
9327 39.592709 -39.592709 42.596412
15348 3.701111 -3.701111 77.578256
19611 1.760121 -1.760121 76.247467
11737 63.990185 -27.471156 27.471156
10919 59.633731 -40.366269 51.259788
19298 40.281256 -40.281256 59.322094
17226 74.865534 -25.134466 70.260512
3297 73.076923 -26.923077 73.076923
17224 72.727273 -27.272727 72.727273
563 80.601232 4.529786 95.470214
5701 80.571959 4.402435 95.597565
7283 80.857166 4.517146 95.482854
11404 78.551377 -12.316905 87.683095
11743 7.625476 -7.625476 44.203875
11747 8.640458 -8.640458 43.771875
11748 8.461756 -8.461756 45.063066
17425 69.517868 -30.482132 52.193244
19229 69.094385 -30.905615 52.276019
19470 69.523956 -30.476044 51.913956
15116 38.533959 -23.856125 23.856125
4084 38.697293 -24.351896 24.351896
8113 18.956974 -18.956974 20.543700
4813 38.296219 -23.040772 23.040772
19519 37.131617 -22.516571 22.516571
5878 24.638826 -24.638826 38.290925
5769 37.850773 -37.850773 42.571709
13268 30.287640 -30.287640 41.779751
4215 30.196045 -30.196045 41.051549
13269 31.125928 -31.125928 41.349856
11920 38.810627 38.810627 41.922167
2543 37.967198 37.967198 42.915003
16345 83.641162 3.325794 96.674206
9798 84.034832 3.049916 96.950084
2579 98.174358 1.825642 48.093280
19562 100.000000 0.000000 45.833333
19714 27.236450 27.236450 29.506901
9831 37.930417 22.705725 77.294275
20333 49.547564 -33.304890 33.304890
27193 26.424555 -26.424555 42.206451
8878 29.325232 -29.325232 63.271280
12547 29.582900 -29.582900 63.420366
2803 29.341539 -29.341539 63.542808
20260 79.123633 11.633085 11.633085
16440 18.863423 -18.863423 70.230859
27194 18.084981 -14.234785 14.234785
2245 5.817911 5.817911 8.646646
11303 98.149318 1.850682 18.673102
2202 5.496847 5.496847 29.986281
5865 96.065107 -3.934893 21.814443
7070 64.827246 -18.757171 81.242829
12203 66.488742 -20.548265 79.451735
5287 48.997465 -20.706968 20.706968
5285 49.932111 -21.165917 21.165917
7728 45.397990 15.882426 15.882426
11885 77.177081 -22.822919 39.641879
3730 65.223806 -22.689388 77.310612
15509 63.661535 -21.392841 78.607159
3710 35.055652 -19.919040 19.919040
12938 35.545261 -20.960374 20.960374
13512 34.321245 -20.489968 20.489968
65 35.073258 -35.073258 64.331364
39 36.283146 -17.187254 82.812746
11036 59.963155 24.484154 24.484154
11037 59.712845 23.536709 23.536709
1063 88.424778 -11.575222 54.928393
18646 87.469385 -12.530615 54.704463
20381 22.066112 -10.773109 10.773109
20378 22.134189 -11.093499 11.093499
16681 77.320089 -22.679911 62.965138
2686 76.486795 -23.513205 63.674677
1628 29.226596 29.226596 37.966588
7065 29.060201 29.060201 36.862809
9861 27.950638 27.950638 37.628683
10225 84.791516 15.208484 29.237950
730 84.719318 15.280682 28.766462
6964 30.840048 -18.093672 81.906328
8454 87.183267 -12.816733 46.144813
8455 88.502076 -11.497924 44.568545
671 89.794652 -10.205348 44.961904
16358 86.295622 10.393843 10.393843
5700 80.119590 4.356111 95.643889
561 79.870409 4.561412 95.438588
8159 75.494999 -1.596165 1.596165
17318 44.496038 -44.496038 49.920034
11790 34.354205 -34.354205 64.427384
11791 34.624883 -34.624883 64.203704
3026 52.871883 42.251959 57.748041
13072 53.630626 42.827333 57.172667
12631 77.063545 2.471612 97.528388
3265 31.529279 -15.002041 15.002041
10947 31.741797 -15.344743 15.344743
12446 31.028636 -15.145461 15.145461
17071 46.503736 -41.944720 58.055280
17072 46.098398 -42.048754 57.951246
14437 40.460875 -40.460875 50.650780
895 39.360623 -39.360623 50.000855
7210 22.014462 -22.014462 74.032032
7673 91.965155 -8.034845 25.588243
1615 12.196358 -12.196358 31.856748
7044 12.924005 -12.924005 32.178607
8972 12.510956 -12.510956 32.600333
13322 76.683404 -23.316596 71.097238
20264 76.386486 -23.613514 72.344775
20243 74.125874 -25.874126 74.125874
12998 9.045112 -1.770989 98.229011
1482 8.941038 -1.735663 98.264337
20431 6.531635 -0.567148 99.432852
9859 28.087882 -28.087882 68.934148
9858 28.118624 -28.118624 69.557102
13689 60.423660 26.169978 73.830022
11232 57.930417 24.901136 24.901136
4425 17.816217 17.816217 23.205140
13000 16.626745 16.626745 22.569411
20582 88.776221 11.223779 72.287293
1462 88.626200 11.373800 73.072405
20576 89.426302 10.573698 71.723776
8249 23.912058 -6.095155 93.904845
2190 19.125097 -6.705835 93.294165
2321 48.201967 -25.298227 74.701773
11500 49.527939 -26.443318 73.556682
20573 56.088612 43.911388 50.398056
5922 57.108911 42.891089 49.546652
740 55.664556 44.335444 49.696822
8367 30.064824 -30.064824 63.575842
19752 0.542374 -0.542374 28.141421
3340 19.711538 -19.711538 80.288462
17760 12.040381 -12.040381 13.567716
7888 12.555296 -12.555296 13.305325
15663 56.144268 26.205404 26.205404
4821 57.214557 26.526129 26.526129
15222 57.027890 25.557453 25.557453
14015 76.231988 -23.768012 62.636509
13653 72.189038 -27.810962 28.994681
5274 1.580903 -1.580903 85.876629
13818 1.775641 -1.775641 85.035702
172 2.893529 -2.893529 86.546876
15854 3.525442 -3.525442 86.284862
17103 39.917891 -39.917891 55.574713
20296 39.918630 -39.918630 56.174967
4962 39.239596 -39.239596 56.023901
7523 73.607257 26.392743 37.548282
7522 71.941027 28.058973 37.859922
3210 22.906587 -22.906587 37.770094
19882 93.923335 6.076665 19.128666
1831 9.563518 -9.563518 21.144770
17257 35.298936 -16.188940 16.188940
11506 34.971431 -16.434892 16.434892
20130 98.223034 -1.776966 14.108548
2701 100.000000 0.000000 12.500000
12286 99.049645 -0.950355 14.108198
6910 66.364524 -33.635476 53.569545
19750 72.912793 -15.702770 15.702770
19465 73.822387 -15.899646 15.899646
15775 32.086918 -32.086918 46.223855
4729 48.870338 -47.681333 52.318667
17339 50.281891 -48.176474 51.823526
18497 55.926398 36.961805 63.038195
4105 58.261148 37.000585 62.999415
18163 81.335425 -18.664575 49.036940
19085 81.295527 -18.704473 48.821522
3167 81.620641 -18.379359 48.719006
6563 38.396774 -38.396774 61.189773
6772 6.715347 6.715347 38.069683
9310 1.967309 1.967309 16.921962
12953 36.899934 -4.070962 95.929038
12954 38.585140 -4.331197 95.668803
15452 17.922439 17.922439 63.829875
14434 19.713727 19.713727 64.259284
3330 50.090332 -35.317977 64.682023
17689 50.318780 -35.951013 64.048987
3986 35.399664 -16.454771 16.454771
7684 74.825175 -25.174825 74.825175
18185 78.099488 -21.900512 71.361741
12793 96.784441 -3.215559 5.149770
19873 98.448151 -1.551849 3.920582
2375 54.739898 -18.840271 81.159729
7772 24.395287 -11.690388 88.309612
2107 23.138248 -11.481134 88.518866
18824 37.500000 -37.500000 62.500000
19300 37.821812 -37.316444 62.683556
4492 34.943334 -34.943334 42.235459
18835 35.100068 -35.100068 42.950807
16871 12.203032 -2.527891 97.472109
16870 12.473949 -2.456737 97.543263
14812 12.095738 -2.424981 97.575019
8595 21.550267 -21.550267 78.044298
796 40.413251 -24.285568 24.285568
12645 53.966644 46.033356 51.224846
12893 54.270854 45.729146 49.197159
12894 52.659017 47.340983 50.487680
1528 53.190892 36.916529 63.083471
6919 50.990477 37.465049 62.534951
7247 50.531135 36.392567 63.607433
662 28.422388 -20.083386 20.083386
13160 76.473146 23.526854 24.933911
13159 76.178617 23.821383 24.547714
168 85.570608 -14.429392 46.911352
3125 17.374657 -17.374657 53.173854
1583 5.407278 -5.407278 60.292556
18732 89.173761 -10.826239 17.976171
14975 66.087001 2.417648 97.582352
7220 65.658865 2.421082 97.578918
2725 7.952225 -1.247044 98.752956
17902 7.906175 -1.188056 98.811944
8742 7.743290 -1.222183 98.777817
17814 45.108393 -36.861002 63.138998
11996 91.046845 -8.359450 8.359450
17518 91.888142 -7.521680 7.521680
7128 55.515155 -41.268746 58.731254
6804 55.829244 -41.322562 58.677438
837 55.655309 -41.164131 58.835869
9762 12.516048 -6.075936 93.924064
3248 11.624897 -6.152423 93.847577
2883 30.826844 -21.715811 21.715811
9016 43.505160 -29.943618 29.943618
4412 35.871447 -21.933938 21.933938
19851 97.136400 2.863600 4.577705
5556 66.369416 21.803746 21.803746
5333 79.809747 20.190253 29.432999
20099 79.038455 20.961545 30.431624
12284 100.000000 0.000000 13.194444
16634 40.068742 -19.427232 19.427232
7578 38.874768 -19.799624 19.799624
17471 94.183282 5.816718 84.784782
27424 93.352490 6.647510 84.207018
9693 14.687525 14.687525 38.707326
16434 66.271906 2.834215 97.165785
16432 66.091372 2.606045 97.393955
16433 66.451733 2.700261 97.299739
17533 74.040548 -13.534401 13.534401
1445 16.410411 -16.410411 33.744898
18736 71.621429 -14.297172 14.297172
16811 74.993712 -25.006288 63.737734
4646 75.608056 -24.391944 63.046544
11251 89.688644 10.311356 67.474385
19660 34.057982 34.057982 35.532761
3199 34.140476 34.140476 37.230750
9072 58.511852 32.111943 67.888057
12774 58.119284 33.295214 66.704786
2857 81.449904 18.550096 62.390678
17837 84.254888 15.745112 29.749872
18718 83.702749 16.297251 30.218463
15182 96.209283 3.790717 7.920924
8481 2.637173 -2.637173 73.118879
2572 4.422221 -4.422221 73.760038
13024 4.003793 -4.003793 74.819842
10695 54.242563 -43.538089 56.461911
14088 9.428835 -9.428835 83.559874
16699 88.096475 -11.903525 20.470779
8877 28.953243 -28.953243 63.281762
2802 28.821789 -28.821789 63.603007
2739 100.000000 0.000000 5.555556
10057 87.129664 12.870336 30.430706
10058 86.411798 13.588202 30.473532
10938 26.514926 -15.499167 15.499167
10937 25.919892 -14.998891 14.998891
6107 26.830998 -15.216004 15.216004
3150 26.603949 -26.603949 71.016677
16667 24.036350 11.451972 11.451972
20690 24.600889 10.983094 10.983094
405 23.947310 10.642880 10.642880
20457 69.070953 10.689531 89.310469
6970 68.734621 10.001975 89.998025
9874 44.312016 -44.312016 50.239317
3091 55.563351 35.358118 64.641882
10153 54.504548 35.976445 64.023555
16600 29.878343 -29.878343 43.330027
1720 55.580555 27.851101 27.851101
7186 55.973827 28.826986 28.826986
7185 56.635718 28.051212 28.051212
6969 74.474274 13.815491 86.184509
19849 28.070236 28.070236 51.153431
17130 27.721024 27.721024 49.476911
1732 10.141988 2.814636 2.814636
15935 8.025632 1.243438 1.243438
11958 62.610027 -36.492209 63.507791
15453 61.846388 -36.706181 63.293819
17855 74.436449 -25.563551 59.960315
12437 33.903468 -33.903468 63.929430
438 25.457922 -15.420476 15.420476
19865 13.878613 13.878613 17.687790
10084 54.096440 -37.471415 62.528585
15193 53.511985 -37.082464 62.917536
17732 1.780782 -1.780782 3.567719
11357 2.631579 -2.631579 2.631579
16567 80.955572 -9.752692 90.247308
4140 78.431770 -7.853664 92.146336
146 2.617715 2.617715 44.621884
5247 1.566919 1.566919 44.782239
9633 35.066570 35.066570 39.006335
8702 78.980249 -21.019751 28.516825
8999 63.847366 -30.387511 69.612489
8623 65.164951 -30.799956 69.200044
1449 64.578931 -30.149117 69.850883
15229 27.304641 -12.978186 12.978186
9297 53.087974 41.554072 58.445928
7439 32.068425 -18.423845 18.423845
15363 31.906324 -19.041211 19.041211
4400 9.196033 -1.817333 98.182667
15823 90.481331 -9.518669 20.731833
18140 91.209515 -8.790485 20.654817
4885 90.576065 -9.423935 20.940099
37 34.855954 -34.855954 53.290058
5133 34.417212 -34.417212 53.794908
14136 35.026611 -19.029439 19.029439
4083 34.895187 -18.408625 18.408625
15191 32.717106 32.717106 35.858543
11804 44.741002 -32.766424 32.766424
16123 46.117950 -29.272624 70.727376
3535 46.524833 -29.278942 70.721058
2835 39.359614 -2.815433 2.815433
15635 34.353019 -34.353019 49.430754
3924 73.906469 4.666644 95.333356
8474 46.912748 -28.954296 71.045704
18577 24.786704 -24.786704 46.532786
19444 25.512964 -25.512964 46.106166
8931 25.614679 -25.614679 46.950912
11285 26.140231 -17.216923 17.216923
11283 26.287511 -16.967435 16.967435
11284 26.840632 -17.371968 17.371968
11333 28.623852 -28.623852 32.959118
8189 28.592764 -28.592764 33.661397
6541 83.818058 16.181942 27.382173
1238 83.368708 16.631292 27.299849
17644 29.307360 -29.307360 64.267330
2875 63.156104 -36.843896 54.856402
2824 89.090630 -10.909370 11.665910
15241 90.601886 -9.398114 10.292773
19947 90.469752 -9.530248 10.887784
486 17.346214 -7.368042 7.368042
5613 16.450550 -6.595883 6.595883
12173 59.172495 -6.122053 6.122053
3700 59.214633 -6.981319 6.981319
14485 59.557289 -30.555987 30.555987
4190 60.627870 -30.904008 30.904008
7730 45.929046 14.948397 14.948397
10710 46.588391 -46.588391 48.874198
11339 1.270360 -1.270360 42.840101
10661 28.565658 -28.565658 63.479579
12252 91.961114 -8.038886 22.866559
20768 7.002413 -0.309751 99.690249
6037 7.701952 -0.412191 99.587809
17309 58.227107 27.848572 27.848572
20327 58.895473 28.459071 28.459071
14831 73.928633 -26.071367 61.577694
19462 74.446150 -25.553850 61.498959
14373 73.759057 -26.240943 62.146512
19249 76.694578 -3.616356 3.616356
13403 17.928321 -17.928321 51.275083
14006 30.981428 -30.981428 61.355615
2522 23.311426 -6.758314 6.758314
8427 8.465687 8.465687 19.590430
18978 95.118660 4.881340 28.934469
12982 95.234824 4.765176 28.484767
3075 68.076568 -31.923432 40.244940
3080 52.941176 0.000000 0.000000
18774 67.808913 -32.191087 58.531391
3959 67.339819 -32.660181 58.416078
15096 68.067831 -31.932169 58.013456
13428 69.220979 -30.154413 69.845587
6265 69.634123 -29.669894 70.330106
1009 68.354580 -29.580322 70.419678
13504 8.407357 -8.407357 70.272824
11477 9.349167 -9.349167 72.214777
8613 37.582271 -16.485943 16.485943
8041 40.987543 -40.987543 58.565738
20061 31.864047 -31.864047 65.925111
4135 73.807502 -26.192498 52.598444
13390 74.107742 -25.892258 52.308985
12454 74.079320 -25.920680 52.571243
8227 33.640830 1.127313 98.872687
2418 32.425731 3.316352 96.683648
14414 31.946424 1.448343 98.551657
13611 55.566157 -11.923881 11.923881
8886 47.512248 -4.429233 4.429233
325 77.324711 22.675289 33.775195
4769 2.999566 -2.999566 43.092676
1886 36.791777 -36.791777 48.268552
14057 68.410641 -31.589359 46.059033
9489 69.469122 -30.530878 45.521817
3129 69.173364 -30.826636 46.274134
5932 18.273879 18.273879 61.841675
12297 16.656726 16.656726 61.478848
12298 17.329672 17.329672 62.614150
6757 40.726485 -37.509889 62.490111
1410 40.048680 -37.675045 62.324955
20533 71.488346 -15.395986 15.395986
16940 70.872267 -15.450346 15.450346
16305 81.148423 -17.917367 82.082633
15098 64.919761 -35.080239 56.266454
6527 64.812111 -35.187889 56.569607
19113 2.403846 -2.403846 97.596154
19528 80.425154 19.574846 58.946642
4538 78.832066 21.167934 59.241005
19481 6.445724 -6.445724 23.028012
88 25.363073 19.510710 19.510710
5188 26.525307 19.503347 19.503347
1011 70.279720 -29.720280 70.279720
7435 36.918351 -36.918351 49.376963
7436 38.169657 -38.169657 49.156221
6493 17.501431 -17.501431 64.593520
8954 11.400216 6.430837 93.569163
14890 33.878532 -16.761344 16.761344
3596 1.997960 -1.997960 34.010992
19303 1.952999 -1.952999 33.332206
14581 2.405331 -2.405331 33.913122
10199 49.015086 -39.215335 39.215335
7875 88.955312 -11.044688 33.518801
8115 71.444169 -28.555831 57.236333
10926 72.187212 -27.812788 56.845443
11332 29.589910 -29.589910 33.600051
17926 82.237108 -17.762892 67.185214
10946 32.399029 -15.554080 15.554080
13608 94.385367 5.614633 39.422910
13740 94.190115 5.809885 38.620311
13739 93.053054 6.946946 39.641175
9422 55.989978 -30.732858 69.267142
10381 19.196356 -19.196356 54.669330
20275 19.747303 -19.747303 53.673178
571 49.824226 35.931335 35.931335
5710 50.083720 34.614265 34.614265
9589 48.781005 34.980612 34.980612
14574 38.521645 -19.548164 80.451836
20298 77.924670 22.075330 29.765656
4609 77.279860 22.720140 29.287870
20902 76.896406 23.103594 30.124481
14384 38.821076 34.651229 34.651229
5598 38.096165 35.473682 35.473682
14008 28.239050 -28.239050 45.076112
14009 28.545300 -28.545300 44.846989
14010 28.696100 -28.696100 45.191645
27940 50.865722 49.134278 49.875107
8686 51.694896 48.305104 49.655515
17731 75.997376 -24.002624 62.367024
4677 50.646549 -33.924183 66.075817
12100 95.126325 4.873675 31.092467
4170 94.747060 5.252940 31.084684
7365 34.215429 -33.659601 66.340399
20423 13.680905 13.680905 85.179117
9159 35.583822 -14.004704 14.004704
6690 8.554213 -1.232403 98.767597
7112 8.407264 -1.130209 98.869791
7113 8.196010 -1.188356 98.811644
4961 7.384462 -7.384462 9.374360
17552 91.755804 -8.244196 31.620313
11104 92.608700 -7.391300 30.768381
27195 25.807594 -25.807594 38.572750
969 36.760365 -13.703898 13.703898
18373 38.161140 -14.183105 14.183105
18452 37.354022 -14.474551 14.474551
8600 54.783601 28.614116 28.614116
1406 59.766324 18.930619 18.930619
17609 59.160694 18.413280 18.413280
8558 26.142288 -6.502764 6.502764
2523 26.531365 -7.095352 7.095352
19530 27.630274 -10.704981 10.704981
10929 5.015070 -5.015070 83.009010
4848 6.304846 -6.304846 46.918142
15438 6.122451 -6.122451 46.230472
15599 6.795561 -6.795561 46.385843
1713 17.421122 -9.440072 90.559928
13500 11.441877 -11.441877 45.600442
5113 62.479614 -37.520386 60.188098
9574 61.961162 -38.038838 60.440267
17 62.284087 -37.715913 60.107774
4521 73.989211 -26.010789 59.801224
2192 21.329899 -6.576402 93.423598
7885 20.739911 -6.965781 93.034219
9019 21.549958 -7.105335 92.894665
11076 35.505922 15.677162 15.677162
2278 36.611331 16.305087 16.305087
11077 36.698415 15.481862 15.481862
18413 58.109812 -17.939216 82.060784
8490 96.304885 3.695115 49.457476
8492 97.321274 2.678726 49.894747
904 70.979702 -15.546631 84.453369
18862 49.420747 -33.769866 66.230134
3270 32.072914 -8.916494 8.916494
19056 22.926855 -12.256498 12.256498
3096 23.688563 -12.825295 12.825295
14398 75.790721 -24.209279 60.113852
6312 6.814753 -6.814753 43.501789
6313 6.108942 -6.108942 43.043558
19602 28.846154 -28.846154 71.153846
5040 29.326923 -29.326923 70.673077
17677 22.940663 5.635500 94.364500
9712 39.218691 -14.037532 14.037532
12898 71.166008 -28.833992 53.327057
7942 71.579324 -28.420676 52.760593
6697 34.490634 -34.490634 63.420259
7613 34.385343 -34.385343 63.650808
17947 94.374802 5.625198 18.790554
7907 35.100763 -14.798930 14.798930
20046 34.146633 -15.534019 15.534019
2460 64.516129 35.483871 64.516129
9882 61.962262 35.337308 64.662692
19998 67.177209 32.822791 60.761567
10243 66.014468 33.985532 59.977825
3911 56.614952 -41.649117 41.649117
16894 6.077934 -2.136259 97.863741
17867 6.379150 -2.235305 97.764695
16907 6.282824 -2.123783 97.876217
6006 41.375747 -23.763018 23.763018
12312 68.475050 4.048788 4.048788
4231 66.441930 3.396283 3.396283
16608 24.571062 1.201827 1.201827
1192 23.529412 0.000000 0.000000
19409 14.024965 -14.024965 24.316817
18420 13.799563 -13.799563 23.177858
7537 24.914521 -3.022820 96.977180
19535 22.692569 -22.692569 30.708071
6817 82.628059 -7.932008 7.932008
17695 82.383922 -8.674187 8.674187
20087 83.459155 16.540845 24.183616
2633 7.007357 -1.933503 98.066497
19067 34.494156 34.494156 53.542590
1418 33.938757 -7.738615 92.261385
6770 33.835566 -6.269778 93.730222
7780 43.120058 -21.500479 21.500479
1429 10.720233 -10.720233 31.203759
7777 25.681133 25.681133 65.687718
10761 33.987639 -19.115745 19.115745
11777 28.647894 -28.647894 37.879053
17656 73.529098 -17.395414 17.395414
19464 73.527883 -16.674279 16.674279
3715 74.612902 -16.733375 16.733375
5267 36.961936 -36.381675 63.618325
8525 36.538462 -36.538462 63.461538
12592 37.422523 -36.860080 63.139920
132 31.883312 -31.883312 50.207019
9224 32.304166 -32.304166 50.561671
9708 98.724736 1.275264 19.625330
13208 75.780887 -24.219113 44.877062
15611 72.099706 -27.900294 41.566702
2837 72.481137 -27.518863 41.782348
8946 71.691634 -28.308366 42.092826
606 60.625361 -14.373962 14.373962
5756 60.133526 -14.510022 14.510022
18372 60.340317 -14.176756 14.176756
10982 2.244225 -2.244225 27.024729
9363 1.642649 -1.642649 26.407124
10981 2.178359 -2.178359 26.390876
13094 86.619915 -13.380085 62.945127
976 95.615634 -4.384366 17.837586
5602 79.697218 -20.302782 50.276693
15320 42.122434 -15.472924 84.527076
18409 3.372156 -3.372156 44.229954
10936 29.301585 -29.301585 52.628860
12239 30.637551 -30.637551 40.418379
10950 17.307692 -17.307692 82.692308
20262 26.448251 26.448251 50.344379
1598 69.826208 -22.910539 22.910539
8467 69.576442 -23.793451 23.793451
8508 28.821091 12.243221 12.243221
13343 83.107295 -16.892705 49.006049
253 83.796366 -16.203634 48.626628
13699 51.907130 -41.173759 58.826241
18969 51.924836 -40.740781 59.259219
20246 28.824342 -28.824342 56.908109
3513 29.086115 -29.086115 58.075340
11088 27.764349 -27.764349 57.855997
17241 94.739722 -5.260278 17.020527
16256 94.632695 -5.367305 16.520695
11602 95.622865 -4.377135 16.233956
6978 46.648121 -7.462264 7.462264
16244 54.235237 18.522580 18.522580
17201 54.594919 19.559350 19.559350
9101 69.840446 28.342931 28.342931
14048 24.407407 24.407407 57.093939
757 61.112461 38.887539 56.722976
13803 75.651546 24.348454 31.729436
17759 75.439817 24.560183 32.838066
3705 82.447549 17.552451 32.374492
11952 83.008619 16.991381 32.386426
11954 83.060166 16.939834 31.916514
15610 71.352212 -28.647788 41.933164
12981 70.609824 11.370824 11.370824
19917 71.872188 10.781974 10.781974
2150 91.824266 8.175734 28.189925
15565 28.365936 24.330979 24.330979
18679 28.670015 25.120022 25.120022
8860 94.484364 5.515636 14.352195
14487 57.318882 22.078678 22.078678
4522 58.215064 21.475428 21.475428
18321 44.901013 -15.687075 15.687075
18973 44.277166 -15.363754 15.363754
5069 45.048556 -15.193071 15.193071
18974 44.257509 -14.840505 14.840505
7616 63.594808 -20.999887 20.999887
7615 62.948409 -21.986126 21.986126
411 21.541759 -21.541759 38.757702
5528 22.774571 -22.774571 38.934345
9402 26.543364 20.131572 79.868428
1370 27.931092 20.664836 79.335164
3812 40.981315 37.929667 62.070333
11221 42.513117 38.502821 61.497179
3717 44.746015 -16.146893 16.146893
18972 44.190343 -15.805455 15.805455
10442 38.725846 19.807171 80.192829
10522 1.686661 -1.686661 37.711075
676 67.307692 32.692308 32.692308
4958 43.716395 -15.528359 15.528359
16518 43.549181 -15.128059 15.128059
12647 48.245614 -48.245614 48.245614
12648 49.122807 -49.122807 49.122807
7763 83.630132 -16.369868 39.991437
11826 87.001363 -12.998637 47.164989
10468 16.843545 2.508029 2.508029
10466 15.828381 1.173123 1.173123
18362 55.162267 27.395124 72.604876
19976 74.631053 -25.368947 52.962947
19350 43.494772 -15.871149 15.871149
8937 42.866206 -3.624031 3.624031
17735 89.150149 10.849851 61.038732
11792 89.218194 10.781806 62.344128
19846 8.897772 8.897772 14.326390
17063 8.649245 8.649245 12.866928
3724 7.377291 7.377291 13.441851
2286 67.791713 -32.208287 45.682005
14056 67.134367 -32.865633 46.690570
13113 10.138720 -10.138720 83.246949
4456 9.001709 -9.001709 82.750764
1204 52.046346 31.792176 68.207824
16671 45.263434 28.057896 28.057896
10180 37.719298 -37.719298 37.719298
1349 63.819012 -22.579664 22.579664
6679 64.263846 -21.597731 21.597731
6681 65.103011 -22.062070 22.062070
9590 84.179648 -15.820352 36.808418
3177 85.008724 -14.991276 36.165988
10864 46.495575 -15.577687 15.577687
7423 10.370205 -8.233058 91.766942
7655 10.838938 -8.330605 91.669395
2850 87.594964 7.937543 7.937543
9302 41.913049 -15.887019 15.887019
20895 76.724716 23.275284 35.250679
1159 75.133812 -24.866188 42.190597
20519 77.525859 22.474141 31.766216
20518 77.693759 22.306241 31.292293
1463 84.473383 15.526617 77.587146
10276 82.790619 17.209381 78.944209
18173 83.591060 16.408940 79.472907
3315 52.758640 25.152485 25.152485
13846 53.904515 25.538294 25.538294
17268 84.520530 15.479470 28.057254
11321 72.970262 27.029738 51.493908
20712 13.035594 -13.035594 51.151291
17886 12.720292 -12.720292 50.718615
11904 13.542504 -13.542504 50.905161
13713 76.034699 23.965301 58.674033
14029 74.320581 25.679419 59.420098
20175 75.106808 24.893192 60.344355
7165 62.250717 -37.749283 57.542778
3078 36.084848 -36.084848 38.511032
14855 37.004110 -37.004110 38.781969
68 31.704123 -31.704123 45.141220
20705 23.655315 23.655315 32.496850
15017 24.455355 24.455355 32.910518
4113 78.979611 21.020389 56.370435
11897 80.590696 19.409304 54.986634
12470 90.337716 -9.662284 11.390984
18695 80.214002 -19.785998 24.080190
15712 14.406862 -1.896969 98.103031
5614 17.060363 -5.990614 5.990614
2792 92.756581 7.243419 15.263461
8862 93.827908 6.172092 13.937677
8615 27.621942 27.621942 69.450458
15655 10.051939 -1.384934 98.615066
4715 10.108267 -1.462741 98.537259
11860 74.808500 -25.191500 66.542729
3081 47.055640 -1.368567 1.368567
12748 19.087099 19.087099 53.175627
2038 54.384161 14.903826 85.096174
27319 52.971644 13.197783 86.802217
14985 2.283580 -2.283580 28.210245
3032 1.777634 -1.777634 28.159333
14986 1.746476 -1.746476 27.485888
20819 50.492878 47.225042 52.774958
16496 45.476618 -16.032017 16.032017
16495 46.106501 -16.340014 16.340014
7305 17.434652 -15.144038 84.855962
13912 95.305885 4.694115 88.463382
2899 28.584023 14.163594 14.163594
27867 98.668695 -1.331305 44.316827
27865 99.010869 -0.989131 44.275551
12571 98.774982 1.225018 14.047669
12572 97.869644 2.130356 14.124582
2851 89.568468 6.222872 6.222872
9430 90.414328 5.440519 5.440519
9429 88.682024 5.758387 5.758387
2361 41.698100 24.189300 24.189300
12428 40.794245 23.673028 23.673028
3018 58.620460 -32.528934 32.528934
18983 59.595478 -31.714103 31.714103
6324 25.206255 -2.376903 97.623097
2615 93.521110 6.478890 40.228303
3362 91.058116 -8.941884 22.988491
20102 37.237401 19.847365 19.847365
13793 37.156773 20.596182 20.596182
10872 84.659034 15.340966 31.800163
3755 84.796785 15.203215 32.157664
15742 75.488767 11.765094 88.234906
27613 74.466955 10.918643 89.081357
16398 79.497271 0.246212 99.753788
16399 79.525799 0.671023 99.328977
6200 10.281311 10.281311 18.800260
20057 1.261274 1.261274 91.446590
6331 91.961597 -8.038403 51.464909
9235 22.221997 -7.291974 7.291974
4570 43.024276 30.036346 30.036346
15304 25.425490 -25.425490 65.736756
18322 45.667378 -15.581258 15.581258
18953 90.208669 -9.791331 15.578375
7122 73.543571 -26.456429 64.751501
9328 65.989122 18.574531 18.574531
5751 66.220183 19.367373 19.367373
602 67.116206 18.710239 18.710239
821 99.073327 0.926673 27.441309
8464 99.116020 0.883980 26.971221
19625 3.168507 -3.168507 11.616035
13899 55.063219 -32.371112 32.371112
7948 73.579818 -26.420182 53.820885
3316 54.618882 23.927903 23.927903
13847 54.819559 24.898149 24.898149
6945 33.850849 -26.849264 73.150736
3777 59.838012 -20.558843 20.558843
16640 99.417470 0.582530 28.579351
13007 99.261663 0.738337 28.142498
14100 48.234155 -7.640462 7.640462
18317 48.832839 -8.208135 8.208135
17903 36.994514 -5.906465 5.906465
4739 36.869139 -5.107546 5.107546
19777 72.827797 -27.172203 47.957761
14548 73.560235 -26.439765 47.030741
1178 73.910601 -26.089399 30.411501
6463 73.805695 -26.194305 29.770177
1662 47.633590 -9.929402 9.929402
16929 51.510682 -9.338057 9.338057
16019 51.004818 -8.607803 8.607803
594 80.855791 -19.144209 48.956137
6894 80.869542 -19.130458 49.231009
14101 47.993937 -6.842732 6.842732
15612 98.916374 1.083626 37.895392
20610 98.408989 1.591011 37.233610
1397 24.085046 -7.798742 92.201258
6741 24.910749 -8.162467 91.837533
19928 25.039411 -7.356397 92.643603
1020 90.556052 -3.950275 3.950275
19232 91.898767 -2.961759 2.961759
6278 93.606861 -3.122081 3.122081
16018 49.737758 -8.509272 8.509272
15254 51.344925 -41.647307 58.352693
3016 51.961304 -41.884223 58.115777
13700 51.672999 -41.467845 58.532155
16594 4.540575 -4.540575 5.791734
1309 63.871661 36.128339 47.204818
6876 62.625287 37.374713 48.384103
19006 48.785255 -10.723607 10.723607
1402 16.516573 -16.516573 80.664696
20839 17.253610 -17.253610 81.568757
16144 84.234729 15.765271 30.200105
15338 47.735747 42.361012 42.361012
4831 47.900774 41.024473 41.024473
15243 33.513836 -8.491862 8.491862
6030 76.170622 -19.634736 80.365264
16258 21.278646 -12.081271 12.081271
8051 21.774194 21.774194 78.225806
13393 59.210526 0.000000 100.000000
4524 60.526316 0.000000 100.000000
1375 43.604402 -8.081070 8.081070
7109 46.445901 -9.718388 9.718388
15073 45.645900 -10.223020 10.223020
1661 45.111623 -9.587995 9.587995
10164 44.367624 -10.188640 10.188640
10163 43.698241 -9.531558 9.531558
17988 49.912209 -15.238936 15.238936
18717 23.171554 -23.171554 38.381842
2160 10.156263 10.156263 15.173527
18087 97.895106 -2.104894 30.219415
3087 6.295464 -0.226054 99.773946
3789 98.048249 -1.951751 3.317744
10976 99.262461 -0.737539 2.981400
1313 55.683930 -44.316070 53.189909
2553 1.606879 1.606879 15.026515
10165 42.962065 -10.143915 10.143915
2171 42.440903 -9.521322 9.521322
7861 42.844439 -8.874026 8.874026
10566 93.421468 6.578532 24.909429
7859 41.236350 -9.090955 9.090955
7860 41.623950 -8.145795 8.145795
19590 39.715176 -9.619414 9.619414
13177 58.122414 -40.322709 59.677291
17618 87.728530 12.271470 33.324368
10474 81.083749 18.916251 30.428018
5305 30.685501 -30.685501 68.565369
20310 9.368512 -9.368512 87.889254
4937 7.698489 -7.698489 87.662879
19247 7.615710 -7.615710 86.655393
6325 26.363841 -2.004042 97.995958
12398 45.253371 19.135595 19.135595
15129 57.500628 35.034261 35.034261
4013 56.656567 34.413670 34.413670
18691 38.662839 -5.373809 5.373809
3072 42.105263 0.000000 100.000000
20186 68.548387 31.451613 68.548387
11917 67.675460 31.000593 68.999407
2588 98.800689 1.199311 17.794280
14819 67.993097 -18.409093 18.409093
7973 57.766403 -38.136908 61.863092
11735 11.479390 -11.479390 17.749084
18936 96.173949 3.826051 11.427709
5692 32.830673 12.715191 12.715191
20 61.428723 38.571277 49.256020
12537 7.294011 -1.352189 98.647811
1622 36.106206 -36.106206 46.406761
14047 14.898313 -1.355118 98.644882
19743 67.319905 -26.628229 73.371771
8065 7.363713 -7.363713 51.448716
1885 29.345679 29.345679 32.793593
16659 22.039713 -22.039713 68.019490
11257 64.107017 33.280942 33.280942
16012 64.239795 34.360318 34.360318
646 82.126174 17.873826 26.446551
9555 97.402992 2.597008 29.171923
10289 72.943648 27.056352 56.198554
2614 25.658457 -5.778491 5.778491
7626 22.696817 -22.696817 74.910995
8637 56.458710 -15.021112 15.021112
9070 65.415599 -34.584401 56.916902
9067 65.809288 -34.190712 56.882740
9071 65.344893 -34.655107 57.307984
17714 17.282798 17.282798 27.222982
3508 18.297376 18.297376 26.842528
20737 18.408977 -18.408977 65.908885
15336 44.265142 24.875805 24.875805
4479 45.106631 24.574800 24.574800
27965 91.817060 -8.182940 75.431313
8441 27.665401 -6.830902 6.830902
8421 38.534681 38.534681 47.026777
1243 71.528635 28.471365 42.997137
6044 4.867172 -4.867172 31.703292
10080 38.265342 -38.265342 60.893280
203 15.455228 -15.455228 31.180425
5312 15.326742 -15.326742 30.584558
3958 31.696821 -31.696821 63.085731
18215 68.620579 -6.396728 6.396728
8233 67.136483 -6.165747 6.165747
15923 6.866321 -6.866321 31.175095
20150 87.253809 12.746191 25.851101
17809 80.745204 -18.208943 18.208943
129 80.769231 -19.230769 19.230769
8321 17.230116 4.983022 4.983022
1731 15.144645 5.019458 5.019458
20671 16.432755 5.559654 5.559654
10822 36.135643 -2.359175 2.359175
13819 58.227886 -32.302035 67.697965
99 58.381772 -32.741090 67.258910
17969 26.969892 -3.686898 3.686898
5475 29.509011 -3.400448 3.400448
359 28.770028 -4.557482 4.557482
2454 76.960064 23.039936 48.937652
8859 29.494010 -29.494010 34.765236
17566 11.252737 -1.594284 98.405716
5552 31.142576 -5.248438 5.248438
5474 31.465952 -4.165840 4.165840
9278 87.597824 12.402176 52.870411
4401 70.345856 -29.654144 54.078957
12899 70.806097 -29.193903 53.849870
17940 69.740956 30.259044 67.182171
3264 69.354839 30.645161 69.354839
3020 13.262063 13.262063 25.924417
5209 79.137502 -9.704781 9.704781
108 79.561195 -9.863473 9.863473
12049 55.527062 -19.445905 19.445905
3471 56.573296 -18.771686 18.771686
10603 46.244827 -2.785335 97.214665
1104 78.505562 -16.909565 83.090435
16844 56.334127 -31.402936 68.597064
342 3.656025 -3.656025 36.728014
7379 4.309371 -4.309371 37.286292
14779 22.176708 -22.176708 76.582600
1015 22.596154 -22.596154 77.403846
14780 21.909866 -21.909866 77.379383
8902 42.601126 -40.206294 59.793706
20704 11.714860 11.714860 47.511189
18118 58.320326 -38.409293 61.590707
14222 60.844890 -27.560967 27.560967
14246 59.748082 -28.235326 28.235326
9567 83.842719 16.157281 36.936812
17410 95.825380 -4.174620 21.338672
3294 34.698473 34.698473 50.391365
14663 2.033302 -2.033302 10.909620
15627 66.758874 -33.241126 55.984809
10320 13.189066 -13.189066 26.363458
3510 13.678346 -13.678346 27.167359
19758 28.770167 25.986084 25.986084
6359 71.009151 26.650164 73.349836
368 33.524849 8.802098 8.802098
8726 32.028110 8.323143 8.323143
1646 71.390741 -28.609259 53.552978
4800 26.333943 -26.333943 41.177547
27196 26.511649 -26.511649 41.432442
8044 13.965147 -13.965147 40.880417
6335 16.890934 -16.890934 32.332987
11575 16.266151 -16.266151 32.112635
10493 41.008207 -25.262902 25.262902
19551 50.903954 -36.955724 36.955724
2923 48.194459 -40.310903 59.689097
17741 74.593908 -25.406092 30.669107
15187 13.938881 -13.938881 68.403852
4152 10.947600 -10.947600 29.171561
3690 22.490336 -22.490336 25.061821
197 31.250000 -31.250000 68.750000
14173 31.224502 -31.224502 68.132730
6242 51.780150 -47.216334 52.783666
15700 39.062330 -37.606134 62.393866
12016 54.441084 -39.067298 60.932702
9731 54.771457 -39.202232 60.797768
8800 54.776843 -39.054406 60.945594
15091 62.824353 6.221712 93.778288
19254 62.266500 4.980641 95.019359
1640 38.771347 -38.771347 43.488449
7194 39.322678 -39.322678 43.591406
2267 24.677450 5.276617 5.276617
10286 26.900512 4.948087 4.948087
14269 52.526324 -8.722608 8.722608
8491 95.020266 4.979734 51.689854
10236 22.074705 -22.074705 28.843559
10746 84.470631 -15.529369 42.310270
11323 73.929207 26.070793 51.808874
10966 74.919234 25.080766 52.165015
9757 40.936884 -34.059025 34.059025
472 38.659160 36.426960 36.426960
11127 89.981940 -10.018060 16.305130
10284 27.506509 3.836626 3.836626
16873 98.442304 1.557696 3.397857
13940 38.514255 37.300304 37.300304
5600 37.563122 36.307768 36.307768
19218 9.149962 9.149962 27.150500
8118 7.728415 7.728415 26.154158
10327 70.651047 1.716554 98.283446
17209 77.592295 22.407705 39.281989
4605 77.853055 22.146945 39.869275
1546 1.448001 -1.448001 35.297397
4783 8.650565 -8.650565 18.457552
775 34.246337 -34.246337 62.846663
14114 76.115448 -23.884552 46.471254
15585 55.929694 25.233161 25.233161
3438 55.037916 25.884194 25.884194
6959 68.757009 15.454898 84.545102
1555 68.666889 14.011386 85.988614
148 31.572318 31.572318 34.761172
20173 33.197512 33.197512 44.841792
10663 28.628694 -28.628694 62.399521
14822 28.836809 -28.836809 61.636609
19704 89.459231 -10.540769 11.844202
13341 7.540317 -7.540317 14.793797
6720 28.649604 19.304043 80.695957
19459 24.665083 -15.894934 15.894934
17993 70.464460 -20.624083 79.375917
2130 4.425421 -4.425421 34.870350
14289 23.225751 6.076617 6.076617
3775 8.653846 -8.653846 91.346154
1245 6.566543 -6.566543 36.031858
6548 6.647405 -6.647405 35.017615
12510 7.371085 -7.371085 35.879781
10560 6.060240 6.060240 31.445473
7897 7.204449 7.204449 30.459588
1888 33.114274 -18.491125 18.491125
11778 34.078951 -18.474129 18.474129
10397 70.444250 -18.136033 18.136033
11946 55.653993 34.765837 34.765837
5849 38.479258 -31.632030 68.367970
16007 77.641448 -22.358552 36.097081
4641 78.946703 -21.053297 35.480162
2959 77.652127 1.864523 98.135477
9184 79.151871 1.721800 98.278200
10130 70.604306 -10.608252 89.391748
9892 3.052822 -3.052822 31.489112
19891 99.643744 0.356256 19.721445
4491 33.495525 -33.495525 63.180913
13235 33.338215 -33.338215 63.183724
14773 28.426264 -16.599492 16.599492
16171 85.218288 14.781712 46.452662
6042 5.209541 -5.209541 31.197701
6653 14.744254 -14.744254 30.101319
13945 94.147991 5.852009 26.844770
12429 7.439418 -7.439418 34.928507
1247 6.744518 -6.744518 33.930723
6550 5.902526 -5.902526 34.170187
6392 74.189819 -25.810181 67.837170
6391 73.544746 -26.455254 68.443358
17675 64.447088 35.552912 54.439695
1182 86.346724 -13.653276 35.084173
27427 86.828208 -13.171792 34.721075
27428 86.797399 -13.202601 34.971113
8039 87.295806 -12.704194 34.707005
3867 13.307619 -13.307619 50.058815
19454 12.447302 -12.447302 49.809711
3558 55.945922 14.762610 14.762610
10430 54.968861 14.847586 14.847586
10429 55.660479 15.495745 15.495745
16853 48.321412 -8.362601 91.637399
3073 46.423228 -5.853345 94.146655
4895 44.681541 -37.511054 37.511054
1120 74.233188 -25.766812 69.002659
17805 73.891420 -26.108580 40.680918
6780 74.963323 -25.036677 39.982868
6520 72.997759 -27.002241 68.783789
1222 73.074388 -26.925612 68.411372
17033 73.409082 -26.590918 68.144030
12381 19.888535 -19.888535 35.133616
3355 19.868399 -19.868399 34.396630
13592 53.034056 -37.042254 37.042254
16972 56.413425 -33.902133 66.097867
3414 47.787800 -3.286603 96.713397
20443 23.950087 -0.875745 99.124255
15609 4.090779 -4.090779 46.722376
11888 4.182612 -4.182612 34.977129
3606 3.757644 -3.757644 35.102504
20498 73.052898 -26.947102 49.728952
20584 73.212834 -26.787166 49.800017
6385 72.930014 -27.069986 50.055524
12421 78.511494 -7.387625 7.387625
3725 76.379134 -7.772391 7.772391
13087 77.564175 -6.774086 6.774086
14752 23.879764 -19.998476 80.001524
2243 22.891933 -20.274613 79.725387
18153 24.383026 -20.606026 79.393974
7843 44.571807 -44.571807 53.625536
13410 92.299189 -7.700811 26.903178
4530 91.858871 -8.141129 27.668083
2499 3.167633 -3.167633 32.364838
20127 89.052893 10.947107 16.414801
2108 25.842281 -11.962275 88.037725
7623 42.816111 27.045823 27.045823
975 95.974278 -4.025722 16.730877
12659 76.147367 -23.852633 51.784144
4327 75.983912 -24.016088 52.137807
2087 59.790210 -40.209790 59.790210
5010 85.142396 14.857604 27.653310
15530 20.715505 20.715505 25.221332
14353 21.544954 21.544954 26.260380
418 19.051582 19.051582 36.412527
12508 20.569114 20.569114 35.272151
12507 18.891815 18.891815 34.406822
14641 17.103953 17.103953 35.012688
6169 48.171298 -43.077326 56.922674
9921 48.656954 -43.064161 56.935839
4167 96.937830 -3.062170 25.753773
16655 4.679389 -1.929081 98.070919
16755 4.602980 -2.024630 97.975370
19991 46.159322 -44.920110 55.079890
3515 47.094260 -45.109827 54.890173
10330 46.780087 -44.655434 55.344566
3195 6.220025 6.220025 79.022638
16311 2.904070 2.904070 78.773014
20762 18.018442 -18.018442 55.219257
287 24.175787 12.960193 12.960193
20707 24.978570 12.178739 12.178739
7802 4.247275 -4.247275 34.505808
3464 12.681814 12.681814 65.344741
12122 14.510645 14.510645 65.008812
12175 22.615416 17.118078 17.118078
10551 20.937366 16.734853 16.734853
3601 80.307475 19.692525 72.823334
10116 62.854303 -35.196705 64.803295
14120 6.740927 -1.051895 98.948105
14319 46.850268 -38.848743 38.848743
2131 3.938693 -3.938693 33.922088
13467 89.487605 10.512395 19.372845
274 40.502087 40.502087 51.640278
1394 21.890469 -21.890469 28.455953
17331 67.687880 -32.312120 56.652192
6580 36.773029 25.664921 74.335079
27320 37.470706 26.230362 73.769638
18927 55.645161 44.354839 55.645161
19435 57.718328 42.281672 54.670526
5713 32.493858 10.665014 10.665014
9836 83.201441 16.798559 35.930139
9173 60.354828 39.645172 46.356438
17131 27.404371 27.404371 47.821209
17186 34.764632 18.764103 18.764103
11131 35.642334 18.724539 18.724539
6056 16.852108 16.852108 36.821908
14642 15.171785 15.171785 35.449461
2483 36.620540 -16.403483 16.403483
13258 35.830862 -16.457750 16.457750
14193 25.522443 -25.522443 35.882145
806 25.645322 -25.645322 35.101813
10132 93.838989 6.161011 27.924461
16909 93.409415 6.590585 28.556113
1451 22.402061 -9.270000 9.270000
17002 20.814595 -8.952431 8.952431
6813 21.861558 -8.553162 8.553162
12521 55.222742 -29.325861 70.674139
20359 54.831854 -28.649871 71.350129
2906 54.311055 -28.940617 71.059383
7380 4.290305 -4.290305 36.456944
12596 50.994327 -32.250842 67.749158
16832 50.335182 -31.947104 68.052896
18803 78.299473 21.700527 25.849719
16449 2.904435 -2.904435 39.778052
4953 2.878363 -2.878363 39.304423
18826 3.210806 -3.210806 39.427681
1989 75.334572 8.418523 8.418523
6501 67.428892 16.548924 16.548924
15669 70.062961 2.329370 97.670630
8353 89.357717 -10.642283 31.442073
16883 9.224206 -7.342409 7.342409
11815 66.202861 -33.797139 39.128368
4225 51.265239 -43.479024 56.520976
12272 50.812295 -43.650533 56.349467
9736 33.412650 -33.412650 50.707599
14002 33.858523 29.704141 29.704141
14000 34.615956 31.084615 31.084615
12135 35.451973 -33.040433 33.040433
18777 1.583535 -1.583535 29.844240
17870 85.530367 14.469633 37.601606
17513 85.241599 14.758401 37.351872
12609 84.960347 15.039653 37.872101
6619 32.643628 -27.968043 72.031957
59 32.532614 -28.379018 71.620982
6495 73.906748 26.093252 39.711914
4193 23.168275 18.032482 18.032482
6824 85.555056 14.444944 77.378595
6826 86.077788 13.922212 75.620057
6766 66.796674 -29.975507 70.024493
19503 66.894282 -30.552442 69.447558
1417 67.458403 -30.489211 69.510789
20161 11.549595 -11.549595 15.498905
11451 10.480738 10.480738 39.058400
11450 12.028171 12.028171 39.772447
4666 43.177256 -36.222663 63.777337
8821 83.108878 3.409793 96.590207
9040 83.411407 3.512310 96.487690
2771 83.145032 3.514592 96.485408
544 78.940605 21.059395 22.480867
5738 81.358817 -18.641183 48.523886
18880 17.169092 17.169092 44.115278
19145 18.526254 18.526254 44.614476
8982 60.196491 -23.095006 76.904994
16910 14.232754 14.232754 57.415351
20300 54.072864 -15.873781 15.873781
20851 54.804173 -15.742400 15.742400
1512 75.032538 -24.967462 52.746608
5767 37.446429 -37.446429 42.734078
18323 3.411624 -3.411624 40.153045
19112 73.437188 -26.562812 41.384114
14076 97.138867 2.861133 44.354024
11060 55.589823 -9.992799 9.992799
9504 56.832190 -9.576630 9.576630
19599 53.241917 -40.570317 40.570317
18382 52.934385 -41.996579 41.996579
2692 52.015174 -40.949239 40.949239
8093 14.923094 -2.383851 97.616149
2028 3.902027 -3.902027 27.103568
7659 3.885809 -3.885809 27.752756
7658 3.317332 -3.317332 27.076145
20379 21.406075 -11.158836 11.158836
10232 6.480513 -1.472833 98.527167
4534 69.580420 -30.419580 69.580420
19000 71.576229 17.729822 17.729822
669 60.837155 23.746465 23.746465
5830 61.647302 23.012123 23.012123
5832 60.557101 22.849879 22.849879
321 26.454023 14.844415 14.844415
27649 27.268186 14.992549 14.992549
19152 10.907111 -3.017076 96.982924
19365 31.315009 -13.643084 13.643084
11145 31.966780 -13.100911 13.100911
8757 70.941802 -29.058198 36.840202
4623 92.197108 -7.802892 18.531317
11 31.758930 -21.887904 78.112096
5105 30.818095 -21.221029 78.778971
5107 30.636703 -21.796497 78.203503
5269 85.773788 -14.226212 45.617617
5268 85.111786 -14.888214 46.596229
20115 87.084471 12.915529 21.947365
5579 80.166499 -19.833501 50.837062
455 80.519516 -19.480484 50.918141
5757 60.631783 -14.705792 14.705792
5758 59.924150 -14.930288 14.930288
7971 57.015692 -37.963619 62.036381
17215 39.762807 27.799215 27.799215
17214 40.913552 27.826166 27.826166
916 40.179092 26.797196 26.797196
10659 67.222037 -32.777963 50.603944
1810 66.305995 -33.694005 50.485306
3367 97.422349 2.577651 33.137720
15843 83.567055 -15.239336 84.760664
4888 82.535320 -14.594941 85.405059
3817 11.199055 -1.205402 98.794598
18893 58.887465 -26.525157 73.474843
498 59.729265 -26.231475 73.768525
15668 69.888358 1.943224 98.056776
8298 91.951838 -8.048162 16.495386
1757 4.868433 4.868433 83.337304
13712 77.425614 22.574386 57.084862
20596 78.139259 21.860741 57.398731
8340 25.501496 -25.501496 37.817571
15617 91.131054 -8.868946 21.834718
15616 90.059323 -9.940677 22.139008
4604 90.871347 -9.128653 21.494107
3344 13.874853 13.874853 79.572300
9722 10.923246 -10.923246 41.170609
18467 52.275331 -20.365580 20.365580
2204 80.403430 -19.596570 39.867665
7898 80.077844 -19.922156 39.839635
9658 76.028242 -23.971758 51.075744
15701 38.879364 -37.158174 62.841826
14452 39.349099 -37.030227 62.969773
7056 66.629461 33.370539 34.873708
13655 66.643640 33.356360 36.227745
1621 68.183330 31.816670 35.064919
10942 58.711776 -20.726941 20.726941
10941 58.235940 -21.705944 21.705944
610 56.958674 -20.971160 20.971160
11699 89.649343 -10.350657 16.647774
3843 89.251442 -10.748558 16.653097
18026 63.102399 36.897601 60.988679
1794 8.437177 -8.437177 72.783113
8350 4.110766 -4.110766 33.398473
12583 45.366603 43.245494 56.754506
9454 57.141728 -33.768674 66.231326
13591 52.833199 -35.940726 64.059274
20400 24.768760 24.768760 40.691151
15030 25.728766 25.728766 40.312148
11711 81.872042 4.241596 95.758404
16772 81.431286 4.298157 95.701843
4052 81.558259 4.147416 95.852584
20397 27.769880 15.021647 15.021647
15165 14.360511 -14.360511 32.810374
10278 82.230108 17.769892 77.988466
2252 84.385415 -4.328661 4.328661
7533 56.436692 -39.100592 60.899408
6117 46.355390 -28.395547 28.395547
14387 42.468082 -29.326527 29.326527
66 29.959760 -29.959760 44.770752
14981 30.340111 -30.340111 45.331774
18266 29.699730 -29.699730 45.260039
5357 99.444933 0.555067 21.295166
12928 9.691802 -1.348367 98.651633
3030 1.983196 -1.983196 29.660841
17213 2.477185 -2.477185 30.240517
5053 42.922449 -26.845530 73.154470
9724 10.742128 -10.742128 40.050268
19861 11.490558 -11.490558 39.617409
19981 38.142143 -24.008477 75.991523
17442 37.141113 -23.732556 76.267444
3767 37.530251 -24.194490 75.805510
3222 100.000000 0.000000 30.555556
8642 30.988470 8.789801 8.789801
5484 32.217043 9.203810 9.203810
14638 5.046072 -1.229226 98.770774
15094 88.044238 -11.955762 31.958744
2444 87.154190 -12.845810 32.227572
7925 74.988615 -25.011385 34.237039
7681 90.474524 9.525476 75.674768
7683 91.727815 8.272185 73.423671
10604 67.533095 -32.466905 54.802266
2269 48.572124 -34.581702 65.418298
12511 55.579224 -44.420776 47.955213
1128 56.583350 -43.416650 47.124655
17615 71.052632 0.000000 100.000000
15994 71.023909 0.480328 99.519672
4139 69.736842 0.000000 100.000000
2002 11.443694 -11.443694 38.648465
18472 12.205813 -12.205813 39.290551
3139 55.775019 -9.371524 9.371524
18312 94.354819 -5.645181 23.654744
3286 94.297673 -5.702327 23.990614
16197 94.799715 -5.200285 20.444446
11433 85.877068 14.122932 61.871154
2828 84.148557 15.851443 63.089265
8553 31.869615 -28.593284 71.406716
16002 88.699240 -8.918164 8.918164
2929 89.545494 -8.284204 8.284204
119 16.523225 -16.523225 50.096870
11763 16.918171 -16.918171 49.651611
3953 68.952582 -17.856451 82.143549
18923 15.456535 -3.845233 96.154767
18444 16.163812 -3.801563 96.198437
3352 5.136031 -3.139468 96.860532
9968 4.897689 -3.107884 96.892116
11764 5.143517 -3.223045 96.776955
4994 70.918068 -14.910179 14.910179
18205 54.608703 -45.391297 49.837559
2043 93.369833 6.630167 72.120654
5462 4.382689 -4.382689 16.615321
13782 91.892201 -8.107799 21.254857
19582 62.934440 -14.467347 85.532653
20265 64.894921 -14.543277 85.456723
16231 8.945403 -8.945403 37.485358
1271 64.592728 -35.407272 36.134702
624 38.036359 -38.036359 51.722121
5777 38.433196 -38.433196 51.693827
15716 96.825591 3.174409 18.895142
20174 97.308414 2.691586 18.439082
12314 57.780164 29.503704 29.503704
9035 58.708006 29.898403 29.898403
2874 58.539566 29.143257 29.143257
5861 33.597105 -33.597105 64.115240
3318 76.121142 21.402883 21.402883
27594 81.279601 10.630183 89.369817
5237 82.281917 11.337012 88.662988
10457 69.453017 -30.546983 35.689157
11158 68.732578 -31.267422 36.748606
3571 67.766032 -32.233968 36.479409
1188 72.368421 0.000000 100.000000
9375 34.999508 8.884833 8.884833
14445 21.591964 -16.989612 16.989612
14303 37.355916 -34.553835 34.553835
10539 10.600684 -10.600684 36.879220
9889 53.521891 23.571563 23.571563
10011 57.660164 -41.282733 58.717267
2085 55.841450 -44.158550 54.282723
7739 56.602311 -43.397689 53.836932
10020 87.189379 -12.810621 33.926905
10022 87.212818 -12.787182 33.514659
19852 10.196109 10.196109 44.632127
15372 63.114775 -36.885225 39.832763
3006 17.854574 -17.854574 20.182551
3522 52.193425 -19.433569 19.433569
10145 8.563478 -8.563478 34.501889
3423 8.089283 -8.089283 34.349742
12430 7.626583 -7.626583 34.203877
12431 8.113431 -8.113431 34.845347
15600 98.692488 1.307512 50.131036
5853 72.711317 -27.288683 55.862683
17967 66.625262 14.050122 85.949878
17968 64.509388 12.545339 87.454661
12230 83.549475 16.450525 26.779991
12229 82.920833 17.079167 27.230855
10126 6.272182 -4.580586 4.580586
18061 83.050378 16.949622 25.737379
15089 26.823138 -26.823138 31.290945
1076 73.205239 -12.065358 12.065358
6915 41.807214 -41.807214 49.687494
1523 42.082730 -42.082730 49.286024
11344 42.556617 -42.556617 49.721971
20332 67.953873 -32.046127 55.339415
4811 68.538126 -31.461874 54.998471
70 89.245145 -10.754855 17.690662
13167 83.541129 -16.458871 51.397659
14709 70.184619 -29.815381 35.984512
10462 9.436487 9.436487 24.497042
9197 78.544542 21.455458 41.487413
14126 77.598132 22.401868 41.629979
6909 9.083613 -9.083613 26.530229
9099 70.043291 29.134963 29.134963
5220 16.492361 -16.492361 50.705844
17850 85.955867 14.044133 26.719419
2021 86.390620 13.609380 26.822308
18175 86.593918 13.406082 26.290748
7900 79.337132 -20.662868 40.373845
15604 78.578177 -21.421823 41.057143
18677 86.471621 13.528379 33.447933
20547 74.377819 14.514928 14.514928
804 77.808954 -22.191046 49.775828
7218 65.263298 2.525992 97.474008
1746 65.800265 2.698511 97.301489
4141 3.365319 -3.365319 22.151261
11975 2.983977 -2.983977 21.422710
840 5.032205 -5.032205 42.966016
8606 5.567482 -5.567482 43.449758
15519 83.641133 -16.358867 28.205993
4125 59.090909 -40.909091 59.090909
7062 9.285310 9.285310 60.470367
7403 10.593281 10.593281 59.892997
7404 9.281261 9.281261 59.213296
9806 53.947632 -24.938475 24.938475
14287 53.998356 -25.848881 25.848881
3272 53.012028 -25.492900 25.492900
20679 12.276793 -12.276793 51.033161
7049 31.532896 -27.021586 72.978414
12295 22.253437 22.253437 35.721004
13105 75.824543 -12.027619 12.027619
4433 74.738349 -12.682858 12.682858
13823 40.150902 8.062477 8.062477
13824 42.432493 7.396246 7.396246
13825 39.969370 6.337931 6.337931
3458 84.888315 15.111685 29.694921
557 80.087180 19.912820 43.188811
9838 69.063359 -14.933758 14.933758
5158 68.313043 -14.436353 14.436353
9932 14.135151 -0.238853 99.761147
2485 14.823386 -0.384137 99.615863
9025 15.206326 -0.205064 99.794936
18846 74.770787 25.229213 30.145852
16173 60.428230 -28.710597 71.289403
20372 60.757677 -29.699977 70.300023
16643 45.398988 -24.347422 24.347422
9967 64.109863 15.331592 84.668408
2474 63.820489 16.518155 83.481845
8631 14.508865 -14.508865 22.731623
12304 82.107550 -17.892450 55.599472
3544 69.553991 -18.760544 18.760544
16616 76.475962 -23.524038 48.212269
14723 29.962144 -9.427689 90.572311
327 28.355953 -10.212599 89.787401
19008 11.491527 -11.491527 26.729072
1823 35.520805 35.520805 60.267303
7001 46.205589 -11.755788 88.244212
7002 44.358728 -10.286795 89.713205
7000 44.325249 -11.925650 88.074350
6370 84.197094 4.115499 95.884501
17893 32.604052 -25.428247 74.571753
2805 45.004182 -4.307640 4.307640
17502 45.866680 -3.111364 3.111364
14549 73.892147 -26.107853 46.289330
14999 38.435326 -24.660723 75.339277
6093 34.572535 -27.207283 72.792717
6094 35.235030 -27.627997 72.372003
9271 17.340862 -17.340862 19.369475
9369 17.170972 -17.170972 19.964745
6243 16.427612 -16.427612 18.862819
12610 84.358599 15.641401 38.231207
1135 84.191542 15.808458 38.758695
12608 84.789118 15.210882 38.382852
20085 41.228070 -41.228070 41.228070
16008 78.297962 -21.702038 36.399336
1548 2.478338 -2.478338 36.464438
20905 80.832785 19.167215 29.533360
11292 34.749599 12.428428 12.428428
5016 14.482840 -14.482840 26.104821
16782 20.427234 -1.075655 98.924345
1775 38.253073 -35.120003 64.879997
7264 37.829284 -34.797809 65.202191
11347 62.671555 30.009888 30.009888
8094 62.425381 31.085058 31.085058
15845 63.471737 30.673774 30.673774
12296 23.563106 23.563106 35.526501
9018 22.287724 -6.655822 93.344178
9020 22.592575 -7.225082 92.774918
5177 30.589002 -25.992385 74.007615
12520 30.981448 -26.087973 73.912027
20289 48.347785 -19.710427 80.289573
11248 49.309676 -20.665526 79.334474
19825 49.890114 -20.060043 79.939957
8845 11.972357 -9.730860 90.269140
8846 11.838762 -9.311967 90.688033
12658 76.495318 -23.504682 51.776025
9963 15.970709 -15.970709 20.518810
11662 63.288346 -36.711654 49.654573
14968 61.909617 -38.090383 50.024098
15936 62.965034 -37.034966 49.014732
7015 25.921007 -19.684872 19.684872
19683 23.796547 -23.796547 38.435597
409 23.699471 -23.699471 38.991332
20689 17.239233 -17.239233 39.031470
16195 17.189502 -17.189502 39.411599
18800 68.981383 -31.018617 31.892930
13734 37.101329 9.284198 9.284198
2349 62.054999 -37.945001 52.143405
9307 49.320272 -11.856879 11.856879
18696 86.136730 13.863270 37.291921
6884 86.842560 13.157440 36.770109
923 85.346523 14.653477 35.356954
18652 85.822840 14.177160 34.797721
10706 10.382189 -1.737896 98.262104
16386 45.642562 -30.264824 69.735176
8622 25.582068 -25.582068 53.160533
13867 2.121361 -2.121361 36.729789
10523 2.243116 -2.243116 37.489533
15387 17.256398 -17.256398 29.802280
10212 27.251448 16.636061 16.636061
11572 28.404188 16.783720 16.783720
6767 67.735465 -30.109082 69.890918
6768 67.054653 -29.418759 70.581241
7267 38.034423 -35.302353 64.697647
27526 2.168933 2.168933 25.588530
19794 2.412565 2.412565 24.632625
3364 35.636433 12.240761 12.240761
7580 93.311954 6.688046 22.313788
16280 87.444333 -9.729196 90.270804
3141 69.433401 -30.566599 66.007989
15563 28.029192 23.555349 23.555349
5162 30.780179 -30.780179 44.929429
4413 64.873535 -35.126465 58.479073
6487 77.500194 22.499806 51.383015
1197 78.455494 21.544506 51.531239
6488 78.974553 21.025447 50.377308
7618 79.971548 2.669287 97.330713
3946 6.762378 -1.272342 98.727658
12536 7.059487 -1.348013 98.651987
10745 83.219345 -16.780655 43.328061
7651 83.435180 -16.564820 42.508014
8022 3.768229 -3.768229 46.254863
18928 49.522900 -3.644559 96.355441
2277 39.031289 15.809132 15.809132
8006 37.759392 16.088868 16.088868
6524 71.689673 -28.310327 64.140862
17173 71.460162 -28.539838 64.603089
17985 93.835545 -6.164455 20.498064
4462 92.871533 -7.128467 21.084821
13064 37.591947 -37.591947 43.598809
19386 71.878767 -28.121233 64.277131
14124 73.166731 -26.833269 68.043661
6521 72.723981 -27.276019 68.674010
16869 23.402117 23.402117 49.117803
13037 32.422119 -32.422119 47.672662
1383 29.439714 17.737107 82.262893
19606 48.049477 -9.944610 90.055390
19398 64.220190 -7.519863 7.519863
7590 66.299192 -7.471665 7.471665
1983 65.139579 -8.517017 8.517017
9410 53.600309 34.883626 65.116374
1150 9.133838 -9.133838 11.333064
17492 69.941171 -15.301474 15.301474
17491 70.347354 -14.567529 14.567529
17828 76.718442 -23.281558 32.486697
1284 75.767462 -24.232538 32.593503
17829 76.863582 -23.136418 31.806936
7329 38.476935 -34.921505 65.078495
13330 38.017669 -34.540612 65.459388
3585 60.344176 14.325443 14.325443
4253 7.899940 -7.899940 15.992988
19330 8.278979 -8.278979 17.224161
16614 7.141269 -7.141269 16.454420
1368 31.655029 19.389289 80.610711
6704 29.981233 19.957841 80.042159
6719 30.733666 18.601284 81.398716
1066 6.531471 6.531471 50.364809
16379 71.306982 -28.693018 69.614887
4529 16.129730 -16.129730 76.957499
982 92.380187 -7.619813 17.221017
7024 92.008055 -7.991945 17.641754
7026 91.716843 -8.283157 17.464096
1534 38.782274 -34.724080 65.275920
1811 64.688166 -35.311834 52.196067
20508 78.563824 21.436176 33.459076
2687 52.955151 47.044849 48.663343
14792 23.388635 -23.388635 37.535476
2779 83.962889 5.994868 94.005132
14062 19.347650 3.336118 3.336118
8781 71.998588 4.769594 95.230406
16452 53.908319 34.165486 34.165486
15680 54.368097 33.279022 33.279022
13407 16.349400 -16.349400 75.255314
12332 74.694930 -22.950010 22.950010
12711 80.067431 3.270057 96.729943
10572 36.114852 -36.114852 52.181517
836 31.800610 31.800610 39.800179
12972 55.715546 -37.560773 62.439227
13185 55.743268 -37.889898 62.110102
16572 76.107876 -23.892124 60.977069
19395 96.479050 3.520950 61.599365
481 71.824275 4.462272 95.537728
15743 75.508970 12.785538 12.785538
4274 76.038251 11.947545 11.947545
14644 74.640413 12.368012 12.368012
20617 78.057438 21.942562 33.612756
12862 8.133091 -0.889817 99.110183
17078 7.674141 -0.923992 99.076008
15305 8.216700 -1.010632 98.989368
19534 72.863563 -27.136437 62.210950
17522 41.072828 -15.898781 15.898781
19107 40.246618 -15.930186 15.930186
232 39.785135 -17.329516 17.329516
17174 95.474185 4.525815 26.953118
847 65.163450 -34.836550 38.502916
19238 25.334751 -20.424969 79.575031
2036 60.187332 17.528097 82.471903
3848 26.089530 -26.089530 69.348507
17784 26.026273 -26.026273 68.349364
1836 57.723834 -31.473184 68.526816
14455 42.219745 -37.610467 62.389533
14456 42.738833 -37.845354 62.154646
9687 79.743463 20.256537 62.344528
10732 12.703295 -12.703295 27.400245
10331 47.865534 -45.042763 54.957237
5627 6.194561 -6.194561 19.677385
5625 5.059255 -5.059255 18.944587
8627 73.066989 -26.933011 53.491451
8628 73.183061 -26.816939 53.612859
8629 72.870512 -27.129488 53.775716
16599 86.807531 -13.192469 24.601412
11300 87.616587 -12.383413 23.490121
9128 88.768958 -8.411307 8.411307
16003 87.637974 -9.218745 9.218745
11685 78.624336 -21.375664 50.605786
7269 74.590224 24.221161 24.221161
10583 58.156676 29.800434 70.199566
9073 59.218863 31.026116 68.973884
1748 42.366952 -37.965409 62.034591
7222 42.973933 -38.151864 61.848136
1871 48.017094 -11.117006 11.117006
10053 7.727888 -7.727888 24.953882
10051 8.337283 -8.337283 25.392927
10052 7.871741 -7.871741 25.552375
7250 32.108804 -32.108804 63.664652
3244 0.000000 0.000000 51.612903
9755 0.783410 -0.783410 51.341238
6976 46.639432 -33.330455 66.669545
15512 45.718286 -32.883186 67.116814
10402 45.805607 -33.455922 66.544078
4018 66.047098 26.336848 73.663152
424 75.846331 -24.153669 59.610511
3057 91.801534 8.198466 61.041358
907 0.000000 0.000000 21.505376
14543 15.977846 -15.977846 52.366769
9443 9.574468 9.574468 9.574468
589 10.638298 10.638298 10.638298
10760 32.930618 -19.059509 19.059509
3709 32.787321 -19.563901 19.563901
2734 5.852308 5.852308 22.652857
15265 5.295055 5.295055 23.824664
15649 35.536923 8.278325 8.278325
13733 36.779264 8.343697 8.343697
15648 35.851012 7.593507 7.593507
16638 63.231359 32.224535 67.775465
8543 54.443117 -34.470566 65.529434
8544 53.758587 -34.058778 65.941222
17203 72.680360 6.422159 93.577841
4195 72.735352 5.692288 94.307712
12683 73.966586 6.269786 93.730214
14270 92.417010 7.582990 11.281449
273 39.194862 39.194862 48.698848
20812 40.104215 40.104215 48.861529
15654 10.379315 -1.347893 98.652107
20554 10.078795 -1.325512 98.674488
5019 87.526910 12.473090 32.976172
2014 28.070175 -28.070175 28.070175
13910 3.530442 -3.530442 17.076351
14236 3.888471 -3.888471 18.235671
18855 94.649167 5.350833 19.202340
20141 94.219234 5.780766 19.225791
1078 90.269117 -9.730883 19.439752
6317 66.500514 5.591233 94.408767
18517 65.425017 5.648193 94.351807
10718 22.487282 -1.826436 98.173564
13446 89.520458 10.479542 53.603674
20135 23.177949 13.978932 13.978932
6255 24.555558 14.388373 14.388373
9303 1.876790 -1.876790 28.908198
15550 2.322011 -2.322011 28.864838
8339 67.041008 -31.631716 68.368284
8338 66.193433 -31.014521 68.985479
2031 66.040929 -31.523626 68.476374
5818 43.774481 -38.672010 61.327990
13911 95.589532 4.410468 87.013166
15675 77.791431 7.535317 7.535317
5752 66.369369 20.180414 20.180414
13215 49.004241 -30.754110 69.245890
1431 49.494729 -31.245795 68.754205
12 23.079202 -23.079202 34.357273
2399 29.304731 -29.304731 34.135994
5512 9.640701 -0.630274 99.369726
393 9.043051 -0.757778 99.242222
1393 23.233231 -23.233231 28.766013
10510 1.063262 -1.063262 24.302898
10511 1.566856 -1.566856 25.072941
6544 0.840214 -0.840214 24.857287
885 92.013958 7.986042 67.844656
20356 40.648963 13.680409 13.680409
5650 41.745656 13.213506 13.213506
18490 5.063105 -5.063105 26.222540
8636 55.376390 -14.837400 14.837400
2661 54.580138 -15.336995 15.336995
20301 54.211007 -14.708042 14.708042
8108 95.932279 4.067721 28.194796
13567 24.283099 -24.283099 27.583526
852 51.451910 41.329347 41.329347
2325 40.843475 -40.843475 56.388436
8527 41.950443 -41.950443 55.718934
9727 0.915466 -0.915466 20.337333
3235 0.000000 0.000000 19.354839
6100 82.326769 -12.845376 12.845376
6099 81.443555 -12.676022 12.676022
872 82.723457 -12.081965 12.081965
4 83.488050 -16.511950 35.363142
2272 85.212225 -14.787775 48.500012
3733 34.627756 -2.228608 2.228608
1803 12.266686 -12.266686 81.461156
27536 14.121292 -14.121292 83.381888
27537 14.081095 -14.081095 82.573743
8511 75.545809 -24.454191 50.058962
8512 75.128577 -24.871423 49.989478
8513 75.784017 -24.215983 49.553380
17806 74.020291 -25.979709 40.071563
1427 75.035499 -24.964501 39.307877
6213 39.148879 24.357616 75.642384
2128 40.528704 -22.758501 77.241499
17942 72.945856 -27.054144 41.174571
27967 89.935578 -10.064422 76.863865
10031 11.952947 11.952947 60.564557
1715 14.362367 -8.285802 91.714198
13433 13.161104 -9.184918 90.815082
6594 75.659760 -24.340240 31.927621
1283 75.487542 -24.512458 31.075045
19016 76.951930 -23.048070 30.992247
20775 70.600917 10.155883 89.844117
18704 55.769231 44.230769 44.230769
18703 56.730769 43.269231 43.269231
12237 55.790157 42.408787 42.408787
19869 96.758322 -3.241678 26.570346
20626 86.932901 13.067099 38.689850
4722 23.315965 -16.666874 16.666874
7224 42.261637 -38.198487 61.801513
1490 1.906467 -1.906467 65.731357
878 51.039468 -10.325974 10.325974
15729 99.046416 -0.953584 10.169476
3616 50.864484 -49.135516 49.625999
20285 51.722297 -48.277703 48.958415
10896 69.860082 -30.139918 57.932314
4284 74.232928 15.782480 15.782480
16480 47.804681 -10.535482 10.535482
6582 48.684211 0.000000 100.000000
5109 22.769933 -22.769933 34.788193
8586 78.035923 4.289895 4.289895
10032 72.773770 -27.226230 70.750825
1119 72.884439 -27.115561 69.599551
17435 11.469445 -11.469445 31.538092
10047 11.798317 -11.798317 32.275743
9511 11.082948 -11.082948 31.996357
10762 66.520934 -33.479066 53.047552
3919 13.137069 -13.137069 28.806446
15511 77.398851 -22.601149 60.409257
6194 45.866542 -40.731867 59.268133
2642 92.989872 7.010128 38.790934
7184 57.070606 28.855376 28.855376
12093 1.711718 1.711718 17.948261
12091 0.767629 0.767629 18.139103
6578 36.921556 26.918298 73.081702
14026 38.639849 27.468122 72.531878
20366 87.305881 12.694119 15.204414
2811 87.566349 12.433651 15.698563
20365 88.453162 11.546838 14.718895
5770 29.323286 -29.323286 44.884606
619 28.920421 -28.920421 44.960725
6342 0.850395 0.850395 6.458224
14392 51.196719 -40.091213 40.091213
20027 14.094690 -1.728084 98.271916
12735 80.594397 3.238549 96.761451
8265 87.430577 -12.569423 32.538334
9100 70.951835 28.113685 28.113685
13459 78.309323 15.051088 15.051088
2562 12.517525 12.517525 31.146770
17333 2.477450 -2.477450 20.549436
16229 2.913880 -2.913880 20.201347
10461 8.280855 8.280855 23.526086
8572 29.935268 29.935268 40.243824
4995 68.051936 -31.948064 53.268726
16943 67.733821 -32.266179 53.436994
16944 68.056117 -31.943883 53.054391
7705 29.199378 -29.199378 50.579946
4671 98.873190 1.126810 30.818339
7203 30.554118 -30.554118 49.483668
1734 29.970049 -29.970049 49.518727
7204 30.199911 -30.199911 49.095708
14016 92.008431 -7.991569 24.392135
17958 92.811234 -7.188766 23.881757
645 80.822970 19.177030 25.882094
18275 79.543460 20.456540 26.528551
5802 80.238508 19.761492 26.868035
16129 36.078781 -25.586370 74.413630
16130 37.531478 -25.885606 74.114394
5608 33.683268 -33.683268 64.364670
16146 85.290939 14.709061 29.890416
5459 65.899921 6.531542 93.468458
344 66.588504 6.174254 93.825746
5448 95.095556 4.904444 62.407080
8120 6.053349 6.053349 26.421137
2357 4.501919 4.501919 25.177370
6467 86.402746 -13.597254 34.729448
27431 86.799148 -13.200852 34.360459
27432 86.831335 -13.168665 34.529139
27483 86.727552 -13.272448 34.069298
27451 86.786836 -13.213164 33.900442
16517 42.679509 -14.994141 14.994141
16193 17.726096 -17.726096 39.238696
1080 91.490323 -8.509677 18.172941
7025 91.164169 -8.835831 17.968766
16590 6.757875 -6.757875 9.714049
7137 45.190013 14.118869 14.118869
17535 46.439941 14.081841 14.081841
20748 17.812197 -17.812197 55.411443
3956 87.256518 12.743482 60.822533
20597 88.197701 11.802299 60.329728
14285 25.663791 -16.930843 16.930843
7669 0.696249 0.696249 45.870793
20665 17.574038 -17.574038 42.271945
13807 66.433566 -33.566434 66.433566
10861 81.364851 18.635149 38.298949
3749 81.623863 18.376137 37.866033
18044 81.143487 18.856513 38.004644
5942 59.788782 40.211218 57.314044
5941 59.208962 40.791038 56.434627
10433 93.735581 -6.264419 15.792682
3665 28.240669 -28.240669 63.340995
10662 28.619261 -28.619261 63.028608
20764 6.352062 -0.110054 99.889946
9408 6.578947 0.000000 100.000000
6705 31.476400 20.532287 79.467713
19999 16.826923 -16.826923 83.173077
27538 15.667810 -15.667810 81.862692
19908 91.582611 -8.417389 15.866466
9684 61.728818 26.807105 26.807105
16359 84.978324 11.012963 11.012963
15634 63.362949 -36.637051 58.615791
883 63.066513 -36.933487 58.384412
4951 20.765288 -20.765288 69.867020
15397 0.000000 0.000000 41.935484
14751 22.241925 -19.672130 80.327870
4634 21.526820 -19.061710 80.938290
20134 20.666165 -19.418330 80.581670
14092 9.211304 -9.211304 23.912437
14971 90.979439 9.020561 28.106629
19482 73.725238 -26.274762 52.420387
15042 11.810879 11.810879 77.388291
8331 82.363536 -17.636464 40.977375
2487 81.591820 -18.408180 40.964500
5396 56.715532 -37.464026 37.464026
9585 57.666858 -38.010321 38.010321
1637 10.050730 10.050730 49.289034
20683 9.182019 9.182019 48.704879
8840 98.418500 1.581500 29.117719
257 36.029557 -27.669510 72.330490
17369 45.104620 23.766175 23.766175
8315 41.461275 -38.304268 38.304268
18943 41.376551 -39.765013 39.765013
6879 96.656429 3.343571 9.099445
6878 95.519623 4.480377 9.510209
14022 40.976403 -10.215562 89.784438
10350 58.963959 3.722182 96.277818
17191 55.526767 11.283198 88.716802
362 49.534475 -32.487378 67.512622
123 3.272473 -0.970572 99.029428
5225 2.573908 -0.999496 99.000504
10296 75.857718 20.891705 79.108295
13332 34.866200 -34.866200 36.408019
854 54.594383 43.327987 43.327987
8409 32.162256 30.129277 30.129277
11955 31.582835 30.626485 30.626485
10027 83.504911 16.495089 19.837051
5584 40.448806 -37.546146 37.546146
1458 7.413583 -7.413583 26.253311
4142 2.743701 -2.743701 20.992300
14189 2.383134 -2.383134 21.029803
20083 78.190627 -21.809373 32.173218
9654 32.532770 -32.532770 55.485296
9653 32.722336 -32.722336 56.623939
3060 31.351343 -31.351343 56.333163
4016 75.346718 -24.653282 65.642122
18102 75.561079 -24.438921 65.218368
11607 75.786435 -24.213565 65.298561
12509 20.436763 20.436763 33.748109
13771 82.681120 17.318880 34.587055
5661 76.389676 -23.610324 49.115654
526 76.226750 -23.773250 49.558375
5447 93.410345 6.589655 64.654606
12622 21.870849 -21.870849 48.527634
20240 22.415682 -22.415682 47.781769
19448 1.183957 -1.183957 18.645080
9728 0.965528 -0.965528 19.453790
19447 0.000000 0.000000 18.279570
16477 0.000000 0.000000 90.322581
19633 22.928855 -22.928855 54.124549
5445 22.100178 -22.100178 54.788900
19040 21.830522 -21.830522 53.720429
14885 69.060493 15.999105 15.999105
19515 75.997646 -24.002354 49.108729
7887 13.376702 -13.376702 14.160176
11051 32.003135 23.279778 76.720222
36 33.773086 -33.773086 54.654445
9566 83.210618 16.789382 37.245207
3168 83.592068 16.407932 37.453891
1567 68.795094 11.887544 88.112456
13659 4.572579 4.572579 47.252113
16769 6.318323 6.318323 48.231654
12092 1.327754 1.327754 19.070443
7429 32.138324 -32.138324 67.175642
20769 6.579665 -2.041018 97.958982
20773 6.679752 -2.052996 97.947004
11299 88.718761 -11.281239 22.491800
3361 89.295268 -10.704732 22.884679
6377 66.935741 26.108151 26.108151
6080 53.188442 42.382378 42.382378
9552 100.000000 0.000000 6.250000
13384 50.107673 -27.329382 27.329382
4156 50.916094 -26.549196 26.549196
20684 13.262118 -13.262118 51.507769
20509 78.501296 21.498704 34.383870
6714 57.040084 10.020391 10.020391
12653 58.241032 10.729758 10.729758
394 9.994106 -0.567919 99.432081
19250 75.363054 -3.117448 3.117448
10167 74.274109 -3.913505 3.913505
338 72.873324 -3.369649 3.369649
5059 61.172636 -13.742123 13.742123
18668 60.886835 -14.092531 14.092531
15311 4.325318 -4.325318 12.363989
11058 54.141840 -10.216533 10.216533
8060 68.698243 31.301757 66.616645
2315 69.898826 30.101174 65.239945
16362 91.268935 -8.731065 71.224649
4845 100.000000 0.000000 61.805556
16408 100.000000 0.000000 62.500000
5992 16.313877 12.275905 12.275905
5991 15.780181 11.433234 11.433234
17626 41.719864 -14.941225 14.941225
15869 74.826422 14.658470 14.658470
3740 24.572143 -24.572143 74.686032
10835 24.998356 -24.998356 74.548941
10834 24.540584 -24.540584 75.163245
18196 17.165040 -17.165040 17.899352
19500 83.141567 16.858433 31.471013
8930 25.620883 -25.620883 47.798197
7293 6.876911 -6.876911 72.204203
14739 26.495414 -5.195872 94.804128
5148 87.966805 12.033195 34.436923
2193 14.035088 -14.035088 14.035088
9084 14.912281 -14.912281 14.912281
15813 33.804156 33.804156 49.392687
20585 83.945787 16.054213 43.891900
20511 84.289663 15.710337 43.230988
6379 66.628666 25.356504 25.356504
12163 27.394107 4.325501 95.674499
18254 73.414766 15.822075 15.822075
18038 73.724529 16.306593 16.306593
12777 70.678372 -3.245681 3.245681
14460 17.274948 -17.274948 79.004071
15412 42.402585 -29.572265 70.427735
9200 41.722880 -18.398956 18.398956
16635 41.082436 -18.964726 18.964726
18094 40.695069 -18.236574 18.236574
11542 35.545252 -35.545252 52.504540
7768 92.826128 7.173872 19.983515
5394 97.221977 2.778023 21.911651
1744 65.238710 2.953785 97.046215
17574 18.275210 -13.150662 13.150662
9028 16.621058 -12.958656 12.958656
3491 28.639494 4.742864 4.742864
11099 29.830682 3.960353 3.960353
6226 92.293949 -7.706051 16.976991
19486 91.531403 -8.468597 17.233572
19974 11.871501 -11.871501 31.112578
3780 18.047486 -17.047908 82.952092
18802 78.916308 21.083692 26.119371
558 28.075202 -15.676589 15.676589
13521 27.789216 -15.653918 15.653918
7043 13.341600 -13.341600 31.766387
1614 13.649698 -13.649698 32.497464
7892 64.589696 -35.410304 58.520277
15639 85.881285 4.770122 95.229878
5284 4.378750 -4.378750 87.765416
4653 98.492927 1.507073 44.120694
5591 36.088387 21.562266 21.562266
495 7.018707 -7.018707 19.301362
14197 35.680022 -32.264027 67.735973
6731 35.551492 -31.607460 68.392540
4416 56.141377 -37.570303 62.429697
13186 56.288138 -37.803756 62.196244
16165 85.294118 0.000000 0.000000
16166 85.288984 -0.874425 0.874425
2695 72.847980 2.922043 97.077957
9337 72.829367 3.113819 96.886181
17084 23.896812 22.733537 22.733537
18334 45.591829 31.699349 31.699349
14659 44.842339 32.464755 32.464755
15967 44.179719 -14.184567 14.184567
15968 44.076255 -13.360355 13.360355
17378 7.492391 -7.492391 17.675063
891 75.750927 -24.249073 35.265566
19754 75.127710 -24.872290 59.522654
425 75.664342 -24.335658 58.818685
5545 75.811284 -24.188716 59.173020
17376 7.850261 -7.850261 18.898571
3770 46.992222 -37.086637 62.913363
10917 46.553214 -36.531662 63.468338
9871 66.792400 -10.613705 89.386295
377 79.455487 -20.544513 49.428395
11683 78.690235 -21.309765 50.222504
6784 11.147310 -11.147310 30.783365
13282 96.555089 3.444911 29.883654
5300 33.118303 33.118303 43.192100
14498 71.169628 28.830372 65.610328
1592 23.611747 -23.611747 30.696211
16116 42.037570 -42.037570 57.179250
592 47.615710 -37.414086 37.414086
5734 46.835238 -37.900728 37.900728
5736 46.820245 -36.937058 36.937058
12802 12.394383 -12.394383 18.651615
12803 11.522386 -11.522386 18.783134
3048 34.563161 -25.113146 25.113146
10881 18.525375 18.525375 75.327362
13118 20.994573 20.994573 75.901317
10382 46.860087 -45.392627 54.607373
12741 26.044469 -23.886924 23.886924
18519 89.091709 10.908291 79.473832
27665 90.088093 9.911907 77.808335
17591 89.178519 10.821481 77.857854
27685 89.803537 10.196463 76.806697
27668 89.445472 10.554528 76.787699
17649 51.633208 24.712356 24.712356
19708 27.075834 -27.075834 72.433796
8123 26.580611 -26.580611 72.878809
2358 26.754464 -26.754464 72.299766
20092 43.610477 27.516336 27.516336
15606 86.153801 -13.846199 14.423702
9864 82.308039 17.691961 20.360441
8849 82.868689 17.131311 20.684416
7414 90.231762 9.768238 36.714123
1873 90.192957 9.807043 35.976139
7415 89.350682 10.649318 36.743485
8541 73.423721 -26.576279 27.942881
6838 56.547004 -36.696005 63.303995
18329 56.234247 -43.765753 50.482367
5428 57.141923 -42.858077 49.852609
313 57.467356 -42.532644 50.280006
10332 28.323923 -28.323923 48.188655
10333 27.704073 -27.704073 48.074422
16688 87.278772 2.597767 97.402233
16687 86.315716 2.747203 97.252797
12037 86.481379 2.481818 97.518182
14988 78.115992 -21.884008 50.512693
893 36.357975 -36.357975 52.723440
10040 36.191510 -36.191510 53.398237
13606 35.523721 -35.523721 53.060609
13016 35.277228 -17.964285 17.964285
18510 34.512689 -17.331171 17.331171
4600 4.535497 -4.535497 54.540226
31 98.351404 1.648596 30.431160
10085 8.294886 -8.294886 28.850584
12859 56.730769 -43.269231 43.269231
4131 58.249624 -41.750376 43.334936
20860 22.273516 -5.200215 94.799785
20855 22.704229 -5.026873 94.973127
401 51.456578 28.808606 28.808606
19911 50.586516 29.601309 29.601309
3358 10.546189 -1.848039 98.151961
13822 14.838598 -10.429032 10.429032
10687 54.706014 -21.753291 21.753291
10686 55.387004 -21.186497 21.186497
5761 55.774717 -21.926608 21.926608
12665 86.811096 13.188904 68.539087
18158 91.229331 -8.770669 62.272844
13749 48.845768 -40.050270 59.949730
17776 33.043938 -33.043938 63.711931
15586 8.203365 -8.203365 20.137724
13660 4.176535 4.176535 45.203417
15910 3.550923 3.550923 43.523475
447 91.475557 -6.366439 93.633561
15524 91.255440 -6.825583 93.174417
27771 93.006993 -6.993007 93.006993
27772 93.356643 -6.643357 93.356643
28036 95.190548 -4.809452 92.150676
3047 62.506949 -15.024805 15.024805
10211 62.408554 -15.540159 15.540159
15343 97.055797 2.944203 19.935707
12368 16.221519 -10.705245 89.294755
4243 16.574361 -10.399526 89.600474
18136 33.131471 -33.131471 58.601538
4974 69.424341 -30.575659 63.091404
16707 70.038532 -29.961468 62.870217
1543 3.506951 -2.020978 97.979022
8819 3.656857 -2.226194 97.773806
787 80.567380 19.432620 35.315145
12447 30.176746 -14.837327 14.837327
4265 30.071294 -14.286479 14.286479
11319 37.876813 -32.199179 32.199179
9295 44.515371 33.800607 66.199393
13478 46.198747 34.128853 65.871147
3418 60.643105 -34.946079 65.053921
19881 33.846307 -33.846307 63.787113
20351 42.132652 -25.576152 74.423848
2240 40.120218 -25.476847 74.523153
19090 41.915404 -26.316836 73.683164
9929 49.040264 -34.483282 65.516718
9927 49.179287 -34.905375 65.094625
9928 49.873398 -34.777104 65.222896
13524 41.489276 -41.489276 44.883132
6814 23.084720 -8.112133 8.112133
16609 21.511476 1.020032 1.020032
16623 18.283394 0.699728 0.699728
16619 70.147795 -29.852205 63.255012
17884 15.869534 -15.869534 47.356792
2149 93.614081 6.385919 27.519714
16469 0.000000 0.000000 75.268817
15166 83.186279 6.046008 93.953992
3592 5.398175 -4.174442 95.825558
17105 4.813430 -4.042589 95.957411
10508 5.354456 -4.355461 95.644539
6474 86.034742 -13.965258 36.893932
6476 86.959756 -13.040244 36.125446
484 15.582051 -6.028441 6.028441
20715 14.633729 -5.963040 5.963040
17658 73.154129 -20.804182 20.804182
10392 73.269767 -19.894799 19.894799
3543 74.336718 -20.028776 20.028776
16815 42.100756 -36.690456 63.309544
6287 24.819017 -3.869622 3.869622
17682 75.517187 -24.482813 34.302559
11884 78.336360 -21.663640 39.385841
2260 79.616317 -20.383683 38.390966
14893 55.237894 -44.762106 54.669520
5033 27.329677 27.329677 54.951362
10478 92.109970 5.040512 5.040512
10477 91.338331 5.839558 5.839558
2236 93.191875 5.370301 5.370301
8577 1.005951 1.005951 3.178337
7337 89.495501 -10.504499 57.341323
5089 53.607861 -44.436451 55.563549
6947 2.053612 -2.053612 35.992082
4192 59.024520 -4.652746 4.652746
20060 61.281356 -3.695863 3.695863
20556 10.795304 -1.217106 98.782894
20638 78.191926 11.552581 11.552581
18013 16.255857 -16.255857 39.814828
15572 95.408907 4.591093 90.078938
4311 96.604980 3.395020 89.298048
16178 83.881822 16.118178 38.114171
6415 83.765307 16.234693 38.635033
7513 65.890218 34.109782 50.770467
9147 58.185038 -41.814962 54.593000
27968 97.355638 -2.644362 93.612955
18780 2.708451 2.708451 38.198240
10210 63.454207 -15.775871 15.775871
15140 53.584520 16.298399 16.298399
10428 54.420634 15.571966 15.571966
2314 67.741935 32.258065 67.741935
5103 75.102998 -24.897002 51.410104
7981 78.278743 -21.721257 38.768389
7979 78.217898 -21.782102 38.205857
13786 93.160842 -6.839158 42.233102
2029 2.762466 -2.762466 27.045839
9677 16.226347 -7.685148 7.685148
14024 33.591204 -30.064896 69.935104
5282 93.990417 6.009583 24.033475
4674 20.919441 -14.561705 14.561705
18590 20.350822 -13.788072 13.788072
15044 26.425630 -26.425630 65.892780
1142 25.877418 -25.877418 67.120914
991 52.797203 -47.202797 52.797203
20733 23.870580 23.870580 52.604757
9857 48.908582 -14.278652 14.278652
12728 65.766587 -34.233413 35.692323
16804 68.720617 -31.279383 63.707423
15486 68.458366 -31.541634 34.532063
14071 77.846617 -22.153383 44.524893
14070 77.841584 -22.158416 43.791866
18314 76.829047 23.170953 40.249615
5725 76.443626 23.556374 39.555593
18309 9.313217 9.313217 28.522779
18310 9.880539 9.880539 29.825224
583 77.483039 22.516961 38.487841
5723 76.363832 23.636168 38.529491
8303 70.691529 4.401841 95.598159
17169 84.006609 15.993391 37.586887
4310 84.563457 15.436543 37.624387
8949 45.108603 45.108603 48.705369
12534 29.605494 -29.605494 49.120520
4828 14.467792 -2.604103 2.604103
9760 96.659255 -3.340745 32.781663
867 34.475996 -27.583091 72.416909
16370 98.237513 1.762487 64.148868
19136 61.842105 0.000000 100.000000
6528 64.703234 -35.296766 56.932704
6453 29.236858 -29.236858 47.862936
19577 8.583426 -0.680002 0.680002
20750 19.847875 19.847875 67.678102
9126 89.073703 -7.716267 7.716267
13599 19.446830 -3.238396 3.238396
4573 17.982758 -2.841822 2.841822
15316 98.921407 1.078593 87.849739
3688 98.852222 1.147778 88.437397
15317 99.249043 0.750957 88.475782
6322 36.882698 -36.882698 53.764211
6320 37.596487 -37.596487 54.104677
14554 13.121826 -13.121826 28.351830
6973 23.018892 -7.830265 92.169735
6739 23.670078 -8.393472 91.606528
8258 85.356826 4.796926 95.203074
13534 40.213344 -38.797999 61.202001
10222 79.441740 -20.558260 47.194037
6019 78.872740 -21.127260 47.544156
20272 20.886075 -1.570386 1.570386
12641 22.982571 -1.885140 1.885140
4322 21.086915 -2.252720 2.252720
19560 18.974911 -1.884669 1.884669
3023 43.541289 34.277688 65.722312
8269 32.558916 -32.558916 48.954680
17911 33.216397 -33.216397 48.923474
251 88.717317 -11.282683 15.822503
20021 80.028303 -19.971697 37.604975
1179 73.638282 -26.361718 28.917188
13654 72.521098 -27.478902 29.916548
9602 33.513136 23.642455 23.642455
1296 33.241487 24.584330 24.584330
16025 34.559171 24.628489 24.628489
9023 27.482579 -1.720551 1.720551
1191 24.975230 -1.416023 1.416023
2598 47.054534 5.236022 94.763978
1209 66.311997 15.483340 15.483340
15417 45.186022 43.593960 43.593960
1569 21.561691 -7.834941 92.165059
17562 37.677158 -37.677158 51.750300
6434 37.402624 -37.402624 51.431323
20011 37.986149 -37.986149 51.484520
27242 26.213955 -26.213955 35.482187
27160 26.087755 -26.087755 35.765704
4324 2.542945 2.542945 28.922715
12559 80.670173 -19.329827 41.295375
3385 77.419355 22.580645 77.419355
18000 50.777498 -42.995160 57.004840
17999 51.089880 -43.182341 56.817659
5055 51.023878 -43.031454 56.968546
2853 95.750976 4.249024 40.119372
13610 95.587546 4.412454 39.328654
4668 10.576365 -1.364832 1.364832
4574 55.781634 -12.784520 12.784520
8322 17.258222 3.736673 3.736673
8320 15.149107 3.938947 3.938947
1976 93.317532 6.682468 22.809051
8502 93.879682 6.120318 22.221284
17795 82.805439 17.194561 39.188982
7967 49.581361 24.655498 24.655498
13930 50.599724 25.240683 25.240683
622 67.691124 32.308876 37.760599
5775 66.474610 33.525390 37.620657
10569 50.000000 -50.000000 50.000000
27969 49.922818 -49.574278 50.425722
5266 36.499427 -35.925249 64.074751
18825 32.592894 -18.567276 81.432724
2838 46.774194 46.774194 53.225806
12488 48.469811 46.530662 53.469338
3778 59.223692 -22.273764 22.273764
4892 75.000000 0.000000 100.000000
27201 75.969382 -0.992910 99.007090
14086 1.333541 1.333541 29.543647
6150 66.109224 -33.890776 43.064154
18529 64.868515 -35.131485 43.521761
15383 68.271146 31.728854 47.681869
18617 84.893521 -15.106479 50.012424
7998 84.433840 -15.566160 49.640505
1113 46.833093 -37.574228 62.425772
14530 41.367118 -41.367118 48.810990
17889 95.206897 -4.793103 29.008880
6079 53.463872 44.287227 44.287227
851 52.389921 45.263186 45.263186
9603 53.846154 46.153846 46.153846
14499 3.010942 -3.010942 33.139034
8351 3.576816 -3.576816 33.232588
10401 46.020700 -34.115997 65.884003
10033 72.027972 -27.972028 72.027972
16205 80.964457 -19.035543 38.349849
6286 23.097663 -3.392206 3.392206
11841 6.425728 -6.425728 50.822159
17010 67.964456 3.559717 96.440283
1124 68.506380 3.622553 96.377447
6401 68.374817 3.860832 96.139168
20896 76.106648 23.893352 35.595655
12730 80.315999 -19.684001 49.128465
1050 6.146521 -6.146521 43.962266
20606 73.216925 -26.783075 49.891953
8520 47.262971 7.694770 92.305230
4457 44.937350 27.499607 27.499607
7317 65.359003 -34.640997 51.421772
13695 75.562215 -24.437785 42.878600
9201 88.607808 0.126413 99.873587
27202 87.580268 0.244600 99.755400
10907 36.692398 -24.006178 75.993822
10905 36.110182 -24.248665 75.751335
10906 37.240276 -24.564518 75.435482
3925 8.116864 -5.142770 94.857230
11376 7.601920 -5.314538 94.685462
16957 100.000000 0.000000 44.444444
8358 85.496004 14.503996 32.269329
19022 30.201545 -30.201545 43.853819
67 30.774142 -30.774142 44.008574
5163 30.451384 -30.451384 44.368026
20166 0.436698 -0.436698 31.885024
16248 0.445658 -0.445658 30.980939
5907 47.273720 12.468461 12.468461
20816 46.274660 12.552495 12.552495
7506 52.429034 -32.868401 67.131599
7508 53.112128 -32.933483 67.066517
9891 53.703594 24.539760 24.539760
16797 13.136048 11.410746 88.589254
14531 40.589403 -40.589403 49.073770
17438 88.385463 11.614537 31.857673
15425 96.069575 -3.930425 12.258131
2309 94.409422 -5.590578 21.800018
14816 66.176940 1.947167 98.052833
6863 1.845597 -1.845597 64.455435
18888 3.819787 -3.819787 65.646825
1042 34.510200 19.410556 19.410556
9835 83.319420 16.680580 35.423647
9389 35.113881 -35.113881 39.674310
1166 2.372313 -2.372313 78.637623
18226 1.663686 -1.663686 78.641956
4697 84.440197 -15.559803 57.608160
13662 3.232475 -0.762513 99.237487
18029 1.970278 -0.603713 99.396287
10218 80.445765 -19.554235 64.382468
3295 78.522508 -21.477492 67.402902
10219 77.439113 -22.560887 67.477643
14576 90.434219 9.565781 19.586577
9376 34.549028 9.642238 9.642238
2491 28.039526 17.481511 17.481511
14716 13.228611 -2.765976 97.234024
4295 13.647574 -2.819964 97.180036
18665 86.713287 -13.286713 86.713287
27987 91.858161 -8.141839 80.671443
27970 93.456975 -6.543025 79.370620
27990 95.107466 -4.892534 78.026051
1189 78.661516 -5.374188 94.625812
6478 76.270789 -3.288772 96.711228
18403 74.621966 -25.378034 48.530983
4204 75.642014 -24.357986 47.988126
20197 75.073380 -24.926620 48.717759
9949 73.231520 -26.768480 36.258578
3343 72.998274 -27.001726 36.565443
1737 37.037697 -37.037697 43.621690
13014 49.831625 18.064830 18.064830
13107 60.042265 39.957735 43.772724
27650 59.138735 40.861265 44.762757
27653 59.815217 40.184783 44.603247
9850 73.426573 -26.573427 73.426573
12414 69.497080 -30.502920 58.444064
7716 57.590125 -16.341301 16.341301
5881 57.940053 -15.619229 15.619229
19866 14.966684 -14.966684 74.996749
9752 91.389160 8.610840 38.341922
15024 31.135436 -23.576654 76.423346
12598 51.547871 -32.139614 67.860386
11204 46.668757 -17.679247 17.679247
11162 47.270528 -17.104880 17.104880
14998 38.171396 -25.295619 74.704381
3766 36.502101 -24.981434 75.018566
9191 8.752047 -8.752047 27.996598
8012 26.695975 24.912586 24.912586
2283 26.077959 24.022547 24.022547
20667 25.859916 24.400363 24.400363
10816 65.185413 -23.499909 76.500091
15938 26.215326 -26.215326 40.795707
27187 26.526106 -26.526106 40.789958
12597 51.750272 -32.564442 67.435558
11446 55.983850 -40.397007 59.602993
9813 45.831826 -22.166860 77.833140
9814 47.165002 -22.077285 77.922715
20459 58.776317 41.223683 53.501407
20887 58.031311 41.968689 53.561618
27956 91.158088 -8.841912 75.005204
7245 100.000000 0.000000 65.972222
17789 29.766825 15.054741 15.054741
20396 28.770805 14.807471 14.807471
13728 3.300953 -3.300953 26.433500
13035 0.281354 -0.281354 44.573157
13036 0.514256 -0.514256 43.840897
27203 26.112996 -26.112996 43.338503
8337 67.059628 -31.113531 68.886469
1450 66.334198 -30.628479 69.371521
11367 73.413065 4.472060 95.527940
11368 73.360233 4.151912 95.848088
17258 74.432006 9.760046 9.760046
14818 67.638282 -17.639986 17.639986
6136 68.722336 -16.804517 16.804517
18716 90.231699 -9.768301 57.490154
7310 40.612320 -37.137703 62.862297
17382 40.566689 -36.826825 63.173175
7118 90.433915 9.566085 25.850410
16479 67.553524 3.996783 96.003217
16478 67.183334 4.170409 95.829591
19213 7.057636 -1.573856 98.426144
19212 6.934374 -1.624306 98.375694
4608 7.309238 -1.671704 98.328296
19415 72.169919 14.796556 85.203444
6722 26.447129 -26.447129 36.285726
1385 27.199156 -27.199156 36.339109
27205 26.502596 -26.502596 41.596330
2099 85.589733 -14.410267 38.563435
7762 85.057408 -14.942592 39.379261
19923 15.662224 15.662224 32.083407
8844 30.848973 -7.823390 92.176610
4501 45.250176 30.448954 30.448954
13285 43.008680 -22.827495 22.827495
11464 42.368195 18.196944 18.196944
6502 67.371347 15.821299 15.821299
5672 82.532927 -17.467073 24.678421
107 81.013457 -8.721997 8.721997
1838 56.204667 -29.777921 70.222079
17698 8.000133 8.000133 14.989533
18811 6.771856 -2.324342 97.675658
27556 6.564174 -2.335459 97.664541
27539 6.802571 -2.418656 97.581344
5801 81.432777 18.567223 26.206474
13588 43.939579 30.245950 30.245950
18338 97.353463 -2.646537 22.883025
8419 36.994110 36.994110 46.504995
20818 37.398241 37.398241 47.483591
7923 43.580243 26.634252 73.365748
13584 44.947493 -28.273672 71.726328
17306 64.872272 -35.127728 42.597722
17305 65.550511 -34.449489 42.749176
5012 64.598476 -35.401524 43.172545
12208 77.645953 -22.354047 46.778706
12209 76.588245 -23.411755 47.663408
12207 76.510888 -23.489112 47.040131
7296 38.117144 -1.365165 98.634835
18244 94.732792 5.267208 47.132171
4389 37.134985 -37.134985 57.691909
19241 37.103188 -37.103188 57.241835
5046 94.749615 5.250385 18.763946
2062 29.612455 -29.612455 50.306575
16843 92.862581 7.137419 24.338246
15134 13.258096 -7.243630 92.756370
15848 80.028123 -8.574835 8.574835
15847 79.849706 -8.149659 8.149659
6815 81.196367 -7.946777 7.946777
12704 80.576623 3.836933 96.163067
20879 80.767970 3.876257 96.123743
17901 37.271859 -16.968363 16.968363
8449 25.965588 -25.965588 49.604565
14901 88.964830 -11.035170 49.686208
16047 88.925401 -11.074599 48.714302
18789 91.078725 -8.921275 47.573625
2533 33.279888 30.636774 30.636774
3045 61.813697 -14.343158 14.343158
3764 37.275449 -37.275449 61.983563
27174 26.332760 -26.332760 40.310351
9909 27.642308 -17.870748 17.870748
19174 68.379392 -31.620608 53.090532
19208 68.038413 -31.961587 53.492989
9057 92.775575 7.224425 23.401438
11261 25.059425 -21.166970 78.833030
12801 19.251257 -7.554523 7.554523
6751 34.615385 -34.615385 65.384615
19859 47.631967 -36.440197 36.440197
1082 10.943258 -10.943258 28.108137
18977 73.400552 3.809209 3.809209
2032 66.783217 -33.216783 66.783217
6956 31.663887 -28.156497 71.843503
6957 31.414763 -27.796244 72.203756
1553 31.019593 -27.935145 72.064855
2390 85.689958 4.573540 95.426460
6816 82.848724 -7.118977 7.118977
15942 83.215322 -6.202784 6.202784
10321 12.907160 -12.907160 26.903927
17218 41.947213 -38.203474 61.796526
6224 42.897043 -42.897043 55.741495
17405 43.200564 -43.200564 52.439290
16454 26.756622 -26.756622 42.099417
27207 26.430723 -26.430723 42.022714
27204 26.466298 -26.466298 41.807041
16482 4.512719 4.512719 26.694082
6285 23.062871 -4.105145 4.105145
20294 34.332320 34.332320 45.152266
19601 28.189551 -28.189551 71.487562
19707 27.598372 -27.598372 71.940931
10003 60.576923 -39.423077 39.423077
15045 27.214796 -27.214796 65.965123
19030 27.947430 -27.947430 65.737997
11234 13.147372 -13.147372 52.380680
11236 12.617464 -12.617464 51.473619
2527 46.377675 -44.017383 55.982617
3617 76.512402 -16.806553 16.806553
13729 2.735293 -2.735293 26.415646
5483 33.299341 9.718768 9.718768
370 33.129822 10.320478 10.320478
13564 15.253618 -14.461135 85.538865
27547 14.709623 -14.078284 85.921716
27540 14.423077 -14.423077 85.576923
18918 28.488814 -28.488814 60.894643
14909 27.387413 -27.387413 60.690212
18917 28.330634 -28.330634 59.920828
2407 67.042415 -28.360933 28.360933
8203 66.895379 -29.543290 29.543290
8202 65.865197 -29.220340 29.220340
8822 54.905438 -26.771024 73.228976
8843 29.685719 -8.451146 91.548854
2782 30.902677 -8.725139 91.274861
19041 20.763369 -20.763369 53.308752
1955 7.701521 -3.152788 96.847212
12056 87.489360 -12.510640 57.210807
12055 85.197980 -14.802020 58.411559
8510 28.213112 11.210029 11.210029
10599 25.938243 4.443053 95.556947
6387 46.813757 -37.732098 62.267902
4042 64.800655 -34.056484 34.056484
6981 31.495116 -27.203228 72.796772
6673 31.198408 -27.020731 72.979269
367 64.175865 2.792522 97.207478
17481 31.329800 -17.394021 17.394021
7437 31.499736 -17.834780 17.834780
14105 26.335746 -26.335746 64.895081
2758 54.901240 -39.158147 60.841853
5709 66.560587 -33.439413 39.458674
5708 65.888764 -34.111236 40.170357
12911 32.352941 0.000000 0.000000
6047 33.311349 1.530025 1.530025
19803 70.394545 26.561684 26.561684
10530 92.573797 7.426203 32.986866
7617 78.991509 2.507187 97.492813
13013 69.748218 -30.251782 53.660976
19730 69.338465 -30.661535 53.687744
15449 26.923157 -26.923157 53.900715
3697 28.221363 -28.221363 53.213949
8129 28.947368 -28.947368 28.947368
3407 51.923201 -7.814868 7.814868
326 24.808255 -10.320779 89.679221
8728 25.420635 -11.077253 88.922747
16526 47.758956 -41.384169 58.615831
10414 32.669303 -13.817793 13.817793
8272 4.640660 4.640660 8.656971
14004 80.274026 -19.725974 34.778486
12088 27.065633 8.217105 8.217105
8802 33.870968 33.870968 66.129032
19782 52.976169 -44.481846 55.518154
20657 72.398037 -14.428482 14.428482
16701 12.385020 -3.033509 96.966491
5615 18.269974 -6.793999 6.793999
12800 20.247160 -7.027458 7.027458
11642 47.754056 -40.983883 59.016117
14211 56.388903 21.007953 78.992047
3351 64.445031 14.015316 85.984684
27321 62.900432 12.909958 87.090042
18514 49.102954 -28.477047 71.522953
9309 49.949866 -29.023403 70.976597
18690 37.858207 -4.292187 4.292187
9969 5.006247 -3.035989 96.964011
18737 5.286632 -3.112942 96.887058
8748 73.779300 -22.845303 22.845303
9490 70.296900 -29.703100 44.997652
2442 26.239884 -16.232649 16.232649
3449 58.977215 -35.275570 64.724430
2582 68.788768 -10.621889 10.621889
8619 69.178812 -11.230110 11.230110
8655 67.776884 -11.355640 11.355640
12848 37.992418 13.932925 13.932925
18081 98.880731 1.119269 28.681773
18162 81.769269 -18.230731 48.784589
15913 84.937519 15.062481 25.321324
12587 57.099021 42.900979 43.640719
9015 57.692308 42.307692 42.307692
2646 15.348186 -4.021635 95.978365
8603 14.885827 -3.945835 96.054165
8794 46.688970 32.221955 32.221955
4651 22.405782 22.405782 57.093286
20086 42.105263 -42.105263 42.105263
4423 42.314421 -40.619122 40.619122
19165 74.143853 -20.970916 20.970916
8960 83.114234 -16.885766 44.753359
6629 65.865143 34.134857 43.993004
7810 30.263158 0.000000 100.000000
2134 31.578947 0.000000 100.000000
562 80.545225 4.139294 95.860706
20475 80.500716 3.964567 96.035433
7454 37.628868 -21.251233 78.748767
12482 93.517934 6.482066 15.591935
3868 57.707830 11.586531 11.586531
13337 98.570757 1.429243 12.031272
16056 84.608604 15.391396 34.803214
9361 29.968831 -29.968831 56.010469
15556 55.965148 -44.034852 49.357230
3619 41.222820 30.491132 30.491132
14288 13.066986 2.847002 2.847002
2481 15.254258 2.971283 2.971283
27421 97.693905 -2.306095 44.538650
27766 96.637491 -3.362509 45.586742
7666 67.132867 -32.867133 67.132867
7665 66.098943 -32.207819 67.792181
1131 1.742252 -1.742252 63.227199
19201 25.584100 25.584100 58.566295
27600 83.342351 12.239322 87.760678
5739 80.894586 -19.105414 48.646843
12319 20.754909 20.754909 69.540167
956 23.552175 23.552175 70.812387
6652 14.794737 -14.794737 30.741167
1326 14.006159 -14.006159 30.149200
15185 78.344368 -21.655632 60.505160
1651 77.990177 -22.009823 60.543244
14326 36.580114 36.580114 59.888148
14325 37.608852 37.608852 60.694050
16839 35.649369 -35.649369 42.784387
16240 35.618625 -35.618625 43.213707
6481 24.440018 -0.662121 0.662121
8649 21.898620 -0.573764 0.573764
11794 29.400119 -24.120070 75.879930
825 74.559602 25.440398 33.927919
8354 89.811587 -10.188413 31.566506
8352 88.970522 -11.029478 31.939542
6539 84.447124 15.552876 26.963119
19824 14.034509 -14.034509 46.057903
1419 33.642369 -4.839704 95.160296
8648 22.655079 -1.187824 1.187824
6480 27.111179 -0.795114 0.795114
12750 18.816060 18.816060 51.502004
3486 49.183429 -41.048591 58.951409
8689 4.888423 -1.018702 98.981298
8691 4.183738 -0.902012 99.097988
2691 4.654404 -1.088579 98.911421
10074 18.869012 -1.192451 1.192451
2669 20.747960 -1.019511 1.019511
1315 95.413388 1.820394 1.820394
15150 95.338673 0.831461 0.831461
16900 16.711045 -16.711045 39.544725
10073 19.431015 -0.573128 0.573128
1414 71.993059 28.006941 58.924686
16632 72.871968 27.128032 57.690131
15666 67.023293 10.108690 10.108690
15156 21.929825 -21.929825 21.929825
1808 22.807018 -22.807018 22.807018
16216 90.291259 -9.708741 18.271171
6983 30.913565 -27.625362 72.374638
14763 74.234585 -25.765415 52.917135
7035 59.981125 -24.619077 24.619077
1607 59.154485 -25.586025 25.586025
16415 32.746702 32.746702 64.527323
9916 66.340241 14.520087 14.520087
8054 93.612975 -6.387025 22.635914
8053 94.394961 -5.605039 22.162242
15135 32.850937 32.850937 34.422676
9824 73.469134 19.667479 19.667479
13682 7.082620 -7.082620 32.262480
5331 80.231058 19.768942 28.650954
8554 31.132754 -28.305230 71.694770
4614 43.571657 -37.167092 62.832908
15457 43.505050 -36.951846 63.048154
27208 63.736698 -1.651052 98.348948
741 79.533575 -20.466425 46.943490
5927 79.605837 -20.394163 46.689042
19788 8.823529 0.000000 0.000000
1609 5.882353 0.000000 0.000000
3278 47.015770 -21.400437 78.599563
4381 5.831347 -3.574271 96.425729
6735 21.690381 -21.690381 28.017886
11124 88.809353 11.190647 18.796692
5051 94.136655 5.863345 18.811915
8167 93.890584 6.109416 31.008167
2387 93.254371 6.745629 31.947563
18688 99.598614 0.401386 74.142156
11986 94.714200 -5.285800 24.190919
11828 95.133075 -4.866925 24.186004
5363 83.637765 -16.362235 48.352954
1084 71.678322 -28.321678 71.678322
14123 72.660639 -27.339361 68.262800
3954 73.408654 -26.591346 67.271459
3572 70.190983 -29.809017 33.747508
16631 37.504635 -23.490944 23.490944
17588 84.735023 15.264977 35.116005
10694 53.800516 -43.129631 56.870369
18765 100.000000 0.000000 96.527778
27971 99.183175 -0.816825 97.305185
4398 35.185574 -35.185574 49.528678
19114 36.039442 -36.039442 49.736351
2392 85.775242 14.224758 31.891062
16318 49.283697 -42.217324 42.217324
20464 64.092640 35.907360 44.557926
20490 87.997043 12.002957 72.751636
20492 87.130550 12.869450 74.063564
180 6.355611 -6.355611 89.149327
12493 53.212494 -38.911914 61.088086
7178 16.199384 -8.919081 91.080919
8495 70.025868 -9.914886 9.914886
3573 70.647246 -29.352754 35.174349
1185 85.078979 -14.921021 37.094546
4794 66.278461 2.564554 97.435446
961 41.184002 38.378002 38.378002
15898 57.304869 -42.695131 54.823929
1899 34.954890 -19.900153 80.099847
7703 2.944342 2.944342 58.940769
8670 1.459784 1.459784 58.458515
2060 1.457401 1.457401 59.617144
19215 60.761517 -13.454135 13.454135
3480 60.102305 -13.110391 13.110391
19612 61.176495 -13.003495 13.003495
11910 21.091007 18.044261 81.955739
4117 19.354839 19.354839 80.645161
12567 21.965280 -16.039794 16.039794
17184 63.783999 -36.216001 46.857027
17600 34.019816 -20.436912 79.563088
16626 41.560506 20.197837 20.197837
753 45.281092 -27.872603 27.872603
6118 46.261242 -27.319049 27.319049
19765 44.446350 27.890200 27.890200
6547 70.934699 29.065301 42.193687
10501 53.413407 -32.638400 67.361600
8509 29.778648 11.535550 11.535550
13509 15.957447 15.957447 15.957447
6798 15.624787 15.624787 16.918971
13191 22.614882 -5.420031 94.579969
20859 21.978976 -5.367667 94.632333
5577 30.193943 10.061976 10.061976
453 29.222651 10.599557 10.599557
7333 30.482499 -30.482499 62.904782
13875 40.034867 40.034867 56.715949
20528 74.881582 25.118418 34.353856
1088 69.235555 25.813999 74.186001
17602 42.175732 42.175732 52.375025
9004 41.068445 41.068445 53.725328
369 31.171982 9.605237 9.605237
3761 9.968153 -1.815933 98.184067
8379 34.178020 13.490764 13.490764
15980 73.932367 -26.067633 39.502742
16618 70.335846 -29.664154 63.615772
12147 61.929589 38.070411 38.783277
458 61.538462 38.461538 38.461538
1883 9.575086 -8.891871 91.108129
18575 83.681075 16.318925 42.479107
11399 83.122060 16.877940 42.272778
14621 88.168177 -11.831823 37.041548
27434 89.334813 -10.665187 36.485339
11008 35.662738 11.483042 11.483042
5954 73.212330 -26.787670 53.976970
5953 73.204615 -26.795385 53.787141
764 73.443992 -26.556008 53.721176
9704 78.971420 9.783721 90.216279
3224 77.904600 9.662346 90.337654
10829 36.853563 11.196429 11.196429
14402 99.060190 0.939810 14.409340
11278 66.846905 -23.192904 76.807096
11276 66.609691 -23.787711 76.212289
11277 68.006097 -24.234831 75.765169
4858 94.906907 -5.093093 19.904035
18341 93.863003 -6.136997 19.949098
13366 2.098394 2.098394 19.957333
17555 78.812390 -8.587027 8.587027
4889 79.435595 -8.558421 8.558421
20177 79.052163 -8.922165 8.922165
12104 70.642143 29.357857 39.473099
5768 37.300832 -37.300832 42.235953
7726 37.298336 -37.298336 41.583265
7980 79.149053 -20.850947 37.997749
20377 69.857389 -30.142611 54.852859
10156 67.862034 23.912221 23.912221
16595 52.402245 -28.959277 28.959277
12129 52.227819 -27.979071 27.979071
12036 86.167109 2.181713 97.818287
19525 52.629015 -40.599647 59.400353
3015 52.859117 -41.232156 58.767844
18683 37.144389 24.107364 24.107364
18515 48.261439 -27.881969 72.118031
19766 47.403686 -27.200343 72.799657
4670 50.511635 -37.692288 37.692288
14184 49.993289 -37.142459 37.142459
14500 2.449618 -2.449618 33.160241
4712 2.906881 -2.906881 33.852413
3305 65.591031 -9.274377 90.725623
1064 95.023668 -4.976332 48.350924
10316 20.152817 20.152817 28.160173
13516 72.611396 -27.388604 64.736664
18017 77.555675 -22.444325 34.142063
5157 68.941658 -13.662195 13.662195
15000 53.716172 9.760984 9.760984
4919 72.262731 -18.059281 81.940719
17093 10.711551 -2.731730 97.268270
19153 10.046036 -2.804057 97.195943
10215 44.769607 -30.875275 69.124725
15039 30.056699 -30.056699 61.151701
20205 30.486913 -30.486913 61.453464
17270 84.949426 15.050574 28.176399
19339 56.027793 -20.062935 79.937065
3236 1.949585 -1.949585 19.734195
16228 2.412537 -2.412537 19.183794
979 44.711538 -44.711538 55.288462
12987 45.192308 -45.192308 54.807692
12989 45.958685 -45.254173 54.745827
18956 39.630153 -15.513542 15.513542
761 82.213745 17.786255 53.627006
4750 60.870553 10.235051 89.764949
13756 72.704214 27.295786 32.963287
684 71.494342 28.505658 34.288938
16309 34.947141 -34.947141 62.940205
19149 46.500050 29.739439 70.260561
1206 46.975083 31.279449 68.720551
14625 44.334153 30.374681 69.625319
3998 19.192992 6.865581 6.865581
13485 17.617336 7.025327 7.025327
15308 94.590311 5.409689 10.495327
20131 85.806151 -14.193849 56.797763
12030 27.624506 12.978375 12.978375
18868 99.213689 0.786311 84.803658
17443 71.160470 28.839530 49.009129
1564 73.863117 12.876871 87.123129
6968 72.917381 13.194961 86.805039
1663 7.819011 -1.076574 98.923426
9031 82.879468 17.120532 28.791371
18401 28.416447 28.416447 52.904016
18402 28.575025 28.575025 54.602046
18922 82.240140 17.759860 70.959122
27669 84.293569 15.706431 69.088093
18920 83.472537 16.527463 68.363190
27670 85.234053 14.765947 69.191992
20446 9.697895 -1.277147 98.722853
20447 9.674266 -1.226889 98.773111
12374 70.203888 -29.796112 59.754186
20803 42.341495 13.788305 13.788305
518 41.762789 14.126475 14.126475
5651 42.947770 13.512472 13.512472
13391 60.198256 -2.308191 97.691809
13938 58.890885 -2.055320 97.944680
11486 71.269748 28.730252 55.284740
3977 70.395753 29.604247 54.668940
19099 56.545256 11.709331 11.709331
6680 65.442392 -21.129375 21.129375
8971 13.241497 -13.241497 32.915577
27541 25.442802 -25.442802 68.192434
5906 46.650963 13.203263 13.203263
20353 74.830308 -25.169692 49.849947
15008 74.480430 -25.519570 49.783209
17330 67.159243 -32.840757 56.722969
20813 47.514284 13.146829 13.146829
6642 64.874361 -28.891078 28.891078
19012 27.948843 -27.948843 46.441688
15478 28.307006 -28.307006 46.159085
7291 28.498123 -28.498123 46.573672
14842 40.822210 -36.339813 63.660187
12652 56.869271 10.944064 10.944064
16294 33.626815 33.626815 63.477418
2759 34.677419 34.677419 65.322581
3971 10.351538 -10.351538 71.318147
16763 11.312144 -11.312144 70.244435
19124 10.779416 10.779416 31.152774
1199 29.413806 -23.876307 76.123693
19517 91.594907 8.405093 18.311865
17788 49.572195 12.970427 12.970427
17849 85.766937 14.233063 27.237683
17848 85.328352 14.671648 27.140733
13986 40.702869 20.480891 20.480891
9883 63.709677 36.290323 63.709677
11644 47.598635 -40.561760 59.438240
5352 76.158430 3.914973 96.085027
5351 76.062071 4.168585 95.831415
15267 5.907773 -5.907773 9.065598
19200 23.987437 23.987437 58.472843
10890 82.586276 -17.413724 46.086780
14864 73.131320 -26.868680 35.515346
19154 75.133080 -24.866920 52.559902
11443 65.888147 -34.111853 60.247205
10107 75.739027 1.666828 1.666828
1183 86.401010 -13.598990 34.460518
27435 86.675180 -13.324820 34.211171
11648 80.970735 4.330158 95.669842
3886 63.153562 33.944560 33.944560
18591 51.612903 48.387097 51.612903
27934 50.563136 49.131092 50.868908
27935 50.365724 48.794925 51.205075
19543 98.023539 -1.976461 21.535741
694 96.483648 -3.516352 22.115401
315 43.384309 -43.384309 53.995302
10845 76.189919 -6.234287 6.234287
2960 81.307227 1.670393 98.329607
19856 11.959738 11.959738 32.620312
19872 13.873275 13.873275 32.429422
2958 61.530429 19.281164 19.281164
16032 60.042777 -26.178083 26.178083
14949 56.833898 -27.441136 72.558864
504 57.853356 -26.932675 73.067325
5636 55.969017 -26.271397 73.728603
13790 77.322965 22.677035 40.611357
13789 78.127855 21.872145 40.355074
10298 32.881719 -32.881719 57.738866
10297 31.543401 -31.543401 57.526230
8244 86.198464 -13.801536 14.133976
8242 85.576923 -14.423077 14.423077
10198 77.351980 -21.868782 21.868782
7953 40.872708 -24.759346 75.240654
12233 31.269567 -24.476832 75.523168
17892 31.981560 -24.939523 75.060477
7323 72.094891 22.954779 22.954779
15369 75.638120 -17.480627 17.480627
1771 53.788620 -14.007188 14.007188
27209 88.618104 0.846166 99.153834
17460 3.729248 -3.729248 56.199569
20761 4.646285 -4.646285 56.389364
4098 27.162457 -10.132252 10.132252
18128 73.708156 -20.126013 79.873987
18129 71.222871 -18.168673 81.831327
8773 84.191542 7.209738 92.790262
11567 85.585256 14.414744 39.727365
9042 32.844073 18.258270 81.741730
11624 61.346216 -38.653784 60.043170
13355 61.576708 -38.423292 60.371247
13356 60.839161 -39.160839 60.839161
8025 33.332800 -31.227498 31.227498
6292 73.404239 1.126077 1.126077
27617 71.666033 12.760466 87.239534
14131 70.297425 12.617988 87.382012
27622 72.206373 12.446477 87.553523
27192 26.044595 -26.044595 28.030838
12481 98.483734 1.516266 33.436155
20632 98.411969 1.588031 33.052938
5693 78.599978 21.400022 43.993278
16347 49.976200 -43.929196 43.929196
16317 49.743984 -43.120841 43.120841
6724 80.676868 19.323132 39.499763
15200 80.318092 19.681908 39.149792
11094 30.425113 -30.425113 63.543792
20368 69.932243 -30.067757 54.449736
15352 43.891709 -40.298732 59.701268
2816 43.547375 -40.666256 59.333744
19116 72.053272 -26.006913 73.993087
14869 68.727317 -31.272683 52.211446
11857 69.081090 -30.918910 51.707174
13571 10.123526 -10.123526 80.912813
18374 38.325977 -13.534548 13.534548
3229 39.436216 -13.518806 13.518806
1686 68.842438 -20.355492 20.355492
8063 70.080788 -19.770995 19.770995
10862 81.695930 18.304070 38.531820
1389 81.035887 18.964113 38.854488
4260 77.141568 -22.858432 50.730747
14361 89.285658 10.714342 17.616285
3723 88.302474 11.697526 17.936126
19701 88.518883 11.481117 18.363214
1231 69.239139 24.413944 24.413944
6530 69.653061 25.085275 25.085275
6532 70.299168 24.221083 24.221083
16546 32.013976 30.010514 69.989486
5472 75.768548 -24.231452 66.183906
12678 79.364831 -20.635169 48.894231
5038 79.026556 -20.973444 31.903909
15802 75.098015 -24.901985 55.651884
15801 74.546651 -25.453349 55.600877
931 47.545792 -42.787874 57.212126
14481 34.092591 -34.092591 64.364701
3568 34.388770 -34.388770 64.108305
13336 97.709673 2.290327 11.845248
4967 4.906344 -2.051636 97.948364
12988 46.151259 -45.658871 54.341129
4373 94.230769 -5.769231 5.769231
8440 27.652132 -7.515643 7.515643
17753 13.079539 -1.404877 98.595123
16405 38.219049 24.624403 24.624403
11508 34.797596 -16.830286 16.830286
15358 67.208058 3.682934 96.317066
14172 31.730769 -31.730769 68.269231
14171 31.686510 -31.686510 67.691215
8368 38.206952 -2.822550 97.177450
11988 52.376800 14.310113 14.310113
4145 52.317623 14.726493 14.726493
6363 62.728825 -32.575827 67.424173
6365 61.821016 -31.592126 68.407874
15911 51.375572 -22.570078 22.570078
10383 47.464380 -45.883869 54.116131
10384 47.806273 -45.538201 54.461799
2459 66.129032 33.870968 66.129032
15833 66.935484 33.064516 66.935484
7303 15.384615 -15.384615 84.615385
11310 59.322685 -40.677315 45.109212
9425 25.106488 -13.812042 13.812042
13685 48.182412 -30.533897 69.466103
13684 47.390870 -30.311345 69.688655
1328 35.692042 29.839751 70.160249
6654 33.751044 29.335106 70.664894
2413 91.432429 -8.567571 16.090402
12186 73.653282 5.146399 94.853601
12184 73.791593 5.613030 94.386970
3493 73.335044 26.664956 56.746110
1907 5.769231 -5.769231 94.230769
607 60.626304 -15.270945 15.270945
2512 39.469138 -3.021330 96.978670
8369 39.465024 -1.551685 98.448315
15 62.935942 -37.064058 59.361087
19378 63.287013 -36.712987 58.945993
10105 63.367589 -36.632411 59.208009
11074 37.465640 25.097077 25.097077
8075 40.806847 -40.806847 57.448279
6828 10.974480 -10.169070 89.830930
14463 10.836954 -9.732529 90.267471
9148 10.483886 -9.934093 90.065907
7668 1.225535 1.225535 45.859821
11392 30.090305 -30.090305 50.296978
5332 79.268483 20.731517 28.956960
16162 85.288990 -2.694489 97.305511
15171 19.303593 9.995873 9.995873
18711 89.699970 1.281292 98.718708
27220 91.157523 1.131327 98.868673
11923 80.872185 19.127815 37.256670
4119 80.355739 19.644261 37.398371
18592 80.422758 19.577242 37.760639
11255 64.121273 32.287210 32.287210
7085 16.135610 -9.405760 9.405760
17797 29.565968 -29.565968 69.673341
17796 29.063465 -29.063465 70.272629
2146 28.740883 -28.740883 69.739966
9737 33.961886 -33.961886 51.048065
522 65.436316 -34.563684 55.444641
5657 65.063391 -34.936609 55.813090
5656 64.946751 -35.053249 55.626632
9450 85.613785 -14.386215 32.328166
19377 32.471216 32.471216 45.600783
3042 76.248832 -23.751168 67.594770
5864 89.138480 10.861520 82.581591
2676 70.820769 -12.659102 12.659102
12623 21.422578 -21.422578 49.367528
3256 50.563441 -31.350761 68.649239
3555 62.566242 -6.893914 93.106086
10546 3.147862 -3.147862 35.912081
10547 3.247365 -3.247365 35.188224
10548 3.724610 -3.724610 35.836663
18139 90.676981 -9.323019 21.149853
3884 87.856576 12.143424 68.878573
9151 72.125320 -27.874680 67.162050
2942 72.873310 -27.126690 66.659814
9308 50.763429 -29.539885 70.460115
16945 68.497004 20.778819 20.778819
18257 85.460026 -14.539974 20.948145
12612 97.211793 2.788207 88.205786
15595 85.940244 -14.059756 15.117126
12406 87.357938 -12.642062 14.093709
18450 13.734673 -13.734673 56.658581
3714 32.418141 -32.418141 41.866176
11280 90.647809 9.352191 34.679403
20286 51.923077 -48.076923 48.076923
233 40.039238 -16.383899 16.383899
16097 39.440451 -15.979053 15.979053
7422 10.054396 -7.858663 92.141337
7501 9.717074 -7.508424 92.491576
1877 9.538534 -7.742858 92.257142
10967 2.761265 -2.761265 79.986113
1 47.334340 10.320204 89.679796
13916 50.453864 12.633054 87.366946
5098 47.102640 12.874853 87.125147
10856 97.920904 2.079096 32.769698
8529 98.367635 1.632365 32.716248
2604 98.175506 1.824494 32.539945
4384 69.384488 23.805145 76.194855
12840 68.220034 22.586535 77.413465
10498 77.298924 -22.701076 59.976420
10223 85.368263 14.631737 29.129946
6337 17.599653 -17.599653 32.493422
13665 88.217219 11.782781 35.305451
20694 26.519022 18.937319 18.937319
2284 27.721078 25.906670 25.906670
19961 27.798676 25.139079 25.139079
20687 18.267964 -8.490658 8.490658
667 62.376576 22.313199 22.313199
16679 76.843545 -23.156455 62.918145
16374 68.444702 4.825028 95.174972
14647 35.573146 -4.499432 4.499432
9444 9.089545 9.089545 10.479878
20268 97.612918 2.387082 90.327021
18324 97.660235 2.339765 89.245657
15928 0.566005 -0.566005 46.956319
19126 54.363702 0.948346 99.051654
17059 31.704936 -26.746295 26.746295
17061 31.115787 -25.222399 25.222399
3702 32.919402 -26.423913 26.423913
6914 41.294974 -41.294974 49.324901
1522 40.831919 -40.831919 49.407757
16272 31.978843 -31.978843 60.766348
9636 96.142915 3.857085 6.784973
12268 80.753869 -10.941099 10.941099
7950 7.042449 -7.042449 28.950427
7951 7.666921 -7.666921 29.721445
16922 62.500000 37.500000 37.500000
7449 94.485011 5.514989 27.690316
7330 38.848321 -35.259004 64.740996
6930 39.130990 -35.087523 64.912477
8266 86.950517 -13.049483 33.192775
27458 86.321750 -13.678250 33.623870
27436 86.047860 -13.952140 33.504436
12283 56.268331 -32.247291 67.752709
14355 23.069110 23.069110 26.378652
4694 22.213748 22.213748 25.324354
7643 66.443055 -3.320195 96.679805
27127 64.926671 -1.460370 98.539630
20620 70.781062 -19.646142 19.646142
17531 15.764899 6.159448 6.159448
11552 17.591360 6.076688 6.076688
19094 70.670014 -29.329986 62.229363
5831 61.353472 22.181481 22.181481
12535 29.854886 -29.854886 48.696684
153 38.537802 26.511079 73.488921
4753 47.024939 -41.463325 58.536675
18722 10.396088 -10.396088 68.464363
1335 64.185964 30.288695 69.711305
7081 38.296442 -38.296442 43.192735
3608 20.319971 17.554392 17.554392
20882 21.471729 21.471729 49.332372
20646 85.571535 -4.354953 4.354953
4045 71.146597 -28.853403 65.154853
17172 71.361672 -28.638328 64.954866
6861 0.000000 0.000000 64.516129
9522 83.845888 16.154112 36.136459
17129 22.115385 -22.115385 77.884615
19693 19.819887 -19.819887 40.906777
15579 20.864269 -20.864269 40.920993
27120 26.505539 14.243022 14.243022
9079 26.902256 13.768057 13.768057
27711 25.798820 13.774006 13.774006
27712 25.747190 13.287912 13.287912
14475 49.236727 4.881223 95.118777
2079 47.374462 14.865177 14.865177
17220 60.483871 39.516129 60.483871
4056 59.677419 40.322581 59.677419
17221 58.403691 39.499482 60.500518
1294 30.792177 24.373847 24.373847
11440 32.250495 -32.250495 62.853676
12525 77.790730 -11.788814 11.788814
12524 78.110518 -12.104886 12.104886
1896 62.565685 -33.750349 33.750349
5189 26.675618 18.422127 18.422127
89 27.293422 19.213386 19.213386
20668 27.479215 18.733566 18.733566
9714 66.675585 -33.324415 64.885873
3483 4.871017 -4.871017 41.126851
20834 87.475907 12.524093 74.324853
6825 87.262646 12.737354 75.398118
27681 87.950833 12.049167 74.241860
10152 51.981972 35.613251 64.386749
9827 36.207157 -15.423884 15.423884
19091 40.827608 -26.577124 73.422876
8147 17.186878 -17.186878 55.305317
2372 16.801080 -16.801080 54.605959
17655 82.468415 3.704172 96.295828
27212 74.094014 -1.506150 98.493850
27213 73.755682 -1.975905 98.024095
27272 74.435060 -1.261935 98.738065
27234 74.596305 -1.031300 98.968700
2162 34.181507 -34.181507 45.134326
3448 5.853739 -5.853739 65.265115
16557 72.851977 27.148023 48.338207
13353 42.566605 -38.702726 61.297274
7424 98.340375 -1.659625 26.211939
12285 99.546090 -0.453910 14.405834
1412 98.660275 -1.339725 15.369824
17526 26.564864 -23.257415 76.742585
27438 81.596877 -18.403123 26.302519
17982 16.878515 -10.082636 89.917364
13151 11.101950 -11.101950 14.444485
4164 12.018037 -12.018037 15.041897
16175 91.584043 8.415957 21.301156
7573 92.540487 7.459513 18.279097
1004 39.003781 -36.686070 63.313930
6258 39.005974 -36.457483 63.542517
19889 38.547403 -36.437319 63.562681
19414 70.384072 13.831221 86.168779
16004 29.049019 -13.862017 13.862017
10351 58.015562 3.962162 96.037838
2353 71.625572 -28.374428 57.696512
15342 72.654425 -27.345575 56.934365
20720 26.144061 21.435223 21.435223
2732 69.644995 -30.355005 37.036551
14920 24.077415 -24.077415 43.976289
4556 72.160779 -27.839221 65.342205
13518 72.202194 -27.797806 65.142326
13517 72.402498 -27.597502 65.188851
14320 30.989570 -25.217285 74.782715
4620 30.189480 -25.140362 74.859638
8936 40.498080 -4.516875 4.516875
12323 29.905006 23.475764 23.475764
4234 28.928511 22.624015 22.624015
8413 48.785400 -38.319064 61.680936
8414 49.397157 -38.916569 61.083431
2346 95.611573 4.388427 28.235958
17415 50.204290 -31.599151 68.400849
7549 49.699415 -31.681034 68.318966
16067 28.888823 -23.813675 76.186325
4841 71.887470 -28.112530 66.012634
20005 71.569961 -28.430039 66.687711
15351 44.610268 -40.412204 59.587796
4073 44.108772 -39.997101 60.002899
1750 42.200293 -38.318780 61.681220
9962 61.604324 -32.352325 32.352325
17696 82.153442 -9.329329 9.329329
2820 83.438835 -8.747676 8.747676
8914 82.960590 -9.381588 9.381588
27503 5.976178 -2.786053 97.213947
17342 35.207947 -3.753188 96.246812
4660 27.075765 -27.075765 65.194895
14107 27.119615 -27.119615 64.434226
19033 27.661230 -27.661230 64.693422
14408 7.917444 -1.703596 98.296404
17135 7.712807 -1.752115 98.247885
5497 80.810869 -19.189131 48.209694
5495 80.431057 -19.568943 48.722719
5496 80.121921 -19.878079 48.578298
8005 38.782395 16.755286 16.755286
19127 53.947368 0.000000 100.000000
10767 54.742719 -1.499467 98.500533
27214 55.261708 -0.890898 99.109102
3549 55.263158 0.000000 100.000000
27215 56.124032 -1.064322 98.935678
16161 72.768706 16.404416 16.404416
933 9.524022 9.524022 83.914594
17930 18.971525 18.971525 23.220287
827 36.868032 3.638107 3.638107
20797 46.173126 44.690875 55.309125
1931 9.048445 -7.194444 92.805556
16727 81.310019 -15.376010 84.623990
20662 90.387284 -1.563205 1.563205
15955 67.410551 -32.589449 66.691752
3144 66.367936 13.307552 13.307552
16443 64.909720 14.189820 14.189820
5820 58.124013 13.426794 13.426794
661 57.430248 13.992063 13.992063
19156 58.637250 14.148818 14.148818
1905 13.505074 -13.505074 43.262079
5301 32.267151 32.267151 42.381224
13746 81.872551 18.127449 55.047791
4900 92.808457 -7.191543 23.503010
17820 93.625375 -6.374625 23.006719
17822 93.624915 -6.375085 23.383616
18632 88.185322 11.814678 14.186040
19943 29.545726 29.545726 31.334234
9572 26.988068 -26.988068 38.206667
2047 74.475524 -25.524476 74.475524
5070 33.511638 33.511638 45.732644
1070 66.535555 20.452940 79.547060
19015 42.982456 -42.982456 42.982456
7030 38.815957 -38.815957 59.710180
2570 41.513508 -29.776718 29.776718
8477 41.614537 -30.933971 30.933971
16807 34.486362 -34.486362 47.725427
16101 33.653726 -33.653726 47.886556
17582 22.869519 -22.869519 42.000469
871 52.484658 -29.526508 70.473492
6098 53.054198 -29.703481 70.296519
9845 34.854494 34.854494 51.541615
9843 33.688945 33.688945 50.837067
349 4.710386 -4.710386 17.792011
15465 33.763468 18.699510 18.699510
15859 76.315789 0.000000 100.000000
4867 77.631579 0.000000 100.000000
11887 4.248459 -4.248459 35.632209
20288 82.260392 -17.739608 19.326615
20017 73.111751 -26.888249 55.051467
15959 73.053767 -26.946233 54.871195
809 73.270411 -26.729589 54.816583
15354 45.024184 -41.314321 58.685679
14079 10.005574 10.005574 13.871055
14676 27.041245 -27.041245 70.125026
3301 27.539301 -27.539301 69.476461
14677 27.623621 -27.623621 70.031644
10405 56.231264 -1.890699 98.109301
11592 56.776377 33.388580 33.388580
17230 6.178364 -6.178364 29.396060
927 22.717469 22.717469 31.791434
20721 23.794557 23.794557 31.399491
9789 70.775813 29.224187 67.722882
12051 71.316997 -28.683003 52.180966
2895 64.969904 -35.030096 57.322954
15901 65.044741 -34.955259 56.939125
19670 72.185247 12.689366 12.689366
19722 72.014859 11.708618 11.708618
3927 66.898365 -33.101635 60.121621
7034 60.359888 -25.328044 25.328044
18952 17.696283 13.981531 13.981531
17043 25.706718 25.706718 30.357318
16817 35.106383 35.106383 35.106383
11358 91.547606 8.452394 20.818318
20565 56.889887 43.110113 48.490741
20568 57.656116 42.343884 48.320131
14620 95.493800 4.506200 91.597298
7650 86.200544 13.799456 27.337286
7147 69.743989 -20.707780 20.707780
1597 70.316003 -21.140695 21.140695
18416 21.636325 -21.636325 39.794776
8224 26.563632 1.474793 98.525207
16417 58.486604 9.501566 90.498434
17373 57.164524 7.795347 92.204653
8779 63.090432 -36.909568 56.687253
4840 24.620576 24.620576 29.716615
18926 66.346154 -33.653846 33.653846
6508 66.202559 -33.797441 55.385338
9461 37.242285 29.107220 70.892780
15782 62.104088 11.746180 88.253820
27325 61.415027 12.498615 87.501385
19797 13.475077 13.475077 34.088561
4738 15.420392 15.420392 33.721279
11023 39.208429 -11.363868 11.363868
11021 41.136453 -11.589478 11.589478
2332 76.232383 14.592309 14.592309
27913 76.149272 15.047566 15.047566
27905 76.816072 14.930603 14.930603
8758 71.144978 -28.855022 36.059078
20239 68.430089 -9.942066 9.942066
19924 17.236038 17.236038 33.264133
1361 34.654472 -34.654472 63.525269
4091 53.646253 -36.741044 63.258956
8535 36.514542 -36.514542 55.075211
27542 14.903846 -14.903846 85.096154
17883 16.421473 -16.421473 47.227097
7196 69.899211 -5.067222 5.067222
14311 54.949205 -36.333099 36.333099
20755 2.479453 -2.479453 56.548003
7225 42.464545 -38.429016 61.570984
19663 1.776095 -1.776095 18.014831
3939 77.877392 -13.380221 86.619779
20580 76.492779 -12.326261 87.673739
16169 70.166963 -15.302530 84.697470
945 22.852148 22.852148 37.141276
20801 26.881923 26.881923 46.827076
20888 39.490295 39.490295 50.927572
946 24.214597 24.214597 39.937483
5049 20.361571 20.361571 23.261794
18818 21.304764 21.304764 24.284085
11729 79.161524 2.738709 2.738709
14707 80.680014 3.173990 3.173990
14708 80.844070 2.200850 2.200850
17844 39.839074 -29.657719 70.342281
17446 99.347497 0.652503 71.887829
19349 75.516494 14.066484 14.066484
20399 23.427132 23.427132 40.473012
20700 22.661740 22.661740 40.527730
18638 21.013246 -11.718496 88.281504
19558 22.168163 -11.950726 88.049274
8678 6.424208 -0.943660 99.056340
18951 16.971629 13.140648 13.140648
8101 18.388360 13.518959 13.518959
20398 24.131616 24.131616 40.958239
3876 11.954654 -11.954654 51.341867
19877 94.812451 -5.187549 15.436605
981 93.833555 -6.166445 16.188065
942 57.938526 -13.326111 13.326111
3472 59.212563 -19.084028 19.084028
10250 58.180739 -19.893653 19.893653
2382 75.371008 -2.099665 2.099665
19989 74.312836 -2.614077 2.614077
19858 73.738509 -2.045923 2.045923
20405 17.728797 -17.728797 55.083555
3432 92.403000 -7.597000 10.582323
8838 58.183762 -15.024761 84.975239
7778 83.262557 16.737443 29.510847
752 43.408697 -28.867098 28.867098
14386 42.385737 -28.266139 28.266139
20440 9.446740 -2.273083 97.726917
9459 9.762305 -2.371498 97.628502
6730 34.330672 -31.049317 68.950683
6732 35.420230 -30.957888 69.042112
16700 89.242459 -10.757541 20.161570
1286 75.284743 24.715257 65.574438
18259 76.829968 23.170032 65.147359
6925 25.217854 -25.217854 50.417151
2102 92.247903 7.752097 21.107209
7766 92.206509 7.793491 20.639176
10082 53.878874 -37.789508 62.210492
15006 88.369810 11.630190 40.278726
1091 55.052485 -29.652133 29.652133
6276 94.358372 -3.582630 3.582630
1019 91.772850 -4.901087 4.901087
6277 91.494895 -4.311348 4.311348
3070 36.057938 8.873030 8.873030
11003 24.236959 -24.236959 38.365706
5765 22.636981 -16.804898 16.804898
14619 93.946435 6.053565 92.177298
27488 92.960617 7.039383 92.087420
27445 92.741935 7.258065 92.741935
19469 91.935484 8.064516 91.935484
27441 93.218616 6.781384 91.494964
16919 22.840832 22.840832 24.372418
2563 99.112804 0.887196 26.588591
8100 19.261523 13.117340 13.117340
27327 45.243693 20.814245 79.185755
17341 43.898640 20.845914 79.154086
27328 44.928494 21.278239 78.721761
20615 77.091230 22.908770 33.231257
20614 77.732793 22.267207 32.969117
12256 77.014546 22.985454 23.762977
4815 58.237489 35.542613 35.542613
15568 73.111093 14.032252 14.032252
10730 27.005392 -27.005392 52.579009
15892 53.779161 -38.147654 61.852346
15553 28.263953 -28.263953 67.491073
8574 31.250945 31.250945 41.366999
12964 73.509796 26.490204 69.449645
14442 31.948286 -22.682667 77.317333
9535 28.277633 26.033566 73.966434
19407 14.924010 -14.924010 25.407758
2858 10.397972 -9.455641 90.544359
19031 27.697571 -27.697571 65.288739
9612 91.394998 -8.605002 32.758112
16401 45.958038 22.643682 22.643682
94 46.817058 22.312103 22.312103
8089 27.676965 26.764474 26.764474
7688 26.595745 26.595745 26.595745
1965 31.310035 -22.551650 77.448350
8088 28.731679 26.882702 26.882702
12699 65.120123 -34.879877 59.452158
14658 44.259986 33.450944 33.450944
18235 63.335753 -36.664247 52.116136
20471 55.487453 44.512547 52.959025
2879 45.119741 34.763386 34.763386
9044 45.348004 36.161001 36.161001
4934 81.468531 -18.531469 81.468531
13432 12.235123 -8.965583 91.034417
14943 58.389894 -35.974120 64.025880
12021 68.120199 -31.879801 59.301715
1100 68.903350 -31.096650 58.660882
15346 51.285908 -37.886981 37.886981
17728 74.916519 -25.083481 33.330061
6592 74.603078 -25.396922 32.863048
15946 99.038462 0.961538 0.961538
5280 93.950465 6.049535 23.611968
4791 41.695284 -21.498031 78.501969
17117 63.384942 1.696486 98.303514
13404 18.544777 -18.544777 50.806892
5712 51.447621 34.360248 34.360248
5071 22.800284 14.420667 14.420667
1862 53.699342 -16.678543 16.678543
14116 42.303303 -11.941654 88.058346
10102 78.428429 -21.571571 37.548560
17385 79.572338 -20.427662 37.010269
11455 64.741581 -23.076965 23.076965
19826 65.285221 34.714779 63.495298
17512 85.013103 14.986897 37.026770
20618 86.278596 -13.721404 40.584510
6761 69.070511 30.929489 60.430239
6763 70.501277 29.498723 58.991570
3906 58.266448 -41.733552 45.634970
14947 57.294523 -42.705477 45.753793
15602 78.355961 -21.644039 40.022275
12974 88.857072 11.142928 21.924385
8739 16.597230 -16.597230 46.604912
19727 86.453843 13.546157 16.167300
12795 94.763681 -5.236319 6.508827
12794 96.670289 -3.329711 6.097618
6123 76.008956 -23.991044 34.832519
18612 69.052489 -30.947511 43.289340
6709 41.117608 -30.304973 69.695027
6708 42.364456 -30.966189 69.033811
10638 42.099153 40.338597 40.338597
15496 56.100628 -16.313161 83.686839
20828 13.276068 13.276068 86.177766
20829 13.709677 13.709677 86.290323
18002 70.612971 -24.216116 24.216116
19162 39.215374 -34.560275 65.439725
11265 49.309141 -47.126545 47.126545
18151 47.368421 -47.368421 47.368421
27672 86.217210 13.782790 70.316412
27683 86.984723 13.015277 70.432823
320 26.558278 16.110844 16.110844
10213 26.161200 16.576640 16.576640
8208 27.032321 -27.032321 34.630243
6077 51.956641 43.403654 43.403654
13134 41.489362 41.489362 41.489362
14093 11.697617 11.697617 67.966462
18204 11.317270 11.317270 66.905532
7418 40.697742 39.727449 39.727449
14566 38.940190 21.762788 21.762788
12033 51.141723 -25.534443 25.534443
12031 52.073634 -25.130935 25.130935
12032 52.047730 -26.018653 26.018653
17104 39.008139 -39.008139 55.622508
2800 49.330909 -42.160949 57.839051
19751 49.103670 -42.426470 57.573530
19306 63.625361 -36.374639 58.795251
4868 63.496538 -36.503462 58.710895
6700 3.805778 -3.805778 28.982578
4239 93.548387 6.451613 93.548387
27442 92.370016 6.736065 93.263935
19351 93.016157 6.088795 93.911205
18792 91.617320 7.255782 92.744218
27491 91.687342 6.958899 93.041101
9473 46.512354 43.641346 43.641346
18569 22.459447 14.851109 14.851109
12666 51.607913 -44.458067 44.458067
19845 15.984478 15.984478 26.348023
13628 17.369510 17.369510 26.053884
2334 29.716152 27.887679 27.887679
19966 30.751774 28.017443 28.017443
4640 86.342819 13.657181 14.105954
17879 87.282954 12.717046 13.399482
17878 86.538462 13.461538 13.461538
5183 91.225605 8.774395 9.500902
12907 99.248465 0.751535 70.502678
4774 86.978862 5.138533 94.861467
19370 9.296376 -9.296376 76.258999
16982 9.468816 -9.468816 77.671519
9930 40.778337 -39.406593 60.593407
9655 41.136675 -39.888190 60.111810
27673 88.038046 11.961954 70.893145
15340 48.890424 42.372446 42.372446
9878 91.219644 8.780356 25.929504
10758 88.913661 -11.086339 34.085280
3326 50.240884 -42.876022 57.123978
17412 60.254516 -17.548756 17.548756
18198 53.741740 -46.258260 51.328783
18200 53.778901 -46.221099 50.869328
17346 37.413827 -12.842615 12.842615
18366 38.965619 -12.921330 12.921330
7105 97.559102 2.440898 57.619293
27774 96.555492 3.444508 57.755331
27773 95.688598 4.311402 59.028082
20297 93.629156 6.370844 60.884859
18117 70.336148 -18.913824 18.913824
6618 31.796685 -27.413156 72.586844
8516 22.683613 -22.683613 65.215616
14873 86.999499 4.801400 95.198600
6531 70.767788 24.891480 24.891480
9371 0.816924 0.816924 56.522479
16552 45.955890 -26.888672 73.111328
8714 17.231618 17.231618 56.812563
5744 33.733911 -33.733911 63.613905
1109 64.181701 -19.364330 19.364330
11966 37.299371 -37.299371 39.942608
7727 37.662961 -37.662961 40.954495
14705 54.732155 -33.281953 66.718047
2678 1.506058 1.506058 57.369980
14409 33.102520 33.102520 38.587715
20840 63.155364 -16.345147 16.345147
18501 44.594503 -19.681667 80.318333
20291 44.359322 -18.782547 81.217453
7781 42.664315 -22.061710 22.061710
13462 85.650509 6.810938 93.189062
657 43.580359 -38.321910 61.678090
14115 75.209968 -24.790032 47.621617
19831 37.504125 -37.504125 61.347792
614 23.032195 -17.013477 17.013477
18761 37.801337 -37.801337 58.191513
989 38.108068 -38.108068 58.545935
6238 37.401725 -37.401725 58.611645
8307 14.398087 14.398087 24.132619
20293 35.644581 35.644581 45.821643
18453 36.986336 36.986336 44.894494
16033 27.685469 -22.307786 22.307786
11494 13.487413 13.487413 40.462475
9695 13.268711 13.268711 39.109951
16570 19.574710 19.574710 54.771565
8548 29.927718 -28.486412 71.513588
6797 16.625718 16.625718 17.999550
6332 5.423130 5.423130 52.269080
16154 4.314586 4.314586 51.109650
7471 10.458167 10.458167 70.019044
14128 75.620094 -24.379906 64.693232
8209 25.851059 -25.851059 34.184471
27216 26.366297 -26.366297 33.739171
27226 26.555186 -26.555186 34.212207
27217 26.243538 -26.243538 33.332371
13361 83.399209 16.600791 37.994183
11187 63.997661 -36.002339 56.443358
164 36.057692 -36.057692 63.942308
8241 95.526946 -4.473054 41.440754
3570 17.257280 -17.257280 30.338276
17313 60.753401 -5.230615 94.769385
12878 19.693432 -19.693432 62.602744
13744 17.121921 14.567793 14.567793
2497 49.568381 -32.174023 32.174023
19082 48.574319 -32.735736 32.735736
8347 51.628143 -32.202435 32.202435
19495 14.744844 2.422963 97.577037
6057 16.433743 16.433743 38.544483
2920 11.181736 11.181736 34.428312
8963 28.371871 14.936957 85.063043
188 31.376900 12.993653 87.006347
20391 17.749327 17.749327 46.343949
2606 3.787105 -3.787105 6.382284
9254 77.554693 -22.445307 48.049929
6018 78.238533 -21.761467 47.824862
20701 22.158819 22.158819 40.160150
19231 31.107138 -31.107138 59.987657
13777 79.862858 -20.137142 60.350741
5806 79.781539 -20.218461 59.770577
10912 61.912897 -26.852780 26.852780
4649 42.824300 -35.718813 64.281187
14974 66.483739 2.534261 97.465739
2668 35.571852 -26.003464 73.996536
8645 36.092485 -26.584889 73.415111
7883 20.346891 -6.540594 93.459406
5659 76.965576 -23.034424 48.635234
9940 28.681401 -26.668144 73.331856
18524 29.017866 -27.076314 72.923686
3338 29.219864 -26.840174 73.159826
20037 22.629050 -16.504991 16.504991
13989 64.269910 31.286456 31.286456
18735 72.822379 -13.910607 13.910607
27666 90.115634 9.884366 76.906466
19720 81.990486 -11.944392 11.944392
14260 61.134343 -14.384712 14.384712
9231 14.935797 14.935797 40.980133
20049 9.089535 -1.657331 98.342669
19123 9.156622 -1.630288 98.369712
7544 7.194859 -3.083620 96.916380
1953 6.842665 -3.024178 96.975822
17157 78.448206 4.913862 95.086138
4179 78.641382 4.598380 95.401620
11356 4.755280 -3.591404 3.591404
17053 51.109259 -19.918275 19.918275
9452 51.089962 -20.852121 20.852121
183 50.024937 -20.344388 20.344388
417 82.944143 17.055857 24.858160
13382 81.972522 18.027478 25.318746
13383 82.477404 17.522596 25.613866
10722 96.593622 3.406378 19.941838
879 52.438956 -10.921513 10.921513
6109 51.729386 -10.601698 10.601698
19428 39.073070 -21.765747 21.765747
7984 77.384106 -10.101177 10.101177
1446 55.989714 -41.488766 58.511234
3826 36.054977 24.628812 24.628812
18229 12.403696 -1.671803 98.328197
15671 9.567977 -2.546463 97.453537
15670 9.241213 -2.337908 97.662092
10797 27.187763 8.755403 91.244597
2268 64.811275 -35.188725 58.763318
1400 14.536140 -14.536140 81.001590
8137 62.605734 -37.394266 45.369069
10702 30.606529 -30.606529 64.194640
14570 30.753180 -30.753180 46.264182
5555 66.418871 21.000714 21.000714
9449 84.849108 -15.150892 32.167970
17802 71.074891 -28.925109 44.479498
3128 70.875656 -29.124344 44.965811
17869 2.802922 2.802922 61.363648
19468 49.755397 -38.865757 38.865757
14917 82.824669 1.544405 1.544405
17569 8.103350 -8.103350 89.745283
15543 7.882836 -7.882836 90.615938
18210 38.333127 -10.358601 10.358601
18127 72.841940 -20.521766 79.478234
1095 84.470906 4.316492 95.683508
3357 60.928113 -26.554892 26.554892
6116 91.853397 8.146603 66.863403
11200 100.000000 0.000000 40.277778
2721 15.946352 -15.946352 46.774555
5503 71.405747 28.594253 31.226435
10253 69.817898 30.182102 31.539357
7356 8.927587 -8.927587 86.079332
17624 57.632502 37.190044 37.190044
10452 34.030418 -34.030418 63.984984
10454 34.102753 -34.102753 64.129976
2841 8.265540 -1.534393 98.465607
3550 56.279917 -2.847262 97.152738
14019 76.233284 23.766716 29.186036
4825 85.752267 14.247733 37.162914
11752 19.380828 -19.380828 76.951472
5065 73.707004 -22.595655 77.404345
20111 72.173788 -21.070176 78.929824
19576 72.655930 -22.340396 77.659604
15534 82.847968 -5.101980 94.898020
15535 83.727379 -6.150978 93.849022
20525 75.991144 24.008856 31.113919
20209 42.330470 -32.322702 67.677298
12740 32.363871 -23.103601 76.896399
9741 25.179584 25.179584 67.570123
27365 26.007239 26.007239 67.931747
9740 26.182211 26.182211 67.163758
593 81.955680 -18.044320 48.051430
12152 82.553793 -17.446207 47.765878
17375 36.214977 -30.705362 69.294638
17523 41.364236 -15.429845 15.429845
18723 83.513338 16.486662 71.148773
20350 60.749604 27.676858 27.676858
16462 69.130025 5.362326 94.637674
1557 6.887310 -2.528819 97.471181
8679 6.053535 -0.800441 99.199559
9470 71.061890 -18.330181 18.330181
10484 54.113879 -39.432557 60.567443
20758 10.399097 -10.399097 76.706169
15095 88.227848 -11.772152 32.227832
9388 36.176400 -36.176400 39.383943
27742 98.684211 0.000000 100.000000
14139 31.754629 -31.754629 46.550452
14138 31.256274 -31.256274 46.412546
13692 40.733751 -2.101062 97.898938
13691 40.789474 0.000000 100.000000
10804 7.379245 7.379245 11.898333
8178 27.799640 -13.489244 86.510756
13797 82.014518 -2.544225 2.544225
6728 61.266553 -38.733447 45.424738
6727 61.664775 -38.335225 44.511834
7827 81.451613 18.548387 81.451613
2010 82.258065 17.741935 82.258065
13791 77.551070 22.448930 41.016609
13075 1.506174 -1.506174 50.188696
13076 0.912805 -0.912805 50.039072
5403 74.243280 -25.756720 49.218496
19912 0.000000 0.000000 31.182796
14756 19.745603 -3.699011 96.300989
13209 20.649672 -3.277077 96.722923
14759 19.493227 -3.223297 96.776703
19455 46.431121 -30.656177 69.343823
13109 68.333710 -31.666290 58.064493
13678 35.870284 -25.855972 25.855972
14192 40.321470 30.016408 69.983592
14191 39.466856 30.943994 69.056006
10632 74.722968 -25.277032 58.435513
14514 46.436264 -29.466795 29.466795
5939 45.390054 -28.927430 28.927430
1984 67.175668 -6.790308 6.790308
10826 11.991218 11.991218 52.943629
20032 13.890415 13.890415 53.182305
953 45.295847 -40.895679 59.104321
15353 44.437351 -40.803347 59.196653
19540 15.843500 15.843500 53.594059
11175 3.981877 -3.981877 48.196487
19438 4.154403 -4.154403 47.430951
17586 4.551419 -4.551419 47.946116
16213 39.026877 2.138791 2.138791
10860 16.134460 -16.134460 55.110702
12967 15.025641 -15.025641 54.469756
2239 6.364382 -6.364382 28.821008
20880 20.671177 20.671177 49.303774
7758 49.193548 49.193548 50.806452
28063 50.030602 49.279891 50.720109
16620 3.981661 -3.981661 44.267556
1022 99.645972 0.354028 91.732992
6283 13.082480 13.082480 58.462019
9027 14.350486 -12.351809 12.351809
14914 85.437285 14.562715 41.550712
27122 24.769673 24.769673 67.976442
8669 0.000000 0.000000 59.139785
1626 10.623910 10.623910 60.895268
13747 48.549175 -39.567206 60.432794
12550 75.586552 -24.413448 66.715622
16911 14.950268 14.950268 58.881890
18236 23.123444 23.123444 66.967668
3474 22.226555 22.226555 67.652751
13687 86.024331 3.260412 96.739588
18516 64.199055 5.856950 94.143050
16893 5.638636 -2.147018 97.852982
27518 5.493120 -2.144036 97.855964
27504 5.618386 -2.220822 97.779178
2521 69.859109 3.255595 96.744405
12327 4.977943 -4.977943 40.160134
10887 9.861877 -1.871357 98.128643
10064 9.844533 -1.919960 98.080040
4257 30.441226 -15.424431 15.424431
12806 67.000287 4.871342 95.128658
20266 80.263158 0.000000 100.000000
7227 86.466730 13.533270 29.281106
772 87.104916 12.895084 29.555683
9528 53.846154 -46.153846 53.846154
9529 54.590111 -45.409889 53.289688
15074 42.313241 -27.276925 27.276925
12985 14.662490 14.662490 45.722229
4154 15.691078 15.691078 46.509985
4357 17.122125 17.122125 52.334261
16799 17.104007 17.104007 50.739256
20760 16.162029 16.162029 51.313761
9691 13.325773 13.325773 49.669404
2367 12.995541 12.995541 51.473900
20734 14.185825 14.185825 50.831207
8142 11.451825 11.451825 50.198419
6190 9.852346 -1.990250 98.009750
6191 9.597539 -2.018619 97.981381
27836 98.502618 -1.497382 45.727816
16271 50.314648 -17.595410 17.595410
19762 50.410925 -24.913173 24.913173
15391 48.172202 -21.815335 78.184665
2180 89.979038 -10.020962 16.610316
20407 21.482581 21.482581 49.990439
20763 22.135675 22.135675 50.247571
12995 75.405402 24.594598 25.352420
4292 1.880688 -1.880688 14.046165
4536 85.296928 14.703072 30.706293
16315 85.447410 14.552590 30.865025
6091 0.000000 0.000000 26.881720
19591 42.493370 -42.493370 48.790319
7500 10.254938 -7.578841 92.421159
896 37.808371 -37.808371 51.068264
20010 38.559185 -38.559185 51.241285
18907 74.515012 -25.484988 50.314501
19163 2.726561 -2.340005 97.659995
13081 54.878141 20.519257 20.519257
20872 81.027905 3.498961 96.501039
20871 81.055379 3.557876 96.442124
2830 24.783131 -24.783131 47.335274
17133 46.026570 -46.026570 52.359463
1769 44.985104 -44.985104 52.105738
11338 84.615385 15.384615 15.384615
14096 10.797554 -1.602743 98.397257
18176 86.143430 13.856570 26.195915
18447 17.357377 17.357377 45.459320
5704 79.453480 -20.546520 58.715924
3062 1.822176 -1.822176 27.029508
10451 51.904973 20.609780 20.609780
632 52.106255 21.417009 21.417009
4271 13.569106 13.569106 76.097470
8141 11.046051 11.046051 51.628460
10827 10.285941 10.285941 52.803210
6078 50.369272 42.734981 42.734981
20838 70.589587 10.970108 89.029892
20139 15.077677 15.077677 51.863877
18994 7.858904 7.858904 41.801270
500 71.906874 -9.067164 9.067164
10811 72.889016 -7.825823 7.825823
10810 74.287134 -8.292618 8.292618
9692 11.424899 11.424899 48.527881
17158 78.336980 21.663020 31.434026
19844 71.722917 5.304546 94.695454
14628 40.778021 -40.778021 43.814291
3559 53.880497 14.831653 14.831653
19927 1.904400 1.904400 36.165717
27618 87.894298 8.732295 91.267705
27596 88.297599 8.387029 91.612971
4778 87.504968 8.426814 91.573186
17322 88.486026 7.856845 92.143155
19259 33.549229 -33.549229 60.836431
19258 33.339273 -33.339273 60.547894
6120 19.746352 -19.746352 45.795707
18152 69.750228 -30.249772 65.173254
13948 53.692140 -7.229272 7.229272
14374 73.480887 -26.519113 62.771505
16560 81.092112 -18.907888 50.852336
18286 41.074929 26.247048 26.247048
3430 13.349487 13.349487 44.481507
9689 2.394460 2.394460 42.797069
11599 48.851396 14.728847 14.728847
11842 1.766607 -1.766607 42.452891
4485 21.675917 -15.925413 84.074587
13704 80.914793 2.804011 97.195989
8573 29.691699 29.691699 41.800035
1034 76.470588 0.000000 0.000000
16026 27.364499 -27.364499 41.581686
13953 53.983685 -19.477969 80.522031
20484 74.938349 -17.233041 82.766959
3523 54.490727 -20.039481 20.039481
3433 43.702279 -10.851446 10.851446
15727 43.009254 -11.658196 11.658196
20561 22.859847 -0.961364 99.038636
18 62.074520 37.925480 46.289355
8735 91.822228 -8.177772 29.320476
1038 64.737039 35.262961 43.612392
20604 66.270882 -25.182265 74.817735
19366 63.335106 22.369661 22.369661
7141 72.484339 27.515661 28.570341
1683 71.153846 28.846154 28.846154
12671 80.483971 3.391919 96.608081
10185 23.951957 -23.951957 47.678196
10183 23.118932 -23.118932 47.221217
16630 32.403148 -32.403148 45.745786
8243 86.769323 -13.230677 13.511178
11123 89.190918 10.809082 18.199539
3840 88.658463 11.341537 18.589543
16380 83.064516 16.935484 83.064516
16381 82.108109 15.665589 84.334411
20438 9.226433 -2.218311 97.781689
9250 81.268102 3.630286 96.369714
9820 87.541377 7.205962 92.794038
3282 86.318727 7.263181 92.736819
27776 100.000000 0.000000 84.027778
27775 100.000000 0.000000 84.722222
28038 95.247474 -4.752526 87.110430
16308 34.772548 -34.772548 62.867363
6230 35.015726 -35.015726 62.746684
8072 42.958006 16.908235 83.091765
4744 98.044920 1.955080 74.454801
17603 97.548102 2.451898 76.143071
111 56.424847 -39.908172 60.091828
2977 31.879156 -31.879156 47.802843
12759 13.784654 -13.784654 48.689158
84 90.297415 9.702585 10.215820
14495 84.745847 -13.947559 13.947559
121 83.052013 -14.522542 14.522542
4003 86.925300 13.074700 39.070883
20543 86.607077 13.392923 38.910850
9413 56.161301 13.075490 13.075490
10870 16.770151 -16.770151 37.138808
278 17.443114 -17.443114 36.993449
7886 13.157895 -13.157895 13.157895
18775 46.512886 -30.548586 30.548586
5052 47.535307 -31.087246 31.087246
4241 27.018332 -16.242529 83.757471
2336 14.764225 -2.472024 97.527976
7812 25.344403 20.351320 20.351320
4805 87.009774 12.990226 14.737806
15065 86.166839 13.833161 15.717882
19774 29.379769 -29.379769 69.037316
5307 30.115536 -30.115536 69.086286
15319 40.612793 -16.091264 83.908736
101 32.646076 -27.650360 72.349640
6616 32.162743 -27.665583 72.334417
6617 32.209816 -27.416900 72.583100
17307 66.058640 -33.941360 41.958050
19504 67.415966 -32.584034 41.276047
9981 10.573030 -1.904629 98.095371
16920 23.807324 23.807324 25.429253
13758 11.421703 -11.421703 20.827071
13759 11.587688 -11.587688 19.885535
2591 27.128577 11.852960 11.852960
6246 38.233061 -28.075838 71.924162
2848 12.827883 -12.827883 33.361243
27574 71.590603 -17.524537 17.524537
19181 24.911133 24.911133 49.622787
20409 23.095243 23.095243 49.871879
5586 39.516803 -36.868470 36.868470
6990 54.145094 -24.164437 75.835563
20844 53.223192 -23.951470 76.048530
18542 98.819578 1.180422 24.098222
3716 40.545497 -27.961731 72.038269
10774 39.867782 -27.623967 72.376033
2911 7.278384 -1.406767 98.593233
17716 7.463056 -1.458644 98.541356
19653 7.482909 -1.410430 98.589570
3496 74.568450 19.297279 80.702721
27372 100.000000 0.000000 50.000000
27444 100.000000 0.000000 50.694444
27809 98.275730 -1.724270 51.800194
15601 98.200508 1.799492 52.068856
27875 99.331917 0.668083 51.312108
27807 99.269984 0.730016 50.721333
20076 23.520588 14.748758 14.748758
10062 33.594548 26.616085 73.383915
18429 8.167192 -1.531788 98.468212
6646 90.959976 4.255231 4.255231
16721 89.026255 4.382717 4.382717
14185 49.840776 -38.005715 38.005715
18821 4.302966 4.302966 56.588951
2059 4.489577 4.489577 58.169666
12273 50.714502 -43.241674 56.758326
3936 83.406364 16.593636 41.824488
8720 9.649123 -9.649123 9.649123
18388 13.773786 13.773786 77.147742
205 16.398507 -16.398507 30.788531
13994 63.123090 36.876910 37.906795
11342 42.977087 -42.977087 49.380470
20329 43.634240 -43.634240 49.046869
13800 7.313614 -1.583949 98.416051
9583 88.935769 -11.064231 30.373249
483 71.503852 3.734032 96.265968
5610 71.659134 4.118303 95.881697
131 84.673778 -15.326222 16.835621
7602 97.956185 2.043815 22.167039
281 97.830534 2.169466 21.730510
11222 42.245468 37.381865 62.618135
11220 44.626254 37.957692 62.042308
395 38.014144 22.001175 22.001175
4775 88.616503 5.244937 94.755063
12375 70.476309 -29.523691 58.751296
13229 80.224862 19.775138 25.480715
27218 72.387903 -1.505350 98.494650
11108 54.422046 -38.454720 61.545280
17263 69.818053 23.620890 23.620890
2541 38.058072 38.058072 45.625922
27471 92.619805 7.095217 92.904783
27464 92.390737 7.034978 92.965022
7551 49.690757 -30.233890 69.766110
14013 76.252712 -23.747288 63.102879
6834 13.473187 -13.473187 30.592325
11063 77.892955 -22.107045 28.155746
1177 76.259534 -23.740466 29.010313
5803 80.959083 19.040917 27.109551
16201 99.197179 0.802821 98.606351
16200 100.000000 0.000000 99.305556
15245 55.395433 -39.401036 60.598964
4599 10.724018 -10.724018 19.843860
16310 20.705700 -20.705700 36.394927
19063 35.177869 -24.928402 75.071598
3380 52.321148 15.926022 15.926022
18165 48.579561 22.396834 22.396834
15943 82.723619 -5.616049 5.616049
19755 59.527762 -15.445025 15.445025
12069 4.983112 -4.983112 8.398254
8557 24.430326 -6.250658 6.250658
16407 99.020131 0.979869 64.647915
316 43.061996 -43.061996 55.184240
6225 43.968331 -43.968331 55.250846
13585 44.488346 -28.656034 71.343966
11238 7.011123 -6.716274 93.283726
15130 6.737714 -6.257230 93.742770
5303 59.127447 -39.240068 60.759932
13279 46.410898 29.992669 29.992669
16868 22.832687 22.832687 50.535389
15041 30.176199 -30.176199 60.429721
15040 29.400624 -29.400624 60.959920
4803 29.331298 -29.331298 60.143396
6260 79.180268 3.750450 96.249550
10472 46.453738 -39.242472 60.757528
3382 24.781284 -24.781284 45.916129
15427 85.839448 -14.160552 37.534294
27330 89.946107 7.120025 92.879975
9919 50.101215 -43.266963 56.733037
16598 1.119759 1.119759 34.610947
14710 60.590639 19.077483 19.077483
6764 72.592322 -14.603295 85.396705
16705 74.116976 -16.151767 83.848233
17228 92.686893 -7.313107 38.394777
3536 90.958635 -9.041365 38.494256
27446 92.846263 -7.153737 37.258896
27447 91.654354 -8.345646 37.399318
4331 80.080602 3.433345 96.566655
18486 34.400223 34.400223 46.362315
18866 99.657061 0.342939 85.148864
18642 99.647073 0.352927 84.038285
19314 57.015011 5.414413 94.585587
4210 83.760335 16.239665 26.169377
10299 50.070828 45.682880 54.317120
20806 49.623719 46.524955 53.475045
15547 36.967406 36.967406 53.471473
19847 29.780495 29.780495 52.002582
13656 31.527285 31.527285 52.719278
13274 26.033931 12.428613 12.428613
7855 32.228565 32.228565 49.833318
2169 32.500172 32.500172 48.123306
20783 31.500395 31.500395 48.731697
9125 85.868274 12.621397 87.378603
27619 85.296014 11.930348 88.069652
9360 31.151573 -31.151573 55.146106
13060 64.886612 -35.113388 62.598130
6436 37.070150 -37.070150 51.044454
12353 77.953644 -13.731636 13.731636
10258 45.345138 -39.203613 60.796387
2168 32.589081 32.589081 51.628371
7854 30.997276 30.997276 50.931991
17145 47.087949 -42.995236 57.004764
2117 70.387442 -29.612558 57.293917
16566 39.641886 -39.641886 56.859119
441 2.828060 2.828060 10.859762
9841 34.451390 34.451390 57.497783
13525 41.544318 -41.544318 45.285345
12248 41.686478 -41.686478 45.747643
3822 73.488807 12.874911 12.874911
14643 73.461492 11.998432 11.998432
3424 36.563576 36.563576 54.884575
10147 37.871693 37.871693 54.919924
27448 94.046583 -5.953417 37.109709
17227 95.720307 -4.279693 36.474686
27449 94.219998 -5.780002 37.421701
14918 80.470000 1.136679 1.136679
11089 28.118186 -28.118186 58.933199
13040 55.631102 -42.492625 57.507375
10265 59.555978 -12.476989 12.476989
193 33.355618 33.355618 42.296790
2308 20.967742 20.967742 79.032258
15490 69.231553 -30.768447 54.083791
15476 3.248228 3.248228 67.554509
16340 1.576668 1.576668 67.040864
19336 82.643254 -13.596985 86.403015
4435 52.129614 -15.288163 15.288163
17881 51.177529 -15.008507 15.008507
4306 50.833336 -31.870131 68.129869
19155 38.914388 16.335495 83.664505
9941 29.142122 -26.523614 73.476386
16422 29.674810 -26.815040 73.184960
3727 47.620104 -33.284605 33.284605
20070 10.041515 -0.785660 99.214340
13955 56.270195 -17.935980 17.935980
7717 57.072336 -17.181935 17.181935
18693 41.768185 39.515485 60.484515
16850 40.322581 40.322581 59.677419
2256 45.732255 -35.846578 64.153422
4086 38.779020 -38.779020 55.221704
15907 44.520305 -38.336288 38.336288
18478 45.283675 -38.911198 38.911198
5128 98.816787 1.183213 30.199307
18189 98.633864 1.366136 30.645330
16135 87.026217 12.973783 26.410891
20510 84.073042 15.926958 42.798215
5781 2.090178 -2.090178 31.569161
10189 38.517212 38.517212 50.206249
4303 45.247583 44.178072 55.821928
10063 10.029220 -1.960022 98.039978
12584 43.548387 43.548387 56.451613
2271 83.669126 -16.330874 50.653132
11697 59.671553 40.328447 53.681978
1364 3.744116 -3.744116 29.557023
27575 71.388520 -18.464597 18.464597
27576 71.405197 -18.284308 18.284308
14820 1.089083 -1.089083 48.557045
117 17.783227 -17.783227 50.553587
16489 18.332016 -18.332016 50.058261
20804 44.304217 44.304217 50.276580
8948 46.520809 46.520809 50.374574
20802 42.019745 42.019745 49.200453
20790 44.354839 44.354839 55.645161
20375 69.272026 -30.727974 55.307858
13193 21.914851 -5.721294 94.278706
15651 13.576211 -13.576211 33.646248
12342 13.199408 -13.199408 34.143626
5330 6.527311 -1.903784 98.096216
12408 88.683412 -11.316588 13.474576
12407 88.761486 -11.238514 12.975730
4655 0.000000 0.000000 30.107527
5088 33.081380 -24.151864 75.848136
19390 32.769267 -24.267462 75.732538
2975 70.546610 2.313813 97.686187
8983 97.091874 2.908126 39.956385
11354 95.944964 4.055036 40.900600
3624 25.119144 5.723867 94.276133
4176 73.076923 26.923077 26.923077
3774 4.293566 -4.293566 84.251832
11759 44.712852 -39.759030 60.240970
11761 44.688797 -40.061284 59.938716
926 24.028450 24.028450 34.406169
4321 35.027277 -35.027277 60.475191
13409 32.341638 -32.341638 54.372750
14034 32.261265 -32.261265 53.378549
7151 42.059901 42.059901 56.208142
2495 51.830128 -30.916735 30.916735
18539 51.539764 -29.695886 29.695886
3329 70.508444 -29.491556 51.479785
19913 14.604972 -14.604972 34.529451
16064 14.362102 -14.362102 34.993152
1132 1.364572 1.364572 61.844472
27219 19.234444 -13.562519 13.562519
27170 19.360511 -13.238700 13.238700
12667 52.371150 -43.350198 43.350198
3552 79.520568 20.479432 25.047173
4855 55.086085 -44.913915 50.472763
4442 54.336657 43.366896 56.633104
16414 55.586445 43.480742 56.519258
5837 2.401322 2.401322 8.648463
5564 3.193481 3.193481 9.762578
440 3.500127 3.500127 8.658193
19024 27.676312 27.676312 66.843212
6692 58.041958 -41.958042 58.041958
6693 58.335211 -41.664789 57.701973
20401 24.141492 24.141492 41.690961
16024 35.547001 25.697139 25.697139
11075 36.881926 25.844878 25.844878
16152 28.570998 5.713889 5.713889
20727 19.785893 19.785893 68.685716
7053 18.993987 18.993987 67.970306
14143 66.019828 -33.980172 53.647471
10961 86.969249 -12.120136 12.120136
14494 85.543760 -12.828462 12.828462
5795 86.289231 -11.723130 11.723130
2956 63.404527 19.653636 19.653636
11703 63.598943 20.381329 20.381329
20488 91.560697 1.020118 98.979882
27210 90.617271 1.046977 98.953023
27543 7.203068 -2.550945 97.449055
1092 64.199047 -33.116843 66.883157
11909 63.988500 -36.011500 42.655888
19871 63.892551 -36.107449 43.216105
14190 41.942578 30.823278 69.176722
13308 44.111383 31.702268 68.297732
3442 23.242735 -23.242735 47.953406
16825 23.842379 -23.842379 48.507721
15979 31.916224 -31.916224 40.695561
4814 12.338430 -12.338430 68.923592
17321 93.899330 6.100670 21.722398
8682 71.455374 -10.966287 10.966287
8618 70.382421 -11.123517 11.123517
8690 4.620812 -0.852416 99.147584
2689 5.274119 -0.991618 99.008382
3506 21.254640 -21.254640 47.552546
3801 0.000000 0.000000 32.258065
16601 29.174250 -29.174250 43.411162
4963 29.654634 -29.654634 43.744376
10239 12.685142 12.685142 66.488393
3832 26.302019 -26.302019 57.709400
14066 25.351461 -25.351461 59.005964
18368 86.668988 13.331012 14.350928
18369 87.845437 12.154563 13.676621
76 34.388602 -29.852272 70.147728
19584 33.888973 -29.739607 70.260393
935 49.757906 26.817005 73.182995
11977 60.505998 -39.494002 43.723707
6330 91.143927 -8.856073 53.417357
7547 33.902623 -33.902623 49.870159
4494 82.766631 17.233369 31.435980
27223 25.676654 -25.676654 37.993166
27264 25.758288 -25.758288 37.737068
27281 25.713997 -25.713997 37.889441
6174 47.258329 26.344062 73.655938
18975 47.878877 27.656689 72.343311
13929 49.508798 25.620702 25.620702
2248 48.601895 25.000842 25.000842
16485 89.423077 -10.576923 10.576923
3028 41.616025 -16.339799 16.339799
478 33.661920 -33.661920 64.220530
1659 55.567349 -38.669327 61.330673
15268 57.361126 27.443074 27.443074
15037 60.348462 -39.651538 59.180272
18143 15.826986 -4.079197 95.920803
19108 48.182596 -31.979346 68.020654
1491 54.511665 -44.210537 55.789463
12495 52.785477 -38.596912 61.403088
2142 4.805152 -4.805152 46.806513
4386 26.039480 -26.039480 40.437589
10874 85.115302 14.884698 31.300870
9092 16.314454 -10.149422 10.149422
2018 15.091151 -15.091151 51.656770
9068 66.280779 -33.719221 56.439841
15508 95.179978 -4.820022 21.379528
2812 69.500684 -30.499316 40.937876
2329 6.110269 -6.110269 22.118491
3400 78.846154 -21.153846 21.153846
10075 77.884615 -22.115385 22.115385
18147 1.217938 1.217938 49.043291
16420 29.583121 -27.117760 72.882240
15650 13.947621 -13.947621 34.352008
3092 55.107475 13.475259 13.475259
6165 23.409832 23.409832 33.295562
17049 68.122710 3.343372 96.656628
1173 86.450654 -13.549346 53.219017
14594 43.016064 -36.752819 63.247181
1956 34.140688 -34.140688 50.456279
14496 72.925630 27.074370 63.920414
17679 74.505266 25.494734 63.698312
9338 73.317658 3.088742 96.911258
7444 19.795942 -13.516360 86.483640
27225 72.587334 -2.801767 97.198233
13082 72.301219 -4.117641 95.882359
13158 4.533309 -4.533309 27.123972
1174 86.699631 -13.300369 54.736705
4064 51.872490 4.170926 95.829074
18857 54.827341 4.354114 95.645886
10772 75.718084 -16.058487 16.058487
10773 74.703244 -16.029624 16.029624
7607 65.183179 34.816821 47.283610
4405 7.155191 -3.811128 96.188872
13021 7.735249 -3.772403 96.227597
16813 7.337234 -4.523077 95.476923
2469 80.926189 -10.014298 10.014298
8304 82.082733 -9.820165 9.820165
8306 81.405030 -10.370675 10.370675
11775 28.910973 -28.910973 37.362615
2670 82.151885 17.848115 35.069364
18898 82.632144 17.367856 24.461842
12615 75.444305 4.156539 95.843461
14440 5.645010 -0.630748 99.369252
6859 6.408021 -0.727213 99.272787
2716 93.286561 6.713439 25.461334
16395 92.613678 7.386322 26.029943
570 67.693741 -32.306259 39.049209
2103 93.537963 6.462037 19.741967
19799 84.119165 -15.880835 57.264453
20361 85.641612 -14.358388 56.136497
9617 27.615560 -26.915615 73.084385
18062 85.479595 -7.646396 92.353604
18063 82.681964 -6.335604 93.664396
27344 90.437672 6.861672 93.138328
15826 99.279904 0.720096 71.201871
4403 99.635372 0.364628 70.313801
27674 85.352503 14.647497 66.865983
27675 84.883992 15.116008 67.836549
27664 85.095545 14.904455 66.207668
3170 3.791312 -0.232070 99.767930
9569 1.315789 0.000000 100.000000
18596 10.637565 -10.637565 14.961843
3019 56.653448 -32.024620 32.024620
8172 85.999850 4.344101 95.655899
6272 23.076923 -23.076923 76.923077
9604 54.807692 45.192308 45.192308
3074 70.130683 -29.869317 38.257003
5373 64.731624 21.979280 21.979280
261 64.092238 22.359179 22.359179
10719 22.985928 -2.140286 97.859714
14825 85.314685 -14.685315 85.314685
4352 84.965035 -15.034965 84.965035
27972 92.392862 -7.607138 77.678044
27973 91.219469 -8.780531 79.360483
4881 89.996499 -10.003501 27.582136
16287 90.469934 -9.530066 26.835528
16286 91.374656 -8.625344 26.870871
7154 40.584485 -18.890143 81.109857
16230 41.654486 -18.452308 81.547692
27123 18.513577 -12.792574 12.792574
27124 17.870222 -12.751974 12.751974
9122 61.725607 -38.274393 55.577497
5164 31.191428 -31.191428 44.459928
7831 62.499593 -37.500407 59.496466
5111 62.552820 -37.447180 59.810911
7832 62.142753 -37.857247 59.991819
13059 81.020173 18.979827 24.417059
11423 22.921322 -9.873460 90.126540
708 8.870968 8.870968 91.129032
8074 41.236309 -41.236309 56.867710
6074 36.350302 -36.350302 60.489013
11991 68.827896 31.172104 36.903454
11992 69.133085 30.866915 35.812426
11990 67.825614 32.174386 36.564967
18384 42.093499 42.093499 47.699462
12831 80.722556 -19.277444 37.080723
973 59.408226 -40.591774 41.385767
19792 1.172860 1.172860 22.302080
12504 74.633530 16.112668 16.112668
3208 40.641609 -39.951386 60.048614
9674 40.822000 -40.432996 59.567004
15269 56.370254 27.158344 27.158344
12737 69.758476 2.851454 97.148546
398 49.960717 -43.819079 56.180921
5517 51.220263 -44.202246 55.797754
19982 88.859015 -11.140985 25.554057
10077 79.614467 -20.385533 22.167343
12050 55.626280 -20.365425 20.365425
3587 76.639679 -23.360321 60.419874
3088 7.894737 0.000000 100.000000
9409 5.680194 1.963691 98.036309
1442 14.280626 -14.280626 33.895465
6799 14.941897 -14.941897 34.143235
9124 85.985022 11.043475 88.956525
16759 86.925692 10.357483 89.642517
27620 86.799834 11.063777 88.936223
15958 7.507959 3.931751 96.068249
11557 94.953290 5.046710 28.300701
14916 86.087408 13.912592 42.051131
20766 7.792584 1.804837 98.195163
16730 6.557115 3.287597 96.712403
10181 39.237047 -38.677169 61.322831
17293 20.721748 -9.864065 90.135935
4109 19.766391 -9.797062 90.202938
14835 24.884253 -23.204325 76.795675
14834 24.623756 -23.438098 76.561902
5822 57.101855 13.323202 13.323202
8981 60.622490 -24.343891 75.656109
18124 69.405629 -30.594371 46.812575
16472 70.295970 -29.704030 46.040918
17622 8.136205 -1.246573 98.753427
5534 83.338428 16.661572 25.115884
20544 86.569226 13.430774 39.462505
8718 73.569094 22.593968 22.593968
11686 70.056082 -29.943918 65.931580
10411 79.359624 20.640376 24.294623
4657 14.830338 14.830338 69.377312
20730 13.656325 13.656325 69.837885
4921 99.747618 0.252382 71.665857
13300 67.878732 -25.163823 74.836177
11180 55.218899 -39.480333 60.519667
18520 0.000000 0.000000 94.623656
16270 49.478291 -16.989280 16.989280
1729 70.556300 -5.784257 5.784257
19575 72.884478 -5.334612 5.334612
16820 4.649838 -0.520424 99.479576
4782 10.781603 -10.781603 77.749476
13387 58.064348 20.587992 20.587992
2864 56.293706 -43.706294 56.293706
4217 91.313988 -8.686012 23.689232
12251 91.106419 -8.893581 23.420510
2892 65.860428 -34.139572 56.497119
10229 19.761338 -19.761338 25.667088
6688 8.564761 -1.310016 98.689984
14122 8.487439 -1.365672 98.634328
8852 94.764738 -5.235262 25.102423
533 0.000000 0.000000 72.043011
6922 3.080593 3.080593 72.575590
15804 90.923628 -9.076372 27.635932
4372 9.676666 -3.225967 96.774033
12373 65.354380 -34.645620 53.577979
4244 65.777630 -34.222370 53.341850
7144 33.055734 28.475246 28.475246
10726 55.882353 0.000000 0.000000
9699 99.102581 -0.897419 32.797850
16822 57.268020 -14.587122 14.587122
941 56.382010 -14.275179 14.275179
4748 2.884615 -2.884615 97.115385
133 31.139770 -31.139770 49.449891
12499 91.038499 -8.961501 14.459242
6650 28.642144 -25.351350 74.648650
12299 29.162605 -25.788654 74.211346
4258 68.842299 -31.157701 54.074534
7662 1.805361 -1.805361 89.669087
4956 0.000000 0.000000 91.397849
19383 0.000000 0.000000 92.473118
20645 76.924818 23.075182 26.309132
3742 24.519231 -24.519231 75.480769
2494 15.964953 15.964953 27.684280
5218 17.087319 -17.087319 50.312743
10809 75.179324 -7.278306 7.278306
15057 86.419826 8.900289 8.900289
19690 1.496914 -1.496914 24.092619
9639 2.089360 -2.089360 24.606124
3201 1.671422 -1.671422 24.650020
14980 31.034265 -31.034265 45.504874
7663 0.000000 0.000000 88.172043
7661 1.183274 -1.183274 87.994396
1511 75.404564 -24.595436 52.524484
13513 61.122971 -38.877029 50.910264
8110 61.203647 -38.796353 51.576951
27478 92.563042 7.436958 79.661381
8532 4.004441 -4.004441 7.705629
11341 0.859587 -0.859587 43.305996
15396 0.401669 -0.401669 42.567654
11178 50.428431 47.982995 52.017005
16491 18.162128 -18.162128 49.332464
10691 21.774394 13.098248 86.901752
10863 81.944240 18.055760 38.000239
16159 6.522450 -6.522450 28.251454
20892 58.807681 41.192319 53.033889
19613 60.864028 -12.478140 12.478140
19103 60.509144 -11.767090 11.767090
14797 34.133089 -34.133089 62.753445
27505 6.663551 -3.680515 96.319485
3846 52.543569 -40.059893 59.940107
5239 17.622374 -17.622374 47.743928
10911 63.000482 -26.073816 26.073816
2276 38.538479 17.554352 17.554352
4092 29.319295 -10.612067 10.612067
7132 72.337236 -27.662764 54.924616
1676 72.624921 -27.375079 54.997542
12551 75.281199 -24.718801 67.218575
4293 75.282076 -24.717924 67.026109
12628 71.735514 3.492715 96.507285
13147 19.043251 -19.043251 46.658509
5264 18.413479 -18.413479 46.688161
13492 43.540286 -43.540286 50.171036
12606 3.517575 3.517575 18.483373
1016 23.557692 -23.557692 76.442308
2159 45.529296 -45.529296 53.240502
7108 56.217333 -38.814156 61.185844
3964 4.184732 -4.184732 50.325347
12810 13.557242 -2.209065 97.790935
7416 39.626701 38.371502 38.371502
19802 71.477662 -28.522338 61.536603
648 78.931217 -21.068783 60.268467
12760 83.175151 -16.824849 55.267382
9315 81.732754 -18.267246 56.582363
3218 78.514220 21.485780 62.177846
9688 78.208633 21.791367 63.572521
17815 44.445869 -36.858617 63.141383
7328 39.392181 -35.882912 64.117088
19700 15.014817 -15.014817 43.436829
9370 2.402680 2.402680 56.185495
2918 47.642088 -35.424354 35.424354
18979 95.101795 4.898205 29.398652
15636 8.764558 -8.764558 12.194836
12617 6.770412 -6.770412 21.788503
20344 6.497590 -6.497590 20.772228
9117 2.840102 -2.840102 48.261763
12588 40.657922 -31.430237 31.430237
902 68.495407 -15.900182 15.900182
9839 67.650405 -15.262132 15.262132
7438 32.376790 -17.956873 17.956873
16416 57.155068 10.284459 89.715541
1964 82.090062 17.909938 73.727416
12723 84.460179 15.539821 71.714312
6890 0.294668 -0.294668 48.960663
10270 98.949106 1.050894 34.682943
18487 33.156918 33.156918 46.706062
7644 67.487134 -2.589337 97.410663
18093 70.319494 -5.906546 94.093454
14265 70.094735 -3.736816 96.263184
14268 41.769313 -35.707789 64.292211
19884 66.403977 -28.572114 71.427886
6678 64.521522 -28.034434 71.965566
3631 76.409397 -23.590603 36.635323
4629 59.873607 16.185473 16.185473
13667 85.011112 14.988888 40.506608
20077 55.707666 -12.868701 87.131299
18797 81.803653 -6.776083 93.223917
17470 81.193973 -7.463051 92.536949
4175 28.413462 -28.413462 42.990245
12405 5.377706 -5.377706 25.161455
11985 94.831851 -5.168149 23.930525
20722 0.525331 0.525331 55.681861
13876 29.719681 -24.681519 75.318481
13877 30.413904 -24.798362 75.201638
6477 76.681501 -2.510289 97.489711
6479 79.458950 -4.786848 95.213152
20853 21.295654 -5.510507 94.489493
14691 4.553996 -3.259917 96.740083
6364 63.611920 -32.226639 67.773361
14787 5.841935 5.841935 13.306471
11941 5.353834 5.353834 14.430300
11480 74.918545 5.945084 94.054916
27621 75.949657 12.574857 87.425143
1149 10.172270 -10.172270 13.857484
6429 10.658544 -10.658544 13.332235
20876 81.798660 3.263938 96.736062
18178 72.581749 -27.418251 67.811160
9577 55.820956 -44.179044 54.851985
8790 82.654051 3.427908 96.572092
19822 39.169994 29.773432 29.773432
890 19.140001 -19.140001 46.015862
13979 88.370479 -7.652117 92.347883
6929 39.468532 -34.933028 65.066972
20673 23.209849 23.209849 36.296196
9744 21.181783 21.181783 36.834902
4993 23.404255 23.404255 23.404255
20709 17.081931 -17.081931 43.899313
236 76.617459 23.382541 42.430444
2720 94.757283 5.242717 8.163514
9637 95.039845 4.960155 7.544064
19246 60.571176 -30.522399 69.477601
16589 6.541831 -6.541831 8.610960
2071 5.658357 -5.658357 7.868437
20193 78.758627 21.241373 60.680725
7919 49.747739 -27.687441 72.312559
7920 49.048522 -27.008441 72.991559
7921 48.622578 -27.446035 72.553965
3462 5.950373 -1.433152 98.566848
10234 6.264628 -1.495849 98.504151
14551 45.062269 -37.231033 62.768967
4616 44.438299 -37.199547 62.800453
17019 14.694381 -14.694381 46.615691
20341 62.199351 -29.607015 70.392985
1749 42.926193 -38.605661 61.394339
9013 59.100760 40.899240 42.001731
18644 87.527272 -9.157188 90.842812
3467 84.967929 -8.217169 91.782831
15816 6.366313 -1.634148 98.365852
15817 6.532464 -1.635836 98.364164
15815 6.337630 -1.574273 98.425727
16254 93.769731 -6.230269 16.671053
19512 43.963640 -15.077588 84.922412
14117 44.064811 -13.489357 86.510643
4997 76.573427 -23.426573 76.573427
16744 6.199387 -1.645202 98.354798
13106 59.598571 40.401429 42.838935
2867 58.242388 41.757612 43.242810
11219 58.677125 41.322875 44.139129
6223 43.664884 -43.664884 55.758173
7520 98.712230 -1.287770 27.597763
14946 72.387520 11.808002 88.191998
5401 73.951809 -26.048191 49.810637
20583 73.398931 -26.601069 50.051386
8519 49.984880 9.801013 90.198987
6058 32.802744 32.802744 41.281937
6060 33.833218 33.833218 40.183509
10072 82.094419 17.905581 37.020458
13536 81.572950 18.427050 37.524468
1851 7.436664 -7.436664 45.537587
17688 8.332258 -8.332258 46.216935
16016 9.817312 -9.817312 46.833743
6162 84.826873 15.173127 35.433614
17587 85.221317 14.778683 34.985844
8692 50.858874 -41.188725 41.188725
17503 57.995424 18.749195 18.749195
11326 55.505685 -42.494845 42.494845
15440 55.698696 -41.459758 58.540242
13303 43.484737 25.967818 25.967818
3043 40.432284 -40.432284 42.988027
11984 94.305988 -5.694012 24.241647
10257 44.769959 -39.038156 60.961844
9062 1.114448 1.114448 87.267157
9912 87.115470 11.994828 11.994828
18116 14.320478 -3.400392 96.599608
4711 14.591472 -3.100331 96.899669
18755 100.000000 0.000000 88.888889
7410 48.294825 -11.694849 11.694849
1869 48.590889 -12.177341 12.177341
10362 7.536166 -7.536166 48.970454
18921 80.713455 19.286545 71.125949
1816 15.576206 -15.576206 65.057150
10431 90.981571 -9.018429 11.268186
10248 32.021907 -32.021907 35.639151
2388 85.242220 4.240419 95.759581
8170 85.472147 4.395881 95.604119
17665 45.727706 -39.993912 60.006088
17239 46.284103 -40.322220 59.677780
3377 11.477482 -11.477482 49.509346
9847 33.837314 26.572482 26.572482
8204 65.646066 -30.424130 30.424130
11524 73.787032 26.212968 48.890297
1850 5.939299 -5.939299 45.570128
3463 6.586644 -1.572428 98.427572
13569 7.810519 -7.810519 78.767231
1671 72.958398 -27.041602 64.832058
17168 84.120978 15.879022 37.146989
27227 60.526975 -0.822715 99.177285
14997 95.520755 4.479245 32.271460
1801 71.303442 -28.696558 47.191012
11235 11.925423 -11.925423 52.181947
3896 19.230530 -11.986178 88.013822
17904 53.143222 21.732888 21.732888
8708 26.805729 -25.052606 25.052606
12818 57.776087 0.825158 99.174842
12819 58.743269 1.716582 98.283418
1105 67.933977 26.053083 26.053083
8021 3.264874 -3.264874 46.064701
14336 22.791371 -15.710491 84.289509
2457 33.050326 -33.050326 63.228247
3007 48.901363 -28.970237 71.029763
8181 92.244423 7.755577 29.959438
3806 24.987017 -24.987017 30.209485
16864 6.413576 -2.058497 97.941503
14743 21.220737 -16.412411 83.587589
853 49.451755 43.722831 43.722831
2507 46.527511 -24.600917 24.600917
14845 3.691006 -3.691006 43.429971
14670 48.282156 -29.190345 70.809655
8475 47.523525 -28.915427 71.084573
6333 6.140740 6.140740 53.746995
6378 67.602598 25.320141 25.320141
4812 3.023196 -3.023196 40.718892
14991 61.989160 -38.010840 41.277968
2513 62.421170 -37.578830 41.303049
14359 61.873213 -38.126787 41.684562
12128 52.089184 -26.991026 26.991026
9869 67.764633 -10.596432 89.403568
1047 67.145295 -9.286293 90.713707
5245 1.676804 1.676804 43.504087
6101 80.999063 -13.528519 13.528519
18946 12.479529 9.183569 9.183569
10339 49.900703 -39.515955 60.484045
20846 64.679906 -16.295696 16.295696
16450 2.378472 -2.378472 39.900740
470 37.411107 34.325361 34.325361
5599 36.704896 35.241408 35.241408
4871 35.078173 7.835673 7.835673
27228 89.284931 0.251759 99.748241
6338 63.134425 20.629964 79.370036
6339 65.453211 22.234571 77.765429
6340 62.642682 22.193785 77.806215
10373 46.924853 -29.300917 70.699083
1250 76.007690 -23.992310 42.531207
14852 79.510441 7.942870 7.942870
14850 81.005759 8.096750 8.096750
15726 44.265585 -12.415786 12.415786
17605 12.603091 -2.075933 2.075933
20676 10.777634 -1.871006 1.871006
747 18.961925 18.961925 63.051323
17601 33.246446 -19.498515 80.501485
20575 62.556983 37.443017 45.331362
11293 90.687417 9.312583 23.325883
3492 90.437089 9.562911 23.879785
20094 43.923364 -36.906685 63.093315
15593 93.910785 6.089215 23.166852
13056 61.114492 -37.441335 62.558665
2259 79.020129 -20.979871 37.629790
770 47.676515 -29.361179 70.638821
7394 95.036022 4.963978 6.597228
1857 95.344310 4.655690 6.915071
11883 59.917989 10.685168 10.685168
3054 31.244776 -31.244776 67.627525
10328 31.569154 -31.569154 67.153699
3238 54.554122 -39.333973 60.666027
11055 83.272267 12.697018 12.697018
19870 83.629674 11.745794 11.745794
13701 82.256073 12.314356 12.314356
14984 2.277559 -2.277559 27.612950
16757 5.026672 -2.168505 97.831495
27507 5.139904 -2.111376 97.888624
16484 27.572458 -27.572458 39.764734
93 4.807692 -4.807692 95.192308
16476 2.232138 -2.232138 93.089977
5371 37.421264 -28.090723 71.909277
20703 26.361162 13.066710 13.066710
14736 77.845326 4.597629 95.402371
20870 80.811280 3.756677 96.243323
1627 7.740672 7.740672 59.758775
258 37.273881 -28.398878 71.601122
2630 1.443339 1.443339 67.988124
11854 2.391798 2.391798 68.786109
5379 8.483656 -1.488242 98.511758
6296 22.447976 22.447976 62.017718
27200 26.417767 -26.417767 34.828754
27230 26.464083 -26.464083 34.463919
14568 87.522196 1.730462 98.269538
10901 27.679660 -27.679660 36.853826
8986 85.551243 14.448757 34.470647
11903 14.375042 -14.375042 51.006735
20383 14.812387 -14.812387 51.013319
13674 63.817021 7.570609 92.429391
18965 14.593834 14.593834 26.791892
8344 14.542439 14.542439 28.125714
5694 77.889146 22.110854 45.479823
4348 69.783263 2.523922 97.476078
3225 80.344862 9.969386 90.030614
9686 79.809015 20.190985 63.512291
406 78.288085 21.711915 64.575384
5525 78.817142 21.182858 65.372260
8920 87.500000 -12.500000 12.500000
8922 87.704723 -12.295277 12.604697
2429 86.538462 -13.461538 13.461538
9713 40.277993 -13.901874 13.901874
2986 14.440222 14.440222 39.844486
9256 11.866840 -11.866840 63.050331
7324 13.203136 -13.203136 63.974011
18498 61.827117 -11.096932 11.096932
264 28.482883 -28.482883 39.740914
2617 32.153030 -12.049432 12.049432
6522 71.621587 -28.378413 63.798259
17144 46.456537 -42.811494 57.188506
4656 9.332944 -9.332944 23.197908
12058 28.366642 -28.366642 36.867492
3765 28.166557 -28.166557 37.355250
13207 76.706717 -23.293283 44.810093
20752 2.693290 2.693290 53.662481
156 3.773169 3.773169 54.601088
20736 4.738811 4.738811 53.351561
5411 74.549555 -25.450445 35.787269
5407 74.387392 -25.612608 35.580233
296 74.730839 -25.269161 35.520929
27714 27.017932 14.305537 14.305537
11649 94.476058 5.523942 21.139271
19483 74.139499 -25.860501 52.027266
20133 74.611203 -25.388797 51.710270
11969 84.545990 -11.123835 88.876165
20421 12.873179 -10.217954 89.782046
4415 15.285431 -15.285431 53.185327
179 94.481769 5.518231 23.520999
13320 2.535346 -2.535346 32.369635
16617 75.847634 -24.152366 48.354858
19411 95.722134 -4.277866 7.969470
2740 97.042390 -2.957610 6.971123
6672 30.867956 -27.050875 72.949125
1634 62.569888 -17.830461 82.169539
18968 14.978616 -14.978616 31.427871
5161 34.796110 -34.796110 64.545048
13541 76.358418 16.297894 16.297894
230 89.181336 10.818664 24.971797
10287 89.886158 10.113842 24.389218
3441 39.578280 -38.449702 61.550298
15105 68.627672 -31.372328 55.305898
7326 14.379088 -14.379088 65.266999
1817 12.928126 -12.928126 65.540943
9257 11.787661 -11.787661 64.399514
2246 7.321520 7.321520 10.764388
16978 8.358366 8.358366 11.370650
6729 60.204022 -39.795978 45.279158
15930 10.061008 -10.061008 53.888746
12241 29.782233 -29.782233 39.607557
3516 27.947478 -27.947478 48.611210
27450 86.545622 -13.454378 33.752670
12845 37.165571 -37.165571 61.722047
1941 15.395760 -11.298478 88.701522
12369 16.728211 -11.194033 88.805967
14282 88.933967 -11.066033 69.898040
1575 100.000000 0.000000 59.027778
17868 1.423596 1.423596 60.754197
1644 15.453654 -8.143826 8.143826
18881 78.235856 -10.095064 10.095064
13292 17.196141 -8.283502 8.283502
13936 5.827471 -5.827471 67.077781
17497 99.473938 0.526062 81.170495
19061 26.880368 -11.036037 11.036037
8402 46.910048 36.263819 63.736181
8921 88.672641 -11.327359 11.570810
2823 88.461538 -11.538462 11.538462
5518 50.799335 -44.608956 55.391044
8483 68.115178 1.963184 98.036816
12876 69.131139 2.042813 97.957187
1562 31.422484 -19.057969 80.942031
109 78.389559 -9.538029 9.538029
17505 56.868100 19.281798 19.281798
12463 28.322877 -5.378357 94.621643
2427 98.547671 1.452329 39.769358
8239 100.000000 0.000000 38.888889
4482 21.063009 -3.854152 96.145848
19072 21.774290 21.774290 60.754062
14217 35.074221 -26.347196 73.652804
13038 32.945354 -32.945354 48.021612
9290 57.614716 -32.248326 32.248326
5733 11.702128 11.702128 11.702128
706 58.745666 -15.433447 15.433447
7420 9.304975 -7.953788 92.046212
7077 10.592482 10.592482 47.158526
8677 5.844692 -0.896284 99.103716
924 84.448436 15.551564 35.466568
7641 27.192982 -27.192982 27.192982
17957 93.611990 -6.388010 23.757718
6513 66.271339 -33.728661 54.049290
20666 9.836448 9.836448 48.134522
14681 52.090492 -42.827724 57.172276
1028 21.266027 -3.684452 3.684452
12301 55.476304 14.240618 14.240618
18025 1.990357 -1.990357 59.636596
6997 3.574815 -3.574815 60.543648
5005 46.236570 -42.420549 57.579451
12703 6.607735 -5.868610 94.131390
14749 85.348962 14.651038 82.105790
12844 78.598455 -21.401545 33.265570
14680 52.028768 -43.081587 56.918413
17635 29.454215 -27.429559 72.570441
7823 28.338300 -28.338300 70.478985
14733 0.498870 -0.498870 49.615141
15781 59.714482 11.397788 88.602212
19724 97.972117 2.027883 47.252073
5270 86.579392 -13.420608 45.727989
6610 32.916474 25.507309 25.507309
11157 67.287059 -32.712941 37.549134
16915 7.095832 -1.723949 98.276051
4294 6.888233 -1.756648 98.243352
16208 30.388490 -15.931845 15.931845
10785 31.213228 -17.044812 17.044812
27231 25.907354 -25.907354 36.371506
1280 22.135429 -22.135429 32.854281
3247 94.089576 -5.910424 34.480159
19457 85.111689 14.888311 41.037742
20787 85.439909 14.560091 40.575660
19434 89.124106 10.875894 42.971840
7811 28.761483 -0.884543 99.115457
7809 29.910688 -0.996576 99.003424
13798 7.592074 -1.649956 98.350044
9726 1.744159 -1.744159 20.371722
1190 80.654277 -4.436151 95.563849
7419 9.841823 -8.117082 91.882918
8968 64.742644 -35.257356 55.419757
18894 32.248000 -8.370202 91.629798
12973 88.871416 11.128584 22.438897
12813 36.792826 33.040481 33.040481
5807 81.206941 -18.793059 57.625698
9506 57.928248 -9.008339 9.008339
3140 57.404077 -8.303250 8.303250
10059 45.125661 -26.842206 26.842206
9918 49.333408 -43.184844 56.815156
5460 67.483177 6.920115 93.079885
1531 24.716948 -24.716948 49.280350
7682 92.116765 7.883235 74.449452
17434 93.702703 6.297297 73.356691
9219 24.768326 -24.768326 48.212562
13150 11.575688 -11.575688 13.974548
1828 81.476258 18.523742 37.116034
8811 12.975554 -3.632125 96.367875
11756 73.233010 -26.766990 52.687042
20910 22.472556 -10.936706 10.936706
1694 41.023715 -19.830265 80.169735
1051 5.984405 -5.984405 42.291079
10616 18.511853 -1.958468 98.041532
10323 30.189149 -30.189149 57.206939
5192 3.804107 -3.804107 93.066479
8406 81.006295 18.993705 28.308600
11217 57.286546 42.713454 44.528656
11218 57.754242 42.245758 45.688890
16121 46.271833 -29.660740 70.339260
9973 19.844478 -19.844478 33.677925
9972 20.598299 -20.598299 34.225066
1822 9.515644 -1.415325 98.584675
27676 89.841087 10.158913 79.967031
8809 92.866784 7.133216 20.934348
7767 92.858591 7.141409 20.453640
7387 88.285740 11.714260 31.124773
7388 87.838888 12.161112 30.631948
421 20.647930 -19.254238 19.254238
17038 77.622378 -22.377622 77.622378
8906 61.509223 -22.442900 22.442900
476 72.749623 -16.438194 16.438194
15318 99.408833 0.591167 87.899906
3123 99.063340 0.936660 87.139820
2211 82.481485 17.518515 23.779794
13230 81.525692 18.474308 24.890041
3883 47.924199 -20.402470 79.597530
17235 88.919284 -11.080716 67.870566
811 77.972028 -22.027972 77.972028
151 54.669104 31.565893 31.565893
8092 14.506390 -2.420376 97.579624
15141 39.638111 4.354599 4.354599
13597 88.893414 -11.106586 26.663105
20192 41.327314 -41.327314 57.581811
20191 41.865513 -41.865513 57.643757
10091 12.230615 -1.896180 98.103820
11654 16.525195 -16.525195 38.335173
18924 77.967103 -22.032897 26.075243
11062 78.091375 -21.908625 27.080936
7221 43.235333 -38.475343 61.524657
17842 49.752432 -6.479493 6.479493
11266 15.785097 -14.911299 14.911299
3591 74.803249 -15.439647 15.439647
27713 25.497925 12.870592 12.870592
19843 71.695585 5.802305 94.197695
20523 74.853149 25.146851 31.740545
18458 85.350060 14.649940 31.990699
1055 37.423879 -37.423879 54.748695
11787 38.322922 -38.322922 54.419662
11786 38.153072 -38.153072 55.034579
14606 44.000161 -34.524518 34.524518
12966 13.908655 -13.908655 53.565646
2312 46.820318 -42.909129 42.909129
10902 27.467747 -27.467747 37.329851
5068 46.375387 -41.677761 41.677761
18030 0.480769 -0.480769 99.519231
7914 51.333218 -23.234578 76.765422
20847 52.099251 -23.230197 76.769803
17248 17.764503 17.764503 54.151243
18684 0.961538 -0.961538 99.038462
11090 26.869930 -26.869930 58.883509
14908 26.285276 -26.285276 60.092451
10544 60.050202 -31.172426 68.827574
10545 59.541156 -31.758458 68.241542
5276 1.609338 -1.609338 87.088215
11911 20.161290 20.161290 79.838710
17833 17.464121 17.464121 80.289392
20717 19.976186 8.149191 8.149191
15001 52.076798 9.210037 9.210037
4540 75.835046 24.164954 62.212230
20515 75.512859 24.487141 63.169028
19028 28.573201 -28.573201 63.859861
6124 75.477601 -24.522399 35.051518
10759 33.719727 -19.721227 19.721227
19842 76.861874 -23.138126 33.430575
3234 1.773793 -1.773793 21.125777
10749 82.442370 17.557630 32.976239
10750 81.632391 18.367609 32.910020
1563 71.811844 13.592570 86.407430
12238 55.925130 40.681215 40.681215
27623 72.963789 12.518622 87.481378
496 5.412918 -5.412918 20.061758
15192 31.467460 -2.129353 97.870647
12077 13.779502 -13.779502 31.370085
8868 85.347946 6.622476 6.622476
8866 86.951276 6.118378 6.118378
8867 85.662575 5.735166 5.735166
7470 48.573298 36.234265 36.234265
13766 87.908895 -12.091105 34.684584
27473 87.602482 -12.397518 35.121991
27452 87.207303 -12.792697 35.076328
20570 63.172204 36.827796 45.865090
16582 5.141248 -3.911867 96.088133
16581 5.613647 -3.860509 96.139491
11765 4.897974 -3.230637 96.769363
16490 17.616704 -17.616704 49.837999
3354 4.527264 -3.062923 96.937077
2992 59.928786 -37.646530 62.353470
6687 29.784685 29.784685 65.920101
11788 39.020732 -39.020732 54.719802
27453 93.211243 6.788757 83.494275
14788 6.684884 6.684884 14.624123
9466 94.488809 5.511191 23.986408
15790 87.668285 12.331715 39.001293
784 16.662073 11.164299 11.164299
19323 73.525686 -26.474314 66.204548
7894 64.333158 -35.666842 58.501930
14661 57.959356 -26.305649 26.305649
17140 46.526998 -40.945382 59.054618
15571 96.714704 3.285296 90.919702
535 68.181818 -31.818182 68.181818
19994 67.713027 -31.035846 68.964154
18281 63.133975 -36.866025 48.056762
5431 43.245760 -43.245760 54.594758
9849 76.243835 -23.756165 70.604461
9848 75.595748 -24.404252 70.374836
8791 82.266316 3.555006 96.444994
9863 81.009169 18.990831 21.039206
5883 7.463566 7.463566 91.235996
18528 7.887060 7.887060 90.460309
18667 6.512808 6.512808 90.771395
13888 9.244896 -2.730952 97.269048
12790 8.667168 -2.788534 97.211466
3691 22.120243 -2.200988 97.799012
17020 15.344808 -15.344808 47.041912
2275 17.647059 0.000000 0.000000
17706 30.049538 -13.667881 13.667881
12561 13.588632 -2.690936 97.309064
8342 25.919551 -25.919551 38.009960
20235 62.585469 -37.414531 55.393850
9121 62.112046 -37.887954 55.629541
16673 5.326720 -1.791856 98.208144
4968 5.374574 -1.995457 98.004543
11838 66.272140 -33.727860 37.609812
5116 60.177920 39.822080 49.514605
16896 71.987865 -28.012135 43.898805
7627 23.044783 -23.044783 74.065683
1535 23.797075 -23.797075 73.934353
17390 43.436746 -36.461803 36.461803
245 44.339016 -39.534382 60.465618
11760 44.248880 -39.733773 60.266227
7153 42.163700 42.163700 54.462592
10124 60.371580 -39.628420 56.083321
4430 20.375614 -20.375614 31.981038
8805 65.245369 -34.754631 55.185511
8727 24.035380 -10.958934 89.041066
2798 86.499919 6.805693 6.805693
20830 9.014708 -1.062840 98.937160
5851 71.698439 28.301561 35.362256
5850 70.376520 29.623480 36.453199
6932 24.275740 -24.275740 72.627671
20384 14.430474 -14.430474 51.420241
8590 19.561997 -19.561997 58.904878
7633 80.593623 17.171186 82.828814
3877 13.967655 -13.967655 51.628093
375 36.560907 12.665949 87.334051
5490 37.731365 13.851596 86.148404
1700 62.192074 -37.807926 57.262730
18640 5.753042 -1.001741 98.998259
14945 75.720563 -24.279437 52.518618
248 100.000000 0.000000 20.833333
19892 100.000000 0.000000 20.138889
4159 87.582886 2.197331 97.802669
812 74.717860 -17.698914 82.301086
15337 69.930070 -30.069930 69.930070
11281 90.141197 9.858803 35.342972
11282 90.966010 9.033990 35.170936
5409 74.911208 -25.088792 35.266170
3628 67.843233 -32.156767 54.832432
7107 56.020651 -38.489028 61.510972
329 20.693171 -20.693171 54.557103
4075 5.190240 -3.323852 96.676148
1357 58.391608 -41.608392 58.391608
8083 57.667552 -41.603668 58.396332
14450 66.106353 29.300968 29.300968
20136 14.598043 14.598043 25.460368
17916 20.126674 20.126674 76.700369
20807 63.014456 14.727400 14.727400
4579 58.863233 23.328668 76.671332
10136 96.126857 3.873143 22.755643
15580 21.144790 -21.144790 40.226149
4864 21.676929 -21.676929 40.291945
15581 21.700040 -21.700040 40.775877
19668 25.455623 -14.416437 14.416437
10193 29.130698 -16.972643 16.972643
14203 20.390585 -14.844806 14.844806
18633 19.370261 -14.045176 14.045176
2797 83.774772 6.365107 6.365107
12880 81.774676 6.544655 6.544655
15203 96.301804 3.698196 23.859330
10733 56.674006 -7.629266 7.629266
10735 58.328724 -7.616873 7.616873
2479 20.171761 10.192136 89.807864
2656 63.728012 29.657078 29.657078
13560 95.538309 4.461691 22.880539
19812 73.421129 26.578871 27.721581
15697 72.115385 27.884615 27.884615
534 68.005873 -31.994127 66.590794
5745 33.459106 -33.459106 63.720491
10960 88.204129 -11.312569 11.312569
1689 42.741935 42.741935 57.258065
18720 89.867329 4.917027 95.082973
5306 30.769231 -30.769231 69.230769
20654 70.102676 -23.977820 23.977820
2110 82.917482 17.082518 29.807329
13745 16.540889 15.236106 15.236106
11345 62.989184 28.932353 28.932353
1930 9.820991 -7.229243 92.770757
13617 87.500000 12.500000 12.500000
16080 6.100365 6.100365 55.600112
12916 7.377668 -4.116541 95.883459
16654 4.722057 -1.835149 98.164851
27588 4.964698 -1.946069 98.053931
5451 39.061505 24.291689 24.291689
27232 26.416229 -26.416229 35.295152
5202 33.190155 -27.893995 72.106005
5201 33.064308 -27.579179 72.420821
5200 32.605806 -27.378461 72.621539
5869 31.505540 -31.505540 51.868585
1241 1.540596 -1.540596 25.695116
5826 74.918575 -25.081425 53.562567
6002 74.358570 -25.641430 53.959296
6025 74.581783 -25.418217 53.516777
6744 2.664026 -2.664026 25.176523
13503 9.517378 -9.517378 69.468565
13505 7.725035 -7.725035 68.463064
10814 63.557859 -22.315258 77.684742
4404 7.644073 -4.414416 95.585584
2147 80.645161 19.354839 80.645161
3109 58.215731 -34.147267 65.852733
9720 38.981568 -38.981568 59.993156
13447 91.367600 8.632400 16.425187
16897 89.020854 3.706780 96.293220
4251 45.494458 18.394280 18.394280
13812 96.564578 3.435422 26.625362
12886 74.010998 -25.989002 38.800475
10612 74.465522 -25.534478 37.925901
3632 75.050842 -24.949158 38.141953
20414 24.230341 24.230341 66.856561
14429 43.452266 -38.796320 61.203680
18264 45.563348 -41.748050 58.251950
1960 28.365385 -28.365385 71.634615
7555 29.253552 -28.204206 71.795794
12512 56.754616 -43.245384 47.704680
7757 48.671552 48.671552 49.841568
19064 35.204729 -24.360859 75.639141
11242 30.860272 -1.381522 98.618478
6282 11.871072 11.871072 59.321342
16912 31.841692 -4.504547 95.495453
10179 38.596491 -38.596491 38.596491
461 38.865853 -37.411642 37.411642
12994 43.553934 -38.676410 38.676410
12993 42.459841 -39.158133 39.158133
2476 42.642816 -37.576931 37.576931
8457 72.502113 27.497887 60.100710
10740 34.166393 -27.755773 27.755773
15370 74.566118 -17.466245 17.466245
6115 90.370332 9.629668 68.970929
1452 21.131232 -7.801048 7.801048
12863 8.663529 -0.886711 99.113289
9718 39.198112 -39.198112 60.282045
9721 39.514977 -39.514977 59.848422
1605 39.299543 -39.299543 59.599533
15036 60.347981 -39.652019 58.423533
20591 80.702345 19.297655 50.170778
436 76.255278 -23.744722 53.812927
20854 7.243267 -2.126942 97.873058
4144 94.358866 -5.641134 24.368393
7230 36.089982 -36.089982 60.872648
2511 30.173114 -30.173114 63.860397
14534 10.180623 -8.215647 8.215647
6263 67.801748 -28.685055 71.314945
20609 67.403739 -29.064063 70.935937
18184 86.216589 13.783411 30.172018
12881 82.976203 5.521385 5.521385
9739 31.899217 -31.899217 65.244676
9533 31.560626 -31.560626 65.377788
18435 29.161768 -29.161768 45.246245
4127 29.425669 -29.425669 45.624753
7664 66.938072 -32.152601 67.847399
14497 71.355853 28.644147 63.624215
20241 22.122211 -22.122211 46.857685
15350 5.339879 -5.339879 79.129001
7792 10.847248 -2.269715 97.730285
7794 10.749404 -2.338258 97.661742
2125 10.964635 -2.336030 97.663970
8997 9.951843 -9.149524 90.850476
2578 96.462133 3.537867 51.968064
13004 40.384615 -40.384615 59.615385
3821 81.696892 13.263311 13.263311
13702 80.832965 12.742730 12.742730
13318 51.486255 -30.032607 69.967393
19888 57.540570 -42.459430 45.004402
11950 58.372968 -41.627032 44.129652
14454 41.783696 -37.677454 62.322546
5082 41.442407 -27.361017 72.638983
11913 4.282120 -4.282120 19.371325
4118 3.094944 -3.094944 18.692835
1229 70.043842 25.804160 25.804160
17371 71.187376 25.616320 25.616320
612 54.778631 -22.552181 22.552181
18944 53.707504 -22.191775 22.191775
19524 53.239847 -40.455747 59.544253
8469 68.737853 -23.524490 23.524490
20810 70.356447 29.643553 37.200327
19955 69.406836 30.593164 37.431174
19548 70.073197 29.926803 38.251079
7992 64.599029 -35.400971 58.989020
13652 71.269709 -28.730291 30.034600
20735 2.284344 2.284344 55.144794
2987 15.425995 15.425995 42.336885
1436 93.044145 -6.955855 24.954425
27233 75.812335 -1.384275 98.615725
17102 39.596110 -39.596110 55.082445
90 25.600978 17.426694 17.426694
2393 29.501951 -12.819943 87.180057
11944 73.835727 -26.164273 53.218258
2658 73.494707 -26.505293 53.254390
12455 73.962682 -26.037318 52.894678
27746 93.706294 -6.293706 93.706294
27959 96.066380 -3.933620 92.987912
27747 94.055944 -5.944056 94.055944
11625 61.312359 -38.687641 59.497838
8023 33.815408 -32.724915 32.724915
3841 89.098355 10.901645 19.105171
15819 5.428852 -1.275959 98.724041
18213 54.771251 39.645340 60.354660
5035 56.125188 40.135752 59.864248
18992 80.132494 13.720807 13.720807
20849 58.619103 -25.028152 74.971848
17096 59.647229 -25.538979 74.461021
27235 67.105263 0.000000 100.000000
1371 42.348446 -31.648101 68.351899
17787 56.886135 -24.133128 24.133128
10010 57.247404 -41.358211 58.641789
17774 83.499463 16.500537 34.565327
18709 98.844368 1.155632 82.314018
14466 29.833793 -11.031963 11.031963
9853 37.107251 15.559249 84.440751
4676 33.512334 -25.591648 74.408352
14595 42.872439 -36.450049 63.549951
8104 69.821821 -30.178179 64.285641
2342 69.969792 -30.030208 64.608220
27687 87.917015 11.642570 88.357430
27677 88.212657 11.108651 88.891349
27454 87.561113 -12.438887 35.538369
18643 89.510490 -10.489510 89.510490
14851 81.046059 7.389350 7.389350
17324 38.384142 -34.301537 65.698463
7556 80.611491 19.388509 76.336073
18719 89.291370 5.569502 94.430498
2348 62.403217 -37.596783 50.691619
19767 57.452922 -34.305029 65.694971
18466 85.890759 14.109241 30.580167
8171 85.734138 4.185178 95.814822
9970 4.675098 -2.955242 97.044758
18352 49.220369 26.523386 26.523386
20714 17.908958 -17.908958 38.802118
20729 11.057055 -11.057055 75.828452
2634 79.103791 3.529131 3.529131
20312 66.920522 -33.079478 51.335880
19617 46.634615 -46.634615 53.365385
11657 30.344108 -30.344108 47.924481
9168 85.933395 14.066605 25.172203
11128 86.460697 13.539303 25.146328
4237 75.311614 -23.509862 23.509862
27236 59.095116 -1.115484 98.884516
12258 9.510390 9.510390 20.007383
27487 92.631984 7.368016 86.628509
27474 92.260376 7.739624 87.374466
1881 100.000000 0.000000 25.000000
11539 91.249916 8.750084 11.030134
6435 36.769676 -36.769676 51.446637
1340 30.315912 -26.809406 73.190594
19451 30.586246 -26.587835 73.412165
27222 20.904371 -18.948590 18.948590
18090 31.158713 -24.866530 75.133470
3583 91.494446 -8.505554 14.947584
16136 8.621921 -1.565876 98.434124
9616 26.923077 -26.923077 73.076923
1740 22.512689 -22.512689 74.270101
19230 30.331716 -30.331716 59.495787
2324 41.488883 -41.488883 57.164614
8071 45.196518 17.006262 82.993738
1305 30.997824 -30.997824 65.762237
15373 63.997138 -36.002862 38.901416
7796 74.951712 -11.272601 88.727399
8447 36.113718 -36.113718 58.790465
20188 40.106320 -27.069045 72.930955
3538 46.677598 -45.649581 54.350419
4476 22.773662 -4.647275 95.352725
2955 96.709202 3.290798 17.756115
20002 74.605468 25.394532 62.091907
27332 51.736449 14.756699 85.243301
14569 49.396232 14.698389 85.301611
27341 51.188144 16.885900 83.114100
27333 50.929822 15.904619 84.095381
11938 29.667460 -29.667460 46.035792
11939 29.987785 -29.987785 45.702104
11937 30.214793 -30.214793 46.136818
11431 74.127034 -25.872966 66.811719
16993 42.971920 33.356976 33.356976
4153 68.328624 -31.671376 58.387943
8987 85.776690 14.223310 33.879577
4899 33.167762 -33.167762 63.971846
17778 33.008209 -33.008209 63.973226
17777 33.219243 -33.219243 63.818306
2093 64.523008 35.476992 60.798107
11119 22.114524 -9.587819 90.412181
5502 73.059922 26.940078 30.777122
15270 28.612354 -28.612354 45.858828
15271 28.905403 -28.905403 45.555701
13319 51.666882 -29.653945 70.346055
1365 3.852503 -3.852503 28.378409
18908 74.063691 -25.936309 50.767003
2335 14.012474 -2.343634 97.656366
12565 13.743894 -2.482177 97.517823
15005 73.556317 -26.443683 50.652832
20164 98.416030 -1.583970 25.423440
18103 6.299498 -6.299498 12.859804
19203 31.035862 -14.208525 14.208525
20782 64.730529 35.269471 44.373232
3530 25.307258 -25.307258 40.041156
6264 69.390017 -29.123793 70.876207
6262 68.941259 -28.415878 71.584122
18641 99.624904 0.375096 82.546845
17326 35.422241 -5.242126 94.757874
4378 57.894737 0.000000 100.000000
19406 50.875843 -35.143240 64.856760
6254 25.418043 14.135593 14.135593
19626 33.992460 12.097458 12.097458
27237 59.981927 -1.296850 98.703150
27239 60.225033 -1.036028 98.963972
10230 19.756604 -19.756604 26.721033
17711 57.726431 40.242086 59.757914
14660 57.941343 -25.324077 25.324077
19199 34.206464 -34.206464 61.724046
16293 34.376731 -34.376731 61.334289
5096 44.256842 13.399823 86.600177
0 41.453563 11.702284 88.297716
48 87.009878 12.990122 28.102722
4422 45.673077 -45.673077 54.326923
11243 55.060986 -30.953062 30.953062
20678 19.018276 -12.974836 12.974836
13117 46.082792 18.505136 81.494864
18511 9.799032 -1.754812 98.245188
18512 9.931362 -1.772858 98.227142
3008 9.879316 -1.734595 98.265405
27577 26.624563 -26.624563 66.443913
20321 46.632251 -30.090548 69.909452
20269 39.411643 -39.411643 50.918423
13362 82.972273 17.027727 37.813266
16716 9.373185 -1.938032 98.061968
9675 14.528959 -7.438327 7.438327
15885 90.477399 -9.522601 17.035252
19472 71.335016 -28.664984 47.837978
758 66.465761 5.090791 94.909209
9823 73.150090 18.858512 18.858512
5570 91.832784 -5.965413 94.034587
10016 24.785569 -24.785569 44.910848
13399 50.286757 -12.140875 12.140875
7396 96.003203 3.996797 5.637518
9890 52.598077 24.150167 24.150167
14366 65.603452 -25.310415 74.689585
19437 47.601485 17.500314 82.499686
10343 16.021722 16.021722 78.137014
10796 28.806612 9.814806 90.185194
20866 80.937948 3.654583 96.345417
27240 26.326577 -26.326577 40.109395
12706 76.284293 3.720382 96.279618
241 76.605418 3.883792 96.116208
7306 73.250427 24.430575 24.430575
1164 0.000000 0.000000 76.344086
15292 47.963227 38.546832 38.546832
11491 16.289784 -2.999488 97.000512
13127 16.348161 -3.223113 96.776887
3197 45.437428 -45.437428 51.404471
7156 39.598457 -19.287637 80.712363
10135 61.125018 -38.874982 56.986065
12670 79.886704 3.565741 96.434259
1496 91.160809 -8.839191 56.060765
13033 51.598074 -16.023085 16.023085
4434 50.772627 -16.713593 16.713593
5611 71.171082 4.251994 95.748006
13598 21.225053 -2.963414 2.963414
12855 88.822565 -11.177435 50.811939
4107 91.075773 -8.924227 48.563393
17576 7.519962 -7.519962 10.382576
14163 77.602604 4.978328 95.021672
8827 57.987898 -42.012102 47.492038
3786 13.957663 -1.328233 98.671767
20163 62.659576 -12.867462 12.867462
2175 53.012209 -38.230638 61.769362
14142 66.079841 -33.920159 53.342472
18996 66.161771 -33.838229 52.987813
7254 43.803938 -43.803938 52.042559
10846 74.592331 -5.736592 5.736592
19098 15.722903 -7.344197 92.655803
19359 14.325126 -6.992016 93.007984
27578 70.834259 -17.617010 17.617010
8570 23.282482 -15.719601 15.719601
4391 99.033857 0.966143 83.685294
20168 61.107558 36.992565 36.992565
7588 68.175621 -7.202935 7.202935
5635 55.073533 -25.138440 74.861560
687 72.164508 -27.835492 56.122074
20129 40.325622 -40.325622 53.146045
1599 39.463080 -39.463080 52.887214
18728 88.353675 11.646325 76.357009
3306 43.917825 -43.917825 50.211060
13424 82.380515 -17.619485 48.612562
11611 64.479639 26.164718 73.835282
20780 70.858074 9.797534 90.202466
6689 8.882491 -1.308035 98.691965
1355 8.921559 -1.201482 98.798518
5279 57.805346 -39.989447 60.010553
625 39.312587 -39.312587 51.652537
15107 68.154125 -31.845875 55.540326
8004 37.626531 16.918997 16.918997
11758 27.796014 -27.796014 63.519088
13580 80.869872 -19.130128 38.750973
6525 71.701608 -28.298392 63.266251
18572 30.252526 -30.252526 64.172966
18225 0.000000 0.000000 77.419355
15974 89.570173 10.429827 23.278034
11294 90.162948 9.837052 23.249235
5827 75.144750 -24.855250 53.718465
5828 74.710388 -25.289612 54.223680
5681 55.229773 -40.828707 59.171293
20233 96.885203 3.114797 18.157045
4876 96.986862 3.013138 18.448008
4128 30.578949 -30.578949 45.823446
14571 31.143558 -31.143558 46.000924
9678 27.481761 -1.558298 98.441702
10415 44.073906 -38.305927 61.694073
17444 65.012920 -34.987080 52.589437
12576 93.457465 6.542535 49.714542
2083 89.471902 10.528098 23.812797
4417 89.549984 10.450016 21.777309
7554 28.629399 -27.846482 72.153518
7246 48.826327 36.916575 63.083425
9252 81.524802 3.353006 96.646994
18702 57.692308 -42.307692 42.307692
1638 10.715407 10.715407 45.946583
547 55.587330 -40.746003 59.253997
15864 56.594882 -37.592501 62.407499
12971 55.966941 -37.324182 62.675818
13219 9.048500 -5.286514 94.713486
13218 8.550874 -4.906836 95.093164
15469 14.257422 -14.257422 31.003632
10370 42.540545 23.878712 23.878712
14937 6.594640 -3.042162 96.957838
15443 80.695556 -19.304444 32.837751
1697 79.920371 -20.079629 33.162361
9532 31.376009 -31.376009 65.690993
12637 34.448360 -34.448360 60.885127
27678 89.289259 10.710741 75.483851
27667 89.360898 10.639102 76.067749
9641 30.742730 -30.742730 65.347355
1013 72.292377 7.307095 92.692905
11442 67.006584 -32.993416 59.266784
7233 36.253544 -36.253544 61.201518
3820 83.965597 14.385084 14.385084
11336 82.950900 15.624480 15.624480
11170 88.921858 11.078142 22.923422
5423 42.265019 -24.818271 75.181729
5422 41.962046 -24.125169 75.874831
13615 27.320135 -27.320135 70.556200
12866 98.227457 1.772543 83.674851
5416 80.554827 19.445173 49.558942
5888 17.116346 -17.116346 21.908549
5253 53.496333 31.318635 31.318635
1752 35.683695 -35.683695 60.944747
7232 35.737525 -35.737525 61.270060
18195 63.802143 3.535371 3.535371
14832 63.344278 14.070758 14.070758
15912 85.435878 14.564122 24.837853
13755 54.278370 -35.305119 64.694881
17437 88.190277 11.809723 32.619424
2877 83.975786 3.548883 96.451117
12313 57.995143 28.663729 28.663729
9166 85.446991 14.553009 25.214253
15767 37.734717 -37.734717 59.704446
798 90.999586 9.000414 22.573936
19990 37.033605 -37.033605 60.118954
1719 57.457940 28.172393 28.172393
5437 25.492225 15.020871 15.020871
27527 26.070964 15.294028 15.294028
15232 82.602975 17.397025 31.843231
3252 98.258586 1.741414 11.052940
5491 38.527392 11.954834 88.045166
4664 31.580010 -31.580010 46.198046
5880 58.351183 -15.094978 15.094978
5879 57.462762 -15.125256 15.125256
27241 78.947368 0.000000 100.000000
11169 88.988652 11.011348 23.356730
9844 33.958904 33.958904 52.235045
4233 82.865215 17.134785 50.817009
12317 83.102399 16.897601 49.442308
6685 30.665345 30.665345 65.456389
5773 65.011678 34.988322 38.822007
15786 89.351354 -10.648646 20.579115
2297 90.347788 -9.652212 20.378876
17018 60.187090 30.245931 69.754069
9474 92.596892 7.403108 11.855068
9476 93.691201 6.308799 11.451783
1587 42.868970 -10.681116 89.318884
3390 50.706076 -14.912463 14.912463
17864 95.256342 4.743658 18.309915
5179 29.938273 -25.655884 74.344116
9717 38.798688 -38.798688 60.739619
5695 79.650710 20.349290 44.458873
11084 28.100628 -28.100628 45.763788
17246 81.484425 18.515575 41.541366
7098 62.856022 -37.143978 41.498369
8370 62.435379 -37.564621 41.542326
14330 30.103861 -30.103861 48.298054
9143 29.531585 -29.531585 48.284608
724 98.722778 1.277222 42.557943
19681 98.616365 1.383635 43.322850
5899 100.000000 0.000000 42.361111
8037 84.329112 15.670888 34.027623
18531 98.788375 1.211625 41.836231
2301 40.865385 -40.865385 59.134615
12501 77.267953 22.732047 52.643145
18349 81.097855 18.902145 32.599371
15231 81.938774 18.061226 32.214524
15878 44.282218 -44.282218 54.725012
15031 44.551836 -44.551836 54.185614
15113 40.842946 -39.162833 60.837167
14141 93.414498 6.585502 27.061314
16215 76.897947 9.154947 90.845053
20496 88.004499 7.308013 92.691987
2468 81.811487 -10.732502 10.732502
18636 19.881702 -11.554352 88.445648
1252 98.176352 1.823648 26.613180
4509 80.109453 -19.890547 68.183100
13321 79.458552 -20.541448 67.548995
19887 83.240076 -16.759924 63.977257
27974 92.547200 -7.452800 76.452745
27975 94.074044 -5.925956 75.291391
13128 15.769692 -3.314648 96.685352
734 96.302868 -3.697132 10.026684
12329 5.573965 -5.573965 40.862567
19886 6.155857 -6.155857 41.590894
4622 8.945392 -2.462212 97.537788
13889 8.566138 -2.558480 97.441520
27334 58.043945 11.863706 88.136294
27335 59.313067 12.357918 87.642082
6546 69.790508 30.209492 43.616195
1254 13.932862 8.251559 8.251559
6557 15.361481 8.813116 8.813116
3299 48.263677 -13.521261 13.521261
7359 35.598456 -34.122876 65.877124
4089 31.768069 -25.306893 74.693107
13535 39.915180 -38.884219 61.115781
6347 90.910096 -9.089904 18.753769
2231 54.113768 -43.364074 43.364074
12605 79.845251 4.139367 95.860633
5629 61.117057 -26.440337 73.559663
5628 62.510063 -27.571195 72.428805
497 63.148674 -26.676115 73.323885
9697 41.068495 -38.274294 61.725706
8462 11.393302 11.393302 29.958070
27624 84.630639 10.330678 89.669322
12775 69.982389 -2.595070 2.595070
13510 14.627275 14.627275 15.862282
9807 52.951099 -24.607034 24.607034
6790 99.206647 0.793353 65.794022
20660 83.028440 16.971560 32.694604
15028 50.095934 12.277014 12.277014
18948 48.776417 12.242493 12.242493
20552 78.225442 21.774558 27.846898
15010 78.992296 21.007704 27.537499
1705 91.324987 8.675013 11.652469
9368 70.308287 -29.691713 48.717586
20771 6.540462 4.829030 95.170970
1151 5.645161 5.645161 94.354839
13034 52.864101 -15.978833 15.978833
13032 52.213647 -16.705706 16.705706
20302 53.471067 -15.303720 15.303720
2652 69.654882 -11.751017 11.751017
18407 47.665560 -42.457758 57.542242
18405 48.157849 -42.752583 57.247417
2635 75.557674 2.953017 2.953017
8587 77.539517 3.327402 3.327402
12807 68.056224 5.188449 94.811551
18406 48.131572 -42.419663 57.580337
3325 48.775915 -42.708716 57.291284
20180 48.502468 -42.283665 57.716335
15567 72.578003 13.504532 13.504532
432 67.413511 20.434333 20.434333
18553 27.517555 -27.517555 49.110670
6061 55.629212 -40.989085 59.010915
6829 11.292735 -10.643061 89.356939
1465 10.576923 -10.576923 89.423077
11241 29.563505 -1.921109 98.078891
12744 84.139685 -14.968330 85.031670
12742 84.615385 -15.384615 84.615385
12743 84.704726 -14.770815 85.229185
3878 30.300206 -2.215336 97.784664
27907 76.852975 15.853367 15.853367
13542 77.107175 15.395532 15.395532
27906 76.370555 15.725800 15.725800
14492 43.719227 -39.624126 60.375874
17455 85.894521 6.289207 93.710793
4333 66.732134 2.925551 97.074449
18427 75.177569 1.946420 98.053580
12908 75.900731 1.589106 98.410894
18492 76.623745 2.084319 97.915681
20899 76.241515 -23.758485 45.962661
13811 96.630629 3.369371 27.023741
11122 89.643415 10.356585 18.355987
3839 90.229734 9.770266 17.475514
12770 91.295781 8.704219 17.117183
11460 27.225259 -27.225259 48.465121
27366 75.210440 15.963571 15.963571
9195 79.558896 20.441104 41.211038
12961 57.043003 -30.356416 30.356416
12370 49.094147 -15.348366 15.348366
1358 57.692308 -42.307692 57.692308
14593 42.452898 -36.539744 63.460256
374 38.792534 14.932059 85.067941
6011 7.999866 -7.999866 24.059026
20837 87.807425 12.192575 73.553115
17267 84.998823 15.001177 30.701345
2949 85.961471 14.038529 24.758670
7223 42.704766 -38.304297 61.695703
239 72.439555 15.834600 15.834600
11530 10.302054 -1.655277 98.344723
2903 15.789474 -15.789474 15.789474
5486 37.021780 -35.132152 64.867848
7268 37.491996 -35.133018 64.866982
14273 41.807204 -36.327419 63.672581
3118 91.680195 8.319805 12.836597
9593 39.124183 9.283712 90.716288
13011 70.279986 -29.720014 53.204884
19209 56.738092 -43.261908 48.852138
8826 57.800402 -42.199598 48.264603
2042 91.033495 8.966505 76.384674
11129 86.505147 13.494853 24.677892
14177 58.899068 -33.962223 66.037777
10367 59.231618 -40.768382 56.227919
10365 58.930660 -41.069340 56.735098
10366 58.567860 -41.432140 56.380161
3533 58.861389 -41.138611 55.869466
18256 87.884803 6.547133 6.547133
9149 10.096154 -10.096154 89.903846
18653 9.578766 -9.578766 88.826893
19808 48.135145 -37.835712 62.164288
4728 43.401133 -36.672727 63.327273
2518 82.322151 17.677849 45.945558
8382 83.324124 16.675876 44.792816
14587 43.070886 -37.608680 62.391320
4726 43.211399 -37.439724 62.560276
2403 43.005467 -37.772398 62.227602
17772 85.973984 14.026016 24.356546
4901 33.090348 -20.950601 79.049399
5221 80.962551 -14.349803 14.349803
16860 32.306351 -21.439958 78.560042
13533 40.422415 -39.070473 60.929527
2966 78.342405 21.657595 40.876801
19379 30.168202 -22.991577 77.008423
4913 84.611188 15.388812 30.675676
16147 85.106644 14.893356 30.330405
20794 81.427745 18.572255 29.601225
15482 67.614936 -32.385064 44.745943
15484 66.957828 -33.042172 45.470586
12228 20.846535 6.752453 6.752453
4209 22.286211 6.658949 6.658949
14018 77.516949 22.483051 28.369251
5901 100.000000 0.000000 41.666667
15705 65.706293 -34.293707 55.599795
11741 35.823216 -34.872691 65.127309
19484 35.684971 -34.469033 65.530967
7318 36.138089 -34.389275 65.610725
14489 44.547610 -38.553441 61.446559
15961 33.124429 -33.124429 64.142548
11146 31.387559 -12.376511 12.376511
15507 95.369351 -4.630649 20.969756
4827 95.858897 -4.141103 21.039165
7685 73.609995 -23.732229 76.267771
10955 74.787572 -25.212428 46.254194
294 73.710651 -26.289349 35.688670
6484 28.947942 -28.947942 66.208036
11267 16.551263 -15.692904 15.692904
7367 35.114488 -34.546179 65.453821
16233 82.670725 17.329275 40.342988
1868 82.140093 17.859907 40.540731
4583 38.937241 36.304763 63.695237
13648 40.197205 37.164753 62.835247
17807 98.359105 1.640895 22.181256
1993 98.045306 1.954694 22.414857
9345 30.994257 -30.994257 67.266939
15077 62.785843 -8.432999 8.432999
12140 62.025396 -7.517281 7.517281
1046 64.631065 -6.641039 93.358961
15999 92.389106 7.610894 30.621259
12861 8.155131 -0.761367 99.238633
7447 9.158210 -1.128054 98.871946
18532 100.000000 0.000000 40.972222
6396 51.391299 31.990326 31.990326
19173 76.879023 20.153882 79.846118
12992 43.410051 -40.007055 40.007055
15876 33.644364 -33.644364 63.201332
5746 33.583803 -33.583803 63.454521
11179 49.367102 47.264709 52.735291
14702 47.458772 -41.930784 58.069216
17108 67.588018 3.270377 96.729623
4334 67.409816 3.478968 96.521032
6612 34.239447 -34.239447 65.301209
1297 34.134615 -34.134615 65.865385
3931 12.010471 -2.480789 97.519211
5487 36.486667 -35.114440 64.885560
13217 98.304582 1.695418 27.077689
4990 6.910265 -1.509422 98.490578
19026 27.715729 -27.715729 64.088008
1539 28.223458 -28.223458 64.291916
9 29.362376 -20.367438 79.632562
7157 27.262588 -19.910636 80.089364
27175 22.203590 -21.788742 21.788742
20531 70.745056 -15.851037 15.851037
6137 69.950573 -16.046848 16.046848
11679 24.115311 -24.115311 75.302187
11680 24.038462 -24.038462 75.961538
15588 7.311823 -7.311823 20.455005
4009 39.825496 18.710917 18.710917
17835 18.548387 18.548387 81.451613
4132 61.264853 -38.735147 42.210455
12007 62.045843 -37.954157 41.902493
10186 82.233839 11.033975 11.033975
11681 24.291032 -24.291032 74.411041
10918 60.587944 -39.412056 50.533861
3771 60.395610 -39.604390 51.067793
19600 28.601024 -28.601024 70.878100
10914 60.612944 19.271456 80.728544
7676 58.171733 18.139347 81.860653
18052 30.292316 -25.543758 74.456242
10404 57.386513 -1.793485 98.206515
10406 57.592698 -3.248761 96.751239
12853 90.916887 -9.083113 49.672724
5180 29.738604 -25.860428 74.139572
27280 22.136399 -21.581682 21.581682
27255 22.208549 -21.405875 21.405875
8400 45.681600 -43.429370 56.570630
19638 30.154048 -30.154048 65.082844
19641 30.053675 -30.053675 64.796869
11534 27.812856 -27.812856 35.087591
1540 28.872443 -28.872443 64.791432
27326 60.327507 12.694807 87.305193
17801 71.681643 -28.318357 44.564263
20809 35.356258 35.356258 46.937961
20811 36.066362 36.066362 46.789427
16057 65.013097 -34.986903 53.440691
17445 64.571381 -35.428619 53.266615
1282 73.110634 -26.889366 33.383560
6593 74.284968 -25.715032 32.234948
7202 30.781634 -30.781634 49.068807
8653 31.361594 -31.361594 49.035317
1837 58.830914 -30.209193 69.790807
20354 59.153864 -29.520365 70.479635
1303 31.431771 -31.431771 65.212099
20072 32.086580 -32.086580 65.507408
5080 32.435034 -32.435034 65.372234
19050 32.313001 -32.313001 65.784171
20439 9.187260 -2.147485 97.852515
17011 67.784998 3.782202 96.217798
8654 67.205995 -10.689531 10.689531
8262 47.708914 22.774553 22.774553
3202 30.546480 -30.546480 65.504194
20622 76.916062 23.083938 23.456860
19354 99.395104 0.604896 32.439556
6622 31.440614 -31.440614 64.987885
3153 31.716224 -31.716224 65.614022
5244 31.335483 -31.335483 66.704593
9640 30.715248 -30.715248 65.618742
16712 30.594173 -30.594173 65.953640
9651 87.704008 12.295992 26.864483
14764 16.233293 -9.683325 90.316675
1304 30.974285 -30.974285 65.142922
5092 29.292819 -29.292819 64.991691
19619 29.179456 -29.179456 65.187771
20698 15.616375 -12.933209 12.933209
18603 89.806543 -10.193457 21.718020
1855 49.015766 28.189120 28.189120
20434 23.429470 -4.421778 95.578222
3112 51.547682 11.001956 11.001956
19057 94.749859 5.250141 11.066600
11022 40.012902 -12.325018 12.325018
3803 38.211994 -12.108245 12.108245
4281 52.745687 -38.871499 61.128501
6936 28.570498 -28.570498 64.595776
19634 30.642184 -30.642184 62.520969
20588 66.460121 -25.951228 74.048772
14367 67.093295 -25.809348 74.190652
15708 90.148895 -9.851105 12.789813
9943 66.800673 -33.199327 65.447866
10784 31.093041 -16.695513 16.695513
8699 28.087241 -20.710279 79.289721
6430 9.699811 -9.699811 12.693745
2501 90.223640 -9.776360 30.999338
20012 50.141393 9.347008 9.347008
14415 51.749233 25.776172 25.776172
5856 78.408831 -21.591169 51.070012
8780 63.506984 -36.493016 56.593190
6455 85.315146 -14.684854 55.707437
7149 60.380500 27.423702 72.576298
7148 58.922528 27.981581 72.018419
12884 29.474230 -29.474230 66.191481
19027 28.185788 -28.185788 63.763241
27323 43.918472 22.350906 77.649094
27322 44.450383 21.804598 78.195402
17085 24.969355 23.847123 23.847123
9390 35.257942 -35.257942 38.713826
10913 58.622018 19.704293 80.295707
1072 60.629754 20.803625 79.196375
7045 20.544437 -20.544437 57.331523
5444 21.432163 -21.432163 55.889472
2528 45.306464 -42.900436 57.099564
17887 0.962534 0.962534 47.885761
18870 88.617678 2.378012 97.621988
19655 30.148497 -29.448282 70.551718
2595 23.079996 -23.079996 66.677547
12902 21.718294 -21.718294 66.420571
20765 6.117544 -0.312739 99.687261
14634 69.484158 -30.515842 66.669526
7647 15.131437 -15.131437 51.231026
213 20.118065 -20.118065 60.745183
12879 21.360411 -21.360411 62.327359
8472 91.571083 -5.682561 5.682561
8470 89.348759 -6.909703 6.909703
13917 52.718201 11.542650 88.457350
27508 5.854854 -2.394306 97.605694
18628 15.215261 -15.215261 48.234026
18783 11.767796 -1.860986 98.139014
5993 81.398439 18.601561 34.508603
13731 60.103846 -12.500787 87.499213
983 35.080504 -35.080504 62.853549
19361 8.717369 -2.254323 97.745677
11334 97.831174 2.168826 8.700910
19440 30.898366 -22.644855 77.355145
8034 91.316903 -8.683097 20.199240
6620 32.013984 -27.930060 72.069940
1301 31.666268 -27.614978 72.385022
1668 82.558509 -1.653061 1.653061
14356 64.460176 -13.885284 13.885284
9472 46.995493 42.815191 42.815191
18315 31.287409 26.209461 26.209461
6609 31.664591 25.358216 25.358216
13816 41.854269 -23.543163 76.456837
10541 71.679059 -28.320941 34.384577
5348 71.348832 15.853732 15.853732
19737 70.930846 15.168664 15.168664
16509 79.318793 -15.205492 84.794508
8218 71.808903 28.191097 41.006123
17950 48.504747 -30.521963 30.521963
17948 47.471857 -29.999503 29.999503
11262 26.286407 -21.354320 78.645680
19068 27.392730 -21.412271 78.587729
3888 27.381081 -21.979655 78.020345
14651 28.477242 -21.904881 78.095119
20688 24.275040 24.275040 33.657514
1322 91.144295 4.801777 4.801777
9428 89.642878 4.980007 4.980007
5178 30.203470 -25.931857 74.068143
5176 30.487146 -26.152038 73.847962
16343 6.956823 -6.956823 88.316439
79 30.351767 -25.788981 74.211019
2218 50.524062 -27.392268 72.607732
993 16.186706 -16.186706 19.608394
4445 84.330159 15.669841 45.465316
17798 29.807692 -29.807692 70.192308
3037 27.198256 -27.198256 39.759017
11549 94.301070 5.698930 7.503213
20469 61.383629 38.616371 44.019706
20894 61.775705 38.224295 43.632574
20897 61.452771 38.547229 43.653337
27146 92.126623 0.900663 99.099337
13530 75.075203 -24.924797 35.450043
9089 52.657531 -28.281668 71.718332
15207 51.914602 -27.640802 72.359198
4947 56.451613 43.548387 56.451613
17811 58.509056 41.490944 55.508366
7499 38.721227 -31.101116 31.101116
3521 13.873946 13.873946 77.762399
383 74.034325 25.965675 31.516229
2558 72.205088 27.794912 55.737400
18782 33.224149 -24.718399 75.281601
17891 32.895950 -25.067204 74.932796
13173 47.938541 -26.229348 73.770652
17490 90.666825 3.762814 96.237186
20796 66.924583 30.620767 69.379233
3676 54.656264 -21.284162 21.284162
13210 21.811344 -3.260701 96.739299
4483 22.301849 -2.856014 97.143986
11856 69.583289 -30.416711 51.596105
2699 80.846479 -19.153521 28.859284
27456 81.677804 -18.322196 28.127483
12947 64.864886 -35.135114 58.365692
12646 53.225806 46.774194 53.225806
20472 54.032258 45.967742 54.032258
102 33.370213 -27.487689 72.512311
13249 69.924060 30.075940 34.595473
11163 46.886701 -16.543715 16.543715
5154 33.656696 -29.293814 70.706186
9082 91.005901 8.994099 18.540972
1573 30.851887 -27.402557 72.597443
20587 80.678771 19.321229 62.265465
7945 92.303209 6.266505 6.266505
8103 69.133610 -30.866390 64.597151
16952 75.101411 -24.898589 65.656234
2471 14.741139 14.741139 21.481029
10304 81.641914 9.907580 90.092420
18179 72.374153 -27.625847 67.485848
17404 91.197948 -8.802052 16.783264
16494 82.287711 5.040161 94.959839
4859 27.870012 24.563958 24.563958
20856 23.170282 -4.818913 95.181087
8522 68.752149 -26.603234 73.396766
2601 68.307445 -25.839110 74.160890
13600 19.340717 -2.574215 2.574215
16550 85.928170 -13.464704 86.535296
16211 51.351285 -33.945288 66.054712
16227 65.277614 3.233923 96.766077
5203 33.597629 -27.751685 72.248315
16020 43.607252 -31.634275 68.365725
19549 43.545016 -32.294474 67.705526
5288 34.707117 -28.336107 71.663893
18177 73.753500 -26.246500 66.414126
18180 73.086175 -26.913825 66.974493
7355 10.999246 -10.999246 21.652818
2408 66.681905 -30.967859 30.967859
277 72.314346 -27.685654 52.383175
4102 69.202007 -30.797993 51.940940
11295 89.996295 10.003705 23.838349
20691 17.725137 -13.339113 13.339113
17051 34.256802 -27.889762 72.110238
1341 31.196536 -27.185643 72.814357
8286 10.628677 -10.628677 34.638365
7582 74.338140 18.828985 18.828985
14212 57.154674 20.211224 79.788776
6170 11.303164 11.303164 86.006117
10996 65.307040 -3.133209 3.133209
7042 12.603922 -12.603922 31.435135
6462 74.918329 -25.081671 29.792012
6613 33.732717 -33.732717 65.720034
6614 33.653846 -33.653846 66.346154
16172 59.719096 -27.622765 72.377235
5630 60.632330 -27.133517 72.866483
19128 55.623558 5.958367 94.041633
19047 32.714520 -32.714520 65.021273
1835 35.009922 -34.104750 65.895250
7361 34.988907 -33.711747 66.288253
2948 85.025968 14.974032 25.588482
15428 85.274155 -14.725845 38.273803
6244 15.330412 -15.330412 18.291473
4835 42.502951 -16.872631 83.127369
6611 33.874972 -33.874972 65.149055
19111 34.739412 -34.739412 63.934904
7335 96.397152 3.602848 25.424081
19251 32.291959 -32.291959 65.104235
64 34.373634 -34.373634 64.777606
13805 34.014407 -34.014407 64.695476
5592 37.088880 21.387792 21.387792
1118 74.495490 -25.504510 67.882693
20513 84.290190 15.709810 42.328696
10028 35.844294 -8.573540 91.426460
1027 10.545185 10.545185 58.893153
19337 38.292362 -17.449716 82.550284
18385 43.961505 43.961505 46.973954
19607 32.806135 -32.806135 64.266606
13180 34.881202 -34.881202 64.089012
11465 41.377907 18.586209 18.586209
3311 59.569724 35.281182 64.718818
14768 52.182181 12.710889 12.710889
12797 52.868547 12.203087 12.203087
3485 51.898081 12.009928 12.009928
18469 13.960228 -13.960228 33.209569
15749 79.466130 -10.180016 10.180016
3408 12.452679 -1.804540 98.195460
10453 34.259158 -34.259158 63.904180
9039 83.141629 3.604379 96.395621
8820 82.918214 3.531888 96.468112
9917 49.545483 -42.829626 57.170374
27528 25.479962 14.597313 14.597313
2189 99.608981 0.391019 64.071874
14523 48.465669 17.725773 17.725773
13493 96.149239 -3.850761 22.714367
14655 33.902804 -33.902804 64.287112
19029 77.821970 -22.178030 25.073742
7869 97.937818 2.062182 29.454963
20608 78.314615 21.685385 55.976403
16082 51.463008 -34.514387 34.514387
11141 26.874314 -26.874314 69.428312
6259 79.354958 3.564410 96.435590
6701 4.367892 -4.367892 29.064976
16404 76.223227 9.562982 9.562982
9175 64.510184 0.742579 99.257421
2015 63.157895 0.000000 100.000000
12267 65.131901 -4.966359 95.033641
7366 34.457281 -34.119063 65.880937
6398 28.439565 28.439565 68.843348
6400 29.227865 29.227865 68.061654
1123 27.681177 27.681177 67.827573
1802 69.424315 -30.575685 47.391538
2574 50.531908 12.892303 12.892303
4286 51.398601 -48.601399 51.398601
11249 83.276062 16.723938 29.197216
4663 75.732016 -24.267984 64.827969
9481 99.231874 0.768126 86.367823
15803 89.519636 -10.480364 28.383859
18845 88.515525 -11.484475 28.308849
17534 37.319645 -37.319645 58.234009
15603 78.420974 -21.579026 40.599009
13616 72.066250 -27.933750 56.047743
7173 67.765792 28.582331 28.582331
19442 10.956157 10.956157 63.031928
7061 9.697289 9.697289 61.795714
17941 72.491058 -27.508942 40.988291
5042 73.274627 -26.725373 40.645053
13872 50.698864 -28.024379 71.975621
2750 87.184655 12.815345 24.547384
20756 22.768093 22.768093 51.317850
18879 16.894136 16.894136 42.863731
3119 93.900202 6.099798 11.989562
19263 84.519054 15.480946 25.819655
1721 56.580847 29.914235 29.914235
2046 71.700804 -22.441095 77.558905
5522 23.393573 9.846166 9.846166
13073 52.639044 43.654011 56.345989
18350 80.845211 19.154789 32.140602
8255 80.694878 19.305122 31.687989
324 80.172453 19.827547 32.254435
4752 47.707660 -42.215299 57.784701
19319 76.821849 -23.178151 51.830125
20563 59.497128 40.502872 51.666444
19081 48.553143 -31.624514 31.624514
11965 38.395115 -38.395115 40.514305
10177 57.786813 30.547225 30.547225
17568 8.674828 -8.674828 89.139992
19418 37.562577 -23.389626 76.610374
9054 57.918306 38.264516 38.264516
2886 57.237165 38.969521 38.969521
9515 64.474678 13.228041 13.228041
20324 84.992628 15.007372 23.220088
20114 86.009222 13.990778 22.523680
9043 46.378022 35.673271 35.673271
11538 59.374735 -40.625265 53.735625
13085 59.874034 -40.125966 53.265199
3996 59.826259 -40.173741 53.608141
14118 6.745160 -1.129444 98.870556
14540 45.609567 -38.489097 61.510903
4861 71.912599 14.354909 14.354909
19669 71.154852 13.529790 13.529790
19738 70.336821 14.439286 14.439286
4211 82.525005 17.474995 27.195978
20593 84.233854 15.766146 44.185689
14089 13.942308 -13.942308 86.057692
13088 83.516127 16.483873 45.671273
20861 13.417284 -9.692605 90.307395
6376 79.836770 -18.160136 81.839864
17961 10.441109 -10.441109 55.307617
1106 67.277475 24.627308 24.627308
6988 66.358481 24.632566 24.632566
18931 23.994389 -18.402311 18.402311
16249 0.507964 -0.507964 30.060295
2871 83.003051 16.996949 28.315215
15279 13.088384 -2.853355 2.853355
13515 28.534285 -2.470489 97.529511
27589 63.379697 9.249312 90.750688
27679 85.134903 14.865097 70.155077
20493 87.514381 12.485619 72.346866
10266 58.947208 -13.130328 13.130328
12023 68.498781 -31.501219 58.628086
16397 84.962951 -14.262116 85.737884
103 33.873093 -28.125457 71.874543
10398 98.079904 1.920096 18.187018
731 83.603266 16.396734 29.215536
13574 50.711953 1.609994 98.390006
3613 6.656594 6.656594 33.071355
8722 12.340358 -10.010051 10.010051
6737 35.901617 -28.066022 71.933978
6736 35.055770 -28.008206 71.991794
6367 84.216207 4.416395 95.583605
9026 15.687986 -0.401111 99.598889
10775 39.027210 -27.845121 72.154879
13124 92.890069 -7.109931 21.518496
5370 36.678428 -28.068381 71.931619
20124 80.896826 14.414447 85.585553
3922 69.325013 -26.641409 26.641409
8424 37.964495 37.964495 43.992132
10549 19.778676 15.684256 15.684256
3607 18.146458 15.507271 15.507271
15362 51.577659 -28.089595 71.910405
15560 95.033154 -4.966846 19.333142
1251 97.313236 2.686764 28.087268
10104 96.746393 3.253607 28.107201
6951 36.196182 -27.311429 72.688571
2503 17.136704 -0.732145 99.267855
13421 16.544326 -0.788670 99.211330
27896 97.114985 -2.885015 43.733978
8737 95.038377 4.961623 8.486494
9635 95.728598 4.271402 7.600344
2900 91.175334 8.824666 18.740880
2707 16.083549 16.083549 57.837188
502 72.885083 -10.243484 10.243484
8875 72.503656 -10.738799 10.738799
6014 78.651949 -21.348051 48.322778
803 78.236250 -21.763750 48.783666
19205 8.193642 -1.569313 98.430687
1996 34.099275 -34.099275 63.757723
19821 3.706779 -3.706779 25.085146
19146 6.778312 -1.668717 98.331283
10889 9.862530 -1.831377 98.168623
14693 9.841331 -1.793027 98.206973
14694 9.749583 -1.807483 98.192517
19729 68.979367 -31.020633 53.679274
3056 93.783223 -6.216777 38.759690
7736 89.332258 10.667742 24.373174
7559 31.448792 -22.270304 77.729696
3578 16.142496 7.349916 7.349916
20330 10.412618 -7.228606 92.771394
20814 68.514515 31.485485 37.707670
307 42.490412 -23.987127 76.012873
15099 64.774048 -35.225952 56.169631
936 45.122029 25.897736 74.102264
16141 1.560094 1.560094 80.889416
18192 44.064332 -21.432745 21.432745
8832 11.189586 -9.601738 90.398262
1464 11.192620 -9.915763 90.084237
18328 44.973322 -21.190480 21.190480
3551 59.044052 -3.508034 96.491966
7120 80.048131 -2.289697 2.289697
7119 80.384263 -1.556951 1.556951
17345 36.441175 -12.011753 12.011753
6214 35.777834 -12.775918 12.775918
18318 46.519723 -42.145409 42.145409
10120 57.990867 -42.009133 57.294192
7642 64.473684 0.000000 100.000000
8952 8.339792 -1.528150 98.471850
18187 8.904098 -2.147312 97.852688
1633 63.695876 -16.129593 83.870407
14815 66.351268 2.283548 97.716452
3861 30.558582 -22.744292 77.255708
27492 6.035224 -3.052553 96.947447
16014 40.589091 18.998312 18.998312
5076 34.146286 -24.846606 75.153394
4658 10.809725 -1.470452 98.529548
19226 10.918049 -1.318822 98.681178
18298 35.762228 -35.762228 51.178857
19425 33.479788 -24.403719 75.596281
3169 0.000000 0.000000 100.000000
7524 8.636334 -6.816853 93.183147
3171 0.000000 0.000000 97.849462
27925 1.189244 1.189244 96.832815
10837 34.473575 12.599767 87.400233
10303 9.546330 -5.683008 94.316992
10302 10.242776 -5.889434 94.110566
2990 9.958958 -5.413871 94.586129
3100 83.870968 16.129032 83.870968
8109 61.276674 -38.723326 52.232652
5327 6.164379 -1.854354 98.145646
4594 23.785474 -23.785474 37.434037
13276 42.342163 37.381391 37.381391
15841 53.851076 3.871172 3.871172
27912 77.954419 14.684715 14.684715
27911 78.372485 14.473878 14.473878
27908 77.553810 14.879305 14.879305
10274 51.672139 11.386175 11.386175
10275 52.602457 11.527852 11.527852
10 29.618749 -21.906024 78.093976
8698 28.408214 -21.354200 78.645800
17069 86.743501 3.296672 96.703328
4590 86.784881 2.975416 97.024584
17233 66.933927 -22.870187 22.870187
14652 28.639137 -22.421794 77.578206
1979 73.940111 18.113699 18.113699
3001 89.289511 10.710489 32.011249
5358 99.391150 0.608850 21.982188
246 98.871978 1.128022 21.771738
17794 80.928283 -19.071717 41.760092
20535 76.264970 -23.735030 45.722979
3782 76.525426 -23.474574 45.337890
590 46.070155 -38.404417 38.404417
20852 26.275749 -17.384089 82.615911
19194 27.423063 -17.232945 82.767055
20843 28.205315 -17.863627 82.136373
20422 12.658509 12.658509 85.700002
20848 18.269231 -18.269231 81.730769
4773 75.182725 4.751300 95.248700
19423 72.931267 -27.068733 32.557702
4488 75.576225 -24.423775 61.512482
27941 98.948075 1.051925 1.699034
13137 68.986221 -31.013779 67.539147
4150 69.572248 -30.427752 67.082521
2807 16.585296 16.585296 64.707451
13448 77.269490 22.730510 60.938386
10399 98.475919 1.524081 17.402632
2475 94.312851 -5.687149 9.077554
18976 45.649393 27.129320 72.870680
12692 13.062252 -13.062252 40.534865
4337 12.816699 -12.816699 39.803037
13859 55.146201 -43.238641 56.761359
5740 81.931135 -18.068865 47.726051
12153 82.497727 -17.502273 47.509573
16530 56.677717 16.072806 16.072806
11537 59.783866 -40.216134 53.935291
12279 97.984425 2.015575 27.625689
10714 98.439557 1.560443 87.998889
7512 63.985007 36.014993 51.472217
8951 8.216480 -1.504072 98.495928
8950 8.333137 -1.491670 98.508330
16904 7.888856 -4.722964 95.277036
6715 56.874852 8.829979 8.829979
1870 46.060728 -12.127691 12.127691
11987 53.325210 14.190375 14.190375
4690 23.972869 -15.534144 84.465856
11482 76.193346 6.088172 93.911828
20605 73.204547 -26.795453 50.007330
5814 8.944021 -1.642138 98.357862
4986 6.069047 -2.086246 97.913754
17068 87.428086 3.109742 96.890258
267 8.475816 -1.532607 98.467393
12694 85.592741 3.712586 96.287414
13418 97.285573 2.152294 97.847706
16947 68.514988 19.772657 19.772657
18078 73.024510 -26.975490 40.309922
15814 6.084005 -1.520259 98.479741
17137 5.788380 -1.469447 98.530553
19204 8.292374 -1.608084 98.391916
20225 8.386755 -1.597201 98.402799
4983 8.298083 -1.580476 98.419524
14340 8.512432 -1.573497 98.426503
5813 8.815650 -1.630132 98.369868
16854 5.346070 -3.217483 96.782517
16750 5.557695 -3.211664 96.788336
19211 6.778585 -1.535184 98.464816
27514 6.045335 -3.274773 96.725227
5271 33.671654 17.322687 17.322687
7917 33.176223 16.375448 16.375448
12484 9.230896 -1.666026 98.333974
700 79.223576 -20.776424 47.688159
16351 85.427064 1.012787 1.012787
17521 83.403745 4.159238 95.840762
2898 83.525033 3.979790 96.020210
12351 65.034965 -34.965035 65.034965
13886 9.571927 -1.571467 98.428533
2561 9.259062 -1.554920 98.445080
13885 9.380625 -1.486485 98.513515
3135 18.613853 -18.613853 33.373511
18404 16.900354 10.537023 10.537023
20791 81.336291 18.663709 29.483181
8015 36.055469 -29.828062 70.171938
12380 20.651918 -20.651918 35.670200
10808 17.597939 -2.022616 97.977384
17541 18.075477 -2.269333 97.730667
20287 63.861371 -24.316070 75.683930
11718 19.163005 -19.163005 33.844247
11719 19.100512 -19.100512 34.551494
19979 71.605749 -28.394251 68.099695
5036 7.609438 -1.499772 98.500228
17908 7.646552 -1.463812 98.536188
1932 8.567851 -7.394207 92.605793
10458 68.952994 -31.047006 35.133895
10251 56.794141 -19.731173 19.731173
32 99.203983 0.796017 30.055373
16954 75.462153 -21.292487 78.707513
17737 73.885817 -19.287296 80.712704
15656 10.354697 -1.453014 98.546986
14518 10.266044 -1.517506 98.482494
14097 10.512894 -1.534560 98.465440
5041 100.000000 0.000000 19.444444
18267 94.982058 5.017942 70.825837
10245 83.857585 -8.479640 91.520360
20079 35.492905 19.374984 19.374984
27247 26.169990 -26.169990 44.562008
5028 91.515096 2.542891 97.457109
18661 90.656436 2.941031 97.058969
16710 82.666736 4.202755 95.797245
16709 82.840448 4.359121 95.640879
3359 10.554435 -1.976788 98.023212
8662 49.553237 -17.989527 82.010473
10739 31.480835 -31.480835 47.524813
12736 69.018874 2.465737 97.534263
3760 9.767848 -1.840826 98.159174
8200 83.216783 -16.783217 83.216783
8199 82.568666 -16.797237 83.202763
10407 91.729018 -8.270982 26.177985
1327 32.064439 28.872619 71.127381
10688 18.342099 -7.298809 92.701191
20772 12.136132 12.136132 86.127748
18378 10.079464 -1.794988 98.205012
7226 86.469463 13.530537 28.788747
5498 17.614708 14.870546 85.129454
16737 6.480975 -2.394886 97.605114
16738 6.501674 -2.518487 97.481513
14992 61.082875 -38.917125 41.871080
3395 9.996925 -1.905634 98.094366
16559 80.120007 -19.879993 51.573683
467 79.321353 -20.678647 52.600083
14379 9.509291 -1.743405 98.256595
11144 32.762450 -12.602601 12.602601
881 61.831706 -38.168294 58.943246
16656 5.082772 -2.024587 97.975413
6643 63.806140 -36.193860 38.344545
13874 39.567243 39.567243 58.090053
4261 41.129032 41.129032 58.870968
4698 9.508607 -1.792345 98.207655
14931 9.636246 -1.780760 98.219240
6644 62.594762 -37.405238 38.726371
17648 62.079422 37.920578 59.110923
4359 10.231434 -1.946948 98.053052
12755 10.207571 -1.975439 98.024561
27248 26.377145 -26.377145 44.278653
27779 92.657343 -7.342657 92.657343
18209 37.230011 -11.184886 11.184886
10713 98.565715 1.434285 88.794905
7584 75.095771 18.004953 18.004953
16143 84.716413 15.283587 30.240280
4198 87.935884 12.064116 20.921139
12413 31.351682 -15.569413 15.569413
3204 31.941987 -15.661295 15.661295
1145 23.480323 -21.423260 21.423260
15124 24.465519 -21.848923 21.848923
282 56.770473 -36.254617 36.254617
20833 13.579898 12.544760 87.455240
17487 10.793208 -2.024734 97.975266
9982 10.791575 -1.952027 98.047973
10122 57.933231 -42.066769 56.518793
2863 57.621392 -42.378608 56.267380
779 48.068721 -33.493526 66.506474
9808 53.874767 -24.035768 24.035768
2751 82.627782 3.575605 96.424395
11428 65.612185 -16.639147 83.360853
12721 74.817418 3.551416 96.448584
12719 74.548076 3.355348 96.644652
12664 78.377268 3.655192 96.344808
18164 68.350829 -10.105821 89.894179
10129 68.742816 -9.243419 90.756581
15310 48.138266 -13.302108 86.697892
12891 34.658477 -34.658477 49.971684
12673 74.272478 3.134610 96.865390
17488 10.865475 -2.091905 97.908095
11197 11.006504 -2.230804 97.769196
11488 81.456947 11.861629 11.861629
11487 80.737615 11.302635 11.302635
18608 65.729026 -34.270974 47.405528
19096 65.177721 -34.822279 48.337849
6354 70.791298 -27.982740 72.017260
3694 27.294922 -2.863032 97.136968
3346 93.834392 6.165608 16.124305
9439 50.114421 -45.637712 54.362288
15172 18.544963 10.710419 10.710419
13557 2.933152 -2.933152 22.560493
14046 15.214767 -1.554445 98.445555
2409 14.792957 -1.736295 98.263705
4464 16.965634 -3.344007 96.655993
9996 78.956292 -21.043708 64.850368
11363 68.337358 -26.419587 26.419587
4973 5.649233 -1.517084 98.482916
3981 16.698824 -2.873884 97.126116
17459 2.419951 -2.419951 55.386960
20739 1.414635 -1.414635 72.638293
13909 80.225660 4.745495 95.254505
5699 80.337807 4.542115 95.457885
18442 16.968069 -3.684287 96.315713
18443 17.741643 -3.464585 96.535415
13129 16.304991 -3.490676 96.509324
16234 82.212037 17.787963 40.930481
11216 22.119775 18.563557 81.436443
13949 51.818563 -6.664943 6.664943
11489 16.208786 -2.777849 97.222151
6106 27.490844 -15.386694 15.386694
14471 80.732031 2.464250 97.535750
10324 30.360863 -30.360863 58.388321
19236 29.259802 -29.259802 59.159479
18463 15.081317 -2.895191 97.104809
13957 20.588235 0.000000 0.000000
8091 14.548721 -2.261694 97.738306
2220 49.343806 -28.045776 71.954224
12564 14.183049 -2.511873 97.488127
4370 12.646159 -2.645471 97.354529
11620 41.137958 -17.476491 17.476491
11943 73.483614 -26.516386 53.516387
11905 73.739583 -26.260417 53.504497
12563 13.898372 -2.613966 97.386034
963 14.043802 -14.043802 21.977582
12618 7.696902 -7.696902 22.477663
18582 74.645123 21.415825 21.415825
27757 95.804196 -4.195804 95.804196
10806 38.506152 -29.924134 29.924134
10805 37.719058 -30.483216 30.483216
4367 71.555970 -1.942592 1.942592
17880 50.579647 -15.170943 15.170943
4297 13.556223 -2.576157 97.423843
12786 13.212965 -2.608804 97.391196
7462 14.251369 -14.251369 42.862238
20063 24.736862 -14.982502 85.017498
7853 32.843882 15.308906 15.308906
20749 18.986855 -18.986855 59.946700
10738 31.931086 -31.931086 47.388678
18869 87.890090 2.806825 97.193175
2080 86.848565 -13.151435 40.722985
12404 5.061532 -5.061532 24.298553
8295 0.911397 -0.911397 10.227235
16505 22.367565 22.367565 65.819683
27125 23.333676 23.333676 65.784011
18494 11.067211 -2.294444 97.705556
92 3.559400 -3.559400 92.188591
5935 51.201200 -33.483451 66.516549
3897 17.081087 -12.462553 87.537447
13099 54.429328 14.182924 14.182924
10712 97.987875 2.012125 88.460367
2872 81.757260 18.242740 29.289825
5123 29.620827 -29.231507 29.231507
6882 91.927801 8.072199 43.692033
19736 69.639156 15.271027 15.271027
17092 10.628492 -2.555570 97.444430
4933 11.019470 -2.540366 97.459634
16299 10.685489 -2.432874 97.567126
1162 72.065039 -27.934961 63.932844
11806 44.855889 -33.893075 33.893075
13234 84.838563 15.161437 25.980196
4178 89.238151 -10.761849 18.274543
14404 73.930735 -18.467742 81.532258
2040 89.285965 10.714035 54.854119
9551 98.888866 1.111134 7.473311
14758 19.790658 -4.233262 95.766738
4632 69.175483 -28.682913 28.682913
16011 32.241634 -20.032035 79.967965
16010 31.355645 -20.608468 79.391532
2907 18.255896 -10.701520 10.701520
3689 97.794677 2.205323 87.304285
4757 18.675418 -3.577872 96.422128
738 82.986938 -17.013062 47.596328
1865 38.124642 -36.187716 63.812284
7406 37.606950 -36.030243 63.969757
2917 45.824926 -34.400637 34.400637
11237 7.617542 -7.155994 92.844006
1946 8.439413 -6.894536 93.105464
10142 71.961122 -10.408758 10.408758
11430 73.723640 -26.276360 67.498296
6208 13.483702 -13.483702 22.054135
11670 70.773130 -29.226870 57.121373
1478 56.843962 3.262153 96.737847
7742 74.357020 -25.642980 53.420520
5718 55.111108 21.449343 21.449343
27249 70.660179 -1.776794 98.223206
16411 85.353261 -13.805972 86.194028
6556 97.470507 2.529493 27.071906
13260 34.297063 15.951777 15.951777
10570 50.349650 -49.650350 50.349650
2379 49.643119 -10.077497 89.922503
17176 42.218784 -3.733204 96.266796
3251 100.000000 0.000000 9.722222
11006 96.009384 3.990616 95.236007
17733 0.905425 -0.905425 4.546311
15219 0.831010 -0.831010 3.214926
18146 77.528926 -22.471074 50.562459
8848 85.860809 14.139191 29.610823
16711 8.865996 -5.587516 94.412484
1435 99.424468 0.575532 66.896919
9418 96.433655 3.566345 24.937581
9419 96.360908 3.639092 24.443034
17614 67.078423 32.921577 52.567434
10310 87.769154 -12.230846 28.013546
11362 67.179808 -27.255851 27.255851
14741 24.593683 -3.768538 96.231462
20437 23.911605 -4.164571 95.835429
10983 84.561137 15.438863 33.476972
14067 4.642529 4.642529 65.400112
15276 9.099763 -1.585992 98.414008
20825 69.567071 30.432929 36.767034
19248 5.983129 -5.983129 86.015926
16342 5.711655 -5.711655 86.796255
3110 10.168017 -2.572152 97.427848
18471 12.965269 -12.965269 39.123911
19759 86.317996 13.682004 25.669865
12174 61.495206 -5.627145 5.627145
15360 53.817622 13.512051 13.512051
613 21.939404 -16.410820 16.410820
3882 50.537214 -20.928637 79.071363
18762 98.325904 1.674096 96.125378
3223 100.000000 0.000000 31.944444
6745 15.612938 -15.612938 80.833743
10118 62.078338 -35.405093 64.594907
8026 20.996885 -0.325884 99.674116
14983 52.884615 47.115385 47.115385
8687 51.923077 48.076923 48.076923
10195 24.690003 -24.690003 32.774390
19697 86.984640 13.015360 25.181534
4168 2.425339 2.425339 18.810448
14927 17.658173 -2.584126 97.415874
9005 89.053331 10.946669 39.188103
5061 86.793564 13.206436 25.744857
2 46.694414 15.366467 84.633533
18360 49.460202 16.654641 83.345359
2855 85.045402 14.954598 34.740126
100 32.539101 -27.126448 72.873552
9165 82.911337 17.088663 39.821186
15625 70.565173 -29.434827 43.054874
3900 25.967489 -16.962323 16.962323
19973 22.695923 -22.695923 35.715769
17598 100.000000 0.000000 9.027778
12707 76.376961 3.532966 96.467034
15019 35.358114 -22.259263 77.740737
16186 69.308428 -29.675442 29.675442
16187 70.201265 -28.683700 28.683700
5852 70.380579 29.619421 35.465433
8287 32.917114 -32.917114 62.976484
27401 81.925326 -18.074674 26.561076
5112 62.974932 -37.025068 59.720220
10679 52.438769 -33.331056 66.668944
3501 81.623366 8.334523 91.665477
4055 63.531349 36.468651 56.598523
16926 63.729889 36.270111 57.682808
17193 87.657280 -12.342720 12.918745
10540 10.585342 -10.585342 35.777557
10487 91.749744 -8.250256 14.596281
10756 29.054543 -24.476222 75.523778
3708 29.391502 -24.364665 75.635335
20857 23.229976 -4.643975 95.356025
6113 62.708742 -37.291258 58.076033
5936 51.664331 -33.232401 66.767599
20435 23.546489 -4.687931 95.312069
19505 57.940853 -38.584713 61.415287
2806 51.111599 -5.058963 5.058963
4028 47.229483 -40.725593 59.274407
9152 72.060526 -27.939474 66.660856
14657 23.114085 -2.573589 97.426411
11881 61.666549 10.700738 10.700738
4040 62.374364 9.875370 9.875370
27942 97.858989 0.448250 0.448250
7502 9.049644 -7.594474 92.405526
3831 27.398288 -27.398288 59.704040
966 49.481040 -29.934329 29.934329
2051 88.935611 -11.064389 30.084367
13190 44.239150 23.269089 23.269089
14900 50.897394 11.758781 11.758781
14769 51.165766 12.472784 12.472784
3440 38.259392 -38.259392 39.341025
27626 88.550891 9.349772 90.650228
4342 75.985722 3.567016 96.432984
20601 91.293331 -8.706669 40.959267
9350 89.760355 -10.239645 41.819718
16805 96.318770 -3.681230 23.289949
13302 44.275681 25.668781 25.668781
16906 8.235228 -4.587763 95.412237
7503 9.263295 -7.424714 92.575286
7504 8.855776 -7.291859 92.708141
5106 29.488563 -21.225911 78.774089
6186 87.735323 12.264677 43.012553
4703 72.983398 -17.242137 82.757863
1920 9.669231 -6.528601 93.471399
8872 73.146940 -11.051319 11.051319
6346 73.754543 -11.408456 11.408456
16999 79.833368 7.316923 92.683077
7539 8.742282 -7.047553 92.952447
19915 5.422427 -1.117315 98.882685
16504 58.592233 6.437310 6.437310
7398 55.107024 -17.791885 17.791885
15605 87.135270 -12.864730 13.536245
5454 72.365899 -4.144865 4.144865
20875 82.285422 3.016507 96.983493
8831 11.578342 -9.585270 90.414730
18157 96.741908 -3.258092 56.321968
5646 48.855601 18.676067 18.676067
3443 82.647695 11.575654 11.575654
15719 97.088461 2.911539 26.981006
12176 21.899871 17.805052 17.805052
2292 20.801396 -0.688148 99.311852
673 1.371535 1.371535 8.631474
16795 0.726800 0.726800 7.538317
20064 28.591955 12.426733 87.573267
844 98.117774 1.882226 24.408503
8300 97.612257 2.387743 24.382891
6916 6.768989 -5.318217 94.681783
6917 6.663603 -5.566007 94.433993
6918 7.231159 -5.636487 94.363513
2465 97.011409 2.988591 24.380586
15284 96.990982 3.009018 24.933537
954 46.232413 -40.604193 59.395807
19160 52.778697 -17.411709 17.411709
11526 83.073867 5.403102 94.596898
2777 83.438127 5.525303 94.474697
18470 100.000000 0.000000 43.055556
3165 48.953338 -39.907957 39.907957
27250 69.635344 -1.963803 98.036197
27369 75.463049 14.662575 14.662575
16344 5.197007 -5.197007 87.404899
19367 62.749368 23.086960 23.086960
17099 67.798495 8.807479 91.192521
3969 6.343575 6.343575 89.745640
7349 81.317660 18.682340 36.708673
7348 81.819085 18.180915 36.102961
20521 78.260626 21.739374 30.941785
15307 86.463735 -13.536265 37.734856
13922 14.050908 -9.568699 90.431301
14484 15.195158 -9.427936 90.572064
816 33.600777 -33.600777 49.377050
1967 10.258385 -10.258385 85.075987
7567 11.758779 -11.758779 86.682056
7566 10.498861 -10.498861 86.505029
13931 52.847113 -47.152887 50.132308
20637 77.012741 -22.987259 45.037164
20132 2.366880 2.366880 82.110460
10209 63.272432 -15.089426 15.089426
7793 10.575224 -2.251472 97.748528
16537 53.229293 12.858380 12.858380
13365 3.259178 3.259178 19.694339
8059 67.643988 32.356012 66.075367
13878 44.658935 8.687602 8.687602
10111 5.672738 5.672738 87.603583
19335 81.430838 -13.402158 86.597842
15063 56.570908 -43.429092 51.810088
12367 17.047888 -10.577342 89.422658
16384 97.362441 2.637559 85.995716
16385 98.143049 1.856951 86.242091
16300 10.981124 -2.412674 97.587326
9432 71.372386 -28.627614 51.779992
17549 44.239223 20.120091 20.120091
9192 8.214009 -8.214009 28.143658
9190 8.124321 -8.124321 27.464063
20448 9.900726 -1.317530 98.682470
859 9.983198 -1.251691 98.748309
7565 11.701840 -11.218296 88.781704
12204 54.873727 -42.475669 57.524331
11054 84.366813 13.122177 13.122177
7635 12.980769 -12.980769 87.019231
27548 14.185188 -12.906056 87.093944
27552 13.852825 -12.613431 87.386569
3672 81.928753 4.851654 95.148346
27550 13.566345 -12.338615 87.661385
7636 12.295425 -12.295425 86.011317
27651 27.041134 16.030694 16.030694
3828 28.404658 -28.404658 45.464097
1832 11.538462 -11.538462 88.461538
7518 14.768938 -10.113367 89.886633
7260 7.959395 7.959395 85.762579
17525 25.599613 -23.181519 76.818481
20553 78.865673 21.134327 28.094123
1467 11.722926 -9.809057 90.190943
14087 11.370773 -11.370773 84.694476
2013 13.461538 -13.461538 86.538462
19301 2.046865 2.046865 9.736414
14711 95.877432 4.122568 27.896794
12187 64.612755 1.292362 98.707638
17725 10.077781 10.077781 87.770376
9594 39.851683 6.063438 93.936562
6555 97.735360 2.264640 27.349269
10309 87.553151 -12.446849 27.407924
363 49.892646 -31.997247 68.002753
523 64.905592 -35.094408 55.993736
15709 95.286502 4.713498 29.725180
11130 35.675547 18.080256 18.080256
8943 72.068981 -27.931019 42.774661
16760 86.382701 9.963658 90.036342
19997 86.472193 9.095564 90.904436
2381 75.799103 -0.971789 0.971789
8301 98.295864 1.704136 23.867551
12538 35.268141 -11.165165 11.165165
8299 97.667650 2.332350 23.792277
2842 13.429103 5.241860 94.758140
18595 40.053363 -36.509785 63.490215
2500 88.678955 -11.321045 31.797098
1165 3.776556 -3.776556 78.486204
3856 52.419355 47.580645 52.419355
20793 62.791218 30.013631 69.986369
12946 75.798636 3.704774 96.295226
13629 18.723535 18.723535 26.032721
12812 35.882388 34.065038 34.065038
27936 99.597682 0.402318 99.276364
12352 66.120452 -33.879548 63.766888
2035 90.856896 -9.143104 26.175945
8145 87.514337 -8.031557 8.031557
298 2.592112 -2.592112 24.555055
18488 10.290923 -2.231827 97.768173
27166 25.942796 -25.942796 38.783220
7610 98.376614 1.623386 21.669568
4595 37.727355 7.293763 7.293763
9283 23.562389 -10.342145 89.657855
12472 26.788575 -19.430785 19.430785
1353 30.739094 30.739094 66.209140
27512 5.893444 -2.697175 97.302825
2148 92.810132 7.189868 28.763208
15758 78.161198 9.034320 90.965680
15032 46.153846 -46.153846 53.846154
6887 85.646378 14.353622 32.556056
27336 36.835489 26.287712 73.712288
20742 8.867529 -8.867529 75.198482
13 22.538855 -22.538855 35.177497
3434 75.281923 -4.638466 4.638466
16917 7.458327 -1.793794 98.206206
3735 10.953153 10.953153 54.143058
15392 47.486057 -20.986116 79.013884
4566 80.559092 -19.440908 38.693507
1527 7.261137 -5.408805 94.591195
27749 100.000000 0.000000 80.555556
28014 94.920236 -5.079764 84.631090
28016 95.746140 -4.253860 83.546207
7699 8.076543 -7.113527 92.886473
2058 7.519171 -6.692112 93.307888
20489 92.012591 0.610426 99.389574
27252 91.849874 0.426676 99.573324
11663 64.546241 -35.453759 49.214168
18340 65.813306 -34.186694 58.254587
15239 89.855879 -10.144121 10.538867
3898 67.759278 -24.656381 75.343619
11926 5.657903 -2.717060 97.282940
4120 5.179880 -2.710865 97.289135
7140 73.006080 26.993920 29.127060
27976 91.700439 -8.299561 79.667704
4992 9.741361 9.741361 42.879565
19522 92.815004 7.184996 34.247722
19537 92.841504 7.158496 35.019366
10624 36.241818 -23.516699 76.483301
20808 31.273107 14.289061 14.289061
3152 53.496503 -46.503497 53.496503
9109 46.752674 -34.905664 34.905664
17766 27.762606 22.655335 22.655335
1660 56.701290 -38.952066 61.047934
1112 72.676531 -27.323469 50.345944
6383 72.391964 -27.608036 50.337997
9934 69.053176 -30.946824 53.134576
3335 69.117471 -30.882529 53.358643
18255 86.957954 7.322469 7.322469
14293 4.838710 4.838710 95.161290
14292 2.270885 2.270885 94.862350
12240 29.517751 -29.517751 40.459311
16903 11.495809 11.495809 43.672067
4375 67.535669 4.622112 95.377888
7425 100.000000 0.000000 25.694444
16461 5.795354 -3.075468 96.924532
5979 48.701250 -33.421975 66.578025
12942 75.018326 3.042191 96.957809
9182 80.272465 2.099034 97.900966
1998 79.785310 2.376810 97.623190
9183 78.958996 2.144294 97.855706
12196 87.369693 12.630307 20.490466
9570 2.631579 0.000000 100.000000
27506 6.755462 -3.818162 96.181838
12194 88.519410 11.480590 19.923387
14230 50.009579 -33.680099 66.319901
20633 75.684949 20.918511 20.918511
27516 5.297274 -2.283205 97.716795
20206 77.973312 22.026688 30.609195
19460 79.501179 20.498821 47.431981
9213 81.100707 18.899293 47.189358
17234 89.457699 -10.542301 66.682709
14461 59.003407 -8.337173 8.337173
15349 5.631689 -5.631689 78.083382
7228 67.625496 -12.666218 12.666218
4705 37.987648 -37.987648 59.398517
10555 66.653613 -20.535078 20.535078
14958 30.842407 -29.196125 29.196125
8896 68.354957 -11.929498 11.929498
15516 60.443133 39.556867 50.667694
27303 96.183631 1.018852 98.981148
18771 96.000868 0.726597 99.273403
27337 94.719663 1.137605 98.862395
16855 6.039344 -3.801525 96.198475
3288 38.376356 20.893606 79.106394
11349 36.410355 -36.410355 47.131885
11348 37.675897 -37.675897 47.373070
4382 5.559448 -3.298834 96.701166
20501 72.727857 -27.272143 49.999149
6384 72.536551 -27.463449 49.874123
10305 80.916434 9.096513 90.903487
3420 58.285378 -41.714622 56.850923
27517 7.009374 -4.063215 95.936785
27515 6.987848 -3.952571 96.047429
8033 92.141566 -7.858434 19.581752
11855 69.651315 -30.348685 51.193811
14954 58.164882 -41.835118 56.078770
3366 76.047803 2.337843 97.662157
5805 80.561230 -19.438770 58.685155
19010 57.110231 -39.973053 60.026947
223 78.802933 21.197067 29.839287
13559 2.575724 -2.575724 21.716870
20221 97.003002 2.996998 23.794199
11710 82.282607 4.137238 95.862762
12822 56.578947 0.000000 100.000000
27293 57.034926 -0.874845 99.125155
27285 57.696729 -0.959365 99.040635
15818 5.175040 -1.160274 98.839726
27924 4.596432 1.587270 98.412730
1789 80.727810 4.918516 95.081484
18685 87.901145 -8.720998 91.279002
4844 86.071883 -7.296436 92.703564
10533 74.910449 3.955657 96.044343
17362 74.169761 -25.830239 66.355417
8614 24.775042 24.775042 69.625691
4659 10.371668 -1.558610 98.441390
4515 92.564416 -7.435584 12.435705
16724 92.958419 -7.041581 11.665764
4938 89.793467 3.352931 96.647069
16746 5.971293 -1.561714 98.438286
5048 7.692861 -1.419710 98.580290
1057 24.247249 -2.099491 97.900509
28068 74.473240 -25.526760 37.505594
1216 66.047899 -33.952101 54.460750
18833 61.468290 29.788961 70.211039
7150 60.818798 28.601536 71.398464
17344 40.354822 -4.300157 95.699843
27338 29.765735 28.505221 71.494779
5167 88.441679 -11.558321 18.102426
4884 5.610063 -1.231861 98.768139
20486 91.149912 0.844703 99.155297
7776 24.197400 24.197400 64.436715
20738 24.342516 24.342516 65.287933
12445 30.931087 -14.694810 14.694810
20415 23.475608 23.475608 66.289060
27172 21.910640 -20.877081 20.877081
2680 41.444845 -25.971530 25.971530
27137 25.816236 -25.816236 30.177823
4882 6.191726 -1.587119 98.412881
27519 5.296755 -2.218342 97.781658
6793 92.877804 -7.122196 25.506855
11188 33.769662 -9.253233 90.746767
540 71.636337 -28.363663 41.429013
4094 46.792585 25.607757 25.607757
3965 75.321344 -24.678656 52.250868
6403 68.851361 4.183382 95.816618
27849 100.000000 0.000000 54.166667
27850 99.014921 0.985079 55.310232
8228 11.558874 -11.558874 35.596380
15414 64.179919 -35.820081 59.669737
27563 5.860054 -2.195910 97.804090
27564 5.745555 -2.147018 97.852982
27106 5.678732 -2.080513 97.919487
27107 5.830025 -2.142618 97.857382
27533 5.849802 -2.104256 97.895744
27520 5.833005 -2.334657 97.665343
27521 5.732119 -2.284241 97.715759
4890 93.783352 0.315786 99.684214
305 49.322525 -32.898577 67.101423
27522 5.208172 -2.166595 97.833405
6755 41.071126 -37.916911 62.083089
27950 0.354251 -0.354251 99.249597
27951 0.328947 -0.328947 98.765563
17272 85.583842 14.416158 27.753045
10529 93.473047 6.526953 32.654744
19308 29.801248 -29.801248 44.185654
3638 18.027382 -1.783794 98.216206
749 50.354162 -33.211829 66.788171
14231 50.573785 -33.595061 66.404939
8580 0.000000 0.000000 68.817204
6111 62.341829 -37.658171 58.707746
18721 88.736869 6.180737 93.819263
11847 21.307359 -21.307359 65.046567
7937 53.114519 -44.720852 44.720852
12676 5.088955 -4.645749 95.354251
14735 78.213367 4.311143 95.688857
19992 71.612949 -26.275336 73.724664
13461 79.665241 14.864095 14.864095
27910 79.993938 14.324014 14.324014
2333 78.803753 13.908588 13.908588
27909 79.212872 14.390412 14.390412
19493 2.262044 -0.408925 99.591075
5124 30.603884 -29.917950 29.917950
13044 94.190627 5.809373 32.515654
3829 27.857527 -27.857527 46.054878
16076 27.717777 -27.717777 41.369465
2030 0.000000 0.000000 87.096774
10648 55.910993 -34.682131 34.682131
13069 56.802145 -35.112523 35.112523
12001 91.573009 -8.426991 15.110502
17527 72.681143 -27.318857 45.088586
3039 73.493436 -26.506564 44.656467
19823 56.791222 40.855878 59.144122
14308 72.055621 18.394511 81.605489
18526 9.677419 9.677419 90.322581
18558 56.629647 -37.211009 62.788991
9339 73.365032 3.338945 96.661055
12305 58.927764 -10.027763 89.972237
12767 87.676729 4.236677 95.763323
11596 65.219835 -32.983102 67.016898
463 95.442203 4.557797 38.507266
11351 10.371035 -0.506638 99.493362
171 34.503898 16.870783 16.870783
3108 52.413720 -21.567663 21.567663
11664 63.848395 -36.151605 50.110362
9563 81.732946 -18.267054 48.462151
13466 89.980077 10.019923 18.650933
6655 33.553872 28.114584 71.885416
16666 25.475226 11.443380 11.443380
5461 66.809328 7.593036 92.406964
13672 65.816992 8.206363 91.793637
27947 0.981912 -0.981912 96.185747
27948 1.265749 -1.265749 96.040947
20500 73.028921 -26.971079 49.514158
27257 25.968831 -25.968831 37.079674
27256 25.867331 -25.867331 37.347422
27265 25.808060 -25.808060 37.557985
6076 50.876429 44.424807 44.424807
14578 84.743346 3.511417 96.488583
766 72.977928 -27.022072 53.852072
1585 46.150094 -13.399188 86.600812
2295 91.836954 -8.163046 19.335071
45 78.174903 -21.825097 42.712898
1356 8.353191 -1.256320 98.743680
7480 82.834552 4.962454 95.037546
7482 83.234378 5.129670 94.870330
12513 55.712726 -44.287274 48.528693
3412 73.428192 26.571808 53.083455
556 79.166483 20.833517 46.096693
15409 87.193886 -12.806114 74.453476
2998 81.553037 3.206498 96.793502
19034 98.515447 1.484553 87.146637
13817 0.000000 0.000000 83.870968
4878 79.355885 -10.459774 10.459774
8121 26.035602 -26.035602 73.338876
6228 93.018304 -6.981696 16.788143
1172 83.745901 -16.254099 56.868356
6456 84.951642 -15.048358 55.239015
9479 99.571830 0.428170 87.229817
1864 50.458340 22.645966 77.354034
6039 99.472779 0.527221 27.558410
42 40.760936 -40.760936 44.445505
12976 53.284167 -40.135246 59.864754
1044 96.003736 3.996264 25.375522
15765 37.285528 -37.285528 59.797779
4174 27.307181 -27.307181 42.009459
17734 87.602158 12.397842 61.501554
4687 77.933408 -22.066592 50.403697
346 64.894445 6.996702 93.003298
7672 80.741176 -19.258824 51.635049
13312 68.963811 25.952327 25.952327
1115 47.589258 -37.832489 62.167511
10963 67.297421 -3.558818 3.558818
27258 72.421287 -1.971592 98.028408
9700 98.122291 -1.877709 32.729306
16376 30.603643 2.896793 97.103207
8482 2.961019 -2.961019 72.103822
10342 17.063188 17.063188 79.207704
10344 13.889397 13.889397 78.376550
378 80.664383 -19.335617 47.972745
17960 96.418391 3.581609 86.117245
7689 24.720255 24.720255 26.500094
20220 49.216223 -27.063116 27.063116
19356 44.201409 -17.746568 82.253432
16923 49.443031 -48.428501 51.571499
3783 68.944759 -3.176947 3.176947
3674 8.763817 -4.715927 95.284073
10682 8.568728 -4.460227 95.539773
18831 68.745387 31.254613 52.050381
17932 35.540308 35.540308 58.799242
3431 90.236284 -9.763716 12.188950
5156 67.629143 -13.924914 13.924914
7101 71.717597 -18.574919 18.574919
2016 68.400081 -4.994005 95.005995
18938 94.069974 -5.930026 25.627283
14032 31.418137 -31.418137 52.908489
17121 30.981309 -30.981309 52.311181
12502 75.722584 15.900321 15.900321
1214 66.833979 -33.166021 55.534013
18860 0.000000 0.000000 81.720430
19326 81.308255 18.691745 42.378755
1987 38.789745 32.834499 32.834499
10338 48.939803 -39.269616 60.730384
27221 21.452829 -19.455875 19.455875
17836 15.526911 10.619304 10.619304
1709 68.980835 29.430742 29.430742
20718 17.290241 -7.851560 7.851560
12871 93.949050 -6.050950 24.561018
17571 24.637696 24.637696 61.372172
19840 0.962951 -0.962951 5.791348
16267 1.044214 -1.044214 6.993447
1073 0.000000 0.000000 6.451613
18527 8.454026 8.454026 89.557207
15747 7.107563 7.107563 88.651924
20625 84.393406 5.656278 5.656278
8105 69.409960 -30.590040 64.926649
2343 68.728049 -31.271951 65.275837
12070 4.736548 -4.736548 7.124378
18984 58.870968 41.129032 58.870968
18483 78.946276 -21.053724 44.408557
11337 83.653846 16.346154 16.346154
18455 42.847044 -18.047476 81.952524
7958 7.825276 -6.521721 93.478279
19175 68.556255 -31.443745 52.669211
8634 74.611980 25.388020 27.713866
3005 58.526419 7.397310 7.397310
15233 82.263166 17.736834 31.646865
4256 87.558340 -12.441660 13.546613
15997 84.183413 -15.816587 36.334160
6473 72.349916 -27.650084 69.430413
1184 72.094454 -27.905546 69.112024
14241 34.844880 -22.279272 22.279272
5547 76.244469 -23.755531 58.041654
8651 82.304313 17.695687 35.495172
7944 71.963400 -28.036600 52.223628
1682 73.564177 26.435823 28.348039
13169 54.473708 -22.617663 77.382337
16956 100.000000 0.000000 45.138889
7474 55.354877 -20.950777 79.049223
19242 67.525114 -32.474886 53.874987
19327 39.198976 -26.204587 73.795413
16319 40.815697 -16.347104 16.347104
1240 0.000000 0.000000 23.655914
18242 0.000000 0.000000 22.580645
8581 0.000000 0.000000 67.741935
27680 90.188343 9.811657 78.962746
4338 85.451956 3.498202 96.501798
12695 86.113853 3.517680 96.482320
19793 2.182710 2.182710 23.148043
3994 69.323594 -30.676406 43.014994
27339 57.387951 12.383504 87.616496
17747 68.324444 18.839756 18.839756
11043 11.829519 -1.137076 98.862924
4635 27.535803 -27.535803 29.028615
11113 61.574800 -35.877773 35.877773
8348 50.565059 -32.753405 32.753405
2496 51.522012 -33.353664 33.353664
2592 74.680668 -25.319332 50.670999
27460 100.000000 0.000000 52.777778
27854 100.000000 0.000000 53.472222
27883 98.729119 -1.270881 54.169689
27461 100.000000 0.000000 52.083333
27881 98.919776 1.080224 53.083931
5485 32.289504 9.983815 9.983815
62 66.960919 -14.700238 14.700238
18525 65.625304 -14.920762 14.920762
14509 2.850901 2.850901 57.618896
27462 91.490025 -8.509975 37.085870
2602 98.802949 1.197051 32.839814
354 65.225176 -10.779092 10.779092
27283 65.899053 -1.069294 98.930706
27211 65.845919 -1.687839 98.312161
27260 65.789474 0.000000 100.000000
15035 59.881965 -40.118035 59.006125
13079 82.601028 -17.398972 58.421684
5754 56.799969 -33.246720 66.753280
15075 66.095069 -33.904931 38.318996
4051 82.312446 4.365447 95.634553
10848 86.657815 -10.038697 10.038697
11322 72.553564 27.446436 52.651449
16692 68.998511 -31.001489 57.258089
1736 36.006309 -36.006309 43.135130
17963 74.932831 -25.067169 52.332253
14761 74.614943 -25.385057 52.680409
4268 74.456717 -25.543283 52.524863
20692 26.979218 22.432714 22.432714
2747 72.130281 4.965446 95.034554
9683 62.644070 25.901816 25.901816
5967 87.930734 12.069266 28.519131
7475 54.709556 -21.769476 78.230524
3889 25.496457 -20.893405 79.106595
13344 82.853646 -17.146354 48.834840
19950 90.335290 -9.664710 24.063248
19807 32.110417 -32.110417 63.280289
9188 97.770699 2.229301 62.891075
19993 52.708689 29.122207 29.122207
2186 76.097191 23.902809 26.814849
1917 82.668080 5.229054 94.770946
8942 72.799486 -27.200514 42.096088
19216 60.546991 -13.849623 13.849623
6803 15.729118 -15.729118 33.425798
19243 30.186711 -11.959429 11.959429
27795 99.082501 0.917499 58.930110
27783 98.830184 1.169816 59.365103
1652 62.459635 -37.540365 41.711546
14045 14.436659 -1.543507 98.456493
14557 66.572198 -33.427802 41.109960
12776 72.190233 -2.635499 2.635499
15908 43.877689 -37.545510 37.545510
4944 46.301547 -30.282208 69.717792
16689 19.504442 -0.913308 99.086692
11993 19.575727 -9.216237 90.783763
1577 65.442285 24.537442 24.537442
1438 92.829665 -7.170335 26.090468
20581 75.578153 -17.081558 82.918442
489 59.020928 -24.523784 75.476216
17528 72.173450 -27.826550 44.829742
16471 71.119722 -28.880278 45.275074
10998 78.596238 4.090825 95.909175
5804 79.595871 -20.404129 59.408901
167 87.334825 -12.665175 44.529378
14098 10.477676 -1.605035 98.394965
10596 45.706788 -45.706788 48.951405
27660 89.647285 9.825799 90.174201
5093 81.395689 3.877424 96.122576
19629 81.543644 3.743184 96.256816
18593 81.005885 18.994115 37.637771
768 48.572311 -30.301899 69.698101
15662 69.513865 -30.486135 57.350574
7700 8.463141 -7.095760 92.904240
19539 89.338232 -10.661768 15.097523
15434 88.530963 -11.469037 15.691871
2213 36.059182 -14.935515 14.935515
9158 35.494134 -14.442471 14.442471
18056 80.086506 5.002296 94.997704
5543 76.459033 -23.540967 58.387270
17856 35.337997 -35.337997 50.849638
9491 70.205122 -29.794878 45.512568
7338 9.157097 -1.398078 98.601922
1760 82.867133 -17.132867 82.867133
27957 89.786999 -10.213001 75.870287
13240 73.518688 22.738996 77.261004
3687 98.255274 1.744726 89.212680
8633 83.644984 4.269070 95.730930
8632 83.545417 4.435184 95.564816
17653 82.831912 3.659052 96.340948
2876 83.087252 3.738012 96.261988
27347 49.269843 17.755059 82.244941
27340 48.813843 18.450901 81.549099
27302 47.692784 18.763734 81.236266
19449 9.229690 -9.229690 45.899718
5988 80.769979 -19.230021 50.446238
27629 69.601734 11.011597 88.988403
27630 69.073019 10.997606 89.002394
6971 69.602250 11.497803 88.502197
899 72.900330 -27.099670 57.463042
19214 60.061983 -13.653892 13.653892
4578 60.058662 -13.978301 13.978301
6318 67.411906 5.481699 94.518301
8387 69.100967 2.882617 97.117383
13048 84.127174 15.872826 50.945213
14316 65.551010 25.382511 74.617489
17116 63.847831 2.167896 97.832104
1829 92.748696 7.251304 45.810819
17160 96.228057 -3.771943 17.693982
505 76.329111 17.855363 17.855363
27591 42.143802 1.112451 98.887549
27590 43.037629 1.629593 98.370407
12945 75.564437 3.496599 96.503401
4189 20.878620 -20.878620 24.744074
3142 11.452519 -11.452519 32.648846
18077 71.965310 -28.034690 40.804486
17819 71.131165 -28.868835 40.857456
18280 64.310509 -35.689491 48.140961
4035 64.057570 -35.942430 48.872457
17367 5.988648 -5.988648 75.497822
20908 73.974272 14.022278 14.022278
11640 77.503798 5.454284 94.545716
27262 17.626251 -14.405560 14.405560
4332 74.536476 3.025536 96.974464
20497 88.437742 7.518161 92.481839
27263 25.991170 -25.991170 36.076270
16255 94.696646 -5.303354 16.002274
8302 71.399167 4.616490 95.383510
8588 75.814143 4.160195 4.160195
16796 11.290323 11.290323 88.709677
1169 29.801006 -29.801006 47.903299
2435 50.039900 -13.187674 86.812326
16677 66.321934 -33.678066 46.413926
27628 73.444553 12.266799 87.733201
27631 74.178288 12.442614 87.557386
3312 18.852246 -4.449605 95.550395
20055 71.751525 4.950771 95.049229
5476 32.105981 -3.097681 3.097681
14315 67.387984 26.041370 73.958630
16878 65.820172 -34.179828 38.908148
3923 72.814706 4.254718 95.745282
5655 81.382522 -18.617478 47.938589
379 80.987481 -19.012519 48.344616
9298 55.113290 41.267252 58.732748
3421 61.090187 -38.909813 49.339542
10133 59.905580 -40.094420 48.767403
19814 71.044099 20.396887 20.396887
11192 30.209891 -22.437522 77.562478
7560 30.687090 -22.267809 77.732191
4314 7.532213 -7.532213 21.524310
12766 87.601243 4.543993 95.456007
10108 47.446407 -4.627625 95.372375
12138 60.041977 -7.591102 7.591102
8730 94.361024 5.638976 25.001637
27787 100.000000 0.000000 77.083333
27788 100.000000 0.000000 76.388889
15433 87.702967 -12.297033 16.346299
4044 70.523550 -29.476450 65.842838
12012 70.035957 -29.964043 66.459039
12022 67.776911 -32.223089 59.039590
2225 59.553668 -40.446332 56.587436
20759 23.169621 23.169621 64.174929
8485 67.014669 1.597257 98.402743
6596 73.453173 26.546827 67.812584
10505 75.734962 -15.372309 15.372309
15347 48.077633 -11.619658 88.380342
17739 49.849003 -11.526441 88.473559
12143 52.796889 -34.976299 65.023701
19117 4.180721 -4.180721 85.260288
17119 67.221498 2.991503 97.008497
14915 84.886804 15.113196 42.512599
20898 84.718519 15.281481 42.126361
17014 62.369713 1.443798 98.556202
5002 62.868141 2.004347 97.995653
4377 60.164766 1.497422 98.502578
6352 11.515950 -11.515950 28.028246
17050 63.605711 2.468915 97.531085
8355 16.970914 -0.608690 99.391310
2253 57.856689 -38.362972 61.637028
15903 65.166092 -34.833908 58.088434
14312 55.876673 -35.759895 35.759895
5969 78.862994 -21.137006 51.699176
17015 61.748535 1.745753 98.254247
20451 61.349838 1.939298 98.060702
20453 62.345949 2.084891 97.915109
17017 62.774304 2.422691 97.577309
1550 39.663687 -33.250332 66.749668
17013 61.148524 1.083739 98.916261
20450 61.992817 2.166773 97.833227
11669 79.466273 -16.665443 83.334557
4275 76.670845 10.286678 10.286678
19036 88.463597 -11.536403 68.974060
27314 34.189311 27.312654 72.687346
8341 26.094012 -26.094012 37.692032
15479 33.153144 -2.171117 2.171117
9750 49.590031 -41.917372 58.082628
10046 12.077678 -12.077678 33.014082
17401 73.506010 -1.387538 1.387538
4972 64.799730 -35.200270 47.158438
19969 73.726190 -26.273810 63.007181
13827 74.444857 -25.555143 62.599329
16038 93.542152 4.562897 95.437103
15371 75.632983 -16.776202 16.776202
1154 36.389952 -36.389952 51.095153
14994 67.448139 -32.551861 57.766183
3450 61.470500 -36.117572 63.882428
12063 12.992414 -12.992414 15.694177
8438 40.754092 22.850357 22.850357
11240 12.544783 10.213310 10.213310
5966 87.131463 12.868537 28.704031
17202 74.067524 7.145474 92.854526
8486 92.963959 -7.036041 15.092280
11836 65.071724 -34.928276 37.924223
5585 39.557743 -38.137674 38.137674
13643 61.768017 23.548710 76.451290
16221 66.813602 28.546742 28.546742
11785 71.802971 -28.197029 53.006179
2671 83.144469 16.855531 34.866064
34 35.015180 -28.601499 28.601499
14153 43.059354 -36.040834 63.959166
27152 26.062742 -26.062742 43.541472
2817 60.783977 -8.376526 8.376526
12709 79.622506 3.389389 96.610611
20559 10.894685 -2.632706 97.367294
9157 36.367312 -14.407749 14.407749
14717 12.837006 -2.884792 97.115208
8446 35.824347 -35.824347 59.143753
2556 35.771032 -35.771032 58.910152
13639 59.790526 -14.256096 14.256096
2467 82.672638 -9.737210 9.737210
8913 83.268723 -9.659197 9.659197
8650 82.719498 17.280502 34.977823
20723 19.148235 -19.148235 61.622357
3242 16.427675 -16.427675 42.667850
15273 5.070491 4.125206 4.125206
17664 8.505244 -1.739480 98.260520
27784 98.836327 1.163673 60.650636
12321 66.088215 1.561758 98.438242
9174 65.885603 1.031580 98.968420
13624 70.165113 -29.834887 52.589773
9573 62.095001 -37.904999 60.793853
12903 100.000000 0.000000 69.444444
4891 4.253759 -4.253759 86.117097
16928 9.660453 -1.742419 98.257581
14257 81.983333 18.016667 27.461620
4531 95.005340 3.210851 96.789149
20778 80.719258 3.334679 96.665321
18250 10.011141 -10.011141 28.988394
7881 99.575033 0.424967 64.826208
11318 37.224246 -31.247407 31.247407
1928 38.058586 -31.442338 31.442338
16810 75.197615 -24.802385 63.061735
11957 62.483137 -35.989642 64.010358
1433 99.575848 0.424152 65.245343
16022 92.312245 -7.687755 14.597930
15863 37.220931 35.473060 64.526940
2952 65.308664 1.256444 98.743556
9846 34.206615 25.612792 25.612792
8725 87.214234 -12.785766 21.239055
16439 100.000000 0.000000 68.055556
14281 89.643605 -10.356395 69.927656
9163 83.390210 16.609790 39.460921
8430 48.078902 -20.260331 20.260331
6217 59.615385 -40.384615 40.384615
18099 55.121092 -4.739595 4.739595
2406 82.024220 -16.184014 83.815986
13238 60.916265 -36.875745 63.124255
4436 0.000000 0.000000 43.010753
6787 48.961111 -31.443041 68.556959
1455 84.384527 -7.154061 7.154061
2710 8.771930 -8.771930 8.771930
8721 11.245470 -9.106850 9.106850
19473 94.080570 -5.919430 19.303867
7880 100.000000 0.000000 63.888889
27979 92.882849 -7.117151 70.765564
16304 100.000000 0.000000 63.194444
7882 100.000000 0.000000 64.583333
27978 91.645496 -8.354504 72.473844
16303 81.818182 -18.181818 81.818182
7391 50.209918 28.492649 28.492649
16898 89.804931 3.723732 96.276268
27671 88.438577 11.561423 74.172065
8035 83.939951 16.060049 34.524330
27267 78.951422 -0.955770 99.044230
27268 79.287324 -0.688958 99.311042
2011 78.861959 16.502105 83.497895
6063 55.999926 -40.955405 59.044595
16182 8.034227 -8.034227 26.799000
7704 2.916683 2.916683 60.194543
2560 73.143072 26.856928 61.622757
18108 71.825018 -16.192843 16.192843
1929 39.599165 -30.677106 30.677106
17139 46.723960 -40.668530 59.331470
17138 47.169732 -41.028480 58.971520
4681 79.370629 -20.629371 79.370629
16290 79.020979 -20.979021 79.020979
10628 63.230025 -2.817322 2.817322
3138 22.942050 -1.229397 98.770603
5792 81.928464 -18.071536 49.038321
638 81.961293 -18.038707 48.816205
15408 89.586691 -10.413309 71.382959
17775 83.468186 16.531814 34.937883
27785 98.559382 1.440618 61.396718
3378 57.208226 -41.124069 58.875931
8398 44.698132 -43.258246 56.741754
27463 85.279657 -14.720343 32.907468
27270 78.500954 -1.114260 98.885740
7244 100.000000 0.000000 65.277778
27980 89.656966 -10.343034 75.309201
27982 91.207227 -8.792773 73.593518
27977 92.392289 -7.607711 72.989394
19864 85.718502 8.838244 91.161756
19717 12.523250 8.227311 8.227311
27271 26.287920 -26.287920 44.434549
6789 99.521713 0.478287 65.777808
4448 95.296397 -4.703603 55.911635
27266 18.552948 -14.063901 14.063901
4354 84.265734 -15.734266 84.265734
27984 89.352352 -10.647648 79.032731
27985 91.628734 -8.371266 77.039104
8798 55.044873 -39.133208 60.866792
13342 8.195131 -8.195131 14.339468
10754 28.886793 -24.121320 75.878680
2789 36.060552 -31.069050 31.069050
7713 70.396871 29.603129 51.594151
18858 69.973513 30.026487 50.556931
13419 97.580645 2.419355 97.580645
27986 92.857985 -7.142015 76.844729
20520 77.304264 22.695736 31.149624
7932 60.080053 -39.919947 56.437021
5732 12.926872 11.246448 11.246448
1933 52.426318 -33.089583 66.910417
10993 81.699356 2.216657 97.783343
5020 10.933847 -2.053158 97.946842
27790 100.000000 0.000000 77.777778
28049 95.426135 -4.573865 81.480607
17463 86.772472 -11.762001 88.237999
4766 85.664336 -14.335664 85.664336
8356 17.707580 -0.662921 99.337079
27988 92.756906 -7.243094 79.381895
8336 26.884683 17.359069 17.359069
17905 54.786751 -31.289663 68.710337
17742 73.917529 -26.082471 31.602710
2706 18.411646 18.411646 55.786806
2492 26.397502 -26.397502 38.112183
16794 26.634771 -26.634771 37.741832
16713 30.844068 -30.844068 66.201389
2266 28.465565 6.784866 6.784866
28008 95.090543 -4.909457 79.217008
28007 92.916698 -7.083302 81.172291
18419 18.039419 -18.039419 18.657464
18793 91.798159 7.636213 92.363787
20417 24.235820 24.235820 67.489871
9915 67.836225 14.003352 14.003352
14182 69.502973 13.670731 13.670731
13738 76.750271 -16.111924 16.111924
15914 7.498152 -7.498152 26.922627
2056 98.253028 1.746972 65.639501
17992 68.042887 -29.710911 29.710911
17991 68.102324 -30.820400 30.820400
5072 89.860140 -10.139860 89.860140
18867 90.209790 -9.790210 90.209790
3704 66.572120 -33.427880 57.257307
17332 67.053162 -32.946838 57.230623
8183 92.195972 7.804028 29.287006
13290 8.411839 -1.554670 98.445330
28022 93.114026 -6.885974 81.982329
28023 95.271873 -4.728127 80.153322
12712 90.459440 9.540560 72.513887
12714 89.395225 10.604775 73.162943
28048 94.280278 -5.719722 82.077676
4733 85.777062 -12.152530 87.847470
27791 95.678570 -4.321430 89.194106
13397 85.037559 -14.962441 37.607355
19809 47.926247 -38.160123 61.839877
14857 87.618081 4.853524 95.146476
4363 88.112562 4.593519 95.406481
1519 8.462273 -8.462273 26.028971
3903 80.477338 15.371790 15.371790
9001 74.321976 -25.678024 65.817926
2860 74.008751 -25.991249 65.860914
27466 72.674272 -16.896047 16.896047
5606 72.603653 -17.327652 17.327652
5043 94.429158 -5.570842 23.272012
16235 82.973313 17.026687 40.702792
8305 82.378507 -10.087889 10.087889
28065 38.002163 38.002163 44.803292
18767 98.999599 1.000401 95.921627
19833 93.703553 6.296447 34.996309
17354 92.934944 7.065056 35.727299
5369 36.791386 -27.709366 72.290634
382 16.129032 16.129032 83.870968
14906 47.674385 25.302261 25.302261
4547 89.761651 5.972373 94.027627
14875 87.806483 7.680516 92.319484
12395 1.402791 1.402791 64.918115
19501 78.909057 -10.144013 10.144013
15274 6.814033 5.116982 5.116982
5653 81.180065 -18.819935 47.445279
3719 31.586883 -16.934809 16.934809
11005 97.420831 2.579169 96.099487
8915 84.147167 -8.995955 8.995955
19987 28.629109 15.296691 15.296691
5834 90.583778 -9.416222 45.831028
12590 54.300613 -29.414556 29.414556
27595 80.498031 10.661556 89.338444
19674 98.333993 -1.666007 94.363808
18772 93.078458 0.698098 99.301902
8907 59.533437 -9.126945 9.126945
8908 61.313800 -9.253656 9.253656
9032 82.307789 17.692211 28.794763
15120 40.938977 25.362562 25.362562
15085 55.911907 -24.703259 24.703259
20639 83.380233 -4.983161 4.983161
15404 88.258189 -8.295895 91.704105
9480 99.726930 0.273070 86.276910
27719 100.000000 0.000000 87.500000
27720 100.000000 0.000000 86.805556
27793 100.000000 0.000000 86.111111
6266 70.629371 -29.370629 70.629371
13727 94.354839 5.645161 94.354839
15905 65.997716 -34.002284 57.746840
18339 66.422190 -33.577810 57.772528
27682 87.209968 12.485356 87.514644
15411 41.069216 -29.569420 70.430580
1643 14.012991 -9.476217 9.476217
8608 63.232117 -9.413649 9.413649
2774 56.819183 -43.180817 48.300490
4911 68.229704 31.770296 51.099479
7400 52.461052 23.309369 76.690631
3546 97.606629 2.393371 18.463816
4688 37.390496 37.390496 59.602726
6734 22.345394 -22.345394 28.530429
2067 71.900224 28.099776 50.004699
27579 71.375111 -18.650262 18.650262
4834 99.647381 0.352619 88.509834
19757 29.805013 26.964246 26.964246
27778 100.000000 0.000000 82.638889
28042 95.923817 -4.076183 85.576247
28044 95.052710 -4.947290 85.866774
27777 100.000000 0.000000 83.333333
20073 30.965768 27.107785 27.107785
16793 27.246538 -27.246538 37.789020
14938 83.121881 4.504178 95.495822
3122 99.354675 0.645325 85.635441
670 90.924471 -9.075529 46.681152
3399 54.446112 -38.131345 61.868655
18847 100.000000 0.000000 88.194444
2647 61.642295 -10.180614 10.180614
8610 63.394119 -10.421464 10.421464
13237 33.574274 -33.574274 63.000241
4304 56.448227 43.551773 43.927329
19536 91.921939 8.078061 35.040052
3590 76.874144 -15.327487 15.327487
1413 69.503743 30.496257 61.931036
5013 90.801881 7.217426 92.782574
27324 89.730275 7.519451 92.480549
18766 99.425937 0.574063 95.497687
11007 96.596713 3.403287 96.032405
5393 97.030503 2.969497 21.460922
16243 53.906384 17.384519 17.384519
18790 93.220380 -6.779620 45.475348
11874 40.513769 -17.673798 17.673798
2970 41.189011 -17.912016 17.912016
14095 13.537492 13.537492 68.221551
5574 82.244509 -17.755491 49.289170
451 82.556064 -17.443936 49.290248
1404 62.258993 -24.286866 75.713134
6748 62.652294 -25.421333 74.578667
5858 78.114690 -21.885310 51.584810
3604 93.725988 6.274012 33.046967
13042 94.305742 5.694258 33.018597
11239 14.259762 10.876671 10.876671
2737 74.789602 -25.210398 65.637941
27991 98.941014 -1.058986 97.099350
8750 72.824243 -22.672900 22.672900
2728 73.945061 -21.909161 21.909161
5578 79.512462 -20.487538 51.249710
1409 41.204865 -37.420176 62.579824
3339 66.083916 -33.916084 66.083916
19627 82.014235 3.724712 96.275288
27546 6.179638 -2.346981 97.653019
27553 6.315813 -2.418403 97.581597
17245 89.385366 10.614634 35.989755
4339 86.770027 3.582529 96.417471
27684 87.016738 12.983262 71.109753
18651 86.522622 13.477378 34.628101
9260 89.328624 10.671376 30.971461
20309 61.954316 -23.146162 76.853838
15733 87.601411 5.675088 94.324912
14856 87.674742 5.213334 94.786666
13975 70.403067 -25.890475 25.890475
27468 81.150787 -18.849213 24.913216
18871 90.546806 2.570079 97.429921
14614 84.168835 -12.306730 87.693270
9077 84.047732 3.950940 96.049060
8471 89.540357 -6.092056 6.092056
2551 39.837850 21.514035 21.514035
13400 49.354989 -12.435250 12.435250
11154 52.880020 -31.000803 68.999197
14464 74.018297 -25.981703 65.490248
14613 84.776836 -11.834569 88.165431
7865 51.114869 -37.776807 62.223193
2535 48.305548 -38.692622 61.307378
14035 75.222762 10.288088 89.711912
10815 63.636803 -23.295903 76.704097
8652 82.926491 17.073509 35.264801
5015 89.414727 9.231879 90.768121
27597 89.127466 8.747774 91.252226
18791 89.797972 8.203096 91.796904
27406 92.246832 6.165064 93.834936
27490 91.638671 6.591679 93.408321
27469 92.869344 5.762814 94.237186
27470 84.931320 -15.068680 32.890554
17426 77.247730 6.702474 93.297526
17327 99.668398 0.331602 71.006930
4325 65.425409 -34.574591 58.201796
9078 83.795122 4.116601 95.883399
10652 3.769960 -1.976300 98.023700
2660 83.265466 4.321508 95.678492
1096 83.873738 4.527824 95.472176
14939 83.458427 4.631707 95.368293
19424 71.684516 -28.315484 33.555540
10459 70.434636 -29.565364 34.614171
1520 66.325996 -33.674004 53.373923
5759 80.590691 -19.409309 47.659989
4267 42.208738 9.083725 9.083725
11437 27.884615 -27.884615 72.115385
9198 41.875377 -17.774260 17.774260
7725 38.115966 -38.115966 41.683760
2752 81.713698 3.548748 96.451252
13172 46.638047 -26.377018 73.622982
27633 86.345690 11.653936 88.346064
15558 55.222794 -44.777206 49.865199
15926 52.230225 -42.567880 57.432120
1688 59.534722 29.175025 70.824975
10819 10.600741 -10.600741 62.680525
9715 66.514386 -33.485614 64.261594
19520 52.148314 -18.609482 18.609482
17817 70.052400 -29.947600 41.240267
17818 70.848012 -29.151988 40.384270
10999 78.409484 3.854232 96.145768
18018 76.501877 -23.498123 35.180062
14826 100.000000 0.000000 70.138889
11671 62.178462 8.938793 8.938793
27992 92.725463 -7.274537 78.006463
27989 94.018048 -5.981952 76.862145
1101 69.186026 -30.813974 57.929229
6371 69.436691 -30.563309 57.894295
6373 69.042309 -30.957691 58.236730
15389 93.979269 6.020731 20.717000
6336 17.109352 -17.109352 31.852135
175 57.455056 -39.988536 60.011464
2395 93.177658 6.822342 29.776015
27612 82.140112 10.526280 89.473720
18731 22.550986 -22.550986 41.143544
3895 87.927244 -12.072756 19.288189
11544 4.358688 2.992472 2.992472
19305 64.011860 -35.988140 58.492218
15419 51.495533 -20.678494 79.321506
3290 32.971422 32.971422 57.548958
7285 80.637995 4.657449 95.342551
3217 63.821959 26.025622 26.025622
20101 11.057692 -11.057692 88.942308
16100 33.471009 -33.471009 48.435428
15699 38.264897 -37.201453 62.798547
6087 46.571302 -19.040638 19.040638
12935 10.855583 -5.778152 94.221848
6219 58.653846 -41.346154 41.346154
27261 26.317403 -26.317403 27.634778
11296 75.200418 13.022739 86.977261
27640 74.553300 12.358777 87.641223
27635 75.004439 12.281871 87.718129
27346 50.634107 17.508793 82.491207
12517 98.048145 -1.951855 2.602912
14381 16.756151 13.993220 86.006780
3635 91.507742 -8.492258 15.327151
17668 16.186449 16.186449 63.256701
7701 8.096979 -6.832882 93.167118
18426 61.034779 -25.490740 74.509260
27273 86.355846 0.201800 99.798200
10154 68.235114 24.547147 24.547147
18764 98.678781 -1.321219 96.662338
5075 100.000000 0.000000 95.833333
15420 51.678994 -21.653865 78.346135
20697 26.683245 17.848279 17.848279
20093 47.669059 21.958503 21.958503
27386 88.726262 -11.273738 36.048536
27387 89.353790 -10.646210 36.166557
20121 68.692946 -31.307054 53.581775
27351 89.209451 7.965300 92.034700
27647 89.486186 8.084048 91.915952
6818 6.853515 -6.853515 26.362169
5961 77.449468 -22.550532 52.697250
17461 85.706959 -11.722493 88.277507
15062 56.340767 -43.659233 51.118208
9287 52.672906 -42.017317 57.982683
3488 25.900805 -10.779909 10.779909
1010 70.979021 -29.020979 70.979021
5962 78.181110 -21.818890 52.192896
15660 69.489984 -30.510016 57.627959
9747 16.432742 -16.432742 42.271547
11072 64.605357 -35.394643 57.326634
14686 98.701448 1.298552 73.836057
16050 73.180477 -26.819523 64.164911
6472 71.536944 -28.463056 70.025546
104 39.542469 -39.542469 41.978312
5660 76.875505 -23.124495 49.064322
20590 66.789513 -28.147902 71.852098
3405 49.586647 -8.123552 8.123552
4390 37.618846 -37.618846 58.026501
18083 38.501828 -36.176875 63.823125
20367 55.055217 -10.580994 89.419006
9438 50.417462 -45.102344 54.897656
20607 86.564150 13.435850 61.918719
2052 89.166876 -10.833124 29.152486
15805 90.492920 -9.507080 28.407465
4749 9.737329 -1.775700 98.224300
27966 93.484264 -6.515736 74.213717
27115 76.271735 15.334318 15.334318
14577 91.051686 8.948314 19.110149
5194 46.786656 21.522154 21.522154
17374 66.316629 -14.163712 14.163712
3328 69.815930 -30.184070 51.875624
14821 47.555338 35.325927 35.325927
19631 12.953407 -12.953407 18.253195
6372 69.407717 -30.592283 58.166232
13168 53.070356 -21.606886 78.393114
16013 40.673871 19.729020 19.729020
3313 20.393249 -5.272929 94.727071
18730 22.226559 -22.226559 40.370981
5521 52.336246 28.019352 28.019352
5737 81.418370 -18.581630 48.205236
3970 3.349117 3.349117 89.507233
6895 75.238863 -24.761137 52.626456
13882 96.933478 3.066522 28.764017
6239 37.513963 -37.513963 59.036213
6180 57.094597 -13.686135 13.686135
7131 72.789190 -27.210810 54.591367
3750 46.090675 -15.917228 15.917228
10865 46.707302 -16.055165 16.055165
15566 62.933701 -37.066299 58.984925
6132 73.305151 -26.694849 57.989020
19557 11.590725 11.590725 61.752706
17599 99.350025 0.649975 8.752038
13601 34.243500 34.243500 59.005901
10948 54.214177 -32.040765 67.959235
11518 88.493348 11.506652 36.742650
2445 32.777915 -32.777915 48.506228
3990 48.998986 19.683549 80.316451
617 37.891939 -37.891939 42.133848
19725 56.370722 -43.629278 49.944667
19496 50.506118 18.551851 81.448149
6017 78.100902 -21.899098 49.169202
1227 64.247321 -35.752679 57.305436
27254 56.477515 -0.746530 99.253470
3465 12.660454 12.660454 67.371501
10269 4.371166 -4.371166 40.315954
5436 26.569113 15.586678 15.586678
9667 11.449108 -11.449108 37.663052
1384 25.417063 -25.417063 36.429648
15706 65.441947 -34.558053 55.973921
842 96.901556 3.098444 25.561192
18214 54.846940 40.425665 59.574335
13970 27.803176 -27.803176 28.621129
14232 77.168977 -22.831023 65.102544
11202 62.392280 -37.607720 61.151920
3191 27.403846 -27.403846 72.596154
10009 56.841727 -41.154321 58.845679
17726 9.224667 9.224667 88.646659
8456 71.185053 28.814947 61.857600
18503 69.812911 30.187089 63.494245
20675 15.793225 -5.698008 5.698008
6819 6.153755 -6.153755 25.757224
14993 68.043540 -31.956460 57.651538
15097 68.489787 -31.510213 57.579420
13999 85.576923 14.423077 14.423077
4877 86.740363 6.006240 93.993760
14907 47.717316 24.459807 24.459807
3768 62.952064 -27.155283 27.155283
19541 51.970158 -32.964237 67.035763
751 51.112224 -32.699537 67.300463
5446 22.824563 -22.824563 55.602419
16918 24.468085 24.468085 24.468085
15875 68.318622 31.681378 63.400612
8058 68.615367 31.384633 64.912064
11563 64.642572 25.227931 25.227931
11562 63.545972 25.050962 25.050962
18740 7.083745 -7.083745 53.871128
7029 63.843949 36.156051 53.774268
5603 79.948619 -20.051381 50.303868
11209 80.411539 -19.588461 50.118249
5424 56.798450 -43.201550 49.479089
11064 74.452263 13.143162 13.143162
17041 26.543520 -9.479007 9.479007
5631 72.608739 -9.799779 9.799779
15293 47.342404 39.509772 39.509772
12688 100.000000 0.000000 28.472222
18260 52.612254 -47.387746 51.134182
5334 61.313209 -38.686791 55.536314
5064 53.179493 -46.820507 51.016892
2219 47.930275 -26.852237 73.147763
5874 79.933822 -20.066178 47.097539
27686 85.655847 14.344153 70.181222
2270 48.301844 -34.072519 65.927481
20304 84.974951 -9.992008 9.992008
3850 53.820827 -31.133391 68.866609
18748 84.988792 -15.011208 45.656840
20441 9.022278 -2.239464 97.760536
7336 90.124163 -9.875837 55.645091
14297 78.225806 21.774194 78.225806
14592 17.575676 -17.050761 17.050761
7282 43.964209 16.024014 16.024014
16188 19.266999 -17.010023 82.989977
15394 72.396731 -27.603269 65.515853
1500 95.311649 4.688351 8.950536
19960 28.473845 -9.010885 90.989115
5750 67.326450 19.550795 19.550795
13495 96.777627 -3.222373 22.786494
2836 71.245295 -28.754705 42.954447
206 29.556659 -29.556659 35.628905
874 65.144956 -34.855044 41.834568
6103 64.793971 -35.206029 41.406804
11908 63.900688 -36.099312 42.126882
4976 87.102613 9.818787 90.181213
3025 53.160912 40.736159 59.263841
4560 40.522777 -38.975052 61.024948
7761 84.547400 -15.452600 39.056698
9065 24.795524 -18.164624 81.835376
3419 63.986014 -36.013986 63.986014
7788 70.329255 -29.670745 56.894225
27632 88.877109 9.052677 90.947323
20019 73.179955 -26.820045 55.480303
20009 72.242556 -27.757444 55.483314
20234 73.116434 -26.883566 63.384278
10311 86.145104 -13.854896 28.449069
8856 35.453278 -29.615390 29.615390
765 72.874445 -27.125555 54.287990
5956 72.586604 -27.413396 54.314845
5955 72.926768 -27.073232 54.043381
18741 87.359273 9.234051 90.765949
19948 72.567990 -27.432010 63.183516
330 22.891795 -22.891795 54.839427
20602 79.012299 20.987701 63.501181
8609 65.117065 -9.676145 9.676145
20599 83.284395 16.715605 44.189679
6523 72.088307 -27.911693 63.647790
27143 25.872345 -25.872345 26.686208
10097 72.823136 27.176864 54.421319
16603 8.742053 8.742053 33.749221
9006 90.225191 9.774809 38.402406
27636 85.873750 11.812289 88.187711
312 56.961247 -43.038753 49.648835
310 56.571088 -43.428912 49.275085
4544 46.454906 34.830402 65.169598
27297 39.569382 25.000583 74.999417
27298 40.175803 24.486929 75.513071
16694 69.517109 -30.482891 57.036467
27439 84.608609 -15.391391 32.776005
17441 86.556817 6.542678 93.457322
6291 70.645140 0.712696 0.712696
27580 71.229319 -17.441140 17.441140
2098 50.806452 49.193548 50.806452
8910 11.564240 -8.873643 91.126357
12116 74.673967 25.326033 26.889549
15557 56.002381 -43.997619 49.732339
17379 5.767655 -5.767655 76.749474
9286 52.358775 -41.596555 58.403445
13378 37.185411 -27.810862 27.810862
4903 86.038246 13.961754 23.915096
8911 11.229522 -8.524477 91.475523
10531 93.008256 6.991744 33.439090
16960 71.939014 10.429623 89.570377
27625 73.294588 10.796676 89.203324
16155 49.717808 -42.514739 57.485261
4648 73.327765 9.916318 90.083682
5392 97.682452 2.317548 21.210938
13199 46.823553 24.778688 24.778688
11324 54.293710 -41.562965 41.562965
10166 73.065877 -4.594244 4.594244
19187 4.957870 -4.957870 29.147864
27654 60.244045 39.755955 44.235185
15401 68.633856 -31.366144 44.474092
27789 100.000000 0.000000 85.416667
8182 92.917176 7.082824 29.215509
27189 25.949118 -25.949118 32.444842
11417 9.694775 -9.694775 14.411653
27348 49.967568 17.617586 82.382414
7906 83.139980 16.860020 22.627339
6461 74.988844 -25.011156 28.913326
4565 7.767200 -7.767200 77.323390
13570 9.806150 -9.806150 79.263178
11608 84.617141 -15.382859 30.553005
17919 35.953561 -35.953561 50.761076
2226 60.382064 -39.617936 56.340291
2022 86.031231 13.968769 27.843929
19458 25.330313 -15.892709 15.892709
15179 49.398495 -13.046189 13.046189
3658 55.024614 -35.278996 35.278996
15554 68.478707 -31.521293 48.043336
3333 69.038908 -30.961092 52.727318
17335 77.477098 -22.522902 49.586353
8111 62.177619 -37.822381 51.568433
18234 62.855251 -37.144749 51.769318
18224 63.271925 -36.728075 50.996651
16908 93.665458 6.334542 28.951271
27994 91.077612 -8.922388 75.438130
27443 97.634070 -2.365930 46.759484
106 38.570729 -38.570729 41.323117
2430 86.940084 -13.059916 13.525036
27278 80.868698 0.164785 99.835215
27279 81.979887 0.172403 99.827597
15969 84.222694 -15.777306 28.953789
13908 62.851708 -37.148292 40.856457
13544 20.071664 -20.071664 43.684112
8806 65.537460 -34.462540 54.725574
20716 4.136113 -4.136113 50.994256
15402 67.982797 -32.017203 44.977199
4843 68.136304 -31.863696 44.622012
1006 78.746204 3.753574 96.246426
27655 26.935197 15.392678 15.392678
27652 27.155704 15.709936 15.709936
732 73.480371 -26.519629 55.469856
17028 73.963114 -26.036886 55.174883
14580 2.307255 -2.307255 34.578540
8700 80.675067 -19.324933 28.101341
27476 81.766569 -18.233431 27.730291
7135 79.904009 20.095991 38.298698
621 64.518421 35.481579 40.675092
9935 69.490705 -30.509295 52.753061
3334 69.772869 -30.227131 52.768118
27701 91.279129 8.254729 91.745271
27696 90.225584 8.299122 91.700878
27697 90.282422 8.572342 91.427658
18101 75.333503 -24.666497 65.175570
6065 4.515761 -4.515761 42.512053
27614 75.637794 11.057795 88.942205
27627 76.182641 10.829084 89.170916
27638 76.751696 10.893783 89.106217
14824 51.449297 40.212248 59.787752
7136 79.327813 20.672187 38.925895
2234 71.743440 -28.256560 52.080017
11959 63.636364 -36.363636 63.636364
6082 84.700635 15.299365 40.015252
78 30.774410 -26.172444 73.827556
19207 68.534721 -31.465279 53.330555
4259 1.857810 -1.857810 5.026452
14582 2.817272 -2.817272 34.544343
7747 89.589072 -5.384358 5.384358
14590 21.417697 -4.431601 4.431601
16591 38.954146 -38.954146 56.564218
12870 75.388898 -24.611102 50.556145
27639 88.728361 8.086858 91.913142
27648 88.892143 7.887034 92.112966
4975 5.894782 -2.276235 97.723765
27282 79.894124 0.102749 99.897251
390 37.024854 -37.024854 59.515726
13987 38.169293 33.480330 33.480330
12201 84.776283 -15.223717 29.597251
5576 31.424979 10.389582 10.389582
3415 7.934442 7.934442 87.674637
27688 90.095470 9.904530 78.494420
8212 29.762316 -29.762316 49.941055
20336 52.445070 -33.915713 33.915713
20088 83.409864 16.590136 23.740693
5601 79.432207 -20.567793 50.684714
27744 97.552448 -2.447552 97.552448
27745 97.202797 -2.797203 97.202797
4419 67.970889 11.004175 11.004175
5589 96.571786 3.428214 37.597448
27549 14.583888 -13.315533 86.684467
27555 14.383369 -13.656856 86.343144
15795 81.854098 18.145902 28.688602
565 80.100142 -19.899858 58.573213
18375 99.136584 0.863416 23.384478
11948 60.136509 -39.863491 42.621983
12586 56.193888 43.806112 44.568596
2112 41.837586 -21.879699 21.879699
20039 68.821035 -31.178965 66.996881
19228 71.194839 28.805161 53.330430
4532 98.387097 1.612903 98.387097
216 96.504082 3.495918 20.483172
5325 95.970917 4.029083 21.000156
20539 81.835954 18.164046 28.984633
20006 71.336231 -28.663769 66.404425
13136 68.531469 -31.468531 68.531469
27554 14.307945 -14.307945 84.119970
12531 67.836613 -5.847646 94.152354
10550 19.241305 16.505258 16.505258
6552 77.075381 -22.924619 42.219165
12376 25.186858 -25.186858 44.536501
13396 84.176998 -15.823002 37.784083
6020 78.436487 -21.563513 48.084129
13423 82.404659 -17.595341 48.885400
4799 73.699651 -26.300349 50.818957
8944 71.912952 -28.087048 42.379785
27477 83.537080 -16.462920 30.824677
11906 73.995157 -26.004843 53.527816
5999 74.181154 -25.818846 54.706053
3647 62.284682 -3.258670 3.258670
3105 26.918420 22.788696 77.211304
12751 27.670191 23.522364 76.477636
27284 25.805733 -25.805733 36.702865
19499 93.652267 6.347733 33.606751
9447 25.620254 23.476959 76.523041
19403 96.156936 3.843064 33.217563
17925 88.746010 -11.253990 39.709408
13826 75.199561 -24.800439 62.126132
15299 61.363521 18.511347 18.511347
665 74.679431 -25.320569 53.958795
16394 98.843774 1.156226 64.071142
17730 75.584811 -24.415189 62.259526
15201 94.971221 5.028779 24.518460
7982 26.272577 -26.272577 37.337776
5368 76.142972 -23.857028 52.844706
6000 74.264874 -25.735126 54.329965
27349 29.032258 29.032258 70.967742
27797 99.080797 0.919203 57.085184
5963 77.796415 -22.203585 52.122743
17428 84.905008 0.194773 99.805227
5366 75.513443 -24.486557 53.203695
5857 78.786827 -21.213173 51.120476
5970 79.159502 -20.840498 51.179654
20468 60.937192 39.062808 43.281468
16413 57.258065 42.741935 57.258065
11712 0.000000 0.000000 37.634409
14982 51.311815 46.194199 46.194199
689 78.483590 -21.516410 51.649959
20067 80.004902 -19.995098 48.242006
454 79.878933 -20.121067 50.673887
18538 80.521703 -19.478297 50.343952
5652 81.277850 -18.722150 47.701200
521 81.869426 -18.130574 47.444733
16081 50.504553 -33.901782 33.901782
28033 96.605756 -0.366194 99.633806
28032 96.043794 -0.428231 99.571769
7243 82.517483 -17.482517 82.517483
450 81.849234 -18.150766 49.352287
27286 58.394367 -1.032542 98.967458
5724 75.146991 24.853009 39.710716
18911 73.281877 -26.718123 51.065784
275 72.762020 -27.237980 51.397246
4784 84.486175 15.513825 41.798330
8945 71.191180 -28.808820 42.578342
7712 71.851058 28.148942 51.371623
7585 94.208752 5.791248 9.394248
27706 90.390607 7.876728 92.123272
27616 89.805153 7.797864 92.202136
5588 95.298758 4.701242 37.595881
10087 50.347703 -8.022336 8.022336
27423 92.960472 7.039528 85.570677
20578 87.903226 12.096774 87.903226
4343 89.514832 10.485168 73.702008
27642 81.504856 12.038048 87.961952
16691 18.456104 -0.821783 99.178217
2066 71.854678 28.145322 52.285306
6774 8.778300 8.778300 38.512655
27119 91.960150 6.626321 93.373679
27352 25.491543 25.491543 70.567265
27353 25.890747 25.890747 70.008962
4872 96.889247 3.110753 71.809264
11485 71.944205 28.055795 53.906722
4675 57.550531 20.978869 79.021131
27287 18.381739 -13.601589 13.601589
27288 18.481872 -13.839052 13.839052
27689 87.766541 12.233459 71.630909
20463 63.988110 36.011890 43.486242
6297 64.600424 35.399576 42.386776
5958 48.150812 -29.856030 70.143970
12149 71.735336 -28.264664 65.149417
20651 70.213962 -29.253247 29.253247
27243 92.091896 0.763473 99.236527
27479 86.963353 -13.036647 35.019552
27716 26.044106 14.249259 14.249259
27480 72.219483 -17.670814 17.670814
17449 73.684211 0.000000 100.000000
27601 82.291159 12.401314 87.598686
2713 88.443775 -11.556225 20.738361
27690 88.964032 11.035968 74.083189
27691 89.038996 10.961004 74.305053
15768 0.911836 -0.911836 37.736316
12109 31.870940 -30.882638 69.117362
27692 87.523783 12.476217 70.993278
11672 63.798509 9.472485 9.472485
7605 63.688106 36.311894 48.589283
1208 68.147313 16.095238 16.095238
20541 81.411573 18.588427 28.900538
27884 98.730131 1.269869 52.662994
27885 99.223946 0.776054 51.978218
685 69.657030 30.342970 36.280309
27645 89.144734 7.639133 92.360867
18493 77.900694 2.296410 97.703590
18485 34.399626 34.399626 47.823313
27765 96.052632 0.000000 100.000000
17247 81.631784 18.368216 40.903989
6762 70.792626 29.207374 60.372640
7409 81.828179 18.171821 40.405109
4452 68.391215 -31.608785 57.837819
10597 44.627972 -44.627972 48.905589
15766 37.597385 -37.597385 59.419585
15048 59.488062 -40.511938 58.759413
27375 97.616793 -2.383207 41.489064
27409 97.594056 -2.405944 41.924247
27725 96.528102 -3.471898 42.331551
27350 28.152744 28.152744 70.216430
27354 27.200184 27.200184 69.888988
20900 84.492139 15.507861 42.441468
27482 87.611961 -12.388039 35.301881
27355 52.386530 13.872840 86.127160
27414 98.377887 1.622113 55.357151
18003 68.604617 25.228653 25.228653
12662 89.441691 10.558309 87.429167
13420 16.043560 -0.612499 99.387501
5207 79.621450 -9.149988 9.149988
12059 10.896683 -6.204220 93.795780
19850 36.674835 36.674835 58.671995
27903 98.899840 -1.100160 41.794436
27843 98.843663 -1.156337 41.550027
5410 73.905958 -26.094042 36.026245
27455 92.809836 7.190164 78.745847
7558 83.075056 16.924944 74.318834
27769 99.281061 0.718939 62.773069
27801 99.531209 0.468791 62.787442
17545 9.295327 -2.011736 97.988264
3751 9.169821 -1.932489 98.067511
27995 90.950569 -9.049431 72.452461
27983 89.101243 -10.898757 74.031654
4537 85.889001 14.110999 30.377781
27402 98.558928 -1.441072 49.654578
12761 84.215481 -15.784519 55.073899
19671 16.613146 -16.613146 34.382541
10869 16.804965 -16.804965 36.439107
27544 7.000812 -2.485369 97.514631
9547 49.450332 -2.949607 2.949607
14400 98.264587 1.735413 15.395370
12219 84.904722 -15.095278 53.678376
12895 9.184668 -1.875751 98.124249
27396 95.720620 -4.279380 37.487303
27397 94.426208 -5.573792 37.707631
27367 20.080460 -11.898583 11.898583
16077 79.995969 -20.004031 33.447930
2834 96.644032 3.355968 94.136200
27245 83.359598 0.279793 99.720207
27289 82.558255 0.229885 99.770115
27557 7.413180 -2.617547 97.382453
12936 11.620082 -5.681656 94.318344
28064 51.693317 48.306683 50.640637
27558 14.592883 -13.848470 86.151530
27290 25.895762 -25.895762 36.899142
15211 79.456100 -20.543900 34.659940
4819 79.835097 -20.164903 33.964673
17298 53.088285 -30.811641 30.811641
27708 49.584525 -1.529897 1.529897
10408 7.952339 -7.952339 26.156026
20452 62.245041 2.460762 97.539238
366 62.719808 2.906337 97.093663
27559 6.386317 -2.304108 97.695892
27371 100.000000 0.000000 49.305556
27709 72.396307 -16.216873 16.216873
27707 72.097793 -16.533685 16.533685
20655 71.702092 -16.676450 16.676450
27253 91.118784 0.393425 99.606575
20630 71.024023 -18.029340 18.029340
27291 70.254449 -1.964560 98.035440
27292 88.520865 0.258335 99.741665
4771 81.720871 7.635502 7.635502
8418 23.842688 -23.842688 71.732060
27356 94.411666 2.876927 97.123073
2786 83.596827 16.403173 20.233867
27960 99.460773 -0.539227 99.160922
27715 25.171553 12.609534 12.609534
27993 91.688175 -8.311825 76.304522
9568 0.000000 0.000000 98.924731
14632 3.794947 -3.794947 22.989440
27360 92.825544 4.625073 95.374927
27358 93.278402 4.132357 95.867643
20487 89.518254 0.957443 99.042557
17192 88.303652 -11.696348 12.669403
27357 93.774478 3.369924 96.630076
16069 94.231771 -5.768229 26.871565
16629 31.658670 -31.658670 45.802451
20122 34.548386 -34.548386 63.793283
27398 97.501077 -2.498923 46.462534
27475 97.341205 -2.658795 47.522632
27892 96.059333 -3.940667 48.659188
27484 97.898075 -2.101925 42.959835
27489 97.859769 -2.140231 42.576625
27800 98.895929 -1.104071 42.078870
15208 78.800022 -21.199978 34.497571
1695 25.213643 -19.699503 80.300497
16078 80.880213 -19.119787 33.279352
11999 61.271004 -38.728996 42.991346
12139 60.895728 -6.717442 6.717442
27361 29.366574 28.758073 71.241927
27571 71.468608 -18.125935 18.125935
18747 47.449181 -45.950916 45.950916
875 64.624139 -35.375861 41.099195
27294 18.815414 -13.589987 13.589987
27592 66.606885 10.170305 89.829695
27694 87.557945 11.988361 88.011639
27760 91.608392 -8.391608 91.608392
27113 90.730783 8.123422 91.876578
27118 90.736993 7.787266 92.212734
27657 91.187243 7.713422 92.286578
27523 5.246107 -2.088777 97.911223
27560 5.653504 -2.102525 97.897475
27561 5.685757 -2.057707 97.942293
27562 5.986441 -2.157837 97.842163
27108 6.036085 -2.210269 97.789731
27565 6.015243 -2.252303 97.747697
16758 5.369357 -2.168155 97.831845
27566 6.138357 -2.195784 97.804216
27567 6.212176 -2.239249 97.760751
27569 6.296986 -2.266710 97.733290
27524 5.268391 -2.049717 97.950283
27110 5.370110 -2.090047 97.909953
27525 5.469110 -2.094140 97.905860
27802 95.262321 0.696696 99.303304
27362 26.752993 26.752993 69.454208
27363 25.713908 25.713908 69.528010
27698 90.020774 9.332664 90.667336
27699 90.960812 9.039188 90.214704
27914 75.910442 15.573369 15.573369
27700 90.242907 8.823288 91.176712
27704 91.245846 8.513806 91.486194
27703 90.079536 9.063210 90.936790
27705 91.085859 7.493474 92.506526
27717 26.816097 14.516857 14.516857
27269 17.782870 -14.663016 14.663016
27168 19.151021 -16.827475 16.827475
27305 97.054098 1.024876 98.975124
27646 89.474324 7.376956 92.623044
27112 26.402615 26.402615 69.710175
27359 93.679052 3.659513 96.340487
27370 81.279602 -18.720398 24.478593
27804 97.371461 -2.628539 51.460580
27805 98.258995 -1.741005 51.303923
27806 99.617496 0.382504 49.633852
27808 99.394992 0.605008 50.121555
27440 84.311142 -15.688858 32.648571
27811 96.751808 -3.248192 41.829392
27376 97.578353 -2.421647 41.095891
27812 98.521728 -1.478272 41.105033
27392 97.998094 -2.001906 40.383217
27813 96.698736 -3.301264 41.293007
27814 96.612938 -3.387062 41.689749
27829 97.053230 -2.946770 40.607725
27437 85.761229 -14.238771 33.373489
27816 96.525223 -3.474777 49.777720
27817 97.154554 -2.845446 49.724295
27821 96.326236 -3.673764 49.418754
27819 99.058232 -0.941768 46.615465
27820 98.466499 -1.533501 46.978246
27419 82.998111 -17.001889 29.643753
27825 98.565049 -1.434951 38.322790
27887 98.193745 -1.806255 38.177693
27833 97.647785 -2.352215 39.475029
27831 96.956936 -3.043064 40.178999
27827 99.620745 0.379255 37.696809
27828 99.013709 -0.986291 39.622749
27830 98.913799 -1.086201 39.981958
27835 96.513351 -3.486649 47.155067
27399 97.410493 -2.589507 46.119597
27838 96.456809 -3.543191 46.653633
27841 96.734780 -3.265220 51.275839
27842 97.273684 -2.726316 50.292279
27408 97.733842 -2.266158 42.242940
27844 98.568528 -1.431472 41.436159
27848 96.502940 -3.497060 42.677519
27845 96.609438 -3.390562 42.925905
27846 96.927599 -3.072401 43.044677
27847 98.671078 -1.328922 41.185804
27415 98.890964 1.109036 54.250847
27851 97.602088 2.397912 55.425770
27852 97.694449 2.305551 54.761417
27853 98.562323 1.437677 53.794921
27420 96.835888 -3.164112 37.317199
27856 98.723142 -1.276858 36.157176
27858 97.881877 -2.118123 39.050262
27868 98.797841 -1.202159 44.013267
27859 98.794799 -1.205201 43.756082
27860 98.549179 -1.450821 43.643303
27861 96.845314 -3.154686 45.072062
27457 97.999345 -2.000655 43.570913
27422 97.608781 -2.391219 44.249111
27862 96.814351 -3.185649 44.621578
27863 96.710968 -3.289032 44.985712
27485 97.937592 -2.062408 43.264119
27876 97.125652 -2.874348 44.060114
27864 98.648407 -1.351593 43.311560
27869 96.628518 -3.371482 45.894414
27870 98.713118 -1.286882 45.995653
27891 98.590980 -1.409020 46.376617
27871 98.712451 -1.287549 45.731849
27873 97.471871 -2.528129 53.049322
27874 98.139445 -1.860555 52.887053
27878 98.775903 -1.224097 42.756551
27877 99.084731 -0.915269 42.733360
27880 98.874064 1.125936 55.701364
27782 98.658680 1.341320 56.169241
27886 98.279984 -1.720016 53.376324
27882 98.174568 -1.825432 54.106788
27472 97.149296 -2.850704 48.230091
27888 95.885666 -4.114334 49.207296
27889 95.900497 -4.099503 49.576923
27890 98.309596 -1.690404 46.849295
27893 97.928957 -2.071043 53.390975
27894 99.189093 0.810907 51.687018
27897 98.717888 -1.282112 42.503437
27898 97.011040 -2.988960 43.980434
27899 98.857846 -1.142154 42.547693
27900 97.100590 -2.899410 50.109510
27901 100.000000 0.000000 47.222222
27513 5.948939 -2.663734 97.336266
27568 6.074991 -2.290924 97.709076
27109 6.210301 -2.288179 97.711821
27996 96.358541 -3.641459 88.525184
27998 95.554696 -4.445304 88.566820
27997 95.300802 -4.699198 88.377099
28053 95.480884 -4.519116 88.009879
27770 99.073871 0.926129 62.714294
27999 93.979032 -1.156927 98.843073
28000 92.578311 -0.709807 99.290193
28001 96.244346 -3.755654 89.476478
28002 94.634068 -5.365932 90.195859
28003 95.017420 -4.982580 78.557811
27740 100.000000 0.000000 73.611111
27918 99.300699 -0.699301 99.300699
27919 99.650350 -0.349650 99.650350
27961 98.816793 -0.286078 99.713922
28010 93.597081 -1.669673 98.330327
28011 93.382946 -1.874936 98.125064
28012 97.170107 -2.829893 92.044922
28013 96.077861 -3.922139 92.280402
27748 100.000000 0.000000 81.250000
28015 95.803246 -4.196754 84.462750
27754 100.000000 0.000000 79.861111
28021 94.999277 -5.000723 83.872088
27756 100.000000 0.000000 75.694444
28024 95.483103 -4.516897 80.327599
28025 94.758163 -5.241837 90.446096
28026 96.289616 -3.710384 90.278597
28027 95.081524 -4.918476 90.866275
28028 95.504067 -0.754268 99.245732
28029 94.140665 -0.652747 99.347253
28030 94.052771 -0.761213 99.238787
28031 96.504272 -0.726010 99.273990
28034 97.244464 -0.353786 99.646214
28039 96.374042 -3.625958 86.960125
28040 95.055887 -4.944113 86.531752
28041 95.040875 -4.959125 86.882525
28045 96.016301 -3.983699 91.269912
28046 95.966048 -4.033952 91.588927
28050 94.381405 -5.618595 81.639100
28051 96.412943 -3.587057 87.341514
28055 95.166721 -4.833279 91.204398
27839 96.351080 -3.648920 47.069805
27481 100.000000 0.000000 51.388889
27928 1.684459 1.684459 97.590959
27929 2.347821 1.284090 98.715910
27927 1.553702 0.608221 99.391779
27930 0.918986 0.353668 99.646332
27916 0.806452 0.806452 99.193548
27931 0.651737 0.651737 99.025941
27932 2.036501 0.876303 99.123697
27933 0.839329 0.839329 98.624326
28057 99.647244 -0.352756 99.401369
28058 98.609241 -0.508582 99.491418
28059 99.824398 -0.175602 99.589319
28060 99.287838 -0.158932 99.841068
27981 93.004111 -6.995889 71.619261
28037 96.156263 -3.843737 92.016375
28052 94.738508 -5.261492 82.352361
28056 95.551572 -4.448428 90.903012
