9571 14.094484 14.094484 69.361601
9562 12.998568 12.998568 67.659552
9572 10.723019 10.723019 68.536547
4067 33.899742 -20.312064 20.312064
5520 34.512833 -19.321409 19.321409
6689 35.561855 -20.195278 20.195278
5124 21.913098 -14.852793 14.852793
13332 21.921353 -14.550646 14.550646
5125 22.343828 -14.670193 14.670193
9221 78.176724 -21.823276 46.487000
10118 78.279240 -21.720760 44.779341
5069 79.245353 -20.754647 46.037659
4157 92.679476 -7.320524 18.517780
363 93.077779 -6.922221 19.422805
5301 92.425929 -7.574071 19.815810
220 52.040816 -47.959184 47.959184
7282 52.069183 -45.950099 45.950099
3642 53.061224 -46.938776 46.938776
6914 55.172671 -9.497495 9.497495
5643 55.758749 -8.660151 8.660151
5642 56.762000 -9.343664 9.343664
1292 45.244148 -14.483299 14.483299
1290 44.187051 -14.976766 14.976766
1291 44.179455 -14.249305 14.249305
11223 6.203563 2.757182 97.242818
11225 6.235115 2.763618 97.236382
7861 6.227130 2.778737 97.221263
11226 6.218259 2.745865 97.254135
5933 48.365382 -40.309360 40.309360
5932 48.114192 -39.167500 39.167500
8785 49.176777 -39.622217 39.622217
6991 15.796450 -15.796450 75.378109
6993 15.823060 -15.823060 74.806510
386 16.308544 -16.308544 74.764248
912 18.373089 -18.373089 66.499112
174 18.463251 -18.463251 66.998586
173 18.044416 -18.044416 67.024749
6818 53.274151 -7.115878 92.884122
306 49.801653 -8.365403 91.634597
305 50.347302 -10.205050 89.794950
10463 52.359107 -12.879256 12.879256
1075 51.639264 -12.035615 12.035615
1077 53.159199 -12.053749 12.053749
94 71.751386 28.248614 44.481590
1270 71.656643 28.343357 46.517157
92 73.137547 26.862453 46.381329
7359 30.760980 21.157597 78.842403
7380 34.309765 18.850697 81.149303
4507 31.547533 22.767098 77.232902
3501 47.985487 -17.508350 17.508350
10762 48.583202 -18.181311 18.181311
5604 47.502779 -18.251619 18.251619
5605 48.430168 -18.876555 18.876555
3966 79.669449 16.632254 83.367746
3964 77.674308 14.673575 85.326425
3965 79.807265 13.336072 86.663928
1422 16.519219 14.004447 14.004447
13774 16.611923 15.394656 15.394656
1423 17.786195 15.511380 15.511380
8480 29.324359 7.447390 7.447390
569 30.965935 6.937305 6.937305
10643 29.426150 6.024629 6.024629
2742 48.040681 -48.040681 49.919568
5119 47.777778 -47.777778 47.777778
7555 48.888889 -48.888889 48.888889
3051 15.289307 -15.289307 82.273759
9886 15.293455 -15.293455 82.272241
3052 15.289456 -15.289456 82.277069
570 32.466563 6.658086 6.658086
7849 33.685579 6.599603 6.599603
170 33.024531 5.663023 5.663023
3661 13.124005 -13.124005 84.343171
10336 13.636769 -13.636769 83.995122
10720 13.244246 -13.244246 84.741772
2863 11.943440 -11.943440 54.108443
9694 12.359111 -12.359111 53.038222
9059 12.525259 -12.525259 53.773082
5326 4.631892 -4.631892 50.421842
5328 4.301774 -4.301774 49.412019
10461 4.892860 -4.892860 49.138749
6909 15.317751 9.389214 9.389214
9797 15.278807 10.833774 10.833774
10152 17.152702 10.846954 10.846954
7216 76.295069 -13.303379 86.696621
10887 74.814397 -13.029863 86.970137
2987 74.479740 -14.390283 85.609717
3253 11.810445 5.449511 5.449511
9804 12.967436 6.641078 6.641078
734 13.283698 5.456869 5.456869
8271 33.401694 -25.076960 25.076960
5172 34.557200 -25.223010 25.223010
6748 34.020931 -25.829915 25.829915
308 11.111111 -11.111111 11.111111
1455 10.000000 -10.000000 10.000000
10340 11.680176 -10.494790 10.494790
7653 23.227077 23.227077 35.594434
965 21.870424 21.870424 37.809512
964 24.911135 24.911135 37.178747
3568 23.268798 -18.207024 18.207024
4063 23.815815 -19.421308 19.421308
4749 21.888679 -19.011988 19.011988
938 8.878757 5.682327 94.317673
939 8.079311 5.428388 94.571612
940 8.421597 5.046656 94.953344
9543 31.701895 -1.472052 1.472052
7150 31.416881 -0.909672 0.909672
10028 32.957656 -1.236927 1.236927
856 14.983028 -14.983028 75.400203
1682 14.656866 -14.656866 75.345588
6849 15.024096 -15.024096 74.820213
9398 90.672141 -9.327859 16.451526
8993 89.992650 -10.007350 17.144761
6029 90.150556 -9.849444 16.017903
3705 22.501163 3.162542 3.162542
1841 21.873468 1.547001 1.547001
4062 20.687831 2.639302 2.639302
7668 92.194169 7.805831 63.299553
7666 91.496381 8.503619 64.612097
7667 92.907187 7.092813 65.874870
9024 84.902166 4.774781 95.225219
2267 86.818174 5.012962 94.987038
7446 85.792233 7.530298 92.469702
2547 16.590299 -16.590299 40.850138
3237 16.717968 -16.717968 39.468917
3239 17.340535 -17.340535 40.493925
9259 17.531207 -17.531207 42.463709
8839 17.915489 -17.915489 41.387132
8838 18.145954 -18.145954 42.386489
10529 72.429332 12.136595 12.136595
1881 73.759277 11.815299 11.815299
1883 72.939461 10.945792 10.945792
6419 79.841505 -20.158495 35.599302
6808 79.185640 -20.814360 37.279121
7099 78.546076 -21.453924 35.375006
2985 72.855711 -14.373867 85.626133
4033 70.894165 -15.752514 84.247486
2986 72.735228 -15.716313 84.283687
6854 57.326994 -12.084873 12.084873
1858 56.118131 -12.039225 12.039225
3497 57.000675 -11.432197 11.432197
9547 56.335694 33.002976 33.002976
7801 55.894178 31.411097 31.411097
7800 54.864829 32.799404 32.799404
2822 29.577727 -29.577727 67.460959
808 30.528371 -30.528371 68.096938
5485 29.251653 -29.251653 68.729608
332 46.816985 -5.767603 5.767603
4863 48.482051 -6.157548 6.157548
5137 46.999251 -6.716540 6.716540
8516 63.744090 -17.227144 17.227144
1727 63.765173 -18.136517 18.136517
5769 62.361763 -17.728778 17.728778
6532 93.714680 6.285320 81.524618
5707 91.975624 8.024376 79.799787
5994 92.655540 7.344460 82.341083
8582 19.961322 -19.961322 41.571663
4159 19.323855 -19.323855 42.211792
9664 19.291685 -19.291685 41.109906
5760 97.771895 -2.228105 15.455606
3510 98.377981 -1.622019 15.084200
4697 97.937292 -2.062708 17.059156
9919 62.110039 26.728948 26.728948
10694 62.444495 25.687371 25.687371
10846 61.147432 26.159021 26.159021
10393 76.436105 7.769387 7.769387
10394 77.377324 6.629937 6.629937
8130 75.929249 6.331798 6.331798
2736 88.279495 11.720505 57.116202
1666 87.988157 12.011843 58.975921
1665 89.246442 10.753558 59.072833
4635 11.041483 -11.041483 63.897462
10763 10.984768 -10.984768 64.722707
9666 10.544199 -10.544199 64.492133
3163 20.737081 -8.142039 8.142039
420 21.775671 -7.703767 7.703767
10101 22.325911 -8.609376 8.609376
10225 7.483963 -7.483963 69.076087
3245 7.020002 -7.020002 68.938231
3247 7.561661 -7.561661 68.028956
3126 16.840892 -16.840892 81.717324
13658 16.783445 -16.783445 81.937063
13639 16.571202 -16.571202 82.099509
693 19.187951 -19.187951 54.777233
4717 20.128966 -20.128966 54.854008
694 19.409213 -19.409213 56.045127
1743 16.791230 -16.791230 75.996698
4977 17.200173 -17.200173 76.002561
4979 16.549653 -16.549653 76.724165
10912 55.394547 -19.041826 19.041826
7297 55.520459 -18.141326 18.141326
1944 56.931030 -18.641562 18.641562
6638 19.672204 -10.244433 10.244433
7959 20.129847 -9.444428 9.444428
6639 21.113307 -10.437260 10.437260
9518 65.632079 -31.366093 31.366093
8880 64.570262 -32.533518 32.533518
8863 64.246524 -31.236210 31.236210
5229 30.019763 -16.013103 16.013103
3378 30.264366 -16.864615 16.864615
3380 29.019622 -16.364319 16.364319
11001 77.177809 22.822191 74.202002
8762 77.740163 22.259837 76.272241
2653 78.813261 21.186739 75.907707
11191 15.281749 -15.281749 82.284442
11193 15.281441 -15.281441 82.281803
3050 15.285425 -15.285425 82.279874
9162 10.793867 -10.793867 76.367708
10814 10.412018 -10.412018 76.292083
10881 10.829611 -10.829611 75.787159
6436 7.418721 2.850959 97.149041
8382 7.251195 2.676998 97.323002
6435 7.577023 2.731851 97.268149
5880 6.362723 2.785948 97.214052
10940 6.342970 2.779110 97.220890
4427 6.352443 2.770225 97.229775
6727 24.624555 -24.624555 41.842895
7575 25.392650 -25.392650 42.207927
10033 24.514196 -24.514196 42.918845
10125 22.848137 -14.090939 14.090939
13229 23.125199 -13.896236 13.896236
13531 23.206156 -14.024326 14.024326
10757 23.438652 -14.159506 14.159506
13530 23.412635 -13.950621 13.950621
9211 23.797261 -14.008470 14.008470
9209 23.343474 -13.741884 13.741884
2944 55.897267 -35.680229 64.319771
5441 53.402592 -35.858829 64.141171
10817 53.702395 -37.114060 62.885940
10871 60.690468 -28.965414 28.965414
7078 61.593401 -29.607186 29.607186
1315 60.330080 -30.011864 30.011864
13301 15.290081 -15.290081 82.305766
13299 15.289770 -15.289770 82.304491
13899 15.291117 -15.291117 82.303796
635 7.405281 3.127703 96.872297
539 7.562766 3.031391 96.968609
5215 7.746342 3.251514 96.748486
3958 67.944642 -4.256032 4.256032
7973 66.551523 -4.691984 4.691984
1948 66.616625 -3.901051 3.901051
5235 2.352554 2.352554 40.191836
5236 4.284309 4.284309 39.002956
5234 1.888385 1.888385 38.937363
549 18.537941 -18.537941 67.597063
548 18.715441 -18.715441 68.075941
9389 18.258290 -18.258290 68.231093
2498 74.051652 25.948348 58.776007
7694 75.559399 24.440601 61.226422
7695 75.875491 24.124509 59.217194
10410 81.931168 18.068832 29.914969
6391 83.226220 16.773780 30.939864
1003 82.819085 17.180915 28.481057
761 88.481038 -11.518962 28.369558
6266 88.500209 -11.499791 30.659611
6265 87.693066 -12.306934 29.663163
4426 85.475512 -5.926372 5.926372
579 84.723056 -6.909748 6.909748
4425 83.681968 -6.403859 6.403859
7060 11.897664 -11.897664 50.217062
10196 11.496511 -11.496511 51.003709
8779 11.403138 -11.403138 50.066516
6274 59.363476 -6.692196 6.692196
6114 59.026029 -5.771769 5.771769
6113 60.347629 -6.042969 6.042969
5402 30.510293 -30.510293 36.918813
4471 32.049554 -32.049554 36.618315
10681 31.306718 -31.306718 38.296855
8326 92.007168 -4.193084 4.193084
516 91.271333 -5.124356 5.124356
8325 90.368830 -4.679249 4.679249
7654 20.282540 20.282540 36.686983
1564 20.318688 20.318688 35.109999
8846 17.272803 17.272803 36.581275
9331 93.423087 -6.576913 46.015935
2149 93.673461 -6.326539 48.452691
7218 92.560844 -7.439156 47.320138
10970 27.884615 -27.884615 72.115385
6356 27.931444 -27.931444 70.760241
8781 28.846154 -28.846154 71.153846
4192 92.307692 0.000000 100.000000
1592 90.384615 0.000000 100.000000
10908 90.045958 -1.277104 98.722896
8191 29.042675 -1.420934 1.420934
7491 27.966681 -1.813045 1.813045
5306 27.157516 -1.013922 1.013922
10631 100.000000 0.000000 75.000000
10283 98.504355 1.495645 73.892725
1445 100.000000 0.000000 77.500000
5934 47.325717 -39.695950 39.695950
2440 52.582699 -37.559990 37.559990
2442 51.409926 -37.265389 37.265389
1325 52.176681 -36.490484 36.490484
9854 48.764219 40.439726 40.439726
9891 47.630798 40.397494 40.397494
6256 48.235565 41.736342 41.736342
10770 10.953557 10.953557 42.102470
9292 13.014210 13.014210 43.271802
9291 13.834305 13.834305 41.500567
2203 71.159530 -16.850101 16.850101
10806 71.529134 -17.635243 17.635243
2202 70.025589 -17.642818 17.642818
10195 90.808139 9.191861 22.075236
9428 90.138786 9.861214 24.125288
9648 91.641132 8.358868 24.494995
2436 84.920859 15.079141 51.224665
7509 85.868221 14.131779 50.164780
8544 84.663224 15.336776 49.304721
702 71.798258 28.201742 36.437317
3102 69.883000 30.117000 35.338661
700 70.358051 29.641949 37.097968
62 48.032603 39.077856 60.922144
4295 50.850080 36.337396 63.662604
4296 50.981623 38.459747 61.540253
11069 8.837865 -8.837865 42.799408
5953 8.825691 -8.825691 41.715575
3027 9.303531 -9.303531 42.252308
5358 60.171895 -32.751036 67.248964
5111 62.435478 -32.727251 67.272749
5110 62.380494 -31.432367 68.567633
4762 17.113829 -17.113829 41.627788
9874 16.929032 -16.929032 42.537333
2548 16.376411 -16.376411 42.034490
6299 44.399960 -20.262726 79.737274
9130 40.836141 -21.080183 78.919817
7480 41.221262 -22.828475 77.171525
1133 33.622341 7.477209 7.477209
1134 33.646942 8.519661 8.519661
1135 34.793921 8.158480 8.158480
2936 85.637414 -14.362586 49.040913
6453 85.527976 -14.472024 50.714127
8469 84.700019 -15.299981 49.404703
4674 51.979465 24.553189 24.553189
4673 53.035444 23.348247 23.348247
5684 51.712045 23.221952 23.221952
4452 18.297116 -18.297116 78.560918
4453 17.774622 -17.774622 79.336035
4454 17.700673 -17.700673 78.942604
4041 26.330255 -15.720417 15.720417
2865 25.690803 -15.412609 15.412609
153 26.250766 -15.241220 15.241220
8463 36.230000 -36.230000 49.389790
1688 35.893876 -35.893876 47.502671
1687 37.336767 -37.336767 47.807546
5133 25.397721 -25.397721 66.673040
5132 24.634899 -24.634899 66.338388
8766 25.494628 -25.494628 65.455353
11057 47.258319 38.244098 38.244098
3993 46.937871 39.253143 39.253143
10855 48.005831 39.163750 39.163750
9121 15.374946 -15.374946 56.502608
6515 16.162805 -16.162805 56.337985
6514 15.639224 -15.639224 57.651551
2438 9.869133 -9.869133 71.373696
7729 9.490399 -9.490399 71.881020
2439 9.526051 -9.526051 71.249218
9312 81.653074 18.346926 40.032085
8447 82.842652 17.157348 40.398034
3244 81.927662 18.072338 38.510251
1646 57.345906 3.720700 3.720700
1644 55.917061 3.230220 3.230220
1645 55.978919 4.495559 4.495559
3076 6.467754 2.711971 97.288029
10486 6.453333 2.667343 97.332657
680 6.541919 2.711502 97.288498
7148 31.236002 -31.236002 41.441130
9954 30.566059 -30.566059 39.949850
4350 32.025616 -32.025616 39.710634
10076 81.683042 -2.053728 97.946272
1298 84.302648 -1.168741 98.831259
1695 82.441378 -0.769755 99.230245
2305 24.285005 3.907714 3.907714
3704 22.870093 4.569353 4.569353
7804 34.901542 -33.335108 33.335108
7241 35.954248 -34.614235 34.614235
2222 34.656859 -33.961741 33.961741
526 14.104741 -14.104741 65.418614
5407 14.427212 -14.427212 65.012616
524 14.287516 -14.287516 65.635095
1732 60.452544 11.718757 11.718757
2725 59.399256 12.561861 12.561861
1730 60.652512 12.712726 12.712726
2 8.995736 -8.995736 78.928711
4847 8.325196 -8.325196 79.992929
0 8.453482 -8.453482 78.875183
10341 25.505623 6.852573 6.852573
3189 23.106285 6.297660 6.297660
3188 24.594187 8.045576 8.045576
7510 44.375422 -44.375422 51.627023
80 45.468912 -45.468912 50.246852
7511 45.752436 -45.752436 52.187298
4373 87.946566 -12.053434 61.501474
9271 88.168501 -11.831499 59.979375
4374 88.890164 -11.109836 61.953531
2176 38.869358 -7.701552 7.701552
1370 39.828293 -7.278436 7.278436
4279 40.113246 -7.885930 7.885930
4631 80.295096 -19.704904 47.236724
6313 81.146445 -18.853555 46.490581
6455 81.373222 -18.626778 48.177659
10650 56.930800 -38.603850 38.603850
2920 57.928606 -37.848281 37.848281
2922 58.059936 -39.029462 39.029462
11141 15.275805 -15.275805 82.275166
2215 15.281512 -15.281512 82.269971
11147 15.277960 -15.277960 82.277315
11241 15.272000 -15.272000 82.282228
1829 25.212913 -25.212913 68.947703
1828 25.070893 -25.070893 67.957181
10127 25.833393 -25.833393 68.188003
2604 92.646327 7.353673 34.676934
5534 91.714971 8.285029 32.653391
6501 91.231312 8.768688 34.605989
9541 27.716111 -18.099658 18.099658
9965 27.531995 -18.942122 18.942122
9966 26.176360 -18.195755 18.195755
1752 55.375833 -36.123358 36.123358
2723 54.122240 -35.849477 35.849477
1753 55.073549 -34.833305 34.833305
4433 40.482763 -19.400960 19.400960
7431 41.294335 -20.086032 20.086032
8840 40.019722 -20.072025 20.072025
878 15.029437 -15.029437 82.541629
10655 15.078925 -15.078925 82.481525
876 15.078496 -15.078496 82.521349
3708 30.304903 21.893745 21.893745
5858 29.973433 21.070550 21.070550
9963 29.029042 21.427176 21.427176
1978 16.708216 -16.708216 46.859190
10731 16.034363 -16.034363 47.500071
611 16.068831 -16.068831 46.308019
5188 52.181958 -42.428816 42.428816
7419 53.445142 -41.665868 41.665868
4563 53.373952 -43.279068 43.279068
1662 53.675683 24.563888 24.563888
1663 53.073130 25.726101 25.726101
1664 54.384208 25.600391 25.600391
2278 11.599484 -11.599484 73.859628
2279 11.869164 -11.869164 73.197872
2277 11.939010 -11.939010 73.766529
11059 60.492381 -33.984561 66.015439
2945 58.064741 -34.219263 65.780737
5628 10.424267 -10.424267 57.136613
229 10.356842 -10.356842 58.374062
228 9.832773 -9.832773 57.887718
2729 89.968814 10.031186 19.851551
5352 90.482161 9.517839 17.505732
9765 88.983466 11.016534 17.908894
11048 14.153575 -14.153575 49.880987
5232 14.780513 -14.780513 49.795283
10870 14.318195 -14.318195 50.878889
10745 6.337075 2.876038 97.123962
5442 6.351637 2.866044 97.133956
1144 6.373889 2.886064 97.113936
5508 89.531598 -10.468402 63.949437
6537 90.106192 -9.893808 65.971268
5507 89.176168 -10.823832 65.203035
7275 12.064162 -12.064162 21.691679
4554 11.377958 -11.377958 20.075480
7276 12.486732 -12.486732 20.235413
7589 19.991452 -19.991452 69.563332
4865 20.083769 -20.083769 68.838458
7590 20.570929 -20.570929 69.008542
9153 29.309088 -29.309088 32.643624
7464 30.725846 -30.725846 32.451632
4967 30.242000 -30.242000 33.985505
2787 4.534116 -4.534116 66.809183
2786 4.780745 -4.780745 65.602503
4812 5.041574 -5.041574 66.258733
9828 62.285415 -35.742863 35.742863
2212 60.703967 -35.960029 35.960029
2657 61.137185 -34.761112 34.761112
6795 41.508861 19.874626 19.874626
6794 43.010490 19.478682 19.478682
615 41.621085 18.572234 18.572234
8212 91.475274 -8.524726 14.385593
179 91.322838 -8.677162 15.676991
6031 90.729988 -9.270012 15.174277
3676 27.751858 -27.751858 65.591985
7960 28.357037 -28.357037 66.280497
3677 27.216475 -27.216475 66.706627
10559 13.104259 13.104259 39.138797
418 10.604782 10.604782 39.084197
10944 11.886119 11.886119 40.456652
6611 20.300282 -16.358691 16.358691
6613 21.291884 -16.866418 16.866418
10791 20.219335 -17.194584 17.194584
624 24.806477 -24.806477 51.963071
1485 24.823093 -24.823093 52.974684
9062 24.110661 -24.110661 52.545349
9417 53.435056 -23.914616 23.914616
2443 53.890926 -23.139652 23.139652
1178 54.655178 -23.955306 23.955306
9646 92.298591 -7.701409 21.132327
4618 91.681173 -8.318827 21.860252
8433 91.757584 -8.242416 20.442878
648 1.553357 -1.553357 87.063825
1394 2.265769 -2.265769 87.603061
646 1.078268 -1.078268 89.062446
117 8.539607 6.088301 93.911699
116 7.669605 5.908426 94.091574
3196 57.033246 18.156494 18.156494
4198 58.433712 17.620115 17.620115
8435 57.238018 17.080570 17.080570
4582 26.347854 -26.347854 60.294951
5142 27.443341 -27.443341 60.403775
4583 26.544166 -26.544166 61.533075
7102 15.362280 -15.362280 82.200082
7146 15.349299 -15.349299 82.210991
5383 15.353447 -15.353447 82.194977
190 57.692308 0.000000 100.000000
2633 59.615385 0.000000 100.000000
7263 57.579639 3.337885 96.662115
9497 15.003411 12.280556 12.280556
5302 13.669531 10.584202 10.584202
1381 9.202262 -9.202262 46.439566
1383 9.608732 -9.608732 47.260851
9413 9.057066 -9.057066 47.642270
10324 32.436649 -18.579205 81.420795
6405 28.380230 -20.799856 79.200144
989 28.951395 -22.451619 77.548381
2386 22.966167 -13.431374 13.431374
4054 22.714618 -13.686615 13.686615
4053 22.324468 -13.344432 13.344432
604 67.056486 -32.943514 52.244718
3025 68.358541 -31.641459 54.060497
3889 66.952768 -33.047232 54.329922
9519 12.484970 -12.484970 69.104871
10983 12.813886 -12.813886 68.899198
2147 12.677864 -12.677864 69.417936
1686 37.085945 -37.085945 45.999844
805 38.024598 -38.024598 44.748591
10898 38.545299 -38.545299 46.224599
5165 9.259259 0.000000 0.000000
5164 11.126293 -0.640678 0.640678
10097 9.475750 -0.597477 0.597477
4552 44.118388 -9.078960 9.078960
8729 45.600758 -9.719562 9.719562
8817 44.189150 -9.964540 9.964540
4852 6.336510 2.722025 97.277975
4853 6.328280 2.738809 97.261191
4854 6.295314 2.717478 97.282522
2314 15.444430 -15.444430 82.426160
2313 15.421947 -15.421947 82.395219
13543 15.486823 -15.486823 82.344925
13544 15.511734 -15.511734 82.365368
9446 14.530852 -14.530852 82.384623
8709 14.639183 -14.639183 82.405553
9447 14.438947 -14.438947 82.614517
5261 75.098877 15.798181 15.798181
4955 73.700649 16.533631 16.533631
13504 75.041066 16.573505 16.573505
3963 28.294444 -28.294444 56.373489
3207 29.531917 -29.531917 55.484553
3961 29.095316 -29.095316 57.281629
38 17.283352 -17.283352 78.972363
8128 17.911863 -17.911863 78.339722
4353 35.382628 -0.650645 0.650645
4351 33.888226 -0.440065 0.440065
4352 35.185185 0.000000 0.000000
1097 68.472876 -29.469319 70.530681
1098 66.169109 -30.012245 69.987755
1096 67.247548 -30.865465 69.134535
4708 61.070649 -37.044801 62.955199
6308 63.636364 -36.363636 63.636364
4706 62.478165 -35.610007 64.389993
9245 24.499274 -12.482428 12.482428
10813 24.227115 -11.850368 11.850368
7517 25.304459 -12.255271 12.255271
5764 59.384873 -40.615127 57.335845
10521 59.090909 -40.909091 59.090909
9266 57.575758 -42.424242 57.575758
1746 6.244527 2.820605 97.179395
4877 6.234987 2.842204 97.157796
4879 6.198258 2.813296 97.186704
6509 18.369476 -13.049615 13.049615
3936 18.796262 -13.744181 13.744181
8744 17.671925 -13.306749 13.306749
1771 9.892669 -9.892669 49.929723
8859 9.406755 -9.406755 49.393938
3071 9.930326 -9.930326 48.804978
6083 10.280702 -10.280702 42.564255
5161 9.831262 -9.831262 41.801673
10612 10.441802 -10.441802 41.449969
7206 15.417719 -15.417719 82.159987
6161 15.393208 -15.393208 82.177091
9766 15.410081 -15.410081 82.144823
4677 99.263044 -0.736956 23.560045
4675 99.081314 -0.918686 26.235612
4676 98.454942 -1.545058 24.236190
5072 31.351426 31.351426 37.184733
5071 30.274619 30.274619 36.131826
8255 29.187862 29.187862 37.902292
10883 51.662800 26.120587 26.120587
6339 9.308186 -9.308186 40.181565
4417 9.585246 -9.585246 39.336296
5163 9.910511 -9.910511 40.509326
5959 15.385864 -15.385864 17.103935
3835 15.133706 -15.133706 18.689937
5958 14.224525 -14.224525 17.454694
7566 34.757974 15.643140 84.356860
8792 93.452034 -6.547966 22.213412
9532 92.851903 -7.148097 21.674958
365 93.452870 -6.547130 20.585981
2154 64.060799 33.516408 66.483592
9043 61.520472 33.750039 66.249961
2078 63.209624 31.967550 68.032450
320 87.205850 -12.794150 53.719146
10390 87.201746 -12.798254 51.760766
10738 87.934546 -12.065454 52.838701
1647 64.479347 13.544274 13.544274
8239 63.138798 12.892145 12.892145
6272 63.046117 14.164960 14.164960
6297 91.841258 -8.158742 9.580776
5144 91.867280 -8.132720 10.812440
4873 91.126772 -8.873228 10.918631
7346 72.211542 -19.284840 80.715160
9871 70.209805 -19.634452 80.365548
2695 70.677783 -20.821667 79.178333
5332 87.857067 -12.142933 82.747766
13983 87.010988 -12.989012 82.259279
13982 86.660203 -13.339797 81.372091
945 62.542719 5.106232 94.893768
4023 64.596253 5.925528 94.074472
9626 62.269848 8.461118 91.538882
9400 11.649751 5.505315 94.494685
3805 12.169008 4.385638 95.614362
9184 13.088963 5.361010 94.638990
158 19.610379 -19.610379 68.706404
159 19.164565 -19.164565 68.600969
157 19.635104 -19.635104 68.038144
10318 6.161879 2.710067 97.289933
2531 6.138706 2.680460 97.319540
9440 6.188881 2.698411 97.301589
9833 92.832962 -7.167038 23.117961
192 93.466692 -6.533308 23.806916
7853 43.704669 -42.748842 42.748842
10579 42.222222 -42.222222 42.222222
20 42.981964 -41.234394 41.234394
3215 23.925532 -16.423119 16.423119
9046 24.349465 -16.075820 16.075820
3216 24.841203 -16.604327 16.604327
5563 15.291862 -15.291862 82.242536
5246 15.280246 -15.280246 82.251019
5561 15.289233 -15.289233 82.234708
8591 15.240807 -15.240807 82.321536
5802 15.243654 -15.243654 82.309002
4892 15.250280 -15.250280 82.312105
2686 22.485166 -17.242474 17.242474
9589 21.560755 -17.816478 17.816478
184 63.436377 31.698152 31.698152
9375 62.684367 32.668810 32.668810
2520 64.094687 32.568636 32.568636
483 15.279473 -15.279473 82.294889
5115 15.281728 -15.281728 82.295116
484 15.278338 -15.278338 82.298782
208 92.701796 -7.298204 38.324974
207 91.584291 -8.415709 36.937556
3395 92.723423 -7.276577 35.615700
296 19.104847 -19.104847 69.246309
4083 8.068667 -8.068667 61.332936
4084 8.359145 -8.359145 62.085669
5865 7.851769 -7.851769 62.321687
2856 98.308905 1.691095 87.907493
6680 100.000000 0.000000 90.000000
4623 100.000000 0.000000 87.500000
2552 38.947536 -23.977543 23.977543
2166 39.946241 -24.727763 24.727763
4414 38.549648 -24.781007 24.781007
288 50.340944 36.244528 36.244528
7605 51.083680 37.563893 37.563893
7145 51.679915 36.216042 36.216042
4185 98.736315 1.263685 47.876151
1302 98.554022 1.445978 44.978297
1303 97.668867 2.331133 46.317368
8037 8.998038 -8.998038 59.734308
2700 8.691481 -8.691481 60.959162
4859 8.343327 -8.343327 60.179905
10850 8.018042 2.996247 97.003753
541 7.830196 3.083835 96.916165
540 7.712279 2.918687 97.081313
8805 7.039402 7.039402 24.119015
3061 0.000000 0.000000 25.396825
3060 4.051829 4.051829 26.058314
2197 80.425342 -19.574658 37.605698
1478 81.000796 -18.999204 39.585638
1477 79.754796 -20.245204 39.207364
8156 26.005708 21.230472 21.230472
7214 24.917785 19.920692 19.920692
8155 24.478492 21.229002 21.229002
6392 84.606247 15.393753 32.374955
9982 85.966627 14.033373 31.908339
9295 84.653937 15.346063 29.641629
5931 10.064430 -10.064430 86.298892
9418 10.652792 -10.652792 86.687727
2564 9.348618 -9.348618 88.100599
9681 4.270753 -4.270753 69.978217
3454 4.560488 -4.560488 70.640862
9750 3.969773 -3.969773 71.197973
9138 75.725654 7.254537 92.745463
9045 77.412820 7.065884 92.934116
10128 76.735696 9.473742 90.526258
11232 15.280880 -15.280880 82.291164
11104 15.282788 -15.282788 82.291514
11171 15.283387 -15.283387 82.288782
7714 48.900520 -20.505307 20.505307
7716 49.586540 -21.262685 21.262685
4494 48.192262 -21.391476 21.391476
7341 10.404299 -10.404299 50.417686
3072 10.426119 -10.426119 49.265619
7340 10.922250 -10.922250 49.726757
4987 15.414966 -15.414966 81.949082
7860 15.429167 -15.429167 81.989777
7859 15.382719 -15.382719 82.019658
7976 16.833283 -16.833283 63.519298
5003 16.958470 -16.958470 62.963842
1462 17.193906 -17.193906 63.243986
6989 95.562173 -4.437827 30.720449
8306 96.312589 -3.687411 29.374957
9214 96.638380 -3.361620 31.342957
10723 8.623642 -8.623642 35.305183
8455 8.035372 -8.035372 35.199532
10220 8.397766 -8.397766 34.226579
9699 62.737612 15.422416 15.422416
1648 64.530292 14.952899 14.952899
10440 1.966955 -1.966955 68.420193
3985 1.189435 -1.189435 68.839166
3987 1.575060 -1.575060 67.597663
5400 6.612848 3.127955 96.872045
5399 6.591173 3.170088 96.829912
3662 6.533864 3.122109 96.877891
9703 69.683574 -14.097984 85.902016
8111 69.025284 -15.736053 84.263947
4247 71.162657 -14.344441 85.655559
3111 98.715712 1.284288 25.218245
4327 98.985322 1.014678 22.546693
3396 97.812428 2.187572 22.237300
1171 61.487343 20.307748 20.307748
1172 63.075974 20.312147 20.312147
1170 62.237213 19.185178 19.185178
1396 10.328395 10.328395 27.692124
6476 10.867286 10.867286 29.747229
8990 14.101235 14.101235 28.301386
1107 57.042882 -14.491560 14.491560
8928 55.897729 -13.940086 13.940086
5113 57.423477 -13.499988 13.499988
242 91.642685 8.357315 28.945159
5533 92.112679 7.887321 30.970285
167 93.253766 6.746234 30.043347
1260 79.132237 -2.794265 97.205735
1262 80.612611 -3.537170 96.462830
4301 8.200556 -8.200556 69.509803
3911 7.860330 -7.860330 69.273785
3910 8.265295 -8.265295 68.750255
2673 71.278798 -28.721202 61.256499
1387 71.131101 -28.868899 62.675876
4175 69.938656 -30.061344 61.343636
9253 43.708673 -17.068030 82.931970
13356 43.837509 -18.800072 81.199928
9252 46.303082 -16.840919 83.159081
3886 11.044889 -11.044889 51.849564
10158 10.613995 -10.613995 52.775223
3887 10.388182 -10.388182 51.686899
10636 36.050392 23.048335 23.048335
9907 36.304463 21.792338 21.792338
10372 35.002658 22.128606 22.128606
1579 6.384961 2.864910 97.135090
7952 6.394481 2.857167 97.142833
11134 6.409052 2.871969 97.128031
10999 6.417076 2.861511 97.138489
3600 35.746657 5.520653 5.520653
4461 35.699648 4.393637 4.393637
324 34.096670 4.716227 4.716227
2898 62.186417 37.813583 41.722270
129 63.789906 36.210094 42.637994
7788 62.752846 37.247154 40.514257
3670 95.374671 -4.625329 10.220805
8228 94.802317 -5.197683 11.990522
1907 94.529416 -5.470584 10.736556
4039 8.931310 -8.931310 44.033593
3026 9.275339 -9.275339 43.163013
1305 19.734012 -19.734012 63.547666
1304 19.409462 -19.409462 64.215626
5308 19.234946 -19.234946 63.777451
4953 10.101167 -10.101167 72.401722
9654 10.217591 -10.217591 71.560556
4951 10.597433 -10.597433 71.751082
7135 6.933030 2.990525 97.009475
9897 7.073385 2.969710 97.030290
7136 7.081272 3.055617 96.944383
4542 28.561341 28.561341 32.464427
2593 30.400509 30.400509 33.012243
5006 30.681818 30.681818 30.681818
13311 15.290055 -15.290055 82.300838
13309 15.289988 -15.289988 82.299419
13915 15.290992 -15.290992 82.299205
6895 94.507618 5.492382 84.675725
2346 95.873045 4.126955 87.668781
2345 96.517735 3.482265 86.192771
1914 72.132069 2.781406 97.218594
2607 73.076923 0.000000 100.000000
1405 73.988758 2.504637 97.495363
2718 37.043405 17.541883 82.458117
4508 34.116191 21.716860 78.283140
3852 32.746895 16.528693 16.528693
3851 31.392296 15.810320 15.810320
4866 31.837167 16.946576 16.946576
1319 38.197074 -38.197074 55.530134
1750 38.260573 -38.260573 53.619905
1749 39.469027 -39.469027 54.565300
8467 83.721064 -16.278936 48.042061
8468 84.783956 -15.216044 47.535788
5162 9.322290 -9.322290 41.164833
3139 4.879424 -4.879424 32.379972
960 5.221433 -5.221433 31.417215
959 5.640626 -5.640626 32.576625
6293 100.000000 0.000000 62.500000
6294 100.000000 0.000000 65.000000
6295 98.723030 -1.276970 63.170512
196 12.743051 -12.743051 78.385325
7336 12.265545 -12.265545 79.045707
2890 12.243335 -12.243335 78.386952
8324 6.072924 2.807111 97.192889
10910 6.138076 2.836167 97.163833
9284 6.110020 2.864493 97.135507
7221 12.723603 -12.723603 68.476692
10329 12.293179 -12.293179 68.705123
799 55.066128 20.968739 20.968739
797 54.435660 19.540556 19.540556
798 52.991511 20.623388 20.623388
4215 14.568080 -14.568080 82.609252
4734 14.670138 -14.670138 82.614690
4216 14.530363 -14.530363 82.762605
4491 98.895623 1.104377 56.852016
2258 98.142483 1.857517 54.743957
6180 97.664557 2.335443 56.662723
5531 82.263754 -15.282494 15.282494
2433 82.604877 -14.227935 14.227935
3023 83.806238 -14.729055 14.729055
5030 65.817074 20.442410 20.442410
4777 65.894017 19.159148 19.159148
4779 64.564458 19.775953 19.775953
1297 91.870513 8.129487 51.401117
7210 91.959810 8.040190 49.268558
1295 90.489552 9.510448 49.452161
24 94.540750 -5.459250 20.663659
25 94.044635 -5.955365 21.326811
26 94.176995 -5.823005 19.923360
10794 73.837608 -24.238299 24.238299
1598 75.093481 -23.834380 23.834380
598 74.487206 -24.661088 24.661088
1016 88.678081 11.321919 68.036000
1014 87.850971 12.149029 65.492781
1015 86.967941 13.032059 66.744832
7082 37.107190 13.458424 13.458424
1185 36.304991 13.957406 13.957406
1187 37.378064 14.408489 14.408489
2028 70.171069 -29.828931 44.785724
2027 69.616004 -30.383996 43.236227
3177 70.892137 -29.107863 43.570928
6420 14.013971 -14.013971 70.996728
6422 13.708521 -13.708521 71.495447
4181 13.679402 -13.679402 70.985008
1820 49.999733 -35.210654 35.210654
1326 50.959087 -36.087641 36.087641
10884 49.861496 -36.101671 36.101671
4800 90.110270 -8.750841 8.750841
5883 88.588772 -9.186166 9.186166
5884 89.383712 -8.434438 8.434438
10962 27.611546 26.486284 26.486284
10830 27.272727 27.272727 27.272727
2331 28.594458 27.272440 27.272440
10421 14.988860 -14.988860 62.017728
8841 14.824729 -14.824729 61.338568
3460 15.337677 -15.337677 61.372425
7442 0.000000 0.000000 100.000000
5310 2.157862 1.325213 98.674787
2651 1.063830 1.063830 98.936170
8608 57.982000 -7.935792 7.935792
6590 56.588351 -7.880276 7.880276
6273 57.766009 -7.247277 7.247277
3317 48.367564 -5.203630 5.203630
2620 43.286917 36.672689 36.672689
2619 43.982791 37.898970 37.898970
6915 44.433079 36.860118 36.860118
6672 38.727593 -19.982617 19.982617
5545 39.480217 -20.774458 20.774458
7422 87.780259 -12.219741 16.477742
13765 87.392221 -12.607779 16.073894
1701 88.000394 -11.999606 14.753139
3368 28.918710 16.379276 16.379276
433 27.706678 15.421727 15.421727
42 27.717038 16.798370 16.798370
7037 52.389253 6.666782 93.333218
7663 50.560726 6.898013 93.101987
6916 53.141115 3.543581 96.456419
3481 18.982660 -18.982660 63.446002
5309 18.778004 -18.778004 64.084951
9995 18.638721 -18.638721 63.682182
4342 90.013375 -9.986625 62.469041
1920 12.623356 -12.623356 72.583473
4498 12.555686 -12.555686 72.012277
8866 12.977020 -12.977020 72.018910
10295 83.271526 -16.728474 64.453471
6084 84.430993 -15.569007 64.744297
252 84.199267 -15.800733 66.467762
4713 96.118927 3.881073 18.822432
7764 94.925469 5.074531 17.580564
9403 95.172477 4.827523 20.395332
1915 61.704297 -10.358189 89.641811
7887 63.966661 -8.824843 91.175157
5293 62.118993 -8.536748 91.463252
4842 46.250729 11.386318 11.386318
10067 44.953929 11.474984 11.474984
6088 45.803452 12.335394 12.335394
3641 53.953070 -46.046930 47.895381
10085 54.081633 -45.918367 45.918367
10145 55.235631 -44.764369 47.179529
7750 68.074312 -31.925688 66.485104
7909 69.713289 -30.286711 67.935259
10533 68.181818 -31.818182 68.181818
7850 4.654512 2.101850 97.898150
4981 4.139230 1.972629 98.027371
7869 4.352522 1.865461 98.134539
674 45.970300 -36.859415 36.859415
9710 44.735101 -36.766119 36.766119
4719 45.166261 -35.800074 35.800074
5825 9.097137 3.681381 96.318619
6378 9.142609 4.243324 95.756676
2265 8.557822 3.793446 96.206554
2759 13.318916 -13.318916 53.306698
2757 13.489035 -13.489035 54.033463
2758 12.955567 -12.955567 53.956822
3364 40.381461 -21.613170 21.613170
3352 39.772930 -22.358349 22.358349
3363 38.938706 -21.513434 21.513434
11022 23.202389 -23.202389 67.147546
3878 22.762103 -22.762103 68.333449
2708 22.360085 -22.360085 67.661298
8277 1.631930 -1.631930 11.594238
9693 1.158355 -1.158355 9.836801
8308 2.627683 -2.627683 10.072265
4810 58.649206 -22.312910 22.312910
1584 60.449722 -22.661239 22.661239
1006 59.207305 -23.486594 23.486594
3986 0.971616 -0.971616 67.671822
293 0.000000 0.000000 68.253968
6210 0.899239 -0.899239 66.019742
2852 49.215225 26.858969 73.141031
2853 46.983910 26.947992 73.052008
2854 49.417440 24.323287 75.676713
1299 86.455947 -0.824084 99.175916
2299 85.360601 -1.877241 98.122759
1591 87.616486 -1.074438 98.925562
1630 59.871094 -26.525832 26.525832
58 60.975708 -26.952230 26.952230
1773 59.828894 -27.440806 27.440806
5382 8.410206 0.403092 99.596908
5408 7.635484 0.769474 99.230526
5381 6.857974 0.375861 99.624139
3672 80.538012 -19.461988 49.192346
3283 80.885080 -19.114920 51.284361
3580 79.709368 -20.290632 50.218584
2268 88.745380 4.866637 95.133363
2266 88.030997 8.044592 91.955408
6309 12.333239 -12.333239 73.676280
10000 11.973957 -11.973957 74.315549
6211 1.332588 -1.332588 63.893096
369 1.763503 -1.763503 64.700088
8889 89.359813 -10.640187 36.485887
10380 89.227101 -10.772899 38.925681
8890 88.230527 -11.769473 37.158278
10916 80.940593 -19.059407 74.367563
3700 79.754789 -20.245211 72.139613
4949 81.396214 -18.603786 73.029705
8422 32.386462 1.263657 1.263657
9302 33.333333 0.000000 0.000000
8423 31.481481 0.000000 0.000000
10671 51.364596 -19.893970 19.893970
9188 52.847508 -20.139063 20.139063
6844 51.867350 -20.835873 20.835873
6082 10.106340 -10.106340 43.574411
3028 9.728738 -9.728738 42.869345
1157 72.605801 -27.394199 30.568788
2373 73.476317 -26.523683 29.398643
8941 73.627666 -26.372334 31.164148
5390 69.566418 25.846045 25.846045
7633 70.305726 27.581431 27.581431
5391 71.587524 26.299013 26.299013
1034 36.001192 3.319195 3.319195
1035 36.328148 2.223920 2.223920
1033 34.836274 2.332950 2.332950
7047 95.668978 -4.331022 21.018502
8420 95.672816 -4.327184 22.658145
7045 95.137024 -4.862976 22.132473
7816 12.340316 -7.013505 7.013505
5157 10.879179 -5.869979 5.869979
1994 12.759485 -6.201685 6.201685
543 10.432129 -6.658109 6.658109
6173 71.834440 -28.165560 39.195415
7048 72.515573 -27.484427 40.787993
1720 71.214402 -28.785598 40.491630
6575 15.239010 -15.239010 82.390003
9152 15.221964 -15.221964 82.411272
1272 15.227203 -15.227203 82.389655
3925 50.493091 17.393765 17.393765
3924 49.700503 18.500743 18.500743
3858 51.468910 18.169312 18.169312
4861 13.370614 -13.370614 67.364416
4862 13.448674 -13.448674 66.760178
4860 13.713479 -13.713479 66.976533
269 61.990920 -23.647746 76.352254
271 60.691355 -23.051698 76.948302
3203 59.628892 -24.706368 75.293632
2272 91.071468 8.928532 43.365294
7700 89.681835 10.318165 42.320564
1389 90.036733 9.963267 44.818944
1570 81.750710 -5.996017 94.003983
1265 80.018248 -7.800887 92.199113
4832 82.886092 -6.581959 93.418041
6961 85.413610 14.586390 39.670568
4477 86.958577 13.041423 40.655610
3728 86.474173 13.525827 38.363457
5025 66.610483 33.389517 46.027568
3371 66.613180 33.386820 48.120038
10459 68.177626 31.822374 48.178288
8076 13.901481 -13.901481 82.996560
8074 13.979618 -13.979618 83.213149
8075 13.638975 -13.638975 83.604250
8601 47.880026 3.014262 3.014262
10514 47.476015 4.068708 4.068708
6666 49.153434 3.946949 3.946949
1583 64.203719 -35.796281 41.207404
1138 65.532766 -34.467234 40.618831
163 65.281340 -34.718660 42.411503
8014 1.947045 -1.947045 35.254498
6757 2.266241 -2.266241 34.176225
7273 2.591896 -2.591896 35.919183
1156 3.754080 -3.754080 74.733239
1111 3.575586 -3.575586 76.271230
1277 3.069998 -3.069998 75.869313
113 24.335790 16.903129 16.903129
114 23.715832 18.465446 18.465446
115 25.533626 18.650961 18.650961
7993 9.054725 5.215744 94.784256
9904 9.696123 5.728249 94.271751
4449 12.614023 12.614023 24.245405
10477 14.419742 14.419742 22.039902
3621 21.110622 -13.253678 13.253678
2644 20.415077 -13.208679 13.208679
4495 20.622911 -12.812448 12.812448
4496 21.323818 -12.940312 12.940312
3915 10.638414 -10.638414 33.400967
3916 11.510155 -11.510155 33.576478
6321 11.309673 -11.309673 34.753568
8296 67.946087 -21.292055 21.292055
2158 68.862993 -21.421288 21.421288
2160 67.987864 -22.063042 22.063042
3123 14.985077 -14.985077 63.712909
2575 15.308258 -15.308258 63.063504
7777 15.351217 -15.351217 63.662075
9621 10.426696 -10.426696 79.587680
4405 10.947069 -10.947069 79.872501
4756 10.062828 -10.062828 80.779144
9676 58.542073 13.557843 13.557843
2991 57.796603 12.396794 12.396794
2411 87.841911 -10.132418 10.132418
962 86.788630 -9.578061 9.578061
4499 12.266528 -12.266528 71.660635
8735 11.744452 -11.744452 72.037705
4521 12.059831 -12.059831 71.252241
97 61.619551 2.600642 2.600642
7014 60.079060 2.828965 2.828965
7015 61.102885 3.540570 3.540570
1374 97.567555 -2.432445 67.008972
2025 98.887345 -1.112655 68.619994
2026 97.930845 -2.069155 69.994002
4276 70.182333 -14.194912 14.194912
4932 70.957098 -14.747306 14.747306
2325 69.632917 -14.959710 14.959710
9343 59.506160 -24.553138 24.553138
3392 58.363936 -25.284531 25.284531
1007 58.127066 -24.254481 24.254481
141 58.394600 -21.683920 78.316080
139 57.167788 -23.479581 76.520419
140 59.451197 -22.488711 77.511289
3513 47.310509 -27.721334 72.278666
3511 44.292593 -29.185094 70.814906
3512 46.107659 -29.636332 70.363668
10865 93.726666 -6.273334 54.951357
9535 94.503437 -5.496563 56.831279
9534 93.513043 -6.486957 56.835083
7625 14.679961 -14.679961 69.415187
274 15.047556 -15.047556 69.339522
8610 14.763911 -14.763911 69.874772
2579 5.312402 0.355537 99.644463
6063 6.328216 0.727065 99.272935
137 56.498730 43.501270 52.384669
138 56.418108 43.581892 50.035278
136 54.760510 45.239490 50.723420
1257 12.189919 -12.189919 45.597426
5331 11.760863 -11.760863 45.145994
1255 12.166517 -12.166517 44.542443
8523 40.181663 26.646557 26.646557
5044 40.911072 28.077234 28.077234
6742 41.480792 26.860453 26.860453
3698 0.625354 -0.625354 64.620822
4403 0.000000 0.000000 66.666667
10531 0.000000 0.000000 65.079365
1767 16.371713 -16.371713 72.194690
1768 16.871651 -16.871651 72.022017
1769 16.529184 -16.529184 72.653483
8470 32.031726 -11.710652 11.710652
6675 33.198076 -11.403415 11.403415
3977 33.501102 -12.324160 12.324160
3719 68.413111 -31.586889 46.124546
2029 68.959321 -31.040679 44.510400
5570 69.583838 -30.416162 45.799431
6124 32.374926 7.786097 7.786097
9536 14.518718 -14.518718 71.534574
13230 14.379831 -14.379831 72.069652
13771 14.282938 -14.282938 72.002026
13772 14.531094 -14.531094 71.892373
803 0.540162 -0.540162 79.136370
802 0.000000 0.000000 79.365079
3526 0.523418 -0.523418 77.782284
2591 14.520680 14.520680 30.173493
2590 18.253254 18.253254 29.407572
8124 16.762479 16.762479 28.557764
2953 39.165717 -2.331787 2.331787
2952 37.629304 -2.078528 2.078528
5593 38.861098 -1.690860 1.690860
6574 35.771181 -23.903414 23.903414
155 34.787131 -23.186654 23.186654
4590 35.803078 -22.991592 22.991592
5323 2.884615 -2.884615 97.115385
3557 3.835009 -3.835009 94.644314
2210 3.846154 -3.846154 96.153846
1735 36.717273 32.885591 32.885591
863 36.477748 31.599576 31.599576
1733 35.441238 32.468853 32.468853
6053 31.452560 20.568646 20.568646
5857 30.894633 21.264540 21.264540
10598 31.921477 21.518664 21.518664
6707 17.387055 17.387055 27.119120
1397 14.741516 14.741516 26.518584
6980 36.069032 -4.994793 95.005207
8478 33.903067 -4.918030 95.081970
835 31.100619 -9.805657 90.194343
8110 14.698965 -14.698965 68.089749
4999 14.802202 -14.802202 68.421248
10488 14.423307 -14.423307 68.561558
7795 9.088324 -9.088324 83.338426
10030 8.281378 -8.281378 84.380223
10945 8.725998 -8.725998 82.895564
9553 77.980140 -22.019860 33.744735
924 79.186301 -20.813699 33.370687
8997 85.759489 -1.984318 1.984318
10257 86.763278 -1.045392 1.045392
8998 87.353235 -1.802289 1.802289
1937 68.547073 31.452927 65.613152
1936 67.963223 32.036777 66.703778
9230 69.580296 30.419704 67.713030
8563 17.218521 -17.218521 21.466114
4171 18.140028 -18.140028 20.057225
4170 18.599294 -18.599294 21.897834
7384 85.020821 9.307481 9.307481
7385 83.766148 10.612185 10.612185
7383 86.091260 11.012330 11.012330
6497 33.890001 -33.890001 59.181282
496 34.259757 -34.259757 57.921918
4646 34.952929 -34.952929 58.793005
7220 13.134677 -13.134677 68.415378
10810 67.105700 -15.429491 15.429491
9510 66.433327 -14.965877 14.965877
7092 67.515598 -14.682418 14.682418
3715 15.384736 -15.384736 67.727136
3714 15.380343 -15.380343 68.293847
5066 15.112553 -15.112553 68.226162
2659 75.699600 -24.300400 35.984644
11027 76.795705 -23.204295 37.393237
7568 75.608451 -24.391549 38.171257
5543 81.159347 18.840653 72.695143
5542 80.869157 19.130843 70.852202
7453 79.842691 20.157309 71.559957
362 84.431502 -15.568498 74.641459
11111 85.521875 -14.478125 73.858004
360 85.918679 -14.081321 76.107125
171 32.223961 4.460577 4.460577
169 31.126066 5.485277 5.485277
10665 58.559607 -11.667105 11.667105
4242 58.194983 -12.594702 12.594702
4528 21.090363 -21.090363 75.379332
2883 20.788369 -20.788369 74.806881
8810 21.483324 -21.483324 74.662529
3372 66.462237 33.537763 49.654407
844 65.190860 34.809140 48.193569
846 65.345147 34.654853 50.151284
9573 12.013013 -12.013013 74.883554
4445 12.050632 -12.050632 75.473483
2370 11.615474 -11.615474 75.573103
10756 53.353287 42.502752 42.502752
5650 54.627055 43.379733 43.379733
2247 54.745076 41.345734 41.345734
10009 59.570117 -4.221497 4.221497
5938 59.224907 -4.910463 4.910463
1986 58.060459 -4.313161 4.313161
1785 76.098114 -23.901886 73.114869
1786 74.649713 -25.350287 71.890399
1787 75.496615 -24.503385 71.211003
7529 92.383134 -7.616866 67.764247
10584 92.992151 -7.007849 66.258969
2069 93.538007 -6.461993 68.677418
1712 35.706703 -1.216998 1.216998
5112 37.258926 -1.456203 1.456203
1713 36.056658 -1.815524 1.815524
2021 3.985786 -3.985786 52.104131
1600 4.013048 -4.013048 53.513304
2020 3.469615 -3.469615 53.042851
7858 92.715216 -7.284784 55.110446
283 70.829535 -16.106923 16.106923
282 69.793574 -16.095854 16.095854
2323 70.332867 -15.495258 15.495258
2976 5.254494 -5.254494 78.808207
8121 4.763397 -4.763397 80.552527
2842 4.242427 -4.242427 79.735803
7204 48.160932 -12.503589 87.496411
307 47.415022 -11.297063 88.702937
6629 29.941863 -26.892293 26.892293
6627 29.346174 -25.788778 25.788778
6628 31.116089 -26.505497 26.505497
3998 49.631238 -18.551030 18.551030
8578 49.680496 -19.583842 19.583842
8146 2.272727 2.272727 2.272727
11003 3.932745 2.153823 2.153823
8989 1.136364 1.136364 1.136364
11146 3.459775 0.956402 0.956402
7715 50.389606 -20.623812 20.623812
6843 50.938133 -21.661195 21.661195
1235 97.249407 -2.750593 4.159684
9365 96.938776 -3.061224 3.061224
8843 97.959184 -2.040816 2.040816
9816 72.049074 27.950926 32.877765
1037 71.489519 28.510481 30.932339
1036 70.353773 29.646227 32.157107
4838 7.879951 -7.879951 52.880509
7519 7.659706 -7.659706 53.795322
8619 7.340343 -7.340343 53.250087
10932 9.083899 -9.083899 68.982584
8836 8.588574 -8.588574 69.722170
8835 8.651138 -8.651138 68.797940
10122 13.824933 -13.824933 73.920506
1677 13.940961 -13.940961 73.201819
6468 14.229433 -14.229433 73.508047
970 38.718998 34.847881 34.847881
7916 39.626223 35.768628 35.768628
922 39.992729 34.748860 34.748860
4954 73.165061 17.966403 17.966403
7067 72.893466 19.370974 19.370974
2771 74.610473 18.651265 18.651265
3944 31.467669 14.649900 85.350100
9627 34.819063 7.291838 92.708162
4743 37.457857 6.551845 93.448155
9704 14.009124 -14.009124 69.984759
4180 13.670694 -13.670694 70.462094
9148 13.687658 -13.687658 69.928440
10299 92.386199 -7.613801 59.502562
7121 91.015272 -8.984728 59.067836
7542 91.424926 -8.575074 57.145274
7722 11.400619 -11.400619 49.149373
9887 11.758574 -11.758574 49.510344
4857 18.328926 -14.828237 14.828237
4856 19.030182 -14.491963 14.491963
8441 19.374549 -15.205005 15.205005
5947 14.275403 -14.275403 69.092441
5946 14.043217 -14.043217 68.965878
10287 1.702306 -1.702306 48.018660
7532 1.372686 -1.372686 49.493212
8148 1.169269 -1.169269 47.952230
3629 16.735117 -16.735117 55.072472
3630 16.950643 -16.950643 53.868746
3631 17.540437 -17.540437 54.219590
1619 28.615853 -10.486820 10.486820
1621 30.322355 -10.615121 10.615121
3693 29.842796 -11.242747 11.242747
8267 6.100816 -6.100816 57.383497
3863 6.125402 -6.125402 55.932154
10066 6.676845 -6.676845 56.403671
867 19.034537 -7.737693 7.737693
866 16.829855 -7.314569 7.314569
552 18.135520 -6.692980 6.692980
7628 0.467969 -0.467969 42.779831
2868 0.835575 -0.835575 44.060210
4821 0.393959 -0.393959 44.181546
7318 24.581418 -24.581418 69.871936
1546 25.364919 -25.364919 69.694711
1548 24.919696 -24.919696 70.760693
6643 6.178712 -6.178712 80.101387
8141 6.993089 -6.993089 79.359658
6642 6.542821 -6.542821 80.598519
8904 15.358973 -15.358973 82.251834
3441 15.368332 -15.368332 82.254859
8953 15.350151 -15.350151 82.271160
2812 75.033584 12.349755 12.349755
1322 76.461696 13.218376 13.218376
2811 76.828896 11.573594 11.573594
6426 34.857689 -14.868396 14.868396
10474 35.870350 -14.111109 14.111109
2899 36.545798 -15.165396 15.165396
9499 73.396239 -20.564010 79.435990
2696 71.620848 -21.597870 78.402130
8043 72.943695 -22.082049 77.917951
10337 14.042589 -14.042589 83.654954
9767 14.214661 -14.214661 83.711382
9768 13.813465 -13.813465 84.154146
2336 47.011979 -25.775702 25.775702
5895 47.418102 -24.704728 24.704728
6163 48.507602 -25.674282 25.674282
9047 24.503225 -15.653229 15.653229
2866 25.126849 -15.549345 15.549345
7857 25.232114 -16.082954 16.082954
3278 10.070083 -10.070083 75.363664
149 9.614971 -9.614971 75.533672
3279 10.037005 -10.037005 74.610101
10156 18.379241 -18.379241 58.378481
10155 17.622158 -17.622158 58.805845
7924 17.917889 -17.917889 57.588665
7395 15.115157 -15.115157 82.434146
10654 15.086651 -15.086651 82.445111
8059 48.588913 -12.942873 12.942873
2778 48.383265 -13.659283 13.659283
8060 47.496081 -12.978992 12.978992
2572 95.560717 -4.439283 46.032504
2150 94.572626 -5.427374 47.264384
9373 94.343725 -5.656275 44.683484
3954 72.178994 4.603424 4.603424
2678 71.075593 3.661398 3.661398
2760 70.451115 5.550908 5.550908
5386 17.160272 -17.160272 50.696705
874 17.332849 -17.332849 51.893576
873 16.535418 -16.535418 51.750151
8359 20.666785 -20.666785 41.006970
7780 21.262741 -21.262741 41.851201
7949 20.528231 -20.528231 42.007659
3619 99.194352 -0.805648 86.952001
3064 98.563559 -1.436441 84.114321
3063 99.366829 -0.633171 85.209771
9128 39.585216 21.337378 21.337378
10407 41.131964 21.121587 21.121587
7243 39.984755 20.014006 20.014006
72 10.681469 -10.681469 43.381035
2073 56.380524 -43.619476 50.513833
4703 54.837223 -45.162777 50.946442
6783 55.092011 -44.907989 49.125789
8560 2.100497 -2.100497 76.256921
10545 1.760148 -1.760148 77.786559
4693 1.478790 -1.478790 77.021999
7563 49.699524 -11.000045 11.000045
7561 48.467022 -10.198249 10.198249
7562 50.184748 -10.048758 10.048758
10751 36.010889 11.571306 11.571306
7175 36.336613 10.848752 10.848752
232 35.371932 10.844629 10.844629
7557 42.307692 0.000000 100.000000
9820 39.115651 -3.549769 96.450231
6755 41.287697 -3.070523 96.929477
7012 76.154050 -23.845950 63.671877
9359 76.612707 -23.387293 62.216820
8183 77.566201 -22.433799 64.170551
2263 8.392697 4.159363 95.840637
7992 8.758609 4.678353 95.321647
9226 8.021486 4.461902 95.538098
2526 14.572459 -14.572459 39.553747
7724 14.483988 -14.483988 38.347432
2527 15.147938 -15.147938 38.798008
1772 9.853363 -9.853363 51.105262
1770 9.335152 -9.335152 50.590853
6316 8.406886 -8.406886 49.284331
6315 7.862433 -7.862433 49.723064
9821 7.994608 -7.994608 48.643373
7512 90.421832 -9.578168 20.593551
7767 91.073007 -8.926993 21.234427
5012 90.382741 -9.617259 22.079039
2895 69.696970 -30.303030 69.696970
10239 25.619382 -15.040708 15.040708
2867 25.101304 -15.132440 15.132440
6771 25.114719 -14.732010 14.732010
5749 16.110582 -16.110582 60.980194
3461 15.741892 -15.741892 61.461973
2825 15.748525 -15.748525 60.797322
819 15.478323 -15.478323 81.975607
10902 15.483408 -15.483408 82.016226
6089 15.449836 -15.449836 82.031116
7956 43.543384 -15.728719 15.728719
7782 44.895144 -15.780777 15.780777
7781 44.330313 -16.404314 16.404314
7180 10.729472 -10.729472 63.686490
8357 10.342723 -10.342723 63.827208
8082 49.038462 -49.038462 50.961538
8083 48.076923 -48.076923 51.923077
8451 20.879063 -20.879063 70.106611
8452 20.278510 -20.278510 70.399382
8453 20.442821 -20.442821 69.764197
9583 27.265365 3.517460 96.482540
6597 28.690401 4.306855 95.693145
4333 25.316760 7.587399 92.412601
1952 17.808385 5.479911 94.520089
6872 16.645512 4.018095 95.981905
10114 19.166402 2.578844 97.421156
4470 94.063144 -5.936856 22.767844
9135 94.582015 -5.417985 21.806613
5086 15.313053 -15.313053 82.222845
5085 15.302167 -15.302167 82.237057
5562 15.302088 -15.302088 82.226819
2611 17.353488 -17.353488 78.289182
4270 37.109987 -37.109987 42.196971
4269 36.982225 -36.982225 44.180978
10774 35.649754 -35.649754 43.501221
9169 17.306762 -17.306762 47.475520
5942 17.923323 -17.923323 48.088816
5944 17.185949 -17.185949 48.671708
4431 23.859189 -12.773780 12.773780
10689 24.127268 -13.314042 13.314042
2388 23.320648 -13.082208 13.082208
9280 8.804972 -8.804972 55.497996
5028 9.165146 -9.165146 55.907608
6571 8.771862 -8.771862 56.577288
10777 98.731761 -1.268239 3.157337
1660 100.000000 0.000000 0.000000
6549 99.320023 -0.679977 3.830052
6729 63.492601 -13.378193 13.378193
1983 62.922127 -14.452815 14.452815
1652 61.759464 -13.869261 13.869261
9649 73.255814 26.744186 26.744186
8477 72.968957 25.092180 25.092180
7848 10.429520 -10.429520 75.267770
7846 10.803248 -10.803248 74.834525
7847 10.627388 -10.627388 75.529633
3976 31.929515 -12.492152 12.492152
3978 33.121648 -13.181370 13.181370
5368 40.892798 7.809439 7.809439
5369 42.205574 7.252263 7.252263
8942 40.641651 6.561449 6.561449
10708 15.165460 -15.165460 81.861290
9022 14.961823 -14.961823 81.969583
3949 15.176692 -15.176692 81.622810
9512 25.159072 2.091324 2.091324
9850 25.535189 1.119702 1.119702
1839 23.789610 1.213916 1.213916
6921 97.224712 -2.775288 13.284447
5732 97.972970 -2.027030 13.450160
6271 97.271300 -2.728700 15.003504
4515 78.377027 12.672710 12.672710
8716 79.689079 13.756504 13.756504
11086 80.530935 12.251017 12.251017
511 78.849384 -14.135134 14.135134
440 78.359072 -14.903178 14.903178
510 77.623909 -14.293201 14.293201
6585 63.968046 -36.031954 51.443260
7288 65.536988 -34.463012 52.905395
11090 64.188750 -35.811250 53.575039
7921 28.774063 28.774063 53.260407
1890 26.359719 26.359719 53.777986
7920 28.555917 28.555917 55.302741
2782 43.309109 -40.337189 59.662811
4501 40.384615 -40.384615 59.615385
816 41.346154 -41.346154 58.653846
861 31.591221 17.472097 82.527903
4742 35.662024 11.723395 88.276605
7740 38.965030 34.422222 65.577778
6364 39.876173 35.594692 64.405308
3624 37.234043 37.234043 62.765957
6244 32.150042 -15.037747 15.037747
6243 31.036415 -15.541932 15.541932
7494 30.427989 -14.515748 14.515748
7109 16.875783 16.875783 40.443433
10557 14.254577 14.254577 40.040928
10089 6.355544 2.797542 97.202458
10090 6.366291 2.796588 97.203412
8789 6.366059 2.804089 97.195911
10217 22.242716 15.000560 84.999440
6401 20.212766 20.212766 79.787234
9647 19.148936 19.148936 80.851064
4656 35.078899 -9.765066 90.234934
4655 31.334710 -13.496701 86.503299
7034 33.852193 -13.010639 86.989361
8624 26.877172 -9.987898 9.987898
10687 27.873428 -9.512258 9.512258
9006 15.234690 -15.234690 82.334714
3902 15.217457 -15.217457 82.352021
5803 15.229247 -15.229247 82.328411
6936 26.871905 -13.905469 13.905469
11052 26.995099 -13.297594 13.297594
9011 27.934916 -13.829565 13.829565
4271 11.440432 -11.440432 64.108712
4636 11.482342 -11.482342 63.265794
2320 11.888013 -11.888013 63.482212
4099 14.874692 -14.874692 48.731206
10233 15.367198 -15.367198 49.160356
10930 14.756252 -14.756252 44.128523
3492 14.812743 -14.812743 43.043852
11054 15.340845 -15.340845 43.554096
4613 22.869589 -22.869589 59.681273
5632 23.311869 -23.311869 60.710585
7188 22.401985 -22.401985 61.014565
10793 6.320536 2.800450 97.199550
10792 6.332053 2.805729 97.194271
8595 6.324321 2.808429 97.191571
8104 62.180165 -24.244447 24.244447
6930 62.237203 -22.973407 22.973407
9113 63.635125 -23.678967 23.678967
3471 84.992971 -15.007029 34.519063
3470 84.718466 -15.281534 36.504921
6527 83.948403 -16.051597 34.873619
3948 30.861662 -30.861662 46.917458
6411 31.432253 -31.432253 45.390441
9973 32.126150 -32.126150 46.698688
7066 72.740967 20.724684 20.724684
2772 74.098505 19.935039 19.935039
1790 38.461538 -38.461538 61.538462
4047 38.781326 -38.781326 59.922704
1788 39.423077 -39.423077 60.576923
8002 6.530876 2.807487 97.192513
146 6.569239 2.836536 97.163464
651 6.515451 2.825439 97.174561
11080 48.922375 -35.563966 35.563966
9690 6.306687 2.600672 97.399328
13357 6.265113 2.607996 97.392004
13456 6.257689 2.585748 97.414252
6194 6.198994 2.631610 97.368390
13442 6.211594 2.616803 97.383197
13447 6.226844 2.635629 97.364371
9691 6.157019 2.593810 97.406190
13444 6.202768 2.596999 97.403001
6267 35.299289 27.989673 27.989673
9761 34.603831 27.053494 27.053494
6268 33.934879 27.800602 27.800602
9716 6.084680 3.227325 96.772675
9715 6.168884 3.163882 96.836118
9739 6.275092 3.285544 96.714456
9778 16.801725 -16.801725 64.832334
5686 17.033350 -17.033350 65.064474
7970 16.652561 -16.652561 65.417754
4916 21.095760 -21.095760 76.641385
5740 20.701265 -20.701265 77.433323
1253 20.200188 -20.200188 77.187004
3267 37.657223 -37.657223 49.583094
5174 38.608260 -38.608260 48.145276
3268 38.822335 -38.822335 49.612058
5573 66.837768 -21.681790 21.681790
9067 88.352491 11.647509 78.084466
9410 87.120702 12.879298 75.856908
6770 87.358547 12.641453 78.258355
8559 2.415464 -2.415464 76.899749
6020 2.089946 -2.089946 78.466091
3318 97.122844 -2.877156 11.840585
7401 97.775656 -2.224344 11.478197
4806 14.247481 1.028106 1.028106
2276 14.814815 0.000000 0.000000
6665 12.962963 0.000000 0.000000
10609 19.640690 -19.640690 79.120397
11006 19.360683 -19.360683 78.661085
7474 20.269949 -20.269949 78.221726
9803 14.637420 14.637420 51.129742
7073 15.436788 15.436788 52.949702
4595 16.975852 16.975852 51.785779
7778 29.088985 -6.112100 93.887900
2766 23.168923 -13.100486 86.899514
2254 27.303655 -10.062246 89.937754
5601 18.806932 2.391615 2.391615
996 19.859029 3.660454 3.660454
6669 43.425731 -36.102118 63.897882
6668 42.360359 -35.096888 64.903112
10536 40.369606 -36.782196 63.217804
4796 77.110495 -10.594014 89.405986
10998 75.372724 -10.894374 89.105626
13973 76.007161 -11.707231 88.292769
4605 77.730338 -11.300644 88.699356
13974 76.412167 -12.322058 87.677942
3390 59.717855 -25.577937 25.577937
1629 60.960796 -25.946746 25.946746
1954 17.897637 -17.897637 72.879159
10063 17.337895 -17.337895 73.571840
2042 17.472778 -17.472778 72.784061
1857 42.211156 -36.257371 36.257371
6072 40.830936 -35.798657 35.798657
5290 41.551432 -34.992143 34.992143
606 68.728668 -31.271332 52.381910
605 67.823307 -32.176693 50.886797
5303 13.394010 9.295105 9.295105
13793 12.267781 9.100459 9.100459
13792 12.595389 9.629183 9.629183
9556 20.097601 -20.097601 66.594915
756 19.599067 -19.599067 67.387039
757 19.474092 -19.474092 66.822035
8649 92.643970 7.356030 55.565200
9643 91.114409 8.885591 54.231854
10857 91.416818 8.583182 56.548079
2057 63.839777 -36.160223 43.834002
165 64.888855 -35.111145 43.851339
1088 64.385953 -35.614047 45.072945
6824 94.282594 5.717406 87.059449
3032 95.580933 4.419067 89.648404
1972 23.162993 11.618431 11.618431
9471 25.180250 11.749382 11.749382
7278 24.139872 10.644012 10.644012
7964 24.874952 13.038964 13.038964
9913 13.253300 -13.253300 58.914008
9912 12.677031 -12.677031 59.306530
2599 12.803073 -12.803073 58.145677
3609 12.014860 -12.014860 65.555427
7250 12.329989 -12.329989 64.842611
7249 12.454319 -12.454319 65.450393
98 22.663188 -15.739978 15.739978
8482 23.225951 -16.122635 16.122635
8520 22.592203 -16.158106 16.158106
4133 76.283699 23.716301 65.565954
8776 75.075693 24.924307 63.063603
10750 74.393849 25.606151 64.526743
5420 22.226968 -22.226968 70.064797
2745 22.951313 -22.951313 70.025968
3193 22.306383 -22.306383 70.843777
3613 28.364442 -28.364442 31.168183
8586 27.950214 -27.950214 32.958678
3614 26.983487 -26.983487 31.696531
6534 88.934598 11.065402 86.975097
6533 87.228762 12.771238 85.640086
6963 88.333333 11.666667 88.333333
3691 2.822380 -2.822380 58.473217
10960 3.357335 -3.357335 59.318688
3692 2.761651 -2.761651 60.279411
4514 81.354768 1.750842 1.750842
4512 81.118885 3.594037 3.594037
4513 82.930942 3.165061 3.165061
10775 18.614247 -18.614247 48.616691
3423 19.323474 -19.323474 47.835218
11016 19.354436 -19.354436 49.004512
1453 9.972117 -9.972117 12.015627
7038 53.130134 8.292620 91.707380
5979 55.570205 6.832730 93.167270
3408 53.980749 9.766264 90.233736
5599 49.824982 47.244266 47.244266
7559 49.455653 45.157603 45.157603
3010 48.864232 46.490904 46.490904
10595 6.399833 -6.399833 70.714088
11070 6.602768 -6.602768 69.756874
10365 6.996415 -6.996415 70.023432
1853 62.291545 -32.155263 32.155263
2655 61.482751 -33.327196 33.327196
8879 60.986088 -32.072076 32.072076
8572 63.488812 17.929704 82.070296
10364 61.265941 17.458375 82.541625
9320 63.696789 15.045618 84.954382
10790 98.105661 1.894339 9.539612
10789 99.111909 0.888091 8.672618
10405 98.458004 1.541996 7.314257
4610 8.275311 -8.275311 56.228729
6572 8.267006 -8.267006 57.415935
5344 7.741086 -7.741086 57.116062
5613 7.159719 4.501509 95.498491
2551 7.123509 4.150001 95.849999
2550 7.508439 4.409490 95.590510
3706 21.416949 3.786417 3.786417
995 21.166627 4.900435 4.900435
9054 41.130725 11.268682 11.268682
10003 42.374511 11.999227 11.999227
10002 42.458245 10.863074 10.863074
8539 61.855037 -12.991340 12.991340
11056 60.625244 -12.828120 12.828120
8537 61.404812 -12.105569 12.105569
10466 6.351528 2.789539 97.210461
5731 18.230365 -18.230365 53.284378
6767 18.313571 -18.313571 54.557256
4797 77.444352 -9.404356 90.595644
5413 6.330445 2.817841 97.182159
8094 6.314519 2.811300 97.188700
11010 3.352143 -3.352143 39.809024
7152 2.882520 -2.882520 39.117388
6898 3.435293 -3.435293 38.497875
9224 77.551020 -22.448980 22.448980
9222 78.571429 -21.428571 21.428571
9223 78.584916 -21.415084 23.496570
6077 47.681946 16.241127 16.241127
4148 46.154417 15.525970 15.525970
5258 46.201695 16.902131 16.902131
4241 59.369744 -13.291329 13.291329
5158 77.302735 -22.697265 43.687929
7918 78.264268 -21.735732 43.029702
7394 15.117491 -15.117491 82.463646
864 37.013727 30.326672 30.326672
865 35.554440 30.194263 30.194263
8311 81.419667 16.291211 16.291211
237 79.281552 16.063058 16.063058
4036 79.720972 16.981756 16.981756
3431 21.584494 -13.634039 13.634039
723 20.977745 -13.611448 13.611448
8070 90.930152 9.069848 67.497950
8678 90.888016 9.111984 65.569881
8069 89.801744 10.198256 65.192031
4364 66.541046 -33.458954 50.132188
6563 95.742211 4.257789 28.336682
8749 94.093710 5.906290 27.709071
166 95.018472 4.981528 30.451730
1887 12.357112 -12.357112 40.796357
8485 13.118519 -13.118519 40.392942
1885 12.777762 -12.777762 41.720629
3857 52.878024 18.945172 18.945172
8620 52.814844 17.609687 17.609687
7111 87.407279 12.592721 18.597461
7642 87.945866 12.054134 16.091414
6789 5.676312 2.885386 97.114614
2749 5.834972 2.873490 97.126510
2748 5.895866 2.981605 97.018395
823 54.129026 -13.236979 86.763021
14048 55.802570 -11.938920 88.061080
821 54.892415 -11.223931 88.776069
9319 66.054808 15.778212 84.221788
3303 98.463288 -1.536712 33.226298
5576 98.144335 -1.855665 36.004577
8529 97.292643 -2.707357 33.643122
3582 56.361810 29.592836 70.407164
10867 58.065643 27.381100 72.618900
6580 59.144373 28.496853 71.503147
8966 63.534997 0.899156 0.899156
6190 62.425891 1.715273 1.715273
9115 63.840188 1.726133 1.726133
9395 42.800644 -19.354984 19.354984
8194 43.824122 -19.259854 19.259854
6354 43.659856 -19.907029 19.907029
5692 23.449469 23.449469 64.674783
7901 22.890036 22.890036 62.894764
7900 20.727460 20.727460 63.752787
6045 73.119625 3.269302 3.269302
8915 66.366516 -14.178462 14.178462
7091 67.993979 -13.894008 13.894008
10385 18.790223 -18.790223 64.644499
2416 18.371579 -18.371579 64.686605
703 7.435585 -7.435585 77.075269
6214 6.695328 -6.695328 78.404112
1498 6.902867 -6.902867 76.907257
4344 20.793209 14.484543 85.515457
1741 16.693047 -16.693047 75.586020
1742 17.188708 -17.188708 75.411937
8717 15.282532 -15.282532 82.405469
13548 15.306266 -15.306266 82.382578
13546 15.300751 -15.300751 82.403227
8327 13.455530 -13.455530 74.367505
9008 13.569482 -13.569482 73.845842
8521 28.846154 0.000000 100.000000
7552 30.769231 0.000000 100.000000
969 39.930251 -10.301601 89.698399
968 43.151425 -9.016408 90.983592
5818 43.414510 -6.280610 93.719390
9678 6.550204 6.550204 71.542145
2218 9.201219 9.201219 70.917704
2217 6.564340 6.564340 70.208813
7127 23.679217 23.679217 30.665812
7841 21.905765 21.905765 32.287543
7814 24.759299 24.759299 31.931528
9242 15.264912 -15.264912 82.317601
5782 15.262053 -15.262053 82.314314
5784 15.269412 -15.269412 82.310334
8003 6.506933 2.778396 97.221604
3077 6.464779 2.744734 97.255266
8095 6.527636 2.752320 97.247680
1693 5.460990 5.460990 54.523123
746 6.317069 6.317069 52.934313
801 3.787327 3.787327 53.102698
6911 4.506902 4.506902 14.420320
4516 8.806166 8.806166 13.173100
4518 3.825683 3.825683 12.426776
8679 80.674222 19.325778 65.779619
2032 79.046680 20.953320 63.807617
2031 79.356056 20.643944 66.142984
1540 20.061120 -20.061120 43.781242
2871 20.025654 -20.025654 44.943178
1541 19.358264 -19.358264 44.452760
9701 94.005863 -5.994137 17.585378
5724 94.416812 -5.583188 18.490607
364 93.745329 -6.254671 19.014145
7440 94.696982 -5.303018 85.093826
7762 95.827589 -4.172411 88.214369
1796 94.362737 -5.637263 86.817806
6473 17.513114 -17.513114 68.120531
13739 17.555363 -17.555363 68.425245
13738 17.327842 -17.327842 68.627242
11112 16.552137 -12.768361 12.768361
6328 16.877047 -13.606436 13.606436
9206 15.587737 -13.060883 13.060883
6695 91.548731 8.451269 84.220990
4974 90.317511 9.682489 81.767909
4392 90.203995 9.796005 83.664582
1288 7.720820 -7.720820 60.621578
1670 15.966388 -15.966388 69.288458
355 16.263755 -16.263755 68.989220
1668 16.129668 -16.129668 69.547906
9909 54.285287 45.714713 48.636058
3348 52.325581 47.674419 47.674419
9908 53.163375 46.836625 49.385711
7179 11.067684 -11.067684 63.108936
6947 10.651269 -10.651269 63.106714
7143 10.999196 -10.999196 62.323657
2060 6.182774 -6.182774 37.656298
5929 5.695087 -5.695087 36.509093
5928 6.382891 -6.382891 36.383041
10243 19.341961 -19.341961 45.577859
10242 19.972792 -19.972792 46.027390
3422 19.324357 -19.324357 46.694644
5575 58.835706 2.137689 2.137689
5227 57.397204 1.471734 1.471734
5574 57.342525 2.640170 2.640170
10025 23.830330 -23.830330 56.202454
4698 23.868063 -23.868063 57.475377
1175 23.001248 -23.001248 57.042929
10903 9.525161 -9.525161 22.043857
7809 10.070265 -10.070265 21.185442
10562 10.515772 -10.515772 22.355109
1900 54.515130 -30.592274 30.592274
4579 55.844248 -30.583861 30.583861
9300 55.258802 -31.544835 31.544835
7061 10.132460 -10.132460 45.233769
3847 10.418149 -10.418149 46.122965
1382 9.830979 -9.830979 46.206264
1509 71.233009 7.134853 7.134853
1510 73.036730 7.255674 7.255674
1511 72.484491 5.878544 5.878544
5645 43.605675 -17.606148 17.606148
5646 42.635368 -17.689953 17.689953
897 42.826270 -17.093425 17.093425
10552 74.715706 7.449986 7.449986
10553 75.033998 8.903752 8.903752
2211 7.692308 0.000000 100.000000
4738 16.940630 16.940630 49.986538
3227 17.880202 17.880202 48.194377
10316 15.796007 15.796007 48.491612
7923 39.128999 -39.128999 58.289431
1318 38.085751 -38.085751 57.265658
1320 39.299839 -39.299839 56.474619
9366 96.257204 -3.742796 5.142213
9037 95.918367 -4.081633 4.081633
4297 83.954222 -16.045778 76.410388
4950 82.888096 -17.111904 73.951531
3062 5.520115 -5.520115 51.605943
8391 4.879110 -4.879110 51.501261
1966 5.223361 -5.223361 50.279059
1456 34.638524 33.289069 33.289069
1734 36.233896 33.851005 33.851005
9498 73.522490 -19.393786 80.606214
2697 72.285780 -20.332435 79.667565
4037 19.713913 -12.682568 12.682568
2118 79.022979 2.608989 97.391011
2694 78.921706 5.591837 94.408163
3007 77.059455 4.508563 95.491437
1131 5.555556 -5.555556 5.555556
4929 5.722844 -5.722844 7.421903
3636 4.498661 -4.498661 6.169300
6236 6.409025 2.898855 97.101145
11194 6.441711 2.910020 97.089980
8108 6.423544 2.916797 97.083203
1940 4.444444 -4.444444 4.444444
8894 3.406516 -3.406516 4.940132
6302 4.806666 4.806666 10.038718
9472 0.000000 0.000000 9.523810
9337 0.000000 0.000000 11.111111
8150 96.567972 -3.432028 26.313043
304 95.871260 -4.128740 26.090540
303 96.316383 -3.683617 24.778454
10207 14.107030 -14.107030 68.411604
5484 28.971074 -28.971074 69.923210
7352 29.807692 -29.807692 70.192308
10877 17.833325 -17.833325 32.398944
10702 16.814892 -16.814892 32.530203
10703 17.227370 -17.227370 31.168644
3219 9.090909 9.090909 9.090909
4517 8.660048 8.660048 11.260059
6492 15.491664 -15.491664 82.074831
2286 15.543846 -15.543846 82.036200
7683 15.499679 -15.499679 82.100913
1934 34.715549 -34.715549 53.636691
1624 33.696550 -33.696550 54.553449
1933 33.714757 -33.714757 53.047978
8162 17.536492 -17.536492 65.543007
9095 17.911083 -17.911083 65.609080
9094 17.587651 -17.587651 66.094171
1331 55.832195 -28.889027 28.889027
1329 57.175577 -28.624684 28.624684
1330 56.478581 -29.675953 29.675953
10250 32.561799 -32.561799 52.345528
11107 32.918403 -32.918403 50.400698
11114 33.946199 -33.946199 51.403851
11014 13.759814 -13.759814 51.434299
10869 14.092131 -14.092131 52.037350
9577 19.442018 -19.442018 63.103777
4551 19.568621 -19.568621 62.366098
1469 20.033180 -20.033180 62.665177
4238 35.698160 -35.214197 35.214197
7240 36.911189 -36.042541 36.042541
1352 36.666667 -36.666667 36.666667
4152 11.561856 -11.561856 72.882370
4153 12.045512 -12.045512 72.410739
6327 17.280080 -14.413443 14.413443
4858 17.997404 -14.065168 14.065168
5017 6.541302 2.908613 97.091387
5371 6.539155 2.942078 97.057922
7447 6.498321 2.906830 97.093170
9817 15.409850 -15.409850 74.829547
7237 15.432500 -15.432500 74.286365
2223 33.333333 -33.333333 33.333333
2224 33.609424 -32.829129 32.829129
5974 15.418568 -15.418568 82.067485
10111 15.425779 -15.425779 82.031996
4740 47.808407 -44.728221 44.728221
6060 47.580415 -46.087309 46.087309
2405 46.796394 -44.689366 44.689366
537 79.642102 -17.348668 17.348668
5244 78.237418 -18.047248 18.047248
538 78.605778 -17.162704 17.162704
8178 27.259389 -27.259389 56.947883
8177 26.321859 -26.321859 57.518564
2486 26.586031 -26.586031 56.297163
9524 95.542935 -4.457065 63.328046
9525 96.436014 -3.563986 62.470756
8353 96.537935 -3.462065 64.856426
2634 41.319107 -41.319107 51.321376
2636 42.999610 -42.999610 51.315930
7310 42.252656 -42.252656 53.006588
4689 87.958601 -2.478631 97.521369
2236 89.506076 -2.379071 97.620929
6968 33.785458 16.115940 16.115940
3853 32.647065 15.515084 15.515084
1446 100.000000 0.000000 80.000000
8305 98.208760 1.791240 77.733861
7773 98.890469 1.109531 80.373564
3369 30.446742 16.868548 16.868548
2483 31.713541 17.905377 17.905377
459 61.563435 -36.850949 36.850949
461 60.120082 -37.016400 37.016400
1245 80.665327 19.334673 30.444389
8373 79.234988 20.765012 31.426368
8374 80.714222 19.285778 32.771011
8145 4.512785 3.321796 3.321796
8211 92.228632 -7.771368 13.873104
70 92.591042 -7.408958 14.994141
446 91.903498 -8.096502 15.005292
4231 28.004509 -16.599893 16.599893
8381 26.961492 -16.722550 16.722550
10728 27.081049 -16.122240 16.122240
4254 33.365531 33.365531 52.377143
4253 35.493566 35.493566 52.056782
5551 33.849281 33.849281 50.278493
9260 43.197748 2.946977 2.946977
3197 44.728376 2.465552 2.465552
8630 43.021453 1.621395 1.621395
5869 5.983598 2.762256 97.237744
5870 6.007441 2.823613 97.176387
4723 57.376794 23.896000 23.896000
4647 58.850239 23.393887 23.393887
10457 57.635549 22.582797 22.582797
7185 92.857143 -7.142857 7.142857
8512 93.877551 -6.122449 6.122449
5357 93.447670 -6.552330 7.405870
7460 18.093807 -18.093807 23.407607
8787 38.399888 -30.533079 30.533079
3321 39.359379 -30.199531 30.199531
9673 39.665901 -31.173429 31.173429
9702 67.496829 -15.160548 84.839452
9569 68.522085 -13.552553 86.447447
8411 66.320040 -14.374177 85.625823
1840 22.222222 0.000000 0.000000
7596 90.000000 10.000000 90.000000
8172 90.630228 9.369772 88.863683
6158 20.969767 -12.564935 12.564935
5099 20.204266 -12.224517 12.224517
8821 39.555026 2.096793 2.096793
8820 40.081443 1.050369 1.050369
1043 38.354726 1.066827 1.066827
10344 50.664737 -38.072456 38.072456
10885 50.265987 -36.987297 36.987297
1899 55.162822 -29.655401 29.655401
1038 69.767442 30.232558 30.232558
5736 68.042346 30.062351 30.062351
10629 68.604651 31.395349 31.395349
9533 94.173410 -5.826590 58.260408
7227 95.054285 -4.945715 58.894754
4526 2.667565 -2.667565 65.740152
371 2.254559 -2.254559 65.275674
3256 2.881284 -2.881284 64.447893
1443 15.650931 -15.650931 82.008939
10132 15.726975 -15.726975 81.974063
8080 15.630187 -15.630187 82.086740
9461 57.998810 -10.812972 10.812972
351 6.920566 -6.920566 61.525759
350 6.307327 -6.307327 62.454042
10068 6.432341 -6.432341 61.068314
10652 23.506527 -12.176696 12.176696
6057 59.603575 -0.790353 0.790353
7090 61.111111 0.000000 0.000000
6058 61.666993 -0.797667 0.797667
4642 64.948749 -24.576795 75.423205
8804 65.680969 -22.985088 77.014912
8803 63.444997 -24.134527 75.865473
1228 88.901067 -11.098933 23.907302
2184 88.906163 -11.093837 25.967087
2191 87.983460 -12.016540 24.590310
9502 43.058437 -37.687355 62.312645
1789 40.947678 -37.691257 62.308743
4908 9.522903 -9.522903 26.170976
10849 9.004657 -9.004657 27.082263
3359 8.528393 -8.528393 25.149573
3881 3.706671 -3.706671 12.231435
11108 5.464319 -5.464319 13.780277
10695 4.176466 -4.176466 14.777192
8278 2.298869 -2.298869 13.615405
7365 51.562999 -5.359154 5.359154
7739 51.426552 -4.520673 4.520673
7363 53.049340 -4.908641 4.908641
11144 18.456834 -10.168816 10.168816
7957 18.448759 -9.418132 9.418132
719 36.281277 25.850656 74.149344
720 35.330106 29.098006 70.901994
718 33.950546 28.576381 71.423619
5305 7.084540 1.112322 98.887678
4479 6.001206 1.056577 98.943423
10492 36.554564 -21.514252 21.514252
9843 37.217769 -22.132042 22.132042
4589 35.827172 -22.054996 22.054996
9036 6.694809 -6.694809 57.733723
7894 6.824494 -6.824494 58.894514
8034 6.111704 -6.111704 58.987834
6610 29.689232 11.423129 11.423129
10309 30.796229 11.035636 11.035636
6820 29.728882 10.524355 10.524355
7246 12.468847 -12.468847 62.071266
1355 12.676453 -12.676453 61.062933
7247 13.064790 -13.064790 61.705102
4975 91.111707 8.888293 80.714827
6697 91.709517 8.290483 82.729391
5050 51.185167 3.832587 3.832587
9439 53.006270 4.340972 4.340972
5051 52.932396 3.184133 3.184133
5598 38.641814 -35.961228 35.961228
716 39.228579 -37.330119 37.330119
715 38.092792 -36.706986 36.706986
14097 0.798087 0.798087 98.604797
2650 0.000000 0.000000 98.412698
14098 0.798944 0.798944 97.802774
6006 88.937705 -11.062295 41.330327
10379 87.961788 -12.038212 39.381563
5493 49.765555 -42.323932 42.323932
3722 49.859808 -43.879160 43.879160
3439 48.748072 -42.979018 42.979018
6241 1.700621 -1.700621 59.985096
6240 2.094736 -2.094736 58.607352
3690 2.235858 -2.235858 59.950340
10829 37.127206 18.828896 18.828896
2098 37.488814 17.591573 17.591573
3446 36.100973 17.714995 17.714995
5425 6.320528 2.822108 97.177892
473 6.328834 2.834741 97.165259
5558 6.307704 2.825952 97.174048
9180 24.215395 -13.809046 13.809046
9099 24.992288 -14.221278 14.221278
9179 24.290744 -14.164849 14.164849
8655 40.924194 -18.762907 18.762907
9098 41.677453 -19.403298 19.403298
9435 6.651639 -6.651639 74.685353
10086 6.096582 -6.096582 75.823601
10236 6.169537 -6.169537 74.613603
10949 66.553933 33.446067 42.426701
5024 65.611812 34.388188 43.631830
5026 67.372522 32.627478 44.422888
2343 11.082296 -4.482197 4.482197
1064 12.550717 -4.409974 4.409974
1993 12.778128 -5.311890 5.311890
2368 47.727273 47.727273 47.727273
9964 46.747105 45.841693 45.841693
2507 46.590909 46.590909 46.590909
5690 22.630847 -22.630847 66.868419
4114 23.162664 -23.162664 66.196221
10044 13.359831 -13.359831 14.859255
8375 13.300002 -13.300002 16.329449
10240 12.350365 -12.350365 15.274248
7329 90.347540 9.652460 32.457612
8339 6.467945 2.882908 97.117092
11148 6.458482 2.898590 97.101410
10992 6.436659 2.878149 97.121851
11142 6.425152 2.889665 97.110335
4034 70.876658 -17.662640 82.337360
13358 70.953257 -16.742317 83.257683
3222 69.069134 -17.791584 82.208416
13359 72.055642 -16.802649 83.197351
4911 16.111716 -16.111716 81.311835
7825 16.099482 -16.099482 81.490753
8102 15.949456 -15.949456 81.545935
4111 96.770091 -3.229909 20.911218
9757 96.220479 -3.779521 21.768334
6061 96.274430 -3.725570 20.293438
6671 41.718561 34.150467 34.150467
4022 41.850968 33.046657 33.046657
4021 40.855811 33.285565 33.285565
2823 48.790426 33.017486 66.982514
11154 51.608316 32.040884 67.959116
10656 49.593861 34.696339 65.303661
5735 70.070647 -4.538996 95.461004
4161 68.719650 -6.312995 93.687005
5476 70.896119 -5.534166 94.465834
4272 55.751490 19.833149 19.833149
2789 54.584482 0.690446 0.690446
2791 53.703704 0.000000 0.000000
6715 53.236632 0.929526 0.929526
9201 5.378772 -5.378772 68.768621
7184 5.468673 -5.468673 67.604965
7183 5.941406 -5.941406 67.922857
2959 95.744722 -4.255278 57.212324
6119 96.691668 -3.308332 56.513560
1129 97.050040 -2.949960 58.713512
3004 46.352576 26.024832 26.024832
9370 47.106528 24.917568 24.917568
5434 45.530468 24.668078 24.668078
2063 23.967311 -23.967311 66.966234
7997 23.891668 -23.891668 66.228174
3190 22.257147 8.069343 8.069343
7279 24.184619 9.427758 9.427758
3803 25.355984 -9.540820 9.540820
6744 25.797248 -10.383956 10.383956
154 34.558598 -22.418132 22.418132
7490 28.565572 -2.634600 2.634600
1420 26.532180 -2.141662 2.141662
5138 16.796963 16.796963 65.606092
491 15.217975 15.217975 63.718779
3223 13.675660 13.675660 65.108967
5626 76.550772 23.449228 72.130009
5737 78.422877 21.577123 73.788835
7468 33.897085 -32.351016 32.351016
7338 35.011395 -32.398085 32.398085
1714 9.679605 1.040127 98.959873
9689 10.558032 1.456022 98.543978
7620 9.316232 1.584849 98.415151
10100 16.890376 -16.890376 66.054868
8798 16.836696 -16.836696 66.654397
8910 16.491279 -16.491279 66.409496
2711 18.005586 18.005586 70.358791
4237 21.995010 21.995010 70.626161
8421 19.905981 19.905981 68.982095
2369 11.582035 -11.582035 74.984149
10880 11.120831 -11.120831 75.073355
3343 11.574986 -11.574986 74.386317
11117 46.938876 5.015576 5.015576
10383 47.877189 5.901557 5.901557
9382 48.506406 4.979208 4.979208
1623 32.697715 -32.697715 54.019005
1622 32.692925 -32.692925 55.448026
612 16.034284 -16.034284 45.089070
7712 15.352011 -15.352011 44.662181
9019 15.948506 -15.948506 43.936814
7489 30.124400 -2.244670 2.244670
10428 83.301451 -16.698549 32.057465
8580 82.512043 -17.487957 33.109508
8581 82.260889 -17.739111 31.175749
10834 74.222396 -25.777604 67.313899
2111 73.416039 -26.583961 68.278455
2110 72.645928 -27.354072 66.367512
8917 16.382058 5.312717 5.312717
8476 16.415498 6.307710 6.307710
8905 18.176278 6.029214 6.029214
2071 94.656628 -5.343372 69.534530
6953 94.107681 -5.892319 71.101990
7538 6.730471 -6.730471 71.208267
4186 6.146692 -6.146692 71.872278
9685 1.597456 -1.597456 56.028437
1117 2.192600 -2.192600 55.831471
7293 1.834750 -1.834750 57.342961
675 46.493418 -35.718631 35.718631
625 46.129713 -34.395415 34.395415
10269 47.592926 -34.797359 34.797359
4387 51.932118 -22.350607 22.350607
2444 52.361421 -23.262865 23.262865
8398 50.850175 -22.753252 22.753252
745 6.972818 6.972818 51.307798
744 9.070134 9.070134 52.688294
6624 69.742741 23.936510 23.936510
6623 67.986290 24.698415 24.698415
9462 57.493655 -10.045597 10.045597
9061 56.148455 -9.999227 9.999227
555 1.329753 -1.329753 35.612866
2359 2.086745 -2.086745 36.744780
556 1.615709 -1.615709 37.668264
7205 45.383884 -14.107293 85.892707
2396 20.453767 -20.453767 37.333367
4154 19.820474 -19.820474 38.112777
10095 19.650441 -19.650441 36.981695
2157 90.816327 -9.183673 9.183673
9007 89.299529 -9.654499 9.654499
152 27.041374 -15.562607 15.562607
151 26.883466 -15.025723 15.025723
7187 2.808343 -2.808343 66.986996
8850 2.145682 -2.145682 66.725402
2559 20.095306 18.899263 18.899263
2560 19.291453 17.086411 17.086411
2558 18.181818 18.181818 18.181818
2577 5.077688 0.692615 99.307385
7055 5.012721 1.038577 98.961423
10519 75.771855 -19.301598 19.301598
6621 74.406764 -20.103626 20.103626
10402 74.338902 -19.273739 19.273739
726 60.077132 -3.038382 3.038382
724 58.641037 -3.027020 3.027020
725 59.306100 -2.381491 2.381491
3387 47.317138 -16.062727 16.062727
3389 48.016442 -15.567944 15.567944
6162 48.482441 -16.216923 16.216923
13532 23.706902 -13.792234 13.792234
13533 23.565068 -13.873302 13.873302
8182 79.016525 -20.983475 64.687210
9060 79.589001 -20.410999 62.990858
8464 80.407593 -19.592407 65.279466
4048 90.958651 9.041349 47.276103
2273 91.599274 8.400726 45.660497
4619 91.655678 -8.344322 23.209102
9777 92.253545 -7.746455 22.473689
10510 92.200959 -7.799041 23.847532
2151 9.219913 -9.219913 76.963563
9515 8.608590 -8.608590 77.786486
4218 8.828136 -8.828136 76.749286
10528 63.920878 27.954579 27.954579
9921 62.433208 27.773145 27.773145
10006 62.835772 29.131341 29.131341
4258 19.489202 13.035816 86.964184
4343 18.085106 18.085106 81.914894
2554 39.093679 -23.091545 23.091545
9878 40.221124 -23.881167 23.881167
4830 41.212058 13.610088 13.610088
9538 42.052450 14.910357 14.910357
8598 42.845231 13.906871 13.906871
7610 87.002082 12.997918 44.960904
1391 88.558159 11.441841 44.909983
11115 87.631515 12.368485 42.910876
8651 16.005076 -16.005076 78.953706
8972 15.954298 -15.954298 78.319160
7565 16.558749 -16.558749 78.126510
10653 53.282706 46.717294 51.057448
10566 8.362851 1.712832 98.287168
6538 8.343776 1.215019 98.784981
6470 97.374318 -2.625682 52.763596
4936 98.102781 -1.897219 55.060293
6548 97.015065 -2.984935 54.805877
626 45.419251 -34.953669 34.953669
4043 25.716261 -15.791525 15.791525
4042 26.201281 -16.192302 16.192302
7355 14.974007 -14.974007 53.519080
6924 14.695222 -14.695222 54.713064
7356 14.176138 -14.176138 54.023405
7833 44.025170 -10.688115 10.688115
740 42.950125 -10.207495 10.207495
5981 50.443639 -33.015250 33.015250
5982 49.146345 -33.281482 33.281482
5980 49.362792 -32.133189 32.133189
1234 14.103342 14.103342 74.885244
2518 16.130591 16.130591 74.019152
2517 13.015542 13.015542 73.288254
3517 72.940987 5.089858 94.910142
7998 23.790233 -23.790233 65.351171
4116 23.048021 -23.048021 65.377354
10724 23.614453 -23.614453 64.495806
5372 40.382626 -26.170445 73.829555
9520 44.477150 -24.023611 75.976389
6300 42.096214 -23.908277 76.091723
9529 49.427642 -23.234240 23.234240
8354 48.078316 -22.486966 22.486966
8397 49.512178 -22.131636 22.131636
2606 93.030411 6.969589 32.589339
2946 55.595559 -34.411561 65.588439
7001 55.307935 -33.209470 66.790530
5440 53.203545 -34.565439 65.434561
8696 6.221596 -6.221596 43.086037
8697 5.950246 -5.950246 41.915392
8031 6.561218 -6.561218 42.343489
8419 95.191798 -4.808202 23.362690
249 94.668007 -5.331993 23.146338
5816 6.608898 2.767038 97.232962
6425 33.783110 -15.484204 15.484204
8756 33.247596 -14.548427 14.548427
6415 2.131968 -2.131968 24.243966
6901 2.706770 -2.706770 22.837051
6903 3.348094 -3.348094 25.060273
8795 18.421026 -18.421026 68.670939
3934 34.670728 -34.670728 52.329341
1927 0.841528 -0.841528 61.631588
1928 0.473566 -0.473566 63.245066
1929 0.327783 -0.327783 61.825561
2906 31.491171 -31.491171 64.185606
2905 32.486268 -32.486268 63.237876
5572 32.322985 -32.322985 64.662737
3054 60.323512 -10.326276 10.326276
7331 58.993772 -10.164029 10.164029
7332 60.131625 -9.623831 9.623831
9706 37.435959 -37.435959 60.621054
1525 36.708033 -36.708033 59.331272
8129 37.853766 -37.853766 58.894971
6760 61.517303 -38.482697 53.612708
9548 61.007433 -38.992567 51.638915
6761 62.653478 -37.346522 52.529087
5199 35.527604 12.265559 12.265559
5200 34.945802 12.907639 12.907639
5201 36.014895 13.105475 13.105475
2159 69.524404 -22.174781 22.174781
10409 15.375175 -15.375175 82.133454
3168 15.348673 -15.348673 82.167344
2797 15.348110 -15.348110 82.148219
11077 10.700302 -2.040133 2.040133
10583 8.968263 -1.948968 1.948968
9490 8.616883 -1.013025 1.013025
5496 86.577067 13.422933 58.785792
10508 85.218222 14.781778 58.921458
5495 86.473653 13.526347 60.565559
3113 41.927963 -12.537332 12.537332
2074 42.341408 -11.945564 11.945564
7873 43.124403 -12.518000 12.518000
7177 78.333333 21.666667 78.333333
3836 79.384242 20.615758 77.936576
8190 18.112294 -18.112294 81.286424
13550 18.215733 -18.215733 80.830717
13551 18.765025 -18.765025 80.634722
6196 16.772823 16.772823 59.662373
2446 13.659203 13.659203 58.960363
275 15.167087 15.167087 60.487332
4802 91.836735 -8.163265 8.163265
4801 90.736543 -7.883001 7.883001
9890 20.017576 -20.017576 48.203187
4085 15.385902 -15.385902 69.321175
9200 15.690762 -15.690762 68.855703
4086 15.699889 -15.699889 69.307457
2310 50.195414 4.978553 4.978553
5214 8.111550 3.221337 96.778663
1230 8.546709 3.411232 96.588768
8769 8.123707 3.491633 96.508367
6966 63.915769 26.610253 73.389747
6965 66.127552 26.151036 73.848964
9491 64.917108 27.832897 72.167103
7399 6.107492 -6.107492 30.053445
7421 6.357901 -6.357901 28.747787
926 6.925757 -6.925757 30.066458
1071 61.379057 -20.785687 20.785687
5120 60.167252 -21.549777 21.549777
5121 60.040292 -20.624242 20.624242
7950 15.356506 -15.356506 75.973897
6992 15.384261 -15.384261 75.397484
150 9.295177 -9.295177 76.247817
148 9.120745 -9.120745 75.833152
9760 2.542355 -2.542355 50.584974
8700 2.498185 -2.498185 52.041175
8699 2.041818 -2.041818 51.464589
1618 70.079446 -29.920554 38.276500
1616 71.133451 -28.866549 37.917165
1617 70.869780 -29.130220 39.146790
3854 22.834549 22.834549 26.924690
10285 24.257057 24.257057 27.910167
10284 26.136364 26.136364 26.136364
5841 15.355828 -15.355828 82.279695
3443 15.378618 -15.378618 82.260685
10420 88.809597 -5.136726 5.136726
10306 89.384033 -4.298097 4.298097
5638 22.848626 -9.481230 9.481230
5640 21.312216 -9.026634 9.026634
9580 37.525904 34.995549 34.995549
8760 38.679183 36.046948 36.046948
3900 15.231507 -15.231507 82.348370
7936 15.242676 -15.242676 82.343926
7935 15.231688 -15.231688 82.360259
8961 56.613840 43.386160 54.549247
10368 58.206704 41.793296 54.104575
5792 19.985910 -19.985910 47.101308
5781 53.256411 32.900084 32.900084
5780 52.638249 31.332344 31.332344
5882 51.723642 32.475289 32.475289
10776 53.795660 29.609224 70.390776
5431 53.952252 31.383988 68.616012
3874 46.650627 -9.709017 90.290983
7208 44.145735 -12.892028 87.107972
5500 49.705126 20.152250 20.152250
9671 49.644446 21.501153 21.501153
5501 51.112552 21.062608 21.062608
5008 6.337122 3.214155 96.785845
11037 6.251254 3.103833 96.896167
5447 11.379664 -11.379664 73.628735
6090 10.929373 -10.929373 74.129576
6569 11.083509 -11.083509 73.384274
4229 63.919452 -36.080548 60.224091
4378 65.328039 -34.671961 61.779558
4988 63.751647 -36.248353 61.938210
6188 10.597440 -10.597440 73.923109
6570 10.783882 -10.783882 73.106958
4005 38.868138 -12.722585 12.722585
4006 37.786081 -12.439478 12.439478
4004 38.443910 -12.116188 12.116188
7475 10.034468 -10.034468 52.806501
6394 10.230850 -10.230850 53.738392
9265 32.815916 -19.225929 19.225929
6134 31.422878 -19.152456 19.152456
8830 31.652676 -18.396123 18.396123
1869 24.547512 -24.547512 50.085203
9086 23.870576 -23.870576 49.389203
1867 24.868686 -24.868686 48.632336
9355 58.868205 7.937573 7.937573
1813 57.224447 8.434474 8.434474
5092 58.594946 9.140706 9.140706
5281 12.248704 -12.248704 34.430868
1429 12.060078 -12.060078 32.908440
9575 71.877389 28.122611 64.806894
5717 71.268987 28.731013 66.029662
8692 72.997639 27.002361 66.959618
8514 31.840868 -31.840868 51.249095
5359 31.719356 -31.719356 49.849104
971 78.725681 -21.274319 49.479114
9264 77.961314 -22.038686 48.183437
3671 79.235935 -20.764065 48.119266
10952 9.953510 2.039680 97.960320
2330 29.841128 26.970326 26.970326
263 31.266917 27.941025 27.941025
3230 31.077367 26.511343 26.511343
4145 5.135256 2.693887 97.306113
343 4.743862 2.541954 97.458046
342 5.001332 2.496903 97.503097
7604 46.796359 -32.724608 32.724608
1103 48.045942 -32.421308 32.421308
10270 47.888863 -33.562514 33.562514
3107 42.961918 16.359813 16.359813
3356 43.644790 15.044875 15.044875
498 56.516499 -43.483501 48.578921
10779 32.994774 -17.028303 17.028303
5521 33.374018 -18.209835 18.209835
7133 31.676192 -17.453017 17.453017
4893 32.917973 10.913402 10.913402
11228 33.991673 11.267477 11.267477
4894 33.743337 10.448331 10.448331
5530 6.698027 -6.698027 65.679616
5528 6.543109 -6.543109 67.069993
5529 6.046592 -6.046592 66.663235
2972 47.478634 -8.700192 8.700192
10174 47.628165 -7.964641 7.964641
9505 48.819096 -8.390589 8.390589
5123 22.530483 -15.016309 15.016309
100 22.194534 -15.305316 15.305316
1815 9.510905 -9.510905 69.122135
4649 9.537791 -9.537791 69.849667
4650 9.034642 -9.034642 69.971300
6974 14.368830 -14.368830 70.037157
2252 15.970805 -15.970805 81.991539
2251 15.937863 -15.937863 82.171494
8377 15.804954 -15.804954 82.191974
17 86.331076 -13.668924 82.945691
8022 87.082765 -12.917235 85.178029
13360 85.575439 -14.424561 83.119946
7168 24.955254 -24.955254 26.968232
8664 26.666667 -26.666667 26.666667
7169 25.982521 -25.982521 28.577916
5409 8.788193 0.783488 99.216512
3204 61.115375 -25.278012 74.721988
9150 62.788389 -25.694891 74.305109
10621 18.012010 -18.012010 40.288093
6529 80.468170 7.335039 7.335039
6699 79.816312 9.175092 9.175092
10140 82.447537 8.802156 8.802156
6338 93.255950 -6.744050 12.083020
1909 93.773845 -6.226155 10.977065
1908 93.875133 -6.124867 12.439152
472 6.352302 2.842312 97.157688
7265 6.338908 2.849445 97.150555
477 40.368698 -40.368698 57.563247
6567 100.000000 0.000000 67.500000
1373 98.792883 -1.207117 65.906394
5203 5.275439 2.375305 97.624695
5202 5.468199 2.514964 97.485036
591 5.249164 2.495947 97.504053
6658 83.415983 -16.584017 69.791696
10502 84.049458 -15.950542 72.108956
5168 82.670912 -17.329088 70.741663
7252 0.639415 -0.639415 38.206149
3067 0.357507 -0.357507 36.653741
554 0.950564 -0.950564 37.003392
9189 4.369660 -4.369660 65.067638
4573 5.001016 -5.001016 64.276424
5405 7.947992 -7.947992 38.452956
8092 8.184130 -8.184130 37.341701
9438 8.586853 -8.586853 38.373605
4480 4.758782 -4.758782 17.233041
9917 5.905099 -5.905099 15.958725
3871 6.669509 -6.669509 18.423876
1500 69.092186 -4.675211 4.675211
1501 70.160295 -5.234963 5.234963
1502 68.421307 -5.417958 5.417958
9831 6.347931 2.701777 97.298223
8345 6.303300 2.696999 97.303001
7065 6.302304 2.671557 97.328443
10042 92.834584 -3.169590 3.169590
5037 91.642393 -2.798923 2.798923
5036 93.580554 -2.071376 2.071376
13505 75.100722 20.281636 20.281636
8127 74.146798 21.131269 21.131269
13518 75.097915 20.919286 20.919286
2770 76.085229 19.524669 19.524669
13506 75.098601 19.450404 19.450404
11187 6.353066 2.810541 97.189459
10353 6.352659 2.817344 97.182656
11186 6.343215 2.809364 97.190636
2431 81.279861 -13.838040 13.838040
5532 81.014525 -14.881868 14.881868
3655 79.797350 -14.480925 14.480925
10387 16.763986 -16.763986 23.481029
3767 88.360431 -11.639569 63.474077
3766 87.196616 -12.803384 62.038725
10713 69.230769 0.000000 100.000000
10072 69.328144 -1.628352 98.371648
1913 71.153846 0.000000 100.000000
6531 78.362937 7.753806 7.753806
231 34.550183 10.843758 10.843758
2562 18.952175 18.952175 55.541353
4593 18.566267 18.566267 53.447537
7074 16.443614 16.443614 54.718742
7926 96.784017 -3.215983 68.809066
3504 97.111985 -2.888015 71.476114
3682 95.861519 -4.138481 70.075417
9683 51.877605 -3.793264 3.793264
1468 50.395512 -3.972357 3.972357
7594 95.242918 4.757082 36.855460
2356 96.554841 3.445159 35.508162
6944 95.235493 4.764507 34.509162
787 18.659380 -18.659380 32.239783
2820 18.245712 -18.245712 31.163537
2821 19.091490 -19.091490 31.443593
222 0.000000 0.000000 17.460317
1636 0.858868 -0.858868 19.989056
13714 0.000000 0.000000 19.047619
3167 7.337529 7.337529 17.915905
13723 4.846598 4.846598 17.080187
13733 3.046032 3.046032 17.876007
5457 19.029169 -19.029169 74.933318
2858 19.166480 -19.166480 75.585089
4983 18.431951 -18.431951 75.795915
6310 9.575253 -9.575253 43.860410
7062 9.942246 -9.942246 44.423159
4616 9.467543 -9.467543 45.098939
1022 51.130445 -13.470966 13.470966
9791 50.725688 -12.661997 12.661997
4509 63.792696 -28.382414 71.617586
7345 62.767309 -29.986563 70.013437
5141 65.071108 -29.189157 70.810843
10355 87.209302 12.790698 12.790698
10977 88.372093 11.627907 11.627907
2612 47.653720 -4.571516 4.571516
13968 47.746591 -4.214742 4.214742
1467 48.926859 -4.327585 4.327585
6708 18.357274 18.357274 25.429574
6939 19.615264 19.615264 23.621287
4447 15.861312 15.861312 24.737974
9818 54.123611 -2.974061 2.974061
5096 53.444847 -3.673209 3.673209
9942 52.426664 -3.099371 3.099371
847 6.939389 2.754287 97.245713
848 7.036424 2.863569 97.136431
849 6.875462 2.812713 97.187287
7741 17.307692 -17.307692 82.692308
13553 17.891593 -17.891593 81.824461
13554 18.269231 -18.269231 81.730769
7701 2.809823 2.809823 54.480408
5021 1.725878 1.725878 53.167499
5023 0.000000 0.000000 53.968254
5912 93.332379 -1.491248 98.508752
2235 90.247847 -3.106652 96.893348
8733 92.499535 -3.005636 96.994364
3357 44.752387 16.044912 16.044912
3355 44.932934 14.993954 14.993954
3494 14.272300 -14.272300 42.469305
3493 14.243889 -14.243889 43.541534
8484 13.702983 -13.702983 43.076708
2051 74.202531 -24.082538 75.917462
3081 74.425776 -22.446678 77.553322
1642 72.507123 -23.790829 76.209171
5739 21.237501 -21.237501 77.671423
10608 20.727967 -20.727967 78.545162
2137 75.183080 -19.155560 80.844440
10698 74.821541 -20.822361 79.177639
6544 49.212440 39.032497 39.032497
476 50.525884 38.958162 38.958162
6543 49.728934 37.605612 37.605612
6802 64.913431 31.101636 31.101636
185 63.266003 30.543042 30.543042
10458 56.453382 21.794622 21.794622
8329 56.235161 23.054384 23.054384
7595 95.744524 4.255476 39.720594
8613 94.493153 5.506847 38.579248
3292 81.125251 18.874749 76.765613
3291 80.122555 19.877445 74.682607
2652 79.773070 20.226930 75.731891
8394 49.200465 -26.677447 26.677447
4026 50.634438 -26.940778 26.940778
6207 49.721941 -27.739771 27.739771
4991 3.303224 -3.303224 67.829087
10400 3.694963 -3.694963 66.158649
10245 70.197071 -29.802929 49.100049
10157 70.871591 -29.128409 51.023322
6978 69.173014 -30.826986 50.481997
10232 6.170296 2.784042 97.215958
10301 6.190179 2.770852 97.229148
7808 6.215848 2.794371 97.205629
9997 63.238792 21.428317 21.428317
10942 64.371932 20.985524 20.985524
8302 45.129329 13.203798 13.203798
6086 46.626766 13.353928 13.353928
6652 70.582038 -19.036832 19.036832
3534 70.346524 -19.997398 19.997398
7326 69.241049 -19.493062 19.493062
2996 46.765810 -12.375179 12.375179
4139 45.525056 -12.413456 12.413456
5450 45.953048 -11.782661 11.782661
3477 40.761470 -16.819914 16.819914
898 41.897000 -16.566904 16.566904
4947 41.812892 -17.252235 17.252235
3754 6.962218 2.645617 97.354383
6287 6.824699 2.677181 97.322819
5445 6.742231 2.592863 97.407137
10043 93.740276 -3.716416 3.716416
1164 15.301220 -15.301220 82.214029
1165 15.310054 -15.310054 82.191001
1166 15.317207 -15.317207 82.196392
6948 10.268651 -10.268651 63.213479
8706 7.654006 -7.654006 74.457058
1497 7.160045 -7.160045 75.574881
7499 7.142678 -7.142678 74.592853
6986 34.528325 14.688025 14.688025
10744 33.439644 14.147764 14.147764
10946 33.609112 15.114948 15.114948
10651 5.952131 2.502229 97.497771
10623 5.814146 2.448076 97.551924
10241 5.916205 2.434663 97.565337
6041 31.623568 18.867668 18.867668
10893 30.542387 18.230549 18.230549
6098 96.835552 -3.164448 28.010335
8307 96.122790 -3.877210 27.677312
2629 2.032241 2.032241 51.905181
5022 0.000000 0.000000 52.380952
7932 11.517205 -11.517205 57.871804
8606 11.967708 -11.967708 57.207220
8605 12.091280 -12.091280 58.034970
7302 6.441769 2.848702 97.151298
6616 6.465411 2.845272 97.154728
6615 6.470027 2.864796 97.135204
8120 24.316661 -24.316661 44.205022
9475 23.611487 -23.611487 43.436270
430 31.794762 14.943806 14.943806
8313 42.553191 42.553191 57.446809
10441 40.370984 40.370984 56.350971
9088 41.489362 41.489362 58.510638
2602 35.551383 15.216469 15.216469
5065 35.447999 14.329604 14.329604
4549 15.051673 -15.051673 67.128383
4828 15.181900 -15.181900 67.395069
8109 14.816426 -14.816426 67.572145
7810 9.107986 -9.107986 20.260592
3710 8.209911 -8.209911 18.518687
6460 9.441531 -9.441531 18.621656
10965 50.463319 16.334204 16.334204
7369 50.552404 15.155057 15.155057
6183 49.137871 15.619950 15.619950
550 19.082436 -19.082436 67.454370
3896 19.169938 -19.169938 68.008377
4827 14.999464 -14.999464 67.905252
5546 37.946183 -20.641879 20.641879
10517 37.622371 -21.476929 21.476929
4561 46.207259 31.799574 68.200426
2824 46.050947 33.915072 66.084928
7362 43.734753 34.244784 65.755216
6950 56.845062 -17.395530 82.604470
9146 58.960384 -16.508129 83.491871
13976 57.617032 -16.129656 83.870344
6116 17.324990 -17.324990 62.702262
1463 17.556936 -17.556936 62.969580
6383 15.258325 -15.258325 51.393652
9884 14.998583 -14.998583 50.734182
9883 15.593008 -15.593008 50.644035
6520 32.211251 13.514237 13.514237
428 32.553867 14.576798 14.576798
7151 13.726026 -13.726026 39.054284
6711 13.147859 -13.147859 37.913677
4664 13.889294 -13.889294 37.624501
457 23.076923 -23.076923 76.923077
5427 27.449786 -18.469730 81.530270
5429 24.942324 -19.238446 80.761554
1744 89.424246 10.575754 26.081808
9173 88.714396 11.285604 28.018266
1745 90.190114 9.809886 28.412349
8693 12.310188 -12.310188 16.707287
8695 12.345737 -12.345737 17.926290
8646 11.463452 -11.463452 17.365238
495 34.562997 -34.562997 56.627578
3618 33.649902 -33.649902 56.002301
3181 34.708455 -34.708455 55.166695
4389 69.394622 7.159827 7.159827
817 67.701982 7.587479 7.587479
4390 68.745345 8.225150 8.225150
1506 80.969691 -19.030309 55.182389
6219 79.930962 -20.069038 54.252638
2955 80.981792 -19.018208 53.635139
13507 6.260360 2.786294 97.213706
5291 6.256561 2.793957 97.206043
13508 6.247204 2.785265 97.214735
9684 78.490658 21.509342 34.935964
1017 79.213609 20.786391 37.218497
7269 79.751899 20.248101 35.544126
3765 1.601610 -1.601610 66.331732
1209 5.978081 2.709546 97.290454
1826 5.884403 2.705528 97.294472
1186 36.454760 14.847760 14.847760
198 15.311773 -15.311773 82.262205
9721 15.311546 -15.311546 82.267249
11156 15.306630 -15.306630 82.269598
2423 4.257423 -4.257423 71.937387
5602 4.876476 -4.876476 71.296062
9786 71.064854 -28.935146 65.562618
1505 69.509729 -30.490271 65.026380
9968 70.027016 -29.972984 63.397199
7370 50.690398 14.104824 14.104824
7368 49.346113 14.342643 14.342643
4745 15.493254 -15.493254 82.447679
13635 15.576922 -15.576922 82.355475
13634 15.590919 -15.590919 82.377914
4744 15.571365 -15.571365 82.269092
13555 15.562798 -15.562798 82.338987
7864 78.944433 -11.268530 11.268530
13944 80.187043 -11.640263 11.640263
13945 79.075189 -11.973892 11.973892
9894 80.711046 -10.796371 10.796371
6289 81.679703 -11.360722 11.360722
2134 70.387514 -29.612486 58.351349
2453 70.526440 -29.473560 56.870018
7256 71.563817 -28.436183 58.258264
3607 72.701032 -27.298968 69.144579
7527 72.154167 -27.845833 69.836736
3608 71.340192 -28.659808 68.472707
6176 6.401152 2.837861 97.162139
6175 6.385642 2.828920 97.171080
4195 6.398024 2.827057 97.172943
10012 20.857608 20.857608 45.618404
3228 20.383094 20.383094 47.610802
8882 23.018303 23.018303 46.963934
3546 15.329073 -15.329073 82.282834
5829 15.325120 -15.325120 82.297171
3656 15.315669 -15.315669 82.297474
10547 36.117269 29.135410 29.135410
6269 34.694721 28.996353 28.996353
4019 15.275979 -15.275979 82.187068
4018 15.282455 -15.282455 82.146894
1287 15.316880 -15.316880 82.142854
4017 15.240187 -15.240187 82.203702
4438 71.966970 -9.060358 9.060358
4437 72.086194 -8.266374 8.266374
5016 73.719606 -8.500654 8.500654
1959 23.766098 15.028996 15.028996
10056 24.814685 14.292088 14.292088
10904 23.273248 13.392612 13.392612
2994 44.011013 29.676533 70.323467
2892 45.294155 26.589522 73.410478
8813 21.315779 -21.315779 22.696747
9132 21.489164 -21.489164 24.274955
8812 20.390586 -20.390586 23.219635
8430 94.071879 -5.928121 42.058680
10637 95.291624 -4.708376 43.252802
7304 6.420003 2.849453 97.150547
8771 6.417757 2.836312 97.163688
3999 49.366337 -17.719002 17.719002
6738 42.838252 -28.792159 71.207841
7688 41.085603 -30.627983 69.372017
10622 1.818367 -1.818367 73.015746
7602 1.300456 -1.300456 73.810576
547 1.310001 -1.310001 72.511711
560 24.139510 2.365134 97.634866
7410 22.088814 1.975735 98.024265
6346 25.000000 0.000000 100.000000
1018 79.456896 20.543104 39.598568
1019 80.631441 19.368559 38.836805
353 15.987902 -15.987902 68.893349
8834 85.701989 14.298011 33.763575
216 84.736113 15.263887 34.694719
2689 86.283172 13.716828 35.903412
10976 34.020489 -8.458128 8.458128
2508 32.618197 -8.714987 8.714987
10658 32.607772 -7.874960 7.874960
6793 15.337020 -15.337020 82.281956
5805 15.337785 -15.337785 82.292193
4483 66.628994 -7.693982 7.693982
1535 66.346781 -8.704656 8.704656
4484 64.794351 -8.294582 8.294582
9740 42.033522 22.082248 22.082248
1078 43.314709 22.632120 22.632120
1080 42.855669 21.063674 21.063674
10755 3.103137 -3.103137 50.054652
6887 3.705723 -3.705723 49.709355
6888 3.460074 -3.460074 51.356341
8025 7.261772 7.261772 61.259621
2378 9.597050 9.597050 62.483596
2377 10.162260 10.162260 60.977074
3746 51.540824 -1.296370 1.296370
3748 52.701517 -0.696547 0.696547
7579 53.505702 -1.539020 1.539020
7640 89.357502 10.642498 15.494445
6021 73.312143 -1.394124 98.605876
5840 71.671782 -2.887641 97.112359
4772 73.584571 -2.638179 97.361821
2808 31.384365 9.397792 9.397792
2809 31.077547 8.222349 8.222349
2810 29.945465 8.863541 8.863541
6678 71.929027 8.631355 8.631355
4391 70.102070 8.332807 8.332807
10435 70.389107 9.594896 9.594896
2317 50.406019 -15.676844 15.676844
2318 50.983564 -14.949237 14.949237
2316 51.789196 -15.670142 15.670142
11140 0.873088 -0.873088 53.539465
11064 1.137891 -1.137891 52.385975
9675 1.270467 -1.270467 53.591634
4413 38.618965 -25.664047 25.664047
6347 39.571581 -26.253066 26.253066
6035 38.548370 -26.411032 26.411032
6928 83.930342 -10.062049 10.062049
6927 82.412835 -10.264655 10.264655
10827 83.709914 -9.377555 9.377555
8506 12.643112 -12.643112 64.019803
7398 12.196703 -12.196703 64.357447
2321 12.268175 -12.268175 63.703079
2802 11.992398 -11.992398 28.035724
4411 12.745016 -12.745016 26.632255
3280 13.029612 -13.029612 28.516539
10979 86.067794 13.932206 42.231448
1817 85.009316 14.990684 43.982116
2141 84.195532 15.804468 22.527344
4670 85.635412 14.364588 22.892148
2139 84.842415 15.157585 20.632284
3907 17.140648 -17.140648 64.557368
13798 29.163937 24.581262 75.418738
9800 57.608172 -34.220656 34.220656
9801 56.444754 -34.401047 34.401047
4371 56.894109 -33.380287 33.380287
10148 57.197089 -0.671977 0.671977
7089 59.259259 0.000000 0.000000
6786 40.172048 -12.968898 12.968898
7429 39.727801 -12.173420 12.173420
2036 64.508474 -20.300197 20.300197
9445 64.263921 -21.528477 21.528477
3744 62.920360 -21.069781 21.069781
11087 65.426934 -22.139074 22.139074
9114 65.098916 -23.191475 23.191475
11088 63.945734 -22.585122 22.585122
7286 44.548902 -44.548902 53.504200
6001 43.827307 -43.827307 55.147245
7311 43.088063 -43.088063 54.186032
3663 6.490821 3.159955 96.840045
3739 3.909603 3.465605 96.534395
3740 4.669085 3.893361 96.106639
3741 4.255319 4.255319 95.744681
8632 53.808065 -15.272948 84.727052
14001 54.677686 -15.865706 84.134294
7613 56.353026 -14.801223 85.198777
7272 55.389453 -17.207183 82.792817
13977 56.717448 -15.738604 84.261396
13978 55.281211 -16.166895 83.833105
4755 53.345014 44.541247 44.541247
10684 57.407407 0.000000 0.000000
8444 31.075057 -20.560042 20.560042
6233 29.763513 -20.282678 20.282678
6133 30.323978 -19.574794 19.574794
3425 64.701802 -21.405179 78.594821
3220 66.060404 -20.346390 79.653610
7536 64.248255 -20.479621 79.520379
7193 5.244040 2.111453 97.888547
5315 5.055652 2.195490 97.804510
7891 4.802727 1.969753 98.030247
1911 68.505498 20.135705 20.135705
3995 69.882052 19.576467 19.576467
504 68.581581 18.978202 18.978202
4632 2.805061 2.805061 37.714244
7094 77.996488 -22.003512 67.673910
6500 77.455581 -22.544419 68.970483
763 76.520444 -23.479556 66.993070
4643 97.088797 2.911203 90.037310
8210 98.428624 1.571376 92.288876
4644 98.514487 1.485513 90.188784
4200 20.775985 20.775985 31.090505
4201 22.580029 22.580029 29.541152
4202 20.049243 20.049243 29.994359
2091 20.406356 -20.406356 71.576026
5183 20.997742 -20.997742 71.598300
2536 20.382309 -20.382309 72.291952
4243 15.182259 -15.182259 52.316305
3009 15.846560 -15.846560 52.932209
4684 50.147014 -26.172710 73.827290
1418 50.662211 -24.335320 75.664680
10982 48.305534 -26.078393 73.921607
1309 73.184803 24.812017 75.187983
3324 75.000000 25.000000 75.000000
2502 73.333333 26.666667 73.333333
9500 83.839570 16.160430 59.396445
6917 83.667288 16.332712 56.839840
3017 15.622696 -15.622696 38.149923
3035 15.734237 -15.734237 37.007025
3034 16.315641 -16.315641 38.114237
7274 6.596581 2.936624 97.063376
5364 6.609556 2.979326 97.020674
8387 14.491190 -14.491190 83.044300
6493 14.411603 -14.411603 82.966163
7540 14.610445 -14.610445 82.798749
4994 15.042906 -15.042906 82.345141
11036 15.120929 -15.120929 82.277071
7058 15.074051 -15.074051 82.374498
3864 6.161636 -6.161636 54.420254
3862 6.703513 -6.703513 55.072267
4127 23.054667 -23.054667 72.614649
4128 23.797654 -23.797654 72.822086
4126 22.916539 -22.916539 73.529567
5918 40.867637 -20.823626 20.823626
7430 42.199231 -20.783691 20.783691
3726 87.813682 12.186318 39.327948
4476 88.350689 11.649311 41.429363
7699 89.166741 10.833259 40.083236
403 18.345996 -18.345996 60.063385
10154 18.044383 -18.044383 59.414691
3751 18.730800 -18.730800 59.145271
4641 20.208282 -20.208282 60.157001
4640 20.700351 -20.700351 60.495048
4658 20.135990 -20.135990 61.042262
6609 28.319526 11.587115 11.587115
9813 26.806768 11.692114 11.692114
10561 28.101448 12.773979 12.773979
3533 68.791352 -20.545165 20.545165
6946 10.499887 -10.499887 62.480512
5743 10.010535 -10.010535 62.807972
10997 97.717456 2.282544 16.379687
6016 98.628784 1.371216 15.291512
5704 97.731728 2.268272 14.053495
731 15.182459 -15.182459 82.326058
730 15.149710 -15.149710 82.361516
11106 15.161189 -15.161189 82.323242
4726 6.271193 2.844385 97.155615
1748 6.274654 2.830983 97.169017
3138 5.718947 -5.718947 88.055561
7105 4.904503 -4.904503 87.234076
8196 6.397336 -6.397336 85.142875
3136 7.172440 -7.172440 85.846984
1200 7.119165 -7.119165 28.882276
1202 7.764375 -7.764375 29.963105
3344 16.114064 -16.114064 70.404341
3029 16.507435 -16.507435 69.892976
1030 16.407648 -16.407648 70.512016
6360 18.506217 -18.506217 39.539371
9665 18.604196 -18.604196 40.678554
5339 44.318182 44.318182 44.318182
7260 42.772191 42.772191 44.417404
5340 43.701270 43.701270 46.398722
7487 48.313893 21.865605 21.865605
1432 49.395937 22.749695 22.749695
10237 31.368185 22.133803 22.133803
9916 61.778155 -38.221845 46.739742
10501 62.707012 -37.292988 46.101603
5671 63.183543 -36.816457 47.702193
4535 62.726028 25.095204 74.904796
6967 65.164586 24.471415 75.528585
812 19.161899 -19.161899 58.104004
1703 2.693996 -2.693996 42.424292
6062 3.161836 -3.161836 43.069224
1763 2.738490 -2.738490 43.710041
9730 8.681547 8.681547 47.838021
3647 7.574744 7.574744 49.649402
3646 9.936288 9.936288 49.474097
2685 23.158298 -16.693594 16.693594
2684 22.078362 -16.472649 16.472649
7420 54.631882 -42.383926 42.383926
10602 15.699095 -15.699095 68.361669
273 15.366613 -15.366613 68.825874
5430 52.605713 33.526316 66.473684
8857 68.134210 6.127768 6.127768
9790 49.695355 -13.227208 13.227208
1053 75.438028 24.561972 53.328592
9387 74.160023 25.839977 54.040141
1658 75.846305 24.153695 55.664920
7551 21.412767 -21.412767 48.681276
3815 21.215683 -21.215683 47.809294
7550 21.916086 -21.916086 47.667996
7982 11.880508 -11.880508 42.664321
1886 12.108447 -12.108447 41.821989
7075 12.409426 -12.409426 42.715676
9624 33.203287 -33.203287 58.254917
10159 47.904227 -11.020635 11.020635
10585 46.393361 -11.099848 11.099848
10901 46.820232 -10.343929 10.343929
2307 96.225123 -3.774877 17.613955
27 95.812970 -4.187030 18.712339
29 95.652451 -4.347549 17.568741
5355 94.254937 -5.745063 6.885247
8288 95.241777 -4.758223 6.091101
9192 94.519940 -5.480060 8.158501
11025 15.660717 -15.660717 82.257319
13556 15.669345 -15.669345 82.354345
10575 15.634035 -15.634035 82.508345
13557 15.771083 -15.771083 82.315763
370 2.467710 -2.467710 63.708776
2391 81.307114 -5.722997 5.722997
5677 79.973322 -6.397975 6.397975
6270 79.759469 -5.604211 5.604211
2392 30.401252 -30.401252 53.895797
2394 31.613284 -31.613284 53.803906
3205 30.910597 -30.910597 55.153793
7402 60.007565 39.992435 55.718014
8797 60.548391 39.451609 58.417466
5241 62.190256 37.809744 56.977719
1191 59.696361 18.399921 18.399921
1626 61.339015 18.074987 18.074987
1628 60.075690 16.883428 16.883428
1804 49.649953 28.792693 28.792693
4709 48.351465 29.438180 29.438180
8807 49.419365 29.993290 29.993290
8542 16.614876 -16.614876 48.054739
3346 53.488372 46.511628 46.511628
5651 54.651163 45.348837 45.348837
8112 66.387231 -17.046814 82.953186
13362 68.114228 -17.123663 82.876337
13363 69.438305 -16.626404 83.373596
4221 54.006869 -12.755779 12.755779
4939 50.525672 0.774696 0.774696
4940 51.701716 1.314098 1.314098
4938 51.851852 0.000000 0.000000
8828 58.143707 -33.330765 33.330765
3645 57.531514 -32.297088 32.297088
3644 58.868781 -32.540606 32.540606
8384 15.393861 -15.393861 64.061420
1680 15.590609 -15.590609 64.222193
8013 15.278303 -15.278303 64.500523
4765 49.886156 -29.821363 29.821363
8203 50.959887 -30.715570 30.715570
9244 49.593829 -30.971367 30.971367
11236 15.294218 -15.294218 82.291389
11168 15.293660 -15.293660 82.286693
11244 15.298133 -15.298133 82.283713
11166 15.297092 -15.297092 82.280278
5847 32.675548 -32.675548 66.397680
1760 32.692308 -32.692308 67.307692
954 31.731157 -31.731157 67.104755
893 57.693526 4.725450 4.725450
3097 58.509029 4.037018 4.037018
9136 73.332630 -26.667370 42.859909
7049 71.736700 -28.263300 42.262659
5654 16.616345 -16.616345 68.082790
8603 16.612341 -16.612341 68.565360
354 16.301446 -16.301446 68.494557
9876 12.152878 -12.152878 59.138844
8509 11.577503 -11.577503 60.049117
8822 11.547065 -11.547065 58.945496
13979 74.602846 -12.102435 87.897565
11125 6.204600 2.724462 97.275538
326 26.325141 -19.087629 19.087629
10084 18.693021 -18.693021 45.114057
10247 62.583499 -16.663785 16.663785
2496 61.292130 -16.278692 16.278692
9686 62.259318 -15.942474 15.942474
4406 11.264382 -11.264382 80.525346
8751 11.636222 -11.636222 80.919639
3543 10.856494 -10.856494 81.755488
10961 27.453551 25.557100 25.557100
3827 26.345887 24.741871 24.741871
7721 11.721825 -11.721825 79.407150
4725 6.296417 2.843754 97.156246
5714 65.173788 -18.365208 18.365208
5715 64.922804 -17.528214 17.528214
3413 13.948713 -13.948713 76.414829
10252 13.653227 -13.653227 76.114693
7766 14.216288 -14.216288 75.663912
9929 69.282878 -11.241314 11.241314
8825 69.870723 -10.283657 10.283657
8472 71.029012 -10.870770 10.870770
4751 16.215792 -16.215792 75.794326
8443 16.130734 -16.130734 75.401625
7239 16.557293 -16.557293 75.146552
3112 97.192663 2.807337 24.265288
8298 40.952277 25.658948 25.658948
6741 42.743587 26.094686 26.094686
8680 41.707814 24.529389 24.529389
1109 10.258734 -10.258734 61.848837
7142 10.810937 -10.810937 61.582412
3772 79.039881 20.960119 61.612475
9697 80.548509 19.451491 63.703106
9055 80.605183 19.394817 61.663197
10546 52.120175 44.309262 55.690738
4358 50.594629 46.072863 53.927137
8783 49.393223 44.923585 55.076415
11049 50.807783 33.415016 33.415016
9381 52.017549 33.869568 33.869568
5353 91.420689 8.579311 19.863676
19 41.949680 -39.721584 39.721584
18 41.111111 -41.111111 41.111111
469 40.667621 -39.290201 39.290201
4029 54.136860 20.693227 79.306773
1835 53.711461 18.488662 81.511338
4464 56.105524 17.872929 82.127071
1044 36.641492 1.103889 1.103889
8363 37.037037 0.000000 0.000000
4500 12.706879 -12.706879 71.285400
9409 12.486806 -12.486806 70.965450
5206 74.851047 -25.148953 42.577395
5205 75.548572 -24.451428 43.990587
4203 74.582650 -25.417350 44.367845
4910 9.968658 -9.968658 27.449876
10019 91.623344 -7.230369 92.769631
7657 89.486535 -9.290495 90.709505
7656 92.424242 -7.575758 92.424242
3891 25.588080 22.444549 22.444549
3892 27.009422 22.415823 22.415823
5719 36.741607 36.741607 55.759743
5721 38.026409 38.026409 57.089441
9443 38.478569 38.478569 55.808560
7597 11.883669 -11.883669 48.733158
4681 12.207782 -12.207782 49.385610
7396 15.146821 -15.146821 82.418124
112 85.320932 -14.679068 54.358463
5984 84.099567 -15.900433 54.510879
558 84.194475 -15.805525 52.349245
4442 12.314761 -12.314761 69.712052
5076 12.512051 -12.512051 70.000880
7899 10.976430 -10.976430 46.057411
10677 10.706089 -10.706089 46.955828
1870 76.326275 23.673725 37.372584
1871 77.932649 22.067351 38.456051
1872 77.491045 22.508955 36.244152
2799 13.273331 -13.273331 77.693371
9303 13.671563 -13.671563 77.721264
197 13.189925 -13.189925 78.403806
5494 68.942679 31.057321 44.793726
4399 68.514882 31.485118 46.384557
10537 14.855940 -13.652493 13.652493
10045 14.444444 -14.444444 14.444444
8951 13.333333 -13.333333 13.333333
6478 74.508833 -13.475295 13.475295
7748 73.890403 -14.255146 14.255146
7598 73.069917 -13.552617 13.552617
5637 69.901900 30.098100 41.877102
6369 69.262048 30.737952 43.283534
14049 70.479727 29.520273 43.470300
2468 37.573091 -25.188781 25.188781
2404 47.064910 -43.831580 43.831580
1963 13.234639 -13.234639 83.605061
3660 12.470173 -12.470173 84.730219
7342 19.939246 19.939246 66.239225
8854 21.475056 21.475056 67.827210
3548 22.840759 22.840759 66.789886
3036 9.522865 -9.522865 78.890694
3037 9.610604 -9.610604 78.002300
4941 15.287347 -15.287347 82.281410
2804 15.291744 -15.291744 82.278059
7533 2.019680 -2.019680 49.640931
820 15.538197 -15.538197 81.948731
573 15.535915 -15.535915 81.899573
3489 56.003335 -31.068117 68.931883
2632 57.082512 -31.818874 68.181126
10752 58.451522 -30.236481 69.763519
471 6.339032 2.828785 97.171215
7400 32.470229 8.901971 8.901971
11119 97.400663 -2.599337 78.446832
2492 96.925093 -3.074907 80.079062
6882 96.352393 -3.647607 77.333158
5783 15.269749 -15.269749 82.304176
8248 15.274350 -15.274350 82.303601
8738 33.544516 -2.477403 2.477403
9504 33.236035 -1.826415 1.826415
3505 34.825694 -2.153742 2.153742
4982 4.109671 2.260002 97.739998
7320 3.350880 1.722331 98.277669
7603 45.601561 -31.918323 31.918323
5127 45.573689 -33.148458 33.148458
9352 16.716483 -16.716483 36.835485
5701 17.761587 -17.761587 36.737518
8791 17.255750 -17.255750 38.108032
5216 6.113705 2.696827 97.303173
10110 6.323560 2.856211 97.143789
5772 6.314532 2.839844 97.160156
3563 69.652544 -30.347456 35.679177
6851 68.629787 -31.370213 35.203709
8276 69.647960 -30.352040 34.193465
7632 15.355206 -15.355206 82.377769
1842 15.328450 -15.328450 82.373211
13558 15.361862 -15.361862 82.338689
286 15.362643 -15.362643 82.312534
13559 15.343047 -15.343047 82.341869
10866 92.905585 -7.094415 53.166201
7117 92.054361 -7.945639 51.118223
7195 93.120931 -6.879069 51.522809
7535 35.817074 8.714723 8.714723
7020 35.975941 7.844940 7.844940
2451 69.456972 -30.543028 55.556333
2133 69.363842 -30.636158 57.078704
2850 68.219908 -31.780092 55.779452
9453 15.485957 -15.485957 81.911828
3885 15.486050 -15.486050 81.848028
571 15.571319 -15.571319 81.808903
9392 25.748879 -25.748879 62.539276
4581 25.564858 -25.564858 61.456641
2506 46.179015 46.179015 48.833787
9815 45.119162 45.119162 47.370118
2271 66.265766 -25.199270 74.800730
8207 68.585394 -24.318399 75.681601
10078 67.203267 -23.526660 76.473340
5949 24.754098 -24.754098 47.168514
7651 23.906894 -23.906894 48.064234
7292 1.493714 -1.493714 58.846109
9605 92.877266 -7.122734 40.884838
9372 93.142417 -6.857583 43.476597
9910 91.893091 -8.106909 42.318331
7505 12.672376 11.940953 11.940953
13715 10.227273 10.227273 10.227273
13725 11.363636 11.363636 11.363636
13716 10.415569 9.487923 9.487923
6739 43.114661 -27.594004 72.405996
6740 40.152830 -29.399245 70.600755
7756 72.528253 -27.471747 45.935873
8823 73.603632 -26.396368 46.875243
8824 72.740823 -27.259177 47.360140
11002 84.857199 9.589146 90.410854
7445 86.438048 10.372805 89.627195
1725 64.013828 -19.141480 19.141480
2037 65.596680 -19.253559 19.253559
3345 15.963652 -15.963652 70.984458
8153 73.937028 -26.062972 50.332758
531 74.775823 -25.224177 49.772833
8006 74.817437 -25.182563 51.495007
7298 43.991488 10.465754 10.465754
7299 45.209728 9.752081 9.752081
5712 43.801783 9.148110 9.148110
13235 6.259404 2.695202 97.304798
13240 6.259481 2.706630 97.293370
13439 6.244177 2.695886 97.304114
11151 6.249681 2.777131 97.222869
4263 19.406369 -19.406369 34.372559
7675 20.090245 -20.090245 35.105729
1362 19.427439 -19.427439 35.761237
11199 6.308293 2.792382 97.207618
10927 6.310235 2.801664 97.198336
5373 38.427100 -28.642307 71.357693
5374 41.941575 -26.921966 73.078034
64 18.251950 -18.251950 71.694097
2041 17.666109 -17.666109 72.082790
2221 17.903273 -17.903273 71.386531
408 85.251506 -14.748494 79.624910
361 85.487943 -14.512057 77.421316
13981 86.203235 -13.796765 79.060993
6709 61.524636 -18.823260 81.176740
6710 59.195830 -19.920426 80.079574
699 60.728977 -20.341578 79.658422
3658 15.311920 -15.311920 82.292132
3657 15.305576 -15.305576 82.303227
8007 15.302131 -15.302131 82.299752
1143 6.355825 2.899934 97.100066
2447 13.064077 13.064077 56.966708
2040 16.197563 16.197563 57.705610
260 30.370515 23.608677 23.608677
3590 29.998782 24.484871 24.484871
8314 30.960021 24.395016 24.395016
9015 15.277594 -15.277594 82.293997
485 15.275512 -15.275512 82.298760
2422 3.952309 -3.952309 73.316346
2421 4.578708 -4.578708 72.591018
3424 66.135452 -21.484015 78.515985
7361 6.124630 2.763834 97.236166
9863 6.136276 2.799905 97.200095
6011 6.062130 2.756235 97.243765
7360 6.092315 2.738372 97.261628
156 33.560691 -22.873685 22.873685
9074 32.570190 -23.495093 23.495093
4548 32.086764 -22.452067 22.452067
10525 55.554073 -33.560589 33.560589
980 23.073440 -23.073440 62.760675
4362 22.773267 -22.773267 61.860005
981 23.665891 -23.665891 61.660186
10223 20.210668 -18.376381 18.376381
7704 18.706351 -17.346349 17.346349
8097 59.550195 15.433380 15.433380
8436 58.316266 16.321908 16.321908
1764 67.409876 -26.494810 26.494810
3532 66.075904 -27.302726 27.302726
6977 65.867785 -26.265765 26.265765
5379 15.271862 -15.271862 82.342342
5380 15.264513 -15.264513 82.358165
5378 15.259454 -15.259454 82.351675
3598 37.408366 6.150337 6.150337
8574 39.134105 7.245320 7.245320
2648 39.049880 5.795446 5.795446
3904 87.832259 -12.167741 55.999654
6051 88.395577 -11.604423 54.449553
6399 21.598093 -14.277032 14.277032
13331 22.163768 -14.368534 14.368534
3551 14.893617 14.893617 85.106383
14099 8.837943 8.837943 83.599020
1221 13.829787 13.829787 86.170213
5596 24.080466 -24.080466 68.314367
1827 24.372718 -24.372718 69.042006
2332 47.862367 -25.008130 74.991870
11044 15.283911 -15.283911 82.284344
2077 67.255416 -13.217070 13.217070
5264 6.247384 2.801788 97.198212
1747 6.269366 2.817209 97.182791
8214 9.330754 -9.330754 74.555037
2713 8.993716 -8.993716 75.240711
7088 8.989872 -8.989872 74.520919
5639 21.882974 -9.912210 9.912210
7652 23.369345 -10.327063 10.327063
6409 96.296517 -3.703483 18.937999
6410 95.898744 -4.101256 19.739475
3043 5.699992 2.800100 97.199900
3042 5.798366 2.785101 97.214899
1108 10.562326 -10.562326 60.831283
3469 10.275147 -10.275147 59.817866
4233 10.998284 -10.998284 59.848903
3033 94.039309 5.960691 89.175380
2896 75.510204 -24.489796 24.489796
596 74.489796 -25.510204 25.510204
5349 15.316816 -15.316816 82.255286
200 15.312289 -15.312289 82.256382
5350 15.320485 -15.320485 82.246194
4009 2.818853 -2.818853 77.402918
4007 3.265566 -3.265566 77.895781
4008 2.496560 -2.496560 79.015345
7939 6.219804 2.689909 97.310091
5411 6.236058 2.717238 97.282762
3586 91.876631 -8.123369 86.096469
1797 93.837423 -6.162577 88.488152
3587 93.219288 -6.780712 90.388188
5366 6.285376 2.796561 97.203439
5365 6.274775 2.784997 97.215003
11039 6.294786 2.793698 97.206302
9158 6.435173 2.832127 97.167873
8734 48.566268 20.784800 20.784800
5648 47.897549 19.488614 19.488614
9594 63.605806 10.347716 10.347716
9592 61.821516 10.796872 10.796872
9593 63.300188 11.604795 11.604795
1578 6.362580 2.857518 97.142482
9427 77.045304 -2.665137 97.334863
175 78.902386 -1.362550 98.637450
8065 64.169790 22.641963 77.358037
8057 65.755617 20.312490 79.687510
3837 66.556180 22.239544 77.760456
10166 15.283657 -15.283657 82.300511
11165 15.287049 -15.287049 82.296553
10333 15.286768 -15.286768 82.300206
2297 13.132954 -13.132954 55.871570
2295 13.619199 -13.619199 54.959241
2296 13.758801 -13.758801 55.890250
9493 6.064816 2.548638 97.451362
3328 6.049664 2.480283 97.519717
3327 6.147065 2.543037 97.456963
10701 26.740290 -26.740290 47.613476
8289 25.942221 -25.942221 48.688026
5948 25.715093 -25.715093 47.400447
3020 88.912294 11.087706 32.201276
3019 87.442203 12.557797 31.983088
9851 88.336592 11.663408 34.117821
2933 22.524501 -10.756647 10.756647
522 21.860784 -11.228932 11.228932
2974 46.310389 -8.165125 8.165125
8249 15.278255 -15.278255 82.302020
5114 15.280706 -15.280706 82.298303
5088 93.210982 6.789018 43.241879
3723 94.522209 5.477791 43.289125
5198 93.221519 6.778481 41.249234
2859 19.938245 -19.938245 75.275058
2860 19.383133 -19.383133 76.186110
6403 95.054742 4.945258 9.899434
53 95.225199 4.774801 7.374356
8721 94.050441 5.949559 8.407705
5426 6.382432 2.820394 97.179606
143 6.373382 2.822111 97.177889
8427 6.371329 2.816078 97.183922
11202 6.324688 2.788859 97.211141
11201 6.315232 2.783234 97.216766
11203 6.325275 2.783391 97.216609
11200 6.316501 2.789492 97.210508
5298 6.303874 2.754905 97.245095
6432 6.311519 2.768008 97.231992
5388 6.296229 2.762155 97.237845
5300 6.298450 2.738350 97.261650
4428 6.326645 2.754090 97.245910
8504 18.654107 -18.654107 49.877910
3211 6.422505 2.815175 97.184825
3212 6.410418 2.822673 97.177327
947 91.746777 5.491273 94.508727
9281 93.333333 6.666667 93.333333
9282 91.666667 8.333333 91.666667
145 6.543103 2.860421 97.139579
125 95.052969 -4.947031 17.918677
28 95.364159 -4.635841 18.678763
10821 99.380464 -0.619536 19.068325
10328 99.323168 -0.676832 16.946226
3367 100.000000 0.000000 17.500000
8829 30.288471 -18.601744 18.601744
9540 28.942232 -18.804326 18.804326
9539 29.050484 -17.949010 17.949010
4510 62.460441 -27.357072 72.642928
2270 65.082176 -26.773655 73.226345
2269 64.309104 -25.920337 74.079663
5748 16.181179 -16.181179 60.298217
2827 15.797640 -15.797640 60.040884
1971 16.354292 -16.354292 59.395045
4687 19.619693 -19.619693 61.612678
1470 20.065444 -20.065444 61.838879
4450 15.387259 -15.387259 82.050487
8262 15.256777 -15.256777 82.344228
8261 15.267479 -15.267479 82.337472
4219 66.945879 -25.333446 25.333446
8919 19.950434 -19.950434 79.526659
8221 18.952252 -18.952252 80.070934
2688 86.917788 13.082212 33.936452
9376 63.167694 33.744022 33.744022
9458 61.787223 33.745324 33.745324
10141 62.179137 34.881723 34.881723
2214 15.286378 -15.286378 82.260913
5939 15.293350 -15.293350 82.249819
4919 15.293923 -15.293923 82.256513
4196 6.390745 2.816184 97.183816
2162 6.398301 2.809183 97.190817
8980 22.614621 17.153214 17.153214
8979 21.657701 18.279223 18.279223
1856 41.631431 -37.209124 37.209124
1855 42.971394 -37.529404 37.529404
3464 42.463740 -38.563155 38.563155
5659 20.707453 -2.302456 2.302456
2750 22.630978 -2.544191 2.544191
2751 22.138876 -3.197134 3.197134
7868 17.762132 -17.762132 60.301899
2935 86.420235 -13.579765 50.422867
3524 87.280644 -12.719356 50.116201
8294 14.712507 -14.712507 70.740382
6972 14.550458 -14.550458 70.403466
9377 14.843728 -14.843728 70.236503
3384 92.949326 7.050674 46.605016
3385 94.517575 5.482425 47.983093
3386 93.813809 6.186191 45.227872
3749 19.480069 -19.480069 58.983783
7908 19.628553 -19.628553 59.929548
3750 18.973208 -18.973208 59.927281
2148 94.753718 -5.246282 49.717452
1977 95.034071 -4.965929 52.347096
9063 93.889556 -6.110444 50.767096
4592 85.194456 -14.805544 32.558003
8653 84.258713 -15.741287 31.238184
3456 85.351271 -14.648729 30.445305
6221 38.043741 31.496460 31.496460
11219 15.306748 -15.306748 82.278419
11220 15.306079 -15.306079 82.282396
11229 15.302899 -15.302899 82.283981
11162 15.302787 -15.302787 82.287564
814 42.307692 -42.307692 57.692308
5860 43.269231 -43.269231 56.730769
815 43.566661 -41.656953 58.343047
4190 81.189289 -18.810711 44.880969
3696 81.856039 -18.143961 46.005263
407 31.113514 12.297642 12.297642
405 29.576065 12.562741 12.562741
10163 25.569848 -23.629278 23.629278
2044 26.481664 -22.801650 22.801650
2046 27.637515 -23.804632 23.804632
7266 9.809087 9.809087 66.891142
3225 11.974281 11.974281 66.087512
11157 15.306850 -15.306850 82.274106
11158 15.302048 -15.302048 82.276819
5821 15.268456 -15.268456 82.272971
2216 15.277385 -15.277385 82.267955
11242 15.270169 -15.270169 82.278360
5822 15.263256 -15.263256 82.282890
8684 15.235190 -15.235190 82.274629
2358 15.211318 -15.211318 82.296784
10628 15.225212 -15.225212 82.264913
623 25.268157 -25.268157 50.863413
4946 26.095462 -26.095462 49.884656
4945 26.252767 -26.252767 51.048325
10766 26.677385 -17.390182 17.390182
7501 15.329475 -15.329475 82.231819
8164 15.330668 -15.330668 82.239695
6193 17.425972 -17.425972 59.793264
6191 17.233128 -17.233128 60.609762
7902 6.491465 2.838568 97.161432
6617 6.500852 2.862814 97.137186
10205 14.167445 -14.167445 67.849967
10206 14.453424 -14.453424 67.988543
1004 82.244865 17.755135 25.882586
1002 80.950923 19.049077 27.784565
11047 6.395411 2.609479 97.390521
10616 6.370886 2.645808 97.354192
7735 81.947860 -4.077627 95.922373
7350 79.566886 -5.177865 94.822135
1569 81.193547 -5.268394 94.731606
8739 15.255868 -15.255868 82.260979
8685 15.241410 -15.241410 82.281104
6960 2.405248 -2.405248 5.319194
5843 2.389193 -2.389193 3.758737
2015 95.876227 -2.823991 97.176009
4758 98.484848 -1.515152 98.484848
4757 97.018395 -1.436984 98.563016
2225 32.858045 -32.858045 38.023910
8770 15.376214 -15.376214 82.233234
8230 28.298944 -28.298944 35.802206
4966 28.838796 -28.838796 34.253840
4965 29.680683 -29.680683 35.571210
7942 46.517642 -41.434414 41.434414
11234 47.469242 -40.889537 40.889537
7315 47.651291 -42.188642 42.188642
7719 13.700802 -13.700802 74.443917
7738 22.443076 22.443076 48.941318
4596 24.959185 24.959185 48.353660
8833 44.372866 -28.713500 28.713500
10147 45.676569 -29.532793 29.532793
8050 44.316515 -29.851988 29.851988
13 72.514971 27.485029 71.173383
2503 74.335249 25.664751 72.855979
5961 11.807721 -11.807721 82.051647
5960 11.329005 -11.329005 81.952665
11145 11.942949 -11.942949 81.225759
5810 92.697080 -7.302920 79.943387
9344 91.546481 -8.453519 79.508012
5809 91.610512 -8.389488 77.439554
35 93.651643 1.770717 98.229283
33 95.128780 2.789748 97.210252
34 93.414622 4.051777 95.948223
4799 3.145488 -3.145488 8.340655
3882 4.244102 -4.244102 10.017909
2055 63.014902 -36.985098 44.675970
10500 61.723544 -38.276456 45.076432
8983 86.983567 -13.016433 75.931826
8982 86.691811 -13.308189 73.370638
8010 88.132433 -11.867567 75.518080
7444 3.764145 1.603116 98.396884
7321 2.617585 1.101919 98.898081
7703 3.722661 1.276396 98.723604
3791 77.011032 -0.496722 0.496722
3792 75.925926 0.000000 0.000000
3793 77.777778 0.000000 0.000000
7481 38.448129 -25.564824 74.435176
5607 37.874286 -24.009318 75.990682
10326 35.216662 -26.454944 73.545056
209 91.654869 -8.345131 39.610622
3075 0.809925 -0.809925 31.962831
3073 0.692555 -0.692555 33.610599
3074 0.000000 0.000000 31.746032
10994 17.143517 -17.143517 43.387572
10831 16.480194 -16.480194 43.173106
10263 77.915047 -22.084953 40.072362
5160 77.184207 -22.815793 41.595365
10264 76.776615 -23.223385 39.397284
1833 53.078707 16.031922 83.968078
10540 51.503802 19.341524 80.658476
8922 49.968677 18.738886 81.261114
10098 11.631198 -11.631198 51.982039
10099 11.196237 -11.196237 52.857658
2495 61.559349 -15.615907 15.615907
1650 61.287777 -14.861773 14.861773
6634 62.538467 -15.301110 15.301110
7638 4.230259 -4.230259 89.664119
7639 4.631528 -4.631528 90.846104
8588 5.795161 -5.795161 89.932697
1905 22.993909 -22.993909 76.140312
456 22.157834 -22.157834 76.964274
4400 69.851814 30.148186 48.335691
5196 40.089105 40.089105 48.851066
2427 39.918604 39.918604 51.753537
4013 41.601798 41.601798 50.580872
8628 15.194711 -15.194711 82.367900
4899 15.210634 -15.210634 82.340390
10923 10.507065 10.507065 74.049343
66 6.939038 6.939038 73.116875
68 7.595306 7.595306 74.674993
2200 72.576199 -27.423801 36.152733
7636 73.569279 -26.430721 35.929989
7635 73.374687 -26.625313 37.427096
6535 87.602650 12.397350 84.352385
7872 88.839385 11.160615 84.907337
6647 2.766195 2.766195 41.750364
7258 5.176437 5.176437 40.507954
389 65.340469 34.659531 60.108831
5242 63.244833 36.755167 59.928315
6885 65.197724 34.802276 61.870224
6625 13.988231 -13.988231 56.770248
2600 13.304298 -13.304298 56.900447
8217 58.134147 -16.866328 16.866328
9167 57.365200 -15.925726 15.925726
10227 58.905989 -15.861564 15.861564
9811 45.130583 -13.021454 13.021454
4140 44.322276 -12.473984 12.473984
523 22.456392 -11.914299 11.914299
2932 23.070845 -11.508765 11.508765
664 0.980956 -0.980956 50.956848
666 0.451533 -0.451533 50.835904
4986 0.835883 -0.835883 49.314307
3720 50.981022 -44.894752 44.894752
4562 52.133682 -44.128838 44.128838
4474 47.496844 10.372210 89.627790
4475 49.019207 6.701576 93.298424
8252 96.679320 3.320680 31.091775
2817 98.409102 1.590898 31.871275
6561 97.336192 2.663808 29.060424
9879 16.005169 -16.005169 68.424697
8096 40.110512 -3.638250 3.638250
1340 40.712452 -4.388039 4.388039
1339 38.952577 -4.136330 4.136330
2487 25.981238 -25.981238 55.814505
2485 26.707071 -26.707071 55.040365
5588 53.006211 -38.700034 38.700034
2441 51.810366 -38.394464 38.394464
525 13.959820 -13.959820 65.883433
2408 13.803535 -13.803535 65.545827
1024 27.855021 -12.473702 12.473702
7518 26.469092 -12.104471 12.104471
7584 27.546861 -11.700770 11.700770
5272 51.184317 -25.056455 25.056455
5271 50.085647 -25.850716 25.850716
6164 49.343562 -24.569251 24.569251
1667 89.278122 10.721878 61.235748
102 87.742381 12.257619 60.920227
101 88.823889 11.176111 63.092281
5253 15.251056 -15.251056 82.279336
235 15.238581 -15.238581 82.293091
1198 40.373260 -14.797301 85.202699
3873 43.386110 -11.174366 88.825634
4001 36.856947 -8.704938 8.704938
2174 37.900873 -8.162132 8.162132
4000 38.332225 -8.803376 8.803376
1204 23.368181 -23.368181 37.638825
7083 24.467499 -24.467499 37.352204
8741 24.037269 -24.037269 38.704071
6774 24.546435 -24.546435 73.156592
7466 24.774751 -24.774751 72.015333
9085 25.609151 -25.609151 72.391682
771 49.237017 -14.883057 85.116943
772 50.451016 -12.292621 87.707379
773 47.207434 -14.615918 85.384082
5664 7.144799 -7.144799 48.795559
9566 6.659077 -6.659077 48.385780
4108 7.110353 -7.110353 47.680538
6768 54.466074 2.644551 2.644551
2926 54.444049 3.795443 3.795443
6728 23.849295 -23.849295 42.177548
6381 6.327315 2.767153 97.232847
9317 10.176041 10.176041 43.783075
6121 8.855524 8.855524 45.532043
6276 12.127041 12.127041 45.018537
3349 60.109412 10.943251 89.056749
937 61.939813 11.457170 88.542830
7186 59.675262 13.735623 86.264377
5385 33.692939 -24.430119 24.430119
5170 35.070499 -24.589730 24.589730
1605 15.171304 -15.171304 82.381623
6586 15.145412 -15.145412 82.392724
5695 5.791302 2.358438 97.641562
7570 5.633711 2.376798 97.623202
2530 28.297731 -0.677192 0.677192
4737 15.358948 -15.358948 59.805943
2939 14.885669 -14.885669 59.533837
2938 15.461918 -15.461918 58.885877
4268 5.440050 -5.440050 76.677757
2841 4.959784 -4.959784 77.914757
4266 4.880070 -4.880070 76.776658
3330 90.029428 9.970572 85.302943
3331 89.907826 10.092174 86.728856
6587 71.045762 -7.480009 92.519991
6588 69.120982 -8.524866 91.475134
6589 70.473257 -8.878548 91.121452
6685 31.109819 -31.109819 65.314557
953 30.772457 -30.772457 66.648674
6683 29.700186 -29.700186 66.006523
952 69.172817 28.868957 28.868957
950 68.484340 27.497826 27.497826
951 67.506819 28.769812 28.769812
4547 33.119358 -21.943715 21.943715
9374 17.062636 -17.062636 63.784959
2011 22.393824 22.393824 74.837804
3945 23.404255 23.404255 76.595745
860 24.468085 24.468085 75.531915
7522 23.098932 -23.098932 71.702944
6064 23.053456 -23.053456 70.836068
7317 23.884787 -23.884787 70.821087
3850 83.706813 7.387500 92.612500
10955 47.660684 -14.929612 14.929612
8962 48.612724 -15.139374 15.139374
11224 6.183047 2.735230 97.264770
7577 95.671548 -4.328452 50.789206
2183 87.700771 -12.299229 26.577200
9889 86.851676 -13.148324 25.048465
10348 2.912871 -2.912871 51.312860
4141 60.539841 7.625691 7.625691
6600 61.137220 6.456826 6.456826
6602 59.409936 6.712329 6.712329
4222 54.895411 -13.379760 13.379760
4220 53.513952 -13.510222 13.510222
5283 66.792092 4.025713 4.025713
8241 67.730026 2.890026 2.890026
8242 65.814317 3.211719 3.211719
6204 81.956311 18.043689 65.601324
1565 81.968775 18.031225 63.754407
3800 7.937819 -7.937819 65.422084
10764 8.249218 -8.249218 64.095723
1399 8.607535 -8.607535 64.823629
8336 15.825722 -15.825722 81.725082
9872 15.803906 -15.803906 81.638417
10187 28.770452 -28.770452 67.090725
6450 28.443243 -28.443243 68.193286
6245 44.596865 -32.234943 32.234943
2234 87.666188 -3.657287 96.342713
9231 87.455763 -4.987534 95.012466
6962 86.666667 13.333333 86.666667
1932 85.658264 14.341736 84.248701
8837 18.660690 -18.660690 41.771363
582 66.564051 -16.177008 16.177008
4282 65.885260 -15.583734 15.583734
4912 16.331146 -16.331146 81.222449
3903 88.556995 -11.443005 58.208971
3905 89.056963 -10.943037 56.487915
6805 89.784080 -10.215920 58.636264
698 61.738036 -21.338540 78.661460
1398 34.935118 9.253017 9.253017
9362 35.689935 10.145604 10.145604
9363 36.250234 9.512042 9.512042
8911 16.124983 -16.124983 66.415985
3296 16.049354 -16.049354 66.027152
3298 16.377003 -16.377003 65.951400
1293 74.004665 -3.561252 3.561252
8658 72.550654 -3.933671 3.933671
10059 73.057293 -3.001773 3.001773
8098 61.133726 15.606814 15.606814
1627 62.060554 16.726868 16.726868
9951 76.920435 3.498130 3.498130
10342 75.031443 3.277401 3.277401
8131 75.527376 4.843682 4.843682
784 21.592839 -21.592839 40.393306
6459 10.263395 -10.263395 19.975991
10807 10.939008 -10.939008 21.291661
8254 45.386438 -42.159231 57.840769
2780 45.781341 -40.522219 59.477781
8925 6.130883 2.914147 97.085853
9285 6.049223 2.888967 97.111033
13560 15.809216 -15.809216 82.352655
270 62.919324 -22.091236 77.908764
6081 68.848654 31.151346 58.275913
10215 67.181719 32.818281 58.299207
2837 68.800394 31.199606 60.244842
4398 70.134170 29.865830 46.549180
1269 70.371109 29.628891 44.849248
10064 37.913619 12.221964 12.221964
8902 37.791957 12.980429 12.980429
6170 38.785745 12.923012 12.923012
8471 72.608876 -10.464033 10.464033
2430 72.295800 -11.397498 11.397498
828 45.706171 -28.360844 28.360844
827 47.086503 -29.161116 29.161116
2090 14.290111 -14.290111 47.439967
2088 14.797355 -14.797355 46.649936
2089 14.865375 -14.865375 47.729072
2869 0.963192 -0.963192 42.763540
2140 83.670736 16.329264 20.720571
9915 60.561620 -39.438380 47.377745
10913 60.574524 -39.425476 45.634296
4103 77.117876 -22.882124 70.068063
4105 77.607380 -22.392620 71.573836
7828 76.330656 -23.669344 70.499443
5061 24.407346 -24.407346 32.854615
9315 23.443650 -23.443650 31.680583
9251 24.697594 -24.697594 31.205575
3411 11.619122 -11.619122 78.736703
2580 35.555556 -35.555556 35.555556
6732 34.444444 -34.444444 34.444444
782 22.192547 -22.192547 39.323616
1205 23.023757 -23.023757 38.990796
783 22.655337 -22.655337 40.260916
6065 22.345850 -22.345850 71.657217
3191 21.645221 -21.645221 71.627987
1102 48.209506 -31.254685 31.254685
5595 71.467895 28.532105 48.414700
4312 71.237134 28.762866 50.294432
858 14.486420 -14.486420 76.011746
5773 6.291767 2.828961 97.171039
1974 21.099598 12.268676 12.268676
10432 18.974361 12.267688 12.267688
5873 20.343917 13.441791 13.441791
6387 69.034242 -30.965758 38.930716
10396 67.925671 -32.074329 38.126580
3562 69.022989 -30.977011 37.054882
5187 52.259886 -40.894665 40.894665
5589 53.525624 -40.048504 40.048504
5777 6.455226 2.955970 97.044030
11195 6.452957 2.932246 97.067754
5370 6.496006 2.954037 97.045963
673 6.420153 2.932686 97.067314
9345 29.787234 29.787234 70.212766
2005 28.723404 28.723404 71.276596
13802 30.605371 27.194649 72.805351
2004 31.128291 25.040256 74.959744
10431 32.762555 25.146008 74.853992
1152 52.238432 11.701477 11.701477
2608 53.938580 11.197901 11.197901
2609 52.557539 10.533054 10.533054
292 80.447486 -19.552514 25.668076
5041 80.331496 -19.668504 27.124638
5042 79.571493 -20.428507 26.360089
3257 3.515152 -3.515152 63.756445
3725 4.139885 -4.139885 63.058339
3724 3.920441 -3.920441 64.498653
1211 6.047087 2.712620 97.287380
6598 25.925690 9.745011 90.254989
3694 30.959756 -11.268785 11.268785
8115 31.794541 -10.917332 10.917332
8663 46.282738 -12.966946 12.966946
8906 23.786528 -23.786528 30.067149
8907 24.937142 -24.937142 29.784318
6395 10.789343 -10.789343 53.712322
1613 98.689202 1.310798 71.746425
8331 98.850772 1.149228 69.443056
1614 97.508018 2.491982 68.719029
7742 15.384615 -15.384615 84.615385
10060 15.722265 -15.722265 83.768111
13803 16.331884 -16.331884 83.417201
6603 4.354085 -4.354085 61.735056
6604 3.766583 -3.766583 62.327478
6605 4.024626 -4.024626 60.981037
9348 33.791888 1.435283 1.435283
9347 35.019387 1.182674 1.182674
13277 15.264337 -15.264337 82.385373
13865 15.255408 -15.255408 82.394274
13863 15.258103 -15.258103 82.384763
13296 15.268530 -15.268530 82.373576
13805 15.274298 -15.274298 82.376133
9680 100.000000 0.000000 30.000000
10361 98.794144 1.205856 29.735022
2816 100.000000 0.000000 32.500000
1042 37.924471 2.149913 2.149913
9293 1.017669 -1.017669 56.079608
6790 0.922793 -0.922793 54.703971
9674 1.409142 -1.409142 54.753300
7158 89.191163 -10.808837 14.364283
7160 89.986675 -10.013325 13.335807
6030 89.897676 -10.102324 14.922459
4617 91.048636 -8.951364 22.669086
6491 15.469254 -15.469254 82.064913
5851 15.443104 -15.443104 82.064264
8356 17.928422 -17.928422 73.462915
1953 18.373608 -18.373608 72.841688
1416 37.520496 15.401805 15.401805
2601 36.525630 15.772785 15.772785
2099 37.573170 16.445179 16.445179
107 21.296904 -21.296904 58.847644
9004 21.321682 -21.321682 59.897584
4639 20.778401 -20.778401 59.675777
2615 64.162891 9.081310 90.918690
1415 65.973806 9.735613 90.264387
935 63.877782 12.061018 87.938982
1139 66.852025 -33.147975 42.246431
3968 68.360185 -31.639815 42.905663
9290 67.611719 -32.388281 44.210808
2800 13.416566 -13.416566 76.942966
5081 13.005243 -13.005243 76.728035
521 21.390127 -11.719705 11.719705
5433 20.345829 -11.630094 11.630094
6637 20.609533 -11.036912 11.036912
5327 4.082785 -4.082785 50.743379
8556 11.101447 -11.101447 78.749876
8557 11.309389 -11.309389 77.805767
2924 11.672843 -11.672843 77.994172
9724 90.451838 -9.548162 38.100466
6934 90.420933 -9.579067 41.097568
398 97.282831 -2.717169 89.186016
5147 98.629705 -1.370295 93.455031
5148 97.148403 -2.851597 91.943947
7999 24.592511 -24.592511 65.369484
1516 16.143012 -16.143012 80.915894
1844 16.345909 -16.345909 80.954520
6150 16.033515 -16.033515 81.206990
10576 15.554359 -15.554359 82.474753
13561 15.479265 -15.479265 82.607210
13562 15.459335 -15.459335 82.553028
10843 13.498731 -13.498731 35.708979
8238 13.350155 -13.350155 36.723055
2576 12.811454 -12.811454 35.757454
46 1.243743 -1.243743 82.135894
5940 1.863949 -1.863949 82.348542
10836 0.924893 -0.924893 83.972047
7526 54.793231 -24.759808 75.240192
3086 56.410772 -24.857961 75.142039
8892 6.730769 -6.730769 93.269231
14129 9.924195 -5.198631 94.801369
14140 11.159435 -2.916233 97.083767
11099 6.062017 0.853307 0.853307
10678 7.896490 1.985880 1.985880
9480 8.491441 1.002741 1.002741
9096 17.951413 -17.951413 66.082999
1969 16.984692 -16.984692 58.251934
1970 16.980771 -16.980771 59.408033
2504 18.393903 -18.393903 63.071954
2505 18.373584 -18.373584 62.561786
392 18.742552 -18.742552 62.642539
1411 96.861049 -3.138951 36.646446
7730 20.237798 -20.237798 75.800676
5098 15.298163 -15.298163 82.185126
6028 15.324304 -15.324304 82.162893
6807 81.632653 -18.367347 18.367347
767 81.064840 -17.396662 17.396662
6734 82.653061 -17.346939 17.346939
9832 15.284767 -15.284767 82.276293
11243 15.280012 -15.280012 82.279559
9127 15.283526 -15.283526 82.273047
414 95.068504 -4.931496 28.859857
6988 94.518165 -5.481835 30.219236
8543 94.426737 -5.573263 28.589989
10191 87.532950 -2.652985 2.652985
8999 86.046528 -2.514305 2.514305
1168 70.224216 -29.775784 52.546804
2352 58.850578 -37.004097 37.004097
2213 59.555340 -36.228366 36.228366
985 96.973930 3.026070 44.309813
983 95.831059 4.168941 42.334727
984 95.824873 4.175127 44.407248
10448 35.576923 -35.576923 64.423077
5470 38.972427 -34.747149 65.252851
5998 38.920442 -33.122380 66.877620
2253 16.181150 -16.181150 81.883281
10389 16.113235 -16.113235 82.160616
7774 62.069099 -37.930901 55.420056
7775 60.499197 -39.500803 54.810353
7537 7.066432 -7.066432 71.659674
9144 7.423077 -7.423077 72.024944
7224 6.880768 -6.880768 72.712266
5401 23.733473 -23.733473 69.965416
6351 28.416983 28.416983 57.268553
9087 30.752873 30.752873 56.895323
8009 88.468091 -11.531909 78.054091
5587 89.475505 -10.524495 77.510859
3288 88.207238 -4.026988 4.026988
10312 88.008830 -4.762031 4.762031
10313 86.418560 -4.829293 4.829293
8157 15.092396 -15.092396 83.069548
7994 15.154558 -15.154558 82.884844
13810 15.223781 -15.223781 82.910056
6541 15.025913 -15.025913 83.300205
13806 15.226033 -15.226033 83.008584
13839 15.230145 -15.230145 83.088080
8505 12.698190 -12.698190 63.167265
9608 12.335340 -12.335340 62.922083
7159 89.167487 -10.832513 13.232745
2155 90.100499 -9.899501 11.607409
4533 12.995115 -12.995115 71.453201
4534 13.047857 -13.047857 70.954376
4179 13.340541 -13.340541 70.958718
7671 9.718185 -9.718185 24.905847
3361 8.984969 -8.984969 23.362610
2167 40.850438 -25.519688 25.519688
7564 41.447938 -24.701836 24.701836
9070 61.128431 32.358435 67.641565
3374 86.519818 -13.480182 68.589680
7903 87.773542 -12.226458 70.621820
7375 86.538314 -13.461686 70.876234
4289 97.107836 2.892164 63.801685
4288 96.727297 3.272703 61.281832
10048 95.764306 4.235694 62.370606
10936 73.854423 -11.581133 11.581133
13966 74.457494 -12.055412 12.055412
13955 73.633771 -12.229442 12.229442
2923 12.138348 -12.138348 77.414479
8048 11.840535 -11.840535 77.248643
2971 12.289800 -12.289800 76.773589
4907 7.539527 1.502038 98.497962
7967 15.523733 -15.523733 81.462422
10 15.651358 -15.651358 81.456184
5415 15.465710 -15.465710 81.626327
8960 58.396083 41.603917 56.298217
6539 83.907395 16.092605 26.722729
7813 85.574394 14.425606 27.314123
10124 51.663247 21.458302 78.541698
3450 49.096918 21.989847 78.010153
3092 9.276830 -9.276830 51.944208
2705 96.295309 3.704691 65.537108
6319 97.851714 2.148286 66.537845
6997 77.616382 21.209162 21.209162
5590 79.069767 20.930233 20.930233
8938 78.109199 19.949393 19.949393
4332 27.040786 -5.353639 5.353639
187 26.221398 -5.936636 5.936636
4331 25.039580 -4.932289 4.932289
10919 58.534069 -35.552049 64.447951
5273 61.282898 -34.900938 65.099062
1025 28.873399 -12.155880 12.155880
10168 28.643537 -11.382191 11.382191
5346 11.987430 -11.987430 87.135264
4540 11.166586 -11.166586 88.037398
4539 11.833147 -11.833147 86.649250
10268 8.590959 -8.590959 46.933264
5945 14.007041 -14.007041 69.478422
7624 14.320544 -14.320544 69.494902
8486 49.181044 -46.818258 53.181742
9081 48.054341 -45.492934 54.507066
8487 47.115385 -47.115385 52.884615
3525 0.000000 0.000000 77.777778
10619 0.526997 -0.526997 76.369331
10255 0.000000 0.000000 4.761905
14084 2.708235 2.708235 5.319761
14085 2.431502 2.431502 4.355141
1342 0.000000 0.000000 6.349206
4864 50.019049 -6.557658 6.557658
9481 50.000652 -5.732902 5.732902
5855 52.923122 -43.778957 56.221043
5856 52.907348 -45.371508 54.628492
5854 54.959591 -43.825491 56.174509
3760 97.294929 -2.705071 21.619294
3515 97.831480 -2.168520 20.603242
3759 97.921135 -2.078865 22.503504
6179 86.576197 -7.858930 7.858930
3131 87.916600 -7.802286 7.802286
963 86.599387 -8.614037 8.614037
2993 41.637382 32.905663 67.094337
2995 44.031806 32.057788 67.942212
4172 66.666667 33.333333 66.666667
1935 66.688746 33.311254 65.192706
5149 92.883985 -7.116015 77.696336
4840 91.519945 8.480055 58.916437
4841 90.284817 9.715183 57.095780
4839 90.329885 9.670115 59.017782
11030 17.105813 -17.105813 70.186746
10847 17.466782 -17.466782 69.764940
514 17.434889 -17.434889 70.276567
3305 30.073565 -21.078835 21.078835
3306 31.593422 -21.503413 21.503413
3304 30.543276 -22.028971 22.028971
6205 33.550220 -33.550220 64.008582
8546 33.923659 -33.923659 62.713306
59 62.146212 -27.458027 27.458027
5437 61.951400 -28.565236 28.565236
57 60.883343 -27.963237 27.963237
6932 67.307692 0.000000 100.000000
8446 67.329784 -1.685292 98.314708
10403 73.353482 -18.686652 18.686652
8775 71.816863 -18.457851 18.457851
7051 72.931008 -17.705285 17.705285
7149 12.233156 12.233156 52.356825
3688 56.820072 37.817995 37.817995
9712 55.624082 38.699935 38.699935
3689 56.738195 39.568361 39.568361
707 20.671469 20.671469 76.040300
706 22.340426 22.340426 77.659574
397 98.800770 -1.199230 91.133938
11073 73.615200 8.369863 8.369863
9754 86.276471 -13.723529 81.713771
2542 15.689517 -15.689517 82.109382
1345 15.840122 -15.840122 81.928141
8351 75.623885 24.376115 42.994331
1368 73.624192 26.375808 41.200228
9187 74.189374 25.810626 43.812312
9628 38.461538 0.000000 100.000000
9841 40.384615 0.000000 100.000000
4848 8.950300 -8.950300 79.897646
5038 9.030564 -9.030564 80.772783
4849 8.267633 -8.267633 81.148903
6076 97.299932 -2.700068 16.681010
2308 96.717930 -3.282070 16.364115
3290 81.642204 18.357796 75.662821
5318 63.403492 -26.812052 26.812052
4482 62.163906 -26.378730 26.378730
5047 15.510629 -15.510629 82.278733
5048 15.577335 -15.577335 82.188932
1413 66.319847 6.847414 93.152586
8301 67.170739 3.316420 96.683580
7226 68.380550 5.229207 94.770793
8085 13.893229 -13.893229 67.691223
10359 14.229047 -14.229047 67.305652
10925 74.516532 25.483468 46.010692
2967 74.640084 25.359916 48.188476
6284 87.117118 -12.882882 60.061659
6046 74.459465 1.669957 1.669957
2082 22.383710 -22.383710 75.270470
2081 22.070680 -22.070680 76.186780
3761 21.524743 -21.524743 75.783410
3814 20.655749 -20.655749 47.457299
5324 15.464818 -15.464818 82.260676
5055 15.457855 -15.457855 82.302001
6331 15.417706 -15.417706 82.310171
8290 26.889388 -26.889388 48.966511
9546 27.782912 -27.782912 47.930429
284 15.321264 -15.321264 82.353175
13549 15.298332 -15.298332 82.377808
13563 15.301246 -15.301246 82.363828
10298 93.604987 -6.395013 60.862663
3340 92.956991 -7.043009 62.167315
1252 19.601602 -19.601602 76.878319
4527 20.625076 -20.625076 76.278354
9708 27.103592 -12.761933 12.761933
9748 28.022592 -13.174626 13.174626
3485 58.335400 -27.963058 72.036942
6144 56.351666 -28.290452 71.709548
8081 56.863239 -29.499657 70.500343
10254 100.000000 0.000000 47.500000
3058 21.559770 -21.559770 55.844147
4880 20.418370 -20.418370 56.268922
4881 21.107561 -21.107561 54.772572
10277 8.065999 2.351943 97.648057
8418 7.464894 2.289800 97.710200
10906 7.759266 2.112608 97.887392
2975 5.720858 -5.720858 77.266632
2894 50.018433 40.412184 40.412184
3351 40.396250 -23.119358 23.119358
11041 2.960603 -2.960603 52.527160
8912 8.565236 8.565236 40.872951
8914 8.245430 8.245430 42.729772
5887 73.732048 26.267952 33.670116
14075 73.685766 26.314234 35.120662
14082 74.226310 25.773690 34.861172
4395 39.546336 31.472818 31.472818
8386 38.398519 30.317842 30.317842
7463 48.076923 0.000000 100.000000
6826 46.647676 2.768074 97.231926
5988 46.153846 0.000000 100.000000
4793 13.600173 -13.600173 66.129041
4538 10.881856 -10.881856 87.509030
6079 11.680643 -11.680643 86.010601
7334 99.032787 -0.967213 71.310596
7096 76.251706 23.748294 57.665760
2499 74.467622 25.532378 56.588426
10058 38.647977 29.306334 29.306334
6785 39.648685 30.088286 30.088286
2826 15.322180 -15.322180 60.630237
4736 14.865564 -14.865564 60.426283
7672 38.787765 -28.371948 28.371948
2105 37.461984 -27.980258 27.980258
6036 38.294035 -27.291144 27.291144
9911 15.429317 -15.429317 47.028845
5691 15.422269 -15.422269 48.128455
10305 3.209794 -3.209794 45.680648
10376 3.199327 -3.199327 44.409078
7462 3.638513 -3.638513 45.162048
3555 19.267831 -19.267831 70.894158
7386 19.827513 -19.827513 70.939996
4925 19.320287 -19.320287 71.584546
6115 60.549071 -5.363130 5.363130
10213 60.951136 -4.520114 4.520114
4365 65.206284 -34.793716 49.333209
6584 64.415644 -35.584356 50.039134
5670 64.141916 -35.858084 48.881446
10465 6.524052 3.067611 96.932389
3664 6.450429 3.084935 96.915065
4224 6.428122 3.027262 96.972738
7928 40.740741 0.000000 0.000000
5852 42.592593 0.000000 0.000000
5513 41.474388 -0.677691 0.677691
5060 14.270494 -14.270494 77.967628
3085 14.443166 -14.443166 77.203457
769 14.851810 -14.851810 77.226731
8041 13.812891 -13.812891 82.096049
2682 14.030874 -14.030874 81.230087
7805 14.382342 -14.382342 81.459943
5871 5.896609 2.771504 97.228496
9709 5.773575 2.705179 97.294821
5347 21.188516 -21.188516 68.416740
4102 20.655870 -20.655870 68.237924
4091 21.292254 -21.292254 67.537373
535 68.500703 -31.499297 33.424142
533 67.444349 -32.555651 34.459302
318 86.162898 -13.837102 53.567775
319 86.315415 -13.684585 52.088063
5039 9.257373 -9.257373 81.500675
9463 9.736077 -9.736077 80.273466
5729 40.141699 -36.827636 36.827636
468 41.169663 -38.278518 38.278518
5103 20.025295 -7.204246 7.204246
393 21.171213 -6.742285 6.742285
8197 7.451484 -7.451484 82.796024
5040 8.412198 -8.412198 82.164153
6055 39.144335 -29.288372 29.288372
6056 38.190940 -29.555132 29.555132
2103 38.126073 -28.792708 28.792708
7626 48.971470 0.870259 0.870259
7035 50.103323 1.689123 1.689123
5720 36.779190 36.779190 57.539185
6877 34.960222 34.960222 56.077598
4637 99.176824 -0.823176 8.287542
5733 98.566198 -1.433802 10.953216
7883 98.296146 -1.703854 9.237988
4434 39.265786 -19.364456 19.364456
5316 5.383904 2.289830 97.710170
7194 5.572155 2.249083 97.750917
5063 24.113537 -24.113537 34.559203
8585 23.767087 -23.767087 36.178573
3314 22.876103 -22.876103 35.072964
11032 26.408326 -26.408326 72.804163
11122 26.778612 -26.778612 71.591895
6370 67.875530 32.124470 41.437885
5222 68.804820 31.195180 39.822668
8965 61.829150 0.834703 0.834703
9940 62.962963 0.000000 0.000000
9558 13.543514 -13.543514 68.066315
8615 13.435935 -13.435935 68.673021
974 75.581395 24.418605 24.418605
4002 74.392968 23.791529 23.791529
4003 74.418605 25.581395 25.581395
5285 97.941067 -2.058933 7.945596
5286 98.342314 -1.657686 5.662382
4638 98.846062 -1.153938 6.660593
948 90.089809 6.862777 93.137223
949 90.349034 4.440828 95.559172
3584 43.929379 33.658863 33.658863
3983 42.825332 33.964239 33.964239
2126 43.826817 34.857270 34.857270
2557 33.422536 -26.462862 26.462862
2555 32.709185 -27.057690 27.057690
2556 32.101361 -26.204840 26.204840
7592 8.606211 -8.606211 53.782063
4837 8.121008 -8.121008 53.783553
3093 8.543957 -8.543957 52.646724
7930 91.879811 8.120189 53.299572
1296 90.775917 9.224083 52.017617
10208 10.314168 2.608760 97.391240
10542 9.421167 2.467293 97.532707
4785 95.771707 -4.228293 67.561854
7927 96.460491 -3.539509 66.738035
5926 6.284405 2.895514 97.104486
7917 6.273779 2.866623 97.133377
10522 6.314742 2.885835 97.114165
5105 67.363341 -11.252670 88.747330
10816 68.701569 -9.801164 90.198836
5106 66.914958 -9.885560 90.114440
1941 5.120994 -4.020215 4.020215
5540 3.333333 -3.333333 3.333333
3475 4.149293 -3.001870 3.001870
10735 70.635266 -26.088581 26.088581
6874 69.948151 -25.297514 25.297514
10824 71.279927 -25.091641 25.091641
9514 73.587943 -9.459209 90.540791
3702 73.175727 -11.097478 88.902522
9513 75.496618 -9.484180 90.515820
3246 6.986851 -6.986851 67.746778
10120 7.223944 -7.223944 66.212937
2349 95.806861 -4.193139 74.654794
2348 96.402471 -3.597529 73.028279
9068 96.889214 -3.110786 75.751426
6644 62.129146 -7.106013 7.106013
6800 60.620285 -7.285694 7.285694
10335 61.133369 -6.553086 6.553086
10487 41.361827 -30.842255 30.842255
3320 40.341038 -30.740489 30.740489
3322 40.414170 -29.906687 29.906687
6148 66.404111 -24.403319 24.403319
888 67.036182 -23.618289 23.618289
890 68.000048 -24.219992 24.219992
8782 45.744681 45.744681 54.255319
6681 46.808511 46.808511 53.191489
8272 25.224928 -25.224928 56.102976
10024 24.483916 -24.483916 56.492023
8273 24.650121 -24.650121 55.462750
5268 58.784258 -34.178861 34.178861
5270 59.562343 -35.160481 35.160481
6024 58.184170 -35.054179 35.054179
4300 13.990090 -13.990090 26.032979
6812 12.992024 -12.992024 24.684437
4298 14.162728 -14.162728 24.185688
3901 15.219572 -15.219572 82.364800
561 26.923077 0.000000 100.000000
562 25.743832 2.892278 97.107722
9202 80.621204 17.654510 17.654510
6408 79.950935 -20.049065 29.850377
8869 79.704676 -20.295324 28.050542
8870 80.718324 -19.281676 28.553415
7955 72.746525 22.081669 22.081669
993 71.269691 21.626785 21.626785
30 42.292982 15.539294 84.460706
3201 39.728802 19.389423 80.610577
1632 39.408707 17.015152 82.984848
10075 80.585655 -1.396059 98.603941
7544 92.530350 -7.469650 57.099679
7543 91.713533 -8.286467 55.247375
6601 60.087663 5.575915 5.575915
892 58.418139 5.723885 5.723885
2768 54.562697 -27.312961 27.312961
8379 54.658767 -26.266614 26.266614
8439 55.872591 -26.800762 26.800762
1060 58.163265 -41.836735 41.836735
4943 58.283206 -41.716794 43.657344
1061 57.142857 -42.857143 42.857143
9609 12.734719 -12.734719 62.484737
10320 54.697550 -40.960227 40.960227
9902 55.797710 -41.582308 41.582308
2563 8.950065 -8.950065 87.480070
5930 9.633740 -9.633740 85.627963
2699 8.951528 -8.951528 61.804987
10165 8.603182 -8.603182 62.903722
6577 43.270151 22.987754 77.012246
9875 44.823559 23.596719 76.403281
6578 42.014516 26.469896 73.530104
9155 94.139984 -5.860016 75.100038
6504 93.595358 -6.404642 76.465822
9154 93.025940 -6.974060 74.057548
10079 68.207773 -21.563899 78.436101
9565 83.138526 -0.723682 0.723682
8413 81.170087 -1.334150 1.334150
2425 81.423737 -0.608601 0.608601
2306 96.776064 -3.223936 17.883693
9869 15.326369 -15.326369 82.207324
268 15.335163 -15.335163 82.209127
267 15.321728 -15.321728 82.221904
5228 55.899438 0.967111 0.967111
6716 54.527080 1.555592 1.555592
5226 55.924897 2.084896 2.084896
10509 8.801498 -8.801498 85.749645
11075 8.626701 -8.626701 86.938973
6184 47.568285 14.673027 14.673027
13333 20.122391 -15.328123 15.328123
13334 19.858485 -15.526864 15.526864
5700 18.329205 -18.329205 38.150553
3238 17.693614 -17.693614 39.341482
8147 0.708216 -0.708216 47.713374
9329 0.332640 -0.332640 48.934273
7619 0.332847 -0.332847 47.057278
6220 16.344711 -16.344711 50.466551
4244 15.793380 -15.793380 51.583817
1104 46.871788 -31.571373 31.571373
7165 46.975552 -30.382519 30.382519
2781 45.819179 -39.033208 60.966792
6964 42.956704 -39.079986 60.920014
497 33.652404 -33.652404 57.170795
7040 58.333333 41.666667 58.333333
7041 56.666667 43.333333 56.666667
7039 54.893659 42.778140 57.221860
1459 10.248906 10.248906 55.981256
2448 10.829434 10.829434 57.807596
739 41.897784 -9.694324 9.694324
4553 43.095979 -9.588221 9.588221
8777 9.750528 9.750528 72.443011
5001 10.590462 -10.590462 66.206208
4784 10.928374 -10.928374 65.448832
4783 11.112516 -11.112516 65.926142
9093 90.191334 9.808666 60.527522
10192 30.740029 -29.574554 29.574554
4789 31.600113 -29.133387 29.133387
4788 32.479595 -30.280871 30.280871
1919 12.283230 -12.283230 73.163527
6940 21.728850 21.728850 24.460322
5288 86.385578 13.614422 25.277906
4669 84.835771 15.164229 24.821604
6127 66.235058 -33.764942 36.917320
11128 66.118872 -33.881128 38.247608
5131 65.178395 -34.821605 37.542195
11110 54.788064 -2.236000 2.236000
10081 53.023220 -2.382226 2.382226
396 97.876716 -2.123284 87.645526
3022 99.015366 -0.984634 89.017054
5511 0.000000 0.000000 76.190476
10091 4.691956 4.691956 77.810042
5011 90.404395 -9.595605 23.579026
3982 42.935743 32.776569 32.776569
5000 14.582906 -14.582906 68.961444
8061 10.039829 -10.039829 78.727871
8063 9.559805 -9.559805 79.651853
3535 70.065258 -21.031396 21.031396
9737 42.974253 -42.974253 44.741286
13766 43.333333 -43.333333 43.333333
1989 62.098766 37.901234 46.721618
4665 63.652037 36.347963 46.148512
4666 61.716046 38.283954 44.555581
7477 82.552564 -17.447436 62.406783
8528 83.648752 -16.351248 63.137996
9030 16.527721 -12.113503 12.113503
11113 17.439224 -12.606734 12.606734
1761 33.653846 -33.653846 66.346154
1762 36.221085 -31.125563 68.874437
3417 4.393852 -4.393852 43.579989
7637 5.036435 -5.036435 43.457175
3118 4.784739 -4.784739 44.807408
6247 44.168860 -31.103761 31.103761
8689 4.411462 -4.411462 51.456587
7285 45.192308 -45.192308 54.807692
9464 44.230769 -44.230769 55.769231
3838 67.937552 20.008598 79.991402
7498 67.157042 17.994797 82.005203
2102 69.300261 17.829720 82.170280
2874 35.318391 22.781828 77.218172
3202 36.992087 22.900993 77.099007
8385 33.705845 26.641326 73.358674
1958 46.499848 9.243122 9.243122
1956 46.484716 10.366494 10.366494
1957 47.914359 9.960179 9.960179
921 41.325713 35.142072 35.142072
1737 42.690525 35.295607 35.295607
3068 0.555063 -0.555063 35.189094
1313 0.000000 0.000000 34.920635
1824 90.560506 -9.439494 79.101412
1822 91.345726 -8.654274 81.286025
5995 15.365611 1.897205 1.897205
909 15.758458 3.113181 3.113181
5996 16.931508 2.172171 2.172171
7834 45.851632 -36.213225 63.786775
10958 46.168383 -34.983956 65.016044
4104 78.258433 -21.741567 70.816414
3200 25.698142 25.698142 46.391846
3199 23.768716 23.768716 44.867575
415 95.446795 -4.553205 27.457069
4284 70.152385 -29.847615 59.761058
2671 71.370817 -28.629183 59.709882
6092 52.338334 -13.666465 13.666465
4930 7.134735 -7.134735 8.439550
4931 5.987052 -5.987052 9.662358
8260 4.401996 1.679960 98.320040
2595 85.969628 2.307899 2.307899
2597 86.553304 3.817012 3.817012
4667 87.440550 2.456917 2.456917
9999 55.105205 -3.935761 96.064239
6817 56.611853 -4.941306 95.058694
4303 7.746796 -7.746796 70.114454
8933 83.200238 -16.799762 72.632896
1258 1.980539 -1.980539 71.465242
10538 2.600639 -2.600639 70.249185
5668 2.590892 -2.590892 71.926703
9346 29.360688 -29.360688 44.235480
9107 29.084139 -29.084139 42.873033
8250 30.309958 -30.309958 42.994595
7541 53.054181 -11.174742 88.825258
9987 54.777231 -9.691165 90.308835
9091 52.981038 -9.655746 90.344254
5910 74.893282 -25.106718 56.667815
9587 74.091991 -25.908009 55.152902
9588 75.399179 -24.600821 55.555244
5512 45.207962 -22.892833 22.892833
3679 44.232845 -22.169886 22.169886
335 45.541036 -22.025126 22.025126
7461 4.169046 -4.169046 44.895840
714 18.748539 -18.748539 73.611027
713 18.073412 -18.073412 73.965096
10892 18.392905 -18.392905 73.346860
10454 24.407103 -24.407103 58.370994
10462 23.888315 -23.888315 59.539509
4612 23.590130 -23.590130 58.678306
10878 8.103806 -8.103806 51.700474
6314 8.273123 -8.273123 50.461716
3094 8.730595 -8.730595 51.216566
8495 75.806811 -8.271282 8.271282
7198 76.934202 -7.304996 7.304996
7054 77.682721 -8.087254 8.087254
6712 75.748392 21.746122 21.746122
13510 75.066861 21.535086 21.535086
13511 75.154690 22.243205 22.243205
8126 76.077281 20.729152 20.729152
6398 14.953081 -14.953081 82.705104
5688 14.961798 -14.961798 82.622879
877 15.026337 -15.026337 82.596694
696 15.203373 -15.203373 82.326489
695 15.173838 -15.173838 82.357188
9301 40.763017 34.168663 34.168663
9318 7.860483 7.860483 44.043828
7439 93.596051 -6.403949 84.174468
10261 93.705278 -6.294722 82.470986
5709 8.924722 -8.924722 33.282513
9945 8.048527 -8.048527 32.838775
7989 8.585681 -8.585681 31.443601
10373 6.490150 -6.490150 59.899707
6225 47.038006 44.550107 44.550107
3011 47.916734 46.380375 46.380375
613 40.216980 17.870860 17.870860
5013 40.006760 16.595345 16.595345
4786 38.814492 17.193295 17.193295
2142 33.217758 25.368290 25.368290
2144 34.294630 24.784476 24.784476
4506 32.864314 24.028839 24.028839
406 30.787726 13.498004 13.498004
3787 29.444942 13.796576 13.796576
3786 30.759219 14.591883 14.591883
9129 38.318940 20.096739 20.096739
3015 36.389986 20.200835 20.200835
9610 65.537618 -9.218879 90.781121
7888 66.341501 -7.437848 92.562152
8383 15.103176 -15.103176 64.182198
1563 17.968376 17.968376 34.475683
1562 20.402153 20.402153 33.651774
9496 34.766113 7.141328 7.141328
6496 15.264403 -15.264403 82.323859
2280 15.265126 -15.265126 82.331007
11042 15.254625 -15.254625 82.336021
3519 5.957917 3.279956 96.720044
7164 5.909643 3.155941 96.844059
4359 53.768077 44.693378 55.306622
1782 29.602989 -29.602989 51.104519
7434 29.224612 -29.224612 49.656764
7433 30.468263 -30.468263 49.724294
10412 34.700314 15.646080 15.646080
2460 82.185800 17.814200 57.313338
9183 80.990952 19.009048 57.849608
10589 82.346118 17.653882 59.711998
8877 50.775124 -45.361986 54.638014
764 75.937327 -24.062673 68.480139
11097 15.203759 -15.203759 82.413543
7428 96.094803 -3.905197 16.216841
6212 5.716964 -5.716964 79.486870
6722 16.127573 -16.127573 81.751140
4926 16.400657 -16.400657 81.536929
10812 47.549486 -42.431392 57.568608
10374 47.588292 -43.936875 56.063125
6943 12.221314 -12.221314 60.351276
3453 5.165034 -5.165034 70.004096
7829 0.877091 -0.877091 39.409807
9103 0.445392 -0.445392 39.384479
2642 47.788823 -3.786217 3.786217
5091 47.797594 -3.076379 3.076379
8286 49.172853 -3.504218 3.504218
9918 6.921316 -6.921316 14.803684
2997 47.299951 -11.733635 11.733635
10160 48.745274 -11.748105 11.748105
2998 48.037985 -12.375381 12.375381
2135 69.347783 -30.652217 58.430167
7785 60.565958 14.525219 14.525219
7786 61.812345 14.649572 14.649572
11012 100.000000 0.000000 20.000000
3528 34.521981 -34.521981 49.283735
3529 34.455655 -34.455655 47.000438
8027 28.792593 -5.620221 5.620221
8028 29.854380 -5.029081 5.029081
8029 30.295435 -5.858133 5.858133
528 18.267136 -2.794349 2.794349
529 16.895996 -3.001570 3.001570
527 16.733775 -2.062152 2.062152
1220 10.344198 3.907856 96.092144
1219 10.984151 4.549242 95.450758
6377 10.015267 4.485534 95.514466
4587 4.910896 -4.910896 67.473634
9770 10.917934 -10.917934 54.473932
2862 11.320675 -11.320675 53.841896
2864 11.299774 -11.299774 54.914115
532 73.555792 -26.444208 48.686939
9747 64.094960 9.199006 9.199006
10587 65.329689 9.002329 9.002329
10798 64.820137 8.138749 8.138749
1945 10.986068 -10.986068 71.867327
4952 10.523480 -10.523480 72.638833
4321 100.000000 0.000000 60.000000
4347 99.002932 0.997068 60.434759
6396 10.456369 -10.456369 54.586832
1213 11.538462 -11.538462 88.461538
14130 15.819706 -5.404462 94.595538
8577 10.576923 -10.576923 89.423077
8347 80.195634 -8.629982 8.629982
8346 80.799024 -9.366934 9.366934
299 79.151635 -9.541109 9.541109
9274 53.030303 -46.969697 53.030303
4705 54.572829 -45.427171 52.697649
9117 54.545455 -45.454545 54.545455
7072 19.255604 19.255604 42.017766
6719 22.474377 22.474377 41.294754
7988 20.468282 20.468282 39.851768
4775 59.338123 -40.661877 50.866059
4776 59.854771 -40.145229 52.889649
5159 76.155999 -23.844001 42.848988
9204 76.499853 -23.500147 44.641216
4591 86.061333 -13.938667 34.034498
3496 56.494507 -10.673548 10.673548
9974 32.842828 -32.842828 44.933907
10966 34.329987 -34.329987 45.022907
9975 33.334967 -33.334967 46.385763
5814 15.680466 -15.680466 81.728320
5815 15.704750 -15.704750 81.795798
572 15.605779 -15.605779 81.852797
8403 5.657188 -5.657188 63.414008
9378 5.472340 -5.472340 65.019482
9835 86.457521 13.542479 52.429561
494 87.307631 12.692369 54.843382
493 87.939995 12.060005 53.253095
5817 46.182065 -5.710425 94.289575
8704 46.973100 -2.950135 97.049865
10799 73.251830 26.748170 62.325497
10941 73.692146 26.307854 60.694211
3763 71.980912 28.019088 60.298190
10315 25.586223 25.586223 67.127921
9170 24.582181 24.582181 68.261888
10314 27.671316 27.671316 68.639580
5033 43.519278 -11.935657 11.935657
686 89.466017 -10.533983 67.012704
6536 90.599905 -9.400095 68.177195
9651 89.864872 -10.135128 69.353463
2833 78.181338 -21.818662 54.867391
7789 77.086989 -22.913011 53.863567
10151 77.984621 -22.015379 53.210732
910 17.107761 4.506132 4.506132
911 17.934217 3.441215 3.441215
2934 23.849752 -11.125651 11.125651
10204 39.362888 14.522553 14.522553
10203 38.504462 14.935938 14.935938
5015 39.701950 15.432502 15.432502
5237 0.000000 0.000000 38.095238
10105 0.000000 0.000000 39.682540
10484 21.328054 21.328054 54.851313
2561 21.319680 21.319680 56.732110
5839 69.534903 -3.200407 96.799593
1526 36.332501 -36.332501 60.450803
5970 36.414545 -36.414545 61.709165
5108 35.432930 -35.432930 60.927712
5902 64.590019 -18.834568 81.165432
13416 64.302365 -19.681661 80.318339
13415 65.136948 -19.394964 80.605036
13364 63.234236 -20.017493 79.982507
13429 61.898897 -20.386685 79.613315
3091 9.625247 -9.625247 55.760097
3089 9.340723 -9.340723 55.014011
373 74.359538 -23.281451 23.281451
9479 72.998137 -23.719560 23.719560
4225 58.896358 41.103642 44.845777
6091 58.139535 41.860465 41.860465
7307 56.976744 43.023256 43.023256
5624 2.184074 -2.184074 84.938641
5623 2.771891 -2.771891 82.987997
10352 3.278235 -3.278235 83.646496
14100 2.294621 2.294621 94.810040
14101 2.289816 2.289816 95.744524
10054 59.173160 33.684577 66.315423
7867 7.736693 4.813223 95.186777
325 34.548349 6.058367 6.058367
8945 16.419836 -16.419836 62.396006
9652 16.843050 -16.843050 62.035761
5005 16.706490 -16.706490 62.675436
6632 16.699181 -14.756683 14.756683
9207 16.172998 -14.024014 14.024014
10950 64.702327 35.297673 41.477967
10618 6.710118 3.132842 96.867158
6154 6.848806 3.203913 96.796087
7697 6.699267 3.199918 96.800082
2014 93.901629 -6.098371 15.242426
2013 94.612287 -5.387713 14.811843
10754 94.269956 -5.730044 16.195328
599 12.433005 -12.433005 80.182884
7335 11.991499 -11.991499 79.875691
9305 31.616400 -5.688224 5.688224
9182 80.750010 19.249990 59.590793
10415 95.927855 -4.072145 54.729055
8335 15.945122 -15.945122 81.659165
6371 68.001342 31.998658 43.272947
2819 51.007536 10.657427 10.657427
1633 50.490192 11.956757 11.956757
7975 9.143232 9.143232 63.916635
3049 11.881506 11.881506 63.716957
7755 73.482887 -26.517113 45.066053
3178 72.222700 -27.777300 44.161813
2643 98.823049 -1.176951 12.891953
11121 54.875152 24.676003 24.676003
8330 54.706696 23.479394 23.479394
10035 6.782692 3.118198 96.881802
5886 15.275291 -15.275291 82.262514
5247 15.266284 -15.266284 82.264832
5254 15.258349 -15.258349 82.281277
10071 95.699334 4.300666 23.339834
6562 96.461044 3.538956 26.254639
243 77.465239 22.534761 47.041520
244 78.928092 21.071908 48.651295
245 78.898476 21.101524 46.557896
5266 6.197519 -6.197519 63.882729
1476 80.319445 -19.680555 41.412103
2432 83.002535 -12.965813 12.965813
6430 52.294078 -26.259648 73.740352
6429 52.845069 -24.540562 75.459438
7720 14.053389 -14.053389 74.155908
7856 14.278681 -14.278681 74.477053
3522 13.790798 -13.790798 74.827280
6451 15.000825 -15.000825 82.734536
1251 15.079219 -15.079219 82.740836
9437 14.926369 -14.926369 82.871956
2424 81.481481 0.000000 0.000000
1923 79.806061 -0.488195 0.488195
6896 5.876823 -3.670860 3.670860
4566 6.823808 -4.639934 4.639934
6673 37.461390 -19.728172 19.728172
5452 0.000000 0.000000 50.793651
341 4.603650 2.283015 97.716985
1637 1.549376 -1.549376 18.591315
5977 67.160040 0.884693 0.884693
5097 68.695349 1.338173 1.338173
5976 68.518519 0.000000 0.000000
10408 15.788497 -15.788497 82.463045
9313 15.821741 -15.821741 82.579246
13565 15.627197 -15.627197 82.658054
5526 0.988395 -0.988395 30.142586
6756 1.718013 -1.718013 32.299603
2957 15.441685 -15.441685 82.149365
2958 15.436262 -15.436262 82.174377
2956 15.417319 -15.417319 82.181275
6982 20.864194 -20.864194 26.589197
10605 19.793328 -19.793328 26.557543
9133 20.368126 -20.368126 25.006683
10424 55.140730 26.668092 26.668092
10423 53.900273 26.518039 26.518039
9307 16.536769 -16.536769 81.687968
1136 90.580391 -9.419609 17.746600
8992 89.857825 -10.142175 18.487700
3620 98.220360 -1.779640 85.870861
11124 97.542932 -2.457068 82.923758
240 92.461571 7.538429 27.098446
7504 93.221712 6.778288 24.871765
3695 30.807363 -11.858071 11.858071
5090 77.319062 -22.680938 55.657960
6891 76.160991 -23.839009 54.580960
124 87.044939 -6.333649 93.666351
8773 84.780729 -6.798689 93.201311
6073 6.799973 -6.799973 53.789969
3971 6.402809 -6.402809 53.069375
6074 6.951792 -6.951792 52.570623
3308 19.033657 -19.033657 53.504456
622 24.280977 -24.280977 51.356448
11095 49.740538 -16.340865 16.340865
4834 51.146331 -16.423928 16.423928
4292 12.889283 -12.889283 70.666459
6412 88.630145 11.369855 64.659121
103 87.313397 12.686603 62.866063
3287 89.888745 -3.423225 3.423225
5422 29.500031 18.739060 18.739060
6230 28.649174 19.367213 19.367213
8845 29.709872 19.669223 19.669223
3260 99.119435 -0.880565 14.882674
638 99.549171 -0.450829 12.608014
3365 100.000000 0.000000 15.000000
14052 71.112191 28.887809 42.860028
7191 40.124234 -34.349278 34.349278
7141 56.566464 -31.463672 31.463672
7140 57.083689 -30.571030 30.571030
4889 57.598094 -31.313639 31.313639
6182 72.823622 23.513702 23.513702
5389 71.335208 24.623258 24.623258
2707 22.016272 -22.016272 67.132374
2709 21.734337 -21.734337 67.872297
10740 95.884972 -4.115028 83.243325
5899 95.884906 -4.115094 85.816520
3559 94.805331 -5.194669 83.068807
11245 15.274906 -15.274906 82.283921
11246 15.277472 -15.277472 82.284976
11233 15.272937 -15.272937 82.289793
2083 71.666667 28.333333 71.666667
2007 6.215077 2.661810 97.338190
2008 6.172238 2.668329 97.331671
2006 6.157506 2.633932 97.366068
10180 63.745403 36.254597 39.340332
8266 64.838579 35.161421 38.151685
9932 62.790698 37.209302 37.209302
6014 100.000000 0.000000 42.500000
7968 100.000000 0.000000 40.000000
6012 99.097574 0.902426 42.241353
5122 39.761208 -39.761208 48.544372
8677 87.918440 -12.081560 73.051663
3262 65.594938 -34.405062 58.325149
2843 65.474689 -34.525311 60.054948
3261 64.129234 -35.870766 58.538623
2668 11.048250 -11.048250 36.065996
2765 11.466712 -11.466712 37.152441
2669 10.774522 -10.774522 37.199009
4035 79.033610 17.852646 17.852646
239 78.248829 17.047357 17.047357
8761 38.888889 -38.888889 38.888889
1351 37.777778 -37.777778 37.777778
717 38.719901 -37.854871 37.854871
3120 18.546833 -18.546833 26.651180
1529 19.395151 -19.395151 28.144237
4718 20.768277 -20.768277 53.626744
443 11.398294 -11.398294 65.014436
2322 11.847694 -11.847694 64.269661
444 11.894544 -11.894544 64.952082
2233 34.047587 -7.712407 7.712407
10895 35.324842 -8.217592 8.217592
3817 15.468640 -15.468640 82.117611
3816 15.463338 -15.463338 82.146324
1280 18.176849 18.176849 44.357097
7108 16.021581 16.021581 42.688118
1281 14.972737 14.972737 44.538043
2992 57.312516 11.084905 11.084905
2990 55.743853 12.156818 12.156818
8117 97.014068 -2.985932 29.680763
8118 97.592871 -2.407129 31.114996
10711 97.841140 2.158860 11.785526
5702 96.904208 3.095792 12.759324
4144 5.034411 2.817366 97.182634
588 5.033627 3.043666 96.956334
1480 4.578854 2.700553 97.299447
1965 13.759285 -13.759285 82.681874
1964 13.212697 -13.212697 82.944252
3105 41.495996 17.210581 17.210581
5014 41.124254 15.864156 15.864156
76 33.518322 -28.140424 28.140424
8458 31.760409 -27.543515 27.543515
13567 15.742229 -15.742229 82.814303
13278 16.000862 -16.000862 82.568982
13651 15.843431 -15.843431 82.805135
13642 15.975303 -15.975303 82.747799
13568 16.072386 -16.072386 82.361409
8389 10.443910 5.307591 94.692409
7731 10.799626 6.634075 93.365925
11238 17.156383 9.316260 9.316260
6908 15.332686 7.910874 7.910874
640 36.824916 -3.122812 3.122812
3427 37.254808 -3.832823 3.832823
862 35.611448 -3.508967 3.508967
8465 81.339968 -18.660032 67.290888
7823 81.661607 -18.338393 65.723853
6657 82.579044 -17.420956 67.685624
1371 38.456796 -6.992175 6.992175
2175 37.410525 -7.418693 7.418693
5549 36.924359 -6.646862 6.646862
6355 43.483691 -20.660517 20.660517
7500 44.811554 -20.427254 20.427254
336 44.512637 -21.325535 21.325535
10795 83.370517 -16.629483 33.605052
6528 84.177752 -15.822248 33.141898
1442 15.708598 -15.708598 81.894717
9112 15.364131 -15.364131 82.235361
9110 15.352041 -15.352041 82.249966
7009 54.072117 -38.289527 61.710473
6439 54.510199 -39.426805 60.573195
7007 56.373135 -38.034662 61.965338
9994 15.173288 -15.173288 82.445235
10614 15.197091 -15.197091 82.441524
2714 15.165692 -15.165692 82.479823
262 29.201214 23.527004 23.527004
261 29.695145 22.627095 22.627095
9962 28.396216 22.466657 22.466657
3409 39.662984 -39.662984 52.489618
3410 39.819639 -39.819639 50.389520
10414 88.582815 -11.417185 16.948219
13628 88.061942 -11.938058 17.049248
13638 88.178533 -11.821467 16.638548
4960 52.428967 -21.670501 21.670501
1458 34.090909 34.090909 34.090909
6687 35.310833 34.324875 34.324875
8801 22.903655 -22.903655 42.599744
7779 22.242271 -22.242271 41.587066
8800 23.246631 -23.246631 41.270440
10153 73.282165 -26.717835 70.748275
8858 72.366848 -27.633152 71.107846
10875 26.160380 26.160380 55.751261
10133 54.626660 -44.026657 44.026657
11063 55.102041 -44.897959 44.897959
4728 22.428997 -22.428997 49.923440
4727 23.159098 -23.159098 49.975319
10951 22.754653 -22.754653 50.985830
1237 97.637210 -2.362790 5.296277
1236 98.111431 -1.888569 3.134905
10026 15.274835 -15.274835 82.307536
1217 91.336668 8.663332 71.522419
1215 93.065382 6.934618 72.137178
1216 91.626420 8.373580 69.893667
1812 17.726310 17.726310 73.317489
5975 19.111231 19.111231 74.514845
2010 20.229700 20.229700 73.354272
2943 55.511426 -6.077306 6.077306
7364 53.329198 -5.873288 5.873288
8488 54.912051 -5.134764 5.134764
2107 65.589842 34.410158 56.442155
387 65.535895 34.464105 58.338843
4627 15.340135 -15.340135 82.225299
1390 88.851786 11.148214 43.277946
6545 18.026972 -18.026972 63.983578
10107 18.005992 -18.005992 64.528755
10106 17.690805 -17.690805 64.395421
7905 88.908697 -11.091303 70.183250
687 88.632359 -11.367641 67.763578
10131 91.902120 -8.097880 53.362984
6400 21.074022 -14.485698 14.485698
13335 21.587980 -14.584680 14.584680
2106 65.606232 34.393768 54.424513
7017 63.973118 36.026882 52.627514
4050 64.005434 35.994566 54.655282
568 21.814560 -21.814560 68.613703
567 21.063146 -21.063146 69.230599
5952 65.209018 -34.790982 63.476516
4377 66.735550 -33.264450 63.348954
5950 66.650991 -33.349009 65.004498
11237 15.310533 -15.310533 82.277477
11218 15.311493 -15.311493 82.271959
9781 84.320209 -5.435459 5.435459
837 15.288889 -15.288889 82.269716
5848 15.293849 -15.293849 82.267363
8138 88.016817 11.983183 74.690948
8139 88.843009 11.156991 77.035471
4199 58.242692 18.878373 18.878373
3195 56.902312 19.373737 19.373737
2980 58.033097 20.091693 20.091693
4768 75.304211 -2.570858 97.429142
3623 75.193290 -1.320500 98.679500
8227 67.275839 -28.626811 71.373189
3491 66.199142 -27.703067 72.296933
6861 15.276824 -15.276824 82.310287
10167 15.282290 -15.282290 82.305140
8899 15.280586 -15.280586 82.311041
126 94.861577 -5.138423 19.458959
7046 95.038528 -4.961472 20.802551
4376 96.055936 -3.944064 33.523458
6446 76.475927 -23.524073 56.164436
7163 5.791734 3.036917 96.963083
7162 63.338768 -25.767992 25.767992
6475 62.158464 -25.335335 25.335335
7070 94.149337 5.850663 55.320671
7931 92.994246 7.005754 53.282072
4040 8.658291 -8.658291 45.495809
1800 16.160066 -16.160066 73.217959
1798 16.567664 -16.567664 73.182141
2628 3.000426 -3.000426 40.480878
7893 2.471196 -2.471196 39.902681
10737 9.481180 6.586627 93.413373
2048 9.685068 7.878364 92.121636
118 8.589182 6.835737 93.164263
6766 88.256372 5.266276 5.266276
9873 86.412498 5.765420 5.765420
6640 88.248076 6.998009 6.998009
10717 18.582856 -18.582856 79.696818
5351 15.322797 -15.322797 82.251510
7200 15.316737 -15.316737 82.260137
11172 15.285693 -15.285693 82.287820
11101 15.285183 -15.285183 82.285610
7548 15.354651 -15.354651 72.182825
8948 14.999480 -14.999480 72.688824
4653 14.988574 -14.988574 72.218033
10573 55.703708 17.265797 17.265797
1916 59.587897 -10.413120 89.586880
8631 56.850319 -12.725686 87.274314
1917 59.593511 -12.122556 87.877444
5657 15.321765 -15.321765 82.283049
7397 15.313960 -15.313960 82.278535
9083 15.307429 -15.307429 82.284539
9802 15.319368 -15.319368 82.238452
7245 15.311980 -15.311980 82.250213
5813 6.404245 2.798659 97.201341
5811 6.381037 2.783602 97.216398
5812 6.407836 2.783585 97.216415
6278 5.804984 3.589851 96.410149
2954 5.225247 3.396032 96.603968
590 5.441038 3.278242 96.721758
85 66.357218 9.428054 9.428054
9947 65.069453 9.936016 9.936016
4197 24.074074 0.000000 0.000000
3776 23.572781 -0.668980 0.668980
1406 75.000000 0.000000 100.000000
11222 15.281365 -15.281365 82.286924
11189 15.279130 -15.279130 82.288033
9809 15.273570 -15.273570 82.297114
9810 15.276485 -15.276485 82.292059
1153 51.329243 -2.522784 2.522784
1154 50.761458 -3.250680 3.250680
5100 68.016334 14.837582 14.837582
8640 68.837892 13.733741 13.733741
5101 67.183370 13.674747 13.674747
280 13.293581 -13.293581 81.506197
279 13.987750 -13.987750 80.425012
2053 17.635066 -17.635066 74.704144
712 18.240467 -18.240467 74.492781
2156 89.795918 -10.204082 10.204082
1492 3.162232 -3.162232 28.323272
7811 3.795715 -3.795715 27.177117
6461 4.184357 -4.184357 29.102397
1105 58.616755 -14.251266 14.251266
1106 58.048451 -15.126881 15.126881
6050 89.528079 -10.471921 54.767482
7407 90.244788 -9.755212 56.865566
5641 57.434083 -8.579372 8.579372
4962 43.617021 43.617021 56.382979
4964 42.503717 42.503717 55.120944
3414 42.470139 9.669157 9.669157
9205 76.905659 -23.094341 46.569333
9275 91.714842 -8.285158 26.765390
10832 91.287230 -8.712770 25.405837
4769 92.035993 -7.964007 25.241790
1359 13.740963 -13.740963 72.707832
1360 13.422205 -13.422205 73.533681
10083 90.921560 9.078440 30.620188
3282 81.947804 -18.052196 53.609563
9316 82.064186 -17.935814 52.166188
14173 82.513072 -17.486928 53.387895
9834 82.921682 -17.078318 54.735030
2710 20.958326 20.958326 71.985887
4597 26.971055 26.971055 49.660109
4598 27.103609 27.103609 47.847147
2121 75.206069 -0.634992 0.634992
10861 19.159191 -19.159191 38.802082
1594 33.274848 -5.550374 5.550374
11093 31.731153 -4.892432 4.892432
1595 33.356467 -4.779479 4.779479
10490 0.734767 -0.734767 4.408687
7018 0.726310 -0.726310 2.926505
5844 1.528992 -1.528992 4.107967
3145 87.179655 -12.820345 57.802835
5824 6.517045 -3.379431 3.379431
5823 7.812888 -3.548142 3.548142
5233 7.560531 -4.214088 4.214088
312 5.654966 2.543687 97.456313
6654 5.633252 2.622095 97.377905
9151 25.925926 0.000000 0.000000
5410 6.239477 2.739964 97.260036
681 6.532736 2.642515 97.357485
682 6.661157 2.727823 97.272177
6026 19.063522 -19.063522 64.266684
4525 19.104975 -19.104975 64.610890
5375 96.666667 3.333333 96.666667
10164 96.732136 3.267864 94.308623
575 95.000000 5.000000 95.000000
6949 28.589440 -6.930086 6.930086
188 27.940819 -6.159434 6.159434
344 29.750290 -6.501494 6.501494
3186 72.260555 -27.739445 48.426120
6919 15.299282 -15.299282 82.265040
8247 15.297095 -15.297095 82.272156
11160 15.298224 -15.298224 82.292993
11084 15.302088 -15.302088 82.293072
10625 5.718331 2.484511 97.515489
1431 11.844038 -11.844038 31.799556
2192 12.560121 -12.560121 31.951968
10226 15.345093 -15.345093 82.025574
10018 76.085349 -5.293097 5.293097
8499 77.976699 -5.475193 5.475193
7199 76.097204 -6.393271 6.393271
957 40.986452 -29.324804 29.324804
956 40.880901 -28.558543 28.558543
5128 41.931030 -29.207430 29.207430
10294 99.318707 0.681293 6.716745
3483 69.223861 -0.791549 0.791549
6324 69.727784 -1.566375 1.566375
3484 68.089170 -1.503440 1.503440
9212 27.190911 -8.661554 8.661554
10442 28.733223 -8.989078 8.989078
7207 15.088527 -15.088527 82.555385
1027 15.116388 -15.116388 82.569681
6452 15.046683 -15.046683 82.633817
8449 12.975573 -0.537509 0.537509
4564 53.224389 -45.040301 45.040301
5565 25.886515 -16.714127 16.714127
2876 65.747951 -11.618724 11.618724
9928 67.471173 -11.492002 11.492002
2075 66.542334 -12.402573 12.402573
9168 77.276035 5.228356 5.228356
9040 46.155366 31.290928 31.290928
10696 44.737091 30.695982 30.695982
5579 45.068417 32.036676 32.036676
5035 92.142427 -1.832905 1.832905
5745 90.387090 -2.536082 2.536082
1807 90.682213 -1.698796 1.698796
10080 11.924255 -11.924255 67.145020
2380 11.764855 -11.764855 67.928294
2382 11.447475 -11.447475 67.634261
1479 4.517117 3.011907 96.988093
2401 3.649759 2.598564 97.401436
2402 4.034437 2.528426 97.471574
11000 4.856261 -4.856261 61.221978
6955 4.609129 -4.609129 60.475148
3316 21.742377 -21.742377 34.002857
7673 20.914884 -20.914884 35.248630
8860 20.429644 -20.429644 33.988812
5859 42.634568 -42.634568 55.885545
3540 1.354586 -1.354586 79.482342
3612 1.694065 -1.694065 80.209637
8189 63.438201 -10.459216 89.540784
3434 61.520516 -11.792649 88.207351
3433 63.082165 -11.924082 88.075918
13948 50.207746 -4.437723 4.437723
230 9.686717 -9.686717 59.154951
6850 14.574497 -14.574497 74.831870
8159 13.978006 -13.978006 75.264747
9219 33.832878 -24.445287 75.554713
8901 31.180603 -25.190677 74.809323
8772 31.404524 -26.546160 73.453840
1421 24.631780 -2.063869 2.063869
3775 24.898003 -1.393893 1.393893
6389 28.102348 28.102348 33.814384
6507 59.860660 35.994362 35.994362
10606 61.169238 36.024045 36.024045
9460 60.826764 34.851605 34.851605
1984 57.214674 -3.483066 3.483066
3466 57.581923 -2.596893 2.596893
2109 71.937159 -28.062841 67.433610
9787 70.454908 -29.545092 66.775788
199 15.306617 -15.306617 82.264579
8245 15.300946 -15.300946 82.272628
2848 15.302001 -15.302001 82.266844
2676 30.959242 -23.646330 23.646330
8270 32.315946 -24.449474 24.449474
1585 60.743051 -23.804873 23.804873
8930 24.030416 15.003045 84.996955
6252 84.310704 -15.689296 38.831322
2364 83.369301 -16.630699 40.358468
3566 82.898020 -17.101980 38.341758
2845 3.251412 -3.251412 46.865764
2847 2.813964 -2.813964 47.471356
9485 2.892904 -2.892904 46.316544
6721 24.567358 24.567358 42.672975
6720 21.516752 21.516752 43.471429
95 62.378008 3.288040 3.288040
8977 62.185178 4.190032 4.190032
4066 34.254159 -21.458150 21.458150
8445 32.662514 -20.956846 20.956846
8694 13.176734 -13.176734 17.723322
337 45.807029 -21.183425 21.183425
1992 11.410528 -5.300411 5.300411
2342 9.553550 -4.636304 4.636304
5517 37.470482 -9.050095 90.949905
8073 36.976904 -11.458235 88.541765
5435 46.592955 23.511864 23.511864
7476 9.823048 -9.823048 52.062204
2733 15.157215 -15.157215 82.132451
2734 15.188433 -15.188433 82.144687
2735 15.136086 -15.136086 82.205364
1400 8.889713 -8.889713 63.659761
10444 21.792424 -21.792424 43.146790
8281 22.679819 -22.679819 43.980352
8280 21.822161 -21.822161 44.681172
10332 5.689963 -5.689963 74.352351
4685 5.231227 -5.231227 73.930858
4187 5.902353 -5.902353 73.089766
10882 55.846000 -27.927886 27.927886
7802 57.134941 -27.378668 27.378668
2376 15.475352 -4.138291 4.138291
10988 17.360131 -4.102607 4.102607
10729 16.906685 -4.827731 4.827731
10050 21.736399 -5.240964 5.240964
7892 22.860148 -4.678843 4.678843
8975 24.098511 -5.827229 5.827229
4051 62.445691 37.554309 54.884159
7052 61.002424 38.997576 53.231663
7403 61.058315 38.941685 54.886944
3079 86.904116 -13.095884 15.848216
9936 67.018952 32.981048 35.710183
5223 67.851406 32.148594 37.732676
9239 68.817999 31.182001 36.467183
10363 33.471816 -4.190207 4.190207
6456 34.743275 -4.566418 4.566418
9185 18.248287 -18.248287 65.618441
9038 94.360650 -4.384985 4.384985
517 92.807025 -4.708530 4.708530
4156 93.341656 -6.658344 18.076738
6107 28.795822 -27.329095 27.329095
6106 27.777778 -27.777778 27.777778
10709 76.636855 -23.363145 25.642901
2861 75.535204 -24.464796 27.186613
4465 95.047347 -4.952653 9.058994
1711 34.495370 -1.535840 1.535840
1316 59.013642 -29.907255 29.907255
486 58.644446 -28.954022 28.954022
1317 59.677203 -29.247253 29.247253
6393 4.807692 -4.807692 95.192308
14131 5.304311 -2.134404 97.865596
14132 4.406171 -2.018174 97.981826
10323 36.038810 -14.343158 85.656842
2115 36.361346 -16.679672 83.320328
967 39.873534 -12.718751 87.281249
6307 34.780268 31.143651 31.143651
6258 5.681818 5.681818 5.681818
14086 3.590638 3.590638 6.225042
3643 58.567010 -31.579068 31.579068
4890 58.241794 -30.657340 30.657340
8033 59.415373 -30.841334 30.841334
450 64.135311 -35.864689 39.731249
452 65.166676 -34.833324 38.944142
11033 26.923077 -26.923077 73.076923
6505 94.723128 -5.276872 77.646619
5150 94.196174 -5.803826 78.977711
4155 43.100081 -29.004201 29.004201
8051 42.978906 -30.030880 30.030880
246 5.813424 -5.813424 71.312322
4188 5.527589 -5.527589 72.573204
6042 30.761568 19.472551 19.472551
5135 7.097946 -7.097946 91.812488
5134 7.692308 -7.692308 92.307692
10378 5.502434 -5.502434 23.502276
7313 4.643218 -4.643218 21.459352
7706 6.197565 -6.197565 22.216803
4107 7.573125 -7.573125 48.122975
7132 57.240290 27.200053 27.200053
9771 56.155580 27.257731 27.257731
7130 56.559064 28.165352 28.165352
6100 75.033668 -24.966332 61.654720
6101 74.365643 -25.634357 59.372517
6099 75.830170 -24.169830 60.277317
133 54.117872 -2.305578 97.694422
6498 53.846154 0.000000 100.000000
1266 51.205886 -3.181956 96.818044
7126 68.111742 31.888258 34.524867
1177 55.300205 -24.814160 24.814160
1179 55.994254 -24.010301 24.010301
5341 56.841872 -24.893952 24.893952
191 55.038841 4.096228 95.903772
10551 81.864702 -9.655089 90.344911
3832 80.975333 -11.134927 88.865073
3989 83.047047 -9.777071 90.222929
5614 6.655465 4.472680 95.527320
3842 6.200043 4.030585 95.969415
5615 6.704602 4.132267 95.867733
4648 60.296380 22.786445 22.786445
3263 60.142821 24.154160 24.154160
4524 19.358212 -19.358212 64.850709
9399 18.903454 -18.903454 65.076933
672 6.393872 2.910178 97.089822
10668 43.668475 11.663748 11.663748
5627 77.412795 22.587205 71.322825
9106 29.824978 -29.824978 41.516626
639 28.581407 -28.581407 41.666892
9953 29.172303 -29.172303 40.174252
10753 12.062808 -12.062808 30.748827
778 12.934431 -12.934431 30.805454
6839 3.978664 -3.978664 58.813233
6840 4.275507 -4.275507 59.699763
6841 3.711463 -3.711463 60.156296
9076 10.695476 10.695476 59.430646
276 12.887960 12.887960 60.662273
3122 14.852970 -14.852970 63.199009
1588 14.424538 -14.424538 63.333842
6015 14.703145 -14.703145 62.680864
10011 3.767639 -3.767639 81.754013
10010 3.237347 -3.237347 81.233325
5185 19.297747 -6.206709 6.206709
551 17.457948 -5.664980 5.664980
2146 12.893206 -12.893206 69.709500
4293 12.695794 -12.695794 70.331960
3379 29.099296 -17.138024 17.138024
8757 30.338581 -17.733755 17.733755
6999 92.740120 7.259880 20.128969
5354 92.224744 7.775256 17.347673
10334 6.381760 6.381760 64.332375
7267 9.179135 9.179135 65.340948
2596 84.657455 2.755000 2.755000
2490 78.270611 1.912721 1.912721
10343 76.397610 1.726368 1.726368
2909 23.088999 -23.088999 48.939031
10971 17.084404 17.084404 56.225486
3251 6.854433 3.039363 96.960637
3370 6.775030 3.061533 96.938467
3252 6.747672 3.000957 96.999043
7147 32.819600 -32.819600 41.150864
8251 31.869799 -31.869799 43.324209
9819 55.882911 -2.844968 2.844968
2038 18.973770 18.973770 58.962619
2794 21.319350 21.319350 60.079080
2795 21.298603 21.298603 58.470395
10778 84.902125 -0.849346 0.849346
7631 84.472035 -1.777006 1.777006
6867 55.675139 -44.324861 53.962941
6869 56.060606 -43.939394 56.060606
7817 73.507607 -16.124526 16.124526
4071 73.248406 -15.241955 15.241955
7484 74.373227 -15.526641 15.526641
8790 6.375472 2.812015 97.187985
10953 36.776746 12.449140 12.449140
7176 37.071070 11.540823 11.540823
1638 43.827742 -6.664580 6.664580
8154 42.498127 -7.166374 7.166374
6166 42.064577 -6.274400 6.274400
3846 10.156729 -10.156729 47.081495
4868 9.925367 -9.925367 47.897986
1577 28.472148 -28.472148 45.355025
1575 29.523219 -29.523219 45.626540
6815 19.283250 19.283250 60.585329
10041 57.896825 14.875420 14.875420
8219 4.376306 -4.376306 57.541975
10185 4.483178 -4.483178 58.605280
7122 97.765000 2.235000 60.360455
4349 98.322488 1.677512 58.540052
6181 97.362610 2.637390 58.264992
8602 23.300791 -23.300791 52.042556
6502 89.783731 10.216269 34.382494
11019 89.187394 10.812606 36.261142
2712 9.474694 -9.474694 74.987884
10023 22.018266 4.169949 95.830051
8390 9.518541 4.943133 95.056867
1921 78.485515 -0.366651 0.366651
1922 79.629630 0.000000 0.000000
8809 44.631311 12.309563 12.309563
2047 9.574468 9.574468 90.425532
4896 8.566542 7.828388 92.171612
9450 22.688470 -22.688470 74.415064
7254 22.126610 -22.126610 74.154035
7063 3.430989 -3.430989 61.492480
8106 3.201656 -3.201656 60.632573
6033 39.922273 33.516351 33.516351
4394 40.039506 32.614383 32.614383
7405 50.828933 -34.628950 65.371050
6550 50.972366 -33.032983 66.967017
8871 48.359161 -34.761882 65.238118
10518 85.834079 -14.165921 47.350859
2764 11.170026 -11.170026 38.180183
9726 7.524233 -7.524233 37.410070
6664 8.947285 2.758392 97.241608
10276 8.680228 2.390301 97.609699
3354 7.198934 -7.198934 32.687162
6796 7.651360 -7.651360 33.999759
3353 6.888233 -6.888233 33.909163
8786 50.317078 -40.034324 40.034324
8688 49.519808 -40.885036 40.885036
9743 77.281499 22.718501 68.011405
4132 78.202941 21.797059 66.928258
1094 17.497275 -17.497275 33.831199
1092 18.364509 -18.364509 35.186731
1093 17.123393 -17.123393 35.381006
2479 81.810750 -18.189250 34.466753
9050 82.912937 -17.087063 34.842770
10644 82.318133 -17.681867 36.373675
7820 38.430626 -33.530697 33.530697
5728 39.325661 -35.156392 35.156392
9268 39.506411 -8.471945 8.471945
7470 29.039844 29.039844 42.525771
5238 31.596159 31.596159 41.655030
9474 29.428961 29.428961 40.969029
8066 6.879737 -6.879737 24.755854
7097 5.587316 -5.587316 25.443614
1122 54.450155 36.559097 36.559097
1124 53.106107 36.054264 36.054264
9584 53.536936 37.404510 37.404510
994 69.503738 21.169240 21.169240
3994 71.290815 20.202372 20.202372
2925 54.363572 4.877226 4.877226
6344 54.172510 5.892504 5.892504
1176 55.356469 5.477342 5.477342
4497 2.203541 -2.203541 40.684913
1705 2.251819 -2.251819 41.778985
2290 1.830690 -1.830690 41.035650
2309 51.889221 5.094909 5.094909
2311 51.040746 6.053759 6.053759
6343 52.684514 6.102053 6.102053
2581 33.721102 -33.721102 36.242462
9412 32.741003 -32.741003 34.938547
907 66.275694 -28.252335 28.252335
8491 65.466930 -28.960351 28.960351
3530 65.059606 -28.138951 28.138951
3752 55.537167 -23.049496 76.950504
1419 53.636712 -22.666389 77.333611
10761 8.999615 2.045416 97.954584
10278 8.263703 2.077539 97.922461
5151 67.265775 32.734225 51.798258
3373 67.896223 32.103777 50.008887
9351 50.181536 -34.131973 34.131973
111 84.927816 -15.072184 55.878981
7710 84.113881 -15.886119 56.702755
1507 81.869457 -18.130543 55.105458
2449 68.791486 -16.445967 16.445967
2324 69.131135 -15.694116 15.694116
1447 43.502557 -13.713634 13.713634
1448 42.236875 -13.744216 13.744216
1449 42.697041 -13.120641 13.120641
10211 48.260155 44.808640 44.808640
6254 47.441002 42.924834 42.924834
9746 62.542532 9.467958 9.467958
5544 60.950897 9.637236 9.637236
8852 25.838092 -25.838092 63.476891
10826 26.618001 -26.618001 62.760069
8853 26.444210 -26.444210 64.195202
6513 8.068040 -8.068040 46.349319
4735 14.738298 -14.738298 82.433975
5297 14.908494 -14.908494 82.282559
8047 15.029290 -15.029290 82.155116
8049 15.012747 -15.012747 82.243422
6830 10.017364 -10.017364 69.779237
1814 9.869448 -9.869448 69.204088
5182 10.311129 -10.311129 68.807363
5754 29.102315 29.102315 34.889303
8456 73.147430 14.315214 14.315214
6564 71.962640 13.336231 13.336231
6566 71.346638 14.571325 14.571325
1430 11.293905 -11.293905 32.388547
4739 60.897314 39.102686 51.314049
10931 59.318416 40.681584 49.805303
7414 59.520455 40.479545 51.743640
4652 91.094820 -8.905180 24.052670
8321 33.799719 32.044228 32.044228
1457 32.954545 32.954545 32.954545
160 55.344369 27.945093 27.945093
1090 14.965494 -14.965494 82.406363
1089 15.019890 -15.019890 82.307838
4305 29.945114 -29.945114 58.293828
10170 29.600961 -29.600961 59.860385
8986 28.524589 -28.524589 59.061783
8736 9.413387 -9.413387 57.493643
3686 9.886105 -9.886105 56.668455
10308 32.085270 11.514536 11.514536
10543 32.648826 12.535211 12.535211
10633 33.321253 11.839577 11.839577
9249 8.350899 -8.350899 39.464211
4415 8.968325 -8.968325 39.368819
5954 8.754559 -8.754559 40.528550
4194 47.273414 37.457878 62.542122
10401 6.107701 2.942799 97.057201
10809 6.151957 3.005769 96.994231
2747 6.007022 2.941403 97.058597
9311 80.796727 19.203273 40.747615
2085 52.778712 28.540825 28.540825
2086 52.836349 27.000513 27.000513
2087 51.536231 27.502426 27.502426
5277 49.043983 42.052624 57.947376
4068 49.140057 43.527849 56.472151
8304 47.009239 43.740510 56.259490
5421 58.271436 39.925809 39.925809
3687 57.976300 38.320460 38.320460
4049 92.130578 7.869422 47.534236
8376 14.378370 -14.378370 15.957889
10984 15.555556 -15.555556 15.555556
6752 6.765316 2.783092 97.216908
10310 6.792240 2.735462 97.264538
668 52.049924 -29.957740 70.042260
6306 54.510489 -29.718729 70.281271
6146 54.353414 -28.687460 71.312540
5166 11.111111 0.000000 0.000000
1968 5.834370 -5.834370 50.190032
7583 27.274398 -10.861431 10.861431
4097 85.515343 -14.484657 21.599581
4096 86.686159 -13.313841 21.588909
3332 86.102238 -13.897762 23.351899
3184 27.392739 -27.392739 45.041625
1226 26.185536 -26.185536 44.636301
3182 27.296110 -27.296110 43.576389
3448 46.369268 24.006083 75.993917
3449 47.323653 21.289498 78.710502
123 86.668186 -7.463731 92.536269
4851 86.250534 -8.619649 91.380351
9978 88.130955 -7.289063 92.710937
287 49.619544 35.018659 35.018659
1792 49.052828 33.899022 33.899022
3639 48.362498 34.856320 34.856320
10439 1.635391 -1.635391 62.225424
8609 1.829931 -1.829931 60.971301
8068 2.205831 -2.205831 61.385662
2030 77.273235 22.726765 64.042794
3888 10.943211 -10.943211 50.791855
5972 83.746976 16.253024 80.016154
2583 82.155305 17.844695 79.154909
8748 83.483103 16.516897 81.073642
10535 86.136559 -13.863441 20.346999
833 29.434705 -9.593429 90.406571
7129 31.814043 -5.114301 94.885699
883 95.968272 -4.031728 14.696675
884 96.565143 -3.434857 13.148546
882 96.640360 -3.359640 14.785688
5455 63.963050 7.112634 7.112634
9404 63.202142 8.301268 8.301268
1943 56.478677 -19.685340 19.685340
5775 57.564921 -20.411300 20.411300
5774 55.849178 -20.734814 20.734814
2456 33.317556 -31.421408 31.421408
2741 46.658558 -46.658558 48.928250
4065 35.457571 -21.063148 21.063148
10939 83.022465 16.977535 65.488846
5673 83.361613 16.638387 67.305509
11024 41.480441 -41.480441 45.038015
8755 34.093396 -13.955878 13.955878
8754 32.801127 -13.820013 13.820013
4730 61.149506 -2.354177 2.354177
8674 63.047537 -2.406625 2.406625
4729 61.752063 -3.103860 3.103860
1011 35.758124 -16.974681 16.974681
3843 36.212576 -17.863187 17.863187
1012 34.648248 -17.516215 17.516215
2960 36.982531 -36.982531 57.939707
6445 76.023485 -23.976515 57.270043
2016 94.421877 -2.823244 97.176756
9029 92.081413 -4.303044 95.696956
8826 71.504696 -9.938897 9.938897
2500 73.133873 -9.557074 9.557074
13807 27.136971 19.507766 80.492234
7692 61.568681 -7.729240 7.729240
6286 22.069929 -22.069929 59.165102
4611 22.917578 -22.917578 58.324376
2529 29.751068 -0.517682 0.517682
3589 30.131424 -1.110615 1.110615
7693 37.014954 -37.014954 54.790233
3179 35.815193 -35.815193 54.180322
4578 36.954051 -36.954051 52.946120
13570 84.853128 -11.507698 88.492302
14032 85.911756 -10.915809 89.084191
14030 85.695425 -10.649607 89.350393
3031 53.340159 -36.722253 36.722253
5194 52.887030 -35.703659 35.703659
1155 49.366872 -2.612089 2.612089
9738 50.431205 -1.870213 1.870213
3872 19.873825 -19.873825 70.276714
224 0.000000 0.000000 15.873016
223 4.701561 4.701561 15.968232
5177 62.465204 -33.756831 66.243169
8206 95.416072 -3.364926 3.364926
1679 15.820834 -15.820834 64.413277
9581 16.144301 -16.144301 64.109192
5491 16.051618 -16.051618 64.616640
225 0.535902 -0.535902 57.414469
6791 0.491822 -0.491822 55.879469
4348 99.244209 0.755791 58.665365
4323 100.000000 0.000000 57.500000
10948 94.864530 5.135470 25.452454
10780 63.610100 -0.800947 0.800947
10331 64.337143 -1.616796 1.616796
10330 62.360784 -1.595845 1.595845
7415 13.291977 -13.291977 82.218904
4346 12.760290 -12.760290 82.408323
9494 10.517200 -10.517200 67.756631
7837 10.421711 -10.421711 67.035732
5002 10.847334 -10.847334 66.775446
6317 90.273237 9.726763 69.036822
39 79.021821 -20.978179 40.566892
40 79.240700 -20.759300 42.384936
41 78.325209 -21.674791 41.529851
251 83.906171 -16.093829 68.275012
10449 82.916456 -17.083544 66.081387
8541 15.962666 -15.962666 48.621180
9896 39.997333 37.101348 37.101348
2903 22.842245 -22.842245 64.623150
4711 22.440590 -22.440590 63.877507
8617 23.358214 -23.358214 63.649612
6582 1.460589 -1.460589 33.819437
295 0.000000 0.000000 69.841270
3926 3.400292 3.400292 70.358756
4401 2.021025 2.021025 68.456761
8234 15.657541 -15.657541 41.949967
10586 15.321409 -15.321409 42.667254
8235 14.941763 -14.941763 41.902400
519 7.650129 -2.735133 2.735133
4922 6.245714 -2.694444 2.694444
8562 18.623577 -18.623577 66.025016
8561 18.606394 -18.606394 65.590630
7328 19.041112 -19.041112 65.623936
10221 15.309455 -15.309455 82.244585
6920 15.304219 -15.304219 82.255847
10022 15.300240 -15.300240 82.254411
8956 66.351959 -33.648041 35.390146
6483 66.326531 -33.673469 33.673469
10730 18.522616 -5.204290 5.204290
4236 19.639299 -4.692244 4.692244
394 20.473889 -5.731471 5.731471
5591 38.442635 -1.056969 1.056969
5592 40.191954 -1.251511 1.251511
2393 31.201371 -31.201371 52.494166
7630 82.816688 -1.549996 1.549996
7629 82.428263 -2.450384 2.450384
8414 80.789094 -2.165410 2.165410
7408 21.153846 0.000000 100.000000
11085 15.281708 -15.281708 82.299700
11178 15.283500 -15.283500 82.295898
11163 15.284534 -15.284534 82.297270
487 58.519921 -27.815519 27.815519
5621 17.483781 -17.483781 53.045906
1528 18.113660 -18.113660 52.081099
8636 67.617322 -32.382678 49.193172
10065 67.733608 -12.644175 87.355825
3768 13.426736 -13.426736 65.716075
6941 12.047685 -12.047685 61.628797
6942 11.463057 -11.463057 61.289868
1289 7.179202 -7.179202 59.965923
10325 7.971753 -7.971753 59.435368
3603 12.891469 -12.891469 74.012663
1361 13.186577 -13.186577 73.228231
217 83.352595 16.647405 33.301602
4119 4.829827 -4.829827 28.109007
4486 95.738539 -1.156207 1.156207
4488 95.016155 -2.477381 2.477381
9035 7.235937 -7.235937 57.962782
5345 7.219057 -7.219057 56.770038
2882 58.304550 -18.677440 18.677440
8564 59.185292 -18.311005 18.311005
8565 59.326117 -19.075795 19.075795
10688 26.346121 -9.142104 9.142104
10292 24.914055 -8.718865 8.718865
7016 62.447131 37.552869 52.938022
3828 26.624055 23.550415 23.550415
3829 25.261781 23.691722 23.691722
9731 45.759678 22.406844 22.406844
6423 45.837770 21.276989 21.276989
1079 44.519614 21.838408 21.838408
3272 61.130723 -16.506314 83.493686
13984 61.112986 -15.266098 84.733902
10016 63.095653 -14.161486 85.838514
13985 62.258015 -15.308224 84.691776
1161 48.818585 -38.480375 38.480375
4502 7.239747 -7.239747 54.357208
8337 42.270764 38.792472 38.792472
10772 41.468650 37.436989 37.436989
8338 40.989586 38.540353 38.540353
1996 68.073879 -30.475430 30.475430
3045 66.703465 -30.328858 30.328858
11079 67.789346 -29.351823 29.351823
6975 20.616643 -20.616643 27.922005
2618 21.549063 -21.549063 29.170677
1530 20.294453 -20.294453 29.522286
1271 15.235908 -15.235908 82.368888
1273 15.215371 -15.215371 82.383785
7723 10.956112 -10.956112 48.669491
9100 10.451057 -10.451057 48.045079
6122 11.056659 -11.056659 47.640152
9977 88.303364 -6.358466 93.641534
134 56.691100 -1.462899 98.537101
135 55.769231 0.000000 100.000000
8099 43.558604 24.339343 24.339343
8681 42.041505 23.236268 23.236268
9419 30.361487 2.726912 2.726912
8424 30.472352 1.315944 1.315944
4280 28.796601 1.929267 1.929267
2375 13.659710 -3.387932 3.387932
1183 13.999507 -4.289327 4.289327
10691 94.391837 5.608163 75.492415
9989 94.999603 5.000397 73.652772
96 63.143642 2.542056 2.542056
9598 64.759433 2.355350 2.355350
4992 3.092956 -3.092956 69.136851
4993 2.632053 -2.632053 68.770695
10197 22.845048 -15.375966 15.375966
10475 7.931437 -7.931437 13.655920
10995 6.573036 -6.573036 13.147867
6388 69.082340 -30.917660 40.570120
6386 68.007843 -31.992157 39.702972
9388 17.925856 -17.925856 68.426046
13735 17.778239 -17.778239 68.243403
13736 18.042083 -18.042083 68.096845
7242 37.277491 -35.275381 35.275381
6976 64.532805 -26.078445 26.078445
2138 76.758716 -19.495775 80.504225
3495 55.506001 -11.315459 11.315459
11136 53.914878 -11.288471 11.288471
10249 54.819443 -10.435834 10.435834
10937 51.395843 -6.970959 6.970959
9160 51.490188 -6.189144 6.189144
9159 52.633387 -6.640906 6.640906
6424 44.470522 20.418045 20.418045
2365 83.629307 -16.370693 42.078253
6614 84.433996 -15.566004 43.597374
4530 83.177191 -16.822809 43.428941
3144 86.094723 -13.905277 58.511523
110 85.889477 -14.110523 56.529159
1210 5.992758 2.669816 97.330184
1825 5.898512 2.650824 97.349176
1830 55.185471 -19.859680 19.859680
1831 54.258913 -20.420999 20.420999
1832 53.946039 -19.415423 19.415423
1348 6.510851 -6.510851 81.678690
5207 5.599235 -5.599235 83.171519
5208 5.837749 -5.837749 81.596824
7791 5.987109 -5.987109 40.476624
9057 5.439742 -5.439742 40.867474
7844 5.544027 -5.544027 39.810581
6763 32.940501 3.477836 3.477836
4462 34.493045 3.439497 3.439497
6762 33.383984 2.397134 2.397134
3241 13.130967 -13.130967 64.031786
7248 12.776396 -12.776396 64.720514
1062 56.780096 -42.008989 42.008989
7769 56.946372 -40.979331 40.979331
9236 27.241944 -27.241944 51.083645
4122 26.485708 -26.485708 52.271836
8978 63.838783 3.566899 3.566899
3502 47.038751 -17.097899 17.097899
3500 47.734200 -16.729795 16.729795
6679 39.578081 -27.063226 27.063226
2721 95.472858 4.527142 59.699377
2722 96.538046 3.461954 58.947308
1607 26.750024 -4.094821 4.094821
3436 28.428834 -4.165824 4.165824
3437 27.873850 -4.819548 4.819548
6262 14.963594 -14.963594 27.314471
1690 14.793305 -14.793305 28.896861
4410 13.902197 -13.902197 27.786701
5257 87.224723 -5.519051 5.519051
8388 4.728024 -4.728024 62.346357
4996 61.231524 -9.904003 9.904003
5186 92.780568 7.219432 86.586256
727 92.531980 7.468020 88.483916
9383 79.059395 20.940605 69.353018
9384 78.196321 21.803679 70.312898
2537 19.849141 -19.849141 72.803037
2092 19.864224 -19.864224 72.222177
6702 89.719892 -5.562868 5.562868
6704 88.151277 -5.999063 5.999063
77 35.456091 -28.758606 28.758606
3781 35.966342 -27.771009 27.771009
2104 37.045342 -28.767831 28.767831
3438 47.810516 -43.480860 43.480860
879 25.285931 -25.285931 60.334738
5536 24.601971 -24.601971 61.514903
880 24.272168 -24.272168 60.507974
10732 73.089998 -19.817706 19.817706
7211 93.123740 6.876260 51.086722
7069 94.298106 5.701894 53.019150
10234 15.845990 -15.845990 49.682699
5741 21.452608 -21.452608 76.979437
7824 80.845458 -19.154542 64.123157
7478 81.881123 -18.118877 63.882599
10129 78.621589 8.500741 91.499259
6521 13.342710 -13.342710 71.489525
2719 12.432973 3.269747 96.730253
7922 11.333239 2.854038 97.145962
661 12.424625 2.211866 97.788134
10146 10.691989 -10.691989 70.917440
8547 11.064303 -11.064303 71.120616
8534 67.240333 -2.241201 2.241201
8535 66.293723 -1.576662 1.576662
9971 19.274944 -10.961049 10.961049
10660 41.543444 22.263679 77.736321
6576 40.308774 25.683047 74.316953
4366 66.222863 10.557340 10.557340
4325 67.607888 9.967951 9.967951
9949 59.437694 -40.562306 44.546112
10231 59.403360 -40.596640 46.146797
1659 77.534725 22.465275 57.376435
3773 77.534388 22.465612 59.481828
4124 79.116345 20.883655 59.454380
2645 19.711065 -13.240674 13.240674
722 20.354204 -13.651258 13.651258
3938 19.677370 -13.721203 13.721203
11005 57.770240 33.301923 33.301923
11008 56.696470 34.474441 34.474441
11009 58.117903 34.695199 34.695199
13231 85.380449 -14.619551 80.823245
13232 85.213442 -14.786558 81.358468
13434 85.005985 -14.994015 80.541910
8399 13.817735 -13.817735 66.423369
542 8.697108 -6.356854 6.356854
4025 8.779068 -5.409858 5.409858
9507 93.384201 -5.336365 5.336365
8396 92.283497 -6.204206 6.204206
7534 1.528021 -1.528021 51.076295
4808 13.926335 2.131526 2.131526
10705 13.789842 3.307292 3.307292
10186 14.315061 -14.315061 78.576957
2535 14.745066 -14.745066 78.613410
5955 13.986630 -13.986630 79.510606
9137 20.369329 -20.369329 70.909391
2875 64.757876 -12.451041 12.451041
4309 42.324446 -8.995788 8.995788
3153 41.142600 -8.368075 8.368075
3155 42.892810 -8.136172 8.136172
6172 72.235025 -27.764975 37.706175
8752 73.038411 -26.961589 39.122739
578 79.214722 20.785278 50.713906
577 80.076040 19.923960 49.950214
9449 97.292465 2.707535 50.377325
2257 98.523816 1.476184 52.580843
10426 98.678228 1.321772 50.256508
7944 36.429773 -7.872285 7.872285
2232 35.203461 -7.593208 7.593208
9559 35.881991 -7.137150 7.137150
7578 54.740545 -0.735345 0.735345
10103 37.186290 -24.385782 24.385782
10104 36.379242 -24.844985 24.844985
7882 100.000000 0.000000 52.500000
7881 100.000000 0.000000 50.000000
2594 31.583013 31.583013 34.463040
5073 32.675178 32.675178 35.699411
4341 90.643259 -9.356741 64.625668
8768 25.084567 -25.084567 38.464002
6335 6.996293 3.096362 96.903638
5475 19.318182 19.318182 19.318182
10758 20.454545 20.454545 20.454545
10093 44.519924 -19.706972 19.706972
4045 45.492441 -19.764798 19.764798
2301 88.053788 -11.946212 51.379619
221 52.618800 -47.381200 48.569201
6782 53.629121 -46.370879 49.640627
7031 52.008157 -47.991843 50.001646
3221 68.016184 -19.978904 80.021096
13384 69.615010 -18.735651 81.264349
13385 68.517034 -18.918812 81.081188
7761 66.651184 -18.417459 81.582541
13365 67.367810 -19.169110 80.830890
6780 34.573799 -10.197480 10.197480
6779 34.133740 -9.264235 9.264235
11221 35.398053 -9.632312 9.632312
5361 32.920213 -32.920213 48.272873
1537 64.704952 -9.375151 9.375151
1536 66.311045 -9.464190 9.464190
1684 65.637162 -10.144151 10.144151
8643 13.718351 -13.718351 50.580198
2242 13.685935 -13.685935 49.766751
5738 79.109881 20.890119 72.544800
3274 75.934899 -24.065101 31.481835
3275 77.088088 -22.911912 30.843423
4059 76.995863 -23.004137 32.825341
3360 7.666100 -7.666100 22.976991
11020 8.366974 -8.366974 21.562458
9287 13.610680 -13.610680 41.778137
979 71.849837 -28.150163 56.496772
6897 72.889077 -27.110923 58.531158
8402 97.396014 2.603986 81.329727
7771 97.543407 2.456593 79.531882
425 95.795073 4.204927 78.969923
9798 17.135435 12.606613 12.606613
7347 19.061041 13.773924 13.773924
7192 43.079648 -18.744819 18.744819
3121 43.348342 -18.173253 18.173253
1582 44.073012 -18.669400 18.669400
701 71.606151 28.393849 38.847932
14053 72.051011 27.948989 40.765468
14073 72.548087 27.451913 40.075536
9551 72.319598 27.680402 42.629901
6018 38.686888 16.000677 16.000677
9867 6.176776 -6.176776 46.824972
6958 6.625286 -6.625286 47.207635
9866 6.153850 -6.153850 47.939648
2911 63.016857 -36.983143 41.498611
10748 63.236080 -36.763920 40.359570
3848 83.401039 10.582332 89.417668
164 66.190715 -33.809285 43.920352
3718 66.894959 -33.105041 45.557457
3137 6.901405 -6.901405 87.722069
8587 6.876484 -6.876484 89.243837
6764 89.935919 6.495615 6.495615
6765 89.877767 4.804260 4.804260
5837 6.386737 3.163332 96.836668
7029 51.515152 -48.484848 51.515152
7030 50.000000 -50.000000 50.000000
1924 0.821498 -0.821498 90.798173
7676 0.614607 -0.614607 92.239115
4661 0.000000 0.000000 92.063492
8114 23.121787 -23.121787 33.383724
9723 22.147707 -22.147707 32.132122
6857 57.567512 42.432488 48.529245
6858 55.555776 44.444224 47.485894
5881 84.141134 15.858866 82.836118
2582 82.636139 17.363861 81.276025
10634 83.333333 16.666667 83.333333
8303 44.680851 44.680851 55.319149
7986 44.423998 44.423998 53.076152
194 93.513891 -6.486109 25.744042
7374 93.182660 -6.817340 27.736210
4771 92.585350 -7.414650 26.389334
10565 40.442117 4.014099 4.014099
2646 40.494660 5.257646 5.257646
6433 41.964105 4.753372 4.753372
2347 97.260594 2.739406 88.399028
322 38.452180 -3.402853 3.402853
3868 23.571785 -23.571785 73.826912
3869 24.232308 -24.232308 74.272905
3870 23.249305 -23.249305 74.765259
9658 90.494506 -9.505494 19.137407
300 79.834651 -10.239117 10.239117
301 78.194159 -10.456821 10.456821
3 75.832039 -4.387466 4.387466
5 75.436642 -3.626549 3.626549
6442 77.217685 -3.617018 3.617018
7641 88.266948 11.733052 13.922975
2539 89.528823 10.471177 12.969505
1651 60.231120 -14.112864 14.112864
9927 59.584858 -14.984972 14.984972
2076 68.523234 -12.327755 12.327755
11055 60.768122 -13.418583 13.418583
8019 87.168511 -12.831489 78.683020
8878 56.838582 13.579889 13.579889
6448 0.936631 -0.936631 23.500040
6449 1.532597 -1.532597 22.158593
375 26.418903 -26.418903 41.060703
7574 26.336329 -26.336329 42.868647
1403 56.912979 -22.580756 22.580756
11143 55.453083 -23.035583 23.035583
10219 55.718632 -21.911692 21.911692
4382 91.017608 -8.982392 43.942047
7217 92.245451 -7.754549 44.898315
3084 14.095099 -14.095099 77.159117
3083 14.031771 -14.031771 77.670763
8671 35.255209 35.255209 44.216848
5239 32.684010 32.684010 44.081979
10607 33.667329 33.667329 46.411099
6333 39.303332 27.465653 27.465653
4747 38.982985 26.364628 26.364628
4240 59.728505 -12.333780 12.333780
9102 96.269947 3.730053 76.682139
65 18.406072 -18.406072 70.981066
2681 18.556977 -18.556977 70.356198
3553 18.903289 -18.903289 70.564794
7965 26.288119 14.251140 14.251140
432 27.930972 14.075200 14.075200
7963 26.530418 12.930130 12.930130
5586 58.640060 30.865596 30.865596
9454 57.254718 30.499427 30.499427
10989 57.460028 31.884084 31.884084
5787 6.269181 3.033024 96.966976
367 6.286739 2.992158 97.007842
4223 6.357979 3.035853 96.964147
8931 26.843525 13.866433 86.133567
7281 28.394326 15.451238 84.548762
10987 13.999976 -13.999976 70.507537
6792 0.474571 -0.474571 54.380351
7161 63.429399 -24.763685 24.763685
8939 25.939316 -14.685258 14.685258
2079 62.053013 30.687991 69.312009
8332 62.967422 28.667756 71.332244
2080 64.744796 29.803416 70.196584
4833 83.704094 -5.234403 94.765597
1895 64.285714 -35.714286 35.714286
2656 62.756883 -34.436110 34.436110
8881 64.222978 -33.990612 33.990612
8220 44.284453 -42.042365 42.042365
7854 44.961598 -43.216292 43.216292
1950 65.144066 -3.527299 3.527299
9554 66.793960 -3.064940 3.064940
8105 21.366469 21.366469 61.401794
9552 19.911020 19.911020 62.133123
3780 34.945893 -26.743440 26.743440
9468 35.376809 -26.020936 26.020936
9711 36.552348 -26.886911 26.886911
6358 14.568714 -6.256153 6.256153
2928 70.418724 -9.397490 9.397490
5766 5.473949 2.621898 97.378102
592 5.302770 2.641861 97.358139
3400 4.584179 -4.584179 36.468376
3398 3.893898 -3.893898 36.407656
3399 4.142285 -4.142285 35.015964
10228 59.884223 -16.569992 16.569992
10947 59.506684 -17.533375 17.533375
843 78.198602 -20.079332 79.920668
13403 79.543228 -18.796221 81.203779
13366 78.507821 -18.579944 81.420056
6799 98.546225 -1.453775 95.966285
9142 97.014392 -2.985608 94.413884
7004 91.493814 -8.506186 31.932547
9595 90.459548 -9.540452 33.160075
105 90.419656 -9.580344 30.970340
5029 67.331563 21.244106 21.244106
1910 67.228554 19.710512 19.710512
10218 84.842530 11.912012 11.912012
10216 84.348385 13.142228 13.142228
10117 82.011467 -17.988533 28.837914
10967 81.095869 -18.904131 30.465952
1404 75.900616 2.293128 97.706872
2117 77.550456 1.882136 98.117864
2978 89.843998 1.258902 1.258902
2979 88.888889 0.000000 0.000000
2977 88.117167 1.230724 1.230724
8519 94.701667 -5.298333 64.060841
8352 95.641241 -4.358759 65.453858
4057 29.033906 -29.033906 37.177594
10917 21.850016 -21.850016 45.752317
8282 22.543887 -22.543887 45.282024
2641 46.472073 -3.420729 3.420729
2614 46.616964 -4.173650 4.173650
2587 21.420973 -21.420973 63.134964
5750 21.168631 -21.168631 64.151047
2588 20.701909 -20.701909 63.750679
10451 25.677557 -25.677557 32.291272
9191 9.783483 -9.783483 76.924860
1 9.111968 -9.111968 77.913517
5680 66.152238 28.691687 28.691687
5679 66.358017 29.863203 29.863203
559 82.918724 -17.081276 51.095551
5983 83.118618 -16.881382 53.040798
8434 7.368708 2.526435 97.473565
6336 7.035214 2.515944 97.484056
5502 7.039617 2.343832 97.656168
4137 75.091782 24.908218 70.865298
14 73.623406 26.376594 70.515933
4136 75.474114 24.525886 72.526063
508 0.651603 -0.651603 60.362427
3778 0.557026 -0.557026 58.956712
509 1.005754 -1.005754 59.217749
3747 50.866476 -0.608549 0.608549
8921 50.844271 15.402588 84.597412
3407 51.726304 11.890246 88.109754
3406 53.606155 12.453059 87.546941
1951 16.607580 7.920575 92.079425
1142 18.585469 7.453022 92.546978
7309 41.812014 -41.812014 54.844658
479 41.503101 -41.503101 56.712258
478 40.549482 -40.549482 55.633944
1256 12.823623 -12.823623 44.927483
9367 3.606783 -3.606783 72.582064
8923 3.354546 -3.354546 71.587304
10682 2.671070 -2.671070 32.837588
8527 36.538462 0.000000 100.000000
2999 44.804815 -8.243769 8.243769
4094 45.444822 -7.687094 7.687094
10975 97.881217 -2.118783 76.834843
4760 98.463817 -1.536183 75.433962
8887 98.666517 -1.333483 77.730688
5519 35.317484 -18.527846 18.527846
9277 36.107980 -19.457504 19.457504
9719 54.914853 45.085147 52.841353
1380 0.000000 0.000000 87.301587
647 0.000000 0.000000 88.888889
14102 4.708119 4.708119 89.531880
14103 6.033130 6.033130 88.982189
5439 7.765180 -7.765180 10.219705
8873 16.175936 -16.175936 65.241043
5968 15.912438 -15.912438 65.639643
8874 15.965195 -15.965195 65.109358
9465 59.146070 33.531353 33.531353
9616 58.865277 32.223487 32.223487
3818 87.336664 9.823699 9.823699
9570 11.602829 11.602829 70.169072
4818 54.240008 34.548607 65.451393
4820 56.241314 35.604666 64.395334
7469 53.223339 36.595026 63.404974
8513 14.006207 6.674810 93.325190
8764 14.720525 4.880967 95.119033
4089 15.778595 6.192715 93.807285
3813 20.700926 -20.700926 48.505476
3625 35.048363 35.048363 62.066647
1426 35.572322 35.572322 60.473775
8641 33.033211 33.033211 60.574714
9120 15.066089 -15.066089 55.545560
9122 14.656662 -14.656662 56.623895
6925 14.381875 -14.381875 55.769001
1005 57.768624 -23.332925 23.332925
6900 3.283130 -3.283130 36.824351
6899 2.759378 -2.759378 37.588206
3234 14.618634 -14.618634 83.189981
6834 14.620186 -14.620186 83.039265
9925 14.785835 -14.785835 82.949203
9660 23.333333 -23.333333 23.333333
6384 22.222222 -22.222222 22.222222
6385 24.430244 -22.515145 22.515145
652 68.590741 -31.409259 59.474817
1685 66.538619 -10.787171 10.787171
1323 76.046106 14.606508 14.606508
4606 74.757631 13.846912 13.846912
3571 22.208144 -13.683301 13.683301
3570 22.037456 -14.028634 14.028634
5866 7.445460 -7.445460 61.829616
13712 7.316512 -7.316512 60.985719
6661 37.534452 22.940658 22.940658
5466 39.339744 22.891158 22.891158
9656 37.912134 21.543184 21.543184
3812 58.624426 10.281681 10.281681
988 57.165802 9.750256 9.750256
4997 2.272134 -2.272134 47.853150
4998 2.469535 -2.469535 46.428296
4334 23.345278 11.409059 88.590941
595 22.448015 10.227780 89.772220
6368 6.302794 2.862141 97.137859
3235 14.805496 -14.805496 83.066806
3236 14.650993 -14.650993 83.315740
5776 57.247639 -21.504365 21.504365
2538 89.534884 10.465116 10.465116
9082 43.452931 -43.452931 52.727955
3859 51.309438 19.575579 19.575579
7441 55.495858 -14.884938 14.884938
8927 54.448073 -14.144435 14.144435
3795 76.708338 -23.291662 75.131298
3794 77.622376 -22.377624 74.348178
5387 31.982783 -22.982807 77.017193
991 29.291457 -23.781359 76.218641
9131 89.208426 10.791574 81.773980
4393 88.753174 11.246826 82.946018
3109 46.941947 -26.820505 26.820505
2337 45.643514 -26.119320 26.119320
9021 2.478100 -2.478100 74.765410
5667 2.190972 -2.190972 73.814363
5666 2.903992 -2.903992 73.161316
10820 13.461538 -13.461538 86.538462
1212 12.500000 -12.500000 87.500000
9424 13.512549 -13.512549 85.954978
108 20.364785 -20.364785 58.981609
7378 24.042265 -24.042265 25.575490
54 25.555556 -25.555556 25.555556
13572 15.341014 -15.341014 82.331733
7280 74.244507 -5.107821 5.107821
5798 13.940324 -13.940324 64.553749
3956 14.313798 -14.313798 64.454104
2409 14.045621 -14.045621 65.016101
9304 59.312704 14.387492 14.387492
6373 7.552006 -7.552006 76.013811
8532 28.137285 -28.137285 42.838012
377 27.434253 -27.434253 42.087153
281 69.882847 -16.737007 16.737007
2344 68.697368 -17.280379 17.280379
10007 60.865408 -3.998285 96.001715
9563 61.611836 -5.607554 94.392446
8343 63.368675 -3.565855 96.434145
1878 73.127933 -6.423970 6.423970
10818 72.505636 -7.039679 7.039679
1879 71.838827 -6.484827 6.484827
1101 97.660596 -2.339404 24.619995
6743 42.615361 27.824839 27.824839
10265 44.197456 27.467747 27.467747
2888 13.379363 -13.379363 74.948384
7925 56.976174 -8.946381 91.053619
4143 61.579871 8.525653 8.525653
4928 16.538679 -16.538679 81.206366
5537 16.640091 -16.640091 80.883684
5539 16.840403 -16.840403 80.902313
8629 41.564251 0.968394 0.968394
6933 89.764319 -10.235681 43.455501
515 92.078523 -5.495977 5.495977
8395 90.646559 -6.106428 6.106428
7827 36.610693 -9.510306 9.510306
10894 35.390794 -8.964585 8.964585
9935 23.198788 -23.198788 26.918329
8004 76.471665 23.528335 69.085381
4807 12.450887 1.098865 1.098865
1543 37.727694 -10.130765 10.130765
8361 38.879869 -10.751992 10.751992
1544 37.443359 -10.890288 10.890288
10957 87.037037 0.000000 0.000000
10259 85.185185 0.000000 0.000000
4668 86.420914 1.215158 1.215158
1967 5.581817 -5.581817 48.816530
9692 17.739622 -17.739622 66.961272
8621 17.649773 -17.649773 67.472658
10031 17.344594 -17.344594 67.191167
2801 11.362387 -11.362387 29.390987
2949 10.429062 -10.429062 30.026235
5577 10.441645 -10.441645 28.674298
8517 64.774591 -16.873551 16.873551
584 65.856242 -16.902699 16.902699
7271 0.000000 0.000000 41.269841
5943 17.785819 -17.785819 49.502723
8660 7.397330 -7.397330 63.168695
352 6.842556 -6.842556 62.850938
9775 23.951433 -14.309734 14.309734
6773 24.497344 -14.475718 14.475718
4060 31.737428 -31.737428 33.703424
8861 15.320347 -15.320347 81.782109
8862 15.352597 -15.352597 81.620314
972 78.857804 -21.142196 51.011245
7662 80.013696 -19.986304 52.225173
553 16.167741 -6.029682 6.029682
9001 7.863321 -7.863321 44.056766
10184 7.989961 -7.989961 45.184592
2545 7.447014 -7.447014 44.853143
6080 12.519226 -12.519226 85.382602
10130 12.763143 -12.763143 85.820602
9163 85.424974 -14.575026 28.162873
3333 85.436142 -14.563858 25.575558
10600 86.571726 -13.428274 27.206219
13347 23.266550 -14.272373 14.272373
9522 90.652898 2.550130 2.550130
9523 89.864416 3.506199 3.506199
9521 91.209127 4.005898 4.005898
9783 21.886584 -13.035102 13.035102
9782 21.739688 -13.315144 13.315144
4112 96.791773 -3.208227 19.385098
2784 85.517197 14.482803 61.334254
2785 86.155544 13.844456 63.998217
9941 13.597946 -13.597946 59.624000
1353 12.954589 -12.954589 59.982844
3432 21.433311 -13.912031 13.912031
10039 29.497002 -18.032952 81.967048
13573 30.561891 -15.777989 84.222011
8358 9.838841 -9.838841 63.844991
10690 7.714256 1.852134 98.147866
10924 31.546028 31.546028 50.594205
4599 29.504759 29.504759 48.598214
9599 29.093309 29.093309 51.104533
4055 29.830739 -29.830739 38.559605
9956 8.508758 -8.508758 48.137283
936 61.543686 14.460699 85.539301
9924 58.806530 17.006387 82.993613
10198 24.517388 -15.223311 15.223311
6772 24.538683 -14.836660 14.836660
10674 58.634375 3.195783 3.195783
10907 17.214895 -17.214895 66.114408
8161 17.175459 -17.175459 65.707339
10406 40.823762 22.357593 22.357593
9625 53.050959 2.017020 2.017020
2698 9.428183 -9.428183 60.617167
2410 95.364682 -4.635318 16.271871
7943 45.364327 -40.593478 40.593478
2947 46.368863 -40.112932 40.112932
10416 80.687968 -19.312032 62.739007
11060 79.891977 -20.108023 61.047880
7479 81.232282 -18.767718 61.650538
5630 58.973252 1.000535 1.000535
7830 57.772955 -29.731714 29.731714
5971 82.676969 17.323031 77.846755
9172 83.170808 16.829192 76.615508
4971 25.666302 -25.666302 54.802347
4123 26.651651 -26.651651 53.654290
5087 97.516772 2.483228 48.204731
9258 17.939424 -17.939424 43.455942
5723 18.682959 -18.682959 42.854301
5722 18.677767 -18.677767 43.979741
8216 56.404869 -16.651495 16.651495
6078 53.886887 22.139744 22.139744
1409 28.554001 -28.554001 61.999629
1407 29.348591 -29.348591 61.092651
1408 29.624888 -29.624888 62.106624
10516 39.534855 39.534855 44.290510
7984 37.556899 37.556899 44.300387
22 38.674137 38.674137 46.707691
7081 64.344543 -25.239703 25.239703
6149 65.502409 -25.272724 25.272724
7005 1.111111 -1.111111 1.111111
7006 0.655254 -0.655254 1.650898
6427 0.000000 0.000000 0.000000
10886 82.799995 -11.840047 11.840047
6929 83.370733 -10.893330 10.893330
8193 84.417401 -11.468381 11.468381
2418 21.380173 -15.085176 15.085176
13336 21.433332 -14.757230 14.757230
6132 32.033348 -19.963689 19.963689
1377 19.545611 -19.545611 51.336135
1375 18.897083 -18.897083 52.297960
1376 18.768657 -18.768657 51.105234
89 48.863636 48.863636 48.863636
7650 35.732907 -35.732907 45.534676
4492 46.912145 -21.061858 21.061858
1778 46.859505 -21.818275 21.818275
5079 30.173053 4.991257 95.008743
7880 99.022180 -0.977820 50.905769
8884 99.276883 -0.723117 48.655956
1823 89.956309 -10.043691 79.906269
3913 73.455751 -26.544249 32.977059
7154 72.286446 -27.713554 33.223534
7843 72.751564 -27.248436 31.933827
10126 23.191016 -14.378965 14.378965
121 15.291279 -15.291279 31.356844
1691 14.629023 -14.629023 30.321885
119 15.553385 -15.553385 30.046480
5730 80.630699 -19.369301 75.535151
3538 79.625896 -20.374104 73.892326
4520 12.302520 -12.302520 70.596002
5075 12.188159 -12.188159 70.237831
4915 91.860465 8.139535 8.139535
4913 91.779818 8.220182 10.521614
4914 92.900093 7.099907 9.471605
313 5.811547 2.575841 97.424159
3233 5.948239 2.610351 97.389649
9018 32.048063 -32.048063 58.634408
4306 31.235630 -31.235630 57.669381
4262 32.586078 -32.586078 57.047260
2763 68.445660 25.969133 74.030867
7290 67.492194 24.090493 75.909507
10483 87.262727 12.737273 51.071257
7155 86.649506 13.350494 48.871378
6662 37.028243 24.156729 24.156729
9637 77.670123 -7.989215 92.010785
5213 15.519901 -15.519901 67.129429
4809 15.775951 -15.775951 67.301279
374 73.458443 -22.730479 22.730479
439 72.040776 -23.201360 23.201360
1029 72.447867 -22.152024 22.152024
13717 13.636364 13.636364 13.636364
7506 14.618627 13.710270 13.710270
4609 8.318746 -8.318746 54.891448
10704 39.586449 28.785465 28.785465
9859 21.691071 -21.691071 53.492259
5118 46.666667 -46.666667 46.666667
6216 69.510958 12.685401 12.685401
6565 70.379892 13.585784 13.585784
10113 70.957565 12.441798 12.441798
32 42.760827 18.138378 81.861622
10969 39.287931 22.347194 77.652806
6108 29.755942 -28.450961 28.450961
7586 21.111111 -21.111111 21.111111
7587 20.271583 -20.271583 21.670287
7588 20.000000 -20.000000 20.000000
6239 93.034033 4.583348 4.583348
7 94.134318 2.735827 2.735827
3611 92.335554 2.757217 2.757217
3198 26.954133 26.954133 44.086859
9564 85.373781 -14.626219 52.343698
3312 91.184772 -8.815228 63.098317
3311 91.803411 -8.196589 65.406374
6902 4.204332 -4.204332 23.635754
2584 81.037293 18.962707 79.591479
10169 30.460847 -30.460847 60.802958
1324 51.881183 -35.603975 35.603975
9140 97.826030 2.173970 5.773761
608 99.023623 0.976377 5.096851
9741 98.538994 1.461006 3.276342
11096 0.000000 0.000000 44.444444
7571 0.342905 -0.342905 45.588486
5893 6.881026 3.120797 96.879203
2568 17.964810 17.964810 78.192383
7289 16.832646 16.832646 79.300130
8638 18.866899 -12.390794 12.390794
7323 18.239796 -11.910849 11.910849
8639 19.181344 -12.043194 12.043194
6876 42.723418 28.335610 71.664390
6875 44.244983 25.799566 74.200434
7411 52.264507 -34.784074 34.784074
9430 51.425596 -33.905778 33.905778
8370 52.737213 -33.765321 33.765321
7348 29.583022 -15.187677 15.187677
4052 63.970588 36.029412 56.615328
583 67.359953 -16.895579 16.895579
7934 15.245093 -15.245093 82.351788
7691 60.354493 -8.037804 8.037804
7209 61.629870 -8.411557 8.411557
1988 64.724732 -31.498878 68.501122
4441 12.086529 -12.086529 69.418224
10641 11.835020 -11.835020 69.068605
5062 25.389951 -25.389951 34.007329
5167 81.164487 -18.835513 69.244651
10639 79.992998 -20.007002 66.860830
3573 16.137477 -16.137477 79.438261
2610 16.644329 -16.644329 78.651674
1976 93.914217 -6.085783 52.931385
1975 94.808495 -5.191505 54.833749
5861 10.433053 3.254596 96.745404
9186 9.632194 2.961211 97.038789
824 95.359766 -4.640234 61.110558
732 14.956821 5.383806 5.383806
11091 7.287477 1.991623 98.008377
9776 24.096200 -14.589779 14.589779
9166 23.588395 -14.460081 14.460081
4576 45.545571 -27.154471 72.845529
2389 82.587040 -5.975221 5.975221
10450 82.917263 -5.073234 5.073234
4843 45.378118 10.689126 10.689126
233 34.662604 10.179422 10.179422
6499 33.685118 9.541190 9.541190
6203 17.604926 -15.200122 15.200122
6202 18.686416 -15.593723 15.593723
6223 17.935054 -16.116956 16.116956
9905 72.606316 27.393684 54.300717
2497 72.481860 27.518140 56.454241
9371 53.752853 -37.787315 37.787315
3935 35.289524 -35.289524 51.015825
2477 17.284134 -17.284134 65.260360
918 22.476039 -20.250738 20.250738
9641 63.215136 -5.593040 5.593040
9640 61.666200 -5.834666 5.834666
9108 62.078523 -5.098795 5.098795
6157 21.613334 -12.660566 12.660566
10453 49.331882 -12.473500 12.473500
9199 55.779702 -1.504526 1.504526
8971 46.096585 -17.060404 17.060404
5681 46.642868 -16.552498 16.552498
489 18.685126 18.685126 64.590134
490 17.842838 17.842838 62.891079
3997 50.737468 -18.005661 18.005661
9976 50.322111 -17.127291 17.127291
9457 55.660288 -37.208197 37.208197
9456 54.519453 -36.942592 36.942592
2170 83.881246 16.118754 47.581286
2434 83.390302 16.609698 49.465776
11007 75.690079 -20.366273 20.366273
6622 74.508359 -20.898150 20.898150
2437 9.934931 -9.934931 70.631990
9881 9.568077 -9.568077 70.527604
2647 38.797318 4.412929 4.412929
8071 85.180961 14.819039 65.293592
8963 49.628677 -15.017057 15.017057
1169 69.736444 -30.263556 54.070646
4750 16.324570 -16.324570 76.258806
1568 83.054825 -4.602203 95.397797
7736 84.235568 -3.223754 96.776246
10933 93.470662 -6.529338 14.255536
10964 93.002594 -6.997406 13.357978
5897 45.532985 -37.901535 37.901535
5896 46.683064 -37.936299 37.936299
2948 46.385438 -38.925913 38.925913
3301 99.459793 -0.540207 34.258774
2818 100.000000 0.000000 35.000000
458 22.115385 -22.115385 77.884615
9164 23.905142 -14.866701 14.866701
3001 92.089128 -5.373204 94.626796
3002 89.789191 -6.960794 93.039206
3000 91.231926 -6.669954 93.330046
6047 15.813515 -15.813515 76.448061
3472 85.857414 -14.142586 36.001439
9324 86.957336 -13.042664 37.386210
9470 85.683526 -14.316474 38.176069
2458 81.831928 18.168072 54.451776
455 37.639938 33.826981 33.826981
9579 11.221890 -11.221890 76.252624
3666 10.837074 -10.837074 76.981125
4412 76.221743 -21.190092 78.809908
3101 85.400420 -14.599580 66.616816
6524 93.457153 6.542847 68.372216
10280 92.526663 7.473337 69.273968
6522 94.046613 5.953387 70.875966
637 100.000000 0.000000 10.000000
636 99.352540 -0.647460 10.373454
7591 100.000000 0.000000 7.500000
10188 51.125255 -37.366265 62.633735
2814 51.632894 -38.563897 61.436103
3487 58.387378 -26.581940 73.418060
3486 60.451671 -26.902602 73.097398
3575 15.771372 -15.771372 80.113779
1846 15.391445 -15.391445 79.968363
13575 15.460834 -15.460834 82.334976
10481 54.689648 -32.582995 32.582995
7978 53.854886 -31.574630 31.574630
3811 57.168565 -25.641221 74.358779
6145 55.660075 -27.291865 72.708135
4235 20.870493 -4.213669 4.213669
4234 18.872263 -3.660465 3.660465
5660 20.200524 -3.158348 3.158348
4082 69.856464 -2.314229 2.314229
9969 68.407988 -2.709827 2.709827
6325 68.664348 -2.067014 2.067014
10300 49.147807 -15.659834 15.659834
9861 16.102355 -16.102355 61.581645
10808 16.397761 -16.397761 61.148900
2039 18.971033 18.971033 57.272929
10864 31.090524 31.090524 46.317520
11046 32.343880 32.343880 48.432078
5256 86.484559 -6.460822 6.460822
8355 10.789348 -10.789348 69.991036
6228 11.354511 -11.354511 69.484861
8188 11.178694 -11.178694 70.318937
2910 22.230045 -22.230045 48.754017
1334 21.595042 -21.595042 49.784384
3133 48.964623 4.459595 95.540405
3135 51.242484 3.600461 96.399539
5067 17.732045 -17.732045 75.274402
6477 75.876463 -12.948800 12.948800
13964 75.463764 -12.301354 12.301354
13949 76.643079 -12.091488 12.091488
2857 82.643858 17.356142 19.732952
8622 82.558140 17.441860 17.441860
8623 81.395349 18.604651 18.604651
1250 15.170857 -15.170857 82.762197
13808 15.256353 -15.256353 82.726720
9590 79.336781 -15.571834 15.571834
5180 5.043152 -5.043152 35.342511
5927 5.867586 -5.867586 35.179134
4207 95.233870 4.766130 45.884729
6635 82.198788 -17.801212 19.519000
2261 81.747503 -18.252497 21.296821
656 80.612245 -19.387755 19.387755
11126 30.745034 -30.745034 62.121526
6438 55.051125 -40.615993 59.384007
6440 52.439742 -40.898360 59.101640
6860 15.270575 -15.270575 82.314774
9237 27.899610 -27.899610 49.571544
8570 15.397913 -15.397913 82.293910
7022 15.388850 -15.388850 82.271983
975 77.906977 22.093023 22.093023
8849 16.235180 -16.235180 63.579303
1681 15.900902 -15.900902 63.906678
8847 15.968489 -15.968489 63.375993
7503 92.300160 7.699840 22.272896
1837 15.295765 -15.295765 82.518078
13583 15.330769 -15.330769 82.453653
13576 15.361189 -15.361189 82.456505
2312 15.345215 -15.345215 82.522119
13577 15.394032 -15.394032 82.455129
4831 39.705093 13.718382 13.718382
8903 38.376485 13.849604 13.849604
10427 14.244776 -14.244776 57.613736
7025 13.904184 -13.904184 58.600839
2598 13.582977 -13.582977 57.824159
8637 38.095813 11.399385 11.399385
422 38.323832 10.583612 10.583612
7174 37.292742 10.754391 10.754391
1482 45.150814 -39.138302 39.138302
10032 44.374608 -39.862918 39.862918
1483 43.756288 -38.788178 38.788178
8152 15.884183 -15.884183 77.003569
6733 13.899327 -13.899327 62.180754
4384 14.305887 -14.305887 61.753169
4625 14.186229 -14.186229 62.345433
9639 16.635495 -16.635495 67.608485
2664 16.636954 -16.636954 67.193714
8799 16.943005 -16.943005 67.158979
3554 19.434822 -19.434822 70.099221
7876 66.828479 33.171521 63.653728
6048 66.931612 33.068388 61.948068
1249 15.214413 -15.214413 82.648601
13811 15.286853 -15.286853 82.601746
13809 15.253980 -15.253980 82.667317
13812 15.279235 -15.279235 82.573372
3315 21.853583 -21.853583 35.723197
7178 80.000000 20.000000 80.000000
10438 14.884053 -14.884053 57.542214
3452 54.186185 33.891388 33.891388
1527 17.969227 -17.969227 50.859541
10360 0.369388 -0.369388 40.466117
982 23.962631 -23.962631 62.606973
10524 24.215923 -24.215923 63.533560
5790 20.967837 -20.967837 72.384653
5791 20.935170 -20.935170 73.188815
5789 20.208556 -20.208556 73.167517
9796 27.557629 -27.557629 52.437843
1784 28.380117 -28.380117 51.061386
1783 28.753919 -28.753919 52.514002
5080 12.531265 -12.531265 76.945387
1354 13.301492 -13.301492 60.638315
2891 12.028215 -12.028215 78.009565
5850 15.408776 -15.408776 82.101035
7698 6.711191 2.952469 97.047531
3250 6.793546 2.966006 97.033994
4531 0.000000 0.000000 23.809524
8350 0.693697 -0.693697 25.020451
9357 77.287886 18.370467 81.629533
2108 67.239184 32.760816 56.319759
4446 12.048108 -12.048108 76.102424
4444 11.631325 -11.631325 76.171791
7000 93.785838 6.214162 18.957868
7763 93.683053 6.316947 16.091941
1894 65.289519 -34.710481 36.185617
9713 3.208835 -3.208835 34.927040
1158 71.782155 -28.217845 31.735604
1159 71.545869 -28.454131 30.134020
781 39.772727 39.772727 39.772727
9898 40.382279 40.382279 42.186232
779 40.909091 40.909091 40.909091
662 11.111845 2.075740 97.924260
8815 73.205294 -7.627225 7.627225
6698 71.899055 -7.645659 7.645659
4164 47.042232 34.512326 34.512326
6052 47.592621 35.973606 35.973606
8320 61.224490 -38.775510 38.775510
3141 60.126531 -38.823335 38.823335
460 60.760944 -37.896608 37.896608
9394 58.134402 -41.865598 46.429787
9948 58.478356 -41.521644 45.112965
5436 44.879338 23.232776 23.232776
8171 99.322310 -0.677690 53.319921
6863 98.643243 -1.356757 16.765652
1335 70.408163 -29.591837 29.591837
7388 70.599290 -29.400710 31.289974
10666 45.018012 7.434592 7.434592
5618 45.017289 6.265656 6.265656
5617 43.589178 6.732324 6.732324
8323 33.232026 33.232026 62.689003
3040 35.106383 35.106383 64.893617
3039 36.170213 36.170213 63.829787
4163 69.843909 -7.034764 92.965236
4162 67.746436 -8.069152 91.930848
10293 18.519807 -18.519807 65.140932
9808 47.747506 -38.126637 38.126637
3897 12.641529 -12.641529 83.128519
5830 98.455625 1.544375 18.004625
2131 47.245613 30.314668 30.314668
2130 45.724455 29.760113 29.760113
990 25.961538 -25.961538 74.038462
10872 25.292960 -25.292960 73.610634
10027 32.706277 -0.712146 0.712146
10626 32.532457 -0.312164 0.312164
9655 10.304565 -10.304565 70.762415
585 28.888239 3.261586 3.261586
8891 88.366550 -11.633450 35.024622
8732 95.250493 -1.459519 98.540481
6151 98.076923 0.000000 100.000000
3536 79.403465 -20.596535 75.602710
3537 78.313777 -21.686223 73.353735
2459 80.438946 19.561054 55.630359
1489 31.498951 23.778767 23.778767
1490 31.976162 22.993757 22.993757
1488 30.868977 22.839307 22.839307
4460 16.028644 -16.028644 67.930976
2226 34.678007 -34.678007 37.873998
7836 48.352276 -36.129571 63.870429
7406 50.891532 -36.015421 63.984579
7895 7.701015 -7.701015 58.445238
8312 38.591344 10.377451 89.622549
4900 37.632508 14.277603 85.722397
10289 96.206051 -3.793949 23.291815
10288 96.683555 -3.316445 23.734014
9735 85.032212 -8.467630 8.467630
7115 85.174101 -9.410577 9.410577
6013 100.000000 0.000000 45.000000
830 6.755329 3.860321 96.139679
4206 6.333544 3.778508 96.221492
5696 5.837810 2.257719 97.742281
1558 5.542166 2.100259 97.899741
13368 5.796539 2.137889 97.862111
8062 10.079194 -10.079194 79.348661
4385 13.972105 -13.972105 61.484128
4386 14.403995 -14.403995 61.012701
9243 4.564074 -4.564074 26.140617
2072 57.832819 -42.167181 49.900082
4774 57.921202 -42.078798 52.136310
391 19.098689 -19.098689 62.820268
8454 34.142503 18.275739 18.275739
2482 32.886360 17.619943 17.619943
2484 32.945025 18.898978 18.898978
1167 72.451234 -27.548766 29.046487
9420 31.589613 3.420000 3.420000
9960 39.013228 11.256524 11.256524
1641 15.314995 -15.314995 82.209741
3463 95.084847 -4.915153 13.300870
3462 95.287609 -4.712391 14.662176
4182 9.562396 -9.562396 52.768150
6178 96.089045 3.910955 68.126006
2704 95.065293 4.934707 65.827703
7496 94.540162 5.459838 67.538943
976 75.880935 22.699427 22.699427
13512 74.901171 22.793911 22.793911
6503 90.687253 9.312747 36.651122
6922 16.130790 -16.130790 58.464955
660 88.326081 -11.673919 19.907122
13582 87.699054 -12.300946 20.343602
13578 87.762403 -12.237597 19.249297
1244 79.166376 20.833624 28.844451
6330 11.091061 -11.091061 85.167219
5842 1.438847 -1.438847 2.629573
665 0.559720 -0.559720 52.635393
5231 66.829998 27.932025 72.067975
2762 69.258697 27.988986 72.011014
3473 67.486176 29.846684 70.153316
6283 86.116645 -13.883355 60.536018
8996 4.520407 -4.520407 30.839509
2407 4.039267 -4.039267 31.971991
2672 72.483174 -27.516826 61.041711
6837 73.804371 -26.195629 62.275625
1388 72.596653 -27.403347 63.006830
1774 59.015918 -26.990311 26.990311
10876 7.844307 2.600188 97.399812
8187 11.652251 -11.652251 69.826124
10801 12.591724 12.591724 55.456631
10972 14.857633 14.857633 55.888794
10802 13.764417 13.764417 54.259585
8192 21.600976 -21.600976 73.242243
8811 21.528408 -21.528408 74.028258
2885 20.911125 -20.911125 73.959205
10267 8.051340 -8.051340 47.535335
4106 7.572548 -7.572548 47.025795
9663 19.239086 -19.239086 39.975462
1072 41.114132 10.111873 10.111873
8885 39.699153 10.556223 10.556223
7607 12.047401 -12.047401 68.292481
7171 12.581555 -12.581555 67.869866
3939 15.062825 -15.062825 32.384436
3164 14.459331 -14.459331 32.937434
2161 14.463270 -14.463270 31.635846
2963 30.803410 -30.803410 51.155978
3214 6.399873 -6.399873 32.623145
7120 65.347024 -1.745435 98.254565
8342 65.391807 -3.371974 96.628026
4489 45.147407 38.022117 38.022117
1227 88.225369 -11.774631 23.052203
451 63.880384 -36.119616 38.102601
6852 29.629630 0.000000 0.000000
4367 64.806184 11.081651 11.081651
2125 44.781449 35.773207 35.773207
3929 44.930459 34.559929 34.559929
1240 87.961872 12.038128 80.535430
1239 87.220483 12.779517 81.299132
13580 15.328503 -15.328503 82.330246
13581 15.333779 -15.333779 82.333248
5516 40.490297 -5.731319 94.268681
5518 40.126325 -7.992444 92.007556
5335 42.475507 -5.132802 94.867198
4978 17.163448 -17.163448 76.689857
4984 17.775951 -17.775951 75.918309
2070 94.128738 -5.871262 67.234282
8283 38.429071 -22.215818 22.215818
9700 94.658136 -5.341864 17.043122
7567 74.495325 -25.504675 36.826789
6663 8.383599 2.641222 97.358778
381 89.666023 -10.333977 22.974715
383 89.682552 -10.317448 21.423426
424 37.346018 9.918013 9.918013
872 17.810655 -17.810655 69.804325
871 17.828236 -17.828236 70.381031
5833 15.255452 -15.255452 82.377278
5832 15.247204 -15.247204 82.370438
9174 89.521371 10.478629 30.282333
1278 3.202658 -3.202658 74.292054
11034 68.244434 -31.755566 57.484906
2239 66.942892 -33.057108 56.166353
10594 15.243227 -15.243227 82.401374
8493 15.243263 -15.243263 82.418415
8494 15.221496 -15.221496 82.431531
9041 0.000000 0.000000 28.571429
5464 4.695856 4.695856 27.829062
1308 0.000000 0.000000 26.984127
3231 32.203144 25.975373 25.975373
3229 30.978134 25.295758 25.295758
643 6.109230 -6.109230 70.111357
8507 77.451580 -9.733372 9.733372
839 75.752675 -9.927424 9.927424
841 76.666242 -9.012518 9.012518
1347 16.008453 -16.008453 81.717594
10558 15.572421 15.572421 38.665191
7987 18.723709 18.723709 38.339694
9145 20.021172 -20.021172 57.814988
811 19.561795 -19.561795 57.089090
8767 29.190007 -24.727743 24.727743
9957 30.850159 -24.596059 24.596059
8851 30.837540 -25.545866 25.545866
2101 70.038870 19.762731 80.237269
11081 71.037422 21.572945 78.427055
3839 68.817343 21.912305 78.087695
4487 97.280853 -1.395234 1.395234
5636 98.979592 -1.020408 1.020408
5550 34.405360 34.405360 48.392941
9772 87.158646 -12.841354 45.624902
6480 86.368121 -13.631879 44.013419
8784 87.426043 -12.573957 43.713243
9950 34.981368 11.478931 11.478931
692 18.359876 -18.359876 56.069098
813 18.798319 -18.798319 57.212411
7438 37.775366 27.997622 72.002378
9442 38.421150 25.540034 74.459966
9657 6.614086 -6.614086 35.132101
1496 46.407221 32.974419 32.974419
1495 45.904170 34.186152 34.186152
10350 99.088238 0.911762 27.905283
9679 100.000000 0.000000 27.500000
5049 51.441856 2.474222 2.474222
6303 49.677576 2.808372 2.808372
11018 91.220204 -8.779796 66.859570
1572 43.335497 -25.926080 25.926080
1574 44.372270 -26.522069 26.522069
5082 42.936512 -26.768117 26.768117
2777 14.893758 -14.893758 64.820168
10590 31.880575 -31.880575 62.069626
735 33.083114 -33.083114 61.787905
9408 47.270327 20.916378 20.916378
9178 46.968714 22.174183 22.174183
9825 88.421750 -11.578250 18.429050
658 89.092627 -10.907373 19.203840
9696 85.000000 15.000000 85.000000
4826 96.988363 3.011637 72.848728
4824 95.853419 4.146581 70.209513
4825 95.542839 4.457161 72.016946
7011 30.347237 20.401829 20.401829
10139 81.397186 10.636511 10.636511
3016 35.550182 18.713097 18.713097
10437 7.510888 -7.510888 52.106891
4073 72.394328 -14.518711 14.518711
10338 15.916556 -15.916556 80.356765
3574 16.271519 -16.271519 79.810515
9432 58.365018 29.490255 29.490255
9225 70.738525 -13.419524 13.419524
5872 69.891655 -12.851334 12.851334
1551 71.492872 -12.607030 12.607030
10805 96.522957 3.477043 56.814422
9181 79.233883 20.766117 57.001554
8258 78.580480 21.419520 54.119136
9056 99.055697 0.944303 67.155034
6320 98.292653 1.707347 64.571159
2743 46.852149 -46.852149 51.014943
8425 13.114557 -13.114557 22.922668
6558 91.973681 -8.026319 29.966860
2679 91.147913 -8.852087 30.064840
1513 47.465509 -2.334205 2.334205
7344 41.767380 39.904569 39.904569
5906 42.688235 41.490968 41.490968
6234 28.602612 -20.541095 20.541095
3210 28.863510 -21.556810 21.556810
3209 26.882962 -20.862878 20.862878
5499 14.019058 -14.019058 40.495496
9326 84.840909 -4.404774 4.404774
7371 0.000000 0.000000 96.825397
9473 0.937798 -0.937798 97.329894
2873 37.630276 20.395529 79.604471
2717 36.703394 19.890250 80.109750
8016 90.177544 9.822456 63.680499
8408 24.432081 -24.432081 64.439988
6201 12.461015 -12.461015 50.220976
13813 14.914108 -14.914108 83.247785
13814 15.009986 -15.009986 83.065812
2566 52.113002 23.913267 76.086733
6357 28.123897 -28.123897 69.468690
8994 12.213268 -12.213268 52.081179
7059 12.058963 -12.058963 51.115216
376 27.835481 -27.835481 40.512277
955 39.987683 -28.904223 28.904223
9923 50.126375 -17.809140 82.190860
9858 53.268443 -17.221757 82.778243
4948 82.385172 -17.614828 75.273861
9632 88.607437 11.392563 51.926490
2171 2.025311 -2.025311 62.971506
7725 35.440262 -27.620622 72.379378
7727 36.905590 -27.961687 72.038313
109 21.140114 -21.140114 57.462520
5486 29.865604 -29.865604 69.234566
810 30.769231 -30.769231 69.230769
2798 13.760721 -13.760721 77.098172
3412 14.159055 -14.159055 76.657485
5311 3.316784 2.071105 97.928895
7645 4.103055 4.103055 61.603136
7974 6.649176 6.649176 62.791732
3808 7.112179 3.875597 96.124403
3809 7.081579 3.648666 96.351334
1439 7.407532 3.822512 96.177488
4782 87.033499 -12.966501 20.003861
4781 87.252987 -12.747013 18.533443
1949 65.103625 -4.381112 4.381112
4811 82.282224 17.717776 52.213345
8554 81.254190 18.745810 50.241892
3249 80.744956 19.255044 51.769646
684 20.295275 -20.295275 65.638476
683 20.973589 -20.973589 65.069096
1625 20.794644 -20.794644 65.963073
14078 76.968318 22.007878 22.007878
14083 76.875104 22.514035 22.514035
14054 76.744186 23.255814 23.255814
2061 77.692043 22.307957 24.641126
3124 14.578002 -14.578002 63.834574
5406 14.716837 -14.716837 64.336095
9436 6.723909 -6.723909 73.739293
7225 6.312169 -6.312169 73.473884
9903 55.850276 -42.789429 42.789429
10134 56.122449 -43.877551 43.877551
6892 67.241592 18.303504 18.303504
1321 77.726929 14.260775 14.260775
8707 73.949200 26.050800 39.223036
14056 72.910992 27.089008 39.488517
9078 73.787130 26.212870 37.521495
14055 72.827330 27.172670 38.095853
10077 79.647456 -6.488257 93.511743
9105 34.189477 -0.965437 0.965437
1214 12.635810 -12.635810 86.707532
708 19.263587 19.263587 77.113783
1232 15.812732 15.812732 76.546984
3649 26.506107 26.506107 38.548767
6871 27.747920 27.747920 36.652180
10842 13.995748 -13.995748 35.035844
5280 13.207821 -13.207821 34.659734
7819 49.397508 5.963907 5.963907
5093 59.655289 9.682092 9.682092
8341 5.554698 2.963059 97.036941
7549 15.908902 -15.908902 71.586884
14163 15.675144 -15.675144 72.008947
14164 15.593358 -15.593358 71.815538
9405 73.514982 12.966668 12.966668
9885 15.317058 -15.317058 50.003311
809 31.730769 -31.730769 68.269231
6329 10.710303 -10.710303 84.729776
9955 10.545967 -10.545967 83.939975
6718 74.885135 -10.798222 10.798222
2501 74.134191 -10.143152 10.143152
13535 74.918247 14.887356 14.887356
6147 64.919332 -24.315667 24.315667
492 88.917650 11.082350 55.516525
6641 68.351923 -15.195039 15.195039
7086 9.068236 -9.068236 73.692754
7087 9.444513 -9.444513 73.871038
8372 82.382915 17.617085 47.042984
5788 6.367733 3.096822 96.903178
9774 48.039785 -17.288495 82.711505
2740 51.251579 -15.250144 84.749856
2907 31.152154 -31.152154 63.237372
5552 35.941318 35.941318 49.817806
8498 31.119406 31.119406 52.774770
9824 88.510671 3.717339 3.717339
2510 30.920493 -8.049879 8.049879
8496 29.926215 -7.280524 7.280524
346 31.244021 -7.210409 7.210409
9501 84.102796 15.897204 62.257782
10513 46.133336 4.199696 4.199696
5362 44.818844 3.679242 3.679242
6619 45.188936 4.978395 4.978395
6186 17.149219 10.146324 89.853676
10248 15.440452 10.069551 89.930449
1926 1.407128 -1.407128 91.403259
1925 1.828983 -1.828983 89.544537
3018 15.846714 -15.846714 39.116042
3753 7.145287 2.791180 97.208820
4626 7.263775 2.955649 97.044351
5665 7.250555 -7.250555 50.001274
5663 6.710577 -6.710577 49.525540
4813 16.275896 16.275896 80.366003
10527 63.470974 26.619441 26.619441
8039 1.161438 -1.161438 94.813606
7839 0.000000 0.000000 95.238095
8107 2.746844 -2.746844 61.915988
5007 31.818182 31.818182 31.818182
753 12.625116 -12.625116 36.964911
1372 97.579371 -2.420629 64.138887
4345 12.455471 -12.455471 82.021247
7305 11.463898 -11.463898 83.260249
2752 14.925584 -14.925584 36.643694
2753 14.499258 -14.499258 37.339748
2754 14.128476 -14.128476 36.368808
14057 77.225366 19.149957 19.149957
14058 76.908243 19.939049 19.939049
8132 74.242950 6.069442 6.069442
3572 19.951585 -19.951585 77.898963
13767 86.976337 -13.023663 15.072349
1702 86.941076 -13.058924 14.275312
8712 81.332750 -18.667250 77.478432
3362 81.871889 -18.128111 79.740881
464 79.999682 -20.000318 78.074868
576 95.326751 4.673249 91.919521
5458 10.555828 -10.555828 65.374666
2851 70.515920 29.484080 58.308993
2586 72.233391 27.766609 58.475546
9967 0.613322 -0.613322 46.456743
3269 87.957068 12.042932 21.362887
5287 87.159570 12.840430 23.290757
3270 88.663526 11.336474 23.730336
8728 47.211543 -9.520390 9.520390
2973 45.920754 -8.904666 8.904666
7726 33.776525 -29.496986 70.503014
7021 37.377839 7.540601 7.540601
1487 6.703915 2.903982 97.096018
4620 8.276957 -8.276957 58.403485
4511 61.176003 -29.284967 70.715033
3675 47.746183 -7.363347 7.363347
3674 48.829549 -7.678206 7.678206
6 95.242043 1.281205 1.281205
8 95.944167 2.484721 2.484721
8462 97.242759 1.117777 1.117777
4885 2.685707 -2.685707 26.327134
409 86.904982 -13.095018 80.514728
5957 13.762379 -13.762379 78.903544
6136 13.678532 -13.678532 78.302351
6251 64.222550 -30.423842 69.576158
7818 13.513275 -13.513275 85.372808
1201 7.793635 -7.793635 28.424782
7098 6.754158 -6.754158 27.209246
3651 56.674316 20.562340 20.562340
7144 27.590600 -27.590600 63.072230
9545 27.669722 -27.669722 64.445870
9830 9.528972 -9.528972 64.896014
5559 8.979820 -8.979820 65.410849
1401 9.220283 -9.220283 64.312295
5009 6.486752 3.241893 96.758107
5010 6.454013 3.326449 96.673551
7116 84.984123 -10.364127 10.364127
3970 6.551619 -6.551619 51.858204
10943 3.809482 -3.809482 37.606144
10768 4.335478 -4.335478 37.604062
8935 4.099612 -4.099612 38.696778
4600 28.384905 28.384905 46.231905
3375 0.961538 -0.961538 99.038462
3376 1.923077 -1.923077 98.076923
8184 78.018759 -21.981241 62.581398
9360 77.073395 -22.926605 60.945059
10304 78.254724 -21.745276 60.477890
3266 38.265347 -38.265347 51.398026
7101 36.680626 -36.680626 51.145869
9979 90.009542 -5.855780 94.144220
9028 89.663200 -4.850109 95.149891
3213 6.125815 -6.125815 33.875461
3140 5.344488 -5.344488 33.832599
128 64.641704 35.358296 44.797865
127 62.844332 37.155668 43.683777
5056 15.379406 -15.379406 82.394836
6070 7.080660 -7.080660 36.308462
593 21.517830 8.531629 91.468371
917 23.406830 -21.395453 21.395453
13585 15.397379 -15.397379 82.475641
13584 15.405841 -15.405841 82.499157
2329 29.831630 28.303418 28.303418
4715 38.636364 38.636364 38.636364
4716 37.500000 37.500000 37.500000
4714 36.392839 36.392839 39.728872
2066 50.587250 -20.678094 79.321906
13369 50.162776 -22.046942 77.953058
2237 52.657174 -20.764915 79.235085
6506 59.495774 34.786477 34.786477
3830 78.417897 -12.150616 87.849384
13986 77.213868 -12.269174 87.730826
5314 30.074965 -9.264329 9.264329
5313 29.694835 -8.532724 8.532724
2509 31.225582 -9.024798 9.024798
2493 96.438697 -3.561303 81.658797
2491 95.835224 -4.164776 78.864825
13815 32.520606 29.377026 70.622974
4663 99.133105 -0.866895 55.223638
10494 98.456264 -1.543736 52.970197
106 89.496757 -10.503243 29.762796
2916 9.187805 -9.187805 72.706091
2918 8.673317 -8.673317 72.692536
10539 9.127750 -9.127750 71.919118
8198 7.740139 -7.740139 83.870971
8417 41.086852 -41.086852 48.971668
4184 9.089297 -9.089297 53.219696
4183 9.588338 -9.588338 53.808139
10700 50.753871 -9.242518 9.242518
9659 51.855709 -9.890215 9.890215
11131 42.533289 -24.279410 24.279410
11139 43.820420 -24.486240 24.486240
3310 42.929407 -25.104826 25.104826
5446 11.234598 -11.234598 74.318689
2281 15.273063 -15.273063 82.319030
2282 15.274408 -15.274408 82.325435
4704 56.083389 -43.916611 52.395453
3176 71.363594 -28.636406 45.275460
10692 71.755884 -28.244116 46.876526
10693 70.611520 -29.388480 46.321898
7319 7.898241 -7.898241 88.494057
3579 6.957579 -6.957579 90.538397
6304 84.252284 -15.747716 21.376167
2262 82.969428 -17.030572 21.224586
6305 83.577836 -16.422164 19.490553
9165 23.269773 -14.643509 14.643509
2941 56.011216 -7.030824 7.030824
2942 54.144997 -6.803100 6.803100
2523 15.670931 -15.670931 63.212307
4072 71.652946 -15.367639 15.367639
5597 23.374442 -23.374442 68.574518
2065 23.642045 -23.642045 67.779026
4430 22.926348 -12.530534 12.530534
2940 14.936162 -14.936162 58.540435
7023 14.452547 -14.452547 58.321059
9853 65.760062 34.239938 40.316687
8909 75.856994 -24.143006 50.945546
7261 41.240782 41.240782 44.278427
5907 42.045455 42.045455 42.045455
4466 94.303182 -5.696818 9.732798
3648 9.640984 9.640984 50.965722
6066 12.058763 12.058763 50.317917
7435 45.102416 8.599882 8.599882
7546 43.679127 7.938422 7.938422
9944 27.832433 -27.832433 54.041897
3711 7.440201 -7.440201 16.734279
8936 0.000000 0.000000 90.476190
314 4.731754 4.731754 75.085646
5509 0.000000 0.000000 74.603175
6599 4.308116 4.308116 76.239648
3041 12.858159 -12.858159 77.608695
1810 17.848398 17.848398 72.110145
6174 14.858837 14.858837 71.055397
1311 74.332256 23.141166 76.858834
186 62.223398 31.608635 31.608635
3258 15.392387 -15.392387 82.098989
7093 80.557401 19.442599 46.205495
8553 81.715247 18.284753 48.639185
3730 27.010871 -27.010871 39.244396
7593 96.979200 3.020800 38.272550
10491 46.405999 8.082968 8.082968
2828 46.314060 6.988297 6.988297
3078 6.407560 2.713144 97.286856
8673 6.411294 2.682786 97.317214
2469 60.736655 39.263345 49.250203
1991 60.604768 39.395232 47.082101
4227 59.007987 40.992013 47.561157
4326 67.462482 11.187761 11.187761
8310 20.299376 -20.299376 51.524952
1333 20.933476 -20.933476 50.679028
5462 20.955727 -20.955727 51.662842
5334 43.283502 -2.799183 97.200817
7106 4.128745 -4.128745 86.686497
8084 3.613433 -3.613433 88.838253
1039 78.360639 21.639361 40.677177
10262 77.606697 -22.393303 38.550048
6810 77.970388 -22.029612 37.092620
6809 78.575732 -21.424268 38.794734
6434 42.072891 6.008581 6.008581
10274 76.650614 -23.349386 59.171867
5911 75.244992 -24.755008 58.302921
4456 71.442064 11.313784 11.313784
6217 70.020508 11.592991 11.592991
10645 45.015154 -17.016923 17.016923
7783 45.521514 -16.454154 16.454154
4087 15.417658 -15.417658 69.781699
10541 15.092931 -15.092931 69.816795
13367 77.678681 -18.230236 81.769764
2136 77.679784 -17.171567 82.828433
13371 76.699548 -18.412900 81.587100
2018 46.435218 35.798076 64.201924
5459 10.155953 -10.155953 66.061158
3151 10.131214 -10.131214 65.316959
2245 55.968764 40.913701 40.913701
5689 55.853835 42.353783 42.353783
9014 56.991418 41.274229 41.274229
7573 77.685223 -6.697164 93.302836
7572 77.559585 -5.713284 94.286716
4601 75.938450 -6.753919 93.246081
9241 16.491778 -16.491778 60.593107
9240 16.763636 -16.763636 60.929220
6519 38.298271 -6.342867 93.657133
5694 5.973785 2.384291 97.615709
4165 6.575534 2.800277 97.199723
4819 57.129843 33.077556 66.922444
3581 55.389760 32.150681 67.849319
3583 58.048932 30.774786 69.225214
3764 14.682534 -14.682534 79.405098
7283 4.477735 -4.477735 52.512321
78 15.644794 -15.644794 81.688996
9 15.659658 -15.659658 81.589970
79 15.752251 -15.752251 81.585007
4178 6.698481 3.071908 96.928092
5322 6.685876 3.017976 96.982024
445 11.579727 -11.579727 65.672913
6260 11.727246 -11.727246 66.150370
6259 11.330906 -11.330906 66.439019
6735 100.000000 0.000000 92.500000
2677 68.656887 4.290540 4.290540
5423 29.208870 17.530090 17.530090
5468 41.393141 -34.383552 65.616448
10013 44.227328 -33.212144 66.787856
10251 88.643979 -10.469817 10.469817
2240 88.775510 -11.224490 11.224490
2412 87.507024 -11.133598 11.133598
1522 64.352354 -35.647646 55.361190
1523 65.601794 -34.398206 54.823114
5184 20.969233 -20.969233 70.858552
10144 21.547415 -21.547415 70.110354
3192 21.615494 -21.615494 70.850628
10109 92.821414 -7.178586 20.526376
5181 58.790918 -21.074717 21.074717
6913 59.076200 -20.045706 20.045706
3833 16.356362 -16.356362 18.298865
6224 16.666667 -16.666667 16.666667
8012 17.777778 -17.777778 17.777778
10986 87.354187 12.645813 72.487877
9600 86.141269 13.858731 71.328301
5554 86.497574 13.502426 73.216036
8616 90.659411 -9.340589 55.088625
56 27.091886 -24.876463 24.876463
8855 27.899661 -26.184808 26.184808
669 50.591603 -29.150231 70.849769
4678 53.194914 -28.178517 71.821483
4679 52.009958 -27.612200 72.387800
7458 22.306754 -22.306754 46.500990
317 53.682276 12.670238 12.670238
316 55.037341 13.683565 13.683565
9856 4.503142 4.503142 58.198124
6651 4.340091 4.340091 56.287062
1049 2.117990 2.117990 57.568728
5742 53.537413 -34.771693 34.771693
5432 21.084507 -12.186830 12.186830
8913 5.717342 5.717342 42.139095
11071 3.871083 -3.871083 84.223731
1838 2.762182 -2.762182 85.606660
6138 56.493448 26.310064 26.310064
10959 27.487622 -27.487622 37.373464
4056 28.395154 -28.395154 38.840265
4046 46.711984 -19.744081 19.744081
5606 47.125708 -18.995110 18.995110
5669 48.057585 -19.696417 19.696417
7502 93.969167 6.030833 22.202731
5490 3.459190 -3.459190 54.775960
710 1.582011 -1.582011 25.580704
5807 58.650523 -37.632733 62.367267
8317 56.995240 -39.050162 60.949838
5808 59.547163 -38.513029 61.486971
4794 13.144537 -13.144537 66.445365
1041 37.546075 3.254897 3.254897
9269 19.511595 -11.651549 11.651549
2929 68.797004 -9.678998 9.678998
3822 67.191741 -9.963711 9.963711
5619 67.674591 -9.133280 9.133280
742 23.428687 23.428687 61.316673
4584 73.469388 -26.530612 26.530612
4585 72.163315 -25.755824 25.755824
597 73.504942 -25.232763 25.232763
1776 0.000000 0.000000 20.634921
13719 0.368752 -0.368752 20.284105
5367 26.376480 -4.653703 4.653703
8984 15.395954 -15.395954 82.209473
3442 15.390206 -15.390206 82.232544
6842 46.098429 35.568196 35.568196
8900 15.379689 -15.379689 82.215335
10889 15.365383 -15.365383 82.221868
6160 15.379263 -15.379263 82.201327
7103 15.364412 -15.364412 82.210480
5727 6.110434 6.110434 37.575821
4633 4.547240 4.547240 36.166148
7236 79.082407 -20.917593 58.850192
7235 80.505480 -19.494520 59.578797
10121 7.468817 -7.468817 64.573623
7765 53.265464 -46.734536 51.305303
8957 70.710381 -27.051807 72.948193
10397 72.727273 -27.272727 72.727273
1643 72.424261 -25.545519 74.454481
4924 19.344078 -19.344078 72.222563
6990 19.348163 -19.348163 72.863703
10102 18.840542 -18.840542 72.853573
259 18.492014 -18.492014 76.591651
13226 14.988744 -14.988744 71.244162
13227 14.821050 -14.821050 71.368550
13759 14.916454 -14.916454 71.173815
7886 64.659355 -6.938177 93.061823
7114 65.235687 -5.046880 94.953120
5294 62.874003 -6.519702 93.480298
11150 45.513936 40.381875 40.381875
11132 45.197579 41.627286 41.627286
10615 46.350283 41.620691 41.620691
2350 95.253564 -4.746436 72.001271
6952 94.686224 -5.313776 73.612619
1849 26.695536 -26.695536 67.905642
1850 27.774067 -27.774067 67.512358
3255 3.247958 -3.247958 65.264798
3382 2.953397 -2.953397 79.435783
6466 3.613716 -3.613716 78.411461
3383 3.493528 -3.493528 79.664301
1889 23.875221 23.875221 54.297681
1888 24.148191 24.148191 52.316329
9486 21.529232 21.529232 52.870492
653 66.998596 -33.001404 59.827642
4174 68.451896 -31.548104 61.496369
2844 66.877877 -33.122123 61.634627
8204 16.056675 -16.056675 82.842118
3125 16.483931 -16.483931 82.637924
13816 15.910394 -15.910394 83.240227
13817 15.672188 -15.672188 83.284075
4130 14.759660 -14.759660 82.615997
8883 14.738552 -14.738552 82.722504
1279 16.331728 16.331728 45.726328
7181 79.239548 -1.851632 1.851632
4629 77.835078 -1.502547 1.502547
7203 79.612931 -1.105577 1.105577
645 6.488357 -6.488357 68.997261
9827 35.972400 -35.972400 58.416282
2961 36.222938 -36.222938 57.264968
6660 13.033349 -13.033349 67.865715
774 51.912902 14.656836 14.656836
7124 51.763820 15.871887 15.871887
7125 53.335340 15.527582 15.527582
5762 61.119825 -38.880175 56.841108
8180 62.920364 -37.079636 57.036915
4230 62.537300 -37.462700 58.641685
2022 1.438676 -1.438676 42.666006
8392 1.866434 -1.866434 42.317389
2023 1.871073 -1.871073 43.807805
4070 51.951288 43.078343 56.921657
4069 51.697931 41.627351 58.372649
55 24.444444 -24.444444 24.444444
302 95.612564 -4.387436 24.375055
162 54.401253 28.898032 28.898032
4568 55.742637 29.086253 29.086253
2761 71.123678 25.852739 74.147261
1056 39.574046 -16.269861 16.269861
3479 39.526932 -17.214486 17.214486
465 37.595779 -18.001673 18.001673
466 38.457290 -18.699382 18.699382
467 37.049252 -18.798925 18.798925
10934 41.718477 -30.047137 30.047137
2284 75.801107 -24.198893 49.169928
2283 76.859901 -23.140099 48.582872
9705 76.871675 -23.128325 50.371149
5905 15.339102 -15.339102 82.216212
5770 60.655713 -18.332438 18.332438
1069 60.788033 -19.665324 19.665324
5418 12.967153 -1.375400 1.375400
5419 10.968909 -1.333680 1.333680
7746 17.948413 -17.948413 68.849084
1461 8.721887 8.721887 57.116782
1460 7.278444 7.278444 55.955965
4077 28.632334 28.632334 67.300212
6890 75.935391 -24.064609 52.749249
6889 74.749400 -25.250600 53.495305
4503 7.717478 -7.717478 54.705254
6464 63.127259 -33.080589 33.080589
6984 82.789375 -17.210625 56.787862
1508 81.606401 -18.393599 56.682764
5116 81.900137 13.461765 13.461765
6137 55.640283 25.450226 25.450226
8264 51.617563 16.990928 16.990928
4942 59.343943 -40.656057 42.806323
3973 15.741038 -15.741038 73.232623
3738 15.461985 -15.461985 72.952511
9870 15.908503 -15.908503 72.531540
5799 14.133655 -14.133655 84.066656
5838 13.104995 13.104995 32.535955
11100 11.172611 11.172611 31.326178
7033 9.244452 9.244452 32.838761
201 13.775501 -13.775501 43.968407
1055 39.813850 -15.500561 15.500561
1054 38.267784 -15.535738 15.535738
7443 39.025022 -14.792447 14.792447
6775 27.599572 24.515628 24.515628
10963 13.508543 -13.508543 62.709391
4624 13.892226 -13.892226 62.827000
10978 45.344483 -10.504888 10.504888
1865 1.851852 0.000000 0.000000
14087 1.611998 0.523191 0.523191
758 70.666975 1.118478 1.118478
2472 70.370370 0.000000 0.000000
6237 91.490095 5.834233 5.834233
4662 5.319149 5.319149 94.680851
10193 30.000000 -30.000000 30.000000
10669 31.111111 -31.111111 31.111111
5392 29.733229 -29.733229 31.043906
1757 6.118401 5.394694 94.605306
1758 6.753019 5.307308 94.692692
1759 6.903418 5.943544 94.056456
2152 9.692122 -9.692122 76.159413
3458 86.324697 -13.675303 31.969071
7455 40.844212 -40.844212 53.643581
5465 40.140286 24.370174 24.370174
5467 38.571737 24.212202 24.212202
14134 0.474834 -0.474834 98.695263
74 11.009084 -11.009084 44.274193
3358 10.429635 -10.429635 44.348265
4451 15.337108 -15.337108 82.083371
5289 87.922234 12.077766 25.678268
250 94.868580 -5.131420 24.501437
709 0.949842 -0.949842 26.815161
5744 9.720283 -9.720283 62.221484
4285 52.345539 -9.067596 9.067596
9602 51.197290 -8.503313 8.503313
2193 39.823286 -39.823286 42.197495
10844 40.000000 -40.000000 40.000000
5557 20.375205 -14.116542 14.116542
8058 19.717480 -14.251896 14.251896
1486 6.644865 2.923009 97.076991
10507 84.298558 -15.701442 29.152039
5102 66.363482 14.940582 14.940582
10811 76.285447 -5.474314 94.525686
7521 10.706209 -10.706209 45.203022
3053 60.611513 -10.885892 10.885892
10804 60.216642 -11.515855 11.515855
3447 59.450643 -10.895355 10.895355
1184 15.717377 -5.028488 5.028488
7382 14.297031 -5.220919 5.220919
4277 68.842145 -14.431631 14.431631
10710 60.186563 -8.828297 8.828297
4846 61.489992 -9.240240 9.240240
3616 59.058234 22.045791 22.045791
5778 6.414517 2.954195 97.045805
6002 8.888889 -8.888889 8.888889
6003 7.777778 -7.777778 7.777778
1301 9.500285 -8.203907 8.203907
7253 22.260047 -22.260047 73.344655
10015 19.246068 -16.403189 16.403189
7745 17.602256 -17.602256 68.709803
1998 17.161719 -17.161719 69.142173
10568 4.939431 -4.939431 57.803848
8409 4.934981 -4.934981 56.264653
2630 57.697274 -32.936139 67.063861
4120 5.619158 -5.619158 27.417938
13514 10.753718 7.938267 92.061733
13515 10.179898 7.259333 92.740667
178 91.256423 -8.743577 16.948625
9981 1.817138 -1.817138 75.451119
9650 37.130153 8.805136 8.805136
8995 12.654121 -12.654121 51.186332
8644 13.249271 -13.249271 51.322064
9695 12.798896 -12.798896 52.180360
4935 21.882870 -21.882870 74.944140
3941 75.757576 -24.242424 75.757576
6724 75.200155 -24.799845 73.758160
9990 48.267300 -27.391292 27.391292
829 47.062317 -27.943102 27.943102
10707 20.370370 0.000000 0.000000
4815 20.739693 -0.782660 0.782660
4817 18.518519 0.000000 0.000000
2096 60.052878 5.634799 94.365201
946 61.833766 2.632422 97.367578
9429 70.903960 -29.096040 33.263480
6583 63.307889 -36.692111 49.521438
6508 18.995828 -12.857668 12.857668
10667 71.771466 28.228534 61.768589
3762 70.420717 29.579283 60.216306
3942 70.606958 29.393042 62.401308
818 66.024303 6.907437 6.907437
10112 70.000000 30.000000 70.000000
9845 91.325111 8.674889 60.930295
8017 90.777110 9.222890 62.380952
4874 1.353090 -1.353090 14.546883
4876 0.000000 0.000000 12.698413
9364 90.795805 -9.204195 82.710736
5333 89.875240 -10.124760 83.693241
8020 89.092221 -10.907779 80.774491
8036 5.298312 -5.298312 60.045475
5583 5.291755 -5.291755 61.507855
9065 15.258118 -15.258118 82.324722
1363 18.780180 -18.780180 36.763303
3962 27.886013 -27.886013 57.803760
10175 87.510574 -12.489426 35.745704
9407 87.267606 -12.732394 33.771533
4369 6.663177 -6.663177 38.751963
5404 7.309196 -7.309196 38.569088
6280 7.129980 -7.129980 39.727321
9934 1.537342 -1.537342 74.565882
8690 44.561822 18.942437 18.942437
775 51.754469 13.193486 13.193486
1766 69.097801 -26.298287 26.298287
7581 69.814378 -27.197425 27.197425
2129 11.811799 -11.811799 38.137297
754 12.057476 -12.057476 37.274988
10034 45.718781 21.027516 78.972484
777 13.555825 -13.555825 32.146305
3952 11.243277 -11.243277 30.999999
10588 7.266972 -7.266972 70.644107
5894 7.470895 -7.470895 69.826373
9002 47.864645 -0.832731 0.832731
6759 48.610243 -1.726142 1.726142
1512 46.759218 -1.565848 1.565848
4814 14.309852 14.309852 80.842592
329 13.002940 13.002940 78.921335
331 9.665283 9.665283 79.387615
3606 98.148148 0.000000 0.000000
7878 96.296296 0.000000 0.000000
9959 20.809650 20.809650 26.120159
9792 25.000000 25.000000 25.000000
8540 25.438145 25.438145 70.922733
8725 26.588859 26.588859 69.785756
8724 23.330872 23.330872 69.400974
5919 41.830857 -21.612378 21.612378
1188 54.497997 -28.561211 28.561211
5978 55.870945 9.362667 90.637333
8011 17.111141 -17.111141 19.525809
6868 57.113418 -42.886582 54.115542
10468 58.845368 -41.154632 54.273549
9267 58.094806 -41.905194 55.864391
9444 37.086364 37.086364 53.934482
2426 39.085544 39.085544 54.049038
2230 53.396932 40.639503 40.639503
4338 9.615385 -9.615385 90.384615
8576 10.181698 -10.181698 89.046229
11053 66.020819 -23.659795 23.659795
9620 5.981715 1.873426 98.126574
7962 5.405437 1.706842 98.293158
9619 5.830224 1.632779 98.367221
9622 9.445934 -9.445934 61.679534
10736 13.822413 -13.822413 48.211074
4098 14.378508 -14.378508 48.396020
3313 92.396947 -7.603053 63.831472
3342 93.702667 -6.297333 64.640023
13353 6.187868 2.161994 97.838006
4614 6.294582 2.280351 97.719649
13387 6.137097 2.217817 97.782183
9574 91.049176 -8.950824 53.677242
7118 90.974850 -9.025150 51.858415
2381 11.360202 -11.360202 68.315005
5527 1.576101 -1.576101 28.869910
5525 2.111859 -2.111859 30.858954
3732 10.934928 -10.934928 27.706825
5726 72.334961 27.665039 68.093650
12 71.527397 28.472603 69.017702
3110 97.931332 2.068668 27.073150
10183 31.252966 -0.408611 0.408611
9149 13.307465 -13.307465 70.408101
7608 12.233547 -12.233547 67.498180
8237 37.070623 -29.749274 29.749274
4898 7.446809 7.446809 92.553191
8831 7.593089 6.724314 93.275686
3561 94.810175 -5.189825 81.224556
10347 18.302126 -18.302126 66.058519
4823 10.655273 -9.356451 9.356451
9822 90.112948 9.887052 55.012035
4397 89.087004 10.912996 53.731353
1739 82.739607 4.945870 4.945870
1285 15.357258 -15.357258 82.100616
9482 94.301585 5.698415 60.526757
11089 92.824816 7.175184 58.467164
9194 92.938226 7.061774 61.439523
9141 56.995246 29.261225 29.261225
3350 57.982117 13.097027 86.902973
11105 57.670012 15.449207 84.550793
3653 6.298954 2.803724 97.196276
3006 80.156781 19.843219 43.699130
1674 81.165752 18.834248 42.695250
1040 79.806311 20.193689 41.655262
5862 5.045382 -5.045382 39.855917
5864 4.463087 -4.463087 39.873490
8008 4.693547 -4.693547 38.755867
1821 51.118607 -34.954016 34.954016
278 13.235121 -13.235121 80.733607
8163 1.148896 -1.148896 57.698006
793 16.378065 16.378065 68.390248
792 15.012472 15.012472 66.690260
1698 61.521997 -10.484547 10.484547
4845 62.690494 -9.845122 9.845122
1699 62.730164 -10.738560 10.738560
9814 25.566497 10.572639 10.572639
3482 67.384974 -0.777838 0.777838
6341 66.666667 0.000000 0.000000
470 40.163806 -38.059411 38.059411
5923 39.611466 -38.570582 38.570582
4575 16.091101 -16.091101 62.186945
8944 16.520454 -16.520454 61.660334
8479 15.854151 -15.854151 42.885955
9877 67.017351 -32.982649 38.932553
6129 66.961426 -33.038574 37.727070
4261 97.401466 2.598534 41.603394
4467 93.149280 -5.684594 94.315406
10447 17.262695 -17.262695 66.632664
10446 17.649329 -17.649329 66.582865
5826 9.691752 3.492189 96.507811
3416 3.727514 -3.727514 43.695856
3467 58.033578 -1.673614 1.673614
3307 19.882424 -19.882424 53.633450
749 9.353486 -9.353486 65.849185
9368 68.273138 12.872727 12.872727
6215 68.596754 11.885363 11.885363
9369 67.236717 12.384384 12.384384
10726 49.330655 -0.516610 0.516610
10725 50.000000 0.000000 0.000000
2638 10.508344 7.510527 7.510527
13720 8.861204 6.530504 6.530504
13721 9.181504 7.313826 7.313826
357 10.894603 -10.894603 42.309098
73 11.368447 -11.368447 43.215988
2205 52.969546 -10.562404 10.562404
10837 12.095278 -12.095278 56.432633
8525 11.575030 -11.575030 56.795912
9483 6.418465 2.553557 97.446443
6682 6.283074 2.473039 97.526961
2690 6.437763 2.479113 97.520887
3990 84.880937 -8.638197 91.361803
122 85.398388 -7.543365 92.456635
3988 83.617151 -8.482559 91.517441
1997 16.878433 -16.878433 69.638387
1999 17.154757 -17.154757 69.679229
3030 16.797440 -16.797440 70.087701
2255 22.609503 -16.375904 83.624096
8918 19.230769 -19.230769 80.769231
13586 20.192308 -20.192308 79.807692
13587 22.362735 -18.288597 81.711403
3419 22.658249 -22.658249 36.590227
11102 17.025440 -17.025440 61.343862
7104 17.508330 -17.508330 61.070974
7291 17.284044 -17.284044 61.757119
7222 15.115644 -15.115644 82.403749
1083 67.250457 -20.748989 20.748989
1074 39.829151 9.351329 9.351329
423 38.496039 9.617135 9.617135
10783 75.474974 24.525026 66.822921
4088 14.883361 8.181929 91.818071
131 14.314380 9.596017 90.403983
9952 59.588814 -40.411186 55.825049
6352 28.309832 28.309832 59.147900
4463 26.028692 26.028692 57.641899
2259 100.000000 0.000000 55.000000
10210 79.963762 20.036238 68.453390
1472 80.975495 19.024505 67.846229
8526 11.850245 -11.850245 55.546316
4660 6.382979 6.382979 93.617021
6723 73.744763 -26.255237 72.412396
1576 28.669983 -28.669983 46.755424
3947 29.743416 -29.743416 46.944926
9415 28.902461 -28.902461 48.191133
3665 11.015750 -11.015750 77.459373
3667 11.259647 -11.259647 76.749004
6636 11.592198 -11.592198 76.880107
8122 5.286320 -5.286320 81.162339
8123 4.312538 -4.312538 82.367933
2803 12.432590 -12.432590 29.544997
1973 20.968030 10.383518 10.383518
9596 19.053474 10.668173 10.668173
3626 6.305819 2.931903 97.068097
5924 6.242969 2.904302 97.095698
8181 64.328661 -35.671339 56.948954
11127 75.214895 15.767105 84.232895
1182 70.553669 13.013333 86.986667
6467 70.931603 15.765384 84.234616
1180 68.699112 15.538891 84.461109
4440 28.369377 -14.976503 14.976503
4439 27.725398 -14.415098 14.415098
9010 28.862172 -14.444170 14.444170
2094 57.820922 6.140714 93.859286
3757 3.078420 -3.078420 21.007097
11011 14.933968 -2.196188 2.196188
13991 61.209627 -12.990037 87.009963
13992 62.229519 -12.957035 87.042965
10563 65.432264 -13.433083 86.566917
13988 64.547328 -12.909978 87.090022
3430 95.348837 4.651163 4.651163
10915 96.511628 3.488372 3.488372
3428 94.859838 3.959564 3.959564
7472 15.140508 -15.140508 82.310932
9484 2.719815 -2.719815 45.136654
4493 47.496632 -20.473607 20.473607
1604 11.638632 11.638632 75.887680
4217 14.391549 -14.391549 82.824172
6523 94.688037 5.311963 69.802717
7137 61.666667 38.333333 61.666667
7138 60.000000 40.000000 60.000000
7157 87.476407 12.523593 47.544794
7156 88.053681 11.946319 49.782238
9425 14.590824 -14.590824 84.986262
6112 15.257870 -15.257870 83.825172
83 67.606737 8.794870 8.794870
84 66.306678 8.309820 8.309820
9123 43.079651 9.569111 90.430889
1655 44.631787 9.687984 90.312016
1631 42.372226 12.848948 87.151052
9930 29.925249 -29.925249 63.334107
2243 13.430271 -13.430271 49.087624
2244 13.984165 -13.984165 49.086751
7448 64.299852 -29.129179 29.129179
10680 5.525796 -5.525796 56.867623
10767 10.169102 -10.169102 75.922904
4490 11.871305 -7.833751 7.833751
1300 11.353098 -8.652099 8.652099
544 10.025800 -7.464706 7.464706
3478 40.926403 -17.557668 17.557668
9197 41.830842 -17.785546 17.785546
10610 21.638023 -21.638023 72.433348
9880 22.333082 -22.333082 72.499176
10417 90.701777 -9.298223 12.296754
10657 69.279344 30.720656 52.109343
4311 71.032909 28.967091 52.231281
4310 69.579175 30.420825 50.192987
8125 16.768776 -16.768776 81.205282
5211 17.199503 -17.199503 80.717425
5336 45.062898 -2.860455 97.139545
4146 5.309770 2.866240 97.133760
6788 5.419390 2.798995 97.201005
10177 44.001636 41.534638 41.534638
10178 44.346494 40.309342 40.309342
4963 43.369302 43.369302 54.134544
4011 41.920339 41.920339 53.017291
5710 9.653725 -9.653725 32.410579
7493 31.800211 -14.124325 14.124325
4835 72.252948 -4.936253 4.936253
8659 70.781292 -4.359305 4.359305
2289 1.844574 -1.844574 39.532651
2360 2.276687 -2.276687 38.425662
5169 81.961226 -18.038774 71.720873
1896 80.447409 -19.552591 70.724792
8240 6.888882 2.101969 97.898031
10991 6.824851 1.877070 98.122930
3820 86.329358 7.807948 7.807948
8167 51.149425 28.766515 28.766515
9614 50.415105 27.851317 27.851317
1707 18.676519 -18.676519 77.718539
1254 19.225839 -19.225839 77.991679
9023 10.633563 -10.633563 78.502433
10433 50.198074 -11.885436 11.885436
728 91.105492 8.894508 87.595218
6471 91.366699 8.633301 85.975651
6495 14.198310 -14.198310 83.104446
8753 13.957337 -13.957337 83.472438
7436 38.828017 28.839294 71.160706
7437 35.988786 30.827730 69.172270
3065 99.076233 -0.923767 82.482531
9391 97.980648 -2.019352 81.247001
8886 98.375411 -1.624589 79.435503
5725 70.506971 29.493029 66.959531
5152 65.555150 34.444850 52.291968
8865 66.935966 -33.064034 40.368717
5027 9.282926 -9.282926 56.688650
9116 65.336976 1.118828 1.118828
1542 19.350063 -19.350063 43.320480
4160 19.996414 -19.996414 42.643042
7687 37.441532 -32.090734 67.909266
9780 16.591971 -16.591971 64.570704
10914 16.712729 -16.712729 64.053985
8518 16.931212 -16.931212 64.309694
5461 21.314497 -21.314497 52.446370
9688 20.485141 -20.485141 52.561803
6229 29.291353 20.365461 20.365461
6231 28.039359 20.256774 20.256774
8701 31.855733 2.433580 2.433580
894 72.448980 -27.551020 27.551020
896 70.516822 -28.221320 28.221320
8714 71.508025 -26.890797 26.890797
1706 18.862660 -18.862660 76.985869
4245 20.131444 -20.131444 68.121679
4246 20.135231 -20.135231 67.404393
9195 93.720998 6.279002 64.559578
11028 81.994285 18.005715 31.924970
1206 85.714286 -14.285714 14.285714
13951 85.816387 -13.033914 13.033914
13952 86.734694 -13.265306 13.265306
5685 52.251890 22.131317 22.131317
2100 71.037389 17.907918 82.092082
13818 31.701244 27.501132 72.498868
9756 31.620337 -31.620337 56.150995
6397 14.874073 -14.874073 82.724582
8279 14.800957 -14.800957 82.731894
6749 14.903105 -14.903105 82.625209
4956 15.338602 -15.338602 82.307558
285 15.344337 -15.344337 82.317839
4691 15.310736 -15.310736 82.344057
13588 15.322299 -15.322299 82.325597
4302 8.091202 -8.091202 70.400214
6880 8.470008 -8.470008 70.671178
9016 7.950454 -7.950454 71.351242
8872 16.270126 -16.270126 64.823708
9779 16.460606 -16.460606 65.074007
766 79.786557 -18.246115 18.246115
5987 42.386788 5.222924 94.777076
4741 40.106079 5.645936 94.354064
2463 39.493719 -32.988489 32.988489
2464 38.303231 -32.434731 32.434731
2465 38.732748 -31.702210 31.702210
5622 1.708930 -1.708930 84.043618
5941 2.455119 -2.455119 82.311886
4972 59.904447 -1.533293 98.466707
8976 57.846601 -2.536053 97.463947
5156 13.740226 -13.740226 68.847134
5155 13.334315 -13.334315 69.371643
7251 1.205935 -1.205935 38.690235
2291 1.308257 -1.308257 40.321150
1503 68.068883 -31.931117 64.898230
10445 69.164224 -30.835776 66.224152
8988 73.679985 26.320015 65.780838
9576 72.596913 27.403087 63.601645
7390 12.896479 -12.896479 53.101363
7389 13.421125 -13.421125 52.352997
4058 78.059981 -21.940019 31.989067
10395 46.504572 46.504572 50.909942
790 45.248875 45.248875 49.771209
789 45.487130 45.487130 52.008751
8819 41.385026 2.170203 2.170203
161 54.066947 27.595099 27.595099
9582 16.375431 -16.375431 64.330498
10596 22.240619 -22.240619 52.232513
7751 77.742388 -22.257612 26.491607
8362 77.929274 -22.070726 28.334016
691 76.888949 -23.111051 27.719717
7969 16.951401 -16.951401 65.564052
906 66.485503 -29.216823 29.216823
3152 9.749898 -9.749898 66.015034
8946 48.436594 -37.543474 62.456526
4555 10.643623 -10.643623 18.421115
5250 10.385496 -10.385496 16.674537
1424 17.958501 14.238946 14.238946
10238 41.460031 -26.365723 26.365723
6348 40.427686 -26.086428 26.086428
1843 74.076469 -25.923531 70.097692
8500 73.555685 -10.876808 10.876808
7028 0.844409 -0.844409 93.279858
4473 1.883283 -1.883283 92.334278
3503 98.201378 -1.798622 72.739272
10582 97.491680 -2.508320 74.210649
6248 18.732853 -18.732853 62.038031
7418 18.672529 -18.672529 61.397383
4688 19.153791 -19.153791 61.455252
8593 98.444418 1.555582 12.981406
10327 98.789081 1.210919 10.965094
2186 71.324872 5.278995 94.721005
8365 36.469014 -0.403032 0.403032
401 63.461538 0.000000 100.000000
944 63.666823 2.095866 97.904134
9257 50.548513 29.946049 29.946049
1876 49.903725 31.006494 31.006494
8967 51.200575 31.151526 31.151526
3401 94.832714 -5.167286 66.177944
6126 28.782415 -15.634607 15.634607
4232 27.947382 -15.935672 15.935672
10370 50.929556 -23.878966 23.878966
226 0.000000 0.000000 58.730159
227 0.000000 0.000000 57.142857
6379 50.176627 25.206498 25.206498
1433 50.520528 23.685047 23.685047
6380 49.086194 23.986985 23.986985
10935 57.478464 -6.348747 6.348747
1338 35.779606 -35.779606 41.290360
8875 18.835957 -18.835957 72.235596
10452 87.908233 12.091767 69.670670
9601 86.746319 13.253681 70.389642
10235 87.993705 12.006295 71.682651
6552 49.983378 -31.874933 68.125067
3712 47.180936 -32.581957 67.418043
9606 47.981374 -33.582609 66.417391
2739 74.760679 -15.536709 84.463291
9744 86.046512 13.953488 13.953488
9745 87.188104 12.811896 14.563881
9325 86.852502 -3.730379 3.730379
10706 44.632067 -23.726140 23.726140
2335 45.574851 -24.867529 24.867529
10469 46.218548 -23.756233 23.756233
1609 42.973580 -23.435191 23.435191
8592 18.795164 -18.795164 66.352881
7327 19.271815 -19.271815 66.134870
11138 18.998138 -18.998138 66.835766
788 44.192141 44.192141 50.848396
4012 43.069884 43.069884 51.890751
1261 78.321919 -4.463158 95.536842
2846 3.319362 -3.319362 48.368749
8232 23.920621 -23.920621 46.728344
13777 13.265499 11.295299 11.295299
13778 14.063216 12.441853 12.441853
3218 11.704390 10.352933 10.352933
7948 20.753893 -20.753893 42.965418
7812 87.186087 12.813913 27.670534
3912 74.386047 -25.613953 34.623593
2660 75.799589 -24.200411 33.729417
441 77.629795 -15.797124 15.797124
7983 36.861442 36.861442 41.740864
7985 38.790761 38.790761 41.821180
1132 6.666667 -6.666667 6.666667
1046 7.137606 -6.031197 6.031197
3628 6.345669 2.980915 97.019085
10918 38.023416 -17.289277 17.289277
10922 38.242692 -16.490134 16.490134
1708 8.722908 -8.722908 71.823966
10038 9.166017 -9.166017 71.161879
2012 94.291146 -5.708854 13.673391
3402 95.050261 -4.949739 68.116805
10036 31.655596 -31.655596 60.043619
4307 30.824368 -30.824368 59.217430
2796 15.367890 -15.367890 82.115466
3259 15.391524 -15.391524 82.077506
8149 92.034259 7.965741 66.866830
3931 79.944475 -13.555498 13.555498
3883 5.503327 -5.503327 11.762757
8461 97.674419 2.325581 2.325581
4213 14.145221 -14.145221 66.148653
1084 41.657794 -5.256601 5.256601
1341 39.504450 -4.959270 4.959270
5693 25.915168 25.915168 65.825729
2177 28.245109 28.245109 65.608881
2179 25.702296 25.702296 64.292343
5889 73.156086 26.843914 31.618343
6032 74.429431 25.570569 30.320479
8000 72.680508 27.319492 29.638494
5986 19.729167 -19.729167 65.336515
13740 19.362270 -19.362270 66.490558
9906 19.705037 -19.705037 66.169561
2670 10.326079 -10.326079 36.243859
6592 10.123935 -10.123935 37.297191
3161 41.391355 -18.198767 18.198767
9557 40.234924 -18.075059 18.075059
2043 17.061911 -17.061911 72.538030
7627 48.148148 0.000000 0.000000
4265 16.259146 -16.259146 54.077711
5472 15.446979 -15.446979 54.350345
2196 81.660476 -18.339524 37.966075
601 3.860783 -3.860783 39.843230
8943 41.812131 3.517202 3.517202
474 51.293050 40.270945 40.270945
475 51.818768 38.863844 38.863844
689 77.240683 -22.759317 29.276909
9752 89.234665 -10.765335 17.768343
9753 89.460324 -10.539676 16.396491
3159 42.388189 -18.229109 18.229109
3531 64.739836 -27.112436 27.112436
930 41.080805 -11.970704 11.970704
929 41.581714 -11.239801 11.239801
545 1.007003 -1.007003 71.432870
6104 0.663929 -0.663929 72.833102
2901 35.605887 -15.945365 15.945365
1013 34.232513 -16.493436 16.493436
6667 14.373850 -14.373850 84.624802
9728 4.908557 -4.908557 82.868491
1620 29.477287 -9.806093 9.806093
9672 85.056236 -14.943764 70.988018
3844 36.906569 -17.359783 17.359783
4061 32.222222 -32.222222 32.222222
9567 39.603611 -0.578725 0.578725
3160 42.043581 -18.782314 18.782314
8672 14.397861 -14.397861 60.236411
8634 14.057827 -14.057827 60.837650
9297 13.880552 -13.880552 60.299922
10601 93.551950 -6.448050 72.615612
1051 77.225724 22.774276 54.990166
7300 16.142101 -16.142101 72.766059
3861 24.331152 24.331152 72.106488
6242 32.604932 -16.011849 16.011849
7523 11.086065 -11.086065 41.207129
7524 11.716737 -11.716737 40.998741
356 11.509135 -11.509135 42.036211
5514 43.425489 -0.701251 0.701251
10662 98.076496 1.923504 75.337460
10495 36.942952 -16.670098 16.670098
5703 96.854363 3.145637 15.123513
501 40.297398 -14.904717 14.904717
3171 40.835936 -14.460217 14.460217
502 41.438052 -14.997244 14.997244
5827 9.658193 3.962057 96.037943
10224 78.142751 11.449653 88.550347
8053 16.491301 -16.491301 49.200761
8054 16.993610 -16.993610 49.707690
806 38.290159 -38.290159 43.104563
2194 38.581500 -38.581500 41.070375
10845 84.720992 -15.279008 50.984517
6831 76.314041 23.685959 49.973759
6859 76.080147 23.919853 47.643318
8018 88.289370 -11.710630 81.599588
5377 98.333333 1.666667 98.333333
5376 96.838950 1.392139 98.607861
5397 10.474315 -10.474315 34.989923
5398 9.763816 -9.763816 35.433314
8743 0.000000 0.000000 93.650794
14105 1.903443 1.903443 93.801294
670 4.013917 -4.013917 42.354565
9283 3.516108 -3.516108 42.400245
120 16.214091 -16.214091 31.246669
13280 17.026585 -17.026585 81.964094
13655 16.751781 -16.751781 82.273513
13282 16.695185 -16.695185 82.160745
13589 17.026499 -17.026499 81.770675
3271 63.692696 -15.298998 84.701002
5962 11.146206 -11.146206 82.827999
3541 10.584438 -10.584438 82.935458
11038 6.326442 2.776579 97.223421
10647 6.314207 2.776594 97.223406
10470 5.158114 -5.158114 36.750517
1020 51.652250 -14.236241 14.236241
1021 50.011938 -14.154631 14.154631
426 94.702920 5.297080 80.322369
679 93.691149 6.308851 77.263444
678 92.850744 7.149256 78.667522
6547 18.364375 -18.364375 64.091236
6546 18.364980 -18.364980 63.581342
9751 15.208705 -3.193660 3.193660
3940 15.275168 -15.275168 33.486311
10253 31.426489 -31.426489 61.178468
3785 43.492557 -36.575436 36.575436
3783 42.789187 -35.439464 35.439464
3784 43.975316 -35.677092 35.677092
2387 22.431610 -12.915054 12.915054
13741 16.770815 -16.770815 69.389855
13742 16.930384 -16.930384 69.008684
7465 77.070566 -22.929434 65.625840
7095 78.524599 -21.475401 66.240158
1384 27.755324 -15.330368 15.330368
1473 81.319530 18.680470 69.597648
7919 82.412122 17.587878 71.309140
6606 14.201989 -14.201989 82.888049
10307 2.359143 -2.359143 44.183924
1704 2.296826 -2.296826 43.037073
2024 1.318308 -1.318308 43.974618
822 52.169206 -13.010246 86.989754
6123 11.479970 -11.479970 48.189970
4594 19.298155 19.298155 51.415375
6893 21.959504 21.959504 50.894718
8185 41.451995 -13.115843 13.115843
2573 96.563408 -3.436592 44.543734
2168 48.354320 27.020950 27.020950
8597 47.776763 26.087382 26.087382
8515 47.234749 27.196062 27.196062
4281 28.888889 -28.888889 28.888889
6700 77.197414 9.547044 9.547044
10053 79.024628 10.975995 10.975995
234 15.226352 -15.226352 82.297483
1116 52.003472 -17.333919 17.333919
6301 7.954545 7.954545 7.954545
5058 6.818182 6.818182 6.818182
14088 3.700694 3.700694 8.098190
2835 67.076344 32.923656 60.173730
4075 35.633580 -11.763352 11.763352
4355 36.631902 -12.460661 12.460661
4357 35.172329 -12.461611 12.461611
8633 13.634623 -13.634623 61.155087
6814 12.559750 -12.559750 56.900779
8551 7.455152 3.306178 96.693822
633 7.199091 3.166460 96.833540
1880 72.835957 -5.797915 5.797915
10017 74.407171 -5.973357 5.973357
4867 9.479990 -9.479990 48.297525
7760 96.161461 3.838539 48.183189
2034 95.844791 4.155209 50.431411
2683 14.697763 -14.697763 80.164476
3810 54.504513 -26.371603 73.628397
1199 36.807329 -19.051861 80.948139
1197 41.665509 -16.267127 83.732873
9847 10.512132 -10.512132 38.254386
6556 10.237123 -10.237123 39.322610
6593 9.863127 -9.863127 38.306764
2450 67.884042 -15.972867 15.972867
4702 23.396431 -15.012076 15.012076
6995 23.388157 -15.367168 15.367168
4700 23.007752 -15.110851 15.110851
7609 43.912501 -17.018287 17.018287
3790 78.052772 21.947228 51.595635
3789 77.675835 22.324165 49.269906
9190 55.175959 -3.608590 3.608590
2746 22.830453 -22.830453 69.250317
8297 22.110747 -22.110747 69.307737
2585 70.677858 29.322142 56.321632
8711 70.854324 29.145676 54.263122
10769 69.047659 30.952341 54.161520
10787 19.960961 -19.960961 40.450606
9667 10.023908 -10.023908 64.619439
8089 33.847853 12.725978 12.725978
6985 34.421496 13.673284 13.673284
4337 6.411138 1.670340 98.329660
4335 5.845045 1.365123 98.634877
4336 6.659028 1.403760 98.596240
13373 43.672841 -22.145523 77.854477
6298 46.271490 -21.011353 78.988647
13374 44.375277 -22.716783 77.283217
8287 94.897959 -5.102041 5.102041
8796 76.940534 -23.059466 52.115108
8648 13.592383 -13.592383 20.345816
11013 12.907481 -12.907481 18.998582
9333 13.972471 -13.972471 18.923631
1146 87.959715 -12.040285 47.548818
9773 88.241975 -11.758025 45.464419
5541 82.327248 17.672752 72.997117
7427 54.202477 39.715255 60.284745
7426 54.462678 41.303868 58.696132
7373 65.192811 -2.525324 2.525324
10648 90.464022 -9.535978 35.545479
10868 91.509800 -8.490200 34.428094
1573 44.279327 -25.504344 25.504344
8647 13.107575 -13.107575 21.463902
1149 50.911984 30.011948 69.988052
3095 57.192630 -5.273110 5.273110
5800 14.448959 -14.448959 83.623663
4872 65.454082 -34.545918 51.016317
5173 39.526728 -39.526728 47.099989
8727 24.775072 -13.056769 13.056769
7770 48.938519 -16.940371 16.940371
642 36.423948 -2.451833 2.451833
323 38.009476 -2.724959 2.724959
8959 71.212121 -28.787879 71.212121
1386 71.814382 -28.185618 64.375218
9793 25.370949 -25.370949 58.028292
3823 26.049709 -26.049709 58.946035
881 24.879029 -24.879029 59.287924
9075 8.587053 8.587053 58.389821
3951 15.463640 -15.463640 81.366926
1283 15.685360 -15.685360 81.242362
298 19.029995 -19.029995 69.903460
7799 42.697976 -15.032944 15.032944
5963 42.055635 -15.750491 15.750491
2870 20.882429 -20.882429 44.362574
1561 52.504093 -29.651591 29.651591
1560 51.758039 -28.824616 28.824616
1190 53.011388 -28.755186 28.755186
9069 99.137423 -0.862577 40.114310
2328 98.466730 -1.533270 41.361613
7255 98.144556 -1.855444 38.691298
9380 53.176337 34.488619 34.488619
6213 6.123536 -6.123536 77.892650
6512 7.545143 -7.545143 45.921122
10928 48.721067 14.923476 85.076524
9604 46.503832 14.480942 85.519058
7036 50.075451 10.503470 89.496530
13819 15.019898 -15.019898 82.979278
13820 15.083796 -15.083796 82.871777
2968 73.077751 26.922249 48.426895
10823 72.849855 27.150145 50.364847
9635 74.714484 25.285516 50.694862
3745 13.203782 -13.203782 74.205698
3654 6.302634 2.814033 97.185967
3652 6.286171 2.805089 97.194911
842 80.303030 -19.696970 80.303030
462 78.787879 -21.212121 78.787879
6904 0.615090 -0.615090 41.546704
6906 1.103532 -1.103532 41.553873
2815 48.685521 -39.101911 60.898089
7972 66.830663 -5.418247 5.418247
7757 65.790603 -6.076428 6.076428
7759 65.045521 -5.303577 5.303577
4572 5.171134 -5.171134 62.868866
5582 5.793792 -5.793792 61.982506
1123 54.304932 35.121927 35.121927
3451 55.328417 34.146905 34.146905
8497 30.871482 30.871482 54.862918
5230 31.432740 -16.485470 16.485470
3166 13.788739 -13.788739 33.722035
3165 14.610159 -14.610159 34.249670
2341 71.542765 17.133059 17.133059
3592 69.596758 17.013585 17.013585
505 69.955703 18.227202 18.227202
61 44.821857 40.123836 59.876164
5394 90.425431 -9.574569 72.330550
8794 15.459680 -15.459680 62.460331
10899 15.118798 -15.118798 62.568360
10548 41.813788 -3.830801 3.830801
5569 41.171284 -3.109535 3.109535
2540 90.703764 9.296236 11.738434
7622 91.743640 8.256360 12.603893
10229 6.700329 -6.700329 75.431902
10074 20.621515 -20.621515 46.390107
4117 21.392885 -21.392885 46.734425
5330 11.597248 -11.597248 44.315315
8300 60.661490 4.525589 4.525589
7416 59.177312 4.733002 4.733002
9467 37.379736 -30.818896 30.818896
4135 35.951740 -30.062098 30.062098
8611 93.655329 6.344671 36.745816
7938 92.208051 7.791949 36.814383
4957 15.361480 -15.361480 82.291716
7870 10.647667 -10.647667 40.308335
4748 39.459521 25.452429 25.452429
6416 71.236928 -10.894637 89.105363
13989 69.432770 -11.600437 88.399563
14017 70.173349 -11.676799 88.323201
13990 68.344432 -11.582269 88.417731
272 14.996019 -14.996019 68.783326
3319 97.471068 -2.528932 10.102785
1979 17.405370 -17.405370 46.303377
4958 50.989758 -18.939807 18.939807
9027 10.462632 -10.462632 77.837803
10049 6.338138 2.813590 97.186410
10555 6.337366 2.785218 97.214782
1076 52.346701 -11.339895 11.339895
7392 17.236412 -17.236412 79.503984
6560 92.292070 -7.707930 28.157309
3038 37.999236 33.197858 66.802142
9991 36.977948 32.010184 67.989816
9805 3.641675 -3.641675 68.641524
4586 4.256363 -4.256363 68.056862
9682 3.960966 -3.960966 69.352770
264 31.332729 29.682174 29.682174
9053 41.151348 12.377295 12.377295
6171 39.966931 12.728696 12.728696
211 52.111892 -18.362916 18.362916
5449 67.406960 -6.127649 6.127649
9210 23.613309 -13.528465 13.528465
5779 54.188087 31.443975 31.443975
5653 16.884022 -16.884022 68.142964
6472 17.226132 -17.226132 67.856284
6474 17.023691 -17.023691 68.536939
8133 99.075827 -0.924173 38.018640
8599 42.236903 12.952674 12.952674
5793 5.193987 -5.193987 29.958613
958 5.872720 -5.872720 31.331357
9125 69.684844 30.315156 38.398746
3388 46.877859 -15.399194 15.399194
10839 72.155443 -16.095680 16.095680
1816 9.970053 -9.970053 68.462040
8715 10.042039 -10.042039 67.618889
5004 16.590116 -16.590116 63.260262
7977 16.481840 -16.481840 63.808756
10800 8.182994 2.842224 97.157776
3877 91.146076 -8.853924 19.761757
3876 91.920728 -8.079272 18.852695
11130 7.917807 -7.917807 41.520711
254 8.115025 -8.115025 40.502273
6596 8.391497 -8.391497 41.302577
8731 96.153846 0.000000 100.000000
7139 60.059185 37.603241 62.396759
7393 57.077317 39.561989 60.438011
10888 56.786163 37.687435 62.312565
1385 27.507930 -14.847096 14.847096
1435 67.867648 -6.892033 6.892033
1437 68.259674 -7.538476 7.538476
9071 61.058717 31.684735 31.684735
2807 61.498101 30.408981 30.408981
5584 60.016593 31.254636 31.254636
236 15.228241 -15.228241 82.312800
8466 85.076767 -14.923233 16.540662
7507 84.287026 -15.712974 17.852399
6778 83.673469 -16.326531 16.326531
2889 12.467427 -12.467427 77.515519
6970 13.359127 -11.130750 11.130750
6971 12.509192 -9.899023 9.899023
10456 0.000000 0.000000 60.317460
9354 22.410008 -22.410008 23.682273
2635 42.567799 -42.567799 49.432729
3821 43.621557 -43.621557 48.113206
81 44.029744 -44.029744 49.779906
9262 6.681533 -6.681533 50.667856
7754 6.153428 -6.153428 51.135886
9261 6.317902 -6.317902 50.137014
7167 87.410566 -12.589434 28.281560
5610 23.235472 19.885457 19.885457
6007 88.560700 -11.439300 43.485310
8635 89.302769 -10.697231 45.312027
9848 18.677681 -18.677681 46.235127
3421 18.644320 -18.644320 47.390965
9849 18.002840 -18.002840 46.875292
2930 65.000000 35.000000 65.000000
6884 65.127033 34.872967 63.518914
5482 15.444976 -15.444976 82.251408
2830 46.451374 5.965894 5.965894
5989 44.235999 5.562444 94.437556
4901 41.002693 9.751711 90.248289
4121 25.660764 -25.660764 53.331451
10275 80.454469 -7.072053 7.072053
11065 82.026081 -6.818441 6.818441
10082 81.203496 -7.704259 7.704259
659 88.963329 -11.036671 20.705573
3468 89.752112 -10.247888 19.925249
10630 26.806086 -14.487787 14.487787
7904 87.638621 -12.361379 68.296289
1982 18.969768 8.925943 8.925943
7229 4.253384 -4.253384 56.207437
1148 86.830452 -13.169548 47.290399
1147 87.346484 -12.653516 48.681561
488 59.707379 -28.397709 28.397709
3162 19.948859 -8.570520 8.570520
1716 11.199505 0.711659 99.288341
663 12.087498 1.284075 98.715925
1608 25.178158 -4.068219 4.068219
2172 23.501581 -4.007757 4.007757
2153 65.750233 31.689010 68.310990
2062 79.152440 20.847560 23.464661
9390 73.048081 -13.009787 86.990213
297 19.542544 -19.542544 69.392864
10391 76.605802 -18.267328 18.267328
9119 75.937579 -17.543117 17.543117
8703 77.397173 -17.367838 17.367838
37 16.741120 -16.741120 79.131526
36 16.756554 -16.756554 79.627162
5489 2.938986 -2.938986 53.980210
8400 92.586553 -7.413447 81.981800
11043 7.831579 4.005407 95.994593
1438 7.622897 3.694102 96.305898
2264 8.044074 3.773745 96.226255
11067 64.817950 -10.636654 89.363346
721 20.968763 -14.009002 14.009002
416 9.496702 9.496702 37.499241
417 7.372983 7.372983 39.090520
5438 7.044781 -7.044781 11.736697
1589 8.508656 -8.508656 11.971577
9769 0.000000 0.000000 30.158730
10599 88.552065 11.447935 37.940471
857 14.936673 -14.936673 75.996638
7064 6.301652 2.638906 97.361094
832 6.804337 3.651266 96.348734
831 6.453802 3.574288 96.425712
1671 22.636559 -22.636559 53.326003
565 23.078158 -23.078158 54.426685
6185 22.078915 -22.078915 54.549354
10921 21.983720 -12.321165 12.321165
3150 9.757496 -9.757496 65.339326
1649 65.685420 14.011119 14.011119
5755 46.519436 -2.800815 2.800815
5756 45.122314 -2.948805 2.948805
5393 29.675770 25.600940 25.600940
10037 28.807039 24.481833 24.481833
10554 6.344271 2.792828 97.207172
3957 69.477516 -3.891123 3.891123
4602 73.994680 -7.978992 92.021008
4603 75.728839 -8.060446 91.939554
10496 14.545087 -14.545087 82.160879
8710 14.729010 -14.729010 82.166714
10429 83.228792 -16.771208 30.074396
5874 20.663419 14.790145 14.790145
7425 19.290616 15.298364 15.298364
6484 20.983084 16.389376 16.389376
442 76.917213 -15.140849 15.140849
7483 75.536383 -15.348225 15.348225
2478 76.184873 -14.523107 14.523107
10489 31.953720 24.807007 24.807007
10504 64.667717 5.805191 5.805191
5282 66.576348 5.270419 5.270419
5284 65.182880 4.465862 4.465862
1481 44.273190 -37.783162 37.783162
6656 82.234079 -17.765921 68.950904
9254 21.100566 -21.100566 36.513780
2397 21.278955 -21.278955 37.709354
10597 45.894238 -19.092052 19.092052
8195 44.811648 -19.175923 19.175923
5845 15.425436 -15.425436 82.239743
5483 15.469997 -15.469997 82.196625
3337 94.754584 -5.245416 27.354469
3338 94.412573 -5.587427 25.875260
3339 95.161059 -4.838941 25.942305
1610 41.495100 -23.668956 23.668956
6068 7.339329 -7.339329 35.137347
431 29.514223 15.277647 15.277647
4608 7.748192 -7.748192 55.873646
11205 6.333713 2.789859 97.210141
3796 73.925083 -16.886782 16.886782
7050 72.534634 -16.882936 16.882936
9939 17.926932 -17.926932 72.342426
1955 18.346188 -18.346188 72.272024
7718 58.311202 -5.262060 94.737940
7717 58.944785 -6.572627 93.427373
1263 78.997902 -9.663465 90.336535
4604 79.952879 -10.397947 89.602053
4478 25.721857 -25.721857 56.829676
7793 23.725748 23.725748 56.218705
6094 13.152950 8.637908 91.362092
13516 13.608837 10.366504 89.633496
13517 12.771027 9.889544 90.110456
13519 14.486302 10.724190 89.275810
10862 13.203395 13.203395 37.447019
7287 7.516543 -7.516543 78.005690
3070 7.831428 -7.831428 78.792208
7270 79.499929 20.500071 33.723293
690 76.249291 -23.750709 29.386258
4536 60.216007 26.160418 73.839582
9860 58.469979 25.302176 74.697824
7744 39.121356 3.153154 3.153154
9749 40.463131 2.990290 2.990290
11083 66.582690 1.966465 1.966465
7316 46.775715 -42.752105 42.752105
13590 17.509825 -17.509825 81.903043
13281 17.420896 -17.420896 81.735202
7743 16.919746 -16.919746 82.564990
4226 56.924213 43.075787 45.854316
8021 38.239793 -6.249044 6.249044
10367 37.490645 29.216480 29.216480
8926 6.188047 2.910770 97.089230
368 6.199422 2.963709 97.036291
2879 56.135953 12.264665 87.735335
9423 62.219494 -37.780506 50.516409
5913 91.611787 -1.375679 98.624321
411 15.212334 -15.212334 82.252117
6553 15.187739 -15.187739 82.240970
8437 37.772683 -13.159957 13.159957
4356 36.212967 -13.201573 13.201573
3295 7.366530 -7.366530 41.684934
255 7.542746 -7.542746 40.638525
9829 63.265306 -36.734694 36.734694
8318 62.244898 -37.755102 37.755102
13654 17.297228 -17.297228 81.631117
1314 2.590065 2.590065 33.172418
9972 1.717304 1.717304 31.622518
1312 0.000000 0.000000 33.333333
10567 52.777016 -42.258576 57.741424
630 27.992870 27.992870 62.494363
632 28.168057 28.168057 60.901755
741 25.786089 25.786089 61.094887
10591 46.149018 -15.910009 15.910009
421 22.978622 -7.305191 7.305191
419 23.415901 -8.219463 8.219463
1669 15.750725 -15.750725 69.704358
3394 93.571384 -6.428616 37.381308
2900 37.121023 -15.961346 15.961346
9900 26.368690 -26.368690 35.052800
7084 25.118951 -25.118951 35.858015
6951 5.932272 2.847346 97.152654
310 12.222222 -12.222222 12.222222
8950 13.859126 -12.398134 12.398134
6855 59.685884 31.702019 68.297981
6579 60.581924 29.628769 70.371231
7514 32.960609 32.960609 56.494854
9441 33.066022 33.066022 54.449413
8151 15.935362 -15.935362 77.637538
4113 13.709869 -13.709869 47.216551
5210 17.096644 -17.096644 81.180690
8575 38.647927 8.488499 8.488499
6653 71.798336 -19.410624 19.410624
8368 71.601112 -20.467308 20.467308
1268 52.089655 -5.252855 94.747145
7659 4.702032 4.702032 31.444440
2198 81.108840 -18.891160 35.996686
6206 58.969700 26.070823 26.070823
7686 57.804536 26.123596 26.123596
7685 58.552853 27.101818 27.101818
3096 56.135070 -4.355561 4.355561
5220 77.901388 -12.539481 12.539481
13950 77.840379 -11.823545 11.823545
13953 78.440347 -11.901362 11.901362
10733 6.453323 2.069267 97.930733
5504 6.687970 2.236932 97.763068
10061 6.405378 2.193988 97.806012
7110 86.471894 13.528106 16.060828
8974 15.333836 -15.333836 78.498812
2534 15.341597 -15.341597 77.799395
9638 16.323167 -16.323167 68.011927
3979 15.414287 -15.414287 65.211107
2775 15.184662 -15.184662 65.006004
5140 15.503752 -15.503752 64.711152
7871 75.433061 -21.327819 21.327819
765 75.001087 -24.998913 66.202577
4044 46.205297 -20.442504 20.442504
8218 3.668196 -3.668196 57.557398
7601 0.856580 -0.856580 73.938194
1233 17.515492 17.515492 75.520052
5471 15.840847 -15.840847 55.314447
1893 65.306122 -34.693878 34.693878
5900 96.811732 -3.188268 86.092779
5644 85.497169 -3.813021 96.186979
3569 42.159971 -25.731045 25.731045
11050 12.103332 -12.103332 66.264190
9406 12.606325 -12.606325 66.002926
10670 12.388917 -12.388917 66.724893
3622 76.923077 0.000000 100.000000
10271 29.126829 -7.710751 7.710751
932 15.202546 -15.202546 82.491044
13890 15.219841 -15.219841 82.484016
13878 15.210866 -15.210866 82.504690
13869 15.262583 -15.262583 82.433289
13874 15.265218 -15.265218 82.418406
8937 27.918213 -17.316553 17.316553
9836 15.209171 -11.915858 11.915858
8457 30.733021 -28.002062 28.002062
5898 47.251183 -38.770460 38.770460
10822 72.641158 27.358842 52.227088
3127 17.515659 -17.515659 81.213708
5209 17.718264 -17.718264 80.542432
8412 65.042757 -16.155706 83.844294
8742 94.598240 -5.401760 37.934597
1410 95.342301 -4.657699 35.883024
1412 95.865597 -4.134403 38.777446
6222 16.699898 -15.491688 15.491688
10381 15.738003 -14.654146 14.654146
3602 12.454518 -12.454518 74.758573
5797 12.541351 -12.541351 75.351455
6189 60.587818 1.688949 1.688949
9276 60.352118 0.704837 0.704837
10577 82.280499 -9.357620 9.357620
9893 81.207611 -10.004939 10.004939
9823 89.071617 2.453368 2.453368
7057 15.077215 -15.077215 82.422864
5682 15.046315 -15.046315 82.483269
8723 15.020909 -15.020909 82.464425
685 20.471613 -20.471613 64.697695
5143 27.542061 -27.542061 61.743740
10480 28.502257 -28.502257 60.693660
13591 15.383916 -15.383916 82.332841
7079 50.971587 -43.179993 43.179993
3440 48.814702 -44.405592 44.405592
7644 0.000000 0.000000 61.904762
7643 2.287050 2.287050 60.592232
1615 91.627198 2.592256 97.407744
4151 43.467889 -4.127954 4.127954
1085 42.235591 -4.506984 4.506984
3930 81.315406 -12.916198 12.916198
7910 71.080598 -28.919402 69.710273
1514 45.739689 -2.223959 2.223959
4882 90.740741 0.000000 0.000000
4883 91.592676 1.319193 1.319193
3678 26.586871 -26.586871 65.752170
8405 53.826194 -25.714726 25.714726
8380 54.682515 -25.470150 25.470150
7580 68.840266 -28.318246 28.318246
1834 55.780629 15.534068 84.465932
213 24.635178 -7.896457 7.896457
8558 2.653344 -2.653344 75.616689
875 16.734733 -16.734733 52.928050
9228 96.592641 -3.407359 6.282669
9846 95.954617 -4.045383 8.328338
9193 95.602254 -4.397746 7.176969
5991 35.507825 24.181922 24.181922
8968 34.095390 23.580562 23.580562
7182 78.643935 -2.770908 2.770908
6441 76.586726 -2.949292 2.949292
9763 7.590822 -7.590822 71.032439
2298 86.529234 -2.316055 97.683945
7412 58.180572 41.819428 50.433521
9279 83.324211 13.559143 86.440857
10520 81.580565 15.080076 84.919924
3825 21.268213 -21.268213 66.264497
3826 21.115185 -21.115185 66.947329
3824 20.679864 -20.679864 66.779827
10592 14.816587 -14.816587 83.690223
6110 14.975485 -14.975485 83.779589
13822 14.581522 -14.581522 84.080855
8236 97.129235 -2.870765 84.572508
616 17.529142 -17.529142 55.488780
618 16.862801 -16.862801 56.200047
1203 22.255226 -22.255226 38.017076
8675 8.619973 -8.619973 67.804003
182 63.600156 34.885120 34.885120
2521 64.660591 33.714518 33.714518
6516 16.523893 -16.523893 57.286782
3909 7.994476 -7.994476 68.365742
1474 82.377116 17.622884 69.527278
2912 64.019960 -35.980040 42.624659
2056 62.889214 -37.110786 42.945096
1718 57.905751 -19.267104 80.732896
1717 59.086137 -17.768779 82.231221
6232 57.198411 -18.322369 81.677631
2720 95.377556 4.622444 57.262769
8650 94.128354 5.871646 57.806990
5070 80.231606 -19.768394 45.402833
2724 80.259938 -19.740062 43.570276
60 45.675706 41.450962 58.549038
5278 46.436623 42.696548 57.303452
9718 92.602937 -7.397063 75.316682
210 52.412860 -19.241421 19.241421
6255 48.845302 43.348016 43.348016
7558 50.197191 43.564587 43.564587
7946 49.482245 41.896090 41.896090
13823 15.144196 -15.144196 83.384241
5448 69.269676 -6.159792 6.159792
1436 69.378722 -7.030864 7.030864
634 7.204561 3.055028 96.944972
328 25.653581 -19.748093 19.748093
4064 24.973995 -18.745436 18.745436
520 9.152807 -2.769777 2.769777
1065 10.850491 -3.605153 3.605153
518 9.350360 -3.629451 3.629451
4420 76.368338 23.631662 32.119407
14059 75.869094 24.130906 30.369590
14060 75.323335 24.676665 31.511032
7473 77.370893 22.629107 30.041838
920 40.742871 36.098105 36.098105
9101 96.681001 3.318999 74.711984
6414 12.989588 -12.989588 72.549119
8867 13.355662 -13.355662 72.025867
6413 13.338899 -13.338899 72.587035
5675 78.793537 -7.195979 7.195979
7053 79.460770 -7.918326 7.918326
4816 19.088500 -1.135349 1.135349
2275 16.666667 0.000000 0.000000
291 81.465001 -18.534999 25.142557
290 80.541600 -19.458400 23.825556
2773 81.590607 -18.409393 23.208170
13592 19.314075 -19.314075 80.216303
13630 19.671896 -19.671896 80.079971
4504 7.217472 -7.217472 55.530348
202 14.143553 -14.143553 44.562408
5909 73.706760 -26.293240 57.057965
49 6.716304 2.852057 97.147943
5417 6.811033 2.908739 97.091261
9762 16.584785 -16.584785 69.145691
7897 62.156558 -3.851751 3.851751
10272 60.588727 -3.728479 3.728479
4340 9.073167 -9.073167 90.300277
3834 16.063017 -16.063017 20.029065
14108 3.303148 3.303148 90.504753
14106 3.874626 3.874626 91.565603
14107 3.987164 3.987164 92.306631
8079 14.463757 -14.463757 83.434940
2855 97.560614 2.439386 85.164374
566 21.482986 -21.482986 69.473801
10985 97.362093 2.637907 8.085955
5999 12.983368 -12.983368 72.995998
1918 12.659223 -12.659223 73.083429
10512 86.033857 13.966143 67.977732
1267 49.033163 -6.612552 93.387448
8670 48.329079 -5.253389 94.746611
6463 13.608868 -13.608868 84.754989
4330 14.700137 -14.700137 83.431449
13825 14.787243 -14.787243 83.472093
5890 37.628313 -31.682115 31.682115
6912 9.708001 9.708001 14.795080
3514 98.315006 -1.684994 19.572547
3516 97.837171 -2.162829 18.946689
5221 98.305715 -1.694285 18.160950
4897 8.510638 8.510638 91.489362
6462 14.185427 -14.185427 84.373948
205 45.152364 -18.027374 18.027374
9134 45.626604 -17.602496 17.602496
206 46.157495 -18.309938 18.309938
10260 15.873722 -15.873722 66.414256
4607 90.747633 -0.869089 0.869089
1809 89.087029 -1.711948 1.711948
14012 58.189937 -13.450661 86.549339
14022 59.206315 -13.215774 86.784226
193 94.165481 -5.834519 24.306973
2516 25.916743 25.916743 59.427013
2515 23.565323 23.565323 59.737669
241 90.916422 9.083578 26.526341
1553 89.230346 10.769654 72.245387
1554 90.225598 9.774402 74.681510
1555 90.817719 9.182281 73.199366
6362 100.000000 0.000000 25.000000
3154 41.219570 -7.609640 7.609640
2019 43.906863 38.713767 61.286233
1356 65.005861 23.225102 23.225102
4409 65.088527 24.639067 24.639067
1357 66.526840 23.898244 23.898244
6926 14.126247 -14.126247 55.070992
7485 9.226307 -9.226307 70.493636
6879 8.825008 -8.825008 70.957729
4753 15.407013 -15.407013 82.233312
238 77.964143 15.840816 15.840816
14061 78.017806 16.387508 16.387508
3224 11.170763 11.170763 64.834204
10362 78.852291 -3.546418 3.546418
9323 86.730853 -13.269147 35.387877
9013 20.818820 -20.818820 49.566486
11129 71.030561 -28.969439 47.939663
1606 25.522884 -3.401841 3.401841
3727 87.379847 12.620153 37.495552
2687 87.776143 12.223857 35.942475
5678 64.688942 29.309508 29.309508
4228 9.750973 -9.750973 74.154631
2970 12.432514 -12.432514 76.113962
2969 12.040631 -12.040631 76.623745
10741 23.405300 -23.405300 44.736110
6010 17.798329 -17.798329 63.233507
1464 17.427121 -17.427121 63.523973
6717 76.510005 -10.641931 10.641931
7322 7.076802 -7.076802 73.910868
1434 50.772900 22.391962 22.391962
7172 12.694300 -12.694300 67.028528
3943 6.088252 2.602579 97.397421
2532 6.113455 2.645453 97.354547
9340 9.702699 -9.702699 17.397885
9156 40.842341 -6.822856 6.822856
6095 9.615385 0.000000 100.000000
1715 9.871892 0.489728 99.510272
768 15.340400 -15.340400 77.153446
9402 32.748375 7.098047 92.901953
786 18.555319 -18.555319 33.460294
7234 7.613243 -7.613243 73.497059
5674 8.154044 -8.154044 73.536472
9931 8.344403 -8.344403 42.245774
7674 20.272891 -20.272891 36.157406
8407 25.311556 -25.311556 64.403832
4149 44.987309 -3.738508 3.738508
4150 45.059614 -4.545866 4.545866
7230 3.731521 -3.731521 55.994294
8257 3.157785 -3.157785 56.552941
9511 23.873633 2.525466 2.525466
8970 46.734617 -17.638451 17.638451
3499 71.452961 -28.547039 36.421900
2201 71.811106 -28.188894 34.811501
4836 71.144358 -5.861261 5.861261
6437 70.508444 -6.553814 6.553814
6870 26.505482 26.505482 35.262143
5240 34.536579 34.536579 41.741532
3845 37.552057 -14.570420 14.570420
3273 62.569425 -17.153994 82.846006
8842 63.790319 -17.899704 82.100296
1120 65.121875 -34.878125 46.518103
1087 65.615388 -34.384612 45.244575
3605 17.070067 -17.070067 77.970860
2326 97.520597 -2.479403 42.872517
5634 97.862324 -2.137676 45.674332
5104 65.116808 -11.695533 88.304467
13993 65.849377 -12.322339 87.677661
6862 15.068950 -15.068950 37.714305
6169 38.960383 12.038998 12.038998
9218 50.128457 -42.401963 57.598037
9217 50.041817 -41.014693 58.985307
11017 58.133395 -17.935979 17.935979
3066 11.550938 -11.550938 39.117407
4545 10.904056 -10.904056 39.220556
2790 55.555556 0.000000 0.000000
1114 52.616649 -16.394505 16.394505
6458 36.006668 -4.229227 4.229227
1378 0.000000 0.000000 85.714286
14115 4.307636 4.307636 87.515493
10879 11.702128 11.702128 88.297872
14109 5.655115 5.655115 86.909648
4795 10.638298 10.638298 89.361702
785 19.571056 -19.571056 32.732549
6684 30.384627 -30.384627 64.475488
6131 76.910799 -13.614069 13.614069
5219 78.522115 -13.442868 13.442868
13995 60.095297 -12.901816 87.098184
6973 14.257835 -14.257835 70.579478
776 13.781337 -13.781337 30.668174
10282 6.199919 6.199919 43.437210
9612 93.034030 -6.965970 11.137988
9530 93.645360 -6.354640 9.732874
10572 56.703157 16.038534 16.038534
6630 56.014798 14.808897 14.808897
378 15.942653 -10.197302 10.197302
380 13.556732 -9.154755 9.154755
4252 15.250373 -8.836479 8.836479
372 74.933844 -22.299730 22.299730
1028 73.970495 -21.728748 21.728748
3959 68.161936 -3.484936 3.484936
9985 25.871008 15.748730 15.748730
826 94.367103 -5.632897 59.983592
825 94.580986 -5.419014 62.015839
6192 16.913257 -16.913257 60.219356
10137 16.584255 -16.584255 59.982752
7971 67.768064 -4.891887 4.891887
1173 22.106510 -22.106510 57.903272
10214 92.333702 -7.666298 33.377211
6038 34.429812 34.429812 39.025601
6525 53.247750 -32.652021 32.652021
8573 39.920272 8.371472 8.371472
14135 48.992008 -48.992008 49.942499
6292 5.155952 1.388707 98.611293
6290 4.662281 1.500732 98.499268
9764 79.576612 -20.423388 22.584770
5751 5.825502 5.825502 44.737040
5752 3.350838 3.350838 43.536317
5753 2.946906 2.946906 45.388924
2831 48.142229 31.642598 68.357402
3610 93.390271 1.348907 1.348907
10354 21.552722 -1.690501 1.690501
2143 34.497962 26.028837 26.028837
10581 33.492780 26.585205 26.585205
2514 23.642465 23.642465 58.037965
6000 15.583611 -15.583611 82.081954
9882 15.552751 -15.552751 82.157170
10611 15.521823 -15.521823 82.145598
3129 90.857007 -7.021163 7.021163
9597 37.103962 4.270272 4.270272
8511 37.823178 5.144993 5.144993
9585 97.207937 -2.792063 23.296659
9586 96.956898 -3.043102 24.866255
8569 36.280244 -33.856443 33.856443
2220 17.379808 -17.379808 71.751593
8088 17.618789 -17.618789 71.079520
8438 57.263270 -26.180719 26.180719
10419 42.638475 -30.970764 30.970764
10366 59.881232 26.742835 26.742835
9920 61.054084 27.405764 27.405764
13536 76.029987 15.505938 15.505938
13539 75.523304 15.199496 15.199496
1073 41.097382 8.962772 8.962772
212 53.217365 -18.697346 18.697346
9031 16.127603 -11.334081 11.334081
379 14.450746 -10.605295 10.605295
3599 36.756362 5.095978 5.095978
14062 77.806160 17.976338 17.976338
258 17.663651 -17.663651 77.403399
3604 17.130118 -17.130118 77.383533
3984 66.209973 -33.790027 46.547252
4363 66.088796 -33.911204 48.118913
7197 50.742057 45.489206 45.489206
14167 52.361374 47.638626 51.223664
4360 53.333333 46.666667 53.333333
7855 44.444444 -44.444444 44.444444
6125 45.726089 -44.484963 44.484963
8442 45.555556 -45.555556 45.555556
2238 55.333108 -20.184356 79.815644
13375 53.428749 -21.563772 78.436228
13376 54.696042 -21.395308 78.604692
5796 54.578049 -7.828240 7.828240
10149 89.900959 -10.099041 26.052685
9090 90.704746 -9.295254 26.922205
762 89.659735 -10.340265 27.675487
603 3.581691 -3.581691 41.105749
2626 3.095581 -3.095581 41.775831
1349 7.436054 -7.436054 81.269884
7768 7.193702 -7.193702 80.256034
3069 7.847972 -7.847972 79.837248
8209 98.093359 1.906641 93.977175
6365 98.430938 1.569062 96.258390
6367 100.000000 0.000000 95.000000
7560 64.379864 -35.620136 36.855878
7647 32.978723 32.978723 67.021277
5635 30.909149 30.909149 65.511621
13779 31.511332 31.511332 66.820834
11051 82.019210 6.248381 93.751619
3849 81.887682 8.932422 91.067578
13540 22.925749 -13.848688 13.848688
4286 54.017339 -8.831859 8.831859
2617 13.539008 -13.539008 64.063384
3240 13.204979 -13.204979 64.661799
2067 47.629159 -23.510904 76.489096
13377 47.104879 -22.557931 77.442069
13370 48.765217 -21.970026 78.029974
7134 89.536005 2.391198 97.608802
1428 88.461538 0.000000 100.000000
10718 13.530969 -13.530969 61.965405
8793 15.752339 -15.752339 62.051526
3130 89.374392 -7.785444 7.785444
4020 40.840540 32.216871 32.216871
1113 4.135287 -4.135287 76.837950
1112 4.409729 -4.409729 74.888178
7797 44.603410 -17.561886 17.561886
1854 62.960070 -31.198592 31.198592
1852 63.439132 -32.040834 32.040834
4095 44.141726 -7.490597 7.490597
1639 45.382039 -7.045591 7.045591
3508 13.769440 1.249165 98.750835
1195 13.812754 2.538429 97.461571
8135 47.814244 17.752043 17.752043
705 7.937214 -7.937214 76.977734
6813 12.523657 -12.523657 55.712937
627 44.902685 -34.028704 34.028704
7189 21.603505 -21.603505 61.394807
6987 21.946367 -21.946367 62.104253
6168 21.238425 -21.238425 62.311411
6281 77.267795 -21.584204 78.415796
10493 34.661965 -13.205950 13.205950
8072 84.353026 15.646974 66.577041
8720 93.913311 6.086689 10.910139
10722 92.773269 7.226731 11.873890
8780 93.779152 6.220848 13.418714
851 42.995798 36.987915 63.012085
6005 87.691389 -12.308611 41.636341
6754 15.382016 -15.382016 35.926441
5260 46.188607 18.406005 18.406005
2962 37.052298 -37.052298 56.465088
6633 63.323148 -15.852878 15.852878
546 1.543131 -1.543131 71.086250
9233 2.020204 -2.020204 70.001856
3157 92.938198 -7.061802 17.227990
5321 2.895266 -2.895266 95.380838
5580 63.338064 -36.661936 55.831061
5581 63.019841 -36.980159 54.388190
800 4.377959 4.377959 51.605667
7776 15.646002 -15.646002 63.740111
4577 45.095080 -25.702181 74.297819
1683 64.991665 -10.929961 10.929961
5032 64.084950 -10.344724 10.344724
7929 20.917348 8.968037 8.968037
7277 22.605001 9.851850 9.851850
9634 89.444227 10.555773 50.772377
9633 89.856990 10.143010 52.948621
3797 74.808849 -16.113161 16.113161
6845 76.169246 -15.980256 15.980256
5384 33.013584 22.889018 22.889018
4328 98.223824 1.776176 20.173828
9937 97.708678 2.291322 18.352383
8652 49.854449 -47.157175 47.157175
3721 49.877908 -45.491674 45.491674
3418 50.973964 -46.738746 46.738746
2476 17.638468 -17.638468 64.928316
2475 17.369634 -17.369634 64.754976
10135 62.647271 22.328164 22.328164
5746 61.457674 22.263349 22.263349
6832 61.723908 23.457296 23.457296
7705 7.038959 -7.038959 20.814647
6696 92.914095 7.085905 84.602149
9542 30.578295 -1.666159 1.666159
6750 14.946953 -14.946953 82.526941
6288 14.996167 -14.996167 82.434918
6776 27.939586 23.492893 23.492893
6326 66.666667 -33.333333 66.666667
5951 65.151515 -34.848485 65.151515
10659 34.392457 -11.813969 11.813969
4076 34.457195 -11.117307 11.117307
9970 18.551592 -11.398889 11.398889
8030 89.117359 -10.882641 72.733803
9725 57.839293 -40.077752 59.922248
9332 55.745259 -41.984300 58.015700
8568 14.799998 -14.799998 20.329435
3967 69.070554 -30.929446 41.940967
3969 68.051486 -31.948514 41.289145
1332 21.746144 -21.746144 51.102058
6353 42.519202 -20.032592 20.032592
586 29.208936 4.652226 4.652226
6747 86.535427 -13.464573 42.055065
13378 6.202164 2.005421 97.994579
13379 6.264885 1.946547 98.053453
13354 6.259938 2.094756 97.905244
3798 75.341549 -16.812534 16.812534
10534 74.426852 -17.682247 17.682247
10685 5.723380 5.723380 79.642558
3547 8.174428 8.174428 82.027851
427 96.570238 3.429762 82.167482
2989 15.909091 15.909091 15.909091
13726 12.384422 12.384422 15.414343
13722 9.147867 9.147867 16.180473
931 40.033825 -11.374865 11.374865
6421 14.082149 -14.082149 71.460393
6103 13.777235 -13.777235 72.015164
5853 44.444444 0.000000 0.000000
5556 97.782890 -2.217110 50.547967
4778 64.671075 18.594831 18.594831
4803 65.841351 18.127680 18.127680
4805 64.935314 17.404364 17.404364
9662 58.943336 11.439446 11.439446
4855 6.209599 -6.209599 49.165757
7737 83.023722 -2.656377 97.343623
4481 5.454942 -5.454942 19.791701
4418 76.994286 23.005714 34.152489
6264 99.045325 -0.954675 46.527664
9742 13.814563 -13.814563 68.256544
6198 29.545455 29.545455 29.545455
6199 28.409091 28.409091 28.409091
3683 11.294201 -11.294201 12.899782
3100 86.497972 -13.502028 66.491332
8604 15.540690 -15.540690 82.086057
6655 95.595634 4.404366 83.341223
7173 13.045505 -13.045505 67.222345
1980 19.786794 7.609533 7.609533
997 19.141617 4.803740 4.803740
3894 52.936951 -18.987527 81.012473
8406 25.067813 -25.067813 63.486075
2452 70.536660 -29.463340 55.478683
2549 7.500787 4.120818 95.879182
10679 7.872368 3.011828 3.011828
9509 9.221598 2.931069 2.931069
2680 18.096909 -18.096909 70.730120
4024 65.111474 2.740674 97.259326
4537 61.298096 23.243964 76.756036
9216 17.680636 -17.680636 25.106873
4212 14.039045 -14.039045 66.642375
7196 92.840937 -7.159063 49.631143
10765 91.746469 -8.253531 48.605899
1780 15.094938 -15.094938 82.641500
1781 15.155504 -15.155504 82.617966
3523 13.354547 -13.354547 75.673671
7877 94.444444 0.000000 0.000000
4032 30.372470 -12.588592 12.588592
9203 7.684321 -7.684321 50.890439
8349 7.105118 -7.105118 51.349215
8642 30.634306 30.634306 60.775990
13998 72.659962 -12.250536 87.749464
3701 71.469125 -13.096444 86.903556
13980 73.771868 -11.870922 88.129078
6714 15.751193 -15.751193 70.717862
5633 98.815829 -1.184171 43.989354
8490 88.411942 -11.588058 32.825530
6263 68.608081 -13.190773 13.190773
2886 12.919683 -12.919683 75.537245
8103 94.011839 -5.988161 27.402337
8169 93.780590 -6.219410 29.114048
2702 84.775916 1.295407 1.295407
7840 3.191489 3.191489 96.808511
4878 6.187616 2.838651 97.161349
5312 2.598095 1.992092 98.007908
8548 3.272676 2.766181 97.233819
10162 60.074668 10.592681 10.592681
7417 59.694025 3.810154 3.810154
7076 62.895554 -29.320873 29.320873
5317 63.499422 -28.076679 28.076679
9335 37.168574 -13.810149 13.810149
9092 38.434813 -14.007684 14.007684
7324 18.203615 -12.459691 12.459691
908 67.463588 -28.343101 28.343101
4699 67.102630 -27.552059 27.552059
9503 31.891080 -2.082524 2.082524
8676 8.175633 -8.175633 67.261367
2333 14.905505 -14.905505 76.592936
10021 76.774746 -4.082050 95.917950
1723 33.079072 -6.347675 6.347675
8522 21.521354 -9.389072 90.610928
6938 71.346290 -1.518421 98.481579
7044 5.443506 4.185530 95.814470
7043 5.308186 4.637605 95.362395
10848 66.645552 -22.770226 22.770226
889 68.110381 -23.038114 23.038114
1524 35.671040 -35.671040 59.664813
11015 81.682468 11.952989 88.047011
345 31.463510 -6.451648 6.451648
1724 32.795846 -7.103951 7.103951
11103 27.681204 9.916904 90.083096
334 45.148872 -5.365581 5.365581
2613 46.610620 -4.937974 4.937974
7212 93.185828 6.814172 48.861008
2357 97.644957 2.355043 33.840430
2355 95.924987 4.075013 32.990109
10399 79.253517 -20.746483 44.200791
10749 29.920573 29.920573 63.749260
2178 28.069142 28.069142 64.058053
6376 63.556672 19.161658 19.161658
5225 63.234640 17.940181 17.940181
1369 39.468450 -6.658466 6.658466
4720 39.975028 -5.949817 5.949817
9175 38.047789 -5.428083 5.428083
3933 35.687612 -35.687612 52.542361
9286 13.062391 -13.062391 42.818674
11045 7.849961 -7.849961 87.343131
10672 12.620363 -12.620363 43.736702
7981 12.007085 -12.007085 43.531741
4287 53.530041 -9.714234 9.714234
3117 5.152863 -5.152863 46.205940
8428 5.670545 -5.670545 47.237216
8429 5.088136 -5.088136 47.765245
6568 99.339040 0.660960 64.878145
7071 95.453788 4.546212 54.987846
6195 17.356066 17.356066 61.272984
868 6.921248 2.897875 97.102125
1692 8.233189 8.233189 54.378294
2728 89.379251 10.620749 21.843010
1859 56.761571 -12.691138 12.691138
9630 81.335985 -4.890003 4.890003
9784 79.707956 -4.743830 4.743830
5758 81.211786 -4.184798 4.184798
6923 6.787136 -6.787136 64.244787
4529 83.742301 -16.257699 45.674386
7961 5.107637 1.864301 98.135699
1556 5.694815 1.981110 98.018890
7991 32.042426 -4.148253 4.148253
23 36.224993 36.224993 47.025227
21 38.074696 38.074696 49.329818
5190 88.930134 -0.904786 0.904786
13724 12.500000 12.500000 12.500000
2627 2.619426 -2.619426 41.174597
7077 62.365644 -30.333203 30.333203
7450 63.663607 -30.213754 30.213754
6526 69.387755 -30.612245 30.612245
11061 69.169372 -29.428483 29.428483
9550 42.867967 -31.178284 68.821716
14136 17.615508 -4.800492 95.199508
795 59.302326 40.697674 40.697674
10425 59.965057 40.034943 43.248440
3106 43.044980 18.001079 18.001079
5259 44.618568 17.442730 17.442730
1282 15.927500 -15.927500 80.936721
1284 15.670155 -15.670155 81.036563
7665 15.947759 -15.947759 80.651511
2988 17.045455 17.045455 17.045455
8864 66.154326 -33.845674 39.422370
2315 21.276596 21.276596 78.723404
8322 32.263198 32.263198 64.211887
631 30.368505 30.368505 62.470376
3323 76.065667 23.934333 74.587158
1806 48.300872 28.093347 28.093347
1805 49.364923 27.460152 27.460152
10404 75.072412 -18.459114 18.459114
10613 43.264610 -34.655943 34.655943
10856 42.240049 -34.478799 34.478799
1350 6.455543 -6.455543 83.179358
3297 16.271316 -16.271316 65.558500
8958 69.235669 -28.220483 71.779517
3047 55.958000 -39.243311 39.243311
3046 54.904853 -39.708806 39.708806
4421 55.164611 -38.794783 38.794783
10860 25.131835 -11.553396 11.553396
5585 59.878728 29.841684 29.841684
1174 22.213288 -22.213288 56.577059
3059 22.400370 -22.400370 55.434456
5245 78.406142 -19.053033 19.053033
5243 77.218374 -18.885053 18.885053
5193 6.413730 2.983301 97.016699
3627 6.365851 2.948634 97.051366
10291 12.598362 -12.598362 47.315415
4682 12.441525 -12.441525 48.408686
5965 12.013542 -12.013542 47.754964
748 8.800286 -8.800286 66.542908
5307 26.377744 -1.422480 1.422480
3717 67.328847 -32.671153 47.297211
7658 86.363636 -13.636364 86.363636
13397 84.848485 -15.151515 84.848485
13381 84.840597 -15.159403 84.214555
13361 85.586661 -14.413339 84.233914
6935 25.861430 -13.354694 13.354694
7516 26.176158 -12.759275 12.759275
973 77.863984 -22.136016 49.863037
434 41.921362 -28.279017 28.279017
435 41.789955 -27.300731 27.300731
436 43.079805 -27.942391 27.942391
4543 27.679935 27.679935 31.369885
6197 26.589603 26.589603 30.152273
6703 89.071754 -6.331385 6.331385
617 17.363049 -17.363049 56.814218
3731 11.449854 -11.449854 26.422743
10784 77.070651 -19.756056 19.756056
8416 42.349926 -42.349926 47.094291
8415 40.703432 -40.703432 47.047719
4038 8.357960 -8.357960 44.431389
10796 8.346917 -8.346917 43.386186
1032 16.332744 -16.332744 71.085766
4505 12.755509 -12.755509 76.295315
2338 53.812153 -16.239423 16.239423
2339 53.169313 -15.635829 15.635829
6155 11.042839 -11.042839 56.199611
4211 82.076180 17.923820 34.177985
4569 80.814623 19.185377 34.929062
8055 8.125640 8.125640 31.335451
5463 6.955156 6.955156 29.654743
5771 21.785658 -21.785658 63.721189
4710 21.658046 -21.658046 64.532661
482 46.427470 2.111892 2.111892
5363 46.244011 3.256559 3.256559
10721 38.686792 37.333919 37.333919
10123 39.788028 38.484493 38.484493
2035 95.633588 4.366412 52.749166
3960 94.433938 5.566062 50.688425
1193 60.729631 19.314348 19.314348
8893 11.538462 0.000000 100.000000
5224 66.844602 33.155398 39.065554
905 65.293562 -14.955282 14.955282
8259 27.524771 -27.524771 55.631986
6142 90.697382 -9.302618 47.568938
6143 90.889633 -9.110367 49.680109
1346 15.842499 -15.842499 81.816460
14064 76.562191 21.523741 21.523741
14065 77.081839 20.750704 20.750704
3420 21.829316 -21.829316 36.910727
3457 86.606227 -13.393773 29.591660
395 22.476057 -6.302330 6.302330
4260 24.397710 -6.966843 6.966843
2569 59.218464 38.383086 38.383086
1903 58.942155 37.153683 37.153683
13383 74.005489 -16.761096 83.238904
13382 75.142924 -16.526477 83.473523
3707 75.945948 -17.145444 82.854556
2737 73.938375 -17.718724 82.281276
933 15.164165 -15.164165 82.513668
2715 15.133006 -15.133006 82.521555
1310 72.134747 23.399515 76.600485
8955 69.841841 23.799522 76.200478
1095 15.560275 -15.560275 81.732782
9844 3.134760 -3.134760 62.941510
2181 9.148535 -9.148535 68.018826
7113 67.373269 -3.365991 96.634009
4630 77.386162 -2.231201 2.231201
2788 4.265767 -4.265767 66.183557
3286 3.715653 -3.715653 47.163486
10001 4.230542 -4.230542 47.134542
7851 3.967205 -3.967205 48.320991
7681 91.724446 8.275554 39.310253
13824 15.317082 -15.317082 83.356923
13828 15.337287 -15.337287 83.494908
2293 18.140604 -18.140604 28.282568
7680 92.048483 7.951517 42.079774
7682 90.613592 9.386408 40.948599
6375 53.803670 38.024716 61.975284
3975 15.253541 -15.253541 73.586071
4906 7.072713 1.716161 98.283839
2285 75.755668 -24.244332 47.340347
2813 50.082242 -39.839491 60.160509
3232 47.921141 -40.844823 59.155177
5095 52.810598 -4.243293 4.243293
5094 54.254644 -4.320676 4.320676
5153 67.274665 32.725335 54.210398
10388 68.933990 31.066010 56.266369
5329 11.271495 -11.271495 45.181532
9229 65.341653 34.658347 46.657510
1343 0.673712 -0.673712 5.876035
2017 93.805198 -3.910291 96.089709
5747 94.557346 -4.227973 95.772027
6956 6.564374 -6.564374 45.869394
2544 6.886222 -6.886222 44.652877
2543 7.106008 -7.106008 45.568404
5414 15.535382 -15.535382 81.662873
10171 83.404445 -11.877534 88.122466
4125 81.618367 -12.094228 87.905772
13999 81.549521 -13.246245 86.753755
8344 63.696402 -4.822393 95.177607
7911 12.352468 -12.352468 13.816166
7312 33.514066 20.254050 20.254050
3014 34.579820 19.539185 19.539185
8702 78.214773 -16.516987 16.516987
9118 76.781686 -16.669643 16.669643
10116 83.241676 -16.758324 27.985022
1930 86.177058 13.822942 83.264333
1243 86.627466 13.372534 82.188735
1242 85.209244 14.790756 81.071084
10173 90.861446 -9.138554 13.591190
667 49.038187 -30.897362 69.102638
3920 47.791952 -30.154565 69.845435
1775 8.705189 8.705189 19.553485
6769 88.805578 11.194422 79.955962
3565 82.211726 -17.788274 39.892995
10040 93.329072 -6.670928 33.349306
8168 93.631920 -6.368080 31.126323
4375 94.639069 -5.360931 32.904749
6677 73.360540 9.608548 9.608548
5356 93.544724 -6.455276 8.431523
2658 77.112480 -22.887520 35.163571
2693 80.422518 7.195445 92.804555
6801 66.844328 31.244227 31.244227
10476 8.213802 -8.213802 15.545037
10640 8.947011 -8.947011 14.804224
5251 9.321277 -9.321277 16.116451
1238 86.425023 13.574977 78.979134
3172 39.784233 -14.235561 14.235561
6787 39.306306 -13.477570 13.477570
1160 18.633120 -2.089211 2.089211
5523 16.801330 -1.082615 1.082615
4315 15.424319 -15.424319 66.435610
9544 15.736662 -15.736662 66.183125
10815 15.618774 -15.618774 66.645073
1656 46.831360 8.177603 91.822397
2731 74.741059 -5.234164 94.765836
6591 9.496117 -9.496117 37.301409
4416 9.224206 -9.224206 38.328690
1264 81.731100 -8.482942 91.517058
1612 97.272067 2.727933 70.923737
5034 42.814287 -11.471891 11.471891
7459 19.331385 -19.331385 23.461836
1557 5.979252 2.141944 97.858056
7649 47.964505 -36.190656 36.190656
11066 49.160297 -36.658796 36.658796
1162 48.407040 -37.371354 37.371354
3415 42.357801 8.463360 8.463360
10319 13.300615 -13.300615 45.768916
203 13.533947 -13.533947 44.777190
621 13.907257 -13.907257 45.551731
1444 99.364954 -0.635046 77.078011
1590 9.311455 -9.311455 13.582353
3684 10.552426 -10.552426 13.925409
2623 83.799327 16.200673 18.808197
13593 87.355965 -12.644035 21.046360
977 71.113605 -28.886395 54.399646
5503 6.792032 2.391912 97.608088
2640 68.232430 22.868602 22.868602
9077 11.224839 -11.224839 15.625176
9528 60.606061 -39.393939 60.606061
4990 62.295800 -37.704200 60.391519
4989 62.121212 -37.878788 62.121212
6485 71.894862 -9.239519 90.760481
7432 96.522208 -2.467916 2.467916
1395 12.413827 12.413827 25.831326
7874 8.523889 8.523889 25.962541
8614 23.652268 -23.652268 50.639093
9864 8.850701 -8.850701 49.955422
6208 51.130623 -27.941439 27.941439
4764 50.407549 -28.788582 28.788582
3285 3.968601 -3.968601 46.097065
8244 4.501058 -4.501058 46.032672
1799 16.182004 -16.182004 73.717059
7452 16.227103 -16.227103 74.203166
7513 15.812153 -15.812153 74.266506
2302 88.103391 -11.896609 49.635256
3277 10.477778 -10.477778 74.688124
5672 64.596222 -35.403778 47.811257
1121 63.834918 -36.165082 46.313679
6873 17.170736 1.861956 98.138044
8656 19.230769 0.000000 100.000000
8315 0.000000 0.000000 63.492063
3289 88.690755 -3.118900 3.118900
6835 14.671606 -14.671606 82.864984
6311 71.321984 23.052095 23.052095
93 73.182888 26.817112 44.663165
5892 36.495105 -31.184598 31.184598
5891 37.230747 -32.270142 32.270142
6781 32.801109 -9.617920 9.617920
5046 42.317871 29.305988 29.305988
7424 44.041387 29.142927 29.142927
978 72.612499 -27.387501 54.881668
1259 71.721974 -28.278026 52.923306
9072 23.633979 -23.633979 40.000273
6726 24.195247 -24.195247 40.997091
8176 26.943218 -26.943218 58.062336
8987 27.199121 -27.199121 59.095440
2553 37.959871 -23.365975 23.365975
534 67.346939 -32.653061 32.653061
6482 66.032238 -32.534992 32.534992
10760 9.148231 -9.148231 36.112835
9914 9.771636 -9.771636 36.477722
6626 54.688375 -12.023481 12.023481
1860 55.425172 -12.688203 12.688203
5535 24.860346 -24.860346 62.522905
10638 91.741688 -8.258312 61.417836
8549 7.735743 3.498520 96.501480
1877 48.643168 30.783034 30.783034
3774 77.388179 22.611821 61.564722
10727 29.707913 -11.845496 11.845496
3564 70.329054 -29.670946 36.756208
8299 61.721879 5.303859 5.303859
1726 62.374766 -18.828277 18.828277
6275 59.172546 -7.595828 7.595828
3638 47.888452 33.515261 33.515261
10281 74.913250 -25.086750 69.313439
9421 60.461429 -39.538571 49.419574
8596 48.518116 25.097070 25.097070
9707 47.868291 24.116181 24.116181
6784 40.820795 30.995573 30.995573
7569 74.333885 -25.666115 38.824153
5560 51.046814 -11.393354 11.393354
2204 51.350507 -10.705778 10.705778
8954 15.155293 -15.155293 82.437516
14066 75.393874 24.606126 32.474822
5662 3.308749 3.308749 34.712224
13743 16.143455 -16.143455 69.983947
13744 16.385495 -16.385495 69.616347
7831 45.038226 -11.213337 11.213337
4138 44.695882 -11.860515 11.860515
5611 21.668136 20.075397 20.075397
8200 74.376926 -6.599311 93.400689
6486 72.441058 -7.761551 92.238449
5718 70.113851 29.886149 64.068291
7875 68.478684 31.521316 63.779303
5716 69.783113 30.216887 65.289988
8759 77.954477 -4.421475 4.421475
7753 78.748640 -21.251360 27.300464
10580 32.499105 27.284633 27.284633
3635 3.368215 -3.368215 6.615784
3637 4.494394 -4.494394 8.037985
3806 13.303423 -13.303423 65.213650
3807 13.585067 -13.585067 64.624770
3769 13.684118 -13.684118 65.111695
6659 13.344139 -13.344139 67.845592
10473 9.737219 -9.737219 84.258407
2454 32.645505 -31.771350 31.771350
6043 32.155319 19.830884 19.830884
859 25.531915 25.531915 74.468085
13796 28.169318 22.022886 77.977114
13797 27.934342 23.871957 76.128043
3860 26.595745 26.595745 73.404255
13830 28.613751 24.051640 75.948360
536 79.537426 -16.532778 16.532778
2361 80.620594 -16.706498 16.706498
10230 14.926691 -14.926691 82.492141
9049 5.220666 5.220666 68.826022
8263 52.701393 16.566714 16.566714
3276 6.041955 2.623745 97.376255
1653 6.024943 2.650523 97.349477
4920 18.823015 -18.823015 68.493802
9669 36.363565 35.166116 35.166116
6039 36.363636 36.363636 36.363636
9611 37.519847 36.234361 36.234361
9477 72.582341 -24.700551 24.700551
6444 79.736184 -19.263734 19.263734
743 25.644853 25.644853 62.691847
4079 31.914894 31.914894 68.085106
311 5.776043 2.633859 97.366141
9026 9.980917 -9.980917 78.135781
9161 10.268657 -10.268657 77.220237
4100 14.434291 -14.434291 49.178049
2884 20.329322 -20.329322 74.543110
752 5.010094 -5.010094 52.731813
8808 43.601368 12.869889 12.869889
4707 59.990465 -36.270610 63.729390
5218 6.901402 -6.901402 41.741497
9455 6.488683 -6.488683 41.220381
2274 15.964273 1.041042 1.041042
1795 92.628704 -7.371296 84.507922
8225 89.716108 -10.283892 24.597066
6404 94.922166 5.077834 12.389487
9177 28.929184 -28.929184 64.774763
7933 10.945241 -10.945241 58.729337
6803 90.509950 -9.490050 60.839513
480 46.750029 0.864641 0.864641
2398 20.599276 -20.599276 38.525186
10604 7.878668 -7.878668 19.916052
10339 15.394643 -15.394643 82.137210
5849 15.428782 -15.428782 82.104811
2455 31.715633 -30.693216 30.693216
11118 89.707380 10.292620 70.618444
6753 14.740564 -14.740564 35.505836
3771 12.851005 -12.851005 39.052193
589 5.405096 3.057895 96.942105
13745 15.648912 -15.648912 71.106249
4995 15.080908 -15.080908 82.270160
8038 89.988582 10.011418 38.532470
10891 66.261861 -6.801434 6.801434
4485 64.905891 -7.359942 7.359942
9341 25.171389 -25.171389 40.913066
9073 24.645633 -24.645633 39.778326
3242 83.593299 16.406701 38.436626
5109 35.247421 -35.247421 62.293885
3884 15.464445 -15.464445 81.797921
3248 79.810634 20.189366 53.046743
4546 20.284503 -20.284503 73.945922
7366 19.724367 -19.724367 74.728484
2880 8.517776 -8.517776 76.239541
11078 12.927074 -2.335369 2.335369
8291 12.050770 -2.820591 2.820591
2574 96.911871 -3.088129 47.766377
9888 98.316912 -1.683088 48.346344
8364 37.883058 -0.486177 0.486177
8719 36.857160 -0.878337 0.878337
6140 89.882740 7.931379 7.931379
6139 90.697674 9.302326 9.302326
9416 52.410218 -24.397735 24.397735
9246 54.489992 -21.350321 21.350321
4959 53.519013 -21.743411 21.743411
4961 53.235291 -21.026695 21.026695
3669 21.184394 -21.184394 45.562973
8005 74.739147 25.260853 67.967207
2474 71.252348 -0.901644 0.901644
4080 71.280514 -1.820371 1.820371
5875 59.233563 -40.766437 47.779879
5498 14.321745 -14.321745 41.473201
5497 14.764922 -14.764922 40.720667
1218 11.282770 3.703520 96.296480
8143 65.944190 26.682819 26.682819
8460 67.523100 26.285863 26.285863
7914 66.326208 25.355225 25.355225
2097 36.402699 16.710938 16.710938
3444 35.076335 16.726535 16.726535
8566 15.758372 -15.758372 21.864228
7889 32.242961 22.292805 22.292805
7906 91.785324 -8.214676 69.212666
7528 92.959710 -7.040290 70.170488
8292 10.669914 -2.789163 2.789163
6806 63.865961 36.134039 50.539840
845 63.730902 36.269098 48.429661
10803 11.023588 11.023588 54.186814
5068 34.937157 20.892408 20.892408
10993 33.831948 21.439436 21.439436
1678 14.295298 -14.295298 72.519495
1676 14.416750 -14.416750 72.886300
2413 86.223533 -10.772364 10.772364
4283 64.621812 -15.697068 15.697068
903 63.879081 -15.080815 15.080815
9289 28.427312 25.269658 25.269658
3932 79.902735 -12.519824 12.519824
3506 13.461538 0.000000 100.000000
5820 6.380977 2.731275 97.268725
10382 6.423245 2.743802 97.256198
10115 6.407359 2.761088 97.238912
5917 78.203074 -0.848340 0.848340
1081 65.769714 -21.077355 21.077355
6238 93.023256 6.976744 6.976744
2173 23.878397 -3.318904 3.318904
9104 40.746400 -27.660805 27.660805
10266 39.712477 -27.974981 27.974981
7678 37.500000 -37.500000 62.500000
10574 1.948881 -1.948881 46.564024
10356 1.431188 -1.431188 46.608412
10478 1.648614 -1.648614 45.247578
914 63.364469 23.304273 23.304273
8818 16.672524 -16.672524 65.879514
10743 69.530951 -22.516507 77.483493
5571 69.764171 -30.235829 47.254585
3756 68.748923 -31.251077 48.241927
6342 65.517903 -0.795374 0.795374
8683 32.783418 -32.783418 59.573841
5396 91.873243 -8.126757 73.196140
5395 91.156823 -8.843177 70.653501
7907 92.392165 -7.607835 71.650992
10617 38.623756 -11.507458 11.507458
6648 0.000000 0.000000 42.857143
4248 42.145640 42.145640 46.281818
1450 42.894199 42.894199 47.861878
4402 3.505193 3.505193 66.793886
3284 3.556795 -3.556795 46.193802
7884 89.859444 -10.140556 46.798992
6141 89.906893 -10.093107 48.446058
8713 89.043979 -10.956021 47.102214
1898 79.504817 -20.495183 68.422608
1939 49.094291 26.267808 26.267808
7966 93.603289 -6.396711 16.692331
215 25.865175 -8.431227 8.431227
6518 78.907170 -21.092830 29.114269
7709 74.404385 18.770242 81.229758
7708 73.288483 21.218699 78.781301
3804 72.103251 19.344899 80.655101
9396 17.717968 -17.717968 79.975027
676 47.210972 -37.033832 37.033832
9755 64.023375 22.175099 22.175099
2403 46.133520 -43.507349 43.507349
10742 45.476411 -42.069788 42.069788
654 67.001435 -32.998565 57.979942
9785 63.408023 4.915233 4.915233
1531 18.979046 -18.979046 29.929842
2706 94.680953 5.319047 63.376879
3770 73.420741 -26.579259 65.241274
5997 74.244001 -25.755999 64.181606
9272 39.902711 30.047284 69.952716
2919 82.162282 17.837718 67.576455
1538 83.628935 16.371065 69.398769
2522 16.032487 -16.032487 62.802621
8848 16.325433 -16.325433 63.014937
3116 5.455180 -5.455180 44.672833
594 24.225812 6.318231 93.681769
1499 6.450703 -6.450703 76.482820
8170 85.634595 -14.365405 17.785482
2779 48.610011 -14.522421 14.522421
10956 47.362780 -14.234569 14.234569
4580 1.509518 -1.509518 41.578814
6954 4.845983 -4.845983 59.167582
4574 4.555027 -4.555027 63.686046
7284 79.195943 20.804057 26.128607
9527 26.875834 -26.875834 50.110936
10786 19.912268 -19.912268 39.272249
7423 45.317453 28.464130 28.464130
1587 14.284770 -14.284770 62.808813
10422 14.548937 -14.548937 62.157429
6322 64.604846 12.301428 12.301428
4368 66.033950 11.742610 11.742610
10479 1.152721 -1.152721 45.302565
5276 8.046947 8.046947 59.786748
7784 69.582276 -18.589590 18.589590
2188 68.620786 -18.134936 18.134936
927 7.532698 -7.532698 31.393033
928 6.672912 -6.672912 31.359100
4695 72.884282 -2.103215 2.103215
4694 72.634939 -1.401623 1.401623
6881 74.450808 -1.451292 1.451292
10564 97.071740 2.928260 10.414223
1751 56.340588 -35.432649 35.432649
6737 56.538880 -36.473931 36.473931
966 23.609798 23.609798 39.205448
3650 25.428467 25.428467 40.549139
614 40.449205 18.997572 18.997572
7244 15.227088 -15.227088 82.448861
4324 69.076719 10.588916 10.588916
7912 11.554860 -11.554860 14.308156
3507 15.384615 0.000000 100.000000
3841 5.616270 3.858091 96.141909
3729 25.751346 -25.751346 39.591452
8202 52.027846 -30.429607 30.429607
1861 52.256740 -31.510820 31.510820
453 38.850009 33.700321 33.700321
454 37.793546 32.681540 32.681540
10434 68.921311 9.250765 9.250765
3946 30.094232 -30.094232 48.287710
9478 71.710118 -24.165219 24.165219
9714 9.776271 -9.776271 88.622976
2836 68.667974 31.332026 62.102590
4142 60.031508 8.758158 8.758158
44 28.128313 18.164736 18.164736
6135 27.226117 19.008026 19.008026
587 30.566384 4.001096 4.001096
4770 92.772641 -7.227359 24.691263
5600 8.958048 -8.958048 54.368892
2838 1.923077 0.000000 100.000000
3377 3.846154 0.000000 100.000000
2578 3.995151 0.337681 99.662319
3114 40.872122 -12.553239 12.553239
1128 96.177272 -3.822728 59.970361
1981 17.794429 7.379675 7.379675
733 13.528662 4.397217 4.397217
7349 12.325930 3.520602 3.520602
7495 11.561748 4.378007 4.378007
644 5.849454 -5.849454 69.235790
3755 40.831550 -16.058333 16.058333
503 40.887297 -15.442269 15.442269
7679 39.522332 -35.841374 64.158626
7128 25.464621 25.464621 28.991870
6816 55.982348 -7.455023 92.544977
4767 75.122507 -3.861260 96.138740
180 91.899706 -8.100294 16.096632
69 92.469768 -7.530232 16.544324
9358 91.854665 -8.145335 17.410417
10498 77.907531 -22.092469 51.550405
10209 14.355940 -14.355940 70.952504
10676 56.136048 27.353220 72.646780
1151 53.803551 27.272469 72.727531
1248 56.319646 24.961514 75.038486
4541 25.942095 25.942095 33.443807
9299 51.162791 48.837209 48.837209
13579 87.841049 -12.158951 18.278705
13595 88.112610 -11.887390 17.647826
413 95.702570 -4.297430 28.817929
791 18.251297 18.251297 67.289188
14123 50.866742 47.236301 52.763699
5083 44.358056 -27.588782 27.588782
1145 8.300874 -7.083518 7.083518
7085 25.428937 -25.428937 37.269739
10092 26.296955 -26.296955 36.586258
10833 26.176716 -26.176716 38.088218
3347 52.125078 45.883611 45.883611
7794 8.965932 -8.965932 84.419187
5863 4.846320 -4.846320 41.012681
602 4.232876 -4.232876 41.076467
3115 49.925617 -38.856709 38.856709
219 51.020408 -48.979592 48.979592
7554 49.705776 -48.480680 48.480680
358 86.273632 -13.726368 62.594468
359 87.365303 -12.634697 64.064654
349 86.445193 -13.554807 64.544895
4250 41.113032 -33.629288 33.629288
3634 40.258445 -32.284729 32.284729
1441 15.605284 -15.605284 82.007221
2288 15.604027 -15.604027 81.935456
9052 6.199214 -6.199214 44.415426
6957 7.087285 -7.087285 46.545481
10699 81.850791 -18.149209 76.334723
7471 29.958263 29.958263 44.149844
7010 52.129835 -39.672129 60.327871
88 50.916597 8.225203 8.225203
629 49.147826 7.955598 7.955598
86 49.703405 9.406101 9.406101
8538 63.079979 -12.348314 12.348314
8536 92.523601 7.476399 14.317377
3981 15.316292 -15.316292 65.716902
4093 14.983649 -14.983649 66.008988
5487 15.099960 -15.099960 65.497472
1875 60.542774 -39.457226 43.918945
1874 61.723895 -38.276105 43.388036
2209 5.769231 0.000000 100.000000
2327 97.181974 -2.818026 40.002199
8340 6.501936 2.884827 97.115173
5018 6.533169 2.882999 97.117001
8023 14.644469 -14.644469 45.407064
7713 15.387711 -15.387711 45.857519
8625 84.947861 12.072793 87.927207
3713 46.631330 -31.664748 68.335252
5655 16.941599 -16.941599 67.673445
4388 95.681046 -4.318954 48.684240
4733 74.587754 10.085737 89.914263
4731 75.923605 12.485900 87.514100
4732 73.186226 13.465587 86.534413
5043 80.238241 19.761759 48.374329
3465 43.303984 -39.852123 39.852123
1601 4.566910 -4.566910 53.766831
4904 90.478508 -9.521492 77.295895
4905 89.257184 -10.742816 75.189405
1070 62.664086 -19.965124 19.965124
8410 4.690250 -4.690250 55.008568
1599 4.119051 -4.119051 54.877732
5139 15.733820 -15.733820 64.913806
3980 15.647233 -15.647233 65.421305
1987 66.239785 -32.091138 67.908862
429 31.621365 14.224946 14.224946
8226 90.518043 -9.481957 25.101582
8856 13.832371 -13.832371 53.088844
8501 48.981856 -9.255740 9.255740
4791 48.592940 40.637317 59.362683
4792 51.387104 40.086168 59.913832
10199 3.315139 3.315139 64.806089
7268 6.595690 6.595690 65.983819
8763 64.186040 -11.649597 11.649597
3156 92.372567 -7.627433 17.710641
47 0.000000 0.000000 84.126984
2189 68.317014 -18.957424 18.957424
8293 14.907368 -14.907368 70.968141
2208 15.098832 -15.098832 70.347102
2207 15.239958 -15.239958 70.692889
5734 98.685847 -1.314153 22.135986
5478 98.807592 -1.192408 20.250535
6856 99.356158 -0.643842 21.252482
10297 93.429182 -6.570818 58.757331
507 1.177529 -1.177529 60.225492
10485 46.484286 -14.714169 14.714169
11058 27.200812 -27.200812 35.875309
8229 27.551847 -27.551847 34.561817
8552 39.986962 11.704403 11.704403
8067 96.233317 -3.766683 41.663872
5360 31.364979 -31.364979 48.291688
2400 85.046661 14.953339 69.190618
8201 24.979992 -13.633985 13.633985
10926 33.165558 30.591068 30.591068
6937 25.908503 -14.048078 14.048078
13388 76.197477 -18.011360 81.988640
1559 51.257262 -29.705222 29.705222
4721 47.872340 47.872340 52.127660
14124 49.618794 48.785461 51.214539
90 48.936170 48.936170 51.063830
6246 43.447887 -31.992635 31.992635
804 0.000000 0.000000 80.952381
3539 0.639729 -0.639729 80.363220
1222 0.000000 0.000000 82.539683
8991 15.298291 -15.298291 82.261014
1286 15.342889 -15.342889 82.134009
13780 15.799655 14.502908 14.502908
7351 32.116047 -27.598550 72.401450
5609 34.566845 -25.311677 74.688323
2616 13.838548 -13.838548 64.144340
3955 14.174793 -14.174793 63.971486
1571 81.632991 -18.367009 41.429594
10663 81.325071 -18.674929 43.140024
13596 15.426914 -15.426914 82.354002
5713 66.222940 -17.664164 17.664164
7600 66.521306 -18.467315 18.467315
1675 81.647993 18.352007 44.801350
1451 42.911729 42.911729 49.687249
1452 44.011229 44.011229 48.656262
5456 62.851699 6.159558 6.159558
8119 24.080674 -24.080674 45.471789
1225 24.997782 -24.997782 45.023708
14168 51.128171 48.493968 48.493968
3550 21.586273 21.586273 65.332841
2054 17.080690 -17.080690 74.907799
14111 6.499794 6.499794 84.231479
8001 73.984753 26.015247 27.983062
10020 89.508684 -8.100809 91.899191
609 100.000000 0.000000 5.000000
7376 56.173778 30.084303 30.084303
8896 81.567051 18.432949 20.920350
9993 80.232558 19.767442 19.767442
8897 80.416215 19.583785 22.199080
10788 15.825078 -15.825078 32.505746
10747 75.401391 24.598609 40.612723
9143 75.144167 24.855833 38.419401
3777 25.334341 -0.749879 0.749879
9617 14.423077 -14.423077 85.576923
13389 41.989123 -19.158634 80.841366
2390 81.269605 -6.397337 6.397337
1137 91.208798 -8.791202 18.309584
5292 59.921744 -8.166459 91.833541
10556 69.663658 14.746208 14.746208
1047 6.098263 -5.030847 5.030847
1229 8.985738 3.186036 96.813964
2190 67.598922 -18.513439 18.513439
2524 15.719133 -15.719133 62.629539
6037 36.404153 -26.051940 26.051940
390 19.152700 -19.152700 62.155811
1640 15.330036 -15.330036 82.191040
11153 17.111242 -9.623813 9.623813
6910 16.791814 -8.525496 8.525496
2982 81.873386 -15.495254 84.504746
10161 83.982260 -13.256547 86.743453
4523 81.601719 -14.307673 85.692327
11120 72.812958 16.836856 83.163144
9039 17.324855 -11.230043 11.230043
4267 5.542957 -5.542957 75.607137
3170 15.343239 -15.343239 82.189288
13892 15.276563 -15.276563 82.368014
7958 18.530612 -8.501806 8.501806
11152 17.777020 -10.596652 10.596652
4251 13.519754 -8.059333 8.059333
6359 14.580045 -7.458174 7.458174
1440 7.296172 3.590480 96.409520
8475 7.041173 3.468145 96.531855
2744 23.557144 -23.557144 69.195432
6200 15.329731 -15.329731 82.176148
309 12.446353 -11.471402 11.471402
2877 58.111688 8.718568 91.281432
10603 43.997038 -22.918811 22.918811
506 68.676087 17.915821 17.915821
4722 58.591655 24.898128 24.898128
1738 84.625955 4.450234 4.450234
11062 15.223070 -15.223070 81.917695
8046 15.121021 -15.121021 82.029476
6731 13.032018 -13.032018 54.865766
6557 5.583808 -5.583808 55.445611
2603 35.651272 16.014561 16.014561
10697 7.201568 3.435502 96.564498
4557 14.649988 -14.649988 72.316401
4558 14.739935 -14.739935 72.646933
321 39.560791 -2.961942 2.961942
6804 89.320511 -10.679489 60.347783
6618 43.420657 4.228270 4.228270
755 11.938198 -11.938198 36.057175
6253 83.517777 -16.482223 36.628011
6431 41.854071 -14.392828 14.392828
3294 7.096086 -7.096086 42.621833
7100 99.266820 -0.733180 31.524690
3048 55.880087 -40.371948 40.371948
14104 4.627220 4.627220 93.044237
6730 12.471698 -12.471698 54.660561
9234 85.735650 -7.427168 7.427168
1721 70.242757 -29.757243 41.703681
8737 1.615094 -1.615094 52.516218
9220 77.432842 -22.567158 45.232964
9645 14.179331 14.179331 49.381692
6067 11.725401 11.725401 48.599422
2792 76.904946 15.326706 15.326706
13537 77.299148 15.750907 15.750907
13534 77.750803 15.237304 15.237304
2921 59.286227 -38.158352 38.158352
7623 55.269651 22.287377 22.287377
10646 38.115589 28.123600 28.123600
5786 6.665957 2.968393 97.031607
9321 87.499342 -12.500658 66.128072
3919 44.918249 -31.477713 68.522287
8223 4.159448 3.221675 96.778325
2981 59.182346 20.795337 20.795337
1192 59.357426 19.628275 19.628275
8026 27.595742 -27.595742 46.484489
6428 2.453152 -0.988843 0.988843
2665 16.351902 -16.351902 67.530058
10624 5.873193 2.531817 97.468183
10349 65.498353 -13.308846 13.308846
1794 83.281115 -16.718885 77.549254
4621 8.835808 -8.835808 57.724809
9386 73.960710 26.039290 52.131106
8806 50.056753 -7.328437 7.328437
3673 48.688806 -6.966956 6.966956
13390 71.001246 -18.427512 81.572488
9578 72.565661 -17.476126 82.523874
13391 71.739096 -18.628691 81.371309
4780 86.341364 -13.658636 18.918415
9426 85.106430 -14.893570 19.624228
4902 40.089865 13.500734 86.499266
9401 31.433334 5.978773 94.021227
3146 2.709959 0.684459 99.315541
2839 3.816433 0.640253 99.359747
6291 4.180001 1.088187 98.911813
2654 80.381404 19.618596 77.514696
5676 78.255739 -6.395271 6.395271
4205 74.627454 -25.372546 46.195634
4204 75.653309 -24.346691 45.517493
770 15.340554 -15.340554 76.553327
5136 8.519495 -8.519495 90.093994
8750 17.351696 -17.351696 44.438869
3542 9.891737 -9.891737 82.878216
9840 9.576573 -9.576573 82.118938
4404 10.433181 -10.433181 81.321605
9350 48.955296 -34.424658 34.424658
7852 4.530179 -4.530179 48.137798
6227 11.576248 -11.576248 68.684816
3782 34.336395 -27.489005 27.489005
3865 34.615385 -34.615385 65.384615
3867 34.385156 -34.385156 64.542308
4319 80.459844 -19.540156 56.235948
4320 81.118497 -18.881503 58.150826
4318 79.833135 -20.166865 57.525181
7042 82.095595 17.904405 74.464759
2755 83.316315 16.683685 24.195373
4304 4.981539 -4.981539 75.398855
2649 2.127660 2.127660 97.872340
14113 1.349296 1.349296 96.694046
14114 1.068975 1.068975 97.298639
14117 1.707650 1.707650 96.121294
10838 6.295077 3.207523 3.207523
11133 5.919745 2.028127 2.028127
6894 24.520926 24.520926 50.317605
10734 26.644544 26.644544 51.739495
8940 16.548605 -16.548605 77.480127
10938 2.925058 -2.925058 15.844270
1367 70.670639 29.329361 40.424047
600 13.145059 -13.145059 79.147104
4588 4.541174 -4.541174 68.784250
6811 11.858939 -11.858939 24.946662
9327 85.424597 -3.349332 3.349332
1931 84.735963 15.264037 82.085005
3056 82.596988 -17.403012 48.788785
557 83.808710 -16.191290 50.110810
1722 70.087161 -29.912839 39.853239
8612 93.303642 6.696358 38.896187
9336 88.993076 -11.006924 49.042973
14139 1.794872 -0.320513 99.679487
3596 6.621612 4.342157 4.342157
998 86.538462 0.000000 100.000000
3879 8.911205 4.387407 4.387407
8503 37.914654 -24.017802 24.017802
3937 19.110000 -13.322668 13.322668
5553 85.290863 14.709137 73.574851
2399 85.061606 14.938394 71.357333
1539 83.764332 16.235668 71.435424
2122 10.803664 3.175990 3.175990
9508 9.955203 3.793549 3.793549
13718 14.772727 14.772727 14.772727
14089 0.889357 0.889357 1.380699
10920 82.797554 12.002620 12.002620
3281 13.213907 -13.213907 29.772453
5178 63.737102 -34.231571 65.768429
2414 18.198902 -18.198902 65.228487
7303 6.442247 2.864253 97.135747
3099 18.059584 -18.059584 45.757944
8215 56.738667 -17.586165 17.586165
6102 48.783503 -45.874619 45.874619
9012 20.084960 -20.084960 49.315311
855 83.815349 16.184651 73.445174
6608 17.759557 1.148768 1.148768
704 8.009551 -8.009551 76.143011
6821 30.446649 9.988399 9.988399
6686 4.836507 -4.836507 93.757746
3578 5.856559 -5.856559 91.432669
3577 5.887586 -5.887586 92.827396
13392 6.182060 1.792233 98.207767
1709 8.215188 -8.215188 72.588118
4804 66.464756 17.176551 17.176551
3890 68.004799 17.056612 17.056612
2445 53.081895 -22.405225 22.405225
6059 60.353423 -1.598858 1.598858
3003 45.774144 27.297817 27.297817
2132 46.849821 28.652045 28.652045
10746 41.058730 41.058730 54.623098
13393 70.088715 -16.728205 83.271795
3128 89.243908 -7.005039 7.005039
2639 8.824943 7.877373 7.877373
4169 19.244546 -19.244546 20.786923
2287 15.521733 -15.521733 82.012726
7353 32.854403 -28.624671 71.375329
14127 99.344051 0.655949 1.734783
1661 98.837209 1.162791 1.162791
5683 14.984753 -14.984753 82.544059
9208 46.296296 0.000000 0.000000
5795 52.806706 -7.368036 7.368036
8589 11.462722 -11.462722 84.084355
3898 11.929455 -11.929455 84.097786
2195 12.903548 -12.903548 33.303225
481 44.660727 1.177247 1.177247
10675 87.755102 -12.244898 12.244898
1700 88.194180 -11.805820 12.956616
13276 15.281802 -15.281802 82.334303
13325 15.284203 -15.284203 82.328036
13801 15.286173 -15.286173 82.330241
10828 51.210494 -46.838374 53.161626
7826 38.009432 -9.404288 9.404288
6620 73.041394 -20.964286 20.964286
9476 11.532309 11.532309 35.816071
9433 14.840489 14.840489 35.344359
3758 1.945206 -1.945206 20.916623
10973 34.435925 12.080860 12.080860
7301 92.912220 -7.087780 29.610193
8179 87.315716 -12.684284 22.989602
10377 4.700556 -4.700556 47.055239
10369 11.954095 -11.954095 62.623942
10346 14.877077 6.491598 6.491598
4379 16.306322 7.249252 7.249252
9531 47.852068 -23.585370 23.585370
5877 13.591918 8.132318 8.132318
2003 27.659574 27.659574 72.340426
1912 70.307029 3.814945 96.185055
10482 15.253934 4.336724 4.336724
6511 14.988015 -14.988015 73.261885
2915 85.068861 -14.931139 45.701807
2913 85.493265 -14.506735 44.333317
5252 9.957084 -9.957084 15.121358
9943 46.120661 -14.027641 14.027641
13969 8.990094 3.530963 3.530963
7213 4.938445 3.594433 96.405567
999 87.648261 2.447466 97.552534
1000 85.790009 2.413999 97.586001
4208 96.563296 3.436704 46.217846
3697 1.046730 -1.046730 62.820996
3893 1.371955 -1.371955 61.309983
11155 31.713827 10.465751 10.465751
13970 10.242907 4.357856 4.357856
7947 50.832761 41.875683 41.875683
4895 32.652475 9.944740 9.944740
5117 80.740594 14.885439 14.885439
9644 63.333333 36.666667 63.333333
2931 62.217801 35.358517 64.641483
10273 89.411658 10.588342 57.563824
2363 82.054075 -16.364403 16.364403
10005 61.207498 28.798793 28.798793
10664 59.545096 28.231844 28.231844
1379 0.732734 -0.732734 85.462958
2887 13.054816 -13.054816 74.840684
9089 39.560505 39.560505 57.667685
7451 38.572175 38.572175 58.672030
8015 40.425532 40.425532 59.574468
5990 65.376254 27.881068 27.881068
9109 63.599552 -4.815139 4.815139
2592 17.382897 17.382897 31.338368
1475 68.367347 -31.632653 31.632653
3601 12.829187 -12.829187 74.633814
1990 60.656199 39.343801 45.290703
747 9.304447 -9.304447 66.890981
2565 8.128657 -8.128657 89.419934
2114 25.945007 9.383129 9.383129
2113 27.615828 9.470361 9.470361
11123 26.566443 8.242995 8.242995
1634 49.260803 10.880093 10.880093
8233 15.441683 -15.441683 40.992557
4567 54.982112 30.163512 30.163512
8208 96.875100 3.124900 92.029985
7707 75.718835 21.083429 78.916571
9992 83.333333 -16.666667 83.333333
13418 81.818182 -18.181818 81.818182
13394 82.378624 -17.621376 81.418389
13423 83.176384 -16.823616 80.633327
13424 82.874441 -17.125559 81.021500
9270 20.605791 6.284987 6.284987
9516 9.102973 -9.102973 34.733710
2541 15.819915 -15.819915 82.061386
10929 6.464045 1.905256 98.094744
13395 6.223176 1.879365 98.120635
2984 81.831416 -17.023460 82.976540
7913 83.953534 -14.910623 85.089377
6994 23.864410 -15.686453 15.686453
6996 23.929126 -15.301489 15.301489
2546 16.009831 -16.009831 41.217143
3921 26.963451 2.367240 2.367240
10047 27.299003 1.045733 1.045733
1689 13.891563 -13.891563 29.327102
1657 44.730361 11.781414 88.218586
31 44.756969 14.062448 85.937552
8483 23.286177 -15.716173 15.716173
5594 1.029849 -1.029849 86.283253
5705 91.143640 8.856360 77.215515
1274 94.859511 5.140489 14.929447
1697 61.544772 -11.207428 11.207428
8827 62.783505 -11.514144 11.514144
4030 31.742784 -13.290067 13.290067
3132 87.597135 -6.983527 6.983527
1517 16.242939 -16.242939 80.578642
2793 78.858850 15.007316 15.007316
1611 41.398416 -22.596773 22.596773
7547 15.444145 -15.444145 71.077769
13228 15.178950 -15.178950 71.150911
13746 15.362043 -15.362043 70.856455
13747 15.549624 -15.549624 70.758895
2904 22.465709 -22.465709 65.393119
3527 21.898973 -21.898973 65.814932
2902 22.126481 -22.126481 64.945499
8668 53.492741 30.057411 30.057411
7488 35.227273 35.227273 35.227273
6040 33.523828 33.523828 37.098684
3840 6.085395 4.352113 95.647887
2303 24.744528 5.361349 5.361349
2415 17.943753 -17.943753 65.087375
63 18.724037 -18.724037 71.154659
6907 18.791042 -18.791042 71.639180
8295 31.906971 -31.906971 54.915145
7866 6.356938 2.675663 97.324337
8265 65.937218 34.062782 36.931722
8778 12.290097 12.290097 71.743745
1811 15.311629 15.311629 72.589030
9198 56.413235 -2.171200 2.171200
2227 33.367274 -33.367274 39.401197
5269 60.031748 -33.939995 33.939995
8474 59.175408 -33.367091 33.367091
8555 60.048546 -32.845227 32.845227
7670 10.773218 -10.773218 24.947668
6866 11.112706 -11.112706 23.606500
9393 57.133120 -42.866880 44.784786
1086 43.526031 -4.931526 4.931526
3591 68.841543 15.916627 15.916627
4209 79.599487 18.754936 18.754936
9051 5.688007 -5.688007 43.280085
9058 5.265368 -5.265368 42.133649
8686 43.938452 -13.094820 13.094820
5568 41.902039 -2.447907 2.447907
10096 43.185000 -3.214041 3.214041
1494 45.042510 33.315887 33.315887
9000 7.291430 -7.291430 43.735100
1710 8.330168 -8.330168 71.624416
9431 28.715607 -28.715607 63.288871
277 15.159380 15.159380 61.878668
2379 12.484355 12.484355 62.239558
6402 96.012059 3.987941 11.369572
2983 80.120162 -17.387106 82.612894
4522 79.751226 -16.086118 83.913882
7660 3.011725 3.011725 29.880154
7734 15.953373 -15.953373 81.889960
4110 97.308426 -2.691574 19.964254
43 26.468649 17.545658 17.545658
2120 74.074074 0.000000 0.000000
2692 80.990873 3.671399 96.328601
4918 16.700887 -16.700887 80.148989
7391 17.202383 -17.202383 79.996748
4189 82.316633 -17.683367 44.676835
8665 61.327262 -30.446525 30.446525
8667 60.593213 -31.068081 31.068081
1515 16.432439 -16.432439 80.623139
4759 100.000000 0.000000 100.000000
2367 47.431559 47.431559 49.526757
1995 67.025991 -31.498515 31.498515
6594 12.771742 -12.771742 66.410517
6595 13.024629 -13.024629 65.850871
7387 15.275748 -15.275748 82.439705
13889 15.255805 -15.255805 82.460036
13871 15.255433 -15.255433 82.451656
649 6.470798 2.812835 97.187165
10642 6.443747 2.787808 97.212192
650 6.487226 2.796789 97.203211
5403 31.160160 -31.160160 35.289302
8086 13.638540 -13.638540 67.516135
8087 13.966266 -13.966266 67.152727
6883 95.257302 -4.742698 76.202009
5708 9.759661 -9.759661 34.041834
7294 86.805433 13.194567 56.724724
10853 85.234558 14.765442 56.606861
1581 44.308159 -18.100087 18.100087
5145 92.696441 -7.303559 9.959367
5146 92.238438 -7.761562 11.572692
7945 24.774873 -10.757665 10.757665
7585 26.165718 -11.226948 11.226948
7003 53.194717 -33.268402 66.731598
751 5.091283 -5.091283 53.957245
3335 5.175892 -5.175892 54.977510
6469 96.273109 -3.726891 52.661725
5555 96.615797 -3.384203 50.535519
4419 77.993182 22.006818 32.733226
330 8.454957 8.454957 77.622179
1603 11.091418 11.091418 77.248065
7486 48.037664 23.067419 23.067419
10471 4.932149 -4.932149 37.689548
13833 31.645214 28.736444 71.263556
1294 74.925161 -2.985433 2.985433
1224 25.468884 -25.468884 46.089378
8348 82.124114 -8.428837 8.428837
9308 52.162475 -39.575865 39.575865
10852 21.590909 21.590909 21.590909
5937 22.727273 22.727273 22.727273
8607 58.949012 -8.376206 8.376206
5687 74.176091 22.441482 22.441482
183 62.523749 36.040224 36.040224
181 63.953488 36.046512 36.046512
7381 14.883267 -14.883267 66.539752
4550 14.822184 -14.822184 67.051781
9983 14.555713 -14.555713 66.909319
6454 81.729369 -18.270631 50.117482
7056 15.119720 -15.119720 82.366133
9356 5.024597 -5.024597 68.412582
1960 22.380696 15.728896 15.728896
7508 95.314728 -4.685272 80.269305
5453 2.302282 2.302282 50.380620
2637 11.165550 8.994856 8.994856
13734 9.951654 8.417155 8.417155
13732 9.889725 8.773643 8.773643
13727 9.926399 8.022747 8.022747
3134 51.923077 0.000000 100.000000
6323 65.870608 12.943094 12.943094
2471 62.232643 37.767357 48.823148
2304 26.087136 4.597275 4.597275
5835 26.613027 5.943519 5.943519
4565 27.814204 5.247999 5.247999
5175 13.141552 -13.141552 48.039531
3309 19.690549 -19.690549 52.476459
8590 44.323819 14.053343 14.053343
8895 8.156308 8.156308 35.981818
8698 2.047576 -2.047576 52.927942
3856 21.254051 21.254051 28.594198
3855 19.550173 19.550173 27.787251
6118 8.580784 2.904287 97.095713
10661 45.211831 18.885669 81.114331
1519 69.456254 -7.808747 7.808747
1520 70.910636 -7.232326 7.232326
5054 61.627907 38.372093 38.372093
13396 45.788075 -18.389939 81.610061
3185 71.594165 -28.405835 49.658798
807 39.219359 -39.219359 44.232970
3521 5.725888 3.132922 96.867078
9591 54.247778 18.152511 18.152511
7612 16.119701 -16.119701 66.893658
5212 15.838839 -15.838839 66.799947
10181 8.629315 -8.629315 29.568482
10182 8.572599 -8.572599 28.133114
5578 9.513192 -9.513192 28.797569
3480 18.703584 -18.703584 63.207381
3459 15.399874 -15.399874 61.988724
2667 63.299573 -1.849488 98.150512
6931 65.384615 0.000000 100.000000
4763 48.691272 -28.699083 28.699083
8524 69.567836 -30.432164 32.402660
1358 66.521723 22.603054 22.603054
5031 65.511921 21.779216 21.779216
850 41.055573 36.456474 63.543526
6209 16.572541 -16.572541 29.872094
2292 16.936675 -16.936675 28.385825
2294 17.683658 -17.683658 29.800418
388 64.056408 35.943592 58.393807
3381 2.693479 -2.693479 80.945949
3922 27.432574 3.892771 3.892771
10686 2.157532 -2.157532 80.681858
3923 49.215162 16.973639 16.973639
9526 38.888889 0.000000 0.000000
2663 16.417669 -16.417669 67.016652
4459 16.069485 -16.069485 67.418590
449 77.580182 22.419818 27.240938
14068 76.468730 23.531270 28.227897
14069 76.608133 23.391867 25.780761
14077 76.559157 23.440843 27.021884
7677 36.538462 -36.538462 63.461538
9176 37.681060 -4.596748 4.596748
1231 8.404303 3.093561 96.906439
10321 15.401402 -15.401402 34.810561
3108 45.680713 -27.225770 27.225770
9487 95.440826 -4.559174 19.735098
1276 95.914219 4.085781 13.809617
1275 95.933008 4.066992 16.286361
5564 75.661615 -24.338385 65.005472
8545 8.573557 -8.573557 74.458242
2917 8.632210 -8.632210 73.581451
9084 25.853824 -25.853824 71.171477
1547 26.056425 -26.056425 69.960842
9938 26.984310 -26.984310 70.308420
10246 64.056708 -16.432018 16.432018
8594 99.231358 0.768642 12.811404
10057 100.000000 0.000000 12.500000
4361 22.240049 -22.240049 62.909765
2937 86.558218 -13.441782 48.817133
10900 62.673475 -6.356975 6.356975
8035 5.903009 -5.903009 60.581948
9171 36.320069 -4.994755 4.994755
5548 36.566335 -5.818863 5.818863
9385 20.323360 -20.323360 63.283606
3632 17.776219 -17.776219 69.387342
3633 18.136889 -18.136889 69.262935
1694 80.769231 0.000000 100.000000
176 78.846154 0.000000 100.000000
9452 25.290525 -25.290525 43.643408
2366 82.708775 -17.291225 41.676436
9322 82.232132 -17.767868 42.870366
447 75.579583 24.420417 26.837938
4532 9.666333 9.666333 21.320593
10290 46.841916 37.070207 37.070207
8705 48.231339 37.615545 37.615545
5964 12.108508 -12.108508 46.689875
6093 53.035915 -14.235640 14.235640
8816 74.052073 -6.824070 6.824070
8814 74.969198 -7.486916 7.486916
8144 3.409091 3.409091 3.409091
14092 1.633048 1.633048 2.996721
14090 1.494728 1.494728 3.739492
5620 67.966753 -8.266752 8.266752
6829 10.324397 -10.324397 70.099771
7080 11.502343 -11.502343 62.373499
13782 14.756167 12.982188 12.982188
13781 15.339416 13.496074 13.496074
913 18.009999 -18.009999 66.534919
895 71.428571 -28.571429 28.571429
9996 62.075410 21.340652 21.340652
8274 27.261703 27.261703 41.768095
9901 86.393604 13.606396 20.802997
7648 34.042553 34.042553 65.957447
2228 53.220419 38.868467 38.868467
7606 52.407637 37.495170 37.495170
1223 12.765957 12.765957 87.234043
132 14.128354 12.205471 87.794529
1306 19.961105 -19.961105 64.240357
7354 84.457274 -15.542726 41.330045
6746 85.530563 -14.469437 40.479985
9361 6.118564 -6.118564 65.313118
10739 5.509773 -5.509773 66.388861
641 35.197638 -2.815435 2.815435
3950 15.373305 -15.373305 81.217082
9839 15.253154 -15.253154 81.002344
9555 15.623368 -15.623368 80.804779
9248 59.623046 -28.540640 71.459360
7842 1.117128 -1.117128 76.282139
2631 59.961001 -31.206633 68.793367
5469 41.883259 -33.020204 66.979796
382 88.909277 -11.090723 22.262431
4696 97.325110 -2.674890 18.319983
1765 68.491043 -25.344067 25.344067
1194 15.228430 3.114177 96.885823
10087 60.877748 -24.910413 24.910413
3615 27.321743 -27.321743 29.777468
3206 30.389818 -30.389818 56.672363
2625 30.408939 -30.408939 45.891292
2624 30.484143 -30.484143 44.577093
7449 65.213994 -30.064467 30.064467
6489 4.856016 4.856016 50.003391
2116 32.638493 -20.587754 79.412246
8222 18.196953 -18.196953 80.470922
6318 89.360722 10.639278 66.652451
9653 45.596153 36.901948 36.901948
4383 91.435659 -8.564341 46.316844
4381 90.346197 -9.653803 45.565725
7497 81.666667 18.333333 81.666667
14071 77.044140 20.342074 20.342074
3819 88.671566 8.721413 8.721413
7599 71.547196 -13.947606 13.947606
840 74.868900 -9.235351 9.235351
2372 74.807920 -25.192080 29.809053
3914 74.668645 -25.331355 32.297518
10759 80.436042 -3.035387 3.035387
5759 80.009317 -3.887302 3.887302
9247 14.904660 -14.904660 82.814003
2419 20.830646 -15.456853 15.456853
13341 20.396163 -15.157228 15.157228
13337 20.665145 -14.986641 14.986641
2489 79.878685 2.251571 2.251571
6296 92.703995 -7.296005 8.447276
5992 6.043656 4.777577 95.222423
5993 6.553428 4.788214 95.211786
7314 3.421617 -3.421617 18.602484
3012 6.366947 2.841413 97.158587
3013 6.355948 2.832875 97.167125
9677 52.413302 -14.940509 14.940509
9310 51.036148 -39.193048 39.193048
4746 37.928175 25.462065 25.462065
1635 48.793813 12.131960 12.131960
10202 47.655511 11.168136 11.168136
6087 47.228649 12.283773 12.283773
14141 2.371795 -1.282051 98.717949
1141 19.147697 9.815285 90.184715
4257 17.411280 13.085094 86.914906
9842 36.944464 -22.807652 22.807652
5481 15.493988 -15.493988 82.207325
2033 97.029721 2.970279 52.607266
7615 66.279070 33.720930 33.720930
11137 67.441860 32.558140 32.558140
2519 65.705661 32.484681 32.484681
6488 2.547478 2.547478 48.769479
8765 37.784660 -34.470855 34.470855
7337 36.752126 -33.044991 33.044991
1567 82.207581 17.792419 61.864021
6034 37.417218 -26.349649 26.349649
2466 37.810342 -25.845062 25.845062
4985 18.351903 -18.351903 75.116678
1465 18.901835 -18.901835 74.285341
3326 57.338520 -10.569083 89.430917
5052 96.925560 3.074440 17.452593
9309 51.336617 -40.224473 40.224473
8024 84.996149 15.003851 37.127651
253 85.270038 -14.729962 68.635587
9139 97.067625 2.932375 4.340626
52 96.505844 3.494156 6.528534
2470 62.358804 37.641196 50.915463
7223 6.506481 -6.506481 72.336023
499 56.668529 -43.331471 46.660754
10841 76.911486 -23.088514 72.350177
5304 6.272196 2.795299 97.204701
6004 28.469260 -28.469260 55.091120
3716 15.723042 -15.723042 67.838916
10311 59.746502 -31.824399 31.824399
9899 26.653624 -26.653624 33.428071
1802 15.419337 -15.419337 81.887647
1803 15.356440 -15.356440 81.961064
5973 84.221270 15.778730 78.865527
7367 19.598481 -19.598481 74.088404
4193 94.230769 0.000000 100.000000
6167 95.200798 1.190521 98.809479
2674 29.508750 -22.715172 22.715172
2675 31.133645 -22.867527 22.867527
7024 14.293560 -14.293560 59.308072
1602 7.970031 7.970031 76.126368
5338 45.454545 45.454545 45.454545
4273 45.755160 44.346949 44.346949
6008 18.062323 -18.062323 63.451722
2473 72.222222 0.000000 0.000000
4092 15.211258 -15.211258 66.225520
3498 70.632931 -29.367069 35.187622
657 80.610067 -19.389933 21.785206
6646 63.109610 -7.805131 7.805131
8473 48.750528 29.468908 70.531092
3005 44.692806 25.982084 25.982084
8101 15.910789 -15.910789 81.450360
8393 47.985859 -26.467846 26.467846
3709 8.721570 -8.721570 17.155666
10357 0.965337 -0.965337 46.565414
7684 23.921748 -23.921748 71.789465
9097 96.969697 -3.030303 96.969697
4469 95.454545 -4.545455 95.454545
14142 10.296057 -2.651765 97.348235
834 27.271989 -13.962054 86.037946
5428 29.096969 -13.845330 86.154670
6979 36.346598 -6.890432 93.109568
3175 52.024452 -27.249212 27.249212
9306 57.839487 21.312097 21.312097
3490 54.767213 -30.680122 69.319878
3488 53.781519 -31.917162 68.082838
6407 24.038462 -24.038462 75.961538
6406 26.488480 -20.883585 79.116415
13827 15.253929 -15.253929 82.576315
1836 15.283530 -15.283530 82.474171
13884 15.255221 -15.255221 82.534420
13887 15.250937 -15.250937 82.519224
10351 88.881784 11.118216 48.507133
3455 4.823470 -4.823470 69.431438
4264 25.633479 3.230298 3.230298
10560 7.922196 -7.922196 26.792472
9603 49.958081 -8.689485 8.689485
6261 15.820069 -15.820069 28.584528
4339 8.653846 -8.653846 91.346154
14143 13.691782 -4.607808 95.392192
2429 70.611101 -11.899222 11.899222
1518 70.787515 -8.062689 8.062689
2467 36.894062 -25.611803 25.611803
1241 85.746730 14.253270 80.006753
5901 84.776894 15.223106 77.636906
7617 16.730176 -16.730176 71.593639
5767 17.157115 -17.157115 71.400669
6819 29.111125 9.643323 9.643323
4249 41.701124 41.701124 48.285337
9342 28.601177 10.531287 10.531287
7032 10.348273 10.348273 34.328777
8481 28.328748 8.481992 8.481992
5836 27.409267 7.224341 7.224341
10138 33.967281 22.509360 22.509360
6128 67.510177 -32.489823 36.411287
9734 83.429496 -8.702798 8.702798
4683 49.464682 -28.101003 71.898997
9288 28.600628 26.192791 26.192791
14116 7.291881 7.291881 83.738273
580 84.000740 -7.882349 7.882349
4422 54.203249 -38.834066 38.834066
4423 54.865344 -37.964955 37.964955
6349 40.595622 -26.788330 26.788330
8876 50.374392 -43.871882 56.128118
2374 74.163415 -25.836585 27.748358
2371 11.193951 -11.193951 75.673016
10212 24.846136 -24.846136 57.216556
6670 45.224018 -34.259945 65.740055
901 27.372598 -2.888720 2.888720
7758 64.227544 -6.149091 6.149091
500 57.889483 -42.110517 48.093542
14145 2.243590 -0.641026 99.358974
8448 82.066889 17.933111 41.667719
2691 6.610085 2.495608 97.504392
6337 6.797512 2.510868 97.489132
7409 23.076923 0.000000 100.000000
6372 8.086266 -8.086266 75.243980
5249 0.616141 -0.616141 21.464823
7257 72.359215 -27.640785 59.590408
6838 73.489192 -26.510808 60.411023
1580 6.373810 2.870989 97.129011
2965 6.395982 2.880409 97.119591
5876 58.951083 -41.048917 49.211827
10222 88.729440 11.270560 73.619681
8137 89.555989 10.444011 75.929714
6340 64.814815 0.000000 0.000000
5566 25.405618 -17.292449 17.292449
8934 73.936854 -26.063146 40.795604
1484 24.788337 -24.788337 54.210088
2246 55.515295 40.026399 40.026399
8718 96.730507 -3.269493 22.436889
671 6.380799 2.926731 97.073269
3549 23.875578 23.875578 65.950232
14133 4.226543 -1.225697 98.774303
3119 15.983220 -15.983220 40.258566
2525 15.292823 -15.292823 39.906598
4239 18.301962 -18.301962 62.015414
5275 5.012142 5.012142 59.915443
5274 6.562977 6.562977 58.747882
2260 82.503881 -17.496119 22.656205
5661 6.902888 6.902888 34.504847
5915 5.812304 5.812304 33.001357
8758 85.445691 14.554309 54.020188
2435 83.700192 16.299808 51.962961
6918 83.693647 16.306353 54.349162
5279 18.493181 -18.493181 79.036927
315 53.380981 14.088179 14.088179
9238 98.371174 1.628826 83.877276
10825 9.229321 -9.229321 58.498584
4622 8.609201 -8.609201 58.996076
13599 25.636177 -16.992146 83.007854
6517 78.047813 -21.952187 30.101129
2730 72.860862 -6.392926 93.607074
5477 71.534503 -6.287398 93.712602
2340 71.454977 18.746079 18.746079
7123 98.685894 1.314106 62.542680
9296 86.477595 13.522405 29.750337
9789 13.917763 13.917763 47.764920
2362 80.804526 -15.889979 15.889979
9250 25.933340 -25.933340 30.555513
8142 66.831157 27.634846 27.634846
2059 5.536004 -5.536004 37.743058
13300 15.296643 -15.296643 82.299139
13676 15.295820 -15.295820 82.301367
13675 15.294887 -15.294887 82.301297
2249 96.255637 -3.744363 9.638062
1328 96.855153 -3.144847 7.592529
5888 74.555936 25.444064 32.270863
7456 89.535960 10.464040 46.922222
8924 3.287188 -3.287188 70.193763
1337 36.122306 -36.122306 38.981619
6551 52.677482 -31.196945 68.803055
10503 83.306096 -16.693904 26.219533
10464 84.285919 -15.714081 27.006457
4519 11.872477 -11.872477 70.787651
10062 6.050959 2.043108 97.956892
5956 13.178498 -13.178498 79.916618
448 75.436308 24.563692 28.851965
14072 76.286256 23.713744 29.372823
7131 57.876261 28.241758 28.241758
10873 25.000000 -25.000000 75.000000
4173 68.333333 31.666667 68.333333
4115 22.412825 -22.412825 66.204659
5176 64.378161 -32.939834 67.060166
3044 5.652778 2.712985 97.287015
8231 24.644412 -24.644412 46.096347
4651 91.654936 -8.345064 24.351386
5697 4.973292 2.324752 97.675248
8090 70.930233 29.069767 29.069767
1466 50.082062 -4.930278 4.930278
8571 61.202193 20.305984 79.694016
9560 58.784437 22.712840 77.287160
9561 58.857637 20.001858 79.998142
15 84.845927 -15.154073 81.811444
4455 84.070869 -15.929131 82.293405
13398 84.026413 -15.973587 80.854232
13399 84.654062 -15.345938 80.985415
5629 10.976904 -10.976904 57.517890
9124 32.249622 -16.613171 83.386829
218 83.476527 16.523473 35.697121
14006 88.838201 -11.161799 83.184284
4909 10.394624 -10.394624 26.267322
1454 9.026969 -9.026969 10.619160
9079 74.653570 25.346430 36.161241
1845 39.574170 -19.686251 80.313749
5608 36.956677 -22.815805 77.184195
5295 73.201867 -26.798133 28.055024
4615 6.275244 2.384935 97.615065
2000 6.468259 2.397317 97.602683
530 74.686579 -25.313421 48.006821
3680 42.938734 -22.370007 22.370007
3681 43.199666 -21.487002 21.487002
9629 55.891609 -38.222777 38.222777
10649 56.770611 -37.521566 37.521566
10055 49.853996 -48.023947 51.976053
1866 3.703704 0.000000 0.000000
1864 4.009206 -0.950828 0.950828
1031 16.730553 -16.730553 70.616852
513 17.050455 -17.050455 70.695185
8333 16.689215 -16.689215 71.133700
5204 5.522425 2.430849 97.569151
6825 67.419288 -5.263042 94.736958
385 16.914952 -16.914952 74.425294
10418 91.433492 -8.566508 12.030735
3617 60.545402 21.404186 21.404186
8224 60.260430 20.289979 20.289979
1050 1.544651 1.544651 55.833811
2661 11.111208 -11.111208 67.288944
9495 10.916928 -10.916928 68.308004
10712 38.925571 -17.999487 17.999487
5126 46.796310 -33.725671 33.725671
5567 40.455577 -2.564267 2.564267
8404 40.478054 -1.970165 1.970165
10392 23.210516 -2.061866 2.061866
10371 8.951693 -8.951693 48.785128
10296 15.304399 -15.304399 81.892970
1067 67.465907 -26.079771 73.920229
1068 68.507129 -27.166596 72.833404
1066 70.155834 -25.317639 74.682361
5019 6.578652 2.898322 97.101678
6745 85.469774 -14.530226 42.634867
13804 16.346154 -16.346154 83.653846
4761 99.177156 -0.822844 74.010307
256 7.732640 -7.732640 39.559062
10256 36.576880 25.095193 25.095193
1189 53.808779 -29.630083 29.630083
8745 41.641361 -32.634419 32.634419
4472 2.449989 -2.449989 90.223593
204 45.066153 -18.562462 18.562462
4294 18.644107 -18.644107 69.112781
1100 97.304947 -2.695053 26.455365
6097 97.690946 -2.309054 28.560567
1801 15.374782 -15.374782 81.882141
8360 15.293230 -15.293230 81.979187
8888 99.247186 -0.752814 79.871122
5171 35.780327 -25.390401 25.390401
7233 7.797445 -7.797445 72.354260
7372 63.492916 -3.243747 3.243747
9720 55.000000 45.000000 55.000000
6022 75.633703 24.366297 33.552852
1904 23.733363 -23.733363 75.278031
4432 39.715088 -18.717042 18.717042
10172 42.481983 -33.677159 33.677159
9255 22.655630 -14.450138 14.450138
13339 22.426248 -14.234561 14.234561
3080 75.858025 -22.712202 77.287798
3103 70.982384 29.017616 34.150521
1756 20.002256 -20.002256 31.152253
8367 20.185749 -20.185749 50.433445
8366 19.432253 -19.432253 50.178758
2009 23.340110 23.340110 73.359465
9722 15.341423 -15.341423 82.597322
1392 3.420574 -3.420574 86.164207
1393 2.951249 -2.951249 88.176691
1549 57.408550 6.954082 6.954082
891 56.731849 5.642535 5.642535
2571 60.175339 37.181714 37.181714
9278 40.535997 -9.850131 9.850131
10014 39.141576 -10.002761 10.002761
10714 39.387459 -9.273579 9.273579
5967 9.581460 -9.581460 73.018781
7940 9.945781 -9.945781 73.284105
10819 19.567479 -19.567479 22.207303
1552 72.856353 -12.736046 12.736046
6479 74.351338 -12.682952 12.682952
3057 81.933420 -18.066580 47.240036
3055 82.694408 -17.305592 46.737894
4970 44.192329 -33.011541 33.011541
4968 43.696948 -33.837625 33.837625
7616 16.994871 -16.994871 71.130074
2068 49.936644 -23.267509 76.732491
4255 35.118885 35.118885 54.109194
8284 20.949748 -20.949748 61.736683
463 78.299078 -21.700922 76.536277
8708 14.829912 -14.829912 82.224238
8045 15.002667 -15.002667 82.087044
9988 36.583109 10.235760 10.235760
4917 16.306036 -16.306036 80.195597
9126 37.376677 -37.376677 40.034332
3799 8.368356 -8.368356 66.041061
7002 55.074003 -32.256405 67.743595
5538 17.054966 -17.054966 80.498808
1023 29.114590 -12.944530 12.944530
564 23.906915 -23.906915 54.966615
6555 96.741182 3.258818 54.760897
1163 49.540377 -37.737831 37.737831
942 99.219933 -0.780067 28.926803
2881 8.206614 -8.206614 77.425157
2605 94.037886 5.962114 34.652684
9466 60.158672 32.503333 32.503333
6674 38.192262 -19.314710 19.314710
1125 11.579134 -11.579134 46.093255
6631 0.660719 -0.660719 70.337087
9064 1.397908 -1.397908 70.019570
6165 43.586428 -5.786172 5.786172
6027 15.301684 -15.301684 82.246101
854 85.485614 14.514386 76.138230
9613 92.594147 -7.405853 12.502914
8213 91.805238 -8.194762 12.992705
5801 14.530552 -14.530552 83.781810
248 5.501546 -5.501546 70.651805
247 5.195655 -5.195655 71.951201
4129 14.850095 -14.850095 82.600896
4884 92.592593 0.000000 0.000000
9687 92.453089 -0.899007 0.899007
4118 5.621673 -5.621673 28.857358
4844 63.069878 -8.828631 8.828631
10436 14.385540 -14.385540 83.333932
6069 7.766265 -7.766265 36.275062
6117 17.102035 -17.102035 62.381808
738 41.681041 -10.415334 10.415334
2050 74.242424 -25.757576 74.242424
9009 29.132332 -13.740431 13.740431
9517 69.730887 -3.086644 3.086644
5077 32.692308 0.000000 100.000000
265 33.019545 28.894253 28.894253
7306 34.242907 29.963918 29.963918
5612 22.974885 21.342983 21.342983
14146 20.942628 -7.002015 92.997985
14147 21.433303 -7.703541 92.296459
5154 13.706297 -13.706297 69.404112
7980 42.811625 -10.894438 10.894438
7832 43.817411 -11.343992 11.343992
13245 6.058835 2.243282 97.756718
13251 6.061790 2.307451 97.692549
13457 5.970829 2.261223 97.738777
5765 5.537532 2.743538 97.256462
6120 5.739342 5.739342 46.483915
11023 36.835627 26.156844 26.156844
2319 35.584528 25.518405 25.518405
3088 35.794246 26.863155 26.863155
1906 22.886193 -22.886193 75.528170
8802 54.305607 -18.507624 18.507624
3974 15.462663 -15.462663 73.817830
6848 15.087834 -15.087834 74.227703
8042 70.890641 -23.270549 76.729451
7026 3.015855 -3.015855 91.044539
4010 0.956221 -0.956221 77.763008
8722 56.084245 -36.925610 63.074390
10771 7.709044 -7.709044 66.785530
13290 15.220863 -15.220863 82.553519
13288 15.219244 -15.219244 82.528409
13882 15.244132 -15.244132 82.514785
915 62.782224 24.463217 24.463217
3265 61.376518 24.901467 24.901467
5658 37.928971 -22.722607 22.722607
1673 82.519809 17.480191 43.600426
6758 83.423322 16.576678 42.532905
8450 13.184180 -13.184180 46.813929
620 13.653813 -13.653813 46.357656
4754 51.825129 43.620923 43.620923
2774 82.675593 -17.324407 24.542678
512 17.347392 -17.347392 70.827174
13835 14.556263 -14.556263 83.935715
3908 17.277563 -17.277563 64.058817
5129 56.385601 -21.166714 78.833286
13400 74.589602 -18.372960 81.627040
13401 75.479027 -18.171331 81.828669
10467 11.777322 -11.777322 52.984906
916 64.004173 24.176758 24.176758
4408 63.779782 25.252133 25.252133
2732 73.025864 -4.995124 95.004876
5189 50.907498 -41.424463 41.424463
14138 18.782971 -6.275408 93.724592
4766 73.843859 -3.620229 96.379771
404 18.550469 -18.550469 60.731852
1150 51.493179 27.032067 72.967933
1246 54.164787 24.666840 75.333160
10523 6.334573 2.914758 97.085242
9636 7.565104 -7.565104 49.057249
5625 75.725254 24.274746 70.075029
8691 74.085365 25.914635 69.079456
8140 84.162369 -2.782600 2.782600
7728 1.879549 -1.879549 8.412551
9256 51.968036 29.965778 29.965778
6530 78.882295 6.066336 6.066336
7890 32.935397 21.928782 21.928782
2095 59.740175 2.957637 97.042363
10345 15.204122 -15.204122 82.022631
11072 15.101520 -15.101520 82.133080
5515 42.291940 -1.534658 1.534658
1985 59.025358 -3.635267 3.635267
7582 35.296926 -35.296926 57.503930
10897 40.015439 -40.015439 45.537980
10896 40.617374 -40.617374 43.584589
1848 14.749817 -14.749817 80.740030
11098 85.331673 -5.178816 94.821184
7661 78.926564 -21.073436 52.731159
2250 97.113054 -2.886946 8.925393
7339 35.775084 -31.743723 31.743723
4134 35.005008 -30.530614 30.530614
7539 16.062108 16.062108 47.130534
6277 14.165015 14.165015 46.166375
4435 80.094045 10.227887 89.772113
2806 15.288364 -15.288364 82.283502
7845 5.285573 -5.285573 38.815409
3788 16.292214 -16.292214 34.030016
3194 55.679032 18.720374 18.720374
7556 44.230769 0.000000 100.000000
1364 83.720930 16.279070 16.279070
1366 83.294278 14.732783 14.732783
2241 89.108541 -10.891459 12.080168
9946 56.080672 -13.239835 13.239835
4177 6.618559 3.025737 96.974263
5925 6.234550 2.869661 97.130339
9733 6.208550 3.376043 96.623957
3743 61.694317 -21.839870 21.839870
2052 17.495073 -17.495073 74.172848
366 6.261444 2.947293 97.052707
5966 9.741259 -9.741259 72.156978
8916 7.229606 5.031393 94.968607
327 27.289774 -19.806741 19.806741
9795 76.949783 -20.810389 20.810389
9794 76.545809 -21.863625 21.863625
5631 21.968852 -0.553625 0.553625
2727 88.739176 11.260824 19.912761
4429 6.349506 2.755101 97.244899
10094 19.147898 -19.147898 37.762082
9147 13.425327 -13.425327 69.833153
4291 13.090898 -13.090898 70.053470
10544 33.313814 13.319295 13.319295
8844 5.911323 -1.858190 1.858190
10142 5.641577 -0.981788 0.981788
8898 7.427682 -1.910795 1.910795
610 16.819096 -16.819096 45.513415
10073 91.020959 -3.760361 3.760361
6025 57.412481 -35.785456 35.785456
2354 58.539732 -36.000823 36.000823
11116 7.717725 -7.717725 75.138468
6650 6.665599 6.665599 57.449273
1140 20.733181 6.639823 93.360177
8932 20.066753 4.716214 95.283786
8319 62.792239 -37.207761 39.154946
10302 43.063541 31.624147 31.624147
8175 41.929823 31.886228 31.886228
6886 63.713918 36.286082 62.063491
1947 11.342394 -11.342394 71.957051
7655 11.686204 -11.686204 71.466003
8666 61.753970 -31.212290 31.212290
3737 15.599988 -15.599988 72.404782
10051 36.650789 28.089021 28.089021
9422 61.918688 -38.081312 48.546183
10968 46.153846 -46.153846 53.846154
2084 70.603777 29.396223 69.650686
2769 53.262098 -27.757934 27.757934
2767 53.238732 -26.563359 26.563359
1892 15.917367 15.917367 33.450895
1891 19.058757 19.058757 32.715795
4354 15.875772 -15.875772 81.195355
11 15.813891 -15.813891 81.413978
8056 65.194903 18.500873 81.499127
759 69.838824 2.507547 2.507547
760 72.208111 1.746669 1.746669
5265 6.269935 2.804894 97.195106
10858 56.976038 -39.757701 39.757701
1719 60.235417 -18.239980 81.760020
3906 17.430402 -17.430402 64.323914
6443 78.387671 -20.119991 20.119991
655 79.591837 -20.408163 20.408163
13783 11.530756 5.922602 5.922602
4680 12.804243 -12.804243 49.223437
3593 70.559653 15.832188 15.832188
8682 40.810622 23.476916 23.476916
5985 82.510162 6.762217 6.762217
10070 80.789775 5.450625 5.450625
6334 38.042234 26.796433 26.796433
10052 37.087697 27.205811 27.205811
8158 12.401459 -12.401459 74.196466
3393 94.033915 -5.966085 35.511447
6109 67.031957 -19.181551 19.181551
7027 67.827093 -19.831966 19.831966
11109 82.468431 17.531569 50.504632
4448 17.425966 17.425966 22.781670
8645 13.143315 -13.143315 50.198197
1962 77.339730 22.660270 44.751151
1961 75.869151 24.130849 45.375554
992 70.014117 22.530647 22.530647
7862 73.902188 15.288535 15.288535
7863 72.366554 15.612325 15.612325
3742 63.012307 -21.999331 21.999331
2229 52.381937 40.026426 40.026426
10069 52.180516 41.489372 41.489372
14050 74.833857 25.166143 34.492667
14051 74.768721 25.231279 33.381291
2662 11.607403 -11.607403 66.820301
9339 58.081033 -40.318307 40.318307
1327 97.577759 -2.422241 7.084436
9980 23.063072 5.152841 94.847159
8502 36.929923 -23.578703 23.578703
4031 30.431729 -13.533949 13.533949
5488 2.784325 -2.784325 55.470391
4078 30.851064 30.851064 69.148936
9042 98.629955 1.370045 39.366426
9314 89.418839 -10.581161 34.160797
5057 85.802107 -11.957602 11.957602
3293 7.746642 -7.746642 42.750186
11094 15.291235 -15.291235 82.042755
10620 15.288090 -15.288090 82.097514
5191 15.236159 -15.236159 82.119634
6751 94.109225 -0.993249 0.993249
7525 44.404178 -34.825518 34.825518
2726 60.008469 13.545599 13.545599
7787 61.578311 13.528454 13.528454
5757 81.893350 -3.391903 3.391903
9623 83.112323 -4.010949 4.010949
6865 12.080813 -12.080813 23.386368
6864 11.342492 -11.342492 22.466264
3560 93.849670 -6.150330 80.563631
1550 71.940973 -13.252565 13.252565
3024 84.262350 -13.670342 13.670342
13954 84.629780 -12.779621 12.779621
8600 48.301649 1.893092 1.893092
4701 22.878638 -14.782736 14.782736
1779 46.626239 -22.760801 22.760801
10201 46.917774 -13.554290 13.554290
9812 45.861122 -13.458308 13.458308
257 18.160033 -18.160033 77.554727
8052 6.481105 2.923967 97.076033
10413 61.396822 32.648089 32.648089
7915 48.765135 -47.377742 47.377742
5916 76.467830 -1.130346 1.130346
4299 15.174984 -15.174984 25.594321
6559 91.383666 -8.616334 28.475865
104 90.468745 -9.531255 28.978589
4850 84.304315 -9.942807 90.057193
3917 83.793283 -16.206717 58.867064
2383 83.407120 -16.592880 61.067931
3918 82.431543 -17.568457 58.634102
7611 88.290878 11.709122 46.569007
7330 21.914324 -3.851150 3.851150
9865 13.253135 -13.253135 43.884194
9922 40.873132 31.430862 68.569138
14091 2.744956 2.744956 6.956244
10569 7.866929 2.817840 97.182160
6694 73.190826 -26.809174 53.259419
10505 15.187635 -15.187635 82.409788
6085 4.876185 -4.876185 73.282796
6690 36.745069 -20.173396 20.173396
4645 34.627448 -34.627448 60.069804
5107 34.304623 -34.304623 61.377803
737 33.513166 -33.513166 60.474208
7646 68.288090 -27.367321 27.367321
1545 36.281237 -10.224952 10.224952
6676 33.011436 -10.537067 10.537067
796 60.465116 39.534884 39.534884
8032 6.709294 -6.709294 43.475794
11177 15.288869 -15.288869 82.286199
11176 15.285566 -15.285566 82.291312
8973 15.344159 -15.344159 79.218269
1566 83.472601 16.527399 64.205948
10119 15.279595 -15.279595 82.304199
289 50.954281 34.843917 34.843917
1791 50.027396 34.049123 34.049123
4888 14.608151 -14.608151 66.328053
4214 14.307314 -14.307314 66.368528
4886 14.459896 -14.459896 65.939116
13987 63.242537 -12.937448 87.062552
3435 61.383747 -13.976575 86.023425
1115 53.779426 -17.063789 17.063789
5460 53.310428 -17.959345 17.959345
9020 16.629549 -16.629549 44.256475
4773 72.182140 -4.035722 95.964278
1126 11.569220 -11.569220 47.192680
1127 11.177507 -11.177507 46.787865
16 84.372924 -15.627076 80.145185
1793 83.038309 -16.961691 79.256619
13349 83.822592 -16.177408 78.995464
2494 60.419054 -15.695483 15.695483
3899 12.118894 -12.118894 83.166747
5192 15.184306 -15.184306 82.192431
6554 15.236489 -15.236489 82.166858
9349 26.054141 -26.054141 68.932379
1862 51.808072 -32.784038 32.784038
6945 85.255491 14.744509 48.087098
9215 18.969019 -18.969019 25.031954
2001 6.548586 2.320628 97.679372
2002 6.643295 2.423267 97.576733
607 100.000000 0.000000 2.500000
6612 21.107403 -16.113630 16.113630
99 21.835215 -15.761672 15.761672
8920 47.964713 18.377939 81.622061
1196 15.445611 1.460621 98.539379
9489 7.407407 0.000000 0.000000
13601 15.333954 -15.333954 82.424675
13602 15.320862 -15.320862 82.422947
5337 22.759180 22.759180 33.669848
1045 7.507171 -5.493738 5.493738
50 6.647576 2.812834 97.187166
4166 6.637576 2.847325 97.152675
7621 90.937748 9.062252 14.568151
2622 85.359882 14.640118 18.042445
6382 14.724396 -14.724396 51.689921
7357 14.496884 -14.496884 52.779151
2127 43.803757 35.891778 35.891778
2199 73.014138 -26.985862 34.619735
7107 5.338296 -5.338296 85.017154
5217 6.097551 2.716719 97.283281
1654 6.059687 2.685030 97.314970
2488 79.019532 4.000254 4.000254
6235 28.742350 -19.658626 19.658626
6649 12.895012 -12.895012 65.316692
1736 42.046575 36.390731 36.390731
8746 40.903911 -31.580540 31.580540
13885 15.191775 -15.191775 82.597883
13837 15.169196 -15.169196 82.647405
6705 15.813072 -15.813072 70.107320
2206 15.477672 -15.477672 70.193306
4672 6.551212 2.985148 97.014852
9353 2.765757 2.765757 47.100082
10358 14.284256 -14.284256 66.784443
4256 86.598512 -13.401488 55.329506
7166 48.407136 -30.048356 30.048356
11026 6.082506 3.483735 96.516265
4027 56.527649 20.066020 79.933980
10773 2.169510 -2.169510 45.228047
2353 57.673481 -36.772359 36.772359
2666 88.017323 -11.982677 21.511369
3336 5.579139 -5.579139 54.211471
7231 5.936805 -5.936805 53.420930
11040 20.694618 -20.694618 39.767384
8687 44.853854 -13.721209 13.721209
925 79.061681 -20.938319 31.049088
923 80.217888 -19.782112 31.868997
9758 65.116279 34.883721 34.883721
2145 13.048314 -13.048314 69.081113
7711 85.215223 -14.784777 57.293648
2893 47.432338 24.771346 75.228654
10954 34.870307 -34.870307 63.573783
1181 68.197290 12.851901 87.148099
2462 77.319472 22.680528 42.214019
7838 10.111519 -10.111519 66.821483
1427 38.297872 38.297872 61.702128
8510 11.082421 -11.082421 60.720317
3802 23.865970 -9.083122 9.083122
8531 14.454922 -14.454922 81.992506
8530 14.737766 -14.737766 81.743371
7492 84.391665 15.608335 41.208616
13340 21.211387 -14.777802 14.777802
13338 20.958024 -14.783103 14.783103
195 12.628014 -12.628014 79.173420
6156 10.450143 -10.450143 56.171939
6846 71.265161 -21.582438 21.582438
3254 10.612320 5.680164 5.680164
13784 10.975561 5.426052 5.426052
13785 10.380809 5.205523 5.205523
10716 14.628209 -14.628209 65.408137
5908 43.181818 43.181818 43.181818
8949 14.644883 -14.644883 73.125106
10715 12.508794 -12.508794 81.021960
9892 47.249826 41.411894 41.411894
5089 92.448890 7.551110 44.363389
1777 0.000000 0.000000 22.222222
794 59.533816 39.376384 39.376384
8113 43.811023 42.688925 42.688925
9668 100.000000 0.000000 85.000000
3183 28.290518 -28.290518 43.986594
9631 42.067137 34.251880 65.748120
9448 14.302031 -14.302031 82.575452
8492 14.193830 -14.193830 82.408085
13402 65.892920 -19.561509 80.438491
9838 15.052821 -15.052821 81.469070
5819 6.363257 2.745811 97.254189
10244 12.275390 -12.275390 72.673578
9717 5.987995 3.102586 96.897414
9235 49.774008 -1.141769 1.141769
9788 11.578715 11.578715 46.819886
5480 6.361835 -6.361835 68.194536
5195 40.564274 40.564274 46.449142
4158 30.242564 30.242564 66.665331
7545 68.192023 -10.574475 10.574475
4973 59.151614 -3.343058 96.656942
400 61.370174 -1.787354 98.212646
67 3.785318 3.785318 73.784045
13604 29.385654 -16.004527 83.995473
13603 28.196228 -16.273690 83.726310
10497 14.867200 -14.867200 81.855405
6285 46.591479 40.380109 40.380109
3866 33.312947 -33.312947 65.321485
5846 15.443864 -15.443864 82.191220
10996 31.987485 -31.987485 65.908315
2480 80.596833 -19.403167 33.968615
6481 65.291626 -33.485294 33.485294
1119 2.476295 -2.476295 54.635373
7219 65.293111 -16.277680 16.277680
5416 24.604274 -17.812806 17.812806
3217 24.247971 -17.037496 17.037496
899 43.094184 -16.427023 16.427023
11029 14.908807 -14.908807 81.373408
7806 14.902539 -14.902539 81.043295
7553 24.939599 -8.395567 91.604433
10375 18.888889 -18.888889 18.888889
780 40.645362 39.522247 39.522247
2849 15.306065 -15.306065 82.259818
5348 6.376906 2.766569 97.233431
7941 10.273093 -10.273093 73.619623
9034 83.536274 -16.463726 23.008772
11082 78.747535 -17.490994 82.509006
5652 55.813953 44.186047 44.186047
142 6.362911 2.816309 97.183691
144 6.364583 2.822215 97.177785
8205 16.356027 -16.356027 82.131654
3087 58.419762 -24.037590 75.962410
6350 30.694207 30.694207 58.872193
7515 33.018040 33.018040 58.570676
9003 21.177193 -21.177193 60.865464
8964 21.907314 -21.907314 60.336466
7343 43.101243 40.172283 40.172283
2703 83.333333 0.000000 0.000000
2701 83.088983 1.494385 1.494385
6998 35.970544 6.709371 6.709371
1897 78.902919 -21.097081 69.791303
6542 15.411636 -15.411636 82.901452
13838 15.257000 -15.257000 83.142080
6390 51.666667 48.333333 51.666667
3736 15.280824 -15.280824 72.698165
1082 66.330729 -20.065603 20.065603
7835 45.745804 -37.614470 62.385530
1863 50.737493 -31.855039 31.855039
4657 33.171138 -9.799663 90.200337
6096 53.857541 -24.817525 24.817525
4969 42.935900 -32.826882 32.826882
9852 14.495685 -14.495685 73.758645
4443 11.938990 -11.938990 70.092571
10430 11.519764 -11.519764 70.573544
7325 17.310469 -11.942483 11.942483
8985 63.755265 -11.035397 11.035397
9807 6.453178 2.824626 97.175374
8173 94.838534 -5.161466 15.796868
6023 57.198033 -34.978798 34.978798
8432 94.976700 -5.023300 40.534537
8431 93.799544 -6.200456 39.519822
5761 21.453324 -21.453324 65.431627
1938 50.374996 26.734798 26.734798
1808 89.276007 -2.343742 2.343742
8093 8.433868 -8.433868 36.253260
8091 8.845568 -8.845568 37.285250
6878 35.095016 35.095016 58.113198
1425 37.279713 37.279713 59.523102
9857 54.358924 -22.264314 22.264314
10455 15.579281 -15.579281 80.564407
2058 5.962327 -5.962327 39.037482
904 64.575373 -14.225735 14.225735
852 39.361702 39.361702 60.638298
3158 16.729446 -16.729446 80.517648
7232 7.252541 -7.252541 73.039782
13605 15.298811 -15.298811 82.349904
13291 15.304548 -15.304548 82.339093
5804 15.319985 -15.319985 82.315619
13613 15.313671 -15.313671 82.330505
13663 15.310787 -15.310787 82.328160
7807 14.597758 -14.597758 81.608960
9451 85.442221 -13.144554 86.855446
3334 84.808392 -15.191608 23.309282
13417 45.358691 -22.495152 77.504848
10909 48.342022 -21.056256 78.943744
13404 46.310846 -22.228861 77.771139
412 15.195322 -15.195322 82.291132
2966 15.289699 -15.289699 82.211419
9984 14.507373 -14.507373 67.446235
7264 77.818776 -14.895669 85.104331
13405 77.737045 -15.994916 84.005084
8256 79.555186 -14.749665 85.250335
2738 76.199512 -15.661809 84.338191
13406 76.741764 -16.006583 83.993417
9048 7.383829 7.383829 67.738476
7215 63.842639 16.433381 16.433381
6363 100.000000 0.000000 22.500000
9080 72.580633 27.419367 34.738166
14074 73.236267 26.763733 36.172617
2832 78.532206 -21.467794 56.713432
2834 79.300376 -20.699624 55.621892
8136 67.503546 -17.825969 17.825969
6105 0.466330 -0.466330 71.809501
214 26.239608 -7.737153 7.737153
4560 46.533290 29.468294 70.531706
2395 47.881871 8.697126 8.697126
6071 6.451345 2.977846 97.022154
2829 47.371896 6.645882 6.645882
10550 48.597072 6.838872 6.838872
9227 47.619787 7.534791 7.534791
4871 95.589674 -4.410326 90.428097
3329 6.290359 2.546976 97.453024
4278 69.376120 -13.663697 13.663697
9232 98.547116 -1.452884 60.057533
4322 98.917277 -1.082723 57.491416
6218 78.864772 -21.135228 54.136762
5522 14.871102 -1.208977 1.208977
4927 16.250998 -16.250998 81.487539
9434 13.148687 13.148687 34.295211
3180 35.810537 -35.810537 55.999831
5492 48.586559 -41.595921 41.595921
4937 97.720658 -2.279342 57.107032
13407 72.707227 -18.320526 81.679474
13842 15.260361 -15.260361 82.773069
7996 15.372325 -15.372325 82.782162
13840 15.273593 -15.273593 82.805141
8186 6.632759 3.346963 96.653037
4168 6.828083 3.483996 96.516004
4167 6.595049 3.464729 96.535271
13408 48.695115 -19.704625 80.295375
4191 25.958285 -6.732696 6.732696
5263 76.576700 16.598802 16.598802
14076 77.305000 17.471392 17.471392
5443 6.687419 2.657678 97.342322
5444 6.571450 2.570222 97.429778
4798 2.258984 -2.258984 6.887435
2878 58.521433 10.655346 89.344654
14004 71.835009 -12.178048 87.821952
8174 42.067348 30.657552 30.657552
10627 45.601807 -30.726793 30.726793
1696 82.692308 0.000000 100.000000
4944 15.410844 -15.410844 81.774057
87 51.794845 9.467080 9.467080
3082 53.808303 9.641385 9.641385
1048 52.775688 8.339310 8.339310
14174 44.648290 44.648290 45.885392
13564 15.295546 -15.295546 82.360108
13348 22.982224 -14.427926 14.427926
13350 22.946566 -14.576077 14.576077
3325 76.666667 23.333333 76.666667
177 77.035737 -1.319841 98.680159
14002 89.331126 -10.668874 84.696541
1731 61.823978 12.208958 12.208958
736 32.390393 -32.390393 60.854611
1754 21.224558 -21.224558 30.814701
10386 22.500937 -22.500937 30.440316
9213 28.087914 -8.157508 8.157508
5505 27.542080 -7.313787 7.313787
9759 2.678439 -2.678439 48.995635
1672 23.429799 -23.429799 53.212654
8100 77.613772 -22.386228 24.500285
1597 76.530612 -23.469388 23.469388
4556 11.870831 -11.870831 18.837020
628 50.168224 7.031495 7.031495
1851 27.161660 -27.161660 68.897374
7690 0.810970 -0.810970 8.306829
1344 0.552100 -0.552100 7.099980
7689 1.275817 -1.275817 7.031323
384 16.710219 -16.710219 73.988477
4436 70.938725 -8.701657 8.701657
172 18.030761 -18.030761 67.681946
3545 15.342971 -15.342971 82.266423
7885 21.153846 -21.153846 78.846154
885 49.702545 33.069000 33.069000
4869 48.716533 32.885772 32.885772
11074 74.554872 -2.309090 2.309090
10981 53.975398 16.833483 16.833483
7796 2.483887 -2.483887 53.429522
6457 34.429347 -3.875651 3.875651
7990 32.787566 -3.581233 3.581233
11068 23.071718 -23.071718 55.775033
10150 56.953398 41.062133 58.937867
574 93.733027 6.266973 91.354735
886 50.421285 32.183199 32.183199
9568 2.481096 -2.481096 57.046389
853 83.611918 16.388082 75.216282
7467 24.297906 -2.694283 2.694283
3476 2.222222 -2.222222 2.222222
4724 56.979268 25.160688 25.160688
8626 26.537581 20.062813 20.062813
9961 27.502888 21.309953 21.309953
10990 65.949706 12.585699 87.414301
3008 74.881952 4.863431 95.136569
9799 47.749399 31.963707 31.963707
1868 25.344408 -25.344408 49.630727
7937 15.489899 -15.489899 82.144456
2461 78.901072 21.098928 42.513835
2964 29.987612 -29.987612 52.514690
2385 84.581556 -15.418444 63.017497
348 85.550476 -14.449524 63.218603
347 85.484435 -14.515565 64.772240
9826 3.768645 -3.768645 70.462005
9958 29.376765 -23.754657 23.754657
8662 30.242395 -4.159182 4.159182
8947 91.636161 -8.363839 75.167565
6581 61.591920 27.443208 72.556792
266 15.327093 -15.327093 82.225060
8309 48.241621 13.326905 13.326905
3659 13.575442 3.924995 96.075005
2872 25.549494 -25.549494 52.075463
14149 7.290085 -2.565050 97.434950
14150 8.565812 -2.248325 97.751675
13409 73.147404 -16.415848 83.584152
8116 31.243896 -9.968951 9.968951
8040 14.200171 -14.200171 82.041236
82 45.145163 -45.145163 47.943693
1207 86.059761 -13.940239 15.412727
3300 95.658691 -4.341309 11.572356
1130 97.418807 -2.581193 61.420260
7262 44.015150 -44.015150 46.315413
6983 21.739204 -21.739204 25.911664
7379 22.711283 -22.711283 25.132728
9111 15.352484 -15.352484 82.239928
10511 75.910768 -2.464640 2.464640
5059 0.000000 0.000000 7.936508
3518 73.676245 7.529862 92.470138
5045 40.892037 29.651683 29.651683
437 70.719156 -23.736046 23.736046
438 70.910934 -22.704834 22.704834
13257 6.260453 2.681787 97.318213
13355 6.239747 2.683076 97.316924
13483 6.239565 2.673860 97.326140
8459 14.857192 -14.857192 82.809217
6836 14.768308 -14.768308 82.853191
9488 5.555556 0.000000 0.000000
8378 55.769870 -25.737726 25.737726
3391 58.727394 -26.246961 26.246961
2927 69.434224 -8.721373 8.721373
2457 81.215499 -18.784501 26.991066
7296 55.308101 -17.280301 17.280301
7008 57.926488 -36.883133 63.116867
2621 42.764774 37.698927 37.698927
4074 35.933824 -10.988563 10.988563
887 49.189443 31.981868 31.981868
6187 15.702836 12.534416 87.465584
1110 9.948434 -9.948434 61.169362
14118 48.210636 48.210636 49.433897
14110 48.747543 48.747543 49.417727
6706 15.545789 -15.545789 70.526466
2119 73.306743 -0.731592 0.731592
1819 84.490243 15.509757 46.022322
4571 85.980508 14.019492 46.578102
6573 34.242105 -23.746449 23.746449
3734 15.351530 -15.351530 82.218386
8788 6.362446 2.809563 97.190437
10797 55.049326 15.878610 15.878610
11004 51.966039 -1.922123 1.922123
3733 15.340736 -15.340736 82.234689
5768 61.047335 -17.184510 17.184510
5473 44.731623 39.138262 39.138262
3992 45.866159 39.215558 39.215558
3703 70.425465 -12.697867 87.302133
6959 1.479586 -1.479586 5.605107
8426 17.953838 -17.953838 62.615820
7576 18.116396 -18.116396 62.986958
8952 15.379300 -15.379300 82.173220
4628 76.100920 -1.848186 1.848186
4176 6.618612 3.075159 96.924841
3143 59.156914 -39.490283 39.490283
9338 59.183673 -40.816327 40.816327
4109 1.121606 -1.121606 78.592250
8077 46.133946 -0.878748 0.878748
399 61.538462 0.000000 100.000000
7634 72.093023 27.906977 27.906977
8868 20.308030 -15.765498 15.765498
6905 0.786458 -0.786458 40.447022
8275 28.151457 28.151457 39.804796
5130 49.886101 13.176096 13.176096
4933 89.957843 -10.042157 50.483122
1728 81.841781 18.158219 23.315895
4752 15.415103 -15.415103 82.203700
10854 64.888300 25.926943 25.926943
5325 15.509563 -15.509563 82.232473
5706 90.377432 9.622568 78.335157
8269 32.421452 -25.452282 25.452282
6510 14.779709 -14.779709 74.023871
130 12.800007 11.145892 88.854108
6833 75.549580 -24.450420 40.601435
2169 83.105301 16.894699 45.564814
7454 80.662046 19.337954 73.601681
919 24.633799 -20.564567 20.564567
8064 63.518235 20.489163 79.510837
8508 78.434764 -8.820427 8.820427
3302 99.028649 -0.971351 35.801658
2533 14.810738 -14.810738 77.889595
3895 55.060026 -18.810313 81.189687
4396 39.032568 32.580312 32.580312
11183 15.330380 -15.330380 82.248662
11182 15.339381 -15.339381 82.247311
6177 6.385471 2.837346 97.162654
7530 6.381915 2.845126 97.154874
5267 6.370707 2.835345 97.164655
7531 6.373864 2.851408 97.148592
10782 6.356778 2.803044 97.196956
10781 6.348335 2.799165 97.200835
10317 6.142335 2.725014 97.274986
7821 6.130178 2.742453 97.257547
10200 3.408188 3.408188 63.155026
7951 6.400016 2.848077 97.151923
5424 6.287929 2.816023 97.183977
3147 15.272658 -15.272658 82.294107
6249 15.277246 -15.277246 82.330146
5921 15.284018 -15.284018 82.318146
11161 15.300003 -15.300003 82.288406
11240 15.299142 -15.299142 82.286510
11159 15.302637 -15.302637 82.280591
6777 83.298283 -15.601721 15.601721
1208 84.693878 -15.306122 15.306122
6822 6.373393 2.828749 97.171251
11215 6.331532 2.793214 97.206786
11197 6.339143 2.795645 97.204355
11216 6.334238 2.797739 97.202261
6823 6.360570 2.826560 97.173440
5299 6.260854 2.736830 97.263170
10980 6.433718 2.803781 97.196219
4671 6.547615 3.024904 96.975096
5936 24.149025 22.549861 22.549861
7879 10.976932 -10.976932 72.441013
10549 6.496380 2.984810 97.015190
11217 6.476874 3.010956 96.989044
9492 5.994764 2.569893 97.430107
9862 15.264110 -15.264110 82.288947
5879 15.255196 -15.255196 82.292897
1058 17.302262 -17.302262 26.783907
4934 89.995966 -10.004034 52.828811
2428 37.600015 37.600015 51.823577
5828 15.311191 -15.311191 82.312950
6250 15.305039 -15.305039 82.310958
4090 21.667287 -21.667287 66.650194
10571 6.619062 3.240504 96.759496
8981 15.375692 -15.375692 82.192440
8969 34.924709 23.089757 23.089757
3556 4.786040 -4.786040 92.295942
3558 3.761475 -3.761475 93.162125
13606 88.976788 -11.023212 86.864197
13552 89.191512 -10.808488 88.049047
14027 88.274897 -11.725103 86.682643
8584 70.640371 -24.542155 24.542155
7308 34.958896 -30.274937 69.725063
3149 15.267215 -15.267215 82.296988
4903 90.420859 -9.579141 75.026129
3594 19.442453 -19.442453 73.469838
5656 15.317249 -15.317249 82.281103
8654 15.775592 -15.775592 75.924891
5649 6.082075 2.663673 97.336327
7404 59.645639 40.354361 53.623163
7413 58.078368 41.921632 52.054141
1001 54.563557 14.797367 14.797367
5255 15.245846 -15.245846 82.294734
10443 42.154894 -31.807916 31.807916
1365 84.883721 15.116279 15.116279
9005 15.242959 -15.242959 82.334499
9066 15.250182 -15.250182 82.332618
10499 43.830376 -2.294778 2.294778
13411 80.586525 -18.237751 81.762249
3429 94.186047 5.813953 5.813953
5922 15.279518 -15.279518 82.316807
5603 91.176195 -8.823805 89.257756
4468 93.939394 -6.060606 93.939394
6312 61.719894 -38.280106 41.649296
9334 88.903582 -11.096418 15.577262
6417 69.635309 -10.464178 89.535822
5711 70.028683 10.153438 89.846562
8747 62.032274 -37.967726 40.205642
11092 15.269052 -15.269052 82.289657
7119 72.279100 10.304796 89.695204
9806 3.949351 -3.949351 67.279810
9895 12.700868 -12.700868 46.185507
10632 6.167648 2.748787 97.251213
13623 88.093666 -11.228255 88.771745
13608 87.150845 -11.446298 88.553702
14007 86.752726 -12.334138 87.665862
11212 6.304995 2.783377 97.216623
11211 6.293138 2.774601 97.225399
11213 6.305724 2.777693 97.222307
11173 6.291082 2.782860 97.217140
13241 6.268414 2.717911 97.282089
13254 6.270686 2.727470 97.272530
13451 6.257268 2.720595 97.279405
13448 6.275482 2.713326 97.286674
1247 56.559072 22.461542 77.538458
13509 6.242288 2.790204 97.209796
13520 6.233163 2.791275 97.208725
2163 6.379823 2.805781 97.194219
3403 15.246165 -15.246165 82.323449
2045 28.114918 -23.038004 23.038004
7190 15.084728 -15.084728 82.215386
11190 15.279222 -15.279222 82.285672
9736 26.133481 -26.133481 67.197111
8740 15.248887 -15.248887 82.357403
3996 15.317723 -15.317723 82.232845
5084 15.310968 -15.310968 82.234223
11174 6.270504 2.768107 97.231893
9328 0.000000 0.000000 47.619048
8371 54.139941 -33.694320 33.694320
71 93.162431 -6.837569 15.826125
9998 15.255959 -15.255959 82.300534
6713 15.582104 -15.582104 71.478086
6019 15.253852 -15.253852 71.807354
13749 15.338699 -15.338699 71.430182
3588 90.903325 -9.096675 86.790575
10029 6.301049 2.770660 97.229340
7822 6.156586 2.761994 97.238006
10635 92.529868 7.470132 74.249037
13259 6.277372 2.735953 97.264047
13474 6.283165 2.732785 97.267215
11208 6.260414 2.748853 97.251147
10108 7.222173 3.318920 96.681080
838 15.288016 -15.288016 82.265428
11209 6.254061 2.768847 97.231153
11198 6.319920 2.795131 97.204869
11204 6.325878 2.793967 97.206033
1521 65.637012 -34.362988 56.600784
11207 6.243753 2.754732 97.245268
14161 14.883531 -14.883531 71.978781
4654 15.028361 -15.028361 71.616289
14162 15.038579 -15.038579 71.905114
13522 6.261742 2.781115 97.218885
11192 15.276317 -15.276317 82.289107
13412 6.270552 2.747610 97.252390
13485 6.269750 2.752823 97.247177
6075 46.465024 -45.496772 45.496772
2300 88.986638 -11.013362 51.042367
13256 6.281801 2.743032 97.256968
13481 6.272564 2.739000 97.261000
13482 6.287273 2.739833 97.260167
13480 6.292179 2.745101 97.254899
11206 6.263018 2.757857 97.242143
13342 6.252404 2.751771 97.248229
13521 6.262153 2.776039 97.223961
11169 15.290269 -15.290269 82.292131
11235 15.290307 -15.290307 82.295515
11175 6.285474 2.764909 97.235091
13255 6.280471 2.748882 97.251118
13258 6.278573 2.755200 97.244800
9273 85.050220 -14.949780 58.845821
1942 57.946916 -19.422857 19.422857
13750 15.220270 -15.220270 71.328524
2164 6.382070 2.796627 97.203373
5412 6.346132 2.822832 97.177168
11214 6.342766 2.801065 97.198935
11196 6.337720 2.803178 97.196822
14159 15.918819 -15.918819 72.054707
14165 15.445991 -15.445991 71.820951
2840 4.220802 -4.220802 78.223488
11188 6.345655 2.805802 97.194198
11185 6.351508 2.804863 97.195137
13994 66.787144 -12.320431 87.679569
14008 67.557131 -11.949886 88.050114
11239 15.296961 -15.296961 82.290981
4686 19.641611 -19.641611 60.817765
11210 6.328391 2.799366 97.200634
13751 15.503465 -15.503465 71.273072
5920 15.285512 -15.285512 82.310382
13328 15.295500 -15.295500 82.296937
13542 15.294452 -15.294452 82.299163
13711 15.294259 -15.294259 82.298401
902 27.119940 -3.459792 3.459792
9670 28.732416 -3.432517 3.432517
8661 7.988244 -7.988244 63.191520
3544 15.331891 -15.331891 82.270928
11184 15.341646 -15.341646 82.256285
1504 68.278492 -31.721508 63.300293
4458 70.538986 10.642686 10.642686
11170 15.289624 -15.289624 82.288953
11164 15.286757 -15.286757 82.293686
11230 15.279641 -15.279641 82.289997
4891 15.259373 -15.259373 82.304189
3404 15.255721 -15.255721 82.313917
3243 82.104828 17.895172 36.444143
3405 15.252533 -15.252533 82.323920
5885 15.284085 -15.284085 82.255793
6465 11.726664 -11.726664 85.104776
2805 15.291348 -15.291348 82.281915
7749 98.301492 1.698508 36.581261
10460 3.613322 -3.613322 33.308311
11231 15.282394 -15.282394 82.287803
1755 20.852933 -20.852933 32.470549
3148 15.269423 -15.269423 82.299583
10398 15.263142 -15.263142 82.296063
11167 15.292622 -15.292622 82.283693
8246 15.295141 -15.295141 82.278121
13752 15.910997 -15.910997 70.334788
941 98.513563 -1.486437 28.064249
1099 98.117718 -1.882282 26.361996
7664 30.665159 -3.286986 3.286986
8929 15.286310 -15.286310 82.304599
5053 61.449778 37.194641 37.194641
13310 15.294942 -15.294942 82.296152
13687 15.294234 -15.294234 82.297774
13686 15.293621 -15.293621 82.297651
7259 15.309130 -15.309130 82.288189
13293 15.298304 -15.298304 82.314470
13324 15.298030 -15.298030 82.318027
13607 15.295136 -15.295136 82.318433
13702 15.299930 -15.299930 82.304694
13703 15.299314 -15.299314 82.304069
5914 15.263922 -15.263922 82.305528
836 15.293868 -15.293868 82.262408
11135 15.228399 -15.228399 82.073558
688 88.416603 -11.583397 65.607687
4372 56.082435 -32.471578 32.471578
6159 15.397192 -15.397192 82.190748
3021 88.042324 11.957676 29.984306
6494 14.247761 -14.247761 83.262706
4014 15.250982 -15.250982 82.246511
4016 15.272064 -15.272064 82.215524
10683 15.271432 -15.271432 82.234713
13836 16.269433 -16.269433 83.083964
13841 16.310832 -16.310832 83.208567
3264 60.018226 25.487739 25.487739
4015 15.246126 -15.246126 82.228306
6490 15.446832 -15.446832 82.116620
1118 1.981678 -1.981678 54.465274
5248 15.274721 -15.274721 82.245729
6044 15.285261 -15.285261 82.228120
13610 25.941694 -12.983413 87.016587
10835 58.564387 -9.280142 9.280142
168 94.416836 5.583164 32.539395
4976 89.634621 10.365379 79.315632
4921 4.493630 -1.876149 1.876149
4923 5.089270 -2.769621 2.769621
3474 3.253113 -1.994969 1.994969
3169 15.365746 -15.365746 82.165915
7953 84.615385 0.000000 100.000000
3735 15.352321 -15.352321 82.228777
10088 9.181243 -9.181243 62.584669
2756 82.872546 17.127454 21.902081
48 6.699568 2.797473 97.202527
7696 6.813598 3.324208 96.675792
11179 15.324788 -15.324788 82.273824
13612 34.443365 -14.051474 85.948526
13946 72.649245 -12.091667 12.091667
13947 71.762255 -11.998855 11.998855
13611 24.373581 -13.469747 86.530253
13571 21.224511 -16.360616 83.639384
13614 22.844129 -14.826688 85.173312
7482 74.764889 -14.805339 14.805339
6130 75.356043 -13.936959 13.936959
5020 21.921163 14.108519 14.108519
7377 23.388267 -23.388267 24.433654
2248 96.577639 -3.422361 11.188951
5343 81.874581 -18.125419 60.248163
189 27.250404 -6.614528 6.614528
6701 14.982177 -14.982177 82.926353
13574 31.852001 -15.653383 84.346617
4457 71.766531 10.122844 10.122844
6366 100.000000 0.000000 97.500000
7803 58.132289 -26.922436 26.922436
697 15.190772 -15.190772 82.354718
13615 33.099295 -14.832167 85.167833
4275 44.865243 42.919021 42.919021
9379 52.186838 35.094482 35.094482
3426 64.145577 -22.624632 77.375368
7228 3.497286 -3.497286 91.966179
9607 6.183546 2.870674 97.129326
13616 15.914601 -15.914601 82.304629
13617 15.924192 -15.924192 82.375338
6017 99.295040 0.704960 17.679555
3366 99.525864 0.474136 15.130412
2897 61.079882 38.920118 42.240438
5831 99.159969 0.840031 20.150783
8669 49.102201 -2.849317 97.150683
6345 53.223218 5.261533 5.261533
14000 80.218677 -13.436160 86.563840
3831 79.286597 -13.060690 86.939310
14009 79.083715 -14.029973 85.970027
9397 31.095644 31.095644 39.091452
14119 5.244766 5.244766 88.290243
2256 24.706296 -15.655093 84.344907
13618 27.222424 -12.744058 87.255942
6049 88.815766 -11.184234 52.884422
4314 12.742556 -12.742556 73.532178
4787 38.914342 18.656134 18.656134
9642 22.939192 -1.316485 1.316485
7979 11.823738 9.945746 90.054254
13523 11.427646 8.779222 91.220778
13524 12.130704 8.933486 91.066514
2049 10.650490 9.125727 90.874273
1946 11.411868 -11.411868 71.295365
9868 0.000000 0.000000 3.174603
14093 0.988694 0.988694 2.387692
6054 32.635128 20.923411 20.923411
13414 60.295639 -21.340937 78.659063
6736 11.248837 -11.248837 72.634895
13620 15.598517 -15.598517 82.796351
3801 24.335341 -9.928976 9.928976
5616 43.542176 5.494433 5.494433
3699 78.712055 -21.287945 72.355185
333 45.293553 -6.224344 6.224344
8627 15.176267 -15.176267 82.399086
4407 76.747432 23.252568 39.625326
5320 2.923721 -2.923721 93.839373
2570 60.411737 38.340467 38.340467
4424 14.095938 -14.095938 72.061631
5451 0.000000 0.000000 49.206349
9025 83.088163 4.055141 95.944859
961 88.108582 -8.566739 8.566739
5524 12.535859 -12.535859 83.935102
410 15.179418 -15.179418 82.283678
8657 71.154151 -3.484610 3.484610
1091 14.932559 -14.932559 82.366554
2417 78.862155 21.137845 44.323588
8567 14.280040 -14.280040 22.123933
10384 52.237320 -28.105678 28.105678
2064 24.465556 -24.465556 67.338039
10176 17.643432 -17.643432 62.497930
14010 82.639843 -10.808845 89.191155
14011 83.254152 -11.095194 88.904806
1336 34.455101 -34.455101 40.246579
45 0.822020 -0.822020 81.476293
2187 71.642023 7.580816 92.419184
11076 6.455548 2.768770 97.231230
14041 90.909091 -9.090909 90.909091
14028 90.509644 -9.490356 89.732842
10258 10.723509 -10.723509 55.314492
9732 6.397301 3.405411 96.594589
3226 18.281931 18.281931 46.439590
5647 46.037766 19.908078 19.908078
1873 60.453044 -39.546956 42.062474
7618 0.000000 0.000000 46.031746
8328 55.968892 24.286116 24.286116
4274 46.107879 42.998148 42.998148
13843 29.529498 26.969857 73.030143
3880 9.099564 5.326852 5.326852
13728 8.113034 5.044601 5.044601
13730 8.580669 5.620429 5.620429
3927 0.000000 0.000000 71.428571
7019 0.000000 0.000000 1.587302
9294 21.435577 -21.435577 38.955987
4829 40.526449 14.676340 14.676340
9033 84.008069 -15.991931 24.943713
13956 84.265523 -12.270435 12.270435
3174 51.643501 -26.186083 26.186083
10472 52.693417 -25.455980 25.455980
13958 81.467117 -12.168149 12.168149
13959 82.295712 -12.449866 12.449866
1740 84.461923 6.253043 6.253043
14148 20.947242 -5.232176 94.767824
14151 20.568621 -6.423932 93.576068
5479 98.312212 -1.687788 21.013163
13624 26.967925 -16.587403 83.412597
3552 15.957447 15.957447 84.042553
4259 17.021277 17.021277 82.978723
7792 11.808611 11.808611 81.486982
2123 11.945733 2.344505 2.344505
13600 24.384006 -17.165794 82.834206
13625 23.151721 -18.065833 81.934167
3299 95.857034 -4.142966 13.094929
1596 75.835718 -22.866259 22.866259
3104 69.229569 30.770431 33.354107
3142 60.204082 -39.795918 39.795918
4822 0.717303 -0.717303 45.359161
10863 1.541524 -1.541524 16.290614
8579 32.161338 -2.808445 2.808445
5078 34.615385 0.000000 100.000000
750 5.525411 -5.525411 53.047279
10279 33.955309 -3.177856 3.177856
14160 16.123882 -16.123882 72.115405
13351 82.534415 -17.465585 77.804076
9196 100.000000 0.000000 82.500000
9263 46.585141 -7.490390 7.490390
8165 45.008291 -0.595860 0.595860
7238 15.798404 -15.798404 73.756391
5319 2.043696 -2.043696 95.446908
7112 2.420880 -2.420880 93.240814
13769 14.137265 -14.137265 72.342247
340 12.487987 -12.487987 39.853495
8243 88.506979 -1.429246 98.570754
13787 12.480072 10.171294 10.171294
8166 13.520942 -13.520942 63.409298
13753 40.943498 -40.943498 42.278854
7153 65.557423 16.153561 16.153561
3597 4.545455 4.545455 4.545455
3595 7.352118 5.546158 5.546158
581 82.959909 -7.357915 7.357915
6688 36.647936 -20.844147 20.844147
3520 5.736238 3.303767 96.696233
10593 19.103360 -19.103360 60.709847
4 74.053576 -4.258835 4.258835
7815 69.248587 2.472114 97.527886
8908 87.467291 -12.532709 31.413428
7747 17.518358 -17.518358 69.255429
3668 20.537357 -20.537357 45.457244
4790 33.348115 -29.828751 29.828751
10286 34.156126 -31.033909 31.033909
7013 74.979541 -25.020459 63.357860
9837 100.000000 0.000000 72.500000
4317 15.118651 -15.118651 66.714853
10008 22.854118 -22.854118 28.776666
3098 18.042869 -18.042869 44.680909
2112 27.142467 10.539441 10.539441
2351 17.535723 -17.535723 45.338903
2406 3.108152 -3.108152 31.455392
13266 6.207901 2.538152 97.461848
13265 6.226881 2.563685 97.436315
13496 6.191094 2.549662 97.450338
3685 10.173993 -10.173993 55.540525
9727 4.544415 -4.544415 84.688600
2124 9.811771 2.088206 2.088206
3640 10.511700 1.089053 1.089053
10840 98.795864 -1.204136 18.460706
13729 7.235162 -7.235162 58.817114
5868 57.044173 36.108349 36.108349
1534 11.288016 6.416204 6.416204
13790 10.408108 6.056391 6.056391
13791 10.576166 6.389071 6.389071
13776 11.646644 7.786215 7.786215
1533 12.024894 7.348643 7.348643
13789 11.269079 7.380216 7.380216
13330 9.851057 5.146071 5.146071
13786 9.851932 5.588308 5.588308
10974 0.000000 0.000000 55.555556
5867 55.670206 37.137036 37.137036
2950 10.467465 -10.467465 31.645841
2951 9.546407 -9.546407 30.648718
1532 9.712105 6.208210 6.208210
13731 8.626524 5.976325 5.976325
7772 98.700177 1.299823 82.102075
1902 57.867478 37.073827 37.073827
13957 83.475793 -12.180759 12.180759
3509 10.543473 4.872460 4.872460
7732 12.412846 6.794333 93.205667
2334 14.504320 -14.504320 76.603563
402 18.014986 -18.014986 60.859316
2511 17.730248 -17.730248 61.553883
6257 7.786628 6.627977 6.627977
6447 77.476918 -22.523082 57.757974
13788 10.896434 6.875478 6.875478
13775 11.916176 8.482693 8.482693
1059 16.100916 -16.100916 26.991435
563 24.022827 -24.022827 53.722679
4980 55.582392 35.591292 35.591292
4210 78.205005 18.700976 18.700976
6969 33.933026 17.164297 17.164297
9017 18.637491 -18.637491 69.761376
8583 69.544501 -24.420355 24.420355
8774 70.707180 -18.272467 18.272467
4147 45.789258 14.300670 14.300670
13844 20.028700 -12.859621 87.140379
10143 44.297624 -40.942511 40.942511
4101 20.668308 -20.668308 67.504754
6607 19.669446 1.287781 1.287781
3341 93.909460 -6.090540 62.749336
8489 89.451159 -10.548841 31.923192
6828 10.575778 -10.575778 69.334177
7898 63.664460 -4.047622 4.047622
1729 80.633695 19.366305 24.795899
6153 7.026037 3.326017 96.673983
2528 27.777778 0.000000 0.000000
6282 77.272727 -22.727273 77.272727
7520 53.161246 -30.564834 30.564834
14170 80.804300 -19.195700 52.443085
14169 81.336632 -18.663368 52.627667
987 55.601076 10.484433 10.484433
14125 99.191068 0.808932 98.022931
8160 8.528456 -8.528456 75.307734
677 91.876453 8.123547 75.879399
13283 15.245582 -15.245582 82.451087
13295 15.237446 -15.237446 82.474163
13821 15.228507 -15.228507 82.466168
7896 62.490046 -4.466684 4.466684
13500 6.071566 2.399885 97.600115
13380 6.088024 2.440764 97.559236
6361 54.500361 39.604265 39.604265
8369 69.468237 -23.382353 23.382353
7752 78.636839 -21.363161 25.452262
9411 79.559824 -20.440176 24.564554
4559 84.153960 7.786569 7.786569
14126 98.312302 0.764701 99.235299
7614 58.946515 -14.388063 85.611937
13419 47.212329 -19.088779 80.911221
13421 48.076327 -19.403474 80.596526
8618 7.995436 -7.995436 85.910207
8726 25.323278 -12.781688 12.781688
2165 39.660760 -25.505333 25.505333
5806 35.055740 -22.362114 77.637886
4028 54.700274 22.360179 77.639821
986 55.637400 9.075337 9.075337
10532 92.612401 -7.387599 31.560407
10322 16.108291 -16.108291 35.665089
10526 64.720119 27.012970 27.012970
1586 13.953546 -13.953546 63.508309
9414 87.808632 12.191368 83.138721
11035 29.162732 -29.162732 53.923676
13626 15.412859 -15.412859 82.559924
13633 15.413344 -15.413344 82.526020
9926 88.571456 -11.428544 85.152127
14003 89.941468 -10.058532 86.611255
14013 89.725237 -10.274763 87.159278
7170 24.285725 -24.285725 28.515435
6226 11.095502 -11.095502 69.019650
8078 44.741278 -1.399300 1.399300
4544 11.306447 -11.306447 40.140419
6981 21.803668 -21.803668 27.548090
1417 51.902141 -22.613551 77.386449
13422 51.401211 -22.090206 77.909794
5763 60.839128 -39.160872 58.817854
7669 10.105002 -10.105002 23.536932
4634 0.000000 0.000000 36.507937
3567 23.552901 -17.398679 17.398679
13845 29.530850 26.231402 73.768598
7733 11.779582 7.952882 92.047118
10874 15.820718 -15.820718 59.318541
3585 44.015415 32.479283 32.479283
13760 15.017204 -15.017204 71.374152
943 98.457904 -1.542096 30.236267
729 92.166788 7.833212 90.216259
5179 4.510323 -4.510323 33.641891
10046 1.664791 -1.664791 53.650873
2783 82.319222 -17.680778 26.619795
13538 74.181374 14.584504 14.584504
1052 76.720921 23.279079 52.450358
1884 25.567566 -21.708934 21.708934
5296 14.813983 -14.813983 82.467560
6691 8.136301 -8.136301 74.402612
2093 19.855298 -19.855298 71.575783
9661 4.631461 -4.631461 42.269088
14152 17.712124 -6.458737 93.541263
14137 16.488603 -7.059538 92.940462
10189 50.000000 0.000000 100.000000
2182 9.662155 -9.662155 67.374318
2908 22.938381 -22.938381 47.527974
13961 87.454519 -12.545481 13.313347
8253 76.588309 18.263071 18.263071
13525 75.634260 17.856838 17.856838
13526 75.607780 18.407646 18.407646
4081 71.327265 -2.635140 2.635140
9933 0.979992 -0.979992 75.021347
1847 15.331955 -15.331955 80.544367
6152 7.028904 3.205411 96.794589
5794 52.718983 -8.223436 8.223436
1818 83.709598 16.290402 44.340517
5834 28.117401 6.377576 6.377576
13996 76.725393 -14.670340 85.329660
13997 76.133938 -14.295910 85.704090
14014 75.417357 -14.381570 85.618430
10785 67.897764 10.041834 89.958166
2185 69.602252 7.127948 92.872052
338 11.933217 -11.933217 39.990343
619 14.167146 -14.167146 46.437151
9986 0.541446 -0.541446 75.161962
9459 60.468554 33.677697 33.677697
14005 71.444766 -11.747917 88.252083
14015 70.550701 -11.871557 88.128443
8533 9.476816 -9.476816 63.238529
2567 14.390530 14.390530 77.682763
14128 98.557029 0.570142 0.570142
6827 46.145339 6.062842 93.937158
13594 87.343791 -12.656209 21.784060
13754 16.562133 -16.562133 69.511217
2128 12.445557 -12.445557 38.063118
4712 97.220924 2.779076 19.751183
14016 59.849393 -15.135858 84.864142
1491 2.609423 -2.609423 29.548644
8316 4.314203 -4.314203 73.762315
4870 95.347503 -4.652497 92.690427
2180 9.569598 -9.569598 68.263132
6725 40.309003 -10.605814 10.605814
9698 15.201835 -15.201835 82.379563
5969 15.541367 -15.541367 65.937017
6418 69.472997 -12.340564 87.659436
5474 43.532948 39.001709 39.001709
13846 28.729363 19.635664 80.364336
8401 67.208056 16.013586 16.013586
4290 97.715736 2.284264 62.511562
147 6.612892 2.878266 97.121734
7865 77.272648 -11.316866 11.316866
11031 13.101364 -13.101364 63.315919
4887 14.782963 -14.782963 65.746228
10859 75.988789 24.011211 35.329331
10190 48.626273 2.215085 97.784915
3779 60.267996 8.253219 91.746781
3953 73.764147 4.656966 4.656966
3173 40.805924 -13.770733 13.770733
1063 12.296852 -3.550357 3.550357
1307 0.702868 -0.702868 28.276642
7798 43.109664 -14.351616 14.351616
9855 2.320054 2.320054 59.220358
1882 74.879024 10.677683 10.677683
51 96.205280 3.794720 8.945346
10515 19.966472 -14.857293 14.857293
4316 15.319203 -15.319203 66.908069
1414 67.634844 7.796403 92.203597
10578 37.213773 -11.737998 11.737998
6692 72.319108 -27.680892 51.428976
3187 72.886106 -27.113894 50.034657
6693 73.649984 -26.350016 51.674354
4570 80.740677 19.259323 36.913814
7333 100.000000 0.000000 70.000000
6645 63.669456 -6.905954 6.905954
7954 84.217606 2.248784 97.751216
5510 0.343659 -0.343659 74.290464
14094 1.037695 1.037695 1.907105
3576 33.963811 -33.963811 42.781435
9615 7.241992 -1.170915 1.170915
10890 64.971071 -6.658570 6.658570
8199 17.307692 0.000000 100.000000
1057 16.407909 -16.407909 25.285560
13425 73.468694 -18.652912 81.347088
7457 23.199269 -23.199269 46.041205
5064 35.427036 13.594682 13.594682
8134 100.000000 0.000000 37.500000
13848 15.141408 -15.141408 82.729907
13849 15.151059 -15.151059 82.691687
13831 15.091491 -15.091491 82.806214
10136 51.909594 7.151633 7.151633
5262 74.788035 17.363407 17.363407
13267 6.149655 2.429368 97.570632
13246 6.161386 2.469732 97.530268
13499 6.202192 2.414317 97.585683
13503 6.186541 2.380606 97.619394
14018 77.968259 -14.044386 85.955614
10530 77.471192 -13.587554 86.412446
14019 78.539337 -14.007680 85.992320
13426 73.081459 -18.494250 81.505750
10911 17.776189 -17.776189 76.630444
9729 5.869825 -5.869825 45.870963
2776 14.917911 -14.917911 65.295602
13427 76.007537 -16.335078 83.664922
5197 94.519351 5.480649 40.678186
934 15.196346 -15.196346 82.467742
3972 6.015031 -6.015031 52.356269
14020 84.303790 -10.752556 89.247444
14079 71.108345 28.891655 41.841249
14080 71.537398 28.462602 41.415166
9157 23.730307 -16.004840 16.004840
4380 17.111918 8.156401 8.156401
13773 15.093939 -15.093939 80.574014
1008 53.871796 7.157980 7.157980
8550 7.422284 3.473950 96.526050
14153 13.759484 -3.315413 96.684587
5547 34.990714 -6.265245 6.265245
6487 5.360814 5.360814 48.307382
7358 75.503832 -11.618882 11.618882
6009 17.673359 -17.673359 63.852990
13962 80.809149 -11.922240 11.922240
14081 72.912246 27.087754 37.056820
13619 28.757434 -11.526299 88.473701
13963 88.617650 -11.382350 13.255667
14154 14.802729 -5.510897 94.489103
14144 13.583518 -6.062202 93.937798
5699 86.884113 -13.115887 17.216477
10194 86.111870 -13.888130 16.560713
10905 50.659359 -19.242900 80.757100
4131 14.874747 -14.874747 82.491585
6332 85.753902 -9.908138 90.091862
10411 87.764911 -8.475956 91.524044
1010 55.535492 6.478889 6.478889
6374 17.495163 -17.495163 62.156428
2512 18.192737 -18.192737 61.433902
2513 17.886230 -17.886230 62.045563
13755 15.733201 -15.733201 70.460472
13527 12.469605 9.351671 90.648329
9330 51.368978 -7.741575 7.741575
1026 15.171010 -15.171010 82.552163
2716 15.130256 -15.130256 82.489216
5904 15.424670 -15.424670 23.755793
6853 28.795073 0.858189 0.858189
13545 15.310758 -15.310758 82.415172
10570 6.077163 3.049846 96.950154
2420 20.459391 -14.580196 14.580196
3445 34.960604 17.718933 17.718933
9506 50.038291 -8.055267 8.055267
14021 58.843331 -15.540426 84.459574
4875 0.000000 0.000000 14.285714
2384 84.967562 -15.032438 61.163915
13428 85.535338 -14.464662 82.257196
2219 8.449317 8.449317 69.399439
9298 51.024312 47.464245 47.464245
9044 54.500360 38.045552 38.045552
8334 16.296493 -16.296493 71.680684
9549 19.817443 19.817443 49.507188
10673 16.946183 -16.946183 73.290124
8730 16.526635 -16.526635 73.676194
1901 58.554691 35.968650 35.968650
5903 62.627847 -19.383881 80.616119
14120 7.282626 7.282626 86.441552
6540 15.473112 -15.473112 83.036423
13631 15.658900 -15.658900 82.806581
6279 6.994495 -6.994495 40.836849
1593 34.875285 -5.329189 5.329189
14121 6.289930 6.289930 85.639215
13632 15.498596 -15.498596 82.649400
13566 15.508758 -15.508758 82.699883
9469 86.726671 -13.273329 39.852539
10004 0.000000 0.000000 73.015873
7790 6.537629 -6.537629 40.008437
3875 46.122078 -7.912693 92.087307
870 18.220914 -18.220914 69.753137
294 0.564354 -0.564354 68.988663
6797 55.922721 -15.801891 15.801891
10851 56.775022 -15.246199 15.246199
13597 15.414526 -15.414526 82.342979
8440 19.628972 -15.808828 15.808828
7702 43.380023 30.481692 30.481692
5342 57.074501 -23.975744 23.975744
4308 40.799116 -9.108974 9.108974
8268 5.470340 -5.470340 58.375977
4370 6.857155 -6.857155 37.513154
11180 15.331106 -15.331106 82.263153
7201 15.321698 -15.321698 82.259083
11227 15.317486 -15.317486 82.269017
11181 15.326997 -15.326997 82.259686
11149 15.321931 -15.321931 82.270886
3991 46.274637 38.117845 38.117845
1402 56.640688 -23.387062 23.387062
8832 54.352993 8.392580 8.392580
13272 15.296118 -15.296118 82.297831
2914 86.125571 -13.874429 45.719117
9618 45.639584 -15.210702 15.210702
4313 26.516381 -26.516381 46.210953
13243 15.292265 -15.292265 82.298318
13547 15.293817 -15.293817 82.296283
5698 87.655493 -12.344507 17.533907
3928 3.445809 3.445809 72.207711
7295 54.444804 -17.790477 17.790477
5935 23.863636 23.863636 23.863636
3397 96.536126 3.463874 21.468561
13756 17.110909 -17.110909 68.828760
13279 15.271865 -15.271865 82.362846
13866 15.276841 -15.276841 82.363582
5506 54.535000 -15.654434 15.654434
3208 27.569895 -22.113908 22.113908
7202 15.315792 -15.315792 82.265489
2231 34.333112 -7.026606 7.026606
91 50.000000 50.000000 50.000000
14095 4.115476 4.115476 8.903816
13430 52.347319 -21.758111 78.241889
13748 18.217269 -18.217269 67.901737
13352 83.169108 -16.830892 78.401353
11021 87.156201 -9.977283 90.022717
13965 87.647542 -12.352458 13.824604
13834 32.180682 28.901465 71.098535
6798 54.960378 -16.448555 16.448555
1009 55.671780 7.748890 7.748890
8044 9.796794 -9.796794 66.632595
14157 50.101902 -48.886814 51.113186
13737 15.074211 -15.074211 71.026953
2481 81.415712 -18.584288 32.509262
9032 53.849577 -14.915964 14.915964
1493 3.603973 -3.603973 30.206868
75 34.303875 -29.330603 29.330603
5074 32.543976 -28.663124 28.663124
4659 20.580558 -20.580558 61.332199
1471 20.454623 -20.454623 62.014859
13431 78.680810 -16.000566 83.999434
13967 74.944107 -12.164650 12.164650
900 25.912881 -2.775028 2.775028
339 12.180084 -12.180084 39.035642
13285 15.260258 -15.260258 82.396409
13864 15.269423 -15.269423 82.387082
13713 14.118510 -14.118510 71.767940
10303 44.052897 31.463556 31.463556
13757 15.644952 -15.644952 70.615924
13386 5.928653 2.208411 97.791589
4329 14.868971 -14.868971 83.147603
14155 8.590083 -3.611822 96.388178
14112 5.111136 5.111136 84.754281
10719 13.106429 -13.106429 62.557970
6847 48.979313 36.219045 36.219045
7068 5.769231 -5.769231 94.230769
3090 9.902587 -9.902587 54.741333
7995 15.356939 -15.356939 82.675572
14122 4.130476 4.130476 90.103721
14023 82.898734 -13.012208 86.987792
5454 62.212304 7.363605 7.363605
2589 20.865770 -20.865770 62.996403
869 6.798155 2.841992 97.158008
13971 87.250211 -12.749789 83.203490
13372 6.169277 2.304610 97.695390
13513 75.598079 18.859411 18.859411
13637 15.386894 -15.386894 82.343666
13636 15.390747 -15.390747 82.353884
13528 14.939486 11.383407 88.616593
8285 20.644184 -20.644184 62.501357
13242 15.288241 -15.288241 82.333235
13263 15.291250 -15.291250 82.324353
13683 15.293286 -15.293286 82.326529
13432 61.165387 -20.851935 79.148065
5878 12.514728 8.208995 8.208995
13850 14.667227 -14.667227 83.751741
13622 89.393939 -10.606061 89.393939
13975 88.030923 -11.969077 87.257681
13768 14.513673 -14.513673 72.127198
10179 59.333016 35.614746 64.385254
14158 98.602148 -0.603911 0.603911
13237 6.236008 2.610902 97.389098
13244 6.224066 2.586598 97.413402
13433 81.134788 -18.285000 81.715000
711 2.094219 -2.094219 27.577471
14025 84.802138 -10.939106 89.060894
14026 83.955727 -12.373039 87.626961
13287 15.228941 -15.228941 82.501034
13832 15.254593 -15.254593 82.474619
13972 87.454210 -12.545790 84.402304
13770 14.028622 -14.028622 72.692848
13569 88.289117 -11.710883 16.078982
13799 29.806037 25.255919 74.744081
10506 18.268105 -18.268105 70.196372
13847 27.950522 19.565354 80.434646
13270 16.406473 -16.406473 82.355837
13541 16.410220 -16.410220 82.493781
13826 14.765504 -14.765504 83.599214
13893 15.252040 -15.252040 82.415538
13872 15.245481 -15.245481 82.428498
14096 3.315958 3.315958 7.452281
13289 15.223204 -15.223204 82.587459
14070 76.656439 23.343561 24.524076
13758 14.871377 -14.871377 71.495492
13762 14.790897 -14.790897 71.261270
13763 15.213790 -15.213790 70.931802
13529 23.015041 -13.720959 13.720959
9537 14.712154 -14.712154 71.838067
13438 85.710805 -14.289195 82.050429
13435 85.763365 -14.236635 81.640363
13436 85.667948 -14.332052 80.950572
13437 84.811603 -15.188397 80.757745
13343 6.249358 2.762834 97.237166
13233 6.256304 2.761622 97.238378
13345 6.257557 2.765353 97.234647
13344 6.255355 2.757448 97.242552
13346 6.261295 2.761258 97.238742
13851 15.291300 -15.291300 82.302362
13329 15.289801 -15.289801 82.302690
13943 15.291296 -15.291296 82.301302
13900 15.288335 -15.288335 82.306852
13898 15.287983 -15.287983 82.305482
13441 6.273707 2.706078 97.293922
13440 6.278856 2.697756 97.302244
13302 15.294849 -15.294849 82.293688
13305 15.294775 -15.294775 82.292601
13677 15.295621 -15.295621 82.292473
13904 15.289519 -15.289519 82.298282
13906 15.290852 -15.290852 82.296389
13303 15.290952 -15.290952 82.297328
13304 15.291894 -15.291894 82.295681
13905 15.291945 -15.291945 82.296445
13852 15.291516 -15.291516 82.297752
13443 6.264575 2.625147 97.374853
13238 6.247930 2.631868 97.368132
13467 6.273392 2.661447 97.338553
13445 6.274538 2.648339 97.351661
13248 6.249778 2.650190 97.349810
13648 15.296128 -15.296128 82.293234
13449 6.242451 2.704612 97.295388
13450 6.252734 2.713397 97.286603
13452 6.282753 2.725421 97.274579
13453 6.280491 2.718534 97.281466
13800 15.283633 -15.283633 82.340818
13913 15.283930 -15.283930 82.337330
13274 15.278164 -15.278164 82.346597
13308 15.279849 -15.279849 82.340205
13273 15.294996 -15.294996 82.294800
13916 15.288639 -15.288639 82.301686
13914 15.288245 -15.288245 82.300838
13454 6.185154 2.576883 97.423117
13455 6.194852 2.563973 97.436027
13458 6.164948 2.261515 97.738485
13459 6.122086 2.481026 97.518974
13464 6.228908 2.526039 97.473961
13460 6.224611 2.497574 97.502426
13247 6.178158 2.506734 97.493266
13461 6.205780 2.462925 97.537075
13462 6.133198 2.507616 97.492384
13463 6.169018 2.527000 97.473000
13465 6.225925 2.647675 97.352325
13466 6.238930 2.659135 97.340865
13484 6.280959 2.688989 97.311011
13249 6.260888 2.667236 97.332764
13468 6.281226 2.679414 97.320586
13470 6.242983 2.668766 97.331234
13901 15.288329 -15.288329 82.308137
13313 15.297615 -15.297615 82.300207
13314 15.296943 -15.296943 82.302577
13689 15.295968 -15.295968 82.302292
13473 6.160263 2.350129 97.649871
13316 15.289230 -15.289230 82.311865
13315 15.288833 -15.288833 82.310563
13925 15.290357 -15.290357 82.309811
13312 15.289872 -15.289872 82.307806
13920 15.287846 -15.287846 82.309877
13319 15.286596 -15.286596 82.322469
13320 15.288536 -15.288536 82.318541
13930 15.289290 -15.289290 82.320019
13475 6.258449 2.726960 97.273040
13476 6.267381 2.732665 97.267335
13477 6.289157 2.754997 97.245003
13478 6.289496 2.749383 97.250617
13479 6.273248 2.743071 97.256929
13486 6.286300 2.759455 97.240545
13413 6.277920 2.760487 97.239513
13260 6.272368 2.757335 97.242665
13261 6.272452 2.761670 97.238330
13488 6.286565 2.736731 97.263269
13489 6.269543 2.736112 97.263888
13490 6.266844 2.755116 97.244884
13491 6.268668 2.758713 97.241287
13493 6.276588 2.763793 97.236207
13669 15.301543 -15.301543 82.310196
13697 15.301181 -15.301181 82.307463
13264 15.293299 -15.293299 82.309881
13262 15.294435 -15.294435 82.312044
13936 15.291864 -15.291864 82.313186
13700 15.301546 -15.301546 82.304613
13321 15.298910 -15.298910 82.307929
13307 15.297771 -15.297771 82.322503
13286 15.299644 -15.299644 82.325219
13598 15.294130 -15.294130 82.330106
13931 15.285864 -15.285864 82.320313
13929 15.283135 -15.283135 82.324712
13853 15.288550 -15.288550 82.323194
13494 6.265697 2.569791 97.430209
13495 6.246869 2.551873 97.448127
13497 6.178769 2.539463 97.460537
13268 6.108464 2.373042 97.626958
13501 6.210175 2.444912 97.555088
13502 6.037904 2.371959 97.628041
13471 5.997802 2.330619 97.669381
13685 15.296306 -15.296306 82.295154
13917 15.288595 -15.288595 82.302738
13640 16.345189 -16.345189 82.294432
13641 16.233777 -16.233777 82.574568
13271 16.183263 -16.183263 82.511987
13643 16.112254 -16.112254 82.669118
13644 16.208981 -16.208981 82.373172
13645 15.298152 -15.298152 82.296027
13646 15.296948 -15.296948 82.295802
13674 15.298892 -15.298892 82.297326
13234 15.292972 -15.292972 82.302161
13647 15.295014 -15.295014 82.299918
13649 15.296119 -15.296119 82.294467
13236 15.292955 -15.292955 82.295799
13650 15.294121 -15.294121 82.294977
13854 15.273817 -15.273817 82.346988
13855 15.272724 -15.272724 82.352605
5785 15.289522 -15.289522 82.341442
13856 15.282094 -15.282094 82.346100
13857 15.270260 -15.270260 82.358412
13275 15.276864 -15.276864 82.352865
13858 15.280660 -15.280660 82.354713
13859 15.282285 -15.282285 82.348780
13860 15.278941 -15.278941 82.333752
13861 15.277650 -15.277650 82.338523
13862 15.283999 -15.283999 82.335063
13891 15.261663 -15.261663 82.376704
4692 15.280352 -15.280352 82.383990
6111 15.655331 -15.655331 83.089454
13652 16.159564 -16.159564 82.358804
4690 15.286584 -15.286584 82.358762
13867 15.265332 -15.265332 82.365580
13868 15.264568 -15.264568 82.371197
13653 16.967923 -16.967923 82.213310
13657 17.496500 -17.496500 81.471904
13656 17.204597 -17.204597 82.104136
13629 17.752216 -17.752216 81.307591
13659 16.585279 -16.585279 82.391491
13870 15.238537 -15.238537 82.447835
13284 15.250987 -15.250987 82.433411
13297 15.258985 -15.258985 82.415110
13875 15.267872 -15.267872 82.393506
13876 15.251116 -15.251116 82.403452
13877 15.253421 -15.253421 82.406789
13660 15.303206 -15.303206 82.318264
13879 15.205410 -15.205410 82.525719
13880 15.246088 -15.246088 82.498604
13883 15.196987 -15.196987 82.542299
13881 15.192286 -15.192286 82.562904
13886 15.257030 -15.257030 82.554068
13888 15.190107 -15.190107 82.583068
13667 15.297801 -15.297801 82.335346
13664 15.296613 -15.296613 82.342238
13292 15.304580 -15.304580 82.331284
13666 15.309256 -15.309256 82.322138
13672 15.306721 -15.306721 82.320956
13294 15.301905 -15.301905 82.327716
13668 15.311152 -15.311152 82.324300
13318 15.298329 -15.298329 82.311348
13253 15.292415 -15.292415 82.317831
13671 15.295955 -15.295955 82.315103
13661 15.304534 -15.304534 82.321021
13662 15.296318 -15.296318 82.331707
13673 15.296387 -15.296387 82.334053
13298 15.260231 -15.260231 82.404385
13894 15.271004 -15.271004 82.404751
13895 15.267934 -15.267934 82.400780
13896 15.269097 -15.269097 82.395666
13897 15.252239 -15.252239 82.411282
13942 15.288172 -15.288172 82.303877
13250 15.293987 -15.293987 82.303899
13902 15.291680 -15.291680 82.305082
13921 15.291706 -15.291706 82.306658
13678 15.293988 -15.293988 82.294316
13239 15.293703 -15.293703 82.293700
13679 15.294313 -15.294313 82.293416
13907 15.291587 -15.291587 82.295137
13909 15.292407 -15.292407 82.295664
13908 15.292833 -15.292833 82.294732
13306 15.292681 -15.292681 82.294074
13680 15.295394 -15.295394 82.291861
13681 15.294252 -15.294252 82.292777
13910 15.292198 -15.292198 82.294029
13911 15.293359 -15.293359 82.293474
13682 15.301057 -15.301057 82.316932
13684 15.295040 -15.295040 82.322445
13912 15.275794 -15.275794 82.342014
13269 15.292848 -15.292848 82.299729
13918 15.291233 -15.291233 82.300429
13252 15.292363 -15.292363 82.307947
13922 15.290626 -15.290626 82.308557
13690 15.299079 -15.299079 82.300565
13688 15.299961 -15.299961 82.298184
13691 15.298746 -15.298746 82.302104
13317 15.296708 -15.296708 82.304580
13696 15.295478 -15.295478 82.306950
13695 15.294571 -15.294571 82.306847
13693 15.295477 -15.295477 82.303411
13692 15.295008 -15.295008 82.304877
13923 15.286685 -15.286685 82.312499
13924 15.287217 -15.287217 82.313525
13326 15.289166 -15.289166 82.313615
13926 15.290983 -15.290983 82.310869
13327 15.297343 -15.297343 82.305661
13694 15.298869 -15.298869 82.303046
13698 15.295590 -15.295590 82.313433
13699 15.296817 -15.296817 82.310840
13938 15.280881 -15.280881 82.329162
13932 15.287036 -15.287036 82.317697
13322 15.289439 -15.289439 82.315392
13933 15.291174 -15.291174 82.315842
13701 15.296820 -15.296820 82.309445
13323 15.297751 -15.297751 82.307105
13935 15.287323 -15.287323 82.316090
13937 15.290975 -15.290975 82.312772
13704 15.295747 -15.295747 82.308629
13705 15.296188 -15.296188 82.309306
13706 15.301239 -15.301239 82.314907
13670 15.300831 -15.300831 82.313711
13707 15.294864 -15.294864 82.320815
13939 15.287544 -15.287544 82.326456
13940 15.291106 -15.291106 82.311784
13941 15.286956 -15.286956 82.315601
13927 15.287317 -15.287317 82.314550
13708 15.299414 -15.299414 82.303132
13709 15.295467 -15.295467 82.307780
13710 15.296744 -15.296744 82.295222
13794 9.428440 5.112160 5.112160
13795 9.921636 4.902865 4.902865
13410 73.619808 -16.547445 83.452555
13420 46.360037 -18.757485 81.242515
13487 6.282067 2.760012 97.239988
13446 6.272174 2.636065 97.363935
13472 5.967058 2.289253 97.710747
13498 6.243509 2.540760 97.459240
13469 6.279452 2.669914 97.330086
13492 6.268661 2.761587 97.238413
14029 89.962883 -10.037117 88.362979
13621 15.982889 -15.982889 82.369152
13665 15.296639 -15.296639 82.347499
14033 89.960276 -10.039724 87.911052
14024 88.035544 -11.964456 85.532184
14034 88.092499 -11.907501 86.064263
14035 86.193783 -12.219364 87.780636
14040 86.536478 -10.946856 89.053144
14036 87.456422 -10.650995 89.349005
13609 86.215739 -11.661544 88.338456
14038 85.407385 -12.510288 87.489712
14039 85.202923 -12.269429 87.730571
14042 89.331887 -10.103427 89.896573
14043 87.878788 -12.121212 87.878788
14037 88.192735 -10.583492 89.416508
14045 87.272204 -12.329992 87.670008
13627 85.562335 -11.587577 88.412423
14046 84.846897 -12.331191 87.668809
14031 84.640069 -12.211210 87.788790
14047 86.291693 -10.856881 89.143119
13764 15.111196 -15.111196 71.367469
13761 14.735113 -14.735113 71.601167
14166 14.836751 -14.836751 71.637754
14171 14.924593 -14.924593 71.370589
14172 14.736564 -14.736564 71.499946
13829 15.480669 -15.480669 83.423402
13873 15.240523 -15.240523 82.439651
13903 15.291462 -15.291462 82.304201
13919 15.291136 -15.291136 82.299697
13928 15.290733 -15.290733 82.310123
13934 15.290354 -15.290354 82.318058
13960 82.893509 -12.359121 12.359121
14044 88.776206 -10.301417 89.698583
14067 75.088059 24.911941 32.919957
14063 77.456210 18.522585 18.522585
14156 8.615897 -2.907344 97.092656
