7129 35.046530 -32.799057 32.799057
2945 35.407472 -33.267068 33.267068
7130 34.858449 -33.141543 33.141543
7073 40.830109 -26.649259 73.350741
13236 40.734208 -26.347467 73.652533
499 40.404520 -26.620013 73.379987
4999 38.648082 -30.611126 69.388874
1244 39.074140 -30.319398 69.680602
4248 38.640019 -30.087516 69.912484
17612 63.333606 -14.868637 85.131363
2665 63.768108 -14.998114 85.001886
7846 63.957670 -14.578800 85.421200
5058 84.950315 -15.049685 37.963203
7630 85.427913 -14.572087 37.924486
16072 85.039087 -14.960913 39.188835
8957 83.342915 -12.825311 87.174689
8958 83.390791 -13.037005 86.962995
7013 83.842907 -12.652202 87.347798
15788 21.362282 -20.315985 79.684015
7122 20.526316 -20.526316 79.473684
17674 21.052632 -21.052632 78.947368
3997 62.098774 -37.901226 57.715768
9190 61.859090 -38.140910 59.893472
11653 61.198765 -38.801235 59.118224
18347 66.121121 -10.031021 10.031021
14974 65.212480 -10.067332 10.067332
8347 65.793138 -9.439607 9.439607
3698 90.532033 9.467967 85.492705
3697 91.000000 9.000000 91.000000
9744 91.080425 8.919575 82.204752
16745 82.906915 -6.374252 93.625748
3198 82.375267 -6.226914 93.773086
16358 81.954715 -6.746953 93.253047
6875 53.399741 -39.636298 60.363702
14811 52.825287 -39.677589 60.322411
4811 52.952253 -40.327073 59.672927
12238 46.056598 -12.621666 87.378334
1687 45.416044 -12.175925 87.824075
15684 45.146960 -12.832486 87.167514
16496 65.420561 0.000000 100.000000
23559 72.272321 7.634910 92.365090
23504 74.436320 10.816347 89.183653
12154 71.988717 8.946824 91.053176
6399 93.311422 6.688578 77.938026
18160 93.178175 6.821825 83.996705
18599 93.858362 6.141638 81.632553
3759 84.884814 -4.472768 95.527232
12271 83.915482 -4.662792 95.337208
8289 84.123023 -5.053145 94.946855
3078 34.797594 -27.081516 27.081516
4481 35.017772 -27.259505 27.259505
18576 34.775197 -27.318431 27.318431
11099 80.778901 -16.637930 83.362070
11098 81.106079 -16.387456 83.612544
14955 80.877521 -16.407484 83.592516
13470 69.309823 -17.957456 82.042544
14275 69.534098 -17.502023 82.497977
13477 68.882308 -17.798724 82.201276
5327 59.090909 -40.909091 59.090909
5328 58.642219 -40.836173 59.163827
5326 58.441558 -41.558442 58.441558
3424 38.915279 -25.771970 74.228030
3425 39.027671 -25.762989 74.237011
3426 38.968968 -25.665659 74.334341
3259 59.836123 -10.053374 10.053374
16674 60.539392 -9.461588 9.461588
3184 60.716533 -10.165471 10.165471
5179 80.855729 -5.342486 94.657514
5177 81.728723 -4.999956 95.000044
5178 81.072510 -4.934436 95.065564
15232 62.641998 -34.234090 65.765910
15136 62.520864 -35.045350 64.954650
19036 63.258019 -34.207263 65.792737
19387 27.296635 27.296635 53.004009
7596 27.418425 27.418425 52.782019
7595 27.213834 27.213834 52.730078
34 71.922317 -11.363823 88.636177
35 71.200575 -11.431793 88.568207
33 71.151841 -11.836101 88.163899
7841 55.298641 -28.125934 71.874066
1241 55.295531 -27.665136 72.334864
1240 54.891245 -28.039370 71.960630
1246 53.453602 -8.498797 8.498797
1245 54.186660 -8.882358 8.882358
1593 53.404994 -9.217141 9.217141
6510 44.322683 -40.403690 40.403690
10620 44.827414 -40.338548 40.338548
1056 44.728923 -41.064405 41.064405
41 44.116084 -41.129872 41.129872
10806 87.701164 -10.501070 89.498930
12384 88.163006 -9.967566 90.032434
13987 87.356355 -10.417828 89.582172
15120 27.905134 27.905134 69.589311
13780 28.443138 28.443138 67.790140
3689 27.245474 27.245474 68.983937
18256 46.444492 -11.112661 11.112661
18255 46.224574 -11.757075 11.757075
17622 45.725649 -11.164815 11.164815
17044 69.244674 30.755326 58.626335
18680 69.170684 30.829316 55.255753
18420 68.687204 31.312796 58.678237
3796 69.712496 30.287504 55.399391
11848 54.053767 -42.563085 57.436915
8685 54.550833 -42.237676 57.762324
1295 54.202449 -41.877943 58.122057
12603 72.746742 -22.033052 22.033052
14313 73.288884 -22.458753 22.458753
10875 72.275202 -22.699697 22.699697
14617 55.084793 -7.772695 92.227305
5561 55.348452 -8.404301 91.595699
17592 55.922755 -7.918347 92.081653
841 35.528320 -27.767178 27.767178
843 35.375658 -27.603755 27.603755
18214 35.569602 -27.607483 27.607483
4524 75.834136 -22.841853 77.158147
16921 75.142853 -23.486107 76.513893
4702 75.701735 -23.531324 76.468676
11500 51.044746 -38.006623 61.993377
7029 51.385982 -37.200053 62.799947
16556 50.808425 -37.581035 62.418965
2427 90.857408 -9.142592 64.828887
4886 90.819431 -9.180569 61.609372
7400 91.418303 -8.581697 62.290804
4556 24.597563 -15.981179 15.981179
4557 25.647071 -16.047418 16.047418
4558 24.820180 -16.820949 16.820949
18852 94.292789 -5.707211 89.435794
10445 94.872033 -5.127967 90.261261
11658 94.526203 -5.473797 92.167259
2366 64.209327 -2.546299 2.546299
2807 64.667345 -1.908537 1.908537
15341 65.268988 -2.341959 2.341959
1130 68.636251 -29.590962 70.409038
15103 68.634933 -30.150014 69.849986
12440 69.097094 -29.648418 70.351582
15471 82.506368 -17.493632 74.438987
15470 82.698498 -17.301502 77.234571
5655 82.001435 -17.998565 76.317722
5199 37.786344 -26.946405 26.946405
858 38.089197 -27.176543 27.176543
3274 37.733041 -27.332821 27.332821
31 86.429688 -10.402086 89.597914
14917 85.625907 -10.933015 89.066985
11443 86.121394 -10.940101 89.059899
6666 46.180344 -34.184977 34.184977
19336 46.076761 -34.872720 34.872720
4586 45.566494 -34.389378 34.389378
15973 45.590371 -35.141443 35.141443
16327 20.802456 20.802456 64.398491
9205 19.892639 19.892639 65.175521
2033 20.381084 20.381084 66.150404
15637 78.037099 -16.956168 83.043832
14131 77.824919 -16.942505 83.057495
15291 77.784840 -17.221363 82.778637
1144 26.643875 -18.256300 81.743700
4172 25.530946 -18.215946 81.784054
4171 26.025152 -18.992415 81.007585
204 73.456396 -14.704844 85.295156
17648 72.954570 -14.523345 85.476655
18392 72.745649 -15.098967 84.901033
11343 14.780405 7.384498 92.615502
11344 15.398520 6.844067 93.155933
4911 16.090364 10.846302 89.153698
14067 52.758668 -8.159801 8.159801
9691 52.092862 -8.441894 8.441894
16994 52.172189 -7.883480 7.883480
13587 30.173227 -12.562457 87.437543
14085 30.976206 -11.976498 88.023502
14084 30.109472 -11.708147 88.291853
4463 81.483638 -2.945265 2.945265
6166 81.971251 -2.546362 2.546362
648 82.311359 -2.847475 2.847475
10213 89.608459 -3.255565 96.744435
12000 89.946453 -3.477178 96.522822
11200 90.782309 -3.021440 96.978560
9621 37.695856 -10.318754 89.681246
6876 37.187049 -9.782194 90.217806
18439 36.849237 -10.491547 89.508453
3250 55.396541 -34.669732 65.330268
3249 54.709457 -34.865829 65.134171
10918 55.029746 -35.274354 64.725646
1320 86.353021 -12.942087 87.057913
1319 85.897517 -13.551343 86.448657
11578 86.533594 -13.149458 86.850542
16677 71.028037 0.000000 100.000000
16675 71.962617 0.000000 100.000000
23505 77.981327 7.416220 92.583780
955 40.097799 19.226580 80.773420
953 39.532590 17.155530 82.844470
954 41.391066 19.797674 80.202326
5017 60.640217 -22.352308 77.647692
10509 60.167175 -22.308874 77.691126
9311 60.184630 -22.739418 77.260582
13474 56.992128 -10.554534 10.554534
16687 56.327719 -10.147240 10.147240
1796 57.127185 -9.845452 9.845452
15395 4.498635 -4.498635 56.437188
17296 4.578190 -4.578190 42.994542
16762 5.060138 -5.060138 58.644853
7102 30.555556 0.000000 0.000000
5978 29.629630 0.000000 0.000000
16181 31.472113 1.897834 1.897834
4839 37.081997 -30.701289 30.701289
9141 37.014978 -30.845926 30.845926
9142 36.923586 -30.698250 30.698250
13590 51.991190 -33.258671 33.258671
1023 51.840811 -33.979296 33.979296
19173 51.502156 -33.340554 33.340554
5695 47.775528 -25.975295 74.024705
5740 48.117296 -26.143181 73.856819
5739 48.177061 -25.742180 74.257820
14234 88.948875 -9.659679 9.659679
7450 88.216241 -9.555783 9.555783
11349 89.099062 -8.970925 8.970925
1034 50.652374 -15.014088 84.985912
5113 50.167566 -15.565729 84.434271
15107 50.980092 -15.444855 84.555145
19149 48.514451 -38.025304 38.025304
15423 48.040263 -37.627868 37.627868
729 48.552609 -37.182566 37.182566
11841 52.468538 -11.021324 11.021324
14503 51.706724 -10.851960 10.851960
2010 52.402658 -10.266125 10.266125
2011 51.502755 -10.105100 10.105100
14092 37.883859 -22.606476 77.393524
5975 37.581597 -22.858493 77.141507
18064 37.950406 -22.907051 77.092949
4662 73.027419 -15.706252 84.293748
13970 72.789975 -16.245615 83.754385
10686 73.481953 -15.807053 84.192947
1696 56.793296 -3.192300 96.807700
1697 57.356121 -3.481553 96.518447
1698 57.473668 -2.961560 97.038440
6456 77.777778 0.000000 0.000000
16277 78.703704 0.000000 0.000000
11391 78.372985 -0.360401 0.360401
8378 33.484801 -17.355478 82.644522
8379 33.957070 -17.736958 82.263042
8380 34.125266 -17.062675 82.937325
11379 57.945168 -4.171789 95.828211
11378 58.551476 -4.425293 95.574707
13518 58.711249 -3.832252 96.167748
15182 90.417126 -9.582874 26.507241
16055 90.301587 -9.698413 29.471322
15000 89.652881 -10.347119 28.927483
16746 51.264536 -14.870273 14.870273
3256 50.661090 -14.400555 14.400555
17925 51.461779 -14.114900 14.114900
1289 63.819616 -36.180384 53.442940
1290 64.430575 -35.569425 54.718794
1291 63.500230 -36.499770 55.312722
5733 42.683754 -41.681734 58.318266
5735 43.214634 -42.126178 57.873822
6156 43.257099 -41.204967 58.795033
14314 64.324306 -17.565134 82.434866
19218 64.918310 -17.517403 82.482597
4337 64.976387 -17.095490 82.904510
15641 62.202648 -33.289905 33.289905
10832 61.905801 -34.041000 34.041000
17214 61.473714 -33.666390 33.666390
4037 23.809524 23.809524 23.809524
3296 23.561147 23.561147 24.610176
11817 24.714264 24.714264 25.609650
14068 3.959702 3.959702 31.954738
7616 4.476523 4.476523 28.460220
3479 3.481996 3.481996 25.482491
8791 19.395299 19.395299 31.213147
4748 19.377599 19.377599 32.882583
6384 20.197160 20.197160 32.770879
333 37.918651 -25.302025 74.697975
334 38.033616 -25.389988 74.610012
332 38.066499 -25.226070 74.773930
2907 42.135016 -27.147434 72.852566
2906 41.840868 -27.360223 72.639777
1190 42.165037 -27.464199 72.535801
14750 91.748035 -2.894422 97.105578
18902 91.975031 -2.433682 97.566318
10634 13.164305 13.164305 26.998079
2672 13.103427 13.103427 29.512614
5376 14.098632 14.098632 29.475256
877 28.181471 28.181471 44.711869
875 28.240031 28.240031 44.828121
876 28.254117 28.254117 44.710012
5647 28.129461 28.129461 44.814062
6685 46.714617 -25.676567 74.323433
11723 46.967414 -25.994987 74.005013
19063 47.134764 -25.530764 74.469236
4716 1.790384 -1.790384 53.591228
18427 1.607060 -1.607060 59.368984
1516 1.352927 -1.352927 52.629426
2857 28.092070 9.347962 90.652038
2858 26.888368 5.979029 94.020971
2856 28.450945 8.014489 91.985511
17795 49.949299 -19.868648 19.868648
7774 50.721571 -19.948418 19.948418
5037 50.241242 -20.554667 20.554667
14480 42.931242 -26.112776 73.887224
10729 43.294614 -25.984863 74.015137
10728 43.050673 -25.700586 74.299414
9574 49.607462 -23.106199 23.106199
9573 50.113776 -23.573975 23.573975
15825 49.284079 -23.859516 23.859516
14889 42.703121 -39.132181 39.132181
17001 42.322221 -39.268965 39.268965
16981 42.394409 -38.667653 38.667653
2669 55.432334 -34.861696 34.861696
16414 55.843020 -35.242709 35.242709
2667 55.130891 -35.750754 35.750754
671 48.023604 -36.892742 36.892742
12102 48.371964 -36.557530 36.557530
4046 37.747884 -26.895739 73.104261
4044 37.560330 -26.760817 73.239183
4045 37.509389 -26.983042 73.016958
3508 80.165053 -17.448152 82.551848
17133 80.520062 -17.171413 82.828587
10098 80.244813 -17.183882 82.816118
7869 51.172367 -39.907576 39.907576
16426 51.662104 -40.131826 40.131826
14095 51.285182 -40.827046 40.827046
7143 19.436802 5.529171 5.529171
7144 20.991060 8.357758 8.357758
7145 20.478239 5.681850 5.681850
889 34.902758 -28.474145 28.474145
4706 34.714701 -28.334074 28.334074
460 34.937082 -28.313661 28.313661
2929 58.019518 -16.437990 16.437990
2928 58.690907 -16.425177 16.425177
13133 58.404112 -17.010603 17.010603
3132 72.393311 -10.788227 89.211773
693 72.061366 -10.463793 89.536207
7751 71.610238 -10.991593 89.008407
5432 70.745986 -6.439870 6.439870
14297 71.716127 -6.796752 6.796752
227 70.654895 -7.194090 7.194090
19395 27.926849 27.926849 44.639196
19424 27.998490 27.998490 44.694076
18747 27.988456 27.988456 44.595325
5954 30.618826 -26.104862 26.104862
22929 29.992150 -26.229738 26.229738
12729 29.967806 -25.598946 25.598946
17988 50.542550 -27.997196 72.002804
17989 50.104463 -28.312686 71.687314
18289 50.527547 -28.462285 71.537715
18839 88.333333 11.666667 11.666667
12960 87.777778 12.222222 12.222222
12959 88.258817 11.741183 16.666745
3285 99.366751 0.633249 37.459076
3286 99.342102 0.657898 32.750929
3287 98.692835 1.307165 35.488208
18708 77.822874 -20.943382 79.056618
13947 77.686115 -20.718346 79.281654
11401 77.201733 -21.390800 78.609200
4298 37.546339 -13.560285 86.439715
4297 36.755553 -13.495776 86.504224
17776 37.020952 -14.147119 85.852881
15806 49.437594 -47.751524 52.248476
6508 50.424579 -47.148331 52.851669
3298 49.895518 -46.572985 53.427015
589 68.590847 -13.965660 13.965660
2450 68.835905 -14.447035 14.447035
590 68.100978 -14.605814 14.605814
19080 75.854092 -15.149097 84.850903
18205 75.243156 -15.237448 84.762552
4318 75.382160 -15.569117 84.430883
10379 37.479511 -27.614340 72.385660
10378 37.615168 -27.350604 72.649396
17275 37.331326 -27.358791 72.641209
9940 76.435132 -12.463586 12.463586
6540 75.876919 -13.093283 13.093283
9685 75.566947 -12.547437 12.547437
2270 29.259541 29.259541 45.235293
4713 29.298836 29.298836 44.804433
4712 29.002796 29.002796 44.924575
4609 73.153230 -12.772957 87.227043
4610 73.869991 -12.388265 87.611735
4611 73.337366 -12.292438 87.707562
6643 84.522135 -5.593867 94.406133
16786 83.801158 -5.977575 94.022425
7726 84.718226 -5.917369 94.082631
1064 36.164786 -27.821880 27.821880
1063 36.403826 -27.763019 27.763019
15750 36.365840 -27.980874 27.980874
13812 26.795306 26.795306 53.105537
4212 26.715834 26.715834 53.555833
19355 26.984813 26.984813 53.383300
852 82.640200 -17.359800 39.567662
851 82.725547 -17.274453 40.481909
18443 82.379965 -17.620035 40.451516
17598 59.725571 -40.274429 48.485252
16764 60.393617 -39.606383 49.303338
16864 59.632652 -40.367348 50.795402
1826 33.260099 -3.136742 96.863258
1828 32.915869 -3.979709 96.020291
608 33.869298 -3.833968 96.166032
8695 71.977075 -26.107758 73.892242
8696 72.087761 -25.507386 74.492614
8694 71.468212 -26.107922 73.892078
16602 71.037299 28.962701 48.017780
5377 71.637190 28.362810 47.608510
7580 71.319690 28.680310 44.392995
16578 75.118862 -20.159423 79.840577
2025 75.508265 -19.720437 80.279563
16503 75.040222 -19.852022 80.147978
8233 47.423971 -1.849137 1.849137
18655 48.050538 -1.504274 1.504274
13848 48.104168 -2.184753 2.184753
8506 56.996579 -4.834556 4.834556
8505 57.914440 -4.473822 4.473822
4693 57.878971 -5.213160 5.213160
2515 79.970726 -15.485996 84.514004
6904 80.189207 -15.445600 84.554400
1067 80.201701 -15.271504 84.728496
1104 46.274358 -23.726954 76.273046
14100 46.220405 -24.132882 75.867118
1102 46.569267 -23.928311 76.071689
9735 98.070582 1.929418 17.736392
13127 98.560126 1.439874 16.813044
2342 98.046975 1.953025 13.333101
11543 51.226398 -5.359568 5.359568
11541 50.219413 -5.183355 5.183355
11542 50.873171 -4.531323 4.531323
150 31.371359 31.371359 46.558295
4147 32.065256 32.065256 46.584367
2992 31.624260 31.624260 45.852703
4330 88.785047 0.000000 100.000000
4329 87.484973 -0.343237 99.656763
13478 88.144159 -0.426467 99.573533
4492 84.391438 -15.255795 84.744205
4118 84.415584 -15.584416 84.415584
4491 85.064935 -14.935065 85.064935
1842 68.520163 -22.438928 77.561072
4889 68.813949 -22.610698 77.389302
3489 69.061521 -22.136010 77.863990
5517 31.383537 -25.777739 74.222261
12984 31.453738 -26.549361 73.450639
16074 31.968221 -26.152084 73.847916
12248 29.594012 -25.437877 74.562123
10867 28.974077 -25.916783 74.083217
1260 29.797574 -26.115121 73.884879
12792 68.119551 -31.880449 63.648437
1465 67.447541 -32.552459 63.628886
19166 67.877532 -32.122468 62.478927
7670 60.288089 -0.549033 99.450967
4418 60.747664 0.000000 100.000000
4356 59.813084 0.000000 100.000000
12021 74.210246 -25.311821 74.688179
12236 74.025974 -25.974026 74.025974
12235 74.675325 -25.324675 74.675325
6522 36.426425 -29.648962 29.648962
14529 36.368148 -29.505596 29.505596
3581 36.526541 -29.559072 29.559072
19091 51.599682 -33.168170 66.831830
12371 51.296242 -32.853402 67.146598
9926 51.034619 -33.387008 66.612992
6549 46.528703 46.528703 48.561821
6550 45.522150 45.522150 47.373791
6548 44.487231 44.487231 48.284378
18602 54.386031 -35.846287 35.846287
2668 54.800481 -35.072007 35.072007
12967 65.167548 -20.159834 20.159834
12968 65.571257 -20.570262 20.570262
9449 64.663024 -20.837536 20.837536
19290 39.232637 -30.486567 30.486567
18910 38.872351 -30.505869 30.505869
19289 38.961882 -30.184630 30.184630
16645 2.439024 2.439024 97.560976
14003 1.219512 1.219512 98.780488
23500 1.652565 0.999778 99.000222
14143 1.869159 0.000000 100.000000
23501 2.501452 1.785309 98.214691
923 49.653258 -11.906270 88.093730
2067 48.945767 -11.773998 88.226002
9764 49.108733 -12.360725 87.639275
12416 62.549745 -18.169918 81.830082
5208 61.987400 -18.562684 81.437316
14249 62.518103 -18.648643 81.351357
3776 85.459885 -14.120594 85.879406
4323 85.124174 -14.008519 85.991481
3777 84.707578 -14.551174 85.448826
9865 41.521138 13.498963 86.501037
13770 43.399368 14.837480 85.162520
11493 44.800748 18.353282 81.646718
1161 63.289914 -22.809400 77.190600
8154 63.587607 -22.367113 77.632887
8153 63.088712 -22.534410 77.465590
2830 37.392632 37.392632 52.771775
2832 38.432956 38.432956 53.119716
12813 38.387192 38.387192 52.051856
3060 72.289733 -19.261305 80.738695
3061 71.758043 -19.471457 80.528543
3059 71.970650 -19.646263 80.353737
14420 47.282558 -25.097898 74.902102
14421 46.915150 -24.795361 75.204639
6683 46.842139 -25.276090 74.723910
2674 75.083924 24.916076 44.092543
11553 74.623119 25.376881 45.669316
2675 75.085030 24.914970 47.731282
9207 19.150657 19.150657 65.880007
6437 18.499708 18.499708 67.404073
2034 19.470316 19.470316 66.869362
18990 46.135856 -29.587310 29.587310
11890 45.696227 -29.184217 29.184217
11889 46.211451 -28.958481 28.958481
697 27.186810 27.186810 59.381596
14082 26.587712 26.587712 60.209763
14081 27.089823 27.089823 60.589245
13577 66.152392 -13.121042 13.121042
6124 66.759350 -12.520700 12.520700
13585 66.946343 -13.144837 13.144837
8827 77.865317 -16.062968 83.937032
8825 78.368971 -15.638786 84.361214
8826 77.972668 -15.627016 84.372984
8836 86.447685 -13.552315 17.382465
17782 87.002681 -12.997319 16.766979
2383 86.660474 -13.339526 19.068919
1443 28.037383 0.000000 100.000000
5133 27.102804 0.000000 100.000000
5135 27.625665 -1.014174 98.985826
14628 73.022791 -7.566864 7.566864
2057 73.957787 -7.662352 7.662352
3216 73.190920 -8.232314 8.232314
8563 65.789601 -27.145207 72.854793
12774 66.261265 -26.844110 73.155890
8564 65.884527 -26.705660 73.294340
11898 35.842579 -12.080602 12.080602
10921 34.926013 -12.261129 12.261129
16631 35.605424 -11.348196 11.348196
1964 88.705195 -11.294805 77.402109
16469 89.345253 -10.654747 77.415520
17738 88.910959 -11.089041 80.397319
10131 75.659429 -9.853996 90.146004
11958 75.780564 -9.421680 90.578320
11959 75.055916 -9.789994 90.210006
15254 49.794197 -10.304926 10.304926
13810 48.733628 -10.513840 10.513840
10742 48.954049 -9.594277 9.594277
7874 34.270859 -32.946206 32.946206
11484 34.123821 -32.413838 32.413838
7131 34.591728 -32.734705 32.734705
2029 59.838869 -29.818920 29.818920
4950 59.341380 -29.354801 29.354801
4951 60.023569 -29.011260 29.011260
15784 49.369657 48.422751 51.577249
15516 49.896860 47.836398 52.163602
17438 51.000000 49.000000 51.000000
5722 7.983241 -7.983241 49.817771
5723 8.696263 -8.696263 65.090415
5721 8.392741 -8.392741 73.804933
2285 54.478052 -13.509763 86.490237
11486 53.861246 -13.871114 86.128886
11485 54.629352 -13.958255 86.041745
15688 28.142646 28.142646 44.626663
14456 28.115989 28.115989 44.691706
5926 71.720638 -28.279362 64.674673
15608 72.331551 -27.668449 64.533123
7361 72.048225 -27.951775 66.016239
13604 78.059440 21.940560 46.372178
14110 78.059657 21.940343 42.450265
628 77.612414 22.387586 45.202291
5583 85.021606 -0.541179 99.458821
14047 84.510067 -0.598350 99.401650
9965 84.682188 -0.680402 99.319598
6169 45.552474 -35.898768 35.898768
17263 45.306977 -36.434683 36.434683
6170 44.974779 -35.983781 35.983781
1317 38.421053 -38.421053 38.421053
18458 38.931903 -38.202565 38.202565
15162 38.947368 -38.947368 38.947368
10324 54.359235 34.160012 65.839988
10325 54.655964 35.608224 64.391776
3991 51.866841 32.106794 67.893206
16255 80.402888 -17.408039 82.591961
9908 74.625592 25.374408 53.847258
7604 74.613421 25.386579 49.486521
7691 74.075040 25.924960 50.990362
5127 84.157171 -2.232955 97.767045
5669 84.382206 -2.484864 97.515136
5128 84.964348 -2.109357 97.890643
8530 14.227897 -11.546242 88.453758
9417 13.157895 -13.157895 86.842105
4142 15.062853 -11.874501 88.125499
720 44.049045 -25.297726 74.702274
722 44.006250 -24.914456 75.085544
10368 43.685637 -25.187656 74.812344
517 27.894109 27.894109 51.984989
365 27.915624 27.915624 52.047244
518 27.940333 27.940333 51.982512
1749 40.561267 -3.756282 96.243718
14037 40.812398 -4.494441 95.505559
18469 41.411812 -3.864495 96.135505
5613 35.818765 14.783889 14.783889
7107 34.438988 14.107664 14.107664
5614 36.231986 16.771293 16.771293
10978 52.853790 -27.913475 72.086525
10977 53.376483 -27.914987 72.085013
18132 53.257732 -27.469376 72.530624
15140 61.004492 -36.244356 63.755644
3668 60.316475 -37.010696 62.989304
3670 61.002576 -36.808961 63.191039
18399 84.528521 -2.120522 2.120522
995 84.394023 -2.115924 2.115924
18430 84.510819 -2.065926 2.065926
8580 70.487746 -20.565928 79.434072
1978 70.348551 -20.985118 79.014882
14034 70.838821 -20.645673 79.354327
10877 10.378670 10.378670 72.547532
16880 10.963587 10.963587 69.923842
409 10.179167 10.179167 69.963137
2603 89.064264 -10.935736 23.494386
6220 89.168597 -10.831403 21.452109
13663 89.687900 -10.312100 22.126050
16076 67.364816 -32.635184 62.028110
9126 68.009804 -31.990196 60.934178
8397 41.542259 -21.185483 21.185483
13353 41.069401 -20.581429 20.581429
6626 41.879191 -20.540888 20.540888
14884 29.500340 -17.518073 17.518073
6957 29.765355 -16.815685 16.815685
6956 30.394961 -17.130441 17.130441
18550 39.454801 -29.083035 29.083035
1740 39.695343 -29.404978 29.404978
8866 39.285620 -29.409551 29.409551
13609 61.906819 -29.165031 70.834969
316 61.524701 -29.639297 70.360703
315 61.949985 -29.637188 70.362812
4131 80.187139 -13.723973 86.276027
4365 79.651745 -13.895338 86.104662
12852 79.747859 -14.140340 85.859660
1741 39.849679 -29.025134 29.025134
10936 39.509149 -28.731263 28.731263
18952 39.839856 -28.642720 28.642720
3645 30.526316 -30.526316 30.526316
15706 30.336251 -29.810638 29.810638
13992 31.064003 -30.433995 30.433995
285 85.760654 -1.307395 1.307395
286 85.403167 -1.394984 1.394984
284 85.495105 -1.212186 1.212186
17163 23.995748 23.995748 50.726034
19041 24.618149 24.618149 50.627578
7429 24.173716 24.173716 49.693390
11529 32.910336 -30.924052 30.924052
11518 33.119503 -30.520982 30.520982
11517 33.464631 -30.980839 30.980839
2562 32.030323 -16.974564 83.025436
2563 32.784905 -16.493438 83.506562
2561 32.028800 -16.203236 83.796764
13389 28.695907 28.695907 54.393570
15500 29.165375 29.165375 54.562867
1979 29.103912 29.103912 53.873345
928 80.736167 -19.263833 40.674485
12524 80.324799 -19.675201 40.396440
12526 80.758874 -19.241126 39.247798
7377 34.383190 -30.483243 30.483243
16188 34.648756 -30.311279 30.311279
12397 34.770540 -30.635916 30.635916
5608 45.014150 -20.631571 20.631571
10503 44.561896 -20.073052 20.073052
9779 45.314177 -19.977413 19.977413
6853 75.599191 24.400809 42.812479
10367 75.120291 24.879709 40.250029
15739 34.788027 -27.503454 27.503454
18286 34.980114 -27.462748 27.462748
15191 34.935247 -27.643357 27.643357
18287 83.227000 -8.777520 8.777520
6190 83.377004 -8.075870 8.075870
1784 84.203382 -8.248533 8.248533
3163 79.777697 20.222303 49.428016
9500 79.651355 20.348645 54.801966
12864 80.182904 19.817096 52.823587
4431 32.422754 -27.829715 72.170285
3633 31.666532 -28.162815 71.837185
231 32.353471 -28.510133 71.489867
18875 87.239736 -8.447217 91.552783
15882 87.522837 -7.977290 92.022710
2694 86.659391 -8.444385 91.555615
13867 40.418407 -0.929633 0.929633
8869 41.029942 -1.830864 1.830864
13868 40.089234 -1.886615 1.886615
687 47.880753 -10.925515 10.925515
630 47.009601 -10.619540 10.619540
629 47.805269 -9.885904 9.885904
11267 27.140559 -24.254739 75.745261
11266 27.927709 -23.779559 76.220441
12673 26.972149 -23.529347 76.470653
9924 65.113239 -17.436559 17.436559
9923 64.422244 -17.935679 17.935679
17812 64.408933 -17.241787 17.241787
18590 100.000000 0.000000 100.000000
7231 99.350649 -0.649351 99.350649
7230 99.448988 -0.551012 95.080932
7348 47.872491 -6.361216 6.361216
18249 47.305641 -7.014779 7.014779
16334 46.947823 -6.205870 6.205870
1911 53.787658 -38.901705 38.901705
12564 53.853775 -39.660879 39.660879
1909 53.397945 -39.559450 39.559450
8468 30.026573 -9.910583 90.089417
5952 29.120875 -9.560736 90.439264
18105 29.136727 -10.535061 89.464939
19249 42.416166 -29.528491 70.471509
18612 42.419887 -30.122355 69.877645
19260 42.892062 -29.678495 70.321505
3345 43.849115 -9.182992 9.182992
7171 42.892181 -9.529571 9.529571
2380 43.191511 -8.559056 8.559056
7789 85.810492 14.189508 72.193849
7735 85.692073 14.307927 77.026925
9440 86.275768 13.724232 74.930857
3183 60.146299 -10.722312 10.722312
3260 59.248224 -10.712955 10.712955
3414 65.640880 -14.914046 85.085954
3887 66.162702 -14.621379 85.378621
3413 65.664127 -14.532050 85.467950
8759 82.622465 -17.377535 51.265534
8761 82.608118 -17.391882 49.854993
10107 82.961563 -17.038437 50.014225
1541 42.239767 -31.687521 31.687521
17258 41.749824 -31.444502 31.444502
1542 42.149003 -31.179009 31.179009
6561 38.713209 -6.033851 6.033851
4295 39.720260 -5.797244 5.797244
4296 39.416091 -6.852641 6.852641
12142 35.901450 -13.433122 86.566878
13017 35.347313 -14.110123 85.889877
17777 36.200553 -14.112449 85.887551
13734 71.730154 -27.871623 72.128377
379 71.120925 -28.200219 71.799781
13735 71.428571 -28.571429 71.428571
6709 31.447664 31.447664 39.127592
13890 30.650208 30.650208 39.345662
5218 31.457753 31.457753 40.139448
16239 46.459541 -6.858422 6.858422
6844 34.502256 -24.557810 75.442190
15887 33.943809 -24.717072 75.282928
15486 34.409304 -25.015825 74.984175
5986 35.624997 -30.014658 30.014658
5038 35.519067 -30.158640 30.158640
6594 35.395092 -29.945281 29.945281
17420 52.226821 47.773179 49.535399
16087 52.674364 47.325636 50.263623
15325 52.861924 47.138076 48.427205
128 81.430675 -18.569325 55.779166
12186 81.870090 -18.129910 55.842450
16150 81.534968 -18.465032 56.878169
11930 27.529646 -5.406966 94.593034
6927 28.404170 -4.767122 95.232878
7433 27.550787 -4.320548 95.679452
9210 80.478121 -17.534286 82.465714
16316 80.594384 -17.654275 82.345725
1522 80.906979 -17.300437 82.699563
10240 82.496063 17.503937 30.496952
2126 82.458366 17.541634 36.180988
2125 82.974780 17.025220 32.656868
5910 43.372568 31.407901 68.592099
11981 44.380555 31.216150 68.783850
1238 45.458879 33.266196 66.733804
8904 52.202051 -46.104498 53.895502
6509 51.352469 -46.595335 53.404665
10039 51.963589 -47.067565 52.932435
11439 38.755056 -26.016061 73.983939
23155 38.635752 -26.060025 73.939975
14504 38.676233 -26.113543 73.886457
12738 40.524690 -25.406564 25.406564
14579 41.036173 -25.411523 25.411523
7394 40.778177 -25.822590 25.822590
13651 60.432740 -31.998653 68.001347
12096 60.963950 -31.985063 68.014937
12714 60.963518 -31.430582 68.569418
1548 75.722121 -16.383843 83.616157
5728 75.069917 -16.647791 83.352209
5586 75.392153 -16.832903 83.167097
12081 64.039182 -14.567527 14.567527
17093 63.083651 -14.353087 14.353087
6158 63.798708 -13.750196 13.750196
9682 86.943475 -13.056525 15.054650
22931 27.411897 27.411897 63.592685
14172 28.060315 28.060315 62.693588
22935 27.482207 27.482207 62.882603
18401 26.672363 26.672363 64.574475
22932 27.348352 27.348352 64.363904
14175 62.476377 -31.415607 68.584393
14174 62.459291 -31.886249 68.113751
7061 62.957706 -31.461284 68.538716
13713 32.162439 32.162439 41.737368
7197 32.967283 32.967283 41.657202
5220 32.178887 32.178887 40.896462
11071 52.853882 -43.411796 43.411796
13634 53.580553 -43.232809 43.232809
16430 53.063658 -44.435861 44.435861
17344 76.080157 -16.977248 16.977248
18861 77.088002 -16.986380 16.986380
16584 76.174809 -17.922097 17.922097
6677 86.031939 -13.968061 26.261297
10011 86.399504 -13.600496 23.838793
6678 86.603532 -13.396468 25.498912
17345 77.372947 -22.627053 41.699390
8920 77.395379 -22.604621 43.383955
17346 76.865118 -23.134882 43.058401
14457 61.495566 -10.272899 89.727101
4486 62.207106 -10.132203 89.867797
11786 61.831987 -9.788985 90.211015
15848 67.651193 -32.348807 54.966670
10840 67.871979 -32.128021 56.612925
18209 67.091066 -32.908934 56.530048
8214 38.004108 -34.363923 34.363923
5773 37.815124 -33.703457 33.703457
5775 38.356958 -34.093006 34.093006
2941 69.435056 -20.127504 79.872496
13537 69.520588 -20.485006 79.514994
4532 69.853608 -20.107390 79.892610
12022 73.666114 -25.371550 74.628450
14619 73.012457 -26.038509 73.961491
12020 73.528677 -25.995500 74.004500
1079 53.623702 46.376298 51.265312
1078 53.000000 47.000000 53.000000
4195 53.500000 46.500000 53.500000
13554 31.609654 31.609654 59.847384
17333 32.291548 32.291548 60.264134
19000 32.494872 32.494872 59.184309
1861 45.238095 45.238095 45.238095
1862 46.428571 46.428571 46.428571
1863 45.540755 44.847473 44.847473
12465 61.216751 -21.633430 21.633430
12466 61.564710 -22.134036 22.134036
6319 60.815407 -22.285940 22.285940
18450 83.595022 16.404978 47.690835
16485 83.733505 16.266495 51.556979
7809 84.023994 15.976006 46.767993
15682 35.832930 -29.905641 70.094359
18879 35.852241 -29.296159 70.703841
4841 35.264853 -29.597646 70.402354
7551 41.549297 -6.082742 93.917258
3343 42.252964 -6.459071 93.540929
1927 42.507627 -5.863705 94.136295
5789 83.973497 16.026503 20.786658
5788 84.444444 15.555556 15.555556
17097 83.888889 16.111111 16.111111
619 95.022006 -3.958225 3.958225
16441 94.272224 -4.602308 4.602308
15560 94.120825 -4.147294 4.147294
10264 37.720821 -4.677286 95.322714
10263 37.277768 -4.157614 95.842386
16863 36.906280 -5.005526 94.994474
8281 42.209230 -19.829384 80.170616
13143 41.806402 -20.204127 79.795873
8282 42.402947 -20.294477 79.705523
538 33.717780 -19.283545 80.716455
539 33.604468 -20.091416 79.908584
110 34.577766 -19.704451 80.295549
15233 68.557593 -13.716577 86.283423
8434 68.426322 -14.175154 85.824846
8433 69.052442 -13.830402 86.169598
14427 46.556767 -27.022902 27.022902
8390 47.141921 -26.820739 26.820739
18052 47.003510 -27.457219 27.457219
13884 39.422737 -26.311119 73.688881
13883 39.756086 -26.256689 73.743311
480 39.532395 -26.079493 73.920507
4915 50.774268 -2.791526 2.791526
1325 51.497898 -3.314876 3.314876
4914 50.591655 -3.581101 3.581101
6174 46.109787 38.123215 61.876785
6173 44.359600 36.768430 63.231570
13933 44.685949 35.685905 64.314095
18619 32.553414 -10.005078 89.994922
9080 33.547253 -10.260761 89.739239
9079 33.230825 -9.374581 90.625419
4867 36.580633 -31.085845 31.085845
17379 36.458118 -31.205582 31.205582
15446 36.400808 -30.979675 30.979675
12882 26.307328 -12.416796 12.416796
4265 26.360707 -13.424228 13.424228
5213 25.328288 -13.261206 13.261206
17632 24.301196 -23.448802 76.551198
15888 25.030280 -23.919116 76.080884
5838 25.346467 -23.049683 76.950317
3861 50.007619 -13.288439 86.711561
7250 49.402827 -12.936812 87.063188
3859 49.404338 -13.486849 86.513151
826 22.925235 22.925235 61.521465
827 22.481197 22.481197 62.729912
828 23.192521 23.192521 62.638355
8884 91.720070 -8.279930 53.830458
8882 91.805050 -8.194950 56.719818
8883 91.244265 -8.755735 56.367663
19111 44.767238 -24.737012 75.262988
18978 44.761830 -25.130844 74.869156
17652 45.144202 -24.899770 75.100230
15425 35.139924 -21.186835 21.186835
4799 35.296328 -20.486134 20.486134
4798 35.904831 -20.930082 20.930082
2740 75.446897 -13.052713 86.947287
2741 76.195287 -12.649641 87.350359
2739 75.630227 -12.556479 87.443521
13044 26.278107 26.278107 58.521936
3888 25.789019 25.789019 59.406764
15479 26.452093 26.452093 59.398154
10352 46.440557 -34.869898 65.130102
2377 45.890576 -34.748796 65.251204
2379 45.956360 -35.441530 64.558470
15024 80.433805 -19.566195 44.134817
10542 80.440887 -19.559113 44.997541
10541 80.216522 -19.783478 44.862337
6823 36.785655 -24.219253 75.780747
16374 36.532894 -24.242041 75.757959
10569 36.679249 -24.408513 75.591487
13013 92.705160 7.294840 25.911180
14591 92.966295 7.033705 31.379136
6198 93.231329 6.768671 25.048393
3384 69.168852 30.831148 65.513461
2221 69.866419 30.133581 62.750059
2220 69.260991 30.739009 62.014428
6967 25.763835 25.763835 35.144579
19191 25.233796 25.233796 35.659732
6968 26.094718 26.094718 36.420043
10122 51.158514 -5.579904 94.420096
17811 50.776708 -4.990382 95.009618
10120 50.294685 -5.569069 94.430931
11905 51.528030 -23.799488 76.200512
16366 51.813117 -23.328659 76.671341
9319 51.237018 -23.475289 76.524711
6776 72.240730 -23.885828 76.114172
3837 72.761341 -23.568856 76.431144
8567 72.433117 -23.419396 76.580604
10249 63.867748 -0.861170 99.138830
14984 64.374250 -0.425365 99.574635
12572 63.274667 -0.434287 99.565713
357 47.658502 -35.192142 35.192142
358 48.169890 -34.795711 34.795711
356 48.088459 -35.569550 35.569550
15590 42.730129 42.730129 48.015513
15591 43.636015 43.636015 47.151741
17941 45.831354 32.781219 32.781219
17574 44.176904 30.567094 30.567094
8843 44.390782 32.382289 32.382289
1058 35.550209 -2.121018 97.878982
1488 34.568219 -2.216643 97.783357
1057 35.184210 -2.903522 97.096478
1498 76.894373 23.105627 32.895443
10633 76.936701 23.063299 38.156129
4042 77.549640 22.450360 34.522428
4872 10.270066 4.394620 4.394620
18555 9.259259 0.000000 0.000000
2176 8.333333 0.000000 0.000000
18841 28.713572 -19.860255 80.139745
18350 27.894726 -20.215735 79.784265
12065 28.808302 -20.459363 79.540637
6301 60.140051 -39.859949 56.115446
6419 60.655140 -39.344860 54.913625
6418 60.635777 -39.364223 56.646330
9980 71.348808 -26.731794 73.268206
12661 70.702366 -27.346256 72.653744
11397 71.226741 -27.407816 72.592184
2266 49.781331 -4.945607 95.054393
23293 49.169001 -4.721054 95.278946
18600 48.988670 -5.072348 94.927652
2267 50.373145 -4.363920 95.636080
3240 38.435294 -36.608699 36.608699
98 38.159954 -37.024242 37.024242
11418 37.877452 -36.353007 36.353007
12650 68.884552 -7.366144 7.366144
229 69.767546 -7.649530 7.649530
12649 68.890988 -8.143426 8.143426
15359 37.984356 -26.344579 73.655421
8607 37.979346 -26.452880 73.547120
53 38.092113 -26.370505 73.629495
11036 84.935129 -1.984810 1.984810
17833 84.852758 -1.955925 1.955925
11037 84.975750 -1.925403 1.925403
11759 52.896520 -26.122318 73.877682
11758 53.228977 -25.690563 74.309437
17134 52.733133 -25.744150 74.255850
18234 0.378364 -0.378364 87.258794
23649 0.226170 -0.226170 94.410392
11105 0.000000 0.000000 90.909091
9693 79.994717 -19.297519 80.702481
93 80.091550 -18.867484 81.132516
11010 79.382152 -19.489623 80.510377
12878 22.296166 10.823769 10.823769
12879 21.549867 10.989546 10.989546
12841 46.984211 -16.264053 83.735947
8429 47.017442 -16.754579 83.245421
9667 47.547699 -16.392771 83.607229
8285 61.971417 -35.895182 35.895182
16830 62.102497 -35.128401 35.128401
3227 62.599176 -35.288420 35.288420
362 55.785299 -25.747360 74.252640
6928 56.094854 -26.036780 73.963220
10499 56.342587 -25.513869 74.486131
363 55.999267 -25.220917 74.779083
16452 46.709922 -38.593522 38.593522
10026 46.963814 -38.005837 38.005837
16453 47.217442 -38.658333 38.658333
456 44.163604 34.940229 34.940229
457 45.204580 34.732748 34.732748
455 43.519761 32.876358 32.876358
4570 86.462386 -7.354248 7.354248
16561 86.057474 -7.014298 7.014298
14416 87.017765 -6.581265 6.581265
8917 61.276178 -38.723822 57.195055
8918 60.529980 -39.470020 58.476481
15269 75.469558 -8.143850 91.856150
14640 76.088500 -8.186347 91.813653
16611 76.167945 -7.779399 92.220601
17596 49.894133 -30.273644 69.726356
7922 49.295017 -30.322918 69.677082
7267 49.556406 -30.797199 69.202801
18810 47.233140 -30.310025 30.310025
15673 47.158884 -29.656866 29.656866
18158 47.721114 -29.886614 29.886614
5074 77.134900 -2.633167 97.366833
5076 76.127587 -2.722556 97.277444
3927 76.467029 -3.205280 96.794720
17104 57.424272 -37.813815 37.813815
5050 57.959489 -38.048461 38.048461
14787 57.219407 -38.726714 38.726714
14233 22.233688 13.923618 13.923618
15915 23.046956 13.415360 13.415360
5696 47.441178 -25.772788 74.227212
9793 47.846890 -25.575028 74.424972
10565 49.358250 -23.983780 76.016220
8038 49.725998 -24.081859 75.918141
10564 49.780276 -23.687140 76.312860
8082 59.939286 -40.060714 57.769404
8081 59.740260 -40.259740 59.740260
448 46.973124 -21.061122 21.061122
10788 47.418066 -20.352645 20.352645
10790 47.654594 -21.062784 21.062784
4070 60.218683 -24.918397 24.918397
5267 60.533067 -24.267767 24.267767
14684 60.935149 -24.778557 24.778557
2134 95.499990 4.500010 20.675181
9086 95.419377 4.580623 26.700443
6681 96.028444 3.971556 24.855237
12561 35.756452 -30.697310 30.697310
16815 35.584004 -30.717077 30.717077
14235 35.600265 -30.532694 30.532694
14298 47.480856 -18.669478 81.330522
6269 47.962586 -18.997467 81.002533
7988 48.234418 -18.342016 81.657984
14417 11.867765 11.867765 65.135841
7208 11.877827 11.877827 68.186858
7210 12.692344 12.692344 65.544661
2542 84.125912 -7.372030 92.627970
2541 83.524574 -7.902029 92.097971
10724 84.381780 -7.639974 92.360026
10003 100.000000 0.000000 30.434783
11944 100.000000 0.000000 26.086957
10635 99.331606 0.668394 28.055257
839 67.592593 0.000000 0.000000
838 68.272452 -1.050962 1.050962
4649 66.921956 -1.169047 1.169047
18031 63.888889 -36.111111 36.111111
15934 63.194444 -36.805556 36.805556
15933 63.048870 -36.235741 36.235741
10919 54.468588 -35.669044 64.330956
10846 56.111111 43.888889 43.888889
23825 56.316341 43.683659 45.678055
10845 56.666667 43.333333 43.333333
11104 1.133905 1.133905 80.556008
4983 0.982174 0.982174 72.842777
18408 0.000000 0.000000 81.818182
5181 89.778735 -2.888404 2.888404
7717 89.262650 -2.620992 2.620992
5182 90.231010 -2.307811 2.307811
10030 58.229909 -18.446409 81.553591
10210 58.537592 -17.911639 82.088361
10031 57.948989 -18.051693 81.948307
1143 47.512368 9.554432 9.554432
9864 49.733216 11.378675 11.378675
9863 44.969480 5.258909 5.258909
10245 33.228046 33.228046 56.200060
14564 33.823108 33.823108 56.509962
15421 33.871349 33.871349 55.587208
13482 3.356834 3.356834 70.501904
13483 3.881602 3.881602 63.725619
13484 2.884343 2.884343 64.618366
17626 30.909286 -28.316601 28.316601
17566 31.599391 -28.439029 28.439029
1407 31.364353 -28.841521 28.841521
8809 66.040766 -27.339751 72.660249
2194 63.713771 36.286229 60.184644
2195 64.450462 35.549538 58.950223
2196 64.088666 35.911334 53.724320
14602 41.848079 -23.478530 76.521470
18726 41.970197 -23.707382 76.292618
2458 42.159506 -23.405940 76.594060
17542 62.225755 -24.906656 75.093344
17541 62.741730 -24.529097 75.470903
2748 62.305989 -24.427859 75.572141
19421 27.540983 27.540983 43.217557
23218 27.420113 27.420113 43.365854
23187 27.486013 27.486013 43.478531
16516 38.942339 -25.924231 74.075769
2974 38.854781 -25.963793 74.036207
23245 38.912811 -25.987971 74.012029
2875 35.837224 -30.069836 30.069836
2873 35.733747 -29.889404 29.889404
2874 35.938561 -29.939264 29.939264
2818 83.174430 -0.903024 99.096976
6631 83.325965 -0.829149 99.170851
13216 83.077358 -0.852128 99.147872
13701 72.893357 -27.106643 32.603313
13578 72.980170 -27.019830 34.138175
3281 72.461701 -27.538299 33.706124
18870 26.417051 26.417051 37.643855
13692 25.527630 25.527630 37.110696
2166 26.049514 26.049514 38.279596
10768 66.017532 -17.880159 82.119841
2783 66.626763 -17.672315 82.327685
15376 66.330568 -17.418485 82.581515
15810 34.030550 -26.499091 73.500909
1670 34.589280 -26.514373 73.485627
8206 34.313540 -26.093648 73.906352
10322 58.062150 -3.055502 3.055502
14397 59.013692 -2.671986 2.671986
13601 58.934265 -3.410651 3.410651
4504 80.529052 -3.154511 96.845489
8941 79.670997 -3.458339 96.541661
8940 80.380251 -3.561216 96.438784
7022 56.078496 -7.038194 92.961806
8031 56.256073 -6.501821 93.498179
8032 55.645703 -6.749731 93.250269
14469 34.867030 -28.828185 28.828185
890 34.890702 -28.646363 28.646363
18396 35.098085 -28.796006 28.796006
3379 81.510090 -18.489910 52.669494
1374 81.303291 -18.696709 53.368999
18235 81.284941 -18.715059 52.531688
10153 91.608003 8.391997 77.632251
11152 92.148627 7.851373 71.507002
5244 91.453860 8.546140 71.211328
438 43.157895 -43.157895 56.842105
23651 43.498607 -43.498607 51.222334
439 43.684211 -43.684211 56.315789
11906 51.738773 -24.067864 75.932136
11907 52.016883 -23.719009 76.280991
15222 36.932340 -29.518736 29.518736
11965 37.110199 -29.489250 29.489250
11967 37.061561 -29.652616 29.652616
524 57.644195 -34.909643 34.909643
525 58.290134 -34.958945 34.958945
523 57.691457 -35.655169 35.655169
13953 30.377404 -3.633881 96.366119
6353 29.721404 -2.823625 97.176375
832 29.282138 -3.960451 96.039549
10067 37.518997 -25.112919 74.887081
16739 37.384909 -25.204385 74.795615
9635 37.565461 -25.247491 74.752509
14649 38.291740 -26.464493 73.535507
14650 38.314753 -26.378280 73.621720
14648 38.218754 -26.381851 73.618149
14979 42.572288 -12.513134 87.486866
3864 42.868799 -12.999781 87.000219
10671 43.280456 -12.480603 87.519397
6710 32.209410 32.209410 40.031207
9950 79.795040 -17.086775 82.913225
2485 80.026638 -17.014060 82.985940
2484 80.082378 -16.852465 83.147535
2657 48.951968 -29.517517 70.482483
2092 48.359880 -29.770523 70.229477
7757 48.810969 -30.076800 69.923200
5279 60.769775 -9.071281 90.928719
5829 60.599574 -9.621866 90.378134
3103 61.459834 -9.356992 90.643008
3222 80.281110 -1.265354 1.265354
23083 80.629824 -1.662448 1.662448
23084 80.013096 -1.638235 1.638235
3221 81.386596 -1.297398 1.297398
9042 65.404491 -30.829337 30.829337
2699 65.001534 -30.402135 30.402135
9043 65.633965 -30.214985 30.214985
17976 75.846189 -2.326359 97.673641
11655 75.216466 -2.730709 97.269291
10874 71.680767 -23.419219 23.419219
11184 70.866623 -23.586138 23.586138
11183 71.422241 -22.840525 22.840525
11674 58.973230 -1.924381 1.924381
9944 57.825132 -1.716319 1.716319
9943 58.801690 -1.189309 1.189309
8811 67.955797 32.044203 41.473791
7879 68.147139 31.852861 45.625488
5567 68.541495 31.458505 40.773944
6765 80.255580 -6.288897 93.711103
6766 80.549801 -5.802267 94.197733
3914 79.579601 -6.161485 93.838515
19196 47.845827 -33.561910 33.561910
17921 48.273294 -33.582717 33.582717
18456 47.980572 -34.082352 34.082352
5982 49.701714 -9.185512 90.814488
16785 50.373902 -9.511941 90.488059
5519 50.444892 -8.840902 91.159098
8464 72.115668 -18.945814 81.054186
2049 71.681287 -18.824022 81.175978
3821 71.457458 -19.292628 80.707372
8861 37.726206 9.570224 90.429776
9866 40.283828 13.055070 86.944930
18954 39.517186 13.289262 86.710738
15265 60.930315 -26.550884 73.449116
5625 61.428842 -26.221791 73.778209
7728 61.052182 -26.070660 73.929340
15427 60.554603 -15.817023 84.182977
63 60.034160 -15.876103 84.123897
17319 60.305160 -16.209431 83.790569
10389 93.020438 6.979562 38.534909
14546 93.449200 6.550800 34.881599
14325 22.925253 -4.530315 95.469685
14324 22.497148 -3.925596 96.074404
2225 22.033239 -5.175278 94.824722
8669 1.349679 -1.349679 80.254192
8671 0.979409 -0.979409 76.273262
7780 1.326940 -1.326940 71.188026
14206 76.678921 -23.321079 51.080751
1041 77.111346 -22.888654 52.141885
1040 76.500106 -23.499894 52.985038
12506 71.044911 -28.955089 57.284599
19317 70.634650 -29.365350 55.956262
651 71.345515 -28.654485 55.843861
2753 78.901270 -12.357119 87.642881
2752 79.316213 -11.808836 88.191164
18790 78.645732 -12.069314 87.930686
12247 29.343631 -24.785419 75.214581
14948 28.898329 -24.102850 75.897150
12451 28.601747 -24.754326 75.245674
17687 53.547192 10.465192 10.465192
12869 61.989349 21.161630 21.161630
14588 55.221124 11.294076 11.294076
17155 88.800677 -3.207533 3.207533
1438 93.982313 6.017687 87.701233
18159 93.516028 6.483972 86.595693
1493 93.508518 6.491482 90.634985
10899 29.059640 -28.124272 28.124272
11899 28.433503 -27.450024 27.450024
1789 29.518978 -27.551234 27.551234
2143 55.685884 -14.803598 14.803598
1626 55.483824 -14.099642 14.099642
19011 56.319498 -14.241791 14.241791
17024 72.770007 27.229993 69.789537
1616 71.964396 28.035604 69.418004
23336 72.500000 27.500000 72.500000
18217 47.763295 -12.796248 87.203752
18562 48.563277 -12.881330 87.118670
15737 48.354628 -12.267333 87.732667
129 62.466043 -1.252807 98.747193
13168 62.812955 -1.699750 98.300250
2761 63.366593 -1.293600 98.706400
9282 13.240892 7.490326 92.509674
8339 12.665559 3.931352 96.068648
6000 13.990339 7.568464 92.431536
5972 25.868254 -19.803474 19.803474
6804 26.337759 -18.947531 18.947531
17094 26.910161 -19.537897 19.537897
116 64.498055 -20.078492 20.078492
19366 87.584329 12.415671 59.146560
1388 87.754778 12.245222 55.534582
11929 87.305707 12.694293 54.797141
1386 88.035402 11.964598 58.251446
8105 20.751341 20.751341 71.839923
16106 21.654852 21.654852 71.736831
8106 21.596973 21.596973 70.266777
7522 80.689150 -19.310850 21.209008
17494 80.555556 -19.444444 19.444444
8890 81.250000 -18.750000 18.750000
15039 24.346258 24.346258 44.993545
14578 24.347530 24.347530 43.596278
4128 23.558707 23.558707 43.888340
6726 84.661396 -1.928632 1.928632
6728 84.717146 -1.979780 1.979780
4619 84.572230 -2.002464 2.002464
12170 97.628903 -2.371097 36.427154
14150 97.615273 -2.384727 31.420946
9532 98.157224 -1.842776 32.712081
12623 46.854965 -32.267182 67.732818
12625 46.728265 -32.774486 67.225514
18082 47.125793 -32.568977 67.431023
16753 60.092495 -29.818886 70.181114
1406 59.464169 -30.144291 69.855709
19195 59.790656 -30.473874 69.526126
2613 45.378278 -21.299497 21.299497
17614 45.755510 -20.567770 20.567770
2614 46.213777 -21.170190 21.170190
17688 46.296296 0.000000 0.000000
4970 85.723579 -14.276421 58.504796
13169 85.025783 -14.974217 60.737368
16418 84.947390 -15.052610 57.908967
15188 94.623279 -5.376721 29.791170
8641 94.375771 -5.624229 33.680778
9221 93.943931 -6.056069 32.244971
1652 67.811962 -2.950309 97.049691
2265 66.844526 -3.052755 96.947245
308 67.303904 -3.539618 96.460382
13318 49.239742 -8.693673 8.693673
13573 50.129709 -8.529262 8.529262
16593 49.924519 -9.326193 9.326193
15478 86.018467 -13.981533 76.516525
3114 86.170912 -13.829088 73.290263
1171 86.653767 -13.346233 75.262962
2584 19.801078 -4.784089 4.784089
14392 18.754139 -4.733041 4.733041
2582 20.114384 -3.268044 3.268044
14831 63.830733 -28.306871 28.306871
14832 64.613142 -27.907984 27.907984
7063 64.349027 -28.702588 28.702588
13622 50.937161 -26.785960 73.214040
11857 50.846773 -27.211067 72.788933
14197 51.284322 -26.862990 73.137010
19330 77.309311 -22.690689 40.070705
11686 76.745583 -23.254417 39.915019
1313 77.226093 -22.773907 38.565349
14455 70.001158 -16.379865 16.379865
11047 69.349438 -16.324358 16.324358
461 69.847287 -15.794996 15.794996
1264 87.213233 -12.786767 50.523507
11826 87.086231 -12.913769 48.177389
10649 87.675565 -12.324435 48.052703
8878 29.907349 29.907349 52.692028
8877 30.363617 30.363617 52.889726
14464 30.416985 30.416985 52.277610
11738 72.880650 -26.653717 73.346283
1236 46.869441 35.699323 64.300677
1237 44.996375 34.339759 65.660241
8073 27.587930 -16.227638 16.227638
17373 28.221391 -15.586642 15.586642
8074 28.562031 -16.199684 16.199684
7648 94.186434 -3.262936 3.262936
11771 95.121573 -3.023849 3.023849
11772 94.402946 -3.575443 3.575443
10461 72.806371 27.193629 62.881038
7082 72.495418 27.504582 59.242433
15923 72.072044 27.927956 62.243910
17774 39.243328 39.243328 50.202871
5490 37.889337 37.889337 49.882395
12398 38.233842 38.233842 50.996794
8130 34.736842 -34.736842 34.736842
23652 34.396932 -34.396932 50.695412
9104 34.210526 -34.210526 34.210526
19220 32.679998 -22.782359 22.782359
6511 31.886798 -23.230825 23.230825
19280 31.837129 -22.447971 22.447971
790 55.537158 -37.121176 37.121176
6897 54.756644 -37.310568 37.310568
4791 55.146511 -36.569179 36.569179
14898 3.351633 3.351633 34.102569
4225 3.209661 3.209661 38.423417
14897 3.960684 3.960684 37.446354
1013 49.874724 8.169092 8.169092
18111 43.518519 0.000000 0.000000
17770 48.184387 7.154330 7.154330
5892 32.813745 -15.747176 84.252824
10483 32.064492 -15.419240 84.580760
11702 28.656040 28.656040 45.286138
10480 28.677216 28.677216 45.624024
11701 28.874269 28.874269 45.441124
16476 44.046252 -22.659225 22.659225
15034 43.446279 -22.725131 22.725131
18965 43.533909 -22.211914 22.211914
7765 91.175011 8.824989 42.243647
7766 90.975214 9.024786 48.534751
7764 91.723879 8.276121 47.622072
7246 35.844754 -30.534596 30.534596
3971 35.973318 -30.772245 30.772245
7188 40.182895 -27.977002 72.022998
7189 40.531739 -27.670746 72.329254
7187 40.193426 -27.607318 72.392682
7567 78.565775 -2.078902 97.921098
15415 78.211609 -1.779160 98.220840
15414 77.685276 -2.180750 97.819250
16960 62.929606 -23.555470 76.444530
17058 62.824898 -24.036734 75.963266
18862 63.353095 -23.654056 76.345944
3884 84.138264 -1.842134 1.842134
5452 84.025452 -1.769225 1.769225
5453 84.308345 -1.742641 1.742641
8064 63.122539 -12.714317 12.714317
8066 62.198442 -13.001809 13.001809
9171 62.502544 -12.232439 12.232439
7016 34.494485 34.494485 52.669075
5025 35.501504 35.501504 53.107589
5024 35.542242 35.542242 52.094376
8659 47.214082 -24.277990 75.722010
17633 46.628343 -24.339773 75.660227
19443 26.965750 26.965750 54.241156
19404 27.267894 27.267894 54.432800
19360 27.266416 27.266416 53.893470
19442 26.959591 26.959591 53.780001
7221 43.332671 -39.596365 60.403635
3938 43.284568 -40.372425 59.627575
11991 43.770139 -39.954134 60.045866
526 74.577050 -25.422950 47.394805
9762 74.020744 -25.979256 48.671342
11632 73.971068 -26.028932 47.095320
3406 36.703190 -26.358154 73.641846
7464 36.447987 -26.502747 73.497253
16202 36.723357 -26.626470 73.373530
6984 55.802896 -44.197104 50.228679
6983 55.220598 -44.779402 50.061297
19304 55.630214 -44.369786 48.773281
14350 40.502039 -24.966766 75.033234
16782 40.773978 -25.098292 74.901708
6118 40.795696 -24.802160 75.197840
18330 41.131722 -40.234071 59.765929
19131 40.613571 -39.737448 60.262552
8237 40.526316 -40.526316 59.473684
17815 26.454925 -25.351003 74.648997
654 25.789474 -25.789474 74.210526
18459 26.750004 -25.913540 74.086460
15988 52.094830 -5.512284 5.512284
13592 52.321036 -6.179949 6.179949
15987 51.614072 -5.964352 5.964352
19274 71.323094 -17.434805 82.565195
19215 71.901252 -17.252964 82.747036
17340 71.708570 -16.969473 83.030527
9483 83.870736 -16.129264 44.527775
13162 83.561515 -16.438485 45.298472
18836 83.548295 -16.451705 44.194334
6506 83.692518 -16.307482 64.946892
3814 83.400799 -16.599201 66.984569
6505 83.069447 -16.930553 65.386849
1414 27.635437 -3.120564 96.879436
833 28.705058 -2.941071 97.058929
11279 28.144962 -2.001902 97.998098
15669 54.196085 -39.175981 60.824019
23246 53.595362 -39.122073 60.877927
23247 53.221636 -39.294612 60.705388
15547 58.794035 -7.042985 7.042985
16972 58.737936 -6.295211 6.295211
15548 59.574180 -6.589506 6.589506
17273 53.513634 -35.615744 64.384256
12986 53.729604 -35.019737 64.980263
15721 53.296109 -35.281610 64.718390
17751 73.867684 -26.132316 55.427167
18524 73.911029 -26.088971 57.071905
17729 73.324989 -26.675011 56.501775
12334 34.967997 -29.178159 29.178159
17251 35.101385 -29.354323 29.354323
19004 34.885672 -29.355017 29.355017
11339 52.568924 -6.533669 93.466331
11299 51.958144 -6.266763 93.733237
13259 51.927263 -6.801509 93.198491
2333 6.370497 -6.370497 30.841380
2331 6.901345 -6.901345 50.933982
2332 6.476629 -6.476629 52.631542
6404 85.133884 -1.893599 1.893599
4514 85.003168 -1.870519 1.870519
5501 18.057470 18.057470 21.309540
16355 17.917077 17.917077 23.066371
9361 18.901783 18.901783 23.457607
18816 47.213360 -30.959376 30.959376
16350 46.830697 -30.623898 30.623898
11692 66.013366 -11.237268 11.237268
6123 66.546907 -11.785134 11.785134
11691 65.572549 -11.888440 11.888440
7461 61.836212 -24.021458 75.978542
2749 61.865191 -24.377163 75.622837
7462 62.345158 -23.917238 76.082762
16527 53.864434 -24.356513 75.643487
6754 54.338254 -23.852879 76.147121
14340 53.775444 -23.963709 76.036291
9529 37.460713 -30.165106 30.165106
13180 37.610086 -30.083753 30.083753
12108 37.659024 -30.257492 30.257492
4842 35.280970 -28.991634 71.008366
18057 35.852175 -28.688330 71.311670
9115 35.296704 -28.415274 71.584726
4482 79.801013 -7.128066 92.871934
4484 80.515535 -6.893697 93.106303
14447 80.002233 -6.752172 93.247828
5865 57.403634 34.761722 65.238278
9887 61.000000 39.000000 61.000000
1090 60.500000 39.500000 60.500000
8155 43.905118 -19.850655 80.149345
17224 43.914978 -20.449517 79.550483
16308 44.479282 -20.113121 79.886879
17281 21.737501 21.737501 44.375444
14875 21.353934 21.353934 43.105606
193 21.001559 21.001559 44.253824
9444 49.023502 -21.193806 21.193806
16814 48.689660 -20.547008 20.547008
9443 49.462974 -20.525179 20.525179
19141 44.760477 -31.984436 68.015564
19186 44.650151 -31.525505 68.474495
19187 44.284929 -32.000746 67.999254
17752 73.829928 -26.170072 54.113208
6332 74.093193 -25.906807 52.905947
6339 74.304867 -25.695133 54.224473
6595 56.851645 -20.822035 20.822035
2848 56.594609 -20.124884 20.124884
12358 57.463494 -20.149983 20.149983
12445 81.488170 -7.334284 92.665716
16359 80.983976 -7.090740 92.909260
12964 6.526219 6.526219 82.509267
12965 7.101747 7.101747 78.411757
12963 6.244781 6.244781 80.144708
6553 80.212539 -0.864165 99.135835
23358 80.612258 -0.662602 99.337398
23330 80.044963 -0.620764 99.379236
7146 79.385916 -0.884891 99.115109
23331 79.412143 -0.591926 99.408074
5979 72.003564 -27.996436 50.010940
17294 71.441315 -28.558685 49.785283
5980 71.921852 -28.078148 48.628961
14114 46.760105 -27.200018 72.799982
336 47.187724 -27.182773 72.817227
335 47.040708 -26.835781 73.164219
8687 35.774745 -28.644106 28.644106
8520 35.776808 -28.822495 28.822495
18712 35.598896 -28.709472 28.709472
7837 23.993902 23.993902 62.532616
8967 23.819854 23.819854 61.230805
17174 64.464409 -21.985997 78.014003
15911 64.626126 -21.430563 78.569437
17175 63.999427 -21.909330 78.090670
10489 34.271329 -0.736075 99.263925
2276 33.944112 -1.508614 98.491386
1489 34.909212 -1.439794 98.560206
12928 73.976380 26.023620 32.162085
12390 74.560055 25.439945 34.079998
12389 74.524542 25.475458 30.305468
13310 32.556051 32.556051 38.265717
14549 33.501182 33.501182 38.439462
18171 32.788088 32.788088 37.516427
1112 54.915955 -36.705738 63.294262
9321 55.540544 -36.777694 63.222306
6088 55.547051 -36.033066 63.966934
1305 89.731931 -7.410079 7.410079
4754 89.359031 -8.238045 8.238045
4755 88.693342 -8.034689 8.034689
16079 79.106411 -17.144528 82.855472
302 78.834402 -17.217324 82.782676
3920 78.812772 -17.438577 82.561423
14902 51.273957 -38.570194 61.429806
11501 51.669894 -37.839116 62.160884
11524 69.904164 -19.005647 80.994353
532 69.651667 -18.748081 81.251919
15945 69.290421 -19.222696 80.777304
11525 69.493535 -19.606121 80.393879
15940 18.555904 18.555904 50.338402
16322 18.283194 18.283194 51.677824
18058 18.977189 18.977189 51.263064
6342 66.732264 -30.572688 69.427312
14252 67.207252 -30.703901 69.296099
4964 67.402223 -30.039882 69.960118
8461 66.275655 -29.008016 70.991984
8462 65.897801 -28.754025 71.245975
8463 65.600871 -29.430301 70.569699
13031 58.253536 -29.286384 29.286384
13802 57.910979 -28.937453 28.937453
17706 58.438794 -28.622801 28.622801
1540 79.906005 -19.401338 19.401338
19044 80.526421 -18.911982 18.911982
5776 51.778844 -40.070464 59.929536
9922 52.356384 -39.806306 60.193694
23248 52.241965 -39.491551 60.508449
452 5.402356 5.402356 13.323917
454 6.371704 6.371704 13.075567
17038 5.040908 5.040908 8.743707
80 94.688059 5.311941 44.663095
3522 94.415657 5.584343 50.345187
3523 95.055862 4.944138 49.391379
2882 97.089317 2.910683 45.807020
7773 96.401027 3.598973 48.615225
1399 97.102480 2.897520 52.050903
1918 21.429932 21.429932 54.750533
1919 21.031509 21.031509 54.008409
1920 20.886351 20.886351 55.338243
8909 57.119620 42.880380 51.610794
12836 57.000000 43.000000 57.000000
8910 57.651829 42.348171 52.184284
3320 76.101577 -23.898423 36.416080
3321 76.681467 -23.318533 35.129601
3319 76.672393 -23.327607 36.745890
1592 52.734751 -8.819951 8.819951
9933 52.050034 -9.096115 9.096115
1301 93.195696 -6.804304 13.896101
13424 93.730914 -6.269086 14.049952
13199 93.018092 -6.981908 16.898968
12490 66.883408 -26.517154 73.482846
4006 66.501776 -27.046775 72.953225
4008 66.930610 -27.030388 72.969612
4802 74.913239 -24.307274 24.307274
16996 74.118499 -24.217693 24.217693
4803 74.991645 -23.552353 23.552353
6188 46.121264 -14.477053 14.477053
8087 45.838800 -13.775085 13.775085
9093 46.689914 -13.860744 13.860744
1691 71.023858 -14.565173 85.434827
1693 71.066636 -14.159007 85.840993
16749 70.492130 -14.528970 85.471030
12109 79.672913 -14.494664 14.494664
12111 79.783859 -13.643628 13.643628
17063 80.593997 -13.798483 13.798483
17662 74.056070 -25.943930 62.448566
12386 74.621917 -25.378083 60.969075
12842 74.812580 -25.187420 62.776659
11007 68.009247 -31.990753 51.541968
14492 67.471043 -32.528957 51.749189
3819 67.693190 -32.306810 50.427091
14956 40.528461 -15.126819 15.126819
14760 40.355394 -15.999448 15.999448
13363 39.705723 -15.496779 15.496779
7286 29.268293 29.268293 70.731707
11808 28.285476 25.316617 74.683383
11721 29.911956 27.606862 72.393138
15387 80.126190 -17.074938 82.925062
2483 80.266164 -16.850909 83.149091
16335 69.720762 -20.733054 79.266946
16964 69.486970 -21.184907 78.815093
4509 70.005804 -20.886826 79.113174
5632 37.293976 -29.953097 29.953097
5633 37.396320 -29.847477 29.847477
5634 37.448949 -30.004602 30.004602
12639 44.248580 -15.771968 84.228032
16706 44.857585 -15.738980 84.261020
16158 44.534127 -15.269184 84.730816
9897 30.279406 -9.647853 9.647853
9898 30.505393 -10.665201 10.665201
7330 29.404813 -10.630642 10.630642
17665 38.634540 -30.228114 30.228114
10585 38.405682 -29.988324 29.988324
18121 38.694298 -29.936822 29.936822
4030 60.989801 -14.001260 14.001260
4679 61.508811 -14.589334 14.589334
19303 60.705375 -14.593296 14.593296
8787 43.688254 -10.753873 10.753873
7170 43.015432 -10.499800 10.499800
6042 43.751226 -10.044737 10.044737
12803 38.756741 -6.198369 93.801631
4560 37.993502 -6.018171 93.981829
12470 38.183647 -6.613248 93.386752
10567 37.726393 -23.132327 76.867673
10689 38.033020 -23.195227 76.804773
10375 36.079855 -34.364104 34.364104
8577 35.630049 -34.614421 34.614421
11253 35.550452 -34.079365 34.079365
6267 68.697765 -31.302235 32.398740
6268 68.773104 -31.226896 33.589519
11700 68.197839 -31.802161 33.480067
10524 36.779993 -19.082456 19.082456
17620 36.009939 -18.765940 18.765940
10715 36.822725 -18.238663 18.238663
16069 81.898503 -8.347445 91.652555
16068 82.062503 -8.677079 91.322921
4877 82.688687 -8.157325 91.842675
2673 75.458293 24.541707 46.059285
2687 75.939669 24.060331 46.309020
11425 75.017362 -24.982638 51.207897
6964 74.677798 -25.322202 52.790957
9707 74.412131 -25.587869 51.441812
7341 99.655624 -0.344376 19.376386
14935 99.148032 -0.851968 20.483981
13726 99.534961 -0.465039 15.002135
17901 34.391163 -20.989081 79.010919
14010 35.136205 -21.083698 78.916302
108 34.951508 -20.430625 79.569375
678 17.020784 17.020784 63.097284
14748 17.797985 17.797985 61.437285
6278 16.887399 16.887399 60.783263
19070 43.201045 -10.046865 89.953135
8699 43.485816 -9.518786 90.481214
17794 42.831140 -9.507188 90.492812
16705 55.730786 -28.213652 71.786348
17364 55.733758 -27.742349 72.257651
13179 37.575624 -29.920315 29.920315
7114 37.740098 -29.834023 29.834023
18973 37.723256 -30.001137 30.001137
13704 47.007069 -17.281955 82.718045
13705 46.459212 -17.623213 82.376787
563 46.996097 -17.833859 82.166141
7281 46.268485 -10.930864 89.069136
7282 46.498403 -11.484758 88.515242
5467 46.886184 -11.030588 88.969412
17449 14.736842 -14.736842 14.736842
17512 15.887451 -13.791138 13.791138
17129 15.997894 -14.772446 14.772446
13686 38.885205 -37.951863 62.048137
13602 38.421053 -38.421053 61.578947
12126 38.947368 -38.947368 61.052632
6808 28.118628 28.118628 52.452599
15106 28.218319 28.218319 52.459855
14954 28.172119 28.172119 52.360556
16014 42.483885 -30.903040 30.903040
15613 42.778101 -30.611860 30.611860
16013 42.918684 -31.068571 31.068571
2633 67.107164 -9.911900 9.911900
18260 68.024552 -9.390076 9.390076
1133 68.037842 -10.109276 10.109276
9834 43.323061 -17.238166 82.761834
11605 43.133006 -16.790607 83.209393
6328 42.772025 -17.308162 82.691838
4689 50.309650 -12.211821 12.211821
13991 49.309000 -12.652652 12.652652
6662 49.372964 -11.769212 11.769212
17193 59.609264 -37.249742 37.249742
16626 59.718364 -37.886648 37.886648
16533 59.004396 -38.059886 38.059886
19287 36.509460 -28.685408 28.685408
12592 36.716975 -28.698427 28.698427
12591 36.632477 -28.827343 28.827343
1774 36.453531 -28.880687 28.880687
17669 41.100857 -29.875754 29.875754
13464 40.682262 -29.804265 29.804265
7420 40.881763 -29.472871 29.472871
18245 40.855946 -30.191314 30.191314
12122 28.285226 28.285226 52.095415
23085 28.227462 28.227462 52.039010
22913 28.206220 28.206220 52.116888
2099 56.124194 -41.872773 58.127227
7355 55.462663 -42.297222 57.702778
9252 55.756576 -42.831176 57.168824
7414 61.702850 -4.695854 95.304146
3566 62.365952 -4.381588 95.618412
16053 61.538539 -4.246407 95.753593
9215 23.078728 -10.624770 10.624770
7009 21.771124 -11.487012 11.487012
9755 22.117212 -10.383694 10.383694
5164 94.813192 -1.282778 1.282778
12737 95.926673 -0.921021 0.921021
16033 95.318550 -1.535654 1.535654
1506 2.429378 -2.429378 12.071900
6157 1.932771 -1.932771 11.748135
9959 2.105263 -2.105263 2.105263
19437 39.487606 -30.821856 30.821856
18959 39.613439 -30.484827 30.484827
18960 39.792635 -30.791557 30.791557
9596 95.130340 -4.869660 92.887645
9595 94.805195 -5.194805 94.805195
18644 40.717503 -36.850886 36.850886
15831 41.173244 -36.620382 36.620382
17671 41.236492 -37.365297 37.365297
10625 32.935111 -18.891618 81.108382
14880 33.795012 -18.474725 81.525275
17966 77.861628 -7.288838 7.288838
12227 78.722374 -6.891807 6.891807
13097 78.585322 -7.536049 7.536049
11324 59.130820 -40.869180 45.912470
3432 58.738493 -41.261507 44.507780
4359 59.512427 -40.487573 44.411938
11623 37.210816 -8.094219 91.905781
9614 36.260297 -7.997646 92.002354
7328 36.554099 -8.739937 91.260063
762 94.235617 5.764383 18.716612
6200 93.483996 6.516004 18.896872
6199 93.863550 6.136450 24.455784
16822 13.377818 13.377818 46.407560
17796 12.364318 12.364318 47.045985
17149 13.121773 13.121773 49.308561
17994 82.684491 -9.201428 90.798572
13721 83.051886 -9.393857 90.606143
6724 83.537696 -8.886088 91.113912
10655 67.532468 -32.467532 67.532468
1309 66.786036 -32.815142 67.184858
10654 66.883117 -33.116883 66.883117
16932 32.261438 -24.821088 24.821088
4397 32.519342 -25.506432 25.506432
15871 31.557442 -25.377995 25.377995
17130 17.093769 -15.060954 15.060954
11123 17.216669 -13.993109 13.993109
13193 39.008998 -28.798075 28.798075
8135 38.835200 -28.988407 28.988407
8137 38.731472 -28.718034 28.718034
12092 67.256476 -28.907157 71.092843
13772 66.641741 -29.246457 70.753543
12093 66.949601 -29.449598 70.550402
6944 85.132874 -14.867126 18.861658
6945 85.593215 -14.406785 16.417598
6943 85.798464 -14.201536 18.077683
18482 34.734684 -29.163501 29.163501
16156 34.589798 -29.343682 29.343682
18640 53.746670 -2.127041 97.872959
18641 53.064642 -2.466586 97.533414
16399 53.874720 -2.769308 97.230692
2119 82.378906 -11.241246 88.758754
704 83.150701 -10.944199 89.055801
703 82.866847 -10.731651 89.268349
7792 2.917863 -2.917863 90.593038
4721 3.157895 -3.157895 96.842105
4720 2.631579 -2.631579 97.368421
16228 64.557676 -11.488087 88.511913
17720 63.842603 -11.835258 88.164742
17719 64.330804 -12.033497 87.966503
16279 78.597007 -8.245447 91.754553
13218 77.890307 -8.687901 91.312099
18787 78.639126 -8.630066 91.369934
8136 38.547766 -28.901798 28.901798
6460 38.450631 -28.629686 28.629686
7547 38.636027 -28.453120 28.453120
15581 65.531203 -5.929570 5.929570
6689 65.021003 -5.262108 5.262108
16617 66.072212 -5.192963 5.192963
7611 49.702353 -44.453969 44.453969
7612 50.242467 -43.954701 43.954701
14302 50.118351 -45.196622 45.196622
14352 40.227454 -24.837550 75.162450
10150 40.209790 -25.134021 74.865979
17137 44.185442 -5.995514 5.995514
1623 43.576323 -5.172117 5.172117
11514 44.646223 -5.055904 5.055904
2326 61.069916 -37.299213 62.700787
2325 60.504960 -37.928130 62.071870
1544 61.081099 -37.846626 62.153374
16381 68.841165 -9.633777 9.633777
15615 69.805156 -9.216698 9.216698
17849 69.455761 -9.883864 9.883864
893 40.922424 -29.786412 70.213588
14840 40.517648 -29.523172 70.476828
894 40.441304 -30.073324 69.926676
12636 53.251532 -17.305141 82.694859
13264 52.768641 -17.739589 82.260411
13739 53.327821 -17.799139 82.200861
14132 77.516051 -16.953289 83.046711
23026 77.589050 -16.720323 83.279677
4215 77.234093 -16.912524 83.087476
16740 77.974829 -16.524724 83.475276
23072 77.723535 -16.742029 83.257971
18183 77.782484 -11.974283 88.025717
18182 78.487957 -11.785132 88.214868
6441 78.405536 -11.384084 88.615916
4780 60.240133 -39.366274 39.366274
8829 61.111111 -38.888889 38.888889
8828 60.416667 -39.583333 39.583333
7256 48.899197 -44.139355 44.139355
5803 49.301863 -43.794588 43.794588
8906 49.198035 -44.795723 44.795723
4414 36.612279 -31.477222 31.477222
15087 36.284015 -31.382644 31.382644
1404 59.172457 -29.912510 70.087490
1405 58.888084 -30.407320 69.592680
4956 66.969784 -33.030216 36.793604
7507 66.765758 -33.234242 35.924734
7508 67.327799 -32.672201 35.828247
52 38.051276 -26.267769 73.732231
5456 37.930643 -26.259996 73.740004
6310 38.225124 -25.825334 74.174666
15322 38.112981 -25.755011 74.244989
1138 38.099703 -25.880928 74.119072
17856 43.369339 -34.179994 34.179994
16063 43.064027 -33.880012 33.880012
17855 43.366889 -33.698081 33.698081
7041 73.838947 26.161053 59.538878
16957 74.321248 25.678752 63.740398
7039 74.656409 25.343591 59.243137
3341 47.731394 -28.189655 71.810345
15305 47.621194 -27.834555 72.165445
9197 47.350823 -28.283545 71.716455
9738 48.947368 -48.947368 48.947368
6584 48.421053 -48.421053 48.421053
9737 48.427535 -47.510199 47.510199
8548 83.465716 16.534284 20.969313
10257 83.333333 16.666667 16.666667
4437 59.044205 -19.483284 80.516716
2771 58.721052 -20.033423 79.966577
2773 59.292331 -19.917290 80.082710
120 34.850673 34.850673 51.557134
2854 33.928041 33.928041 51.769700
6067 29.712853 29.712853 69.135244
11720 30.487805 30.487805 69.512195
17279 63.965698 -24.853779 75.146221
1108 64.312125 -25.058895 74.941105
11941 64.537437 -24.494547 75.505453
4402 66.082296 -33.917704 61.063230
14250 66.139957 -33.860043 62.714231
4400 65.500471 -34.499529 62.186518
7234 23.917411 16.106600 83.893400
8471 25.340830 18.868219 81.131781
9409 24.530151 19.719312 80.280688
8649 34.788436 -28.163371 28.163371
458 34.994724 -28.149621 28.149621
15374 47.575130 -16.926235 83.073765
562 47.583540 -17.480469 82.519531
7294 48.160407 -17.099031 82.900969
19284 68.821079 -31.178921 38.022925
18938 68.195959 -31.804041 38.180955
7253 68.611541 -31.388459 36.892318
15069 79.664444 -1.369545 98.630455
6493 79.836921 -1.693528 98.306472
8161 80.432077 -1.439729 98.560271
19315 39.175159 -25.870347 74.129653
19138 39.258817 -25.925418 74.074582
4449 39.272568 -25.808737 74.191263
8729 94.079198 -5.920802 72.144054
15880 94.173741 -5.826259 68.391442
7718 94.790792 -5.209208 70.694677
10037 52.597403 -47.402597 52.597403
11084 51.948052 -48.051948 51.948052
8387 55.712674 -31.093839 68.906161
10475 55.603460 -30.586616 69.413384
348 55.078654 -31.181224 68.818776
1628 59.000000 41.000000 59.000000
14866 59.586001 40.413999 54.644936
18343 59.068717 40.931283 54.632403
6195 86.756064 -1.255866 98.744134
6196 87.012254 -1.427481 98.572519
6197 87.678332 -1.100909 98.899091
5846 40.535480 -9.765634 90.234366
10907 41.390712 -9.965550 90.034450
10906 41.247994 -9.210212 90.789788
7477 37.024923 21.963729 21.963729
12280 38.250863 24.212503 24.212503
8504 38.240621 22.723236 22.723236
13905 84.321071 -0.931516 99.068484
18985 84.582936 -0.893813 99.106187
3158 84.407474 -0.858044 99.141956
11093 38.231874 -24.927218 75.072782
2958 38.068592 -25.050939 74.949061
11069 38.271717 -25.132482 74.867518
11445 37.366269 -23.732150 76.267850
11446 37.255944 -23.902243 76.097757
9566 37.474652 -23.892464 76.107536
10362 77.995233 -11.121369 88.878631
9713 77.470701 -11.696205 88.303795
4501 72.941697 -16.940775 83.059225
4500 72.594652 -17.265769 82.734231
5403 72.957198 -17.250619 82.749381
16828 72.283679 -8.136959 8.136959
3072 52.555086 -26.543286 73.456714
2679 52.182796 -26.954796 73.045204
2681 52.676428 -26.970427 73.029573
18907 45.081838 -32.308693 67.691307
10158 45.683398 -32.120926 67.879074
10159 45.267429 -31.617839 68.382161
17410 36.705070 -30.725521 30.725521
8819 36.801202 -30.679507 30.679507
16247 36.846223 -30.799487 30.799487
12437 38.128037 -32.576486 32.576486
8989 38.036846 -32.188086 32.188086
8988 38.423759 -32.384602 32.384602
15708 86.935179 -10.898394 89.101606
11247 44.420823 -39.739174 39.739174
11246 44.932067 -39.615436 39.615436
1000 77.500000 22.500000 77.500000
999 68.289203 11.362216 88.637784
4357 69.015918 11.125487 88.874513
3673 38.992347 -27.432741 27.432741
17678 38.700525 -27.162832 27.162832
3671 39.097843 -27.130234 27.130234
310 68.186662 -3.829787 96.170213
16979 68.907184 -4.058439 95.941561
1485 69.123658 -3.573502 96.426498
3484 32.477272 -1.172026 1.172026
14000 31.493650 -1.153252 1.153252
14001 32.407407 0.000000 0.000000
16748 40.388913 -6.023893 93.976107
12410 40.104253 -6.748205 93.251795
1385 40.845793 -6.769941 93.230059
10871 35.574549 4.916407 4.916407
10468 36.927872 7.706299 7.706299
10467 37.806382 7.494169 7.494169
15683 50.694637 -9.800975 9.800975
16707 50.734781 -9.034046 9.034046
15272 100.000000 0.000000 52.173913
15273 99.422679 0.577321 51.278062
8538 99.455152 0.544848 55.872733
18481 34.819136 -29.001216 29.001216
10114 34.692533 -28.857006 28.857006
17616 50.500000 49.500000 50.500000
23594 50.870950 49.129050 50.007485
23580 50.610258 49.389742 49.785201
1242 39.491938 -30.070573 69.929427
8227 39.454626 -30.500764 69.499236
8228 39.906366 -30.348464 69.651536
4176 40.589963 -28.014442 28.014442
11449 40.500654 -28.408353 28.408353
11448 40.144196 -28.086749 28.086749
9841 14.392201 14.392201 66.823368
9840 15.287373 15.287373 65.074000
4987 14.558454 14.558454 64.687254
11602 30.800215 -27.065535 72.934465
5516 30.642452 -26.322421 73.677579
9448 22.676558 22.676558 32.993030
4606 22.492761 22.492761 31.669549
4605 21.657043 21.657043 31.709296
2031 57.203458 -20.051468 79.948532
14312 56.878643 -20.379220 79.620780
5069 57.361548 -20.337444 79.662556
15986 92.233768 -7.766232 51.191216
13952 92.269276 -7.730724 54.255188
17768 23.157895 -23.157895 76.842105
14833 23.684211 -23.684211 76.315789
15715 90.289029 -9.710971 34.550983
16468 90.720293 -9.279707 34.677019
18489 90.311385 -9.688615 37.214254
1997 11.173643 11.173643 38.452259
11427 10.889060 10.889060 41.703652
2281 11.930960 11.930960 41.344196
947 82.821417 -13.949276 86.050724
3700 82.893493 -13.664087 86.335913
3702 82.401364 -14.045688 85.954312
13752 95.138212 -4.861788 59.947168
1420 94.716106 -5.283894 57.467709
15850 95.315648 -4.684352 55.720818
3513 91.628640 -8.371360 50.858240
3515 91.013738 -8.986262 50.834436
6474 91.477638 -8.522362 48.083995
11715 97.112844 -2.887156 17.659073
5521 96.401897 -3.598103 20.664163
10286 96.700360 -3.299640 16.921931
5969 83.745465 -9.729355 90.270645
5967 84.427284 -9.431714 90.568286
5968 84.209635 -9.244334 90.755666
18043 50.754187 -32.821982 32.821982
18626 51.026237 -33.285372 33.285372
12981 50.536807 -33.499132 33.499132
18711 79.217476 -20.782524 22.104132
8427 79.166667 -20.833333 20.833333
1538 79.861111 -20.138889 20.138889
4268 74.349812 -10.545683 89.454317
10928 74.035681 -10.947989 89.052011
4269 74.760789 -10.682690 89.317310
13241 19.614827 -14.927865 85.072135
16843 18.957195 -14.575362 85.424638
15393 18.607219 -15.278720 84.721280
15937 2.593660 2.593660 57.453786
15962 1.978792 1.978792 51.745848
17930 1.539404 1.539404 58.213126
4892 53.923991 -36.627526 36.627526
6896 54.104481 -37.370824 37.370824
8980 53.469033 -37.412750 37.412750
5090 85.555556 14.444444 14.444444
17321 82.171554 9.838704 9.838704
17800 85.000000 15.000000 15.000000
19193 6.893253 6.893253 21.277564
453 6.637327 6.637327 17.248640
19116 5.804702 5.804702 18.051239
14514 84.623555 -1.864559 1.864559
12838 84.605917 -1.792433 1.792433
1197 84.753047 -1.793258 1.793258
164 51.879290 40.329608 40.329608
11629 50.575999 39.816559 39.816559
162 52.180906 41.863274 41.863274
11526 50.529991 -22.429801 22.429801
19137 50.162834 -21.843033 21.843033
7436 50.899300 -21.796952 21.796952
2077 36.474690 -16.741648 16.741648
2076 37.119317 -16.362119 16.362119
5575 37.055775 -16.972013 16.972013
6669 8.947368 -8.947368 8.947368
23653 9.654476 -9.654476 57.695675
17278 9.071673 -9.071673 50.752709
6668 10.000000 -10.000000 90.000000
6667 10.526316 -10.526316 89.473684
7750 21.002277 -18.434068 18.434068
9601 20.532082 -19.227599 19.227599
19061 20.048069 -18.832593 18.832593
6227 51.247398 -8.460111 91.539889
5520 50.385249 -8.106757 91.893243
16600 42.947564 -24.740626 24.740626
6570 42.774873 -24.127859 24.127859
5562 43.411214 -24.295077 24.295077
18617 66.652942 -25.750524 74.249476
19316 66.057453 -26.147765 73.852235
12489 66.467512 -26.310115 73.689885
18046 40.159613 -31.416503 31.416503
12554 39.763981 -31.493526 31.493526
18045 39.781295 -31.117435 31.117435
15921 40.092845 -30.960298 30.960298
18490 76.050128 -23.949872 66.494872
283 76.235057 -23.764943 64.286976
11617 76.575380 -23.424620 65.893388
10126 81.568513 -1.705663 98.294337
10497 81.952281 -1.519699 98.480301
12023 81.526237 -1.505309 98.494691
1298 26.217712 26.217712 52.939086
1300 25.869683 25.869683 53.327633
7367 26.200919 26.200919 53.440468
11368 52.975546 -32.374865 67.625135
5250 52.678518 -32.831867 67.168133
15129 53.182972 -32.742405 67.257595
9157 46.360531 -41.864149 58.135851
18574 45.403157 -42.566244 57.433756
10821 46.244033 -42.994758 57.005242
4506 97.910011 2.089989 33.026049
18733 98.108051 1.891949 38.890362
16517 38.961850 -25.841972 74.158028
19192 39.056507 -25.877262 74.122738
476 35.461954 -26.752391 26.752391
1159 35.768463 -26.541221 26.541221
477 35.858543 -26.869970 26.869970
13954 36.466928 -30.241373 30.241373
14582 36.450566 -30.340434 30.340434
13955 36.348502 -30.240527 30.240527
16907 36.307080 -30.372063 30.372063
2881 96.608851 3.391149 42.684548
3473 95.984838 4.015162 43.624666
5308 82.435675 -17.564325 42.641721
5307 82.203168 -17.796832 42.312265
12408 82.426853 -17.573147 41.519975
4214 76.739471 -17.170784 82.829216
23027 77.026946 -16.832119 83.167881
19228 76.597351 -16.901366 83.098634
15459 60.732507 -1.083400 98.916600
119 60.231468 -1.551639 98.448361
1128 61.100461 -1.576252 98.423748
6241 59.107921 -13.343256 13.343256
13676 59.567135 -12.681269 12.681269
13675 59.847858 -13.227284 13.227284
6405 85.184086 -1.939733 1.939733
23466 85.268482 -1.915421 1.915421
11293 85.265864 -1.972369 1.972369
13963 57.004808 -5.602514 5.602514
6282 56.083837 -5.230844 5.230844
4178 40.984171 -27.893194 27.893194
8321 41.441916 -28.205740 28.205740
8320 40.926465 -28.327223 28.327223
12988 80.384849 -2.024971 97.975029
5236 79.968494 -1.923643 98.076357
5235 79.726184 -2.185728 97.814272
1435 78.662394 -11.530714 11.530714
15969 79.517531 -11.391190 11.391190
18389 78.999669 -11.918956 11.918956
8480 39.689611 -33.273356 66.726644
915 39.205707 -33.547251 66.452749
5641 39.803650 -33.911272 66.088728
16368 81.496580 -4.948548 4.948548
5886 81.314380 -4.377562 4.377562
5885 82.140302 -4.354766 4.354766
7684 45.314852 -30.450028 69.549972
15318 45.061727 -29.976429 70.023571
225 44.767392 -30.525438 69.474562
7835 24.800992 24.800992 62.672295
9363 25.416720 25.416720 61.402373
7836 24.641084 24.641084 61.408579
10013 33.157895 -33.157895 33.157895
23654 33.161721 -33.161721 50.067055
23655 32.840141 -32.840141 46.469264
17021 40.477382 -31.138914 31.138914
18085 40.625628 -31.584902 31.584902
5689 40.356834 -31.875506 31.875506
2288 80.763617 -19.236383 57.075770
127 81.041452 -18.958548 55.831298
126 81.181707 -18.818293 57.024604
1645 19.227158 13.140386 13.140386
2185 20.645352 14.901969 14.901969
2186 19.510601 11.552997 11.552997
13765 73.423728 -8.009120 91.990880
4530 72.536861 -7.984673 92.015327
396 72.729371 -8.441878 91.558122
15084 21.358620 6.966348 93.033652
22963 20.578046 6.117590 93.882410
22951 20.171250 3.953713 96.046287
624 20.766192 9.713294 90.286706
22933 21.150359 8.467292 91.532708
22934 21.797521 11.260779 88.739221
12363 42.693300 -22.877479 77.122521
17889 43.049405 -23.042043 76.957957
17888 43.040685 -22.711180 77.288820
1929 42.043633 -5.283921 94.716079
14036 41.704820 -4.584077 95.415923
14035 41.109909 -5.267276 94.732724
9493 81.868764 -18.131236 43.588216
7410 81.683194 -18.316806 43.221953
7412 81.949439 -18.050561 42.685133
9304 11.893059 11.893059 14.280083
9302 11.904762 11.904762 11.904762
9303 10.714286 10.714286 10.714286
11315 84.641866 -2.216967 2.216967
8219 84.825856 -2.151371 2.151371
2293 84.780885 -2.261585 2.261585
3543 50.518105 -16.572302 83.427698
3541 51.089622 -16.732549 83.267451
3542 51.021454 -16.300604 83.699396
17180 36.399822 -26.527893 26.527893
9561 36.678566 -26.381530 26.381530
16205 36.740408 -26.721894 26.721894
406 47.759146 -5.575337 94.424663
8326 47.196225 -6.131568 93.868432
6596 48.088495 -6.184177 93.815823
1543 42.592020 -31.388354 31.388354
400 79.570761 -6.483370 6.483370
18055 79.657406 -5.895187 5.895187
8144 80.419332 -6.061141 6.061141
8820 36.698171 -30.589139 30.589139
13383 36.647875 -30.483325 30.483325
16848 36.747055 -30.486775 30.486775
12017 39.830777 -28.317485 28.317485
5636 39.723602 -27.986453 27.986453
4815 87.359770 -5.100919 94.899081
3081 88.387619 -4.433110 95.566890
3083 87.106857 -4.780610 95.219390
364 55.442895 -25.485363 74.514637
11917 55.624915 -24.948738 75.051262
17481 69.709239 -0.455010 99.544990
23333 69.044508 -0.839340 99.160660
23334 69.799052 -0.832862 99.167138
1165 68.458291 -1.233468 98.766532
1166 69.448330 -1.167580 98.832420
17826 45.581661 -15.670259 15.670259
62 44.840953 -15.384076 15.384076
18180 45.508812 -14.944043 14.944043
1366 46.192400 -25.210834 74.789166
6684 46.448616 -25.445931 74.554069
8704 46.557127 -25.110018 74.889982
2084 2.977274 2.977274 18.411237
2083 2.386601 2.386601 22.042508
4227 33.269587 33.269587 64.302402
4228 33.144059 33.144059 65.660864
4229 34.332775 34.332775 64.374900
4846 43.615306 -39.600573 39.600573
17890 43.300796 -40.007704 40.007704
14890 43.123731 -39.329234 39.329234
2835 55.552074 -32.837694 67.162306
2834 55.673391 -33.445775 66.554225
7440 56.158677 -32.820710 67.179290
7417 92.189754 7.810246 79.365195
7653 92.716570 7.283430 81.450436
6398 92.770296 7.229704 74.909051
6201 75.849369 -22.975275 22.975275
6202 75.151818 -22.751436 22.751436
6203 76.160462 -22.211035 22.211035
2215 71.673453 -5.696539 94.303461
13171 70.879732 -6.271819 93.728181
7435 71.816650 -6.239529 93.760471
12255 26.887235 26.887235 63.091993
13022 51.455864 -24.879589 75.120411
1534 51.066733 -25.121443 74.878557
788 51.477943 -25.242475 74.757525
9162 75.134606 -12.062764 87.937236
9164 75.318632 -11.599581 88.400419
7479 74.587059 -11.983515 88.016485
13839 30.158783 30.158783 43.689752
9946 29.782509 29.782509 43.121320
13838 29.653740 29.653740 43.633286
282 75.545471 -24.454529 63.035172
13101 76.205270 -23.794730 62.049654
6167 82.394555 -2.271880 2.271880
10425 82.882151 -2.217986 2.217986
649 82.570544 -2.489474 2.489474
12184 81.673289 -18.326711 54.564248
12185 82.049906 -17.950094 54.243898
6647 58.795263 -37.397735 37.397735
13050 43.828535 -26.519149 26.519149
16048 44.481988 -26.676002 26.676002
11149 43.916831 -27.196066 27.196066
3307 51.327220 -36.442741 63.557259
6948 50.753261 -36.276996 63.723004
7028 50.811915 -36.999716 63.000284
17127 43.902439 43.902439 56.097561
13853 45.121951 45.121951 54.878049
13481 43.406697 43.406697 55.654709
881 26.776165 -12.496806 87.503194
3825 26.698194 -11.602144 88.397856
16604 25.798393 -12.330699 87.669301
16050 61.612193 -14.815799 85.184201
14075 62.272424 -14.512694 85.487306
16253 61.750741 -14.307928 85.692072
1373 37.533558 -12.400976 87.599024
1372 37.286521 -13.020899 86.979101
16137 38.019651 -12.946678 87.053322
7271 37.349225 -31.084295 31.084295
13895 37.215701 -30.867668 30.867668
4262 37.460405 -30.872764 30.872764
5183 47.663023 -38.732807 38.732807
10642 47.481016 -39.321659 39.321659
12165 65.207329 -21.235830 78.764170
15912 65.125205 -20.911391 79.088609
8028 77.943909 -22.056091 45.647554
8919 77.405436 -22.594564 45.056132
2581 77.924113 -22.075887 43.781870
14351 40.524456 -24.660918 75.339082
6972 39.045394 -23.314527 76.685473
6954 38.924694 -23.604083 76.395917
6973 39.174018 -23.539368 76.460632
6365 33.831771 -12.031385 12.031385
10920 34.626795 -11.208576 11.208576
18310 81.647018 -16.761045 16.761045
13172 82.029826 -16.002814 16.002814
14895 82.583396 -16.361615 16.361615
13816 51.267019 -30.293625 69.706375
8511 51.669687 -30.602447 69.397553
13817 51.763671 -30.144428 69.855572
7674 51.656544 -29.775438 70.224562
7051 58.148587 -37.186556 37.186556
13006 66.500000 33.500000 66.500000
23335 67.000000 33.000000 67.000000
3898 67.435165 32.564835 63.484415
5861 59.426409 -37.762035 62.237965
8179 58.610578 -38.207118 61.792882
5323 58.865930 -38.663884 61.336116
4272 39.283397 -24.216215 75.783785
12404 39.515346 -24.388399 75.611601
18225 39.602215 -24.097382 75.902618
2502 64.274814 -35.725186 41.314380
11668 65.196264 -34.803736 40.564820
17317 64.846836 -35.153164 42.049585
13871 52.844022 -4.205397 95.794603
5441 52.075798 -4.387489 95.612511
5440 52.687264 -4.780822 95.219178
6690 64.486663 -6.001476 6.001476
10839 68.615308 -31.384692 56.575911
10841 68.352020 -31.647980 55.077577
3354 69.152995 -30.847005 54.859520
2936 78.530602 11.508083 11.508083
2938 79.372226 11.244312 11.244312
5287 75.295535 5.633377 5.633377
4028 15.376433 15.376433 76.401500
200 14.133151 14.133151 78.401622
202 14.888590 14.888590 79.111717
8700 54.381783 -16.505953 83.494047
1086 54.359066 -15.992851 84.007149
18196 53.806692 -16.370685 83.629315
6612 42.039095 -38.115273 38.115273
16765 41.729793 -37.631803 37.631803
6610 42.136314 -37.551355 37.551355
11536 41.547317 -38.052501 38.052501
2202 6.739363 6.739363 39.147121
8681 7.209589 7.209589 42.811795
8680 7.662722 7.662722 39.795073
13068 97.351097 2.648903 66.704927
13067 97.757716 2.242284 61.543490
14625 97.130580 2.869420 62.026133
15735 63.817561 -6.616946 6.616946
15924 64.915000 -6.786708 6.786708
641 63.906138 -7.388720 7.388720
18412 27.743900 27.743900 56.083851
3416 27.835306 27.835306 56.964047
3415 28.361250 28.361250 56.242957
3177 79.500000 20.500000 79.500000
7820 80.000000 20.000000 80.000000
6825 79.532489 20.467511 74.382053
1970 50.283647 -23.398943 76.601057
18766 49.816665 -23.200122 76.799878
12655 49.291162 21.803816 21.803816
18654 47.121468 18.569298 18.569298
12656 46.714369 19.226135 19.226135
6717 75.035595 -24.964405 64.336471
281 75.533351 -24.466649 65.241790
6716 74.909741 -25.090259 66.020786
5755 46.414310 -14.220815 85.779185
5756 45.774809 -14.546896 85.453104
5757 46.537441 -14.694147 85.305853
2396 70.750996 -9.342659 90.657341
7531 70.307916 -9.008892 90.991108
2397 69.861381 -9.504498 90.495502
7118 42.631579 -42.631579 42.631579
7117 43.157895 -43.157895 43.157895
23656 42.839955 -42.839955 48.587039
5734 42.631579 -42.631579 57.368421
23650 43.161690 -43.161690 50.143667
16324 46.049111 -35.539967 35.539967
2451 63.044467 -8.128991 91.871009
4390 62.304012 -8.426499 91.573501
4391 62.940449 -8.640040 91.359960
3891 81.818182 -18.181818 81.818182
9535 81.168831 -18.831169 81.168831
3892 81.524108 -18.475892 79.856383
11026 54.831861 -32.869167 67.130833
2833 55.032225 -33.530962 66.469038
5073 87.899638 -5.612403 94.387597
11079 87.595219 -5.399685 94.600315
14550 86.956461 -5.920592 94.079408
13233 47.681146 -43.669672 56.330328
7176 48.003324 -42.807215 57.192785
2778 47.114799 -43.200553 56.799447
14807 56.564238 -42.422799 42.422799
14809 56.038248 -43.388385 43.388385
7645 55.886976 -42.826962 42.826962
7941 36.686348 -28.338369 28.338369
7881 36.935764 -28.359351 28.359351
7880 36.818408 -28.536836 28.536836
2310 36.832960 -30.585136 30.585136
546 36.863591 -30.478992 30.478992
10792 49.820132 -4.215576 4.215576
14426 49.109841 -4.916934 4.916934
7976 79.750262 -20.249738 61.331170
13038 80.142929 -19.857071 62.368729
15198 79.606607 -20.393393 63.166981
4068 16.190717 -5.452960 5.452960
4069 14.577849 -6.374753 6.374753
4067 16.256784 -4.061547 4.061547
2775 52.111673 -29.801796 70.198204
961 69.417957 -1.545196 1.545196
15553 69.551130 -0.640886 0.640886
16337 84.986161 -2.172105 2.172105
4014 85.443777 -1.918475 1.918475
12042 85.368909 -2.041098 2.041098
895 57.271340 -37.721106 62.278894
11095 57.968126 -37.368229 62.631771
18889 57.683853 -36.920845 63.079155
3311 22.006706 22.006706 54.886922
16411 22.685743 22.685743 55.185995
3312 22.600379 22.600379 53.720848
16799 72.698500 -24.923419 75.076581
5416 72.210542 -24.908669 75.091331
8709 98.704903 1.295097 67.503343
8708 98.657406 1.342594 63.593831
13069 98.092245 1.907755 66.346475
12509 35.201448 -28.131157 28.131157
7845 35.256802 -27.959947 27.959947
11591 35.409676 -28.121925 28.121925
13124 37.891613 -27.284622 72.715378
10377 37.797321 -27.541263 72.458737
64 60.481207 -15.455423 84.544577
65 59.792679 -15.414459 84.585541
15211 29.459262 29.459262 42.703722
9947 29.811732 29.811732 42.516737
8286 62.255838 -36.406356 36.406356
3226 62.814502 -35.712907 35.712907
5392 77.576411 22.423589 69.275045
5393 77.660368 22.339632 64.285715
8190 77.097201 22.902799 65.174421
10426 72.992728 -4.826592 95.173408
9010 72.071021 -5.093522 94.906478
15651 72.706412 -5.334617 94.665383
15409 75.250185 -13.453584 86.546416
14137 74.792429 -13.438732 86.561268
4259 86.539719 13.460281 29.024069
12340 86.429446 13.570554 34.428728
17906 86.828458 13.171542 32.443412
2908 45.263158 -45.263158 54.736842
23658 45.362224 -45.362224 51.328378
23657 45.759356 -45.759356 50.423726
2909 45.789474 -45.789474 54.210526
17448 15.789474 -15.789474 84.210526
12970 16.639327 -15.203607 84.796393
8450 15.263158 -15.263158 84.736842
4766 65.357629 -8.008088 91.991912
8004 65.946956 -8.215335 91.784665
4767 66.113099 -7.690770 92.309230
11458 85.597332 -9.496527 9.496527
11457 84.874655 -10.186865 10.186865
15316 84.727065 -9.579142 9.579142
2893 61.324569 -6.610071 93.389929
868 60.815951 -6.238426 93.761574
867 60.519736 -6.735621 93.264379
10731 56.693010 -4.777109 95.222891
9275 56.641976 -4.257572 95.742428
17445 56.016941 -4.546840 95.453160
13252 42.924810 9.889613 9.889613
7815 43.156868 11.658881 11.658881
3946 45.620662 13.906470 13.906470
707 28.706861 28.706861 50.534226
3331 29.168094 29.168094 50.630563
3330 29.070199 29.070199 49.880220
9815 37.788235 -24.559959 75.440041
12696 37.601522 -24.497672 75.502328
11474 37.604179 -24.655935 75.344065
16639 11.351577 -8.683915 91.316085
1868 12.124207 -8.638317 91.361683
3223 12.737487 -6.770624 93.229376
12381 62.028297 -17.584533 82.415467
12025 61.445637 -17.489893 82.510107
12927 61.441690 -17.995209 82.004791
3732 40.557052 -38.775841 38.775841
17255 40.080679 -38.768085 38.768085
3730 40.244281 -38.196107 38.196107
10446 94.654851 -5.345149 87.911936
3271 80.886090 -19.113910 35.004392
17389 81.475546 -18.524454 34.684309
2387 81.079230 -18.920770 36.479399
9618 3.115207 -3.115207 84.783569
7791 2.675875 -2.675875 83.555689
4924 41.514817 -27.246415 72.753585
4925 41.211598 -27.170848 72.829152
4926 41.219146 -27.472187 72.527813
17581 44.185464 -33.781771 33.781771
1200 44.688523 -33.812223 33.812223
14573 44.495621 -34.295174 34.295174
12584 47.663938 -44.448437 44.448437
12517 47.307913 -44.957228 44.957228
4426 47.192159 -44.020059 44.020059
7257 94.542585 -5.457415 39.088090
17500 95.151207 -4.848793 37.129669
9527 94.923065 -5.076935 40.719477
16954 73.374490 -24.073993 24.073993
10566 74.218629 -23.413847 23.413847
1424 18.551915 18.551915 65.529445
1426 17.757960 17.757960 66.845564
2583 21.146420 -3.474760 3.474760
2910 21.508913 -1.887208 1.887208
10086 22.528210 -2.149440 2.149440
12114 47.253516 -37.592470 62.407530
12115 47.266123 -38.391049 61.608951
12116 47.853355 -37.777298 62.222702
16200 45.533858 -26.148473 73.851527
16911 45.651795 -25.747914 74.252086
14450 45.233713 -25.909357 74.090643
12353 78.563378 21.436622 40.316940
14686 78.668787 21.331213 35.382386
14685 78.097727 21.902273 37.613454
7914 45.525501 -29.118245 70.881755
16154 45.929912 -28.777390 71.222610
21 45.512706 -28.666408 71.333592
865 41.572193 -32.282837 32.282837
48 41.213457 -32.462808 32.462808
19262 41.224870 -32.071657 32.071657
14161 17.043667 17.043667 20.926712
5386 17.158280 17.158280 18.953759
18622 16.117027 16.117027 18.822291
6362 60.987001 -21.667430 78.332570
4779 61.385405 -21.575538 78.424462
11072 61.173497 -21.316166 78.683834
7422 41.316587 -29.506274 29.506274
16258 41.499065 -29.113676 29.113676
13336 41.754068 -29.499119 29.499119
5787 84.459381 15.540619 21.399598
6168 45.098050 -35.345115 35.345115
15972 45.199336 -34.802711 34.802711
2772 58.913403 -20.371817 79.628183
4735 59.459317 -20.327785 79.672215
11155 77.399551 -22.600449 24.927312
10653 77.960682 -22.039318 24.381025
13593 77.595669 -22.404331 25.772460
789 56.343723 -36.355101 36.355101
791 55.733102 -36.084207 36.084207
19181 56.397312 -35.466324 35.466324
3175 71.874758 -23.841313 76.158687
3173 71.276448 -24.318724 75.681276
3174 71.760959 -24.354046 75.645954
16735 76.785948 -7.827282 92.172718
11646 77.515867 -7.476571 92.523429
17952 76.887571 -7.411599 92.588401
17929 80.062949 -18.690174 18.690174
1480 80.857594 -18.273953 18.273953
6744 46.057122 -25.590594 74.409406
4683 22.935513 -8.360064 8.360064
11139 22.824560 -7.315628 7.315628
4684 23.928711 -7.280889 7.280889
9671 100.000000 0.000000 17.391304
14135 99.319694 0.680306 11.603375
9672 98.810267 1.189733 13.345533
13417 45.896599 -12.458719 12.458719
16127 45.205284 -12.508716 12.508716
16126 45.410976 -11.879737 11.879737
13377 66.482312 -10.600666 10.600666
1135 67.313430 -10.634512 10.634512
13378 66.749587 -11.109146 11.109146
16038 44.712208 -29.695337 70.304663
19448 44.514534 -30.108470 69.891530
13969 72.868934 -16.636117 83.363883
17106 73.361887 -16.562532 83.437468
331 76.982676 -23.017324 75.182591
329 76.623377 -23.376623 76.623377
330 76.430777 -23.569223 74.503289
6649 73.925469 -16.785858 83.214142
87 73.415959 -17.216853 82.783147
89 73.922321 -17.170223 82.829777
17829 45.942690 -25.975262 74.024738
13696 31.116102 -30.033434 69.966566
17098 30.000000 -30.000000 70.000000
2393 30.526316 -30.526316 69.473684
3763 63.257331 -4.903006 4.903006
3764 62.406522 -4.446495 4.446495
3395 63.474021 -4.092258 4.092258
16483 43.845549 -21.923603 78.076397
158 43.642822 -22.301078 77.698922
12031 44.016447 -22.200620 77.799380
1292 28.858966 28.858966 41.618507
1293 28.593786 28.593786 40.927773
1294 28.432087 28.432087 41.582806
14877 21.745712 21.745712 42.089568
11849 21.453507 21.453507 40.743527
4236 20.980938 20.980938 41.704674
19069 36.364410 -30.530742 30.530742
7297 36.485337 -30.562257 30.562257
14708 36.452906 -30.658539 30.658539
7446 73.855993 -6.037270 93.962730
19277 73.058831 -6.377513 93.622487
18785 73.742475 -6.509235 93.490765
1402 42.255885 38.182454 38.182454
5282 43.406707 38.588711 38.588711
1403 42.099970 36.762532 36.762532
9276 56.021837 -4.100292 95.899708
5845 56.520884 -3.698472 96.301528
16766 41.689750 -37.074589 37.074589
10393 83.588587 -16.411413 55.185335
544 83.559787 -16.440213 53.359721
9719 83.943061 -16.056939 53.829481
19092 55.609309 24.316071 75.683929
5273 54.897450 24.532481 75.467519
6375 47.179934 12.835088 87.164912
16856 40.161416 -37.659413 62.340587
13687 39.433505 -37.410338 62.589662
11411 39.536907 -38.231122 61.768878
3554 8.321820 8.321820 46.392511
8679 8.060932 8.060932 43.451478
7705 7.609177 7.609177 46.120076
17262 39.391092 -31.220867 31.220867
14189 49.966483 -21.174630 78.825370
8553 49.623081 -20.996807 79.003193
4843 49.589497 -21.423674 78.576326
5375 37.620022 -28.346625 28.346625
3318 37.698796 -28.601396 28.601396
3317 37.444292 -28.498972 28.498972
14618 54.521970 -8.352932 91.647068
10883 54.123582 -7.844506 92.155494
8306 80.474699 -15.407322 84.592678
8805 80.800295 -15.094019 84.905981
6905 80.485552 -15.198402 84.801598
15984 92.187205 -7.812795 47.618710
15985 92.808243 -7.191757 48.591288
9811 50.762003 -35.088142 64.911858
6992 51.347248 -34.903701 65.096299
9812 51.072211 -34.441616 65.558384
4603 24.690135 -5.203907 5.203907
4647 23.822207 -6.194603 6.194603
4604 23.723058 -4.949649 4.949649
16978 69.614842 -4.225695 95.774305
18100 69.633044 -3.824122 96.175878
11687 51.058277 -47.639227 52.360773
17844 40.004917 -35.187614 64.812386
10275 40.636253 -35.078209 64.921791
18698 40.250793 -34.523610 65.476390
17259 41.750010 -30.943643 30.943643
11390 72.574797 -15.592192 84.407808
4663 73.236216 -15.210590 84.789410
16036 44.607249 -29.244117 70.755883
7913 45.087765 -29.430352 70.569648
6635 79.091227 -10.004055 89.995945
3350 79.230895 -10.355894 89.644106
3352 79.703644 -9.972656 90.027344
19097 36.821696 -29.072413 29.072413
12590 36.820684 -28.893086 28.893086
18126 36.952646 -29.029010 29.029010
13627 36.661735 -28.979108 28.979108
16138 73.357762 -16.229442 83.770558
8173 24.250528 24.250528 56.925774
12996 24.808731 24.808731 55.851880
13685 24.065929 24.065929 55.756042
14854 81.048446 -18.951554 48.745543
11382 80.874512 -19.125488 48.365922
3167 81.096889 -18.903111 47.914560
5621 61.351044 -29.299161 70.700839
18935 63.498861 -25.847714 74.152286
17607 63.333823 -26.337784 73.662216
18603 63.772589 -26.029223 73.970777
4795 21.807036 -5.146556 5.146556
15102 20.682007 -6.237003 6.237003
4796 20.816766 -4.969911 4.969911
16161 47.817684 -37.049216 62.950784
3485 33.333333 0.000000 0.000000
11791 34.962073 2.144447 2.144447
11777 34.259259 0.000000 0.000000
749 36.070170 30.412813 30.412813
15303 35.163367 30.696841 30.696841
13457 36.486056 32.563675 32.563675
10117 60.036833 -35.577453 35.577453
13785 59.393708 -35.892839 35.892839
4859 59.590905 -35.128242 35.128242
2755 67.948221 -30.225664 69.774336
17948 67.563897 -30.862390 69.137610
13238 68.092090 -30.750208 69.249792
15718 77.525236 22.474764 74.278678
4339 78.000000 22.000000 78.000000
5826 78.044846 21.955154 73.331790
12484 88.131671 -11.868329 36.765480
1335 87.858536 -12.141464 35.259123
8800 88.349610 -11.650390 33.927050
10015 84.130992 15.869008 65.951382
10014 83.716875 16.283125 69.102307
13041 84.023194 15.976806 71.306488
12073 70.490375 -18.052810 81.947190
7689 70.766505 -17.618248 82.381752
14188 70.205240 -17.857182 82.142818
5812 66.033433 -13.203452 86.796548
14495 65.384391 -13.505959 86.494041
17396 65.846763 -13.673676 86.326324
10730 57.319629 -4.453310 95.546690
10732 57.442535 -4.947270 95.052730
18666 44.007569 -38.368152 61.631848
8816 43.438030 -37.880658 62.119342
7220 43.390994 -38.794920 61.205080
11705 70.866760 -28.541991 28.541991
182 70.833333 -29.166667 29.166667
4361 70.266290 -29.002927 29.002927
3301 34.966207 -31.595916 31.595916
8847 35.130829 -31.298731 31.298731
743 35.446444 -31.644055 31.644055
14434 49.444864 -45.890050 54.109950
819 49.057604 -45.093091 54.906909
17859 48.526399 -46.329812 53.670188
11535 41.898978 -38.685406 38.685406
593 64.396377 -16.534757 16.534757
592 64.448197 -15.821817 15.821817
11688 65.139220 -16.067507 16.067507
751 58.697390 -25.805032 25.805032
752 59.271218 -25.967474 25.967474
753 58.702898 -26.467413 26.467413
18556 39.114534 -30.829881 30.829881
7423 76.226515 -11.883252 11.883252
3145 47.663551 0.000000 100.000000
8076 48.364321 -0.651290 99.348710
8075 48.598131 0.000000 100.000000
11990 18.361444 -13.029151 86.970849
11021 17.447294 -14.141441 85.858559
11020 18.701654 -13.928257 86.071743
11039 36.294046 36.294046 47.105154
15982 35.612507 35.612507 46.485441
16999 35.441864 35.441864 47.493687
13797 59.704084 -11.962174 88.037826
16265 59.241678 -11.613695 88.386305
11092 58.981757 -12.177328 87.822672
10725 85.221040 -7.394382 92.605618
6638 84.619964 -7.892875 92.107125
10787 54.074302 -31.467526 68.532474
347 54.573651 -31.010614 68.989386
8308 54.091129 -30.891911 69.108089
810 72.157615 -27.842385 29.705866
809 71.610805 -28.389195 31.065839
180 71.553475 -28.446525 29.523690
3619 60.976233 -2.728692 2.728692
3618 61.947531 -2.373423 2.373423
13065 61.822234 -3.138581 3.138581
13496 0.526316 -0.526316 99.473684
11351 42.140945 -30.720741 69.279259
8113 41.813801 -30.312834 69.687166
8115 41.587324 -30.829299 69.170701
10537 68.224299 0.000000 100.000000
5175 67.289720 0.000000 100.000000
2948 67.474383 -0.489813 99.510187
16684 78.200943 -14.905313 85.094687
7315 78.784085 -14.736746 85.263254
17261 78.713940 -14.464588 85.535412
2085 1.484300 1.484300 11.739822
13530 2.523989 2.523989 11.457566
16682 45.175103 -27.366308 72.633692
4310 44.674749 -27.449850 72.550150
4309 44.993724 -27.795396 72.204604
14808 56.607546 -42.953489 42.953489
4181 37.386709 35.974607 35.974607
4958 36.904762 36.904762 36.904762
3589 38.095238 38.095238 38.095238
15270 6.569283 6.569283 76.739419
8197 5.654457 5.654457 79.190828
16993 42.276159 -12.994029 87.005971
7641 75.616784 -19.966533 80.033467
6171 55.570003 44.429997 47.785884
6172 55.022260 44.977740 47.907156
1029 55.126228 44.873772 50.441445
5311 42.443308 -22.133303 22.133303
11114 42.540991 -21.597873 21.597873
14667 43.014434 -21.861948 21.861948
13271 81.770271 -18.229729 62.513274
17070 81.984060 -18.015940 60.536312
16190 82.340999 -17.659001 61.951177
3992 46.782135 -17.714716 17.714716
3993 46.007929 -17.943276 17.943276
3994 46.154917 -17.118470 17.118470
12402 84.782693 -2.025027 2.025027
13733 77.009863 -7.672990 7.672990
18422 77.700939 -7.924948 7.924948
17604 54.124650 -7.365895 7.365895
4144 53.297458 -7.099432 7.099432
9984 53.940855 -6.647556 6.647556
2813 46.968314 -3.575951 96.424049
2812 47.428017 -2.958900 97.041100
3599 46.640639 -2.960532 97.039468
16300 38.941066 -29.267826 29.267826
8868 38.988544 -29.554298 29.554298
11968 76.470572 -21.630144 78.369856
9101 77.106781 -20.984531 79.015469
15399 11.218561 11.218561 53.297839
15400 12.018902 12.018902 50.595097
8952 10.899289 10.899289 50.292962
15134 53.865310 46.134690 48.549067
1077 53.160116 46.839884 50.671020
11291 81.918155 18.081845 46.288691
6556 81.263031 18.736969 48.827930
9385 81.652206 18.347794 53.163378
4240 26.931439 26.931439 44.232936
4241 26.629918 26.629918 44.144965
4239 26.769664 26.769664 44.581714
15011 69.805851 -5.488608 5.488608
9423 69.786506 -4.808207 4.808207
8192 70.574024 -5.043702 5.043702
13699 51.382152 -18.600939 18.600939
2553 50.579767 -18.209807 18.209807
16874 51.365806 -17.707716 17.707716
3509 79.891097 -17.500456 82.499544
16670 80.363888 -5.226238 94.773762
13227 80.421330 -4.902262 95.097738
6824 36.894168 -24.377403 75.622597
6995 37.085541 -24.369122 75.630878
6822 37.006936 -24.215917 75.784083
16514 44.444444 0.000000 0.000000
19270 45.087154 -0.825034 0.825034
18112 44.143637 -0.840923 0.840923
14484 61.837890 -21.559871 21.559871
12853 63.329590 -11.685504 88.314496
16471 62.768026 -12.023261 87.976739
15153 63.291417 -12.066684 87.933316
14912 81.443184 -12.183920 87.816080
551 81.244736 -11.981752 88.018248
550 80.851841 -12.398687 87.601313
8682 38.667237 -25.338823 74.661177
4593 38.791039 -25.387932 74.612068
6012 38.787928 -25.256847 74.743153
19072 47.914336 -33.887029 66.112971
18027 48.017229 -34.458726 65.541274
13921 48.450147 -33.928689 66.071311
14247 48.332010 -8.290810 91.709190
6099 47.304702 -8.121755 91.878245
8133 47.474043 -8.831466 91.168534
18372 92.632630 -7.367370 25.867447
14623 91.984106 -8.015894 28.249295
6178 92.134496 -7.865504 25.259018
18071 77.822356 -15.374271 84.625729
17605 77.514330 -15.732869 84.267131
3382 48.809524 48.809524 48.809524
23581 49.397715 48.908715 48.908715
16586 48.680027 47.811093 47.811093
3316 37.510781 -28.730896 28.730896
12861 37.532665 -28.916540 28.916540
18067 37.351239 -28.843997 28.843997
4292 70.684110 -26.230156 26.230156
17415 70.022427 -26.619394 26.619394
11187 70.128585 -25.963282 25.963282
3803 25.689955 25.689955 42.535645
3229 25.807619 25.807619 43.374807
3231 26.127758 26.127758 43.044583
3486 46.581873 -26.337258 73.662742
3487 46.566481 -26.000143 73.999857
12095 60.970529 -32.512049 67.487951
6675 60.464124 -32.536905 67.463095
4434 24.969894 24.969894 44.288448
13623 86.500000 13.500000 86.500000
23511 80.944404 7.090422 92.909578
23512 82.316549 8.040741 91.959259
12359 86.000000 14.000000 86.000000
7191 84.299002 -3.803439 96.196561
7190 85.414943 -3.664030 96.335970
14669 85.363904 -3.295443 96.704557
3344 44.538650 -8.897117 8.897117
3346 44.043658 -8.365159 8.365159
13030 55.000000 45.000000 55.000000
13029 53.273406 42.449218 57.550782
4968 55.500000 44.500000 55.500000
711 69.519862 -29.570568 29.570568
3402 70.138889 -29.861111 29.861111
5420 75.000000 0.000000 0.000000
11714 75.561278 -0.481366 0.481366
4881 74.641646 -0.460166 0.460166
884 30.447937 30.447937 47.213919
885 30.815618 30.815618 47.927608
151 31.096843 31.096843 47.232623
10301 42.747678 -32.292678 67.707322
10300 42.219858 -32.714019 67.285981
13245 42.803819 -32.954713 67.045287
16364 37.814372 -32.363462 32.363462
361 98.301903 -1.698097 40.438187
12050 98.173830 -1.826170 36.786001
9487 98.667556 -1.332444 36.765469
1847 35.331497 -26.001706 26.001706
1846 34.937428 -25.795336 25.795336
12913 35.320548 -25.607564 25.607564
8134 46.659758 -8.654150 91.345850
13063 45.775418 -8.576061 91.423939
15511 46.173690 -9.098402 90.901598
7658 96.984645 -2.213716 97.786284
13873 97.044280 -1.759628 98.240372
6971 95.630764 -2.676739 97.323261
4623 48.470574 -32.646911 67.353089
4625 49.038701 -32.431185 67.568815
3583 48.697524 -31.923239 68.076761
13141 40.479881 -34.889810 34.889810
394 40.834020 -34.491235 34.491235
393 40.999540 -35.175410 35.175410
17655 37.244116 -21.090753 21.090753
14972 37.988091 -20.745664 20.745664
4115 37.854714 -21.498658 21.498658
18713 98.788440 -1.211560 68.591023
4769 99.367070 -0.632930 71.366159
4771 98.660275 -1.339725 73.392342
14099 81.297271 -5.631026 5.631026
18925 80.500512 -5.451363 5.451363
13936 52.496026 -28.883629 71.116371
10979 52.956645 -28.408012 71.591988
12795 52.418463 -28.375227 71.624773
5466 46.247930 -30.961659 69.038341
6527 46.234827 -30.483955 69.516045
5464 45.697323 -30.896541 69.103459
13403 39.113959 39.113959 40.301969
3591 37.965701 37.965701 39.126814
10641 37.744108 37.744108 40.216087
11679 56.271308 -9.496014 90.503986
11680 57.114846 -9.314946 90.685054
11681 56.604887 -8.896525 91.103475
1619 78.774465 -17.798173 82.201827
1620 78.639874 -17.723299 82.276701
1621 78.468967 -17.984053 82.015947
378 70.779221 -29.220779 70.779221
377 70.358208 -28.893223 71.106777
1322 38.780832 -21.086259 78.913741
8251 38.725227 -21.524798 78.475202
13412 39.136438 -21.368560 78.631440
16809 91.923143 -8.076857 84.484609
1756 91.988748 -8.011252 87.243800
12300 91.419676 -8.580324 86.418172
10293 74.702828 -25.297172 29.200714
9354 74.385255 -25.614745 30.726637
10292 74.077734 -25.922266 29.750627
3291 40.393145 -6.588173 6.588173
17556 62.500000 -37.500000 37.500000
14829 62.399412 -36.942826 36.942826
6231 21.939101 21.939101 39.936843
15290 22.365401 22.365401 39.335059
15289 21.727017 21.727017 38.456425
5837 26.041722 -22.457763 77.542237
8643 25.331046 -22.199697 77.800303
3014 78.332289 -21.667711 29.827843
14064 79.005979 -20.994021 29.439250
14063 78.601964 -21.398036 31.024803
7725 28.947368 -28.947368 71.052632
12455 29.545703 -28.687513 71.312487
12456 29.011015 -28.361713 71.638287
15954 36.906097 -30.972239 30.972239
14571 36.726403 -30.875479 30.875479
9166 48.015421 36.667899 36.667899
9167 46.969402 36.716331 36.716331
9168 48.896718 38.824035 38.824035
2233 33.586611 33.586611 37.490019
12069 32.456675 32.456675 36.291458
530 21.330115 5.671873 5.671873
13791 19.984708 2.943814 2.943814
3789 61.793289 -38.206711 39.680823
3788 61.156451 -38.843549 40.585448
18122 14.609816 14.609816 52.597819
18457 14.769565 14.769565 50.174375
17148 13.889719 13.889719 51.068830
9820 37.194055 -26.611685 73.388315
9292 37.284981 -26.430641 73.569359
8556 37.000534 -26.456394 73.543606
2108 83.318896 -11.221356 88.778644
2107 82.593953 -11.470284 88.529716
6775 32.434957 -30.342008 30.342008
6773 32.295009 -30.931541 30.931541
6774 31.719643 -30.392395 30.392395
4140 37.658353 -29.636645 29.636645
6901 37.535033 -29.750900 29.750900
8303 39.240783 -28.160619 28.160619
16040 39.526665 -28.215751 28.215751
16507 39.359981 -28.424462 28.424462
16489 30.801291 30.801291 32.982067
2127 30.191233 30.191233 33.778190
5804 31.548450 31.548450 34.617150
16462 44.273796 -11.518228 88.481772
8992 44.309908 -10.896543 89.103457
16461 43.496931 -11.271383 88.728617
10298 54.189717 -27.489371 27.489371
10297 54.843536 -27.162831 27.162831
14367 54.696952 -28.014847 28.014847
6567 15.433491 15.433491 27.321624
4367 14.312007 14.312007 25.492496
8765 14.784880 14.784880 28.281616
301 48.305595 -21.145825 21.145825
2412 24.570095 -20.019548 79.980452
13435 25.220884 -20.620465 79.379535
12923 25.553328 -19.772568 80.227432
18540 82.106316 -17.893684 26.500456
12791 81.383102 -18.616898 26.709998
5917 81.940552 -18.059448 24.607448
7214 28.316217 28.316217 51.353062
4173 28.368271 28.368271 51.075257
7215 28.171658 28.171658 51.176536
17744 31.982361 -28.895186 28.895186
5946 91.180734 -4.459273 95.540727
8250 91.302417 -4.772582 95.227418
1450 92.235136 -4.167676 95.832324
8248 64.777036 -13.805357 86.194643
15298 64.934347 -13.396637 86.603363
10408 52.336449 0.000000 100.000000
3444 64.324608 18.424920 81.575080
3445 51.401869 0.000000 100.000000
14381 66.536559 33.463441 59.693579
16226 66.371070 33.628930 54.337830
10357 65.916882 34.083118 60.252839
16424 26.812609 26.812609 49.880245
19034 27.126908 27.126908 50.248103
15418 27.211150 27.211150 49.727020
13899 36.930005 -28.732733 28.732733
1401 41.133603 36.921000 36.921000
6854 76.294949 23.705051 41.768075
17254 76.556296 23.443704 47.202035
4948 93.201561 -6.798439 59.962652
4949 93.752661 -6.247339 61.374297
2824 93.250545 -6.749455 63.886960
4169 96.012344 -3.987656 68.924853
12112 96.573853 -3.426147 66.661920
12113 96.621431 -3.378569 71.145463
3276 51.848978 -24.881152 75.118848
10741 57.015656 -14.437418 14.437418
5542 57.808238 -14.281611 14.281611
5541 57.344216 -15.041129 15.041129
11606 73.214001 -24.859161 75.140839
8312 73.857626 -24.123467 75.876533
16544 73.225494 -24.426957 75.573043
3442 26.660152 26.660152 43.382415
11935 26.809974 26.809974 43.010753
11936 26.471868 26.471868 42.956432
7909 35.212051 -17.782551 82.217449
7223 34.583119 -18.104354 81.895646
7225 35.263190 -18.369725 81.630275
7408 64.261285 -35.738715 61.025143
10070 63.637583 -36.362417 60.438884
10670 64.272017 -35.727983 59.388799
16112 66.231848 19.779479 19.779479
6520 72.777778 27.222222 27.222222
1907 62.408282 14.036239 14.036239
16254 80.736660 -17.201033 82.798967
16270 37.748371 -21.923109 78.076891
2556 37.305654 -21.862983 78.137017
16085 37.441562 -22.214349 77.785651
9598 35.772830 -21.638993 21.638993
9453 57.943015 -9.217227 90.782773
11713 58.176851 -9.621111 90.378889
9454 58.784309 -9.267051 90.732949
11790 77.020167 -22.979833 26.119777
7958 76.843615 -23.156385 24.725444
927 81.104291 -18.895709 40.975437
23416 81.379710 -18.620290 40.696201
23410 81.317346 -18.682654 41.476842
7261 69.372840 -30.627160 34.972979
8324 68.855426 -31.144574 34.761617
9712 69.328300 -30.671700 33.683420
18423 40.795372 39.006622 39.006622
13404 40.476190 40.476190 40.476190
8181 41.772507 40.246372 40.246372
8053 32.142857 32.142857 32.142857
8054 33.333333 33.333333 33.333333
8055 32.369101 30.589763 30.589763
1722 59.619490 -20.728262 79.271738
5650 60.177292 -20.669197 79.330803
13750 60.034467 -20.272343 79.727657
958 46.306299 -45.255491 54.744509
7241 43.862600 -22.960121 77.039879
16438 43.436911 -23.189894 76.810106
7242 43.806369 -23.388412 76.611588
9046 41.669749 10.745970 89.254030
2588 39.295115 8.736990 91.263010
11569 37.801059 4.845127 95.154873
8757 20.646648 20.646648 35.653100
6386 20.863776 20.863776 34.374976
6385 20.076095 20.076095 34.271934
13362 39.822874 -24.291234 75.708766
16591 40.178547 -24.226173 75.773827
17613 39.931997 -24.000472 75.999528
3979 63.424557 -30.106712 69.893288
3980 63.196889 -29.833975 70.166025
3978 62.845454 -30.335036 69.664964
234 46.174635 -1.637295 98.362705
18402 45.876343 -2.538553 97.461447
11107 46.851557 -2.314645 97.685355
5286 71.296296 0.000000 0.000000
5288 72.222222 0.000000 0.000000
15126 71.558700 -0.558092 0.558092
6360 28.205482 28.205482 50.858691
6359 27.995301 27.995301 51.017604
688 48.637475 -11.339497 11.339497
17136 44.717320 -6.797632 6.797632
1771 43.808498 -6.855879 6.855879
9439 86.073663 13.926337 79.714247
1955 35.568167 -24.206532 75.793468
1954 35.164747 -24.181077 75.818923
17432 35.319602 -24.551862 75.448138
12435 37.413619 -26.255568 73.744432
4374 37.510179 -26.418814 73.581186
623 19.631957 5.083008 94.916992
15184 18.330890 4.413273 95.586727
5618 17.757009 0.000000 100.000000
11579 82.297530 -17.702470 31.047798
17177 82.839310 -17.160690 30.915426
11580 82.414292 -17.585708 32.556189
14703 69.874939 -13.432878 13.432878
14702 70.091526 -13.982003 13.982003
2449 69.337554 -13.968245 13.968245
16575 44.768108 -4.073568 4.073568
6814 45.342773 -4.600484 4.600484
8838 39.414613 -21.984593 78.015407
6107 39.674688 -22.424323 77.575677
6106 39.949399 -21.983272 78.016728
5991 3.959254 -3.959254 54.546164
14438 4.137938 -4.137938 45.407287
17132 34.372737 34.372737 47.498141
9968 34.702474 34.702474 46.617161
9967 33.752318 33.752318 46.651693
8595 32.926829 32.926829 67.073171
5857 34.146341 34.146341 65.853659
6653 23.983511 -15.947305 84.052695
2865 23.209197 -15.646032 84.353968
14771 23.138349 -16.454308 83.545692
7438 44.069464 -25.735992 74.264008
9041 44.429752 -25.395102 74.604898
15656 21.042388 12.978107 12.978107
14232 20.773584 11.095878 11.095878
11620 42.766030 -21.451880 78.548120
15898 43.100587 -21.716214 78.283786
11621 43.263618 -21.262875 78.737125
9077 41.748863 41.748863 52.217619
9078 42.592218 42.592218 52.955826
6589 43.692530 43.692530 51.722013
6388 4.107833 4.107833 22.912979
6389 4.763322 4.763322 22.003523
6387 3.878924 3.878924 16.832060
6769 92.789172 -7.210828 51.993412
2054 93.220985 -6.779015 53.672816
6770 92.711705 -7.288295 54.772925
3107 74.586544 25.413456 38.140219
3106 74.617618 25.382382 42.032865
16702 72.940716 -13.277622 86.722378
12492 72.173789 -13.673271 86.326729
16701 72.724882 -13.720124 86.279876
12323 60.722148 -20.624608 79.375392
12324 61.123795 -20.189572 79.810428
10134 60.591113 -20.229968 79.770032
15381 31.992445 31.992445 66.862102
15382 32.196378 32.196378 65.498952
17184 33.082056 -24.343357 24.343357
2736 33.661512 -23.736349 23.736349
11372 33.968563 -24.330523 24.330523
5537 33.297728 -27.016672 72.983328
5536 33.495561 -26.530001 73.469999
14406 32.896092 -26.602523 73.397477
10516 36.496602 -21.419915 78.580085
6828 36.359960 -21.905590 78.094410
2555 36.812901 -21.851650 78.148350
4655 41.599077 -29.969699 29.969699
4654 41.269505 -30.310100 30.310100
12711 53.433916 -23.767800 76.232200
15956 52.919565 -23.988608 76.011392
14341 53.284795 -24.313332 75.686668
3922 54.696376 -24.997892 75.002108
3923 55.222105 -24.711731 75.288269
3924 54.814736 -24.519788 75.480212
7090 89.456245 -2.531124 97.468876
7092 90.535958 -2.336828 97.663172
14353 90.320841 -2.035489 97.964511
18745 71.938837 28.061163 32.625182
18356 72.222222 27.777778 27.777778
17586 71.666667 28.333333 28.333333
10811 60.543753 -39.456247 43.146814
18485 60.504769 -39.495231 41.491094
10812 61.232462 -38.767538 42.624189
5863 61.443493 -22.679429 77.320571
17518 61.135082 -23.107017 76.892983
5055 61.628704 -22.995110 77.004890
86 6.427026 6.427026 60.405947
2596 7.383546 7.383546 61.359562
14277 7.282260 7.282260 57.583206
11827 86.560856 -13.439144 47.731384
17233 86.581554 -13.418446 45.473160
4710 87.058684 -12.941316 45.924615
4829 26.218835 2.918762 2.918762
4828 27.434450 5.834847 5.834847
13964 28.236272 5.646394 5.646394
9178 35.760231 -23.681149 76.318851
10716 35.759037 -23.962050 76.037950
9179 36.053392 -23.846778 76.153222
8152 40.516339 -18.846300 81.153700
3087 39.853519 -18.730047 81.269953
3089 39.959935 -19.226063 80.773937
7056 37.597139 -26.010490 26.010490
38 37.925992 -26.243880 26.243880
7240 37.561059 -26.353787 26.353787
18706 40.383850 40.383850 49.345032
11336 40.600143 40.600143 48.416666
8104 39.672103 39.672103 48.484975
427 71.551171 -15.036519 84.963481
16000 72.220106 -14.559103 85.440897
13631 71.592377 -14.575197 85.424803
15528 63.918933 -28.944750 71.055250
15527 64.273159 -29.193508 70.806492
4525 64.553669 -28.570544 71.429456
18413 67.020228 -3.183624 3.183624
16653 66.328764 -3.807873 3.807873
8266 65.989039 -2.981730 2.981730
2040 93.095953 -3.617520 3.617520
7646 93.880268 -2.890838 2.890838
8540 29.917534 29.917534 44.210403
8541 29.466125 29.466125 44.042772
15475 37.308278 23.452255 76.547745
9092 36.997305 21.257473 78.742527
16857 38.407148 23.749596 76.250404
18628 17.360493 15.625418 15.625418
5385 17.857143 17.857143 17.857143
7899 18.749996 17.596021 17.596021
15809 76.150939 -21.458438 78.541562
16458 75.802556 -21.983349 78.016651
5639 38.977613 -28.110676 28.110676
12551 39.106971 -27.918478 27.918478
13594 93.732438 6.267562 12.489586
13595 93.089050 6.910950 12.988512
6260 27.380952 27.380952 27.380952
2952 26.190476 26.190476 26.190476
11736 26.237450 26.237450 27.466546
4935 54.785189 -14.504633 85.495367
8314 54.066573 -14.440219 85.559781
2714 30.886847 -19.143171 19.143171
16576 30.037125 -19.538708 19.538708
2715 30.129568 -18.754000 18.754000
7311 46.079416 -2.532263 2.532263
11326 46.689651 -3.081067 3.081067
15242 45.854880 -3.195670 3.195670
9983 53.118500 -6.410684 6.410684
3632 52.911126 -5.728211 5.728211
3631 53.738391 -5.951187 5.951187
4032 61.859256 -13.774037 13.774037
2994 31.845928 31.845928 45.090397
2638 31.296292 31.296292 44.370006
2637 31.136783 31.136783 45.157029
9381 53.007122 40.634910 40.634910
163 53.511596 42.239063 42.239063
7842 54.861157 -28.487104 71.512896
17560 54.481207 -28.354034 71.645966
18319 54.408739 -28.819404 71.180596
8966 69.087474 -30.912526 64.389634
8965 68.787054 -31.212946 63.356923
16413 69.444968 -30.555032 63.232615
1018 36.651832 -25.614735 74.385265
19101 36.361401 -25.704180 74.295820
8452 36.624668 -25.855981 74.144019
17533 37.485157 -24.686774 24.686774
5145 37.611759 -24.301131 24.301131
2600 37.968724 -24.573470 24.573470
6856 89.592842 -10.407158 79.996133
6855 90.036042 -9.963958 76.976888
778 90.139393 -9.860607 79.702712
17710 46.406438 -27.659914 27.659914
18254 46.879600 -28.104139 28.104139
19020 90.633897 -0.713101 99.286899
4078 91.585745 -0.565153 99.434847
18409 91.386365 -0.333848 99.666152
17836 51.109291 8.942071 91.057929
5956 54.574051 13.086582 86.913418
5955 59.204697 21.505549 78.494451
16319 35.380952 -4.335677 95.664323
19102 35.038565 -4.986415 95.013585
17701 35.852752 -5.001657 94.998343
4651 75.990395 -10.615644 89.384356
9120 75.187929 -10.891838 89.108162
4652 75.600208 -11.112333 88.887667
17696 23.268602 23.268602 32.471752
12205 22.910884 22.910884 30.952036
4529 71.888781 -7.731845 92.268155
12406 71.052261 -7.973952 92.026048
2338 71.540286 -8.250914 91.749086
1940 34.592827 -12.774999 87.225001
14558 35.115445 -12.063050 87.936950
10224 34.236537 -12.099246 87.900754
4302 87.095730 12.904270 59.847024
18714 86.784490 13.215510 56.323299
1164 68.544584 -0.482509 99.517491
5361 36.593735 -25.067820 25.067820
5362 36.635726 -25.422305 25.422305
5360 36.285885 -25.270270 25.270270
16456 74.475023 -16.283586 83.716414
6648 74.475586 -16.711932 83.288068
17062 75.013079 -16.262862 83.737138
10672 43.982314 -12.469578 87.530422
746 43.573496 -13.015880 86.984120
745 44.338123 -12.973402 87.026598
14674 80.017569 -19.982431 56.323482
2290 80.352703 -19.647297 56.803032
6279 79.932447 -20.067553 57.734481
1483 46.253815 -29.602911 70.397089
1484 46.510997 -29.264331 70.735669
1482 46.002716 -29.287337 70.712663
15397 28.475095 28.475095 45.120300
15398 28.463036 28.463036 45.403936
7907 35.595061 -17.145535 82.854465
14552 36.340471 -16.566517 83.433483
15712 35.599909 -16.363223 83.636777
15099 61.471594 -19.403124 80.596876
18382 61.515464 -19.794610 80.205390
15100 61.941586 -19.451288 80.548712
2493 56.968658 -12.229450 87.770550
5161 57.218891 -11.640888 88.359112
14731 56.527034 -11.835661 88.164339
12754 54.332164 -29.305926 70.694074
16213 54.807739 -28.975889 71.024111
16906 36.216224 -30.235046 30.235046
7476 36.060497 -30.128522 30.128522
17131 36.246419 -30.118762 30.118762
13881 75.233534 -14.148043 85.851957
2364 74.824761 -14.098602 85.901398
18226 74.592505 -14.492416 85.507584
9745 90.567162 9.432838 77.598327
2914 90.032540 9.967460 75.726382
3708 90.044608 9.955392 81.653152
10239 81.988330 18.011670 34.080957
13253 59.698475 -7.674729 92.325271
8927 60.157641 -7.194530 92.805470
8928 59.409362 -7.200055 92.799945
9907 28.597276 27.462123 27.462123
11656 28.656287 25.806563 25.806563
6259 27.400510 24.918296 24.918296
10688 33.962093 33.962093 49.322440
14386 34.830615 34.830615 49.015200
12427 34.111493 34.111493 48.396744
4165 73.644785 -26.355215 38.546983
209 73.031387 -26.968613 39.753142
4166 73.063575 -26.936425 38.225007
16743 96.795488 3.204512 91.669529
8780 96.278409 3.721591 92.045622
15909 96.500000 3.500000 96.500000
9172 63.398705 -11.951063 11.951063
10457 64.105164 -12.423803 12.423803
3283 75.319285 -24.680715 56.846072
3282 75.484083 -24.515917 58.309637
17399 74.948919 -25.051081 58.078787
10548 56.038243 -40.368258 59.631742
11866 56.814548 -39.917472 60.082528
15925 56.498580 -39.425582 60.574418
23328 73.000000 27.000000 73.000000
4478 64.528332 16.473253 83.526747
17025 64.266242 14.387850 85.612150
10673 43.717904 -11.949433 88.050567
14140 61.271725 -34.324207 65.675793
4050 60.891598 -34.240253 65.759747
4049 60.720727 -34.798828 65.201172
18988 38.481708 -26.731010 73.268990
16763 38.417028 -26.630791 73.369209
15724 38.315500 -26.755581 73.244419
15032 14.075235 14.075235 17.885440
15033 15.111242 15.111242 18.387287
15031 14.132537 14.132537 15.905761
5048 83.989591 -16.010409 38.608339
15772 83.507645 -16.492355 38.907194
12775 83.829929 -16.170071 37.338147
6102 54.400728 -24.790551 75.209449
6103 53.970168 -24.806080 75.193920
6104 54.145105 -25.237403 74.762597
919 75.034114 -13.209089 13.209089
918 74.637576 -12.716883 12.716883
11904 44.512373 -35.421161 35.421161
12260 44.472376 -36.155735 36.155735
17447 74.857202 -25.142798 56.801081
2937 82.777778 17.222222 17.222222
16490 82.222222 17.777778 17.777778
17784 82.480455 17.519545 20.830238
857 38.362315 -27.073240 27.073240
18627 38.398505 -27.346457 27.346457
14821 34.304434 34.304434 39.495755
13312 33.290391 33.290391 39.304731
18161 30.815172 -25.639767 25.639767
6218 30.591043 -25.081265 25.081265
5814 31.271374 -24.567915 24.567915
19206 40.520936 -24.345566 75.654434
19205 40.232099 -24.542410 75.457590
15268 75.410265 -8.547881 91.452119
17621 46.131808 -10.481813 10.481813
4520 45.695584 -9.731450 9.731450
631 46.664457 -9.771288 9.771288
13640 44.729187 -21.687618 21.687618
5609 44.733768 -21.138761 21.138761
6568 16.308038 16.308038 26.949018
10532 16.226443 16.226443 28.715171
196 17.017053 17.017053 29.200110
11154 77.577622 -22.422378 23.637852
13514 77.083333 -22.916667 22.916667
13513 77.777778 -22.222222 22.222222
14716 52.015348 -34.804664 34.804664
1022 52.501647 -34.209329 34.209329
11412 39.641491 -38.889164 61.110836
9005 35.212027 -27.431015 27.431015
9006 35.152415 -27.620724 27.620724
6820 68.121388 -1.700140 98.299860
17252 67.676374 -1.435674 98.564326
17199 67.257839 -1.789043 98.210957
5207 61.969483 -19.025212 80.974788
5206 61.446014 -18.963091 81.036909
2983 68.085581 -29.478689 29.478689
712 68.939465 -29.130491 29.130491
2982 68.581383 -30.210917 30.210917
701 80.090374 -19.909626 47.388291
14515 80.376439 -19.623561 47.138383
699 80.264023 -19.735977 48.008778
5589 74.157609 5.522767 5.522767
5590 77.358244 11.648042 11.648042
11575 30.535866 30.535866 45.281530
2636 30.553410 30.553410 44.462679
14932 82.463409 -17.536591 22.442593
5736 81.791133 -18.208867 22.957766
4565 86.092647 -1.028604 1.028604
10055 60.545378 -11.304184 11.304184
9695 60.082568 -12.002340 12.002340
9694 59.655180 -11.365064 11.365064
18369 38.201014 -26.153350 73.846650
51 38.180161 -26.267592 73.732408
18868 38.293640 -26.205059 73.794941
2867 88.089916 -11.910084 45.155431
2868 87.565657 -12.434343 44.174007
2869 88.114480 -11.885520 42.226133
16870 46.064283 -16.652347 83.347653
8428 46.410990 -17.073375 82.926625
8430 46.579556 -16.589087 83.410913
18377 34.664046 -27.842636 27.842636
15738 34.712217 -27.654368 27.654368
16338 34.881329 -27.818582 27.818582
8372 38.816987 -26.443042 73.556958
23836 38.890242 -26.385316 73.614684
8373 38.806075 -26.343321 73.656679
23837 38.895826 -26.464652 73.535348
13774 40.610979 -30.468072 30.468072
13775 40.358150 -30.724011 30.724011
13773 40.237128 -30.336246 30.336246
6691 67.762134 -21.022462 78.977538
1961 67.517986 -20.728762 79.271238
18505 67.152830 -21.249040 78.750960
2322 66.527129 -28.068404 28.068404
5679 65.688678 -28.680324 28.680324
5678 65.806204 -27.986906 27.986906
14065 79.159636 -20.840364 30.719453
13175 79.596734 -20.403266 29.167507
14432 79.697472 -20.302528 30.594007
12145 62.798327 -35.641311 64.358689
15135 62.046224 -35.950230 64.049770
10036 38.058160 -5.137847 5.137847
10973 37.689204 -6.248090 6.248090
11520 46.673064 -37.353891 62.646109
11521 46.697744 -36.597390 63.402610
6068 46.106986 -37.074964 62.925036
15621 78.635101 -18.032769 81.967231
2314 38.050490 -24.879804 75.120196
19411 27.154169 27.154169 51.195188
19435 27.210705 27.210705 51.538715
19434 27.363978 27.363978 51.323603
11962 27.407812 27.407812 50.976141
5030 73.484420 -16.961744 16.961744
5029 73.011908 -17.614358 17.614358
4645 72.647740 -17.108169 17.108169
6832 48.432782 -46.042815 46.042815
6831 48.939195 -47.137265 47.137265
13825 42.300164 -18.302844 81.697156
13826 42.152228 -18.785032 81.214968
13597 42.616269 -18.580311 81.419689
8677 35.069953 -16.921910 16.921910
12557 35.819631 -17.185898 17.185898
12558 35.111585 -17.687534 17.687534
4157 65.714452 -32.312105 67.687895
3687 65.905967 -31.729961 68.270039
9546 65.261723 -32.250157 67.749843
18916 46.628949 -39.876474 60.123526
16256 45.984002 -39.628475 60.371525
15022 46.040751 -40.412862 59.587138
12333 30.539210 17.082618 82.917382
12332 30.683684 19.232738 80.767262
3141 29.359451 16.445324 83.554676
17186 34.057374 34.057374 59.270395
2466 35.132967 35.132967 59.412885
5646 35.200000 35.200000 58.300751
4533 70.310072 -19.883784 80.116216
8325 70.556596 -19.421994 80.578006
4531 69.977997 -19.730525 80.269475
12697 37.740144 -24.380887 75.619113
8261 71.518965 -19.910464 80.089536
8260 71.861851 -20.009294 79.990706
13122 61.627607 -20.129996 79.870004
5231 61.815921 -20.445917 79.554083
12379 62.132811 -20.004425 79.995575
9575 50.189825 -22.942165 22.942165
10273 49.852832 -22.483294 22.483294
8858 50.077825 -28.826347 71.173653
8859 49.622893 -28.655695 71.344305
6969 95.107886 -2.535270 97.464730
6970 94.225599 -3.215348 96.784652
17421 36.087511 -30.612470 30.612470
15456 36.985194 -29.189165 29.189165
15088 36.949119 -29.356685 29.356685
19238 36.811940 -29.225855 29.225855
15509 36.767201 -29.387580 29.387580
14604 32.610891 -2.351487 2.351487
14605 31.573585 -2.344170 2.344170
16780 35.957455 -29.075498 29.075498
7586 36.142622 -29.154804 29.154804
16499 36.002633 -29.245612 29.245612
7046 61.860914 -34.828594 65.171406
15448 61.670171 -35.645962 64.354038
12338 36.802061 -29.681149 29.681149
12337 36.737239 -29.759206 29.759206
9437 36.679627 -29.623549 29.623549
18532 26.729019 -1.327189 1.327189
5424 25.642485 -2.445239 2.445239
10311 25.799072 -0.927934 0.927934
15450 21.140075 -3.555107 96.444893
15449 20.198658 -3.961747 96.038253
5209 20.337894 -4.954265 95.045735
18537 47.142439 -35.515648 64.484352
1578 46.577353 -35.490818 64.509182
1577 46.760921 -35.988670 64.011330
2131 56.988189 -25.772591 25.772591
2130 57.566997 -25.982297 25.982297
16619 57.054622 -26.356775 26.356775
1429 31.340740 -26.035767 26.035767
1427 32.102988 -25.993728 25.993728
1428 31.850295 -26.494449 26.494449
9055 53.201453 -15.096074 15.096074
9053 53.551271 -14.457219 14.457219
9054 53.995084 -14.997679 14.997679
9995 65.461092 -34.538908 38.810687
9993 64.588102 -35.411898 39.169028
7142 79.248035 20.751965 27.309979
7141 79.318149 20.681851 32.827730
718 79.914378 20.085622 27.711981
5321 58.190911 -39.047145 60.952855
7930 57.513815 -39.469174 60.530826
7932 57.814340 -39.858558 60.141442
19458 36.697975 -29.118255 29.118255
18133 36.650457 -29.231031 29.231031
1775 36.544049 -29.082867 29.082867
13833 57.908679 -30.812342 69.187658
5339 58.189890 -30.201146 69.798854
7044 57.585275 -30.423646 69.576354
5606 28.337128 28.337128 44.782202
17827 39.914920 -23.518811 76.481189
17485 39.862560 -23.309937 76.690063
12088 39.650322 -23.465869 76.534131
3935 58.554148 21.633644 21.633644
4753 61.094736 26.072490 26.072490
18809 67.222222 32.777778 32.777778
4617 41.928045 -24.901507 75.098493
6722 41.883114 -24.599127 75.400873
16325 41.610915 -24.823043 75.176957
14208 44.589682 -33.556281 66.443719
15411 43.949603 -33.748174 66.251826
15412 44.359635 -34.231058 65.768942
8150 79.477821 -9.454771 90.545229
7369 80.349972 -9.061271 90.938729
6673 79.764836 -9.045908 90.954092
1591 51.661710 -10.751043 89.248957
1590 51.642576 -11.355051 88.644949
2647 52.312664 -10.985643 89.014357
10600 93.353063 -6.646937 45.575436
17538 93.491057 -6.508943 49.477043
8500 37.873384 -24.238021 75.761979
8499 37.669278 -24.226147 75.773853
1032 66.586534 -32.394874 67.605126
1030 66.382087 -31.921062 68.078938
1031 65.884494 -32.701101 67.298899
6953 39.125376 -23.768101 76.231899
11746 39.420379 -27.131300 27.131300
3672 39.321468 -27.400834 27.400834
10242 23.395064 23.395064 60.250910
12644 22.626894 22.626894 60.436148
7387 92.423902 -7.576098 73.063761
7386 92.325842 -7.674158 76.161185
12342 91.829969 -8.170031 74.681032
5742 87.635856 -12.364144 68.142126
5597 87.837694 -12.162306 65.060316
10968 88.360508 -11.639492 67.198351
2618 24.076102 -15.171287 84.828713
2619 23.348630 -14.823581 85.176419
15023 80.677901 -19.322099 44.435881
15025 80.767891 -19.232109 43.310788
17933 80.953384 -19.046616 44.101838
7693 80.000563 -19.999437 50.647407
7161 80.075902 -19.924098 51.456754
7158 79.839628 -20.160372 51.389660
9606 42.674227 28.390313 28.390313
9480 42.827493 29.905457 29.905457
1718 41.155560 -26.726864 26.726864
1717 41.265404 -27.198612 27.198612
2709 40.807145 -27.036768 27.036768
2082 54.980038 -38.974536 38.974536
9340 54.366274 -38.919490 38.919490
13673 54.915148 -38.095471 38.095471
3544 70.284002 -29.715998 67.331313
11815 70.769112 -29.230888 68.668816
3545 70.131726 -29.868274 68.891826
2655 84.357559 15.642441 57.414614
4089 84.772779 15.227221 59.364033
18675 84.816326 15.183674 54.286960
16052 2.977893 -2.977893 77.513973
9288 86.395947 -6.424286 93.575714
17354 85.971155 -6.265574 93.734426
17642 85.616567 -6.694546 93.305454
1446 49.132598 40.601169 40.601169
2263 50.679212 41.259584 41.259584
2514 79.897074 -15.657828 84.342172
8307 80.105489 -15.652549 84.347451
9195 35.707319 -12.833850 12.833850
4694 36.482597 -12.404483 12.404483
2985 36.437925 -13.201533 13.201533
4366 13.949330 13.949330 27.098434
11180 18.240158 18.240158 28.392952
194 17.923729 17.923729 29.715108
8793 18.671539 18.671539 30.013710
18304 47.468545 -5.504637 5.504637
756 1.821287 1.821287 33.270538
3391 0.869206 0.869206 32.574290
754 1.582950 1.582950 39.787536
17146 79.617391 -17.048652 82.951348
8256 79.488366 -17.267701 82.732299
17809 78.678523 -14.226497 85.773503
2490 79.124535 -14.066570 85.933430
2489 78.942028 -13.848019 86.151981
4429 82.167327 -17.832673 38.144981
4427 82.437722 -17.562278 36.684948
4428 82.594627 -17.405373 37.778150
9413 38.942239 -22.305984 22.305984
15521 39.471166 -22.125268 22.125268
4893 39.439960 -22.645251 22.645251
8750 53.151845 -38.223650 61.776350
7335 52.518134 -38.341995 61.658005
7334 52.702894 -38.996418 61.003582
402 66.666667 33.333333 33.333333
7858 83.500000 16.500000 83.500000
23540 76.217989 8.695951 91.304049
23541 76.351761 8.274012 91.725988
7859 84.000000 16.000000 84.000000
23513 76.530176 7.900097 92.099903
23514 76.076959 6.626572 93.373428
18309 24.780812 -15.485634 84.514366
9009 25.579437 -15.100487 84.899513
1633 24.914773 -14.729350 85.270650
6216 44.858989 -32.164140 32.164140
13759 44.425944 -31.858336 31.858336
6217 44.842636 -31.628375 31.628375
9772 85.342445 -13.945288 13.945288
9773 85.352027 -13.432639 13.432639
9774 86.000972 -13.332513 13.332513
14444 49.745431 -31.283658 31.283658
13754 50.097266 -31.746750 31.746750
2023 49.562362 -31.873645 31.873645
496 40.261577 -7.343681 92.656319
750 37.154657 30.131434 30.131434
12865 36.152914 27.726724 27.726724
748 35.482462 28.106785 28.106785
7227 39.103190 -26.877524 73.122476
7226 39.136368 -26.679411 73.320589
23838 39.002769 -26.763886 73.236114
3606 38.890273 -26.679132 73.320868
23839 39.007482 -26.658127 73.341873
6293 75.397077 -21.782933 21.782933
4825 76.596167 -21.383963 21.383963
12438 38.507240 -32.809669 32.809669
2960 37.900484 -25.156169 74.843831
2959 37.890486 -24.983889 75.016111
10068 37.702428 -25.094313 74.905687
16435 18.794683 18.794683 54.601999
17551 18.845169 18.845169 52.795244
3941 17.952653 17.952653 53.663543
13304 11.451211 11.451211 60.483003
13306 11.007133 11.007133 63.949752
4597 12.040574 12.040574 62.300670
7885 83.460333 -2.371531 2.371531
7886 83.637375 -2.511977 2.511977
7887 83.221398 -2.586556 2.586556
4873 9.277323 4.053501 4.053501
10360 68.639750 -15.326624 84.673376
12930 69.298788 -15.313226 84.686774
10361 69.340407 -14.865683 85.134317
8205 33.773823 -26.092511 73.907489
4797 22.109171 -3.789867 3.789867
18054 23.383559 -2.766363 2.766363
13818 63.856717 36.143283 45.374302
9034 63.466726 36.533274 51.233186
15073 64.236271 35.763729 46.936121
9742 12.290079 12.290079 23.746418
11113 10.978696 10.978696 20.249623
9740 11.063670 11.063670 23.814045
10449 35.038666 33.514076 33.514076
10450 33.732076 32.020552 32.020552
9869 34.523810 34.523810 34.523810
4870 37.756247 -25.279780 74.720220
18070 62.789336 -6.790130 93.209870
1723 61.832004 -7.061580 92.938420
1725 62.571906 -7.351782 92.648218
14379 83.746588 -14.643770 85.356230
14380 83.837337 -14.317892 85.682108
15284 83.338428 -14.715295 85.284705
18367 82.128820 -17.871180 46.705096
136 81.938766 -18.061234 47.279855
135 81.901519 -18.098481 46.601749
13874 34.346418 -26.465869 26.465869
13918 34.077352 -26.185049 26.185049
17527 34.499332 -26.195328 26.195328
2738 37.232440 37.232440 57.957425
3558 36.260376 36.260376 57.483965
2468 36.005720 36.005720 58.500303
19405 26.668358 26.668358 54.045658
13790 26.310065 26.310065 54.339204
19457 26.657136 26.657136 54.598212
3374 38.850176 -17.490890 82.509110
3373 39.542803 -17.597575 82.402425
4446 39.388377 -16.999719 83.000281
15897 43.601593 -21.582704 78.417296
5840 43.886195 -21.055799 78.944201
10383 67.161235 -13.187786 86.812214
10384 67.447809 -12.682326 87.317674
5813 66.737816 -12.937675 87.062325
15157 46.328289 -25.811485 74.188515
18127 82.501860 -1.320319 98.679681
19232 82.512978 -1.230684 98.769316
9991 82.297462 -1.303646 98.696354
9273 41.652553 -24.386078 24.386078
8100 42.162573 -23.976435 23.976435
16601 42.327135 -24.564117 24.564117
1689 85.913335 -12.938354 87.061646
1321 85.550790 -13.451036 86.548964
18853 50.649351 -49.350649 50.649351
11195 50.000000 -50.000000 50.000000
23813 50.643474 -49.356526 49.977998
14201 57.142857 -42.857143 57.142857
14200 56.493506 -43.506494 56.493506
10104 56.956910 -43.043090 55.714766
13566 27.997204 27.997204 41.625247
23432 27.722355 27.722355 41.212927
23431 27.636742 27.636742 41.618312
18986 27.837437 27.837437 42.145769
2245 84.627584 -15.372416 35.093343
5411 85.192966 -14.807034 34.611301
5059 84.810620 -15.189380 36.521715
19298 28.126521 28.126521 42.641186
12887 28.462355 28.462355 42.811904
13565 28.338538 28.338538 42.225798
2623 74.540999 -18.946908 81.053092
2624 74.008509 -19.209991 80.790009
2625 74.225010 -19.411630 80.588370
17232 34.293458 -27.957303 27.957303
16668 34.456562 -28.067683 28.067683
17334 34.267044 -28.123257 28.123257
2580 78.455166 -21.544834 44.102920
8029 78.541630 -21.458370 45.631428
10130 42.458807 -35.599126 35.599126
13509 42.933400 -35.954980 35.954980
12207 42.538806 -36.202534 36.202534
10586 38.331149 -30.247300 30.247300
17100 38.541879 -30.505739 30.505739
12748 38.239199 -30.495513 30.495513
14675 80.332223 -19.667777 55.318797
1097 42.808270 -34.235753 65.764247
1098 42.235823 -34.138202 65.861798
1096 42.539182 -34.761890 65.238110
5856 49.543190 -15.267381 84.732619
11607 50.099473 -15.042022 84.957978
8871 49.766941 -14.733307 85.266693
10803 82.655958 -17.344042 24.031690
19152 82.863836 -17.136164 25.612894
19406 26.574255 26.574255 45.637257
19162 26.628934 26.628934 45.026610
734 26.147201 26.147201 45.069713
3517 35.321778 -7.939355 92.060645
3518 35.924283 -7.233882 92.766118
3516 34.964866 -7.169459 92.830541
19127 55.688496 -19.910574 80.089426
16172 55.275626 -19.772275 80.227725
11420 55.144034 -20.200491 79.799509
8045 19.633888 -11.064847 88.935153
7075 18.989887 -10.317940 89.682060
7074 18.326387 -11.416906 88.583094
19338 27.648183 27.648183 43.578959
23185 27.517550 27.517550 43.707861
19422 27.772524 27.772524 42.923089
19345 27.901791 27.901791 43.199374
19367 28.005718 28.005718 42.959153
19337 27.791101 27.791101 43.413460
23430 27.727167 27.727167 43.145216
558 44.993683 -23.373460 23.373460
560 45.641431 -23.090668 23.090668
16185 45.566994 -23.651472 23.651472
974 33.114778 -4.561678 4.561678
1786 33.413442 -5.387054 5.387054
17341 32.519232 -5.692879 5.692879
811 72.210634 -27.789366 31.167283
4420 72.615765 -27.384235 30.027002
294 28.141578 28.141578 44.551575
3578 28.171168 28.171168 44.487064
295 28.117034 28.117034 44.483391
16257 41.885399 -29.135244 29.135244
14701 72.564526 -18.283180 18.283180
16564 72.183225 -17.808623 17.808623
19399 27.317745 27.317745 41.739091
23226 27.053198 27.053198 41.556958
23217 27.037246 27.037246 41.771497
17638 27.360168 27.360168 41.087961
12258 27.205082 27.205082 40.153770
23188 26.948151 26.948151 40.806432
8088 45.487891 -13.102915 13.102915
8089 46.311965 -13.117413 13.117413
2193 65.733210 34.266790 55.350195
1875 65.482588 34.517412 50.860647
16494 65.125359 34.874641 56.577013
7908 34.724309 -17.427406 82.572594
10872 30.792000 -19.870272 19.870272
9617 31.560318 -20.121362 20.121362
10786 30.821140 -20.601459 20.601459
7933 85.335994 -14.664006 20.477817
6372 85.592982 -14.407018 21.932865
14305 84.816729 -15.183271 23.209390
10166 83.018346 -0.390681 99.609319
10167 82.318224 -0.448054 99.551946
8747 82.702296 -0.575750 99.424250
8436 79.116003 20.883997 56.081090
18007 78.665495 21.334505 56.888586
3263 78.919397 21.080603 60.714822
1314 44.675896 -38.719668 61.280332
1316 44.539136 -37.892136 62.107864
1336 87.481646 -12.518354 37.081221
18518 43.453452 -18.064299 81.935701
11769 44.078236 -17.926489 82.073511
9832 43.706354 -17.527810 82.472190
19402 26.979424 26.979424 42.657979
18660 26.631455 26.631455 42.510815
3017 16.762340 -10.955982 89.044018
3018 17.880965 -10.876971 89.123029
3016 18.201954 -9.896815 90.103185
2546 43.857933 29.057591 29.057591
8477 22.733360 17.721010 82.278990
22936 23.277562 16.774031 83.225969
22962 23.674364 19.152874 80.847126
10250 77.837960 -16.241027 16.241027
10251 76.945435 -16.231882 16.231882
1674 77.756408 -15.584373 15.584373
18397 79.919484 -20.080516 55.184880
11662 80.204094 -19.795906 54.179430
13278 28.401993 28.401993 43.752422
7546 28.183003 28.183003 43.597519
12982 28.218628 28.218628 43.837842
13677 60.539302 -12.725447 12.725447
19142 60.408407 -13.548917 13.548917
2382 85.997767 -14.002233 19.657272
2384 86.151001 -13.848999 21.003884
1679 27.296137 27.296137 44.649230
1681 27.057635 27.057635 44.617282
19385 27.205995 27.205995 44.942971
2017 54.857785 -18.745491 18.745491
2016 55.835438 -18.622301 18.622301
15248 55.419698 -19.387823 19.387823
7323 36.780889 -32.662656 67.337344
7322 37.274090 -32.504020 67.495980
8096 36.823746 -32.124702 67.875298
14590 93.616984 6.383016 29.965043
12889 27.209192 27.209192 45.594879
12891 27.491608 27.491608 45.662398
19371 27.377484 27.377484 45.265314
7917 27.620071 27.620071 43.970508
9181 27.769105 27.769105 44.100843
23189 27.749674 27.749674 43.953498
1530 74.153499 -8.054008 91.945992
10658 74.893146 -7.671623 92.328377
7449 74.210415 -7.600280 92.399720
1180 27.317577 8.187252 8.187252
1844 28.030979 11.232227 11.232227
1845 29.330756 11.375194 11.375194
5569 50.645673 -16.012371 83.987629
5568 51.308723 -15.879226 84.120774
17000 89.453869 -7.519987 92.480013
14639 88.976301 -7.467172 92.532828
17797 88.662277 -7.888320 92.111680
1272 38.086130 31.032188 68.967812
13346 38.599785 29.635340 70.364660
15773 39.911982 32.366097 67.633903
19240 25.559107 25.559107 53.978596
18348 26.030263 26.030263 53.915120
8273 26.504954 26.504954 40.621044
12229 26.390998 26.390998 39.885414
1279 25.965773 25.965773 40.248416
11717 63.764168 -20.684641 79.315359
17188 63.665835 -21.084492 78.915508
14311 64.150731 -20.820587 79.179413
16638 11.369876 -7.484317 92.515683
13521 9.473684 -9.473684 90.526316
10308 46.622616 -20.083042 79.916958
443 46.021373 -20.359351 79.640649
445 46.524213 -20.697717 79.302283
1647 52.579724 -1.352368 1.352368
1646 52.282158 -1.838155 1.838155
4021 51.658456 -1.317514 1.317514
18487 77.748003 -6.534110 93.465890
13348 78.592911 -6.585065 93.414935
3913 78.790037 -5.981498 94.018502
18441 81.516030 -2.469901 97.530099
4503 81.353913 -2.854445 97.145555
14767 82.111700 -2.581971 97.418029
17488 50.460145 -27.716077 27.716077
18176 50.196282 -28.489199 28.489199
17489 49.736230 -27.915294 27.915294
10169 86.192193 -13.807807 36.081981
4880 86.588609 -13.411391 36.362315
6225 86.164724 -13.835276 37.712533
14021 54.947057 -32.682917 32.682917
6491 55.475443 -32.454745 32.454745
2258 55.197124 -33.126661 33.126661
19454 28.123676 28.123676 44.307559
9296 28.186529 28.186529 44.387996
23309 28.181065 28.181065 44.296930
12500 18.974903 18.974903 76.841701
12501 18.940074 18.940074 75.251387
12499 17.996432 17.996432 77.168431
15900 25.640621 25.640621 33.935266
17468 24.989573 24.989573 34.311331
16804 45.848268 -23.123007 76.876993
18534 46.198724 -22.779392 77.220608
15703 45.811046 -22.775946 77.224054
17026 41.345588 -38.591824 38.591824
5698 50.046089 11.248880 88.751120
18543 57.445807 23.022184 76.977816
6739 49.354097 11.599570 88.400430
8986 5.983112 5.983112 53.058631
15859 6.849788 6.849788 52.301661
8495 6.418203 6.418203 49.204107
16349 29.134256 29.134256 35.285364
10188 28.299356 28.299356 34.781003
14826 28.581858 28.581858 36.027221
17159 87.543975 -12.456025 39.309773
12563 28.206581 28.206581 44.600648
9038 59.699135 -29.462348 70.537652
5570 76.321735 -18.642512 81.357488
922 75.903350 -19.039426 80.960574
15355 76.300282 -18.959696 81.040304
4408 67.859939 -32.140061 59.450238
4409 67.332821 -32.667179 60.370068
4410 67.360250 -32.639750 58.432115
19348 28.023144 28.023144 52.066471
19349 28.036813 28.036813 52.041397
19346 28.016525 28.016525 52.044896
12382 39.181583 -29.392536 70.607464
3609 39.342147 -28.934922 71.065078
7964 38.827603 -29.045573 70.954427
3754 35.975004 26.160179 26.160179
9459 34.901753 25.853961 25.853961
9823 20.578362 20.578362 42.874522
12414 62.589339 -17.680361 82.319639
17703 63.130035 -17.784306 82.215694
17880 63.193386 -17.282818 82.717182
17375 63.999686 -29.779637 70.220363
6087 63.688484 -29.534625 70.465375
10412 82.356972 -17.643028 39.202332
14980 82.053948 -17.946052 40.383429
10411 81.942373 -18.057627 39.446501
12502 73.315832 -18.034832 81.965168
8146 72.730620 -18.472341 81.527659
8199 73.235925 -18.524746 81.475254
9163 75.728778 -11.720035 88.279965
9351 33.334097 33.334097 45.072888
13479 33.884131 33.884131 44.635823
2079 32.928647 32.928647 44.174403
11782 22.359307 22.359307 67.273877
4204 23.127342 23.127342 65.910713
11783 22.323447 22.323447 65.797923
9295 28.249717 28.249717 44.490131
1783 84.927266 -8.487574 8.487574
3857 83.990463 -8.943075 8.943075
1571 34.662052 -30.521176 69.478824
7363 35.269635 -30.228144 69.771856
1701 34.664938 -29.891200 70.108800
10487 38.461368 -24.954764 75.045236
205 74.205094 -14.296847 85.703153
11437 73.922475 -14.833275 85.166725
6868 46.365598 -25.356150 25.356150
18523 45.786685 -25.579059 25.579059
6869 45.880699 -24.962964 24.962964
11125 29.537022 29.537022 50.947290
8348 29.820945 29.820945 51.421582
6457 30.045497 30.045497 50.768812
19363 27.998601 27.998601 52.160814
19351 28.014746 28.014746 52.097420
19352 27.988187 27.988187 52.085796
3722 78.167074 21.832926 54.737919
627 77.796811 22.203189 49.836827
3723 77.402737 22.597263 54.534033
6592 35.276124 -30.108408 30.108408
14306 35.424289 -30.332873 30.332873
11054 35.158188 -30.283187 30.283187
14850 69.840027 -30.159973 61.744233
8888 69.503001 -30.496999 60.120325
3627 70.281832 -29.718168 60.231584
10947 56.130473 -14.248052 85.751948
3369 56.283767 -13.690373 86.309627
4934 55.468519 -13.972808 86.027192
921 75.539730 -19.122818 80.877182
2024 75.485899 -19.419807 80.580193
15742 91.928511 -6.662124 6.662124
18500 90.892428 -6.977675 6.977675
451 91.660287 -6.078044 6.078044
5602 17.959790 17.959790 75.458084
3366 16.897736 16.897736 77.694328
13898 44.732378 -28.705851 71.294149
9187 44.849866 -28.245238 71.754762
9186 44.407423 -28.428531 71.571469
6890 38.431037 6.956740 6.956740
11778 36.592670 3.771242 3.771242
16927 36.284544 4.604856 4.604856
4107 85.591062 -14.408938 62.012713
3172 86.264474 -13.735526 60.476448
3171 86.136491 -13.863509 63.662327
11144 27.067302 -4.052198 4.052198
9238 28.327264 -3.194474 3.194474
11143 28.077960 -4.784787 4.784787
11798 61.899998 -13.293573 86.706427
11796 62.417916 -12.883700 87.116300
11797 61.863364 -12.907229 87.092771
7489 66.471047 -19.177648 19.177648
7490 66.601119 -18.553763 18.553763
7488 67.149757 -18.919635 18.919635
1026 52.980816 -31.856882 68.143118
5251 52.505244 -32.383922 67.616078
1754 84.934940 -15.065060 75.984011
1755 84.447313 -15.552687 76.971985
1753 84.448512 -15.551488 74.587035
4726 83.378012 -16.621988 71.866069
4725 83.958947 -16.041053 70.478304
16529 83.906000 -16.094000 73.313810
18957 21.886070 21.886070 74.462857
6837 22.028145 22.028145 75.968612
6836 23.189306 23.189306 73.700353
1219 75.813844 -24.186156 70.700443
5666 75.303027 -24.696973 69.318314
1220 75.959212 -24.040788 68.603351
9286 57.591050 -13.186043 86.813957
13195 57.429369 -13.691323 86.308677
1889 58.061560 -13.436604 86.563396
5875 41.225328 -39.437778 60.562222
5874 40.701024 -38.961464 61.038536
12560 27.654920 -22.732785 22.732785
6812 26.858039 -22.399429 22.399429
22937 27.563499 -22.204164 22.204164
8921 36.153508 -9.601155 9.601155
16845 37.206298 -9.775432 9.775432
19029 36.356315 -10.597046 10.597046
11999 55.406380 -27.480853 27.480853
6350 56.071398 -27.674129 27.674129
14368 55.436450 -28.246326 28.246326
11316 84.453562 -2.263429 2.263429
11314 84.542802 -2.181773 2.181773
14105 79.473282 -18.005645 81.994355
6381 79.223437 -18.355063 81.644937
11005 79.711001 -18.024956 81.975044
12613 80.367966 -19.632034 52.468186
11433 80.599675 -19.400325 52.559670
11664 80.419839 -19.580161 53.307400
4954 65.396030 -25.542196 74.457804
11773 64.801724 -25.723111 74.276889
3206 64.984118 -26.097936 73.902064
12767 84.270003 -15.729997 47.321784
7500 83.995065 -16.004935 48.730586
12766 83.880270 -16.119730 47.452949
4548 79.870459 -20.129541 40.125086
12525 80.337922 -19.662078 38.859453
3219 47.179476 20.525367 79.474633
3218 48.051469 23.272052 76.727948
2037 78.146845 -13.724163 86.275837
6393 78.496079 -13.829363 86.170637
5241 78.742890 -13.426155 86.573845
16450 44.981389 -34.010325 65.989675
15251 49.026206 -7.324332 7.324332
978 49.887324 -6.974953 6.974953
13320 49.566114 -7.887519 7.887519
4591 51.933649 -17.272281 82.727719
18951 52.156747 -17.742760 82.257240
10693 52.610198 -17.259923 82.740077
19230 84.422941 -5.138697 5.138697
17828 83.448079 -5.370918 5.370918
2235 83.915499 -4.790224 4.790224
13225 36.701818 36.701818 38.927577
17419 35.540993 35.540993 38.717435
10639 36.410413 36.410413 39.795485
17270 33.732475 3.036294 96.963706
8526 33.155771 3.338898 96.661102
8528 31.775701 0.000000 100.000000
3705 48.636857 28.963323 71.036677
3990 51.207114 32.897851 67.102149
11442 49.242172 31.115311 68.884689
5746 41.798555 -25.956592 25.956592
5747 41.277693 -25.878637 25.878637
5748 41.579277 -25.458382 25.458382
6817 53.075648 -3.049818 96.950182
6818 52.990212 -3.638595 96.361405
6819 53.835704 -3.426910 96.573090
9757 27.026203 -26.393016 73.606984
9756 27.669747 -26.780419 73.219581
14437 27.553371 -26.113226 73.886774
15950 29.464561 29.464561 67.350609
16299 29.447951 29.447951 66.258925
10827 44.020464 -28.590874 71.409126
5357 44.057372 -28.182228 71.817772
1188 83.333597 -3.739849 3.739849
5999 82.970414 -4.191812 4.191812
1186 82.600805 -3.888965 3.888965
18036 88.618607 -3.022852 96.977148
12302 88.376033 -2.723356 97.276644
15902 87.529948 -3.253768 96.746232
18508 47.619607 -35.843988 35.843988
9250 47.283315 -35.483278 35.483278
11359 23.871442 -4.501647 95.498353
17646 22.811956 -5.585284 94.414716
12462 23.699951 -6.013169 93.986831
3476 13.084112 0.000000 100.000000
3474 14.018692 0.000000 100.000000
3475 14.338675 3.640258 96.359742
10624 54.076852 -4.384680 95.615320
18099 53.627232 -4.024702 95.975298
16118 53.440968 -4.558686 95.441314
1062 36.186728 -27.589336 27.589336
15746 35.950450 -27.663618 27.663618
4468 35.950997 -27.429089 27.429089
6621 29.557857 29.557857 51.897891
12700 29.964361 29.964361 52.007971
18272 49.413002 -2.489338 2.489338
5462 50.093382 -2.258947 2.258947
5463 50.080226 -2.881585 2.881585
13536 67.316929 -11.946592 88.053408
6079 66.955624 -11.667365 88.332635
5087 66.608166 -12.169143 87.830857
12573 62.330469 -0.458261 99.541739
6072 62.616822 0.000000 100.000000
4417 61.682243 0.000000 100.000000
15916 36.337533 -28.159781 28.159781
5257 36.450253 -28.327081 28.327081
5256 36.185437 -28.295381 28.295381
8370 56.660036 -34.895113 65.104887
8368 56.658552 -35.496292 64.503708
8369 57.269349 -34.894692 65.105308
2762 44.767637 -18.465953 81.534047
9230 44.781134 -17.874678 82.125322
11768 44.333038 -18.286377 81.713623
16634 24.988898 -10.257520 89.742480
16729 25.647771 -11.192667 88.807333
18582 26.175587 -9.957971 90.042029
13305 10.479140 10.479140 61.323666
8457 33.500736 -29.174177 70.825823
13606 34.128585 -28.932659 71.067341
18793 33.585505 -28.578853 71.421147
2213 43.063206 -27.121903 72.878097
14248 43.548222 -27.073662 72.926338
8667 43.355506 -26.733584 73.266416
16713 35.783350 -28.988263 28.988263
16095 35.611416 -28.883360 28.883360
5435 84.699338 -6.162693 6.162693
17226 84.501958 -6.847390 6.847390
802 83.670402 -6.665526 6.665526
17164 51.187505 -29.767760 70.232240
2574 63.964328 -31.449735 31.449735
2573 63.744586 -32.099020 32.099020
10963 63.252021 -31.840463 31.840463
1378 51.704396 -30.297160 30.297160
1377 51.237665 -30.865194 30.865194
7802 51.096457 -30.158090 30.158090
7085 21.051343 18.152368 81.847632
7084 21.951220 21.951220 78.048780
7761 20.731707 20.731707 79.268293
5283 51.805136 -20.316750 79.683250
5285 51.125870 -20.182355 79.817645
15594 51.120421 -20.739288 79.260712
167 31.373178 25.928123 25.928123
14407 31.184656 27.642298 27.642298
165 32.768950 29.016755 29.016755
6149 84.844120 -11.429296 88.570704
5680 84.275301 -11.964858 88.035142
12520 84.890033 -11.743166 88.256834
18525 80.901454 -15.581098 84.418902
3737 80.855991 -15.787116 84.212884
1903 81.191272 -15.516479 84.483521
345 36.177935 -2.795877 97.204123
346 36.760790 -3.479938 96.520062
344 37.230165 -2.682309 97.317691
8611 35.026916 -23.820194 76.179806
3853 34.511097 -23.751915 76.248085
8610 34.710997 -24.160471 75.839529
7321 41.845476 15.356131 15.356131
15122 40.813642 15.268984 15.268984
16 43.364649 18.346802 18.346802
2805 64.487221 -1.302126 1.302126
12156 63.776050 -1.926254 1.926254
6529 63.511712 -1.260756 1.260756
11142 36.590815 -28.515156 28.515156
1994 80.395141 19.604859 75.674257
1992 80.500000 19.500000 80.500000
1993 80.828230 19.171770 75.673463
8879 37.889592 -28.439176 28.439176
13433 37.798201 -28.176590 28.176590
317 38.079201 -28.266106 28.266106
6223 61.668133 -29.109661 29.109661
11619 62.422950 -28.675257 28.675257
6224 62.016863 -29.570743 29.570743
12486 56.921075 40.389952 40.389952
7119 58.333333 41.666667 41.666667
12485 57.635009 40.282122 40.282122
6027 93.506494 -6.493506 93.506494
11657 93.901017 -6.098983 91.457816
11659 94.155844 -5.844156 94.155844
14333 53.169959 -0.701550 99.298450
14334 53.520329 -1.475600 98.524400
5950 54.301506 -1.087130 98.912870
4273 39.360056 -23.921343 76.078657
509 95.244952 -4.755048 79.551542
982 95.658129 -4.341871 82.281555
17362 95.032846 -4.967154 82.637940
18905 15.252493 15.252493 45.677747
2445 14.668129 14.668129 43.630533
17081 14.340938 14.340938 45.954390
18735 90.994468 -9.005532 35.953268
15329 61.963559 -31.460678 68.539322
1852 61.938288 -31.027780 68.972220
14718 61.478849 -31.448283 68.551717
15297 64.690733 -13.100081 86.899919
11881 65.103068 -12.602657 87.397343
17619 64.391851 -12.753526 87.246474
8121 51.826823 -39.182488 39.182488
8119 52.365714 -38.228554 38.228554
8120 52.569013 -39.081125 39.081125
19376 28.110204 28.110204 44.579757
846 96.232020 -3.767980 34.072966
2684 96.060068 -3.939932 37.275202
844 95.746029 -4.253971 35.324001
8445 33.794198 33.794198 54.650720
8424 34.600442 34.600442 53.845954
7015 33.639898 33.639898 53.642412
1369 55.525287 -16.790453 83.209547
429 55.971371 -17.027448 82.972552
10331 56.232875 -16.436430 83.563570
18575 50.794216 -2.477536 97.522464
19176 50.154946 -2.932060 97.067940
19005 50.854544 -3.224871 96.775129
16214 51.613229 -2.925077 97.074923
9631 38.417174 -18.260769 18.260769
10714 37.724578 -18.172675 18.172675
11375 38.322538 -17.494575 17.494575
12442 59.451074 -33.626058 66.373942
15906 58.971724 -33.760156 66.239844
8163 59.165637 -34.155957 65.844043
9649 84.483375 -15.516625 28.265390
17018 85.111203 -14.888797 26.632196
1932 85.018247 -14.981753 29.027791
4493 98.000000 2.000000 98.000000
7570 99.092995 0.907005 93.458180
4494 98.435186 1.564814 91.616593
4856 44.361218 -24.619327 75.380673
721 44.395889 -25.015744 74.984256
5262 88.542612 -0.638462 99.361538
5191 88.674161 -0.962723 99.037277
18248 83.434308 -2.745043 2.745043
4535 37.778942 -3.406022 96.593978
15123 59.182247 15.996066 84.003934
15076 49.532710 0.000000 100.000000
18885 79.079581 -11.352499 88.647501
2068 49.560464 -11.302772 88.697228
2066 48.811140 -11.167880 88.832120
12483 40.934592 -27.737327 72.262673
9636 40.847404 -27.326821 72.673179
11050 45.716901 -43.182609 43.182609
17395 45.748812 -44.120510 44.120510
9607 45.217001 -43.433678 43.433678
1381 58.564123 -15.838487 15.838487
1380 59.287263 -15.342856 15.342856
18428 59.283946 -16.071338 16.071338
16135 28.862397 15.967030 15.967030
17160 27.662600 12.819439 12.819439
15601 27.367860 14.014143 14.014143
4650 76.243150 -10.848094 89.151906
9659 43.873074 -36.928857 36.928857
12214 43.448282 -36.334909 36.334909
12215 43.988843 -36.314649 36.314649
18686 42.282982 -28.184114 71.815886
12615 42.604617 -27.874867 72.125133
3213 42.218581 -27.805409 72.194591
9339 54.399217 -39.756784 39.756784
1155 54.349407 -40.522976 40.522976
15959 53.851037 -40.496351 40.496351
3983 38.083305 21.091486 21.091486
5620 36.443068 18.463476 18.463476
2905 36.663083 20.215275 20.215275
6701 50.359317 -31.185091 68.814909
6703 50.111756 -30.723132 69.276868
10602 49.762016 -31.273205 68.726795
10232 15.824125 15.824125 39.291528
15838 15.853979 15.853979 41.551555
863 16.420907 16.420907 40.498640
1504 1.271192 1.271192 52.785888
1503 0.695677 0.695677 49.794434
2302 0.725197 0.725197 57.322372
2733 9.196027 9.196027 38.315777
9254 9.602249 9.602249 36.131492
2731 8.808076 8.808076 34.812965
15903 68.994202 -31.005798 59.320133
9732 68.829948 -31.170052 58.080569
9733 69.450489 -30.549511 58.342890
7484 47.660260 -15.429930 15.429930
16728 47.383879 -16.205112 16.205112
7485 46.842483 -15.634752 15.634752
2641 67.878445 -18.971548 81.028452
2640 67.725813 -19.368628 80.631372
9214 68.240935 -19.011469 80.988531
16164 74.832123 -20.865181 79.134819
19288 75.261200 -20.851570 79.148430
16165 75.221259 -20.448122 79.551878
13059 80.796934 10.552862 10.552862
13510 10.692957 10.692957 74.924724
13511 11.375913 11.375913 71.579269
13094 36.210492 -15.905756 84.094244
13096 35.604137 -15.798811 84.201189
5877 61.431974 -24.346706 75.653294
2052 90.778863 -9.221137 71.687203
2426 90.846491 -9.153509 68.267801
4327 91.413801 -8.586199 69.729915
15796 36.175149 -15.568182 15.568182
15797 35.711880 -14.746140 14.746140
9604 36.737770 -14.868660 14.868660
12994 74.015484 -21.602673 78.397327
18448 74.363246 -21.099314 78.900686
13985 73.816921 -21.357204 78.642796
17102 57.511320 -40.579784 59.420216
7931 57.171577 -40.340587 59.659413
17954 27.653813 27.653813 51.376977
17303 27.824918 27.824918 51.201689
6980 27.644503 27.644503 51.075713
8343 69.768272 -8.398837 8.398837
9974 40.101963 -26.069988 73.930012
478 39.793814 -25.898602 74.101398
8405 66.593726 33.406274 43.352741
14706 66.831311 33.168689 48.243261
8810 67.301753 32.698247 42.322329
19064 79.595024 -17.357786 82.642214
18942 39.083743 -15.867767 84.132233
3534 38.532554 -16.264227 83.735773
18730 39.238365 -16.396827 83.603173
15315 12.149533 0.000000 100.000000
8338 13.501437 3.754095 96.245905
15844 75.621063 -4.125100 95.874900
1926 74.821226 -4.302714 95.697286
15843 75.376212 -4.539837 95.460163
16311 63.935231 -36.064769 56.726379
12089 64.299431 -35.700569 57.913035
15814 63.568365 -36.431635 58.685335
13430 93.534134 -1.427180 98.572820
16862 94.581207 -1.049484 98.950516
2802 93.535119 -1.134327 98.865673
7497 45.271682 -8.968885 8.968885
6654 44.851336 -8.266240 8.266240
7454 45.690027 -8.242915 8.242915
4728 68.626118 -16.160492 83.839508
8728 69.247486 -16.159977 83.840023
12931 69.268616 -15.738024 84.261976
13615 47.894737 -47.894737 47.894737
23785 47.411952 -47.411952 50.353785
23726 47.271915 -47.271915 49.815469
7 48.817595 -10.141238 89.858762
6 49.423356 -10.599051 89.400949
9438 49.588966 -9.852606 90.147394
15019 24.296101 -11.330485 88.669515
15507 49.889046 -33.814760 66.185240
15506 49.650159 -34.396091 65.603909
16182 50.193756 -34.211529 65.788471
2206 41.603290 -12.988142 12.988142
2205 40.836225 -12.623873 12.623873
4751 41.699613 -11.995523 11.995523
10044 92.562726 -5.419933 94.580067
7237 92.261622 -5.930560 94.069440
10045 93.128758 -5.350607 94.649393
1671 34.230541 -26.904825 73.095175
1672 34.655532 -26.923853 73.076147
10241 23.850716 23.850716 59.123879
18391 23.120449 23.120449 59.183793
17219 49.610518 -32.335143 67.664857
1899 49.275396 -32.897585 67.102415
6962 21.385166 -16.742552 83.257448
14295 20.492300 -17.335607 82.664393
9829 21.369886 -17.578044 82.421956
5268 18.421053 -18.421053 81.578947
15966 19.552633 -18.026333 81.973667
5269 18.777556 -17.588749 82.411251
1731 60.969130 -26.114211 26.114211
8108 60.472117 -25.574522 25.574522
8109 61.361378 -25.341777 25.341777
13221 43.255722 -28.969303 28.969303
597 42.833706 -28.932373 28.932373
16434 43.126366 -28.542957 28.542957
4086 44.643283 -29.485056 29.485056
9248 44.165412 -28.961782 28.961782
4087 44.822690 -28.887131 28.887131
15330 73.442636 26.557364 33.761201
16382 73.391341 26.608659 29.954114
16383 72.885981 27.114019 31.168679
14848 64.025044 -35.974956 47.015295
14849 63.277198 -36.722802 47.545527
14019 63.602494 -36.397506 45.824280
1967 92.255698 -4.465088 4.465088
18454 93.514149 -3.954257 3.954257
18130 64.509129 -18.670863 81.329137
16770 64.670840 -19.033081 80.966919
14627 65.067628 -18.534406 81.465594
17934 39.822759 -15.844202 84.155798
18969 40.172728 -15.067101 84.932899
2217 39.345890 -15.313120 84.686880
9332 66.000000 34.000000 66.000000
8543 89.146446 -10.853554 61.605825
4543 89.196250 -10.803750 59.021837
8544 89.753760 -10.246240 59.336895
10757 39.504195 39.504195 52.354088
11800 71.189537 -24.012503 24.012503
16108 70.485542 -24.364771 24.364771
11779 36.892162 2.902276 2.902276
6889 38.726944 6.019134 6.019134
7854 41.849761 -26.663869 73.336131
7856 42.159182 -26.827088 73.172912
8593 42.212658 -26.478352 73.521648
287 97.500000 2.500000 97.500000
289 97.000000 3.000000 97.000000
23516 96.525272 1.439914 98.560086
18890 95.327103 0.000000 100.000000
23517 96.181797 1.870632 98.129368
23532 95.556610 1.413246 98.586754
16360 24.753335 -16.971028 83.028972
11937 23.934866 -17.463747 82.536253
12287 24.681929 -17.764005 82.235995
10696 81.929839 -14.908876 85.091124
11982 81.953857 -14.669524 85.330476
4723 81.571013 -15.003580 84.996420
19323 83.674664 -3.250477 96.749523
19148 82.887144 -3.584529 96.415471
19217 83.487231 -3.679546 96.320454
2463 63.030525 -27.410082 72.589918
2464 63.515064 -26.994037 73.005963
2465 63.171522 -26.852742 73.147258
574 75.964616 -13.702784 86.297216
575 75.918930 -13.220772 86.779228
573 75.326385 -13.739927 86.260073
15328 61.473940 -31.983910 68.016090
18079 61.476667 -32.532369 67.467631
3329 33.496387 -19.248858 19.248858
14521 33.796465 -19.786259 19.786259
3327 32.994552 -19.723074 19.723074
14734 39.300022 -22.747432 77.252568
9280 39.022030 -22.995117 77.004883
9281 39.343790 -23.079857 76.920143
602 81.808817 -13.251867 86.748133
8167 81.264825 -13.399355 86.600645
603 81.284882 -13.690683 86.309317
8763 57.641753 -21.026720 78.973280
2045 57.717459 -21.337606 78.662394
2047 58.073407 -21.053105 78.946895
3047 58.158981 41.841019 53.069128
7110 58.387815 41.612185 47.025708
6109 52.058816 -1.794680 98.205320
9050 52.538386 -1.287524 98.712476
8299 51.578516 -1.219031 98.780969
18953 46.317928 34.696583 34.696583
11641 42.294391 -39.602998 60.397002
17763 41.838188 -39.138657 60.861343
18329 41.726575 -39.920409 60.079591
12585 62.097365 -16.582210 83.417790
12587 61.562793 -16.474944 83.525056
12024 61.486320 -16.970845 83.029155
14069 58.227588 -26.791718 73.208282
4563 58.089975 -27.382106 72.617894
14070 58.643027 -26.926306 73.073694
10209 45.109480 -6.149422 93.850578
15435 45.693909 -6.783674 93.216326
8327 46.193946 -5.996968 94.003032
15468 75.602069 -4.703729 4.703729
18034 75.513671 -3.999154 3.999154
16947 76.425525 -4.248124 4.248124
13811 31.573054 31.573054 56.049643
10950 32.271188 32.271188 55.345930
12498 31.576667 31.576667 55.186911
18931 97.334512 -2.665488 71.955786
7614 97.766978 -2.233022 68.982990
7613 97.956506 -2.043494 72.768546
18280 35.737170 -29.604069 29.604069
7165 35.677543 -29.432344 29.432344
7526 35.839349 -29.512620 29.512620
2746 42.348757 7.655076 7.655076
5643 40.345840 6.107378 6.107378
16683 45.552078 -10.768800 89.231200
9474 44.934003 -11.180455 88.819545
1685 45.660476 -11.470630 88.529370
4929 21.502598 21.502598 47.898976
4927 21.100099 21.100099 46.729670
4928 20.801153 20.801153 47.959565
16353 32.389796 -29.302982 29.302982
1408 31.844196 -29.320086 29.320086
9158 94.583181 5.416819 64.274542
5772 94.070640 5.929360 61.736078
5771 94.008226 5.991774 67.800122
7904 27.271179 -9.600807 90.399193
7902 26.896027 -10.619283 89.380717
7860 83.818898 16.181102 80.306901
10443 84.247992 15.752008 78.717492
5815 32.040459 -24.034277 24.034277
2734 32.803232 -23.533047 23.533047
19093 39.329050 -27.205443 72.794557
14557 39.264905 -27.520159 72.479841
11813 39.608738 -27.437567 72.562433
2254 47.515574 -40.733762 40.733762
18900 47.230168 -39.991207 39.991207
12539 47.772272 -40.020961 40.020961
3031 61.660613 -8.193617 91.806383
1724 61.790054 -7.652166 92.347834
3032 61.027625 -7.938018 92.061982
13658 84.467700 -15.532300 48.763268
7501 84.029180 -15.970820 50.286059
4572 20.897295 20.897295 29.509638
11469 20.304970 20.304970 27.467423
17973 19.809339 19.809339 28.492015
4411 42.727429 14.002788 14.002788
4413 40.422240 10.501763 10.501763
19276 41.055806 12.494089 12.494089
11896 56.001422 -34.508628 65.491372
18224 56.567198 -34.366779 65.633221
19053 56.415325 -33.875713 66.124287
4871 37.614051 -25.420569 74.579431
8756 21.178081 21.178081 37.019948
14567 21.417063 21.417063 35.834176
12013 72.182763 27.817237 36.621407
12011 72.352753 27.647247 40.601570
12012 72.728377 27.271623 37.603224
16439 43.395727 -16.356379 16.356379
14657 43.175541 -15.445229 15.445229
60 44.096471 -15.845376 15.845376
23190 26.434888 26.434888 35.722333
23191 26.189416 26.189416 34.818770
917 74.198221 -13.413236 13.413236
12453 73.307999 -13.730547 13.730547
12454 73.679676 -12.975681 12.975681
2518 94.291166 -5.708834 13.898397
8751 94.992396 -5.007604 10.011636
2519 94.961334 -5.038666 13.730195
9347 82.406388 -8.615019 8.615019
8693 40.595230 -32.555658 67.444342
8479 39.891688 -32.731616 67.268384
8478 40.239666 -33.255907 66.744093
10659 75.537334 -7.731620 92.268380
8746 8.635494 8.635494 40.920303
2732 8.211571 8.211571 37.047614
9253 9.476134 9.476134 33.198052
1996 10.367165 10.367165 35.591151
12226 9.601529 2.609861 97.390139
12225 9.055516 3.204875 96.795125
15332 8.411215 0.000000 100.000000
23192 25.000000 25.000000 25.000000
23197 23.969894 22.787476 22.787476
23193 25.514482 25.514482 26.155720
17958 7.847723 7.847723 33.049442
5468 49.377806 -17.375649 82.624351
8030 49.450549 -17.898674 82.101326
5469 49.973574 -17.507946 82.492054
4832 21.432738 15.835734 84.164266
14824 20.062154 14.006831 85.993169
1752 20.450119 11.726183 88.273817
18175 36.602764 -27.944996 27.944996
2454 36.659208 -27.716361 27.716361
15606 36.864865 -27.917934 27.917934
10593 5.138267 5.138267 72.032795
12888 5.973787 5.973787 72.299996
10591 5.898346 5.898346 68.381593
9094 21.490308 21.490308 67.198191
15687 21.429518 21.429518 65.470091
9095 20.756981 20.756981 67.098552
7801 51.568480 -29.625788 29.625788
8399 94.607614 5.392386 34.079324
12149 95.334778 4.665222 33.249282
12150 94.809429 5.190571 28.455278
15213 27.638265 -12.678621 87.321379
14659 28.421616 -12.077702 87.922298
3826 27.560873 -11.863258 88.136742
11886 76.049145 -23.950855 51.895750
6965 75.358550 -24.641450 52.713245
11887 75.638247 -24.361753 50.760764
17740 72.952115 -15.366209 15.366209
2598 72.892026 -15.981129 15.981129
2538 72.214666 -15.925173 15.925173
1838 51.230090 -22.395803 22.395803
11496 50.845065 -23.117556 23.117556
3634 30.925481 -28.597880 71.402120
7020 30.943693 -29.355357 70.644643
232 31.671501 -28.885416 71.114584
8532 54.125350 -29.892696 29.892696
1359 54.369602 -29.287138 29.287138
6910 54.849575 -29.643857 29.643857
1509 83.178149 16.821851 65.245014
1510 83.497398 16.502602 60.865099
306 82.976504 17.023496 60.947021
2026 75.893616 -19.333899 80.666101
12870 68.888889 31.111111 31.111111
5566 68.967293 31.032707 36.035859
12868 69.444444 30.555556 30.555556
4031 61.262294 -13.254060 13.254060
2792 37.316599 -22.719695 77.280305
10711 37.031632 -22.759517 77.240483
4790 37.228997 -22.960352 77.039648
9678 54.426268 -17.539292 82.460708
16320 53.846903 -17.412633 82.587367
965 53.870421 -17.917873 82.082127
7135 79.793438 20.206562 65.109153
6826 80.034392 19.965608 71.500165
7136 80.368222 19.631778 65.320612
13804 62.273071 -11.162919 11.162919
6033 62.933326 -10.854981 10.854981
14676 62.776588 -11.522364 11.522364
3625 44.926723 -20.842582 79.157418
3624 44.984339 -20.351509 79.648491
17775 44.445781 -20.659501 79.340499
17141 1.915251 -1.915251 90.337268
13291 1.578947 -1.578947 98.421053
19045 1.428858 -1.428858 89.638987
18299 67.923457 -22.046418 77.953582
19261 67.671016 -21.799620 78.200380
14814 67.369112 -22.295256 77.704744
12187 84.400953 -2.192282 2.192282
8870 84.234870 -2.186854 2.186854
3804 95.784879 -4.215121 88.640401
10447 95.165811 -4.834189 88.141086
981 95.416893 -4.583107 85.462214
15524 80.993305 -12.621382 87.378618
16879 81.113170 -12.864392 87.135608
1234 81.590737 -12.418039 87.581961
13445 92.640318 -7.359682 90.353464
13443 92.857143 -7.142857 92.857143
13444 92.207792 -7.792208 92.207792
18716 2.080236 2.080236 27.522183
18467 1.333652 1.333652 27.145662
13994 32.839574 -31.436129 31.436129
1851 32.798680 -32.031935 32.031935
13995 32.211859 -31.511212 31.511212
741 59.730601 -25.205354 74.794646
9301 60.174767 -25.151391 74.848609
12545 60.088348 -24.792979 75.207021
16295 39.938574 -26.512877 26.512877
325 39.687462 -26.139975 26.139975
324 40.111285 -26.147961 26.147961
19310 36.082834 -25.830564 74.169436
23157 36.115419 -25.641134 74.358866
23158 35.950974 -25.688601 74.311399
15226 92.779550 -3.112459 96.887541
8583 92.690051 -2.755689 97.244311
17357 91.641000 -3.289724 96.710276
1007 59.195161 26.976814 26.976814
11612 58.289664 24.721785 24.721785
1008 55.335956 22.014121 22.014121
3093 68.273835 -22.750175 22.750175
3092 69.247683 -22.498255 22.498255
7185 68.743439 -23.321903 23.321903
5324 29.656889 -15.968115 84.031885
14982 30.421256 -16.360392 83.639608
4792 30.517605 -15.569120 84.430880
442 27.626494 27.626494 45.381416
441 27.846568 27.846568 45.423626
18877 27.745772 27.745772 45.120538
8762 57.521477 -20.673688 79.326312
5070 57.864551 -20.266411 79.733589
23337 72.000000 28.000000 72.000000
3626 45.441580 -20.599768 79.400232
9013 56.693261 -33.383512 33.383512
14930 56.993788 -33.973783 33.973783
6735 56.309991 -34.052419 34.052419
4260 86.721248 13.278752 23.662533
14062 87.093011 12.906989 28.094321
16773 87.140181 12.859819 22.861224
1037 93.333333 6.666667 6.666667
17858 93.888889 6.111111 6.111111
9989 82.252527 -1.215746 98.784254
3573 99.569533 -0.430467 37.829237
10004 100.000000 0.000000 34.782609
7308 100.000000 0.000000 39.130435
2993 32.361296 32.361296 45.841274
8415 0.914967 -0.914967 33.567669
3557 0.853908 -0.853908 41.063143
3556 0.598019 -0.598019 36.600587
1809 68.276991 -18.645269 81.354731
6625 42.262833 -21.121550 21.121550
10746 50.029893 -20.096481 79.903519
149 49.446739 -20.192772 79.807228
1764 49.761969 -20.544032 79.455968
2616 75.742509 -20.265900 20.265900
2615 74.987920 -20.444657 20.444657
16298 75.297764 -19.795714 19.795714
4697 83.371777 -16.628223 29.313744
15607 83.297360 -16.702640 31.244409
7952 47.349106 -11.451175 88.548825
17600 46.749885 -12.062246 87.937754
11767 47.560316 -12.152692 87.847308
19066 38.620163 -5.497433 94.502567
11285 58.297437 -15.068448 84.931552
11286 57.813004 -15.022734 84.977266
11284 57.958257 -15.447880 84.552120
8033 81.197868 -18.802132 43.718290
23412 81.265355 -18.734645 43.171981
23424 81.313443 -18.686557 43.366151
8034 81.091056 -18.908944 43.188791
15065 81.084146 -18.915854 42.231989
23411 81.277694 -18.722306 42.597863
3124 42.172225 -1.900696 98.099304
12941 42.005620 -1.094588 98.905412
2525 41.231068 -1.827285 98.172715
2976 91.702251 -8.297749 20.351905
2978 91.534922 -8.465078 18.381723
1302 92.342545 -7.657455 16.897193
19115 58.175147 15.844657 84.155343
10407 57.853297 -41.623167 58.376833
9623 41.266046 -31.412372 68.587628
5809 41.196166 -32.116711 67.883289
17105 41.745774 -31.813353 68.186647
15499 29.111098 29.111098 55.400402
11780 29.711861 29.711861 54.749629
9803 57.760822 -34.129470 65.870530
9802 58.388070 -33.935890 66.064110
18746 58.208705 -33.442655 66.557345
2055 93.534015 -6.465985 56.236738
16691 93.779680 -6.220320 58.509748
7833 41.311849 -22.647497 77.352503
15138 41.269630 -22.966863 77.033137
14257 41.551588 -22.806175 77.193825
1650 55.726094 -27.280077 72.719923
19109 56.173580 -27.348938 72.651062
1651 56.173312 -26.841465 73.158535
3912 79.944133 -5.637997 94.362003
6290 79.525740 -5.314009 94.685991
16294 65.404281 -0.283190 99.716810
23340 65.095932 -0.544448 99.455552
23339 65.665459 -0.614780 99.385220
16293 66.432648 -0.397741 99.602259
16852 64.188129 -0.639673 0.639673
16019 65.184953 -0.651490 0.651490
17374 94.748679 -5.251321 8.310013
13071 95.138889 -4.861111 4.861111
17325 95.833333 -4.166667 4.166667
11559 48.727921 -28.726274 71.273726
5890 48.286834 -28.965954 71.034046
2093 48.605708 -29.219093 70.780907
14964 82.433387 -17.566613 52.458799
2706 82.733745 -17.266255 52.620393
5445 88.849937 -11.150063 34.672060
16093 88.715587 -11.284413 37.499904
16179 40.139097 -23.521616 76.478384
1157 40.306260 -23.637283 76.362717
16180 40.336378 -23.403171 76.596829
13800 66.871657 -26.358990 26.358990
15579 67.815635 -26.406088 26.406088
2323 67.128926 -27.187832 27.187832
6879 35.834027 -29.767600 29.767600
18186 35.926874 -29.646592 29.646592
6880 36.030605 -29.806937 29.806937
882 26.007768 -13.323199 86.676801
1634 25.044889 -13.930082 86.069918
9553 25.787715 -14.292790 85.707210
7521 80.556514 -19.443486 23.345841
12035 79.965188 -20.034812 23.278152
5299 48.167441 44.435490 44.435490
10606 49.188822 46.134596 46.134596
2475 49.579049 44.994796 44.994796
12616 70.123034 -20.312834 20.312834
82 70.867554 -20.638758 20.638758
6130 70.143863 -21.023932 21.023932
8818 55.517525 -26.293470 73.706530
6929 55.896780 -26.521141 73.478859
11649 32.478081 2.268135 2.268135
15167 33.864403 -15.458087 15.458087
17135 33.022758 -15.811790 15.811790
15166 33.223952 -15.005705 15.005705
3169 81.298076 -18.701924 48.320603
5240 81.409076 -18.590924 49.090123
18896 81.193157 -18.806843 49.131228
17961 88.954733 -11.045267 52.352337
10692 89.265834 -10.734166 49.422535
16209 89.613202 -10.386798 51.487324
11308 51.933468 -36.441162 63.558838
3308 51.783097 -35.844206 64.155794
5593 26.851852 0.000000 0.000000
10312 25.925926 0.000000 0.000000
6847 61.285385 -23.455199 76.544801
17705 83.416103 -2.302955 97.697045
14773 83.532236 -2.571811 97.428189
891 34.742422 -28.515918 28.515918
3235 34.661869 -28.671160 28.671160
3236 34.542080 -28.453845 28.453845
10932 54.537262 -15.506320 15.506320
2142 54.827905 -14.721813 14.721813
18496 62.669743 -37.330257 51.439076
18497 62.218173 -37.781827 49.975682
18346 62.983102 -37.016898 49.393515
3300 50.326117 -45.449774 54.550226
3299 50.803262 -46.054869 53.945131
18020 82.223085 -13.462658 86.537342
6604 82.299886 -13.152400 86.847600
604 81.782541 -13.558075 86.441925
4210 26.485171 26.485171 53.260961
17960 51.740347 -2.325015 97.674985
785 51.994433 44.743314 55.256686
12431 50.549863 42.835501 57.164499
12433 52.509964 44.097686 55.902314
5369 64.597755 -32.795122 67.204878
2168 64.443180 -33.398130 66.601870
2167 65.137991 -32.958245 67.041755
10442 37.215544 -24.226262 75.773738
18843 37.136511 -24.061140 75.938860
1173 82.291654 -9.314069 9.314069
4469 83.093108 -9.468555 9.468555
10437 82.162297 -10.022384 10.022384
3856 93.119582 -2.219003 2.219003
3070 92.475189 -2.821514 2.821514
11451 92.150559 -2.499315 2.499315
16939 21.358072 21.358072 22.807858
3297 22.438758 22.438758 23.653010
13682 21.428571 21.428571 21.428571
12106 62.255348 29.917629 29.917629
4752 61.917448 28.326303 28.326303
8243 16.339560 -12.840954 87.159046
8244 15.023780 -13.280210 86.719790
8242 15.550524 -13.825885 86.174115
1788 33.204759 -6.390564 6.390564
18290 32.142134 -6.926684 6.926684
14115 58.821568 -1.112967 98.887033
15219 59.284803 -0.553599 99.446401
18069 58.120506 -0.591307 99.408693
19139 94.342710 -5.657290 11.483128
9760 22.302634 -16.170394 83.829606
2866 22.405959 -15.309314 84.690686
6960 21.412286 -15.866881 84.133119
10801 77.117133 -13.072879 86.927121
3895 76.690712 -13.470738 86.529262
15378 77.202191 -13.299823 86.700177
11219 72.788547 -27.211453 69.120389
9490 73.231461 -26.768539 71.108961
11220 72.447988 -27.552012 70.723437
6165 53.992560 35.023812 35.023812
3002 53.077248 32.849410 32.849410
14448 51.922377 32.751768 32.751768
1199 44.982799 -34.314799 34.314799
14574 44.758967 -34.822822 34.822822
14258 41.581957 -23.077572 76.922428
14387 41.272026 -23.282819 76.717181
14600 41.583499 -23.391662 76.608338
7356 36.234677 -27.021126 27.021126
1160 36.125179 -26.687219 26.687219
17181 36.421396 -26.796146 26.796146
5437 47.275887 -40.162313 59.837687
5438 46.556293 -40.808646 59.191354
5439 47.270648 -41.243549 58.756451
11819 71.069661 -28.930339 32.484687
14050 71.704347 -28.295653 32.559743
10560 71.173229 -28.826771 33.969541
4316 36.390540 -20.803422 79.196578
4314 35.726029 -20.587476 79.412524
4315 35.829923 -21.221410 78.778590
6098 46.997757 -7.434439 92.565561
6097 47.928842 -7.502039 92.497961
6179 92.271936 -7.728064 22.410672
5827 91.821910 -8.178090 22.176721
13198 92.344100 -7.655900 19.758363
669 47.575445 -36.521604 36.521604
3903 47.120711 -36.860101 36.860101
9285 47.087402 -36.065910 36.065910
18094 66.802242 -22.544718 77.455282
14690 67.072427 -22.797985 77.202015
18417 45.822249 -18.654695 18.654695
12724 45.208559 -18.179345 18.179345
16099 63.062613 -19.967879 80.032121
9567 62.936374 -20.441407 79.558593
111 63.474068 -20.116964 79.883036
2986 37.186533 -13.437459 13.437459
2984 36.522490 -14.033313 14.033313
16695 34.887627 34.887627 48.192126
13049 35.681428 35.681428 48.556856
18371 38.207031 -26.049172 73.950828
16071 38.103341 -26.103719 73.896281
7443 71.917252 -17.941671 82.058329
10196 71.248725 -18.389194 81.610806
2050 71.800084 -18.389517 81.610483
9350 32.613210 32.613210 45.046367
9169 9.754927 9.754927 42.242769
11414 25.265412 -8.076220 8.076220
17558 24.435548 -9.471410 9.471410
4685 24.078881 -8.327873 8.327873
15536 44.736842 -44.736842 55.263158
15241 45.422315 -43.891859 56.108141
12420 44.651365 -43.623574 56.376426
15872 15.908248 15.908248 47.574376
10058 16.079023 16.079023 45.400886
3828 4.477389 4.477389 46.295155
3829 4.984590 4.984590 48.928881
3827 5.235324 5.235324 45.593502
8355 19.992105 19.992105 35.478168
13914 19.505736 19.505736 36.054513
8758 20.352767 20.352767 36.939398
4263 37.271336 -30.665107 30.665107
8092 37.208566 -30.506227 30.506227
23856 37.310139 -30.530182 30.530182
14782 17.597599 17.597599 45.349339
14633 17.226179 17.226179 46.827200
13621 18.015990 18.015990 46.967921
17297 77.851104 -18.534554 81.465446
17298 77.734323 -18.404790 81.595210
13250 77.450537 -18.709883 81.290117
17248 33.844766 -28.950875 28.950875
11871 34.139725 -28.929172 28.929172
22938 34.089595 -29.117498 29.117498
13184 66.202957 -29.775452 29.775452
11302 66.915371 -29.318344 29.318344
12104 66.784893 -30.059040 30.059040
1170 87.129797 -12.870203 77.172937
1172 87.282353 -12.717647 73.989473
15531 87.755686 -12.244314 75.741782
13925 68.319079 -20.502368 20.502368
12617 69.154728 -20.457893 20.457893
14656 68.509800 -21.191011 21.191011
18750 21.417880 21.417880 61.456303
13852 20.761673 20.761673 61.733354
13851 21.161340 21.161340 62.717963
7402 38.582769 -31.059030 31.059030
14163 38.321508 -31.272785 31.272785
3397 38.302826 -30.956995 30.956995
7047 61.666573 -34.390086 65.609914
8423 61.800867 -33.858853 66.141147
2027 60.085374 -30.531952 30.531952
2028 59.337966 -30.633063 30.633063
8416 0.953726 -0.953726 23.770051
4187 1.263926 -1.263926 31.315344
15288 28.321068 -11.214122 88.785878
3824 27.509933 -11.110152 88.889848
2368 88.786406 -11.213594 27.345762
2370 89.402272 -10.597728 26.819142
6946 88.921862 -11.078138 29.368506
10966 73.218134 -20.603654 79.396346
16342 73.453997 -20.151343 79.848657
1599 73.004017 -20.446855 79.553145
11483 22.130625 -20.800937 20.800937
11482 21.615582 -20.253812 20.253812
16772 22.738449 -19.993659 19.993659
10669 38.878698 -22.886498 22.886498
7337 38.344762 -22.545435 22.545435
13060 86.805556 -13.194444 13.194444
18051 86.623752 -12.663641 12.663641
13391 57.113122 -6.087950 93.912050
5387 56.166517 -5.938305 94.061695
16152 69.415501 -21.091883 21.091883
3094 68.817023 -21.879864 21.879864
19292 51.925351 -5.715494 94.284506
11340 52.614696 -5.978503 94.021497
17845 52.616663 -5.384917 94.615083
13491 91.097859 -8.379517 91.620483
7920 91.558442 -8.441558 91.558442
1797 56.456953 -9.422936 9.422936
4857 44.272335 -24.234333 75.765667
14813 44.769641 -24.269211 75.730789
14563 10.665644 10.665644 45.005457
2282 11.645343 11.645343 44.437712
6183 20.000000 -20.000000 80.000000
23661 20.000744 -20.000744 50.244660
23662 20.319997 -20.319997 56.337586
5818 19.473684 -19.473684 80.526316
2956 83.481947 -1.188446 98.811554
8707 83.431673 -1.148032 98.851968
11057 83.287388 -1.220787 98.779213
12192 97.506416 -2.493584 54.150165
12373 97.013744 -2.986256 54.914531
17052 97.296718 -2.703282 51.382690
5752 79.148104 -20.851896 71.508877
9196 78.486999 -21.513001 71.920131
5753 78.715571 -21.284429 69.759095
13506 60.969432 -16.801585 83.198415
11964 60.784145 -17.395290 82.604710
10683 64.523043 -15.909477 84.090523
10684 63.883986 -15.844170 84.155830
10682 63.868496 -16.354484 83.645516
8824 62.832854 -11.074219 88.925781
8822 63.391038 -11.239195 88.760805
8823 63.499087 -10.771475 89.228525
2646 52.931595 -10.630797 89.369203
16329 52.906439 -10.165210 89.834790
12504 52.333757 -10.422482 89.577518
6256 64.898617 -19.632161 80.367839
10064 65.280397 -19.780242 80.219758
6257 65.484113 -19.248130 80.751870
17755 30.624633 -14.908332 85.091668
12125 30.252542 -14.282272 85.717728
7491 29.861412 -15.142201 84.857799
10054 69.308200 -30.691800 47.418532
8984 68.891123 -31.108877 46.448524
10053 69.523073 -30.476927 45.883424
12237 72.829157 -19.070550 80.929450
8296 72.424656 -19.578795 80.421205
8295 72.954225 -19.313017 80.686983
5301 47.606630 45.047700 45.047700
5294 68.721468 -27.242478 27.242478
6264 67.946529 -27.184924 27.184924
11862 68.657068 -26.447392 26.447392
9445 78.124340 -19.776370 80.223630
8663 78.721439 -19.300212 80.699788
17455 78.399560 -19.284718 80.715282
5494 89.814815 0.000000 0.000000
17657 91.772417 2.935243 2.935243
11480 92.499971 2.632083 2.632083
6781 84.372862 -15.627138 33.798965
1934 84.682367 -15.317633 31.615785
5409 84.985380 -15.014620 33.009770
9564 33.257552 -25.680599 25.680599
9562 33.097953 -25.096551 25.096551
18647 88.970340 -3.825035 96.174965
14130 89.656505 -3.884884 96.115116
16579 55.793526 -10.640115 89.359885
16833 55.071023 -10.839828 89.160172
9467 55.554480 -11.190203 88.809797
5382 38.756090 -22.454020 77.545980
5383 38.925991 -22.716994 77.283006
9008 39.165458 -22.407298 77.592702
5201 37.495820 -26.685570 26.685570
37 37.855533 -26.602823 26.602823
8651 10.471310 -3.945703 96.054297
9787 52.802371 -23.299974 76.700026
9786 52.541752 -23.725190 76.274810
15955 53.083430 -23.523422 76.476578
15705 31.095496 -29.838535 29.838535
18999 31.774708 -29.824836 29.824836
4300 77.147288 -11.220969 11.220969
8856 77.960871 -10.380523 10.380523
12848 78.292665 -11.007122 11.007122
16233 76.886828 -14.795865 14.795865
1267 76.005733 -14.904844 14.904844
601 76.579728 -14.192165 14.192165
835 43.637784 -28.481151 71.518849
4475 43.600127 -27.932749 72.067251
5526 83.382285 -11.529071 88.470929
18211 84.001612 -11.036762 88.963238
4435 25.447364 25.447364 43.814512
732 25.990724 25.990724 44.155908
12527 58.318817 -4.985878 95.014122
15002 57.686239 -5.472268 94.527732
16629 58.413324 -5.482413 94.517587
821 41.122927 -12.837518 87.162482
2534 41.660967 -13.337670 86.662330
8968 41.867589 -12.648377 87.351623
16408 33.174568 -27.761914 27.761914
5642 32.793558 -27.941645 27.941645
15592 32.724340 -27.576716 27.576716
2154 53.587732 -43.320177 56.679823
19156 54.080316 -43.904557 56.095443
19223 54.292616 -43.014658 56.985342
4788 33.558023 33.558023 41.078266
4786 33.975485 33.975485 42.108500
17779 4.823453 2.744997 97.255003
16528 4.878049 4.878049 95.121951
16727 3.522747 1.872969 98.127031
11298 51.417481 -6.042527 93.957473
19438 69.133128 30.866872 51.845458
17987 69.480942 30.519058 49.547145
11998 69.171629 30.828371 48.426475
5543 68.728910 31.271090 50.858279
10016 62.377337 -4.977542 95.022458
11644 63.301936 -5.079182 94.920818
3567 63.181120 -4.562103 95.437897
7153 0.335152 -0.335152 76.882965
18233 0.651390 -0.651390 79.921803
10214 54.602274 -22.762407 77.237593
2151 55.019763 -22.922812 77.077188
11593 55.063187 -22.476788 77.523212
17568 59.099615 -38.699930 38.699930
5224 58.462686 -39.559175 39.559175
5226 58.413521 -38.868505 38.868505
9626 45.529274 -39.524977 39.524977
9390 45.846183 -40.338532 40.338532
10618 45.331464 -40.264632 40.264632
13254 60.102686 -8.209121 91.790879
13255 60.522720 -7.600303 92.399697
11924 49.974925 -31.767939 68.232061
11925 50.572021 -31.708189 68.291811
18228 80.922503 -19.077497 47.547468
13249 81.134132 -18.865868 47.048410
12541 40.940634 -11.801873 88.198127
822 41.400407 -12.187709 87.812291
17483 41.661248 -11.456067 88.543933
11476 41.429045 -37.814828 62.185172
16603 40.776865 -38.165297 61.834703
5876 41.340887 -38.634617 61.365383
4326 62.337662 -37.662338 62.337662
4324 62.443448 -37.556552 60.746516
4325 63.018505 -36.981495 61.434872
10310 43.058619 -15.643048 84.356952
17349 42.312358 -15.838590 84.161410
12750 42.761783 -16.289300 83.710700
7067 41.289434 -31.390764 31.390764
7068 41.125851 -30.996049 30.996049
7069 41.459187 -31.102892 31.102892
18806 68.649337 31.350663 64.786515
17700 68.000000 32.000000 68.000000
17808 68.500000 31.500000 68.500000
4154 80.472497 -19.527503 70.724391
1676 81.055948 -18.944052 72.603235
11583 80.252500 -19.747500 73.068268
10679 35.168148 -18.493625 18.493625
18480 35.918226 -17.968210 17.968210
7519 82.092195 -13.783204 86.216796
17441 81.575651 -14.104437 85.895563
7518 81.901497 -14.169301 85.830699
17691 63.271117 -16.270207 83.729793
11726 92.567360 -1.603177 98.396823
19085 91.680488 -2.118703 97.881297
13431 92.871499 -1.849626 98.150374
13998 63.358566 36.641434 46.205272
10281 63.873547 36.126453 41.030262
16832 55.302312 -10.313856 89.686144
14785 55.463051 -9.746424 90.253576
11640 54.752921 -10.053318 89.946682
1659 86.190977 -8.973033 8.973033
15125 86.484588 -8.416621 8.416621
1660 86.933175 -8.729616 8.729616
2659 88.680164 -11.319836 42.564045
18671 88.781581 -11.218419 45.027507
18972 86.844741 13.155259 36.911167
14805 37.350106 -24.066499 75.933501
10496 82.258849 -1.400736 98.599264
2844 82.521698 -1.403537 98.596463
6597 47.553313 -6.808766 93.191234
2693 56.995122 -16.381170 83.618830
2692 56.824967 -15.901188 84.098812
10276 57.893569 -3.753764 96.246236
5844 57.279558 -3.969410 96.030590
6066 28.556949 28.556949 70.226167
9325 81.785210 -18.214790 40.396079
9326 81.557039 -18.442961 40.951819
9324 81.589793 -18.410207 39.948292
18345 4.761905 4.761905 4.761905
16425 6.131757 6.131757 9.163913
14222 68.299887 -31.700113 66.501405
14836 69.014721 -30.985279 65.722726
14223 68.911080 -31.088920 67.300558
4628 38.310344 -24.019692 75.980308
6881 38.473154 -24.179900 75.820100
18092 38.566154 -23.947006 76.052994
10818 39.774555 -14.708525 14.708525
17239 40.592300 -14.128969 14.128969
9603 79.920074 -10.529869 89.470131
3915 80.724753 -9.992812 90.007188
3351 79.893078 -10.190572 89.809428
15636 43.589750 -24.821074 75.178926
9433 43.301197 -24.569155 75.430845
12350 43.162398 -24.927612 75.072388
15918 70.540618 -22.984898 22.984898
8157 55.513713 -23.344426 76.655574
2565 55.832674 -23.463394 76.536606
2564 55.869278 -23.075163 76.924837
1039 76.954410 -23.045590 53.946686
18876 68.801397 31.198603 61.466119
3899 68.164779 31.835221 63.225082
3041 95.433040 -0.687305 0.687305
8057 60.622707 20.887652 20.887652
8041 29.280747 29.280747 42.107047
12680 29.091206 29.091206 42.627683
4101 93.496534 -0.399916 99.600084
4103 93.457944 0.000000 100.000000
4076 92.547935 -0.445992 99.554008
23087 28.234802 28.234802 52.191883
12121 28.257004 28.257004 52.307363
23088 28.307402 28.307402 52.200965
4392 77.063856 -15.998633 84.001367
675 76.850569 -16.412933 83.587067
17606 77.418686 -16.054225 83.945775
4544 37.596476 -35.683195 35.683195
17914 38.160458 -35.961230 35.961230
10231 15.100470 15.100470 37.563048
15543 14.228100 14.228100 37.990255
17290 15.030390 15.030390 39.874350
13135 58.947034 -17.508348 17.508348
13134 59.182835 -16.767467 16.767467
18421 68.661340 31.338660 54.835842
17067 2.432966 -2.432966 74.853324
18605 2.203154 -2.203154 83.113177
14430 2.019548 -2.019548 76.977126
606 43.031844 -19.659480 80.340520
9062 43.097406 -19.198811 80.801189
11660 42.607074 -19.483579 80.516421
18939 84.671621 -0.672518 0.672518
3667 84.090033 -0.985208 0.985208
3666 83.872096 -0.693199 0.693199
14485 62.363986 -21.112828 21.112828
1223 61.667327 -21.043511 21.043511
15929 45.479635 30.885694 30.885694
19104 93.973006 -4.956270 95.043730
18016 93.344018 -5.526859 94.473141
9456 94.380910 -5.062439 94.937561
155 84.895178 -1.860401 1.860401
153 84.888645 -1.799245 1.799245
154 85.003057 -1.811919 1.811919
474 33.901434 -30.269075 30.269075
12830 34.138259 -30.720054 30.720054
19177 65.638534 -34.361466 48.421545
10323 66.120071 -33.879929 49.316977
4921 65.454643 -34.545357 50.056011
10189 27.607171 27.607171 33.703446
10190 27.609336 27.609336 34.889970
12003 37.027655 -29.793374 29.793374
14961 37.022939 -29.974659 29.974659
12001 36.887479 -29.796706 29.796706
3799 54.521380 -45.478620 50.767602
6982 55.222194 -44.777806 51.512176
9977 1.345264 -1.345264 21.783561
4188 1.639201 -1.639201 30.146750
1351 87.249149 -11.432076 11.432076
16352 87.310481 -11.990463 11.990463
3692 86.354560 -12.094250 12.094250
2566 56.243437 -23.178414 76.821586
8329 56.620303 -23.294211 76.705789
7671 56.663825 -22.881844 77.118156
14768 82.778283 -2.603459 97.396541
12449 50.655723 34.500788 34.500788
9478 49.021133 32.414716 32.414716
12448 49.467039 34.090904 34.090904
1149 46.420855 -16.201083 83.798917
11912 56.093030 -0.517021 99.482979
17577 56.095369 -1.126251 98.873749
11913 57.021716 -0.883325 99.116675
17682 95.000000 5.000000 95.000000
4809 94.500000 5.500000 94.500000
23518 92.904019 2.774089 97.225911
17442 75.910376 -14.774832 85.225168
556 75.449784 -14.720408 85.279592
9369 36.112941 -25.113406 74.886594
8846 35.912542 -25.221773 74.778227
9368 36.147971 -25.294995 74.705005
12903 91.495063 -8.504937 27.571485
18652 91.641951 -8.358049 24.677231
2961 56.656403 -14.926996 85.073004
5798 56.111252 -15.309055 84.690945
2962 56.720899 -15.401131 84.598869
15037 37.841635 -23.684636 76.315364
15567 37.956819 -23.463098 76.536902
15038 37.705291 -23.513933 76.486067
17015 66.264358 -27.310291 27.310291
5996 59.865813 -5.003125 94.996875
13567 59.678788 -5.559433 94.440567
5997 60.525296 -5.339354 94.660646
13997 27.861290 27.861290 53.817211
3333 27.574482 27.574482 54.115649
3335 27.870586 27.870586 54.265254
18488 52.252232 -20.703223 79.296777
9594 52.533893 -20.185590 79.814410
8731 27.133779 27.133779 43.915762
9052 26.975733 26.975733 43.456700
9051 26.806044 26.806044 43.808675
7855 41.825286 -27.019926 72.980074
11292 41.452071 -26.874528 73.125472
9785 64.959614 -35.040386 49.118890
12197 64.481305 -35.518695 48.105824
3491 65.172010 -34.827990 47.478594
7649 27.578766 -25.641459 25.641459
15707 26.456269 -25.369066 25.369066
7650 27.233310 -24.909141 24.909141
626 77.189397 22.810603 48.749879
582 65.620151 -21.297709 78.702291
6272 65.624728 -20.874617 79.125383
12159 77.369413 -22.630587 46.670818
2533 36.389045 -7.487512 7.487512
10972 37.290394 -7.254456 7.254456
13093 36.944739 -8.150972 8.150972
11626 35.894574 -17.865738 82.134262
18194 32.765921 -14.073794 85.926206
18897 33.599447 -14.165610 85.834390
18831 33.348152 -13.573237 86.426763
9270 67.598680 -32.401320 33.556773
13191 67.168659 -32.831341 34.767408
9268 67.061183 -32.938817 33.816253
17975 23.472201 23.472201 40.500654
16203 23.979809 23.979809 41.539111
16089 24.191186 24.191186 40.498348
13917 33.528761 -26.212520 26.212520
13919 33.970634 -26.517483 26.517483
12629 47.761690 -21.735634 78.264366
15693 47.226442 -21.851625 78.148375
17714 47.490738 -22.196523 77.803477
1702 65.130956 -22.448813 77.551187
13683 65.714153 -22.232106 77.767894
583 65.498194 -21.855583 78.144417
596 42.608953 -28.419433 28.419433
598 42.270791 -28.906255 28.906255
4807 78.926349 -16.810729 83.189271
14853 78.860265 -17.026851 82.973149
4808 79.082303 -16.849059 83.150941
2512 30.420503 -18.041344 81.958656
2513 29.702803 -18.664015 81.335985
8686 30.563504 -18.789183 81.210817
10775 39.746116 -31.851948 31.851948
15180 39.754730 -32.225634 32.225634
14999 39.382141 -31.950893 31.950893
17406 13.019802 13.019802 15.080708
5003 13.095238 13.095238 13.095238
1615 71.562744 28.437256 65.385817
15886 70.595595 29.404405 64.562173
3144 71.024815 28.975185 68.669873
18956 26.257770 -21.187346 21.187346
16916 27.330875 -20.797966 20.797966
6813 27.191294 -21.666674 21.666674
13234 27.876760 -7.062911 92.937089
2184 28.338966 -8.024284 91.975716
12689 28.928240 -6.973225 93.026775
7183 83.820751 -2.321134 2.321134
11949 36.307995 -29.385624 29.385624
3579 36.462363 -29.393756 29.393756
11101 46.652445 -38.156047 61.843953
10185 35.314015 -2.520975 2.520975
10897 34.780241 -3.531690 3.531690
10868 34.531798 -2.410794 2.410794
12070 33.676822 33.676822 36.507116
11317 77.252000 -12.360256 12.360256
6541 76.726749 -12.967822 12.967822
3553 8.926789 8.926789 44.669110
18317 49.242547 -39.948001 60.051999
15710 48.590620 -40.408872 59.591128
1713 48.970456 -40.948813 59.051187
10421 69.129764 -30.870236 49.033762
3818 68.422286 -31.577714 49.980149
8662 68.640996 -31.359004 48.089461
11755 11.214953 0.000000 100.000000
10579 8.874245 -3.597332 96.402668
19022 9.662200 -3.801032 96.198968
17971 60.021440 -35.329483 64.670517
18536 59.933045 -36.060823 63.939177
18429 60.575956 -35.470213 64.529787
18884 79.449238 -15.883726 84.116274
2516 79.673091 -15.665186 84.334814
17460 79.333139 -15.831251 84.168749
5660 90.516911 9.483089 22.666095
5661 90.361556 9.638444 28.497780
15619 90.821648 9.178352 26.749591
4626 38.375400 -23.794043 76.205957
6113 50.959072 -20.584301 20.584301
6299 51.279336 -21.164927 21.164927
5035 50.556618 -21.192191 21.192191
11201 90.701222 -2.668828 97.331172
72 86.837780 -0.715031 0.715031
4537 86.701675 -1.045964 1.045964
12228 57.987781 -3.748815 3.748815
8911 57.039588 -4.071066 4.071066
12713 29.875561 29.875561 45.833473
2269 29.665556 29.665556 45.199599
2271 29.445637 29.445637 45.673531
952 33.951241 -14.825871 85.174129
5891 33.515328 -15.415111 84.584889
950 34.322708 -15.550480 84.449520
13562 31.362819 31.362819 61.028125
2768 30.403465 30.403465 61.768560
13563 31.071441 31.071441 62.295163
5693 49.582817 -35.061902 35.061902
18724 49.280658 -34.602561 34.602561
9796 49.769481 -34.443563 34.443563
16552 84.442936 -13.818921 86.181079
4013 83.820509 -14.062454 85.937546
19386 27.131215 27.131215 45.234654
19383 26.950978 26.950978 44.967619
19384 26.912425 26.912425 45.402486
8011 42.506817 -25.145475 25.145475
16340 42.658940 -25.685670 25.685670
8012 42.128290 -25.550741 25.550741
14501 56.624348 43.375652 50.389641
14500 56.102515 43.897485 52.697347
12837 56.500000 43.500000 56.500000
911 28.021346 28.021346 51.948028
6767 28.054158 28.054158 51.994084
6768 28.074877 28.074877 51.918329
1481 80.369831 -17.939524 17.939524
10380 79.031632 20.968368 75.611338
14851 28.427659 28.427659 46.255435
8658 28.160168 28.160168 45.975557
8657 28.098050 28.098050 46.413737
6624 42.630175 -20.532492 20.532492
17051 43.254137 -20.559079 20.559079
14665 43.000746 -21.171270 21.171270
11426 76.436923 -5.413786 94.586214
15152 75.732985 -5.239832 94.760168
16419 75.498447 -5.758378 94.241622
13711 69.862121 -12.603236 87.396764
9590 69.266492 -12.952478 87.047522
17343 69.779386 -13.038554 86.961446
19410 26.961148 26.961148 51.503285
19319 27.084541 27.084541 51.831595
7545 28.118391 28.118391 43.286778
6285 28.348287 28.348287 43.426795
17031 59.377191 -16.005854 83.994146
10766 58.987571 -15.662540 84.337460
17943 58.700191 -16.198448 83.801552
3590 36.853368 36.853368 37.934300
12678 35.756364 35.756364 36.776074
12679 35.696324 35.696324 37.775338
367 27.962477 27.962477 52.042194
14370 93.356499 -2.015723 97.984277
15836 75.590097 -6.608785 6.608785
7814 75.591255 -7.251002 7.251002
2059 74.743783 -7.102644 7.102644
6900 37.473095 -29.578485 29.578485
366 27.949050 27.949050 52.107489
15794 32.377605 -0.807552 99.192448
13934 33.322822 -0.771489 99.228511
15795 32.710280 0.000000 100.000000
6538 63.290092 -3.518664 96.481336
4174 63.698199 -3.017576 96.982424
6539 62.627478 -3.079260 96.920740
7137 77.646648 -8.983907 8.983907
15646 77.482463 -8.477646 8.477646
9808 78.404301 -8.284668 8.284668
19407 26.135845 26.135845 45.980200
1922 26.641149 26.641149 46.390634
1905 81.520210 -18.479790 68.032253
8491 81.769046 -18.230954 70.531354
4191 81.061648 -18.938352 69.696859
8138 82.686784 -2.078577 97.921423
8139 82.219665 -2.322987 97.677013
8140 82.753682 -2.326474 97.673526
8090 37.310925 -30.396230 30.396230
9530 37.335129 -30.250041 30.250041
12107 37.511559 -30.375066 30.375066
6413 20.517417 -1.447763 1.447763
17821 62.452202 -19.122439 80.877561
13002 67.501304 -25.994093 74.005907
13542 67.455910 -26.499121 73.500879
5653 38.529028 -25.925806 74.074194
989 38.653713 -25.891355 74.108645
5654 38.553226 -25.822708 74.177292
7896 55.484823 -18.008926 81.991074
5022 55.725782 -17.513490 82.486510
9679 55.053425 -17.676860 82.323140
3786 78.977232 21.022768 43.174460
2934 79.486290 20.513710 41.302928
12354 79.098358 20.901642 38.334224
8627 37.945550 -18.366125 81.633875
14506 38.343994 -17.968102 82.031898
14507 37.656298 -17.950613 82.049387
13912 54.972103 -40.789329 59.210671
14810 54.764662 -41.463229 58.536771
13913 55.351783 -41.017454 58.982546
14763 37.805135 -5.311260 94.688740
19397 27.942670 27.942670 44.765000
9585 28.029464 28.029464 44.807661
11589 43.518916 -2.557352 2.557352
10753 44.434102 -2.499133 2.499133
10752 44.139808 -3.345818 3.345818
13809 36.208620 -28.843945 28.843945
1776 36.318862 -29.060125 29.060125
7587 36.086667 -28.974023 28.974023
765 87.074737 -1.337747 1.337747
764 86.719731 -1.614011 1.614011
23467 86.641258 -1.446895 1.446895
7776 86.543967 -1.314701 1.314701
23468 86.380414 -1.480036 1.480036
661 35.162129 -26.836267 26.836267
660 35.073014 -27.036885 27.036885
3080 34.845020 -26.800288 26.800288
7376 34.289415 -30.119200 30.119200
9777 34.585432 -30.002802 30.002802
11273 91.673127 -0.886477 99.113523
16445 90.885249 -1.303648 98.696352
6379 91.719157 -1.168162 98.831838
3939 42.782629 -39.998966 60.001034
15879 42.223909 -40.379106 59.620894
4261 37.591406 -30.715784 30.715784
23858 37.427266 -30.682624 30.682624
8091 37.448797 -30.551988 30.551988
19455 27.596635 27.596635 52.826574
22940 27.616863 27.616863 53.007951
22983 27.674720 27.674720 52.922798
19456 27.481196 27.481196 53.011928
19358 27.574032 27.574032 53.248825
8349 30.438757 30.438757 51.444280
17766 38.431940 -23.547305 76.452695
15568 38.135585 -23.663495 76.336505
17716 39.450490 -5.710090 94.289910
14482 85.948218 -3.088335 3.088335
3622 85.640493 -2.815037 2.815037
8892 86.377145 -2.622339 2.622339
11631 73.456228 -26.543772 48.315564
9761 73.475174 -26.524826 50.161657
17220 27.680886 27.680886 36.089427
17152 28.356311 28.356311 37.141743
1768 96.582595 -3.417405 35.073336
1769 97.057218 -2.942782 35.937714
1770 96.459592 -3.540408 39.090763
12972 61.937597 -25.901494 74.098506
12056 61.567903 -25.730759 74.269241
12829 76.406952 -23.593048 48.466789
8182 76.894944 -23.105056 47.667300
8184 76.817896 -23.182104 49.273399
10558 96.103896 -3.896104 96.103896
9455 94.994898 -4.457659 95.542341
9457 95.454545 -4.545455 95.454545
4885 54.870777 -3.145093 96.854907
7712 55.601103 -2.596917 97.403083
7714 54.654881 -2.400398 97.599602
18179 27.472903 27.472903 51.782218
19393 27.555884 27.555884 51.591199
19432 27.400191 27.400191 51.576417
19423 27.497477 27.497477 51.420559
6801 37.931674 -7.338417 92.661583
11622 38.161302 -8.219587 91.780413
6213 28.474886 28.474886 51.871768
13437 28.623023 28.623023 52.056610
18864 28.685667 28.685667 51.716459
10320 27.524812 27.524812 52.151483
10321 27.408930 27.408930 52.003508
3440 27.373022 27.373022 52.255421
14527 13.084720 13.084720 20.047281
14528 13.017982 13.017982 17.412964
8570 11.944140 11.944140 17.026403
1960 67.358602 -20.426390 79.573610
11228 67.632818 -19.903929 80.096071
11227 66.925659 -20.340566 79.659434
5852 58.642138 -25.514754 74.485246
2560 58.152277 -25.695441 74.304559
5850 58.394561 -25.907524 74.092476
6459 38.168660 -28.535559 28.535559
15201 37.972672 -28.708780 28.708780
15599 43.646938 -23.207185 23.207185
14180 44.280597 -23.307258 23.307258
16480 43.855994 -23.806911 23.806911
17158 45.334988 -16.951500 16.951500
10954 45.796178 -16.366986 16.366986
11766 48.186378 -11.639007 88.360993
16091 69.968532 -14.471733 85.528267
16264 70.572776 -14.102539 85.897461
16090 70.068173 -14.024936 85.975064
16227 65.366183 -11.279576 88.720424
7943 65.797432 -11.574422 88.425578
7944 66.128920 -11.057894 88.942106
13984 34.217548 -31.921806 31.921806
12637 33.513217 -31.885220 31.885220
18349 33.813964 -31.437816 31.437816
11045 69.350031 -16.899579 16.899579
16688 68.677510 -17.458212 17.458212
11046 68.533870 -16.690298 16.690298
5884 22.984828 22.984828 34.504513
5883 23.808613 23.808613 35.329779
9145 23.544341 23.544341 33.914475
14873 82.971395 -1.127042 98.872958
14874 83.083793 -1.156045 98.843955
14872 83.201658 -1.086587 98.913413
13635 53.748107 -44.180364 44.180364
2005 53.148940 -45.634034 45.634034
14466 0.600837 -0.600837 16.167097
15503 0.236396 -0.236396 10.983675
7762 0.526316 -0.526316 0.526316
6966 27.058773 27.058773 36.298753
23194 26.661720 26.661720 36.557445
18710 64.115655 -5.185526 94.814474
14015 64.251950 -5.601520 94.398480
17282 64.894112 -5.301262 94.698738
8784 79.717569 -16.270410 83.729590
12668 79.587050 -16.213940 83.786060
12472 79.423700 -16.424555 83.575445
9293 37.181165 -26.238751 73.761249
3643 51.023561 -23.968407 76.031593
7898 51.338827 -24.237701 75.762299
16667 76.687731 -18.891310 81.108690
4904 76.725570 -18.577940 81.422060
15292 20.285345 -9.737748 90.262252
4997 21.536842 -9.250596 90.749404
15366 20.990282 -8.491311 91.508689
9663 36.036725 -26.037696 26.037696
16840 36.365211 -26.213610 26.213610
15512 36.068174 -26.366959 26.366959
17077 15.114562 -2.354333 97.645667
17078 15.887850 0.000000 100.000000
9398 14.061261 -2.546032 97.453968
11243 42.624103 -29.377062 29.377062
13375 95.762532 -1.807649 1.807649
7647 95.103714 -2.515708 2.515708
11676 94.626131 -2.198183 2.198183
18252 28.028784 28.028784 52.327091
23028 27.986696 27.986696 52.303353
23030 27.984972 27.984972 52.345198
22944 27.869757 27.869757 52.417555
19416 27.936630 27.936630 52.348434
22945 27.882632 27.882632 52.349550
19408 27.937636 27.937636 52.184968
22941 27.926750 27.926750 52.258249
22942 27.956699 27.956699 52.223760
16945 99.496866 0.503134 76.942314
14318 98.944413 1.055587 79.720407
10348 99.408812 0.591188 81.595227
16166 57.945665 -28.353835 28.353835
7863 58.559415 -27.933595 27.933595
8080 42.134354 -33.033103 33.033103
8079 42.563487 -33.240631 33.240631
19295 42.277040 -33.468223 33.468223
17569 35.714286 35.714286 35.714286
3334 27.601554 27.601554 54.632983
5500 30.764088 30.764088 43.672224
13596 67.833242 -17.473738 17.473738
10206 27.871675 27.871675 52.224628
22943 27.890305 27.890305 52.302179
10248 3.658537 3.658537 96.341463
3930 4.786259 4.786259 91.603529
10247 3.755633 3.755633 92.296748
1340 53.255464 -41.387943 41.387943
16758 52.911903 -42.381795 42.381795
9017 52.596244 -41.923256 41.923256
9349 28.564160 28.564160 33.999015
2129 29.626549 29.626549 34.574108
2128 28.921459 28.921459 33.046991
11708 19.620469 19.620469 50.860835
16595 19.425636 19.425636 52.070918
11709 20.047693 20.047693 51.941331
9299 29.134320 -12.380368 12.380368
6628 29.712277 -11.586019 11.586019
6627 29.983277 -12.461561 12.461561
11689 65.126522 -16.756565 16.756565
15111 41.928544 -13.970102 86.029898
9877 41.468780 -14.511441 85.488559
9336 42.196795 -14.532621 85.467379
10047 71.475481 -15.938609 84.061391
10048 70.922482 -16.350593 83.649407
10046 71.436595 -16.347135 83.652865
12906 83.587196 -1.317844 98.682156
9133 83.449702 -1.299516 98.700484
9132 83.358046 -1.373038 98.626962
7625 94.406790 -5.593210 42.205926
9528 94.675098 -5.324902 44.269949
2932 27.982743 27.982743 52.900207
2931 28.022625 28.022625 52.702063
23031 27.928112 27.928112 52.769730
5234 27.837209 27.837209 52.827860
19450 27.871882 27.871882 52.648567
3532 60.415543 -30.163120 69.836880
3433 75.127473 -9.196634 9.196634
3434 75.165340 -8.406493 8.406493
3435 76.014532 -8.707312 8.707312
8633 73.022378 -22.996163 77.003837
912 52.719808 -19.827636 19.827636
913 53.508344 -19.891850 19.891850
914 53.006559 -20.486045 20.486045
8776 59.744792 -18.614573 81.385427
11031 59.155385 -18.913415 81.086585
8777 59.575978 -19.063082 80.936918
13441 25.770073 -1.187798 98.812202
13440 26.310645 -2.151474 97.848526
5134 26.696123 -1.065473 98.934527
1277 25.814231 25.814231 39.173050
2165 25.444359 25.444359 38.136184
11973 51.059598 -21.296943 78.703057
14190 50.485280 -21.118064 78.881936
9799 50.512610 -21.721505 78.278495
12441 69.251851 -29.103316 70.896684
1131 68.784502 -28.936070 71.063930
7025 94.487032 -4.420641 95.579359
18684 93.502421 -4.919413 95.080587
10993 68.702558 -10.931437 89.068563
665 68.131223 -11.230812 88.769188
10992 68.794739 -11.340353 88.659647
10771 84.317389 -14.482856 85.517144
10769 84.811887 -13.894108 86.105892
10770 84.231227 -14.231509 85.768491
5443 88.963404 -11.036596 31.823564
16056 90.285459 -9.714541 32.169178
12902 90.868893 -9.131107 29.847644
4081 35.636920 -32.476306 67.523694
6023 35.735046 -31.938961 68.061039
16323 35.180759 -32.158709 67.841291
13466 75.967766 -9.397154 9.397154
7139 76.798367 -8.905206 8.905206
9356 60.268399 -5.892903 94.107097
869 60.024701 -6.414229 93.585771
14196 21.468285 21.468285 55.816178
830 21.516395 21.516395 57.072544
829 22.099087 22.099087 56.145062
2686 76.145637 23.854363 50.661147
543 83.549260 -16.450740 51.420883
9720 83.999775 -16.000225 52.133340
1117 52.691146 -18.649027 81.350973
4731 51.955774 -18.693121 81.306879
18415 52.149260 -19.202127 80.797873
17173 83.605893 -1.250759 98.749241
12277 83.448709 -1.244004 98.755996
3727 80.113273 -17.956622 82.043378
15205 27.800739 27.800739 52.236242
18578 27.833836 27.833836 52.330032
7666 73.461644 -20.815009 79.184991
10965 72.904207 -21.085760 78.914240
17306 83.223202 -3.034800 3.034800
17307 83.626958 -3.150434 3.150434
1187 83.028451 -3.430136 3.430136
1819 37.836409 -25.458116 74.541884
18665 57.895884 -38.620892 61.379108
8550 71.396735 -1.896548 1.896548
8551 72.083796 -1.527892 1.527892
8552 72.046325 -2.208014 2.208014
2385 80.770594 -19.229406 37.917902
13079 81.240298 -18.759702 38.030322
900 31.844785 -8.746378 91.253622
16208 31.734178 -9.694543 90.305457
14803 32.445113 -9.292465 90.707535
7672 56.277899 -22.778332 77.221668
390 40.377423 -24.526758 24.526758
8067 39.858422 -24.660929 24.660929
8068 39.927804 -24.156777 24.156777
13036 36.043391 -32.179049 32.179049
742 35.875327 -31.805961 31.805961
6434 36.258485 -31.942284 31.942284
8831 38.887975 -27.913043 27.913043
4207 49.753063 -1.158885 98.841115
4209 50.110509 -0.590418 99.409582
8077 49.223804 -0.585370 99.414630
12357 69.329056 -10.812097 89.187903
450 90.927241 -5.833403 5.833403
1968 91.965495 -5.257838 5.257838
4372 37.705849 -26.398454 73.601546
5454 37.787388 -26.260442 73.739558
4373 37.614382 -26.261507 73.738493
8262 71.335106 -20.337099 79.662901
5484 92.948420 -7.051580 30.109644
5483 92.722514 -7.277486 34.027390
18351 92.262769 -7.737231 32.409694
19047 72.897196 0.000000 100.000000
23520 80.135248 8.576564 91.423436
23571 78.842282 7.384160 92.615840
15441 73.831776 0.000000 100.000000
23509 79.819579 6.916742 93.083258
23510 78.436760 5.998661 94.001339
8272 37.418712 -4.202239 4.202239
10118 37.040679 -5.363536 5.363536
13814 36.368859 -4.435105 4.435105
7934 84.633419 -2.051564 2.051564
2662 64.246846 -23.187294 76.812706
2864 63.855146 -23.714227 76.285773
18394 64.470837 -23.500271 76.499729
1614 72.393205 27.606795 66.080801
3760 73.183669 26.816331 66.766500
5596 88.510355 -11.489645 63.448612
4541 88.654094 -11.345906 60.200880
14568 60.772285 -15.194231 15.194231
1176 95.071750 -3.488879 3.488879
6482 50.777134 -22.180892 77.819108
6480 50.187874 -22.258993 77.741007
6481 50.404219 -22.778125 77.221875
16990 28.747533 -23.256006 76.743994
14611 44.889717 -31.087929 31.087929
5631 45.364657 -30.923327 30.923327
17037 45.266250 -31.458369 31.458369
3942 16.966806 16.966806 53.608486
4460 16.450699 16.450699 55.389780
3940 17.275212 17.275212 55.385684
18292 52.206981 -26.504587 26.504587
13581 52.427521 -25.792774 25.792774
18865 52.867095 -26.252605 26.252605
4039 41.556383 -34.319842 65.680158
4038 41.218299 -33.782909 66.217091
18569 40.915884 -34.421058 65.578942
18606 38.290647 -19.460518 19.460518
10027 37.517112 -19.330837 19.330837
9630 38.036021 -18.798285 18.798285
12785 55.994408 -3.167610 96.832390
8908 48.382119 -13.996349 86.003651
2781 47.666521 -14.128869 85.871131
5121 48.055521 -14.551156 85.448844
12403 42.040299 -28.322508 28.322508
18512 41.730159 -28.731189 28.731189
11417 67.095235 -31.153807 31.153807
18648 66.424144 -31.559429 31.559429
11415 66.627543 -30.800193 30.800193
7588 41.621278 36.319952 63.680048
15493 41.227664 37.791067 62.208933
16448 40.136362 35.790724 64.209276
5100 57.783217 -12.761037 87.238963
5101 58.308904 -12.469804 87.530196
2492 57.695237 -12.351182 87.648818
14383 67.041373 -16.140350 16.140350
11366 66.652894 -15.485793 15.485793
11365 67.619655 -15.354547 15.354547
9746 41.745240 -39.416221 39.416221
16044 27.040369 27.040369 47.916586
16043 27.515027 27.515027 47.784942
16792 27.222233 27.222233 47.337605
12820 57.403635 -27.382027 27.382027
7864 58.001337 -27.654384 27.654384
10012 57.374686 -28.130143 28.130143
13150 72.846404 -18.824072 18.824072
7350 73.181807 -19.357309 19.357309
11454 72.286187 -19.542178 19.542178
11549 63.333333 36.666667 36.666667
11548 61.200703 33.946485 33.946485
2415 60.982512 34.858464 34.858464
14266 49.049637 -33.027828 33.027828
1115 49.598288 -33.013754 33.013754
14017 49.293649 -33.586853 33.586853
6736 55.946681 -34.602662 34.602662
17312 56.417801 -34.690614 34.690614
18173 84.229619 -1.623631 1.623631
3386 84.093184 -2.942620 2.942620
3387 84.472160 -2.744927 2.744927
3388 84.520080 -2.967244 2.967244
1714 89.929384 -1.452323 98.547677
11272 90.749782 -1.011501 98.988499
14108 52.777778 -47.222222 47.222222
322 52.713273 -47.286727 48.554595
15517 52.083333 -47.916667 47.916667
2808 79.560218 -20.439782 73.334875
11582 79.953758 -20.046242 75.364647
805 79.279359 -20.720641 75.337216
8048 57.675206 -33.453404 33.453404
11752 57.612791 -34.174811 34.174811
18108 23.365750 23.365750 55.531971
15255 23.914419 23.914419 54.638340
9836 40.504052 40.504052 52.583620
6146 39.617076 39.617076 53.371060
9835 41.005120 41.005120 53.289148
10804 83.129817 -16.870183 21.818866
14931 82.960730 -17.039270 20.330352
8294 83.587116 -16.412884 19.778450
7263 34.422194 -23.879249 23.879249
7265 34.624275 -24.424401 24.424401
10199 40.649975 -19.882714 19.882714
16888 39.813708 -19.809562 19.809562
10197 40.282670 -19.157722 19.157722
15304 34.976007 -16.030361 83.969639
16237 34.873287 -16.732360 83.267640
16250 58.008392 -17.810392 17.810392
9686 83.628179 9.323650 9.323650
9688 80.326437 4.786308 4.786308
11297 82.876580 9.523707 9.523707
12746 37.297963 -29.533540 29.533540
13758 37.366706 -29.688453 29.688453
11966 37.214588 -29.653942 29.653942
10989 36.793146 -23.321106 76.678894
1500 36.906856 -23.034744 76.965256
1501 36.569423 -23.111494 76.888506
13618 83.985189 16.014811 25.978538
12253 35.577430 -32.871243 32.871243
17361 35.973741 -33.380613 33.380613
10844 82.947652 -0.916801 99.083199
10843 82.758764 -0.845032 99.154968
23341 82.743424 -0.953045 99.046955
23342 82.887002 -0.974764 99.025236
17508 98.407972 -1.592028 59.343470
13559 99.020110 -0.979890 58.761481
13561 98.783983 -1.216017 63.558347
5616 20.214254 20.214254 56.170490
5015 19.479369 19.479369 57.218989
71 20.214426 20.214426 57.757428
17654 24.996278 24.996278 53.953355
12997 25.236052 25.236052 54.829204
4055 36.969777 -25.157907 74.842093
7343 36.855924 -25.017486 74.982514
7342 36.736922 -25.201009 74.798991
2152 55.462374 -23.008519 76.991481
6848 55.885570 -22.677892 77.322108
8435 47.130828 -11.540060 11.540060
10472 76.666667 23.333333 23.333333
23631 67.881728 11.542842 11.542842
23585 67.491175 11.660903 11.660903
2708 40.680682 -26.592585 26.592585
12646 0.000000 0.000000 36.363636
2014 0.760787 0.760787 41.804683
8086 64.985935 -35.014065 58.241741
11744 65.506165 -34.493835 56.536480
5334 65.787909 -34.212091 58.023034
10237 32.654156 -20.593157 79.406843
14134 33.604076 -20.849945 79.150055
6449 72.086303 -21.331172 78.668828
10967 72.630526 -20.886334 79.113666
6448 72.130185 -20.926034 79.073966
14224 68.181818 -31.818182 68.181818
1310 67.390751 -31.984931 68.015069
9229 44.379454 -17.373651 82.626349
11481 69.267451 -23.117562 76.882438
12998 69.478105 -23.320836 76.679164
13032 69.796393 -22.895654 77.104346
6180 86.327949 -13.672051 81.563581
12428 86.494928 -13.505072 78.457747
10193 86.969410 -13.030590 80.540108
4286 38.011060 -36.829779 63.170221
18846 37.368421 -37.368421 62.631579
18845 38.221839 -37.595307 62.404693
6452 6.842105 -6.842105 93.157895
10578 7.877415 -3.572434 96.427566
138 28.421053 -28.421053 28.421053
23663 28.180749 -28.180749 49.434832
14637 27.894737 -27.894737 27.894737
3111 85.185185 0.000000 0.000000
10103 85.345190 -0.337693 0.337693
11540 84.490661 -0.344099 0.344099
15927 40.856521 -17.367790 17.367790
15928 41.592329 -17.783368 17.783368
16717 40.763155 -18.330796 18.330796
10253 9.743787 9.743787 16.662108
10252 9.862943 9.862943 20.398447
5976 28.620572 -0.872750 0.872750
15539 29.548042 -1.014924 1.014924
13284 53.401479 -19.301794 80.698206
7033 53.896193 -18.900393 81.099607
1116 53.332607 -18.797778 81.202222
13845 62.361554 37.638446 46.986742
6370 62.264096 37.735904 51.407734
13999 62.818682 37.181318 46.624038
16110 58.493316 -40.953840 40.953840
16111 58.520054 -40.250002 40.250002
4781 59.311180 -40.020429 40.020429
5027 51.666667 48.333333 48.333333
17414 51.551457 48.448543 49.556962
2001 52.222222 47.777778 47.777778
2409 26.419080 26.419080 44.500872
15650 30.852097 30.852097 68.020019
1371 36.577502 -12.700780 87.299220
14757 36.985753 -11.836942 88.163058
16569 36.042847 -11.984083 88.015917
4255 19.354885 -6.387191 6.387191
7095 17.697312 -7.240846 7.240846
4256 18.619876 -5.871589 5.871589
12374 96.407039 -3.592961 56.147226
7838 96.814357 -3.185643 58.825478
7840 96.213031 -3.786969 60.204500
7071 49.208428 -15.038668 15.038668
18586 49.263336 -14.328330 14.328330
3254 49.915770 -14.716538 14.716538
23502 2.887973 1.829204 98.170796
14937 76.235937 -4.256375 95.743625
14569 61.567781 -15.434169 15.434169
17092 62.336453 -14.893690 14.893690
17736 62.396372 -15.641554 15.641554
8277 78.004494 -21.995506 52.715458
16526 78.307608 -21.692392 53.814593
8278 77.792523 -22.207477 54.280616
17266 79.444444 20.555556 20.555556
5966 78.888889 21.111111 21.111111
5965 79.183395 20.816605 23.642279
5998 60.817317 -4.712046 95.287954
13574 21.555761 -14.930052 85.069948
13243 20.355147 -15.547872 84.452128
3165 38.757208 -22.939123 77.060877
2443 15.545007 15.545007 43.630992
5705 16.370889 16.370889 43.602376
5446 70.425008 -1.025885 98.974115
23343 70.368174 -0.676494 99.323506
6247 33.204340 26.505614 26.505614
3676 33.782452 28.798503 28.798503
18215 34.616867 28.433762 28.433762
5764 26.950319 26.950319 29.618456
9256 27.716775 27.716775 28.932569
12955 35.624965 -29.057945 29.057945
11436 86.429437 -3.487834 96.512166
11435 85.630587 -3.984293 96.015707
4909 95.765062 4.234938 74.159763
9586 96.271771 3.728229 74.693353
14698 96.258127 3.741873 70.168360
17590 100.000000 0.000000 0.000000
23640 99.355055 0.252454 0.252454
23489 99.444444 0.555556 0.555556
9160 38.355093 -28.106257 71.893743
14460 38.797334 -28.126618 71.873382
17947 38.596343 -27.867932 72.132068
1052 66.157493 -9.837783 90.162217
8224 66.846497 -9.546667 90.453333
11969 66.257438 -9.390200 90.609800
1084 38.643387 -25.046309 74.953691
5449 38.795427 -25.114767 74.885233
7793 38.805728 -24.953964 75.046036
18088 59.142188 -30.790812 69.209188
8587 58.408872 -31.062562 68.937438
8586 58.800366 -31.508122 68.491878
16632 53.645598 -33.926335 66.073665
14229 54.352624 -33.683199 66.316801
2174 54.054092 -33.153264 66.846736
3417 28.400157 28.400157 57.096381
23033 28.912492 28.912492 57.090371
23034 28.750604 28.750604 56.555062
12336 35.227250 -29.197538 29.197538
4474 35.306690 -29.417058 29.417058
13376 96.802007 -1.482631 1.482631
12736 96.598833 -1.104979 1.104979
4369 97.535860 -0.971006 0.971006
8894 67.492353 -23.358695 76.641305
2836 67.574188 -23.789212 76.210788
6917 68.009324 -23.237258 76.762742
5779 19.512195 19.512195 80.487805
18479 19.137595 19.137595 79.667918
5780 18.292683 18.292683 81.707317
6357 84.702726 -10.871265 89.128735
16899 84.581687 -10.606847 89.393153
13308 78.722969 -16.116607 16.116607
2238 79.740429 -15.889173 15.889173
17237 79.020373 -16.671848 16.671848
11900 79.137721 -16.213455 83.786545
6796 78.982772 -16.438709 83.561291
4631 79.314613 -16.199469 83.800531
6564 41.234331 -24.475518 75.524482
6721 41.557659 -24.526702 75.473298
6565 41.480192 -24.231926 75.768074
2106 41.307606 -24.745592 75.254408
16722 32.178356 -31.605236 68.394764
15300 32.775446 -31.888316 68.111684
5684 32.576551 -31.305022 68.694978
12514 55.299540 42.250985 42.250985
2330 54.570725 42.356832 42.356832
2796 29.716887 -29.141660 29.141660
7723 28.947368 -28.947368 28.947368
2794 29.201932 -28.665391 28.665391
6933 78.640425 -17.048056 82.951944
17522 51.628267 -4.012842 95.987158
13870 52.242660 -3.842086 96.157914
16215 51.601660 -3.525533 96.474467
1866 35.905712 7.949419 7.949419
8040 33.740079 6.275627 6.275627
18061 35.986848 9.694369 9.694369
10343 80.500091 -10.537125 89.462875
1948 81.331701 -10.115528 89.884472
4636 71.882691 -2.406664 97.593336
238 72.785286 -2.242531 97.757469
237 72.208100 -1.961356 98.038644
12476 31.266637 -27.939732 27.939732
13612 96.942412 -3.057588 75.173380
6252 96.297325 -3.702675 75.042696
19135 64.349505 -13.586179 86.413821
2895 50.231552 -40.418879 59.581121
23261 50.289233 -39.934976 60.065024
23258 50.045103 -40.012892 59.987108
2894 50.959466 -40.278634 59.721366
23251 51.071372 -39.653265 60.346735
23250 50.618138 -39.832880 60.167120
12672 26.410185 -24.113614 75.886386
12671 25.961120 -23.666453 76.333547
15889 25.625526 -24.402388 75.597612
10119 10.163845 10.163845 38.739516
395 73.440279 -8.454556 91.545444
12305 48.828973 -43.187671 43.187671
8769 84.180571 -1.462877 1.462877
8770 84.504891 -1.492399 1.492399
4439 49.830429 -15.451628 15.451628
16934 50.537456 -15.121100 15.121100
13024 50.487463 -15.818884 15.818884
14467 53.568795 -31.363908 31.363908
8533 53.830536 -30.620065 30.620065
16288 54.225053 -31.145169 31.145169
11747 35.477516 -27.412926 27.412926
9260 90.111016 -6.496956 93.503044
9262 90.010028 -6.918231 93.081769
15463 90.759140 -6.361888 93.638112
11477 29.812570 28.333591 28.333591
11479 30.952381 30.952381 30.952381
14409 31.052734 29.382781 29.382781
13114 43.949815 -9.857223 90.142777
8697 44.078545 -9.206445 90.793555
13731 76.862058 -8.289498 8.289498
13732 76.166186 -8.048889 8.048889
2891 94.739605 -2.031421 97.968579
13879 94.835602 -1.609076 98.390924
2892 93.656211 -2.235634 97.764366
1841 68.360058 -22.835596 77.164404
1843 67.936493 -22.818298 77.181702
10172 37.457815 37.457815 45.483895
18068 36.370304 36.370304 45.097762
17679 36.649079 36.649079 46.233577
2758 76.084634 -23.915366 47.531568
2586 76.370129 -23.629871 45.949047
11825 76.533422 -23.466578 47.161730
4063 40.132879 -7.574460 7.574460
3293 41.055815 -7.326844 7.326844
17601 46.958606 -12.700142 87.299858
13858 46.431346 -13.268308 86.731692
3659 47.190196 -13.299693 86.700307
16444 24.845155 -7.335904 7.335904
11413 25.886820 -6.843274 6.843274
4451 55.571722 -20.385555 79.614445
12505 71.483281 -28.516719 58.597525
653 71.585263 -28.414737 56.969077
14372 54.166667 -45.833333 45.833333
14109 53.472222 -46.527778 46.527778
8979 53.945145 -45.073573 45.073573
25 52.312658 -3.133146 3.133146
12872 52.182665 -3.717934 3.717934
18178 27.558706 27.558706 51.948939
14855 80.826742 -19.173258 49.184754
16902 81.001300 -18.998700 49.556190
8093 80.780872 -19.219128 49.984669
16362 12.984703 12.984703 41.101574
8736 13.694671 13.694671 43.670357
8735 14.130138 14.130138 40.926855
7785 84.951287 -13.183669 13.183669
7786 85.343063 -12.514345 12.514345
7787 85.770944 -12.870176 12.870176
15339 80.101916 -19.898084 64.711269
13978 44.046167 -35.730188 35.730188
10791 49.528822 -3.287012 3.287012
18968 17.044450 17.044450 70.007674
13889 17.172079 17.172079 71.990909
18909 17.958931 17.958931 69.564101
3095 83.567603 -13.685811 86.314189
949 83.351210 -13.564317 86.435683
948 83.140103 -13.897794 86.102206
1288 49.775348 -27.535068 72.464932
1287 49.256870 -27.923402 72.076598
18364 49.688040 -28.114352 71.885648
16481 46.970976 -22.290767 77.709233
12722 46.699205 -22.733805 77.266195
9768 47.224731 -22.640932 77.359068
14245 48.249810 -9.123849 90.876151
12019 91.100051 8.899949 22.286949
15618 91.339465 8.660535 28.481406
13700 51.357377 -19.455357 19.455357
11374 52.280259 -19.046449 19.046449
6031 51.937844 -19.908799 19.908799
17076 92.765375 -7.234625 37.188830
9222 93.307898 -6.692102 34.638014
18827 69.453321 -17.554150 17.554150
8472 68.764757 -18.151984 18.151984
16570 43.923574 -28.328031 28.328031
10041 44.208134 -27.830512 27.830512
12206 44.492704 -28.367257 28.367257
18253 28.045195 28.045195 52.421852
6809 28.038963 28.038963 52.539755
16376 71.765132 -11.918703 88.081297
6344 38.683704 -25.719052 74.280948
6343 38.756095 -25.632227 74.367773
17977 38.636450 -25.635030 74.364970
9119 39.737730 -11.109024 11.109024
7651 40.494653 -10.612704 10.612704
6100 40.549659 -11.653032 11.653032
1787 34.153391 -5.711029 5.711029
15723 38.443801 -26.868422 73.131578
7219 82.855127 -17.144873 32.361986
6032 51.633746 -20.555193 20.555193
6030 51.321922 -20.090414 20.090414
4670 33.447728 -14.336629 14.336629
4669 34.027308 -14.672773 14.672773
16590 39.983408 -24.468436 75.531564
11710 39.957792 -24.715820 75.284180
10149 40.183966 -25.432228 74.567772
10151 39.925870 -25.294568 74.705432
15529 39.888189 -25.581499 74.418501
12166 57.090886 -35.549265 64.450735
7543 57.604545 -35.301304 64.698696
15645 61.637982 -11.861581 88.138419
11918 61.286483 -11.597051 88.402949
5476 61.073081 -12.083729 87.916271
12779 64.787437 -9.375560 9.375560
8345 65.633120 -8.758709 8.758709
19043 58.450940 -10.360295 89.639705
10073 57.730569 -10.574145 89.425855
18991 58.217807 -10.901350 89.098650
12828 78.100937 -18.165177 81.834823
17761 100.000000 0.000000 47.826087
17787 99.417940 0.582060 46.645862
15774 99.357113 -0.642887 80.618004
16380 100.000000 0.000000 82.608696
9244 99.312814 -0.687186 85.382376
16558 44.210526 -44.210526 44.210526
23769 43.947581 -43.947581 50.196628
23670 43.805027 -43.805027 49.125898
9625 21.986177 -8.304541 8.304541
9624 21.731801 -9.488699 9.488699
6058 61.570916 -21.882392 78.117608
4777 61.867362 -21.439214 78.560786
15563 28.580098 28.580098 44.339891
18344 28.645282 28.645282 44.055666
12983 28.461007 28.461007 44.136546
14891 42.799961 -39.693883 39.693883
9669 34.989916 -25.775013 74.224987
8975 34.789694 -26.078695 73.921305
8976 35.154136 -26.018994 73.981006
17036 53.805990 -16.891041 83.108959
10694 53.149639 -16.728520 83.271480
7513 37.487243 -27.184064 72.815936
15598 80.265867 -13.974859 86.025141
17822 79.837339 -14.378504 85.621496
15596 80.323328 -14.223868 85.776132
5913 51.114689 -26.062148 73.937852
8158 50.540327 -26.058274 73.941726
19309 50.779952 -26.479967 73.520033
2631 82.151116 -17.848884 44.562286
7868 82.246481 -17.753519 45.193798
7065 82.021898 -17.978102 45.289332
5911 38.596815 -26.941644 73.058356
3896 38.793910 -26.973325 73.026675
3608 38.727935 -26.795388 73.204612
11843 55.968437 -1.063234 1.063234
11844 56.838126 -1.550128 1.550128
17715 56.063036 -1.722436 1.722436
8107 20.708651 20.708651 70.335163
8015 19.885480 19.885480 71.881932
3919 78.471301 -17.678928 82.321072
304 78.548849 -17.458045 82.541955
4580 78.288330 -17.668766 82.331234
13844 44.708176 -12.979590 12.979590
7173 35.123353 -9.369779 90.630221
9081 34.177511 -9.402911 90.597089
10101 34.621030 -10.111860 89.888140
14970 42.219867 -16.749461 16.749461
14419 42.258777 -17.349462 17.349462
14971 41.621999 -17.011606 17.011606
15194 12.631579 -12.631579 12.631579
15193 14.221189 -11.814264 11.814264
3210 13.157895 -13.157895 13.157895
14966 84.017318 -15.010268 84.989732
17773 39.438891 39.438891 51.312093
8603 38.786793 -24.777323 75.222677
11854 38.731724 -24.577210 75.422790
10485 38.578781 -24.758546 75.241454
3559 58.217212 -15.902198 84.097802
6315 43.108632 36.616918 63.383082
5574 44.835105 38.511320 61.488680
5573 43.168856 38.638268 61.361732
5648 61.048970 -1.560218 1.560218
5649 61.898008 -1.716729 1.716729
3620 61.208017 -2.116727 2.116727
18760 95.557188 -4.442812 47.575093
13777 95.066762 -4.933238 46.221798
13776 95.583710 -4.416290 44.316705
6725 84.336391 -8.592706 91.407294
6640 84.840642 -8.131090 91.868910
6639 84.057937 -8.387475 91.612525
7654 92.613898 7.386102 87.350538
11961 93.052770 6.947230 89.012987
5908 96.027652 -3.972348 72.239941
5909 95.506263 -4.493737 71.399390
12633 51.971745 -25.737595 74.262405
787 51.520384 -25.673215 74.326785
19307 51.582233 -26.097620 73.902380
19039 99.175849 0.824151 67.078473
16278 98.980720 1.019280 71.521853
14739 47.497645 -33.880787 33.880787
17360 46.999109 -33.635606 33.635606
14744 47.462643 -33.185839 33.185839
11853 74.965856 -1.943654 1.943654
12924 74.588325 -1.425480 1.425480
12925 75.514782 -1.481662 1.481662
2620 96.236759 3.763241 38.711951
3680 57.908221 -13.947688 86.052312
13490 10.594462 -3.681282 3.681282
4894 11.646351 -3.299943 3.299943
5611 7.894737 -7.894737 7.894737
13671 38.612447 -26.697066 73.302934
3607 38.737440 -26.635181 73.364819
13669 38.626134 -26.586613 73.413387
2676 61.678570 -37.066378 37.066378
2644 33.525346 -28.678680 28.678680
2643 33.211876 -28.397300 28.397300
7559 33.591885 -28.341931 28.341931
15016 56.868483 -0.479710 0.479710
9942 57.473299 -1.069886 1.069886
12789 81.470015 -18.529985 28.430246
11895 55.826293 -33.997876 66.002124
7441 56.268036 -33.364535 66.635465
16948 36.365820 -35.027048 35.027048
10152 91.116202 8.883798 75.955902
12773 16.902495 -13.449961 86.550039
18017 16.089940 -14.436816 85.563184
3716 30.064527 30.064527 44.857811
8542 29.608619 29.608619 44.576117
10506 82.512611 -0.735840 99.264160
23344 82.344927 -0.857948 99.142052
10507 82.134417 -0.663668 99.336332
23345 82.163414 -0.788673 99.211327
6345 38.765368 -25.728076 74.271924
988 38.721309 -25.801307 74.198693
6931 38.815132 -25.792487 74.207513
7520 81.101087 -18.898913 21.895066
4472 35.469091 -29.327123 29.327123
16187 22.277939 4.809567 95.190433
17712 23.867169 8.679114 91.320886
16020 22.566220 7.943230 92.056770
15791 49.484226 -25.311338 74.688662
15792 49.022906 -25.191488 74.808512
5172 49.008701 -25.705618 74.294382
5687 55.092578 -7.653074 7.653074
1247 54.215347 -8.119514 8.119514
19062 95.413930 4.586070 90.531412
15799 95.031814 4.968186 86.565841
15798 94.886627 5.113373 91.243883
11305 20.362910 -15.340757 15.340757
11396 19.951625 -16.534111 16.534111
9722 19.096295 -16.007772 16.007772
13374 31.566325 31.566325 38.083730
13311 32.350395 32.350395 39.154473
10629 70.404702 -12.680754 87.319246
13803 70.299170 -13.129498 86.870502
10630 70.942149 -12.771570 87.228430
7396 62.991532 -28.606128 71.393872
7395 63.501972 -28.729841 71.270159
2348 63.713537 -27.980703 72.019297
10 79.161582 -18.010870 81.989130
14382 78.933696 -18.302067 81.697933
23861 79.195458 -18.168408 81.831592
18335 69.754018 -30.245982 44.379776
10088 70.141029 -29.858971 45.326187
13210 69.241426 -17.346791 82.653209
2608 68.771134 -17.400290 82.599710
3288 88.403758 -3.684440 96.315560
12521 49.402840 -35.937246 64.062754
6485 48.948553 -36.259614 63.740386
6127 49.456192 -36.520145 63.479855
15616 73.775901 -24.762444 75.237556
3611 29.314636 -18.364948 18.364948
3610 29.246115 -19.188939 19.188939
13489 84.756479 -15.243521 66.342380
4108 85.448303 -14.551697 65.185699
7205 85.232421 -14.767579 68.299485
13119 52.128128 -35.223789 64.776211
19075 52.381177 -34.687367 65.312633
6993 51.909656 -34.771030 65.228970
13792 97.220759 -2.779241 61.445500
7839 96.638490 -3.361510 62.716991
7699 1.190476 1.190476 1.190476
12571 0.000000 0.000000 0.000000
13515 47.119409 -20.320448 79.679552
12808 47.118796 -20.807547 79.192453
1174 81.387720 -9.840070 9.840070
6128 70.568672 -21.390419 21.390419
6129 69.744555 -21.685766 21.685766
1337 87.435601 -12.564399 35.109746
17493 87.376669 -12.623331 32.963436
8799 87.894149 -12.105851 33.412117
5502 40.012589 -39.401656 39.401656
10355 40.612262 -39.443595 39.443595
9524 49.363034 -39.665060 39.665060
6036 49.222113 -40.547760 40.547760
16114 48.831656 -39.955266 39.955266
973 34.075050 -4.579122 4.579122
7872 89.778788 -7.687926 92.312074
7871 90.758174 -7.285548 92.714452
9579 90.431786 -7.087322 92.912678
18967 36.577329 -17.437601 17.437601
6050 37.372926 -17.519175 17.519175
13116 75.064144 -18.646221 81.353779
9397 74.855216 -19.113543 80.886457
755 2.417599 2.417599 39.018485
12057 62.105219 -25.403471 74.596529
17543 62.645969 -25.033148 74.966852
4279 35.951544 -28.375819 28.375819
9726 35.954462 -28.575699 28.575699
9217 35.762132 -28.451600 28.451600
6799 66.168640 -19.009243 80.990757
17117 66.556332 -18.497636 81.502364
16282 65.912500 -18.691109 81.308891
7164 78.494779 -16.713800 83.286200
7162 78.411887 -16.656962 83.343038
7163 78.273152 -16.832901 83.167099
15830 41.697846 -36.342105 36.342105
16466 30.405188 11.392215 11.392215
6208 31.417501 14.344733 14.344733
3436 72.777186 -4.257813 4.257813
10246 72.064595 -4.707269 4.707269
66 71.916529 -4.094559 4.094559
15904 49.183988 -18.243662 18.243662
3841 48.542771 -18.552032 18.552032
13667 48.654917 -17.974855 17.974855
13076 43.760766 40.828348 59.171652
169 45.506700 40.756918 59.243082
15760 45.319587 42.318915 57.681085
887 61.200437 -19.956999 19.956999
6401 61.332495 -19.235048 19.235048
6403 61.894067 -19.801561 19.801561
12776 27.845101 -24.437653 24.437653
6262 28.365092 -25.001077 25.001077
18541 85.512980 -2.876107 97.123893
10414 86.434677 -2.518034 97.481966
17139 85.776402 -2.472015 97.527985
15151 76.007670 -4.732897 95.267103
11018 76.692011 -4.912990 95.087010
14938 76.930378 -4.419469 95.580531
17236 34.605776 -25.721493 74.278507
23161 34.477671 -25.405784 74.594216
8207 34.092117 -25.655726 74.344274
15061 34.891487 -25.262074 74.737926
18410 16.125231 16.125231 17.323817
9886 57.598859 33.677708 66.322292
9996 86.314413 13.685587 57.067639
4303 86.587767 13.412233 60.806561
3030 60.869295 -8.499986 91.500014
5278 60.110173 -8.837930 91.162070
9477 48.775095 30.702404 30.702404
6266 47.171772 30.092007 30.092007
7515 82.882028 -1.340605 98.659395
5158 82.866461 -1.414240 98.585760
5157 83.032329 -1.352163 98.647837
13423 39.560762 -19.195388 19.195388
11566 77.500533 -20.068719 79.931281
9099 77.600186 -20.391064 79.608936
8422 62.195469 -34.045805 65.954195
1795 57.266782 -9.148119 9.148119
5124 57.931176 -9.541967 9.541967
23521 78.733124 9.232764 90.767236
5564 43.604807 -24.987757 24.987757
5563 44.066260 -24.435744 24.435744
15321 66.439418 -5.067434 94.932566
12599 66.417726 -4.548556 95.451444
17283 65.634374 -4.929902 95.070098
7151 76.238758 -7.375696 92.624304
7594 81.971276 -18.028724 37.154065
18221 82.241845 -17.758155 35.558328
13460 57.747906 -19.356224 19.356224
2847 57.075279 -19.579274 19.579274
13361 31.653682 -30.983454 30.983454
7906 31.578947 -31.578947 31.578947
6306 89.497935 -9.541408 90.458592
12412 89.886918 -9.638333 90.361667
6307 90.501168 -9.004504 90.995496
18544 38.008598 38.008598 41.257723
16609 38.717405 38.717405 42.129422
8702 38.963612 38.963612 41.275786
11189 83.709254 -1.494694 98.505306
2159 83.914450 -1.376790 98.623210
15440 83.564613 -1.416780 98.583220
8963 26.464965 -14.763333 85.236667
8962 27.119354 -15.304809 84.695191
4219 27.441983 -14.393833 85.606167
18677 23.807939 -1.265089 1.265089
2301 0.000000 0.000000 54.545455
17525 62.435308 -20.787139 79.212861
16100 62.433894 -20.314726 79.685274
1275 70.254473 -29.745527 48.901571
4342 70.842514 -29.157486 47.589166
13317 70.842311 -29.157689 49.397079
16219 31.294922 -18.275257 81.724743
10926 31.236812 -17.489479 82.510521
6366 23.045621 -19.967164 80.032836
17265 22.765093 -20.600515 79.399485
2411 23.623484 -20.315495 79.684505
15565 28.484896 28.484896 49.942029
18207 28.038421 28.038421 50.072176
18208 28.304760 28.304760 50.469982
15137 63.131374 -15.109346 15.109346
23668 42.617032 -42.617032 49.633631
23667 42.365015 -42.365015 49.947486
13737 62.107239 -6.830057 6.830057
15734 62.957019 -6.387061 6.387061
640 62.985150 -7.122255 7.122255
11352 41.895145 -31.254191 68.745809
9743 94.753917 -5.246083 66.531100
4167 95.380885 -4.619115 67.640509
17578 78.001805 -18.691083 81.308917
12659 78.293585 -18.295512 81.704488
9156 19.383106 19.383106 41.610950
9155 19.808651 19.808651 42.778329
4238 20.077786 20.077786 41.245264
11381 80.703096 -19.296904 47.985044
10113 43.867030 -24.208870 75.791130
4855 43.955959 -24.545207 75.454793
13544 53.172948 -46.827052 51.734992
14078 52.559848 -47.440152 51.223411
14960 47.112814 26.338734 26.338734
17243 45.801908 25.670814 25.670814
9919 47.813936 28.230446 28.230446
12190 61.805556 -38.194444 38.194444
10613 62.442250 -37.557750 38.941031
18937 42.378881 -22.651319 77.348681
2459 42.277457 -23.044126 76.955874
17112 70.969295 -26.100480 73.899520
12660 70.853684 -26.689051 73.310949
19163 76.113961 -23.886039 38.120762
9945 48.521886 -14.042929 14.042929
7070 48.694379 -14.673399 14.673399
5899 20.732890 -17.037430 17.037430
5900 21.201332 -15.905077 15.905077
11531 58.433801 -22.417983 77.582017
13637 58.456053 -21.963147 78.036853
11532 57.979577 -22.317937 77.682063
13494 1.052632 -1.052632 98.947368
23669 1.078783 -0.391758 99.608242
13495 0.934579 0.000000 100.000000
15868 19.073645 19.073645 42.685096
3561 18.317017 18.317017 42.461472
15867 18.730437 18.730437 44.003679
11136 28.787220 -25.726035 25.726035
23000 29.357166 -25.628277 25.628277
22997 29.473262 -25.902441 25.902441
8065 62.865463 -13.563111 13.563111
6159 63.664919 -13.113677 13.113677
13798 48.468019 -36.003231 36.003231
3744 48.941879 -35.832403 35.832403
730 48.791071 -36.477672 36.477672
16747 52.030674 -14.661672 14.661672
12921 51.663054 -45.557521 54.442479
8905 52.503303 -45.063758 54.936242
1850 32.631579 -32.631579 32.631579
13139 32.105263 -32.105263 32.105263
2474 78.851606 -6.286298 6.286298
898 30.904826 -8.422653 91.577347
3459 31.614972 -7.938173 92.061827
16388 30.947105 -7.516861 92.483139
1001 77.000000 23.000000 77.000000
15717 77.030158 22.969842 70.565234
11342 76.470187 23.529813 71.474581
943 35.800779 -23.322904 76.677096
9177 36.108177 -23.528358 76.471642
14301 46.387333 -24.821873 75.178127
3641 52.602569 -21.004837 78.995163
8830 52.846954 -20.531350 79.468650
18177 23.275884 23.275884 54.330128
8705 48.986639 -18.331917 81.668083
14513 48.834237 -17.812399 82.187601
1653 68.450787 -3.282497 96.717503
2097 69.610463 -5.905292 94.094708
11793 69.900828 -6.345579 93.654421
2095 70.558937 -5.815043 94.184957
13945 46.652400 -30.129128 69.870872
12210 46.244831 -29.993202 70.006798
15119 69.894090 -14.914619 85.085381
18734 64.488271 -7.641891 92.358109
4765 65.341940 -7.489760 92.510240
16212 64.759297 -7.154902 92.845098
14261 70.280021 -25.173936 25.173936
11186 69.446831 -25.758749 25.758749
6280 55.270941 -5.689617 5.689617
6281 55.004872 -4.835047 4.835047
11348 17.124259 -11.797212 88.202788
14556 64.211736 22.656192 22.656192
14711 58.059945 13.481446 13.481446
14269 91.911098 -8.088902 59.620945
16664 91.329697 -8.670303 59.221356
9798 51.054706 -21.742689 78.257311
17245 65.084961 19.335185 19.335185
16113 58.665994 10.525971 10.525971
17246 57.344949 10.004925 10.004925
18646 80.756005 -7.874354 92.125646
6686 79.989935 -8.049097 91.950903
16681 80.167443 -8.341985 91.658015
8313 74.639020 -23.472461 76.527539
8311 74.196972 -23.367910 76.632090
2717 37.940184 -16.789252 83.210748
1566 37.150700 -16.688898 83.311102
1565 37.364517 -17.362505 82.637495
421 73.478740 -26.521260 59.912750
7468 72.875888 -27.124112 59.499530
7469 73.386031 -26.613969 58.246389
12686 33.718340 -27.517906 27.517906
12685 33.901393 -27.751572 27.751572
15172 33.583659 -27.750280 27.750280
8271 18.963214 18.963214 68.715759
4285 19.486563 19.486563 69.724693
2035 19.934593 19.934593 67.890406
1820 38.008822 -25.548017 74.451983
4002 38.139283 -25.622656 74.377344
4001 38.165381 -25.480886 74.519114
2759 63.801569 -1.788561 98.211439
15995 63.060349 -2.156424 97.843576
15996 63.753592 -2.247770 97.752230
5599 30.281419 30.281419 43.038599
17382 64.414837 -11.107444 88.892556
17584 64.610546 -10.724711 89.275289
14411 64.000236 -10.955344 89.044656
5760 76.635366 -17.791408 82.208592
5758 77.003219 -17.324722 82.675278
5759 76.411720 -17.619123 82.380877
15917 48.271611 -30.400753 69.599247
5091 85.892635 14.107365 19.618231
18820 85.382814 14.617186 20.575830
8340 71.054328 -3.160088 3.160088
68 70.958922 -3.919525 3.919525
971 70.184626 -3.492452 3.492452
5867 54.140284 31.133355 68.866645
3906 53.962637 29.445323 70.554677
13364 39.503733 -16.298649 16.298649
14759 40.165986 -16.842408 16.842408
16559 39.284611 -17.149997 17.149997
5397 50.332263 -27.353281 72.646719
11858 50.549657 -26.910336 73.089664
467 50.089021 -27.034094 72.965906
15670 56.693361 43.306639 46.244073
10847 56.133609 43.866391 48.594869
7878 53.317566 -12.507412 12.507412
8210 52.365133 -12.409507 12.409507
11840 53.036688 -11.631101 11.631101
5120 95.497907 -4.502093 39.020215
9715 64.711300 -8.269974 91.730026
9717 64.262507 -8.075040 91.924960
11719 64.144300 -8.446572 91.553428
13558 79.741762 -20.258238 47.600213
700 79.912834 -20.087166 48.577103
7262 69.946662 -30.053338 35.263513
14592 69.904517 -30.095483 33.791375
11820 70.526747 -29.473253 33.916745
5274 39.049874 39.049874 58.817051
2469 38.770598 38.770598 57.765466
2737 37.450530 37.450530 59.351837
9727 36.116824 -28.681388 28.681388
18542 36.145205 -28.519853 28.519853
16971 36.299515 -28.686016 28.686016
4629 79.499498 -16.158875 83.841125
6797 79.322144 -16.331774 83.668226
10632 77.546474 22.453526 40.249880
23522 80.382585 7.001791 92.998209
13624 74.766355 0.000000 100.000000
13512 42.665352 -24.335267 75.664733
9208 42.224501 -24.369138 75.630862
8044 42.449905 -24.650302 75.349698
1344 48.984092 -1.111629 98.888371
4336 43.684211 -43.684211 43.684211
3944 28.141855 28.141855 49.440490
3943 27.655244 27.655244 49.672204
1475 47.973055 -25.289098 25.289098
8304 48.481984 -25.700767 25.700767
1473 47.868990 -25.955125 25.955125
16793 57.240798 -42.150705 42.150705
13972 54.224004 -22.561615 77.438385
1043 54.369081 -22.103532 77.896468
12487 53.853910 -22.334795 77.665205
10582 77.712696 -6.065782 93.934218
486 78.427175 -5.572036 94.427964
14264 77.625958 -5.708678 94.291322
1602 9.011078 9.011078 83.523297
3110 8.241412 8.241412 88.028403
3109 9.535113 9.535113 85.579565
11490 41.307304 -8.348213 91.651787
16777 41.946315 -7.623891 92.376109
1383 41.074473 -7.509732 92.490268
3091 45.689147 -42.289907 42.289907
6784 46.160650 -41.968350 41.968350
6783 46.200678 -42.881777 42.881777
10619 45.228524 -40.943953 40.943953
14198 51.225102 -26.465439 73.534561
12518 47.825887 -45.466089 45.466089
13763 48.174329 -44.780293 44.780293
12583 47.956250 -43.805625 43.805625
3131 73.075057 -10.596440 89.403560
3133 72.810513 -11.032145 88.967855
2153 53.330181 -44.495951 55.504049
2155 52.758514 -43.972158 56.027842
10390 93.203861 6.796139 46.227382
10388 93.663565 6.336435 39.889630
18365 33.308345 -31.332811 31.332811
3328 32.807735 -19.047771 19.047771
14553 87.133119 -12.866881 19.742883
14555 86.550965 -13.449035 21.414810
10025 54.304354 -25.948495 74.051505
10024 54.465550 -26.320087 73.679913
13092 54.868833 -25.819776 74.180224
9451 63.802518 -20.667612 20.667612
15183 63.006190 -20.509689 20.509689
114 63.721187 -19.908584 19.908584
10256 31.231326 -19.850402 80.149598
16961 30.608247 -20.595503 79.404497
10238 31.574468 -20.631363 79.368637
15695 46.961532 -21.528719 78.471281
12806 47.168794 -21.177384 78.822616
10077 46.738175 -21.177224 78.822776
118 59.363958 -1.559064 98.440936
1081 58.523935 -1.648235 98.351765
1080 59.044349 -1.961984 98.038016
7179 78.751100 -21.248900 25.180160
7180 78.157515 -21.842485 25.419340
7181 78.632962 -21.367038 23.874747
8977 54.469659 -43.760758 43.760758
19237 40.929307 -29.372338 70.627662
14933 51.816665 -32.754792 32.754792
4673 51.621297 -32.180219 32.180219
9499 52.153858 -32.210894 32.210894
3324 39.546138 -36.115342 36.115342
16616 39.211331 -36.477473 36.477473
3925 38.995073 -35.851916 35.851916
12105 77.915305 -22.084695 42.049283
2579 78.429481 -21.570519 42.451379
14585 80.463387 -19.536613 48.437013
7640 80.539913 -19.460087 47.518675
4884 55.558989 -3.720569 96.279431
10814 84.826681 -1.399891 1.399891
13004 84.713306 -1.539646 1.539646
191 62.236678 -2.076253 97.923747
1127 61.438301 -2.013777 97.986223
189 61.695961 -2.429480 97.570520
731 49.128495 -36.989561 36.989561
3743 49.283460 -36.300739 36.300739
4291 39.921243 -16.513421 83.486579
18803 40.096156 -17.107980 82.892020
4289 40.596425 -16.600811 83.399189
7984 45.308102 -39.299612 60.700388
3810 44.461125 -39.906915 60.093085
16398 25.366967 -21.421486 78.578514
13270 26.153527 -20.861291 79.138709
7202 55.271546 -22.403345 22.403345
7201 55.158149 -23.024834 23.024834
11216 54.616760 -22.800918 22.800918
7160 79.857489 -20.142511 52.206631
6607 79.923324 -20.076676 52.966136
4083 79.593857 -20.406143 53.211788
18661 46.806083 -22.511377 22.511377
3314 46.807190 -23.222735 23.222735
5232 46.238696 -22.848510 22.848510
4517 80.368538 -11.315180 11.315180
4518 81.139255 -10.604077 10.604077
4519 81.223828 -11.295257 11.295257
14125 86.363636 -13.636364 86.363636
13865 85.714286 -14.285714 85.714286
6182 86.173176 -13.826824 84.055795
5535 33.780556 -26.859188 73.140812
18087 42.795312 -22.504100 77.495900
13316 62.835884 -34.689557 34.689557
10831 62.363483 -34.389403 34.389403
19081 82.156046 -17.843954 52.988264
18124 82.244925 -17.755075 51.838712
2648 85.427911 -7.652057 92.347943
5615 20.302890 20.302890 54.580085
17692 20.516312 20.516312 53.044820
18151 82.479186 -3.986470 96.013530
15346 38.867454 -25.873406 74.126594
18060 27.975009 27.975009 45.706584
15881 28.169499 28.169499 45.665715
4080 35.822239 -33.044427 66.955573
4079 35.217269 -32.793240 67.206760
4179 35.314920 -33.518865 66.481135
5187 48.240525 -43.068038 43.068038
5186 48.512944 -42.314760 42.314760
117 59.787065 -1.068284 98.931716
5598 87.993195 -12.006805 61.741781
8171 87.454725 -12.545275 60.211227
5822 88.173540 -11.826460 58.121680
8309 54.151662 -30.329575 69.670425
19049 54.626583 -29.962409 70.037591
10612 54.239722 -29.804143 70.195857
14589 54.712253 -29.475977 70.524023
2691 57.496029 -15.907085 84.092915
3560 57.640440 -16.365364 83.634636
14957 77.621604 -22.378396 28.108402
9992 77.159021 -22.840979 29.809343
10123 76.920308 -23.079692 28.695411
2420 58.999613 -24.098798 75.901202
2418 58.667824 -23.920910 76.079090
2419 58.504139 -24.417672 75.582328
3178 79.000000 21.000000 79.000000
4341 78.500000 21.500000 78.500000
6073 70.527506 10.718733 89.281267
9243 98.739394 -1.260606 83.070910
2756 75.867677 -24.132323 49.074710
2757 75.539486 -24.460514 48.016156
4691 50.854355 -12.898604 12.898604
11957 50.084280 -13.147182 13.147182
17749 42.282840 -25.752390 74.247610
17748 41.942572 -25.952338 74.047662
19361 42.254816 -26.113507 73.886493
8635 41.902141 -26.303753 73.696247
7270 37.619151 -31.154992 31.154992
7533 37.763497 -31.462106 31.462106
18559 37.456190 -31.343346 31.343346
17411 42.700371 -31.907898 31.907898
13680 46.921124 -27.566516 72.433484
13728 47.117791 -27.937934 72.062066
2392 47.360189 -27.518740 72.481260
6443 78.793985 -10.823566 89.176434
9602 79.413369 -10.567087 89.432913
11596 77.139229 -0.857612 0.857612
14111 76.168798 -1.009141 1.009141
9847 76.516865 -0.459751 0.459751
6912 90.450401 -0.611284 0.611284
16421 91.412130 -0.601657 0.601657
7456 90.573923 -1.025573 1.025573
6057 33.652390 33.652390 43.650725
14023 49.268968 -29.796913 70.203087
11034 49.575277 -26.228597 73.771403
5171 49.531957 -25.777630 74.222370
5173 49.140568 -26.139822 73.860178
5682 83.787283 -12.416579 87.583421
5681 83.672288 -12.210069 87.789931
3418 83.242007 -12.629994 87.370006
4953 65.787546 -24.989732 75.010268
945 65.638802 -24.620196 75.379804
944 65.204680 -25.156519 74.843481
4738 86.272698 -12.451701 87.548299
18047 86.505953 -12.546011 87.453989
4739 86.961567 -12.069991 87.930009
3850 35.185185 0.000000 0.000000
3605 79.758502 -16.545967 83.454033
3150 79.932185 -16.283103 83.716897
3604 79.554543 -16.521253 83.478747
9752 46.329548 -34.369049 65.630951
10762 46.875909 -34.252929 65.747071
1742 40.087680 -29.410403 29.410403
1886 39.938787 -29.746636 29.746636
13646 50.249941 -10.865966 89.134034
18162 70.705842 -7.640014 92.359986
16574 71.403907 -7.552973 92.447027
13146 71.314169 -7.182096 92.817904
8460 61.282821 32.866269 32.866269
8459 58.284120 29.179991 29.179991
6577 58.735403 30.889029 30.889029
6251 96.607525 -3.392475 78.578280
13611 97.235849 -2.764151 78.673386
18342 96.971174 -3.028826 82.068027
3753 35.944943 24.811218 24.811218
17520 36.872835 24.968589 24.968589
1575 35.277157 22.739412 22.739412
3009 37.400395 -27.870302 27.870302
3273 37.537685 -27.633539 27.633539
13434 37.687541 -27.912174 27.912174
14512 67.738298 -12.183698 87.816302
11392 67.022857 -12.434693 87.565307
18552 28.016508 -25.111381 74.888619
18593 27.360263 -25.518733 74.481267
19096 28.171691 -25.717279 74.282721
14300 51.830769 -15.454684 15.454684
17523 52.512542 -15.088441 15.088441
8333 52.703295 -15.714134 15.714134
5576 56.007652 -43.992348 51.977620
17221 56.629552 -43.370448 53.166630
5577 55.900917 -44.099083 54.075225
7471 27.818155 21.652331 78.347669
15626 29.329299 24.409362 75.590638
8711 97.459013 2.540987 23.452884
8712 96.960750 3.039250 24.681181
8713 97.345096 2.654904 28.320717
12265 73.422618 -9.340791 90.659209
695 72.596692 -9.855508 90.144492
12871 73.514797 -9.781754 90.218246
6391 26.773430 -23.047875 23.047875
8978 54.665274 -44.505170 44.505170
7644 55.183884 -43.291848 43.291848
12699 85.807478 -1.937360 98.062640
18707 85.300969 -2.316175 97.683825
1984 86.189163 -2.098219 97.901781
12032 36.229288 -32.446191 67.553809
6024 36.330383 -31.730266 68.269734
13560 99.461365 -0.538635 62.169034
10959 100.000000 0.000000 65.217391
10960 99.400143 -0.599857 66.744529
15812 38.527632 -26.204167 73.795833
2355 38.569863 -26.117771 73.882229
16312 38.481865 -26.146174 73.853826
19031 85.722640 -14.277360 43.166113
6134 85.480519 -14.519481 42.347839
2510 85.988008 -14.011992 41.446281
15570 67.606163 -5.552020 5.552020
878 67.855561 -4.634731 4.634731
880 68.786864 -5.275198 5.275198
17552 59.300822 -36.579319 63.420681
16191 59.513073 -35.964975 64.035025
256 58.974931 -36.268209 63.731791
18385 44.205953 -21.342184 21.342184
7086 22.342573 19.664412 80.335588
9410 23.716043 21.155408 78.844592
8502 23.170732 23.170732 76.829268
6599 32.216914 -27.361808 27.361808
13244 31.734341 -26.954757 26.954757
1252 32.312562 -26.899546 26.899546
16719 88.759515 11.240485 59.555078
16720 88.852360 11.147640 64.343523
16718 89.188527 10.811473 59.768772
11868 21.683706 -6.276210 6.276210
1341 54.163720 -20.727041 79.272959
1343 53.939297 -21.104064 78.895936
17042 54.452669 -20.940206 79.059794
1511 43.653198 -14.353913 85.646087
8624 44.112335 -14.813053 85.186947
6888 44.427321 -14.165464 85.834536
14997 85.667674 -11.835889 11.835889
11502 84.922874 -12.230988 12.230988
11948 36.314813 -29.256553 29.256553
11950 36.175303 -29.317013 29.317013
17433 59.726939 -23.144016 76.855984
13875 59.227548 -23.599965 76.400035
17524 59.773386 -23.572540 76.427460
233 45.203125 -1.767803 98.232197
16885 44.988986 -2.490327 97.509673
10904 72.551662 -9.452226 9.452226
12119 73.407252 -9.583235 9.583235
12118 72.624534 -10.111820 10.111820
15098 19.637662 19.637662 53.494118
5013 19.531251 19.531251 55.424428
18624 36.371793 -29.624303 70.375697
10772 36.772873 -29.984782 70.015218
11847 36.957431 -29.473406 70.526594
399 79.459283 -7.097616 7.097616
3012 43.976508 -26.983108 73.016892
17546 43.758541 -26.704419 73.295581
17108 87.178119 -2.926005 97.073995
12510 35.044396 -27.975777 27.975777
12664 35.097376 -27.800265 27.800265
9148 22.254985 22.254985 49.444405
7950 22.194673 22.194673 50.675150
7949 22.716641 22.716641 50.092648
3751 53.138316 -27.329607 27.329607
1362 52.607025 -27.531601 27.531601
18291 52.689419 -26.938162 26.938162
8948 99.435680 -0.564320 11.289983
8947 100.000000 0.000000 4.347826
12232 100.000000 0.000000 8.695652
373 62.225790 -25.073139 25.073139
11897 61.746420 -24.530731 24.530731
371 62.642352 -24.172234 24.172234
10638 58.716281 -33.534435 33.534435
8046 58.386052 -32.906876 32.906876
10636 59.194621 -32.784890 32.784890
19170 24.837560 16.287970 16.287970
977 24.882255 18.648341 18.648341
19179 26.349484 20.054961 20.054961
19311 84.686217 -2.795238 97.204762
13486 83.652296 -2.883650 97.116350
5859 70.812842 -27.415404 27.415404
4294 70.370878 -27.002381 27.002381
4293 71.161951 -26.597102 26.597102
1375 81.282543 -18.717457 54.534230
4448 39.152022 -25.772870 74.227130
19266 39.135882 -25.967445 74.032555
6902 51.078676 -24.683903 24.683903
1669 50.797936 -24.056736 24.056736
1668 51.566715 -24.276911 24.276911
4061 40.802298 -8.252976 8.252976
4062 39.926739 -8.527228 8.527228
3568 63.135592 -4.039155 95.960845
11511 63.815840 -3.799626 96.200374
16467 90.790315 -9.209685 32.478154
17322 74.894322 -12.997072 87.002928
14921 74.282023 -12.965987 87.034013
15485 74.198023 -13.446269 86.553731
11056 29.801862 29.801862 48.637633
15777 30.506752 30.506752 48.654653
8629 30.161674 30.161674 47.914571
5005 39.332512 -26.142727 73.857273
19267 39.229651 -26.046452 73.953548
5006 39.183388 -26.168738 73.831262
4561 37.149403 -5.874282 94.125718
16608 38.250464 38.250464 42.913342
16610 37.573211 37.573211 41.840066
15617 90.790258 9.209742 31.815723
6494 60.401920 -34.777088 34.777088
10116 60.810085 -35.212081 35.212081
11696 74.477149 25.522851 27.263528
417 75.000000 25.000000 25.000000
23090 74.444444 25.555556 25.555556
11697 73.888889 26.111111 26.111111
23589 63.351311 12.529478 12.529478
2002 52.777778 47.222222 47.222222
13176 68.293964 -28.789659 71.210341
1132 68.100902 -29.482290 70.517710
17370 39.391564 -27.939153 27.939153
18483 45.480344 -17.639509 82.360491
15679 45.340126 -18.177805 81.822195
8330 65.244700 -13.971023 86.028977
17942 38.386237 -26.412415 73.587585
17732 53.986688 -27.027372 72.972628
17731 53.720136 -27.453010 72.546990
18223 54.206161 -27.341110 72.658890
1893 80.908646 -11.835671 88.164329
10386 81.399224 -11.339870 88.660130
1894 80.827612 -11.563298 88.436702
11512 64.550074 -3.827925 96.172075
9888 64.713395 -4.307437 95.692563
1830 65.437985 -3.899595 96.100405
3043 50.423176 -43.706028 56.293972
17009 51.050259 -42.813349 57.186651
10212 50.183133 -42.693856 57.306144
10563 8.820066 8.820066 77.682154
14384 8.365052 8.365052 81.880298
1604 9.705277 9.705277 78.861735
4009 42.369130 -27.869760 27.869760
13088 72.948954 27.051046 41.800080
13821 49.106792 20.435011 79.564989
1073 47.095357 15.852526 84.147474
14629 53.653147 25.577122 74.422878
8710 99.099768 0.900232 63.743654
18236 99.555137 0.444863 64.245350
13148 72.116507 -6.693826 93.306174
14491 71.131983 -6.736287 93.263713
16343 73.913126 -19.833155 80.166845
7665 73.854414 -20.236621 79.763379
692 35.440314 -26.578664 73.421336
690 35.520066 -26.149332 73.850668
691 35.085513 -26.348651 73.651349
6193 70.543951 -18.714786 81.285214
6191 70.219112 -19.236360 80.763640
6192 70.838430 -18.939086 81.060914
7212 61.161160 -25.541041 74.458959
13165 30.113655 -8.560379 8.560379
16479 31.140382 -8.727043 8.727043
15556 2.984041 2.984041 29.113261
2902 39.826032 -28.832460 71.167540
2900 39.983576 -28.400325 71.599675
2901 39.528208 -28.491256 71.508744
18794 39.743271 -8.423808 91.576192
9496 39.342594 -8.977934 91.022066
18795 40.318419 -8.918371 91.081629
14536 35.896976 -25.174110 25.174110
4162 35.364333 -25.136209 25.136209
4161 35.750357 -24.778109 24.778109
15439 68.213563 -19.402809 80.597191
15142 68.668081 -19.009139 80.990861
3292 41.340975 -6.381207 6.381207
6833 49.031961 -45.854790 45.854790
5350 94.516526 -5.483474 74.547184
15046 95.125011 -4.874989 74.209058
16841 36.347101 -25.895942 25.895942
16097 33.330559 -26.924299 26.924299
14403 33.737856 -27.010464 27.010464
17847 33.535652 -27.241906 27.241906
1217 85.121129 -0.666205 99.333795
18198 84.920029 -15.079971 47.861334
10229 85.222689 -14.777311 46.170728
263 85.304639 -14.695361 48.060778
4461 16.772771 16.772771 57.059245
19200 50.511749 38.597813 61.402187
18881 51.506299 40.380003 59.619997
16642 50.010003 39.234989 60.765011
19002 95.688103 4.311897 48.689732
14700 95.406701 4.593299 53.784471
12039 52.026741 -29.111468 29.111468
14470 52.607136 -29.229643 29.229643
17071 52.159325 -29.756702 29.756702
14396 49.340347 -21.946699 21.946699
6530 62.591230 -1.211591 1.211591
13948 61.805840 -1.177191 1.177191
8454 62.304178 -0.629981 0.629981
7591 97.044957 -2.955043 64.702652
15958 36.498662 22.777423 22.777423
4473 35.508023 -29.545922 29.545922
4476 57.065874 -42.157769 57.842231
2098 56.905999 -41.347695 58.652305
2100 56.388392 -42.511445 57.488555
677 76.249282 -16.738946 83.261054
11077 37.893744 -24.679839 75.320161
9816 38.000345 -24.562531 75.437469
18678 37.327406 -35.025036 35.025036
10376 36.716389 -34.693787 34.693787
17323 37.082642 -34.388462 34.388462
6411 46.702338 -31.123039 31.123039
6410 46.374267 -30.669570 30.669570
19095 13.218414 13.218414 22.888196
19219 12.061106 12.061106 20.119235
3067 82.837156 -17.162844 43.262901
14678 82.667334 -17.332666 44.197848
18012 82.556046 -17.443954 43.470229
2535 86.915888 0.000000 100.000000
4328 87.850467 0.000000 100.000000
23523 90.156423 3.628823 96.371177
942 35.398307 -23.057871 76.942129
941 35.939133 -22.940827 77.059173
10945 20.214205 -10.183685 10.183685
7008 20.941460 -10.875237 10.875237
11311 63.161694 -26.077650 26.077650
18749 63.525781 -26.489468 26.489468
4902 62.879357 -26.793682 26.793682
7690 73.494188 26.505812 52.142314
7040 74.007473 25.992527 55.294156
5044 69.053481 -9.066926 90.933074
7530 69.603154 -9.191146 90.808854
7529 69.831179 -8.748064 91.251936
9507 37.398676 -31.902985 68.097015
9509 37.991888 -31.693359 68.306641
12886 37.527846 -31.281237 68.718763
13230 45.326539 -26.964354 73.035646
3495 45.628365 -27.221931 72.778069
14779 74.448259 -24.099455 75.900545
14780 74.342508 -24.687837 75.312163
5702 91.149312 -8.850688 23.685432
2977 91.020716 -8.979284 21.212000
15853 68.013770 -4.864162 95.135838
18499 68.750604 -5.017818 94.982182
16977 68.814241 -4.537854 95.462146
23101 56.481481 0.000000 0.000000
23102 55.555556 0.000000 0.000000
23635 63.645194 9.428267 9.428267
10571 58.537927 -0.420613 0.420613
23091 57.407407 0.000000 0.000000
23092 58.333333 0.000000 0.000000
7305 43.216970 -31.884750 68.115250
14414 43.602826 -31.482378 68.517622
5507 43.181841 -31.430294 68.569706
6311 38.350166 -25.780303 74.219697
6309 38.249653 -25.702160 74.297840
12818 57.491295 -26.653702 26.653702
12819 58.062413 -26.931407 26.931407
3139 71.763576 -27.367301 72.632699
17437 49.386422 -1.755265 1.755265
7372 49.319407 -0.987281 0.987281
13786 50.082991 -1.543063 1.543063
12041 85.152703 -2.073256 2.073256
6043 44.677462 -9.702311 9.702311
15638 45.251065 -10.491124 10.491124
313 50.856928 -24.437570 75.562430
311 50.502377 -24.181482 75.818518
15515 51.500000 48.500000 51.500000
13824 50.457138 47.359177 52.640823
13823 52.000000 48.000000 52.000000
6536 40.474461 -30.094324 30.094324
1884 40.157431 -30.014422 30.014422
2817 90.253505 -4.529465 4.529465
10663 89.308697 -4.982338 4.982338
17565 89.572062 -4.370332 4.370332
7509 29.200250 29.200250 41.341262
13260 29.755855 29.755855 41.807775
3488 46.240210 -26.180417 73.819583
15116 32.510374 -28.934248 28.934248
13192 67.747735 -32.252265 34.693579
5434 85.034769 -5.469563 5.469563
5436 83.836523 -5.890779 5.890779
8162 59.733375 -33.859395 66.140605
6020 70.395252 -19.421470 19.421470
9071 69.645163 -19.834675 19.834675
18681 86.606825 13.393175 78.684443
12360 86.406482 13.593518 82.882506
13394 31.493518 31.493518 42.743268
16018 32.138597 32.138597 42.547578
13395 31.502030 31.502030 41.914744
23035 28.077835 28.077835 54.005988
9294 28.011209 28.011209 54.699001
23036 28.097149 28.097149 54.320695
7211 60.648096 -25.540405 74.459595
8554 60.208724 -25.525864 74.474136
8555 60.214860 -25.928793 74.071207
2765 42.825453 -16.893676 16.893676
7416 92.235875 7.764125 85.143099
7707 62.853621 -19.680768 19.680768
6402 62.332930 -19.043071 19.043071
19099 50.000000 0.000000 0.000000
7371 49.074074 0.000000 0.000000
11519 59.823571 -26.302117 73.697883
9750 59.838231 -26.686751 73.313249
6002 60.215872 -26.329381 73.670619
18587 70.943885 -29.056115 37.814650
17195 70.492759 -29.507241 37.255901
18776 71.065933 -28.934067 36.444241
9113 82.792223 -6.516359 6.516359
16361 42.105263 -42.105263 57.894737
23671 41.821949 -41.821949 50.257663
23672 42.099373 -42.099373 50.051287
2088 20.560748 0.000000 100.000000
2086 20.549047 -1.566014 98.433986
2087 21.495327 0.000000 100.000000
19256 51.326747 23.063700 23.063700
18757 48.760619 19.711252 19.711252
13422 39.766811 -18.537779 18.537779
9629 38.890529 -18.840325 18.840325
3042 51.069468 -43.608989 56.391011
10410 61.362080 -3.813316 96.186684
7374 60.786623 -3.643661 96.356339
10409 60.722761 -4.107171 95.892829
792 86.647819 -11.590353 88.409647
12822 85.970397 -11.919028 88.080972
793 86.181393 -12.030616 87.969384
11383 80.649394 -19.350606 48.818164
9330 57.918981 22.308979 77.691021
9331 57.071052 19.699184 80.300816
23346 62.003406 27.542254 72.457746
23347 61.674806 26.157552 73.842448
4594 38.679892 -25.459788 74.540212
2171 44.479471 -4.475411 95.524589
9227 43.528697 -4.796401 95.203599
6605 44.455228 -5.389079 94.610921
7007 20.531192 20.531192 60.539959
13820 21.052171 21.052171 59.339810
69 20.330723 20.330723 59.237804
2041 91.977578 -3.921253 3.921253
2816 91.029363 -4.658667 4.658667
656 26.315789 -26.315789 26.315789
2432 27.256252 -26.306372 26.306372
2434 26.842105 -26.842105 26.842105
11066 15.573820 15.573820 51.633354
11067 16.568735 16.568735 51.752858
11068 16.232356 16.232356 49.773126
12457 40.289841 -28.698903 71.301097
16123 40.705905 -28.470279 71.529721
19269 40.359805 -28.319535 71.680465
13409 43.079383 29.493160 70.506840
11651 44.166202 29.694325 70.305675
10493 74.429988 -12.468920 87.531080
14920 75.016335 -12.522251 87.477749
10397 59.411052 -26.669652 26.669652
14651 80.702513 -19.297487 27.030668
12790 80.835826 -19.164174 28.688982
7218 82.576476 -17.423524 33.851804
10869 34.340556 2.346134 2.346134
11750 28.787958 28.787958 42.133645
8944 39.509949 14.839874 14.839874
8946 37.633302 12.410120 12.410120
9708 38.139852 14.169440 14.169440
14846 93.129784 -0.492752 0.492752
14847 92.592593 0.000000 0.000000
14845 93.518519 0.000000 0.000000
15200 38.063394 -28.984355 28.984355
10603 37.755420 -28.883929 28.883929
17403 44.400783 -18.023663 18.023663
18635 43.816011 -18.565169 18.565169
1608 43.666701 -17.823447 17.823447
10356 65.360451 34.639549 60.635430
14915 84.886850 -12.354125 87.645875
6432 84.800987 -12.639373 87.360627
12821 85.322271 -12.298580 87.701420
3492 64.730643 -35.269357 46.454910
7419 93.077473 6.922527 54.278173
7954 93.748952 6.251048 51.764407
3538 35.581433 -6.454353 93.545647
3778 77.698850 -22.301150 51.540362
8279 77.483896 -22.516104 53.202068
13402 39.285714 39.285714 39.285714
4774 29.759854 29.759854 47.163491
11643 63.418939 -5.635280 94.364720
11731 80.201192 -19.798808 48.993202
9526 49.874065 -40.336305 40.336305
11172 49.957239 -41.414365 41.414365
6037 49.524511 -41.111309 41.111309
2710 40.294817 -26.886284 26.886284
5258 40.515180 -27.346689 27.346689
5260 40.073601 -27.316379 27.316379
8099 42.582967 -23.519335 23.519335
16144 76.885242 -20.362095 79.637905
4345 76.471213 -20.936762 79.063238
9100 77.035148 -20.645715 79.354285
18476 29.552525 -16.160581 16.160581
6955 30.448554 -16.328639 16.328639
7571 46.177061 -26.585667 73.414333
3497 45.747345 -26.788154 73.211846
3496 46.079197 -27.026143 72.973857
17765 38.643080 -23.699277 76.300723
13360 38.716543 -23.439147 76.560853
1519 63.279294 -15.782711 84.217289
1517 62.700396 -15.706669 84.293331
1518 62.689243 -16.186874 83.813126
19027 51.573620 36.507331 63.492669
16847 53.253067 38.246019 61.753981
12975 52.241025 38.152779 61.847221
15643 81.094076 -16.428000 16.428000
13173 81.428750 -15.665199 15.665199
13325 40.008400 -20.536121 79.463879
6016 39.805757 -20.889356 79.110644
8317 40.362343 -20.793081 79.206919
6417 62.959997 -10.578596 89.421404
4477 57.709527 -24.570623 24.570623
2132 57.597122 -25.301268 25.301268
13177 56.915008 -24.991969 24.991969
3725 27.759378 27.759378 44.425050
3724 27.847713 27.847713 44.552820
10784 27.871155 27.871155 44.410698
17497 68.894688 -8.905292 8.905292
17722 22.446035 -21.333483 78.666517
16521 23.321007 -21.064607 78.935393
9896 23.257014 23.257014 67.238875
4538 83.930477 -16.069523 76.195575
7704 85.436913 -6.364803 6.364803
7702 86.222807 -5.978037 5.978037
7703 86.170936 -6.477423 6.477423
14742 37.822836 -26.514129 73.485871
10161 37.631908 -26.564083 73.435917
17664 37.781924 -26.689652 73.310348
3536 34.467294 -27.679812 27.679812
18577 34.537361 -27.438367 27.438367
12702 47.635485 -19.521044 19.521044
7955 46.847749 -19.726051 19.726051
12701 47.088611 -18.985767 18.985767
2116 37.623901 -15.010462 15.010462
2115 37.925455 -15.887339 15.887339
15820 37.015280 -15.638422 15.638422
896 56.525683 -38.074276 61.925724
6161 56.999417 -37.214067 62.785933
8298 33.016892 -23.635262 76.364738
3851 33.851646 -23.684346 76.315654
5298 33.696830 -22.937381 77.062619
8602 33.342694 -24.335930 75.664070
15610 27.717551 -0.640082 0.640082
15609 27.777778 0.000000 0.000000
2274 56.590251 -43.409749 45.163676
1020 55.828780 -44.171220 45.690615
9274 56.250000 -43.750000 43.750000
11635 97.401133 2.598867 80.828764
15481 96.830340 3.169660 82.064314
14240 97.102330 2.897670 86.242805
1794 72.186435 -27.813565 51.329363
18847 71.562964 -28.437036 51.325945
9503 36.127606 -29.668368 29.668368
7525 35.992487 -29.519958 29.519958
9407 77.513953 -18.169050 81.830950
4903 77.160356 -18.208153 81.791847
4905 77.101039 -18.520503 81.479497
15319 67.224446 -5.212044 94.787956
14337 66.453087 -5.571086 94.428914
14635 72.429018 -1.487955 98.512045
14636 72.600108 -0.979946 99.020054
5487 71.781415 -1.306393 98.693607
6863 28.016068 28.016068 40.965868
14157 90.217230 -9.782770 45.249923
10699 90.474665 -9.525335 42.138383
18268 90.880818 -9.119182 43.830477
9096 82.328028 -8.970210 91.029790
3916 81.300292 -9.298971 90.701029
17390 72.469282 -27.530718 50.107660
5981 72.439538 -27.560462 48.888425
16427 72.926159 -27.073841 49.378110
13181 65.493601 -27.620482 72.379518
3385 69.736367 30.263633 66.029762
6478 69.000000 31.000000 69.000000
1836 70.050968 29.949032 68.323115
17284 64.821368 -4.805250 95.194750
18709 64.005625 -4.690664 95.309336
15694 47.455935 -21.409510 78.590490
15179 45.130594 -28.296337 28.296337
8230 36.510723 -28.969400 71.030600
23348 63.594876 28.540775 71.459225
13286 82.611249 -13.015894 13.015894
10621 82.807640 -13.642783 13.642783
17737 82.041699 -13.604174 13.604174
12555 39.486446 -31.609461 31.609461
447 46.696978 -21.788528 21.788528
15210 46.285770 -22.293289 22.293289
13292 2.105263 -2.105263 97.894737
4613 38.848326 -26.546512 73.453488
23840 38.940759 -26.515356 73.484644
10477 35.709528 35.709528 49.667704
1466 34.631520 34.631520 49.955332
8568 10.757384 10.757384 13.541373
16671 9.523810 9.523810 9.523810
16794 80.507701 -7.593861 92.406139
4483 80.016950 -7.403682 92.596318
6687 79.811168 -7.811012 92.188988
6017 87.882544 -4.315215 4.315215
6019 88.780660 -4.195436 4.195436
5223 87.824670 -4.794590 4.794590
9872 81.003802 -18.996198 51.699260
11434 80.747631 -19.252369 51.845927
4381 80.863618 -19.136382 51.107982
8997 50.467290 0.000000 100.000000
12153 64.485981 0.000000 100.000000
15852 68.070656 -4.359674 95.640326
23349 75.540289 -0.688847 99.311153
23405 75.963996 -0.705789 99.294211
45 76.106160 -0.426995 99.573005
319 38.359693 -28.361337 28.361337
11310 37.066027 -23.263465 23.263465
9358 36.353642 -22.792873 22.792873
17591 37.081705 -22.489692 22.489692
7338 37.733438 -22.845960 22.845960
5117 80.169297 -19.830703 33.702305
3272 80.726356 -19.273644 33.485473
5116 80.294317 -19.705683 35.209618
1286 49.253572 -27.434809 72.565191
5184 47.526267 -38.022420 38.022420
4047 47.576829 -37.235442 37.235442
3269 53.106612 -45.731024 54.268976
10038 52.623282 -46.611786 53.388214
12735 97.017313 -0.494787 0.494787
15444 97.222222 0.000000 0.000000
15041 98.148148 0.000000 0.000000
23435 27.601592 27.601592 40.767245
18116 31.690489 -2.524954 97.475046
1827 32.306214 -3.268525 96.731475
14864 32.647641 -2.411346 97.588654
7940 36.784904 -28.142805 28.142805
9335 22.447115 -1.004663 98.995337
9333 21.856223 -2.191384 97.808616
9334 22.987172 -1.594308 98.405692
11055 29.638021 29.638021 47.890120
19259 29.232671 29.232671 48.227059
11207 25.711558 -5.706635 94.293365
11360 24.803526 -5.163450 94.836550
11675 24.650223 -6.500183 93.499817
8083 50.519735 -16.566154 16.566154
4440 49.764682 -16.227006 16.227006
3563 17.954922 17.954922 43.872168
3562 17.530669 17.530669 42.251062
5703 17.171629 17.171629 43.729396
6866 89.166316 10.833684 68.703757
2913 89.668592 10.331408 70.928995
6867 89.437699 10.562301 64.798648
16433 43.456426 -28.270395 28.270395
4010 43.013426 -27.942746 27.942746
13319 48.637121 -7.983665 7.983665
7347 48.205706 -7.201857 7.201857
14740 47.599258 -34.528791 34.528791
19035 89.653518 -10.346482 69.313292
2051 90.228060 -9.771940 70.401323
16501 89.659783 -10.340217 72.439010
10601 37.290296 -24.790085 75.209915
4960 37.418074 -24.884003 75.115997
18038 37.447607 -24.733702 75.266298
19188 36.448598 0.000000 100.000000
1150 37.188629 -0.557126 99.442874
17962 37.383178 0.000000 100.000000
2018 55.405401 -17.948406 17.948406
11527 56.264983 -17.857299 17.857299
6676 59.911804 -32.585917 67.414083
6811 28.094787 -21.883782 21.883782
3816 28.178595 -21.189518 21.189518
5707 1.446336 -1.446336 11.661785
5708 0.987518 -0.987518 12.493574
12947 36.971166 -25.610113 25.610113
12744 37.316214 -25.484003 25.484003
7055 37.281643 -25.814139 25.814139
11508 82.076272 -17.923728 41.553791
13971 72.304218 -16.778613 83.221387
14374 53.646348 -7.332554 92.667446
19008 54.544416 -7.249878 92.750122
18974 54.110721 -4.238273 4.238273
6323 54.061352 -4.881209 4.881209
7148 78.737786 -1.376742 98.623258
7568 79.061993 -1.714264 98.285736
7608 2.796669 2.796669 92.266651
5008 1.912231 1.912231 91.309174
9668 48.100262 -15.991770 84.008230
9666 47.474529 -15.871385 84.128615
12831 33.973887 -31.046125 31.046125
17689 67.984372 -5.354775 94.645225
18498 68.713293 -5.480135 94.519865
106 13.041750 -9.994693 9.994693
2841 11.578947 -11.578947 11.578947
107 11.052632 -11.052632 11.052632
4988 15.174630 15.174630 62.946263
6277 15.848628 15.848628 61.005297
10271 14.980185 14.980185 60.892506
9520 32.818801 -17.221757 82.778243
15861 33.492958 -16.758886 83.241114
10354 41.055619 -39.083684 39.083684
184 85.522981 -9.388991 90.611009
183 84.661182 -9.940594 90.059406
18934 85.362901 -9.750684 90.249316
11164 45.163499 -28.493108 71.506892
7915 45.104849 -28.943014 71.056986
7558 33.785193 -28.170175 28.170175
7557 33.527416 -28.016613 28.016613
3781 33.818803 -27.966116 27.966116
9392 85.288694 14.711306 56.724808
14120 85.672626 14.327374 52.292736
9485 85.237765 14.762235 51.828467
3195 83.184961 -6.992205 93.007795
17726 82.781289 -7.513480 92.486520
10662 83.740444 -7.143014 92.856986
6566 38.639159 -25.792016 74.207984
4246 80.613082 19.386918 70.697655
6976 81.121310 18.878690 70.555358
8549 83.065471 16.934529 26.359653
15489 25.062116 25.062116 64.768671
8524 24.814231 24.814231 65.990395
8523 25.633641 25.633641 65.411746
5004 39.254121 -26.260381 73.739619
803 83.520873 -7.372358 7.372358
9176 52.317899 -13.926095 13.926095
9175 52.796520 -14.515641 14.515641
17216 48.230947 -22.505474 77.494526
15540 48.028430 -22.111729 77.888271
13781 47.732157 -22.548452 77.451548
18050 36.374627 -25.311670 74.688330
11784 36.237551 -25.486734 74.513266
14907 36.481548 -25.472836 74.527164
13372 26.647840 -6.094375 93.905625
8410 25.662251 -7.053999 92.946001
8618 32.473297 14.234918 14.234918
8619 33.491576 17.174345 17.174345
3644 30.000000 -30.000000 30.000000
19182 67.663673 -28.932188 28.932188
5293 68.007828 -28.027464 28.027464
13307 68.455233 -28.617591 28.617591
8646 96.747929 -3.252071 46.508357
8647 96.094166 -3.905834 49.160285
8645 96.187532 -3.812468 44.113691
10226 84.251944 -2.285189 2.285189
10227 84.025420 -2.417573 2.417573
7182 84.072035 -2.274612 2.274612
2180 91.666667 0.000000 0.000000
1206 97.222222 -2.777778 2.777778
1204 96.411056 -3.223874 3.223874
1205 96.703425 -2.761574 2.761574
17670 41.033954 -37.925401 37.925401
18642 40.763880 -37.401520 37.401520
12843 63.526136 -24.049357 24.049357
14630 63.875301 -24.595416 24.595416
372 63.080353 -24.806291 24.806291
617 95.821655 -3.346101 3.346101
2120 44.999948 -37.363134 62.636866
3998 44.919184 -36.672523 63.327477
16221 44.453165 -37.219684 62.780316
17629 32.872548 -30.053328 30.053328
16354 32.352955 -29.746924 29.746924
5841 44.123235 -21.529964 78.470036
2670 13.172105 13.172105 32.217907
16473 12.195389 12.195389 30.039854
18971 94.659110 -5.340890 80.032150
18506 94.413991 -5.586009 82.953317
18664 94.079979 -5.920021 80.316804
14609 70.694657 -22.269543 77.730457
15863 70.184539 -22.396711 77.603289
12268 70.307305 -22.729914 77.270086
14195 43.100716 -12.543766 12.543766
13843 43.816801 -12.865847 12.865847
18983 42.986953 -13.200639 13.200639
13 78.528136 -21.471864 49.731724
9063 78.896057 -21.103943 48.325701
18192 78.961617 -21.038383 49.672665
11615 58.667862 -6.283925 93.716075
11614 59.459298 -6.099048 93.900952
13568 58.897262 -5.768391 94.231609
622 58.641252 -30.717493 30.717493
5525 58.826981 -31.364143 31.364143
9890 82.447367 -17.552633 65.876236
15877 82.818282 -17.181718 67.993922
8489 82.132694 -17.867306 68.067055
1177 95.941493 -2.882361 2.882361
10225 33.580231 -12.821644 87.178356
12331 62.063333 -17.013576 17.013576
16146 61.624061 -16.322738 16.322738
8021 62.611679 -16.330370 16.330370
10976 65.805525 -27.879464 72.120536
11086 59.722222 -40.277778 40.277778
12171 37.283238 -29.766376 29.766376
8352 68.929842 -24.531948 24.531948
15821 68.033243 -24.965315 24.965315
15935 68.355884 -24.126068 24.126068
243 42.856055 -24.679042 75.320958
3533 37.772370 -16.119428 83.880572
14560 37.565804 -15.438988 84.561012
6751 36.965833 -16.014741 83.985259
16973 37.661844 -34.691282 34.691282
16974 37.432295 -34.073032 34.073032
1152 36.911188 -1.247854 98.752146
1151 36.197306 -0.643566 99.356434
14018 64.306436 -35.693564 45.420112
12815 65.006752 -34.993248 44.778342
5594 31.745050 -3.545714 3.545714
990 30.823315 -4.813641 4.813641
11488 30.602650 -3.545147 3.545147
10515 92.454764 7.545236 12.973378
12835 91.824840 8.175160 12.125906
7805 92.062706 7.937294 18.043506
15216 67.623957 -20.510604 20.510604
15215 67.641710 -21.151965 21.151965
15245 66.856833 -20.908400 20.908400
14828 48.134621 -16.548606 83.451394
4388 77.272926 -6.411650 6.411650
2473 78.179692 -6.024891 6.024891
2472 78.005642 -6.658674 6.658674
8367 35.536835 -12.733663 87.266337
1939 34.990941 -13.445941 86.554059
527 74.410465 -25.589535 45.988948
5417 74.614543 -25.385457 44.282629
528 74.945941 -25.054059 45.693784
4933 55.473235 -14.626604 85.373396
1222 62.204301 -20.434548 20.434548
888 61.440615 -20.458933 20.458933
16703 90.656952 9.343048 44.133525
595 90.152160 9.847840 42.981337
594 90.357690 9.642310 48.707893
12310 77.332256 -1.843943 98.156057
12309 77.016648 -1.454458 98.545542
16853 76.433486 -1.900974 98.099026
9352 54.090878 -19.304255 19.304255
4060 53.271886 -19.154929 19.154929
2061 16.213132 16.213132 35.369282
3585 15.160101 15.160101 35.034297
2062 15.951540 15.951540 37.259410
6694 67.070833 -32.929167 51.037238
6696 67.251726 -32.748274 49.474643
16949 67.436064 -1.928121 1.928121
962 68.468946 -2.073480 2.073480
9130 44.433329 44.433329 46.197188
4025 43.129191 43.129191 44.932769
17630 42.645951 42.645951 46.058159
13469 87.962963 0.000000 0.000000
10186 88.888889 0.000000 0.000000
74 87.930188 -0.520313 0.520313
4000 44.328861 -36.561918 63.438082
3999 44.780802 -35.993531 64.006469
10940 44.244758 -35.987692 64.012308
17311 14.973611 14.973611 47.875306
1972 50.871816 -23.139350 76.860650
17242 51.120431 -22.567912 77.432088
2398 70.164540 -9.847885 90.152115
12278 69.379864 -10.009056 89.990944
1684 50.311168 -32.691620 67.308380
9927 50.739332 -32.905426 67.094574
1682 50.702689 -32.270789 67.729211
7511 29.052723 29.052723 40.567040
15347 28.535244 28.535244 40.189555
15003 34.312772 -27.779963 72.220037
12164 34.205799 -28.344375 71.655625
9116 34.788223 -28.118721 71.881279
1065 80.170287 -15.104105 84.895895
1066 79.892557 -15.389864 84.610136
2273 23.103744 3.051489 96.948511
2417 24.768786 6.434235 93.565765
2416 23.558266 5.841101 94.158899
5515 30.449343 -25.605897 74.394103
15523 31.062647 -25.065363 74.934637
12246 30.215838 -24.916864 75.083136
7664 38.119889 -27.502001 27.502001
3275 37.876118 -27.697152 27.697152
16010 63.740701 -25.349573 74.650427
18703 45.355675 -10.080657 89.919343
8990 44.929721 -10.637966 89.362034
11122 83.116883 -16.883117 83.116883
4121 83.054492 -16.530769 83.469231
4123 82.406393 -17.198158 82.801842
2804 92.351058 -1.269145 98.730855
2803 93.517559 -0.776733 99.223267
6380 92.550895 -0.824404 99.175596
17309 2.777778 0.000000 0.000000
23490 4.281669 2.646961 2.646961
8050 3.703704 0.000000 0.000000
12328 5.952381 5.952381 5.952381
6829 38.560606 -33.613159 33.613159
3617 38.618912 -33.503155 33.503155
16402 38.787043 -33.659362 33.659362
8907 48.797435 -13.450564 86.549436
8802 49.079303 -13.925747 86.074253
17205 0.291226 -0.291226 21.935907
18941 0.000000 0.000000 18.181818
17693 87.732327 12.267673 84.712750
12757 87.450401 12.549599 81.303945
18821 87.240131 12.759869 84.442105
18613 86.940613 13.059387 81.642508
14586 78.219388 -21.780612 32.515230
3917 78.113393 -21.886607 31.397429
2232 34.615381 34.615381 37.621525
2234 34.481517 34.481517 38.564125
385 27.619676 -7.359810 7.359810
9279 27.858687 -8.396159 8.396159
383 26.920982 -8.337222 8.337222
16271 37.653762 -21.540451 78.459549
2557 37.155298 -21.444609 78.555391
14834 23.157895 -23.157895 23.157895
14835 23.684211 -23.684211 23.684211
23673 23.404016 -23.404016 51.002378
11757 53.379544 -26.079898 73.920102
15349 53.716352 -25.659795 74.340205
9938 53.592800 -25.248935 74.751065
5559 55.630694 -9.050565 90.949435
6048 0.000000 0.000000 63.636364
3053 0.320287 -0.320287 58.735447
7154 0.326654 -0.326654 67.773189
5810 27.351844 27.351844 57.706199
698 27.466907 27.466907 58.425965
5811 27.934817 27.934817 57.805307
11818 70.433737 -29.566263 32.442486
181 70.969099 -29.030901 30.953766
12279 69.736366 -10.326733 89.673267
12356 68.995087 -10.512639 89.487361
726 62.562664 -9.656263 90.343737
727 63.008388 -10.039780 89.960220
6633 78.636811 -9.769160 90.230840
13295 60.457039 -27.542541 27.542541
15220 59.754120 -27.894281 27.894281
15221 59.957658 -27.139325 27.139325
5406 36.847965 -0.989101 0.989101
1329 37.251215 -2.024871 2.024871
5407 36.198298 -1.921477 1.921477
9670 35.385492 -25.743279 74.256721
23160 35.485614 -25.516010 74.483990
23163 35.339783 -25.529810 74.470190
12761 34.047884 -32.019253 67.980747
12008 33.363281 -31.542901 68.457099
10381 33.473348 -32.269599 67.730401
4590 51.722212 -16.782557 83.217443
4592 52.400981 -16.771247 83.228753
9622 40.671826 -31.803570 68.196430
1274 70.254014 -29.745986 47.573128
1027 54.587839 45.412161 50.131910
4688 54.508936 45.491064 47.848006
4686 55.000000 45.000000 45.000000
3258 86.107186 -5.415098 94.584902
5149 86.567467 -5.700586 94.299414
1106 40.820008 -13.476440 86.523560
1107 40.351335 -13.012699 86.987301
1105 40.011257 -13.700662 86.299338
2173 53.293072 -33.367094 66.632906
10852 26.397371 26.397371 48.027532
16519 26.196713 26.196713 46.918453
18418 25.681496 25.681496 47.533415
15731 73.479192 -26.520808 30.321254
15736 73.292475 -26.707525 31.557930
19114 72.849387 -27.150613 31.101143
2511 85.629146 -14.370854 40.554783
7631 85.745315 -14.254685 38.791900
2509 86.076051 -13.923949 39.453065
2963 57.227897 -14.988235 85.011765
16530 57.643327 -27.948312 72.051688
9059 57.688521 -28.421124 71.578876
4458 58.218410 -27.951215 72.048785
12856 84.061450 -0.943621 99.056379
587 84.165057 -0.953007 99.046993
3157 84.209417 -0.906146 99.093854
6733 75.694444 -24.305556 24.305556
12846 75.000000 -25.000000 25.000000
8613 59.108585 40.891415 51.170330
3046 58.607218 41.392782 54.153805
11597 68.055556 -31.944444 31.944444
2820 83.249322 -0.955217 99.044783
11424 83.287305 -1.006900 98.993100
6921 83.439457 -0.952828 99.047172
11638 54.796661 -9.479430 90.520570
15858 54.748615 -8.892157 91.107843
15977 54.086669 -9.278673 90.721327
10342 80.259342 -11.005675 88.994325
9842 80.708629 -11.088653 88.911347
9844 81.004340 -10.622776 89.377224
9246 44.073396 -29.673038 29.673038
9247 43.612275 -29.268468 29.268468
7000 82.179752 17.820248 68.078342
7001 81.954087 18.045913 75.070462
14429 82.536326 17.463674 71.398178
13894 37.116266 -31.036624 31.036624
2104 41.051890 -24.685043 75.314957
2105 41.053305 -24.930884 75.069116
8782 95.995142 4.004858 88.352836
13386 95.646433 4.353567 84.571350
12147 82.898893 -17.101107 80.247065
12148 82.467532 -17.532468 82.467532
17463 41.380815 -30.739502 30.739502
4653 41.682725 -30.488963 30.488963
5832 61.201806 -7.295425 7.295425
13738 62.111111 -7.610207 7.610207
5155 61.216755 -8.114328 8.114328
12439 64.506641 -15.383605 84.616395
1637 64.418240 -14.854785 85.145215
2666 63.855327 -15.364533 84.635467
12400 56.892903 -8.403589 91.596411
12399 57.448436 -8.046063 91.953937
14083 56.691617 -7.961320 92.038680
12224 38.963556 -26.311366 73.688634
23842 38.876196 -26.316480 73.683520
10060 59.717746 -21.846247 21.846247
2713 59.252441 -21.367952 21.367952
2712 60.105920 -21.061599 21.061599
13928 83.309557 -2.068895 97.931105
7194 83.236142 -1.868559 98.131441
6047 61.214305 -14.133189 85.866811
17156 61.864390 -13.784844 86.215156
2022 49.318998 -32.451610 32.451610
11334 48.786024 -32.484763 32.484763
11333 49.050669 -31.927491 31.927491
7336 52.075626 -39.074456 60.925544
1376 81.057665 -18.942335 53.834237
16428 81.128251 -18.871749 53.083048
265 84.900241 -15.099759 49.480348
11855 87.291084 -2.313322 2.313322
7277 87.274935 -1.896347 1.896347
374 87.878638 -1.869091 1.869091
1139 66.127890 -1.361387 98.638613
2949 66.747377 -1.049623 98.950377
13550 65.943856 -0.939213 99.060787
3713 32.182377 -19.589123 19.589123
14985 31.457657 -19.511670 19.511670
3712 31.866744 -18.834424 18.834424
11570 36.398889 -24.654008 75.345992
14423 36.217297 -24.547230 75.452770
15681 36.197353 -24.766160 75.233840
6712 54.574758 -36.579189 36.579189
1649 55.711845 -26.909476 73.090524
8560 55.494498 -26.731598 73.268402
15604 57.162915 -41.448261 41.448261
15605 57.855237 -41.156047 41.156047
6475 65.256934 -15.405934 84.594066
3120 65.151319 -16.015942 83.984058
9374 34.867020 -27.607477 72.392523
10889 40.692851 -5.596639 5.596639
16775 21.229439 21.229439 60.494436
10853 26.426874 26.426874 49.238845
10851 26.921157 26.921157 48.685474
4158 56.500604 -13.209694 86.790306
2494 57.112117 -12.845595 87.154405
17048 56.294790 -12.752621 87.247379
19324 47.826533 -30.161595 69.838405
19431 47.730117 -30.735823 69.264177
7777 48.183796 -31.007599 68.992401
9650 59.859437 -25.487831 74.512169
3835 59.747603 -25.905025 74.094975
1071 41.364777 7.335330 92.664670
1072 43.668559 9.267538 90.732462
9824 42.342921 -18.066189 18.066189
2766 42.950094 -17.592471 17.592471
7979 76.349424 -11.597244 88.402756
17198 75.726841 -12.082282 87.917718
104 61.919742 -38.080258 55.805554
15176 61.274029 -38.725971 55.407971
586 84.192674 -0.988183 99.011817
15472 31.339375 -15.767480 15.767480
17698 31.250104 -16.669681 16.669681
1855 70.982266 29.017734 55.141594
3797 70.325599 29.674401 55.437829
15885 70.601440 29.398560 59.436448
3947 48.121357 16.151507 16.151507
3945 45.276696 11.987083 11.987083
4401 65.458908 -34.541092 60.612193
5335 65.992323 -34.007677 59.490669
683 58.759475 -23.454431 76.545569
682 58.276993 -23.786199 76.213801
1953 35.445585 -23.896829 76.103171
17183 47.619048 47.619048 47.619048
17695 40.518027 -37.753532 37.753532
18643 40.313423 -37.112483 37.112483
8290 66.270980 -22.020790 77.979210
8291 66.542100 -21.520434 78.479566
8292 66.030118 -21.798491 78.201509
7091 89.625088 -2.846747 97.153253
9792 38.190237 -29.784260 29.784260
15080 38.200937 -29.531625 29.531625
11288 38.447667 -29.715313 29.715313
13546 83.782126 -3.972618 3.972618
2237 83.424912 -4.484111 4.484111
12162 1.780881 -1.780881 21.313862
9619 2.065893 -2.065893 30.785886
11977 44.135664 44.135664 52.710281
8188 45.210963 45.210963 53.165825
17023 45.861627 45.861627 52.002946
15174 19.816511 -13.523380 13.523380
10956 20.798139 -14.101551 14.101551
14538 19.436701 -14.792390 14.792390
1513 42.926503 -14.505554 85.494446
3755 42.494847 -15.153785 84.846215
3756 43.344164 -14.984746 85.015254
3325 39.301774 -35.479983 35.479983
3306 71.855697 -24.838242 24.838242
3304 71.092668 -24.645359 24.645359
3305 71.822086 -24.047026 24.047026
15337 98.709506 -1.290494 8.160886
13648 97.855446 -2.144554 13.440021
13647 97.969924 -2.030076 9.137453
11176 96.810087 -3.189913 22.905589
9199 97.435725 -2.564275 23.770839
9201 96.755397 -3.244603 27.548969
14543 66.379933 -8.263504 8.263504
8346 66.462245 -8.918549 8.918549
10824 46.528386 -5.400403 5.400403
10825 46.052335 -6.095764 6.095764
6816 45.632275 -5.298852 5.298852
15730 82.580232 -16.022318 83.977682
14783 83.316954 -15.528468 84.471532
768 82.927254 -15.504088 84.495912
13527 67.879237 -32.120763 35.831630
13730 68.314194 -31.685806 34.697348
14369 54.842782 -28.825692 28.825692
10891 67.953925 -32.046075 43.925804
11106 68.085303 -31.914697 45.251102
2870 67.606634 -32.393366 45.011343
7870 57.788352 -10.257915 10.257915
5123 58.771982 -9.962851 9.962851
13591 58.331252 -10.772236 10.772236
4866 79.732051 -16.835645 83.164355
14691 79.418255 -17.029696 82.970304
5551 56.789957 -9.882264 90.117736
972 33.821091 -3.491174 3.491174
19199 52.326384 40.342325 59.657675
16919 44.633804 25.537475 74.462525
3703 47.120750 28.584574 71.415426
10594 45.888243 28.784513 71.215487
6528 63.241184 -0.623667 0.623667
16951 65.396320 -33.459920 66.540080
2797 66.089579 -33.160399 66.839601
9534 81.008567 -18.991433 79.042517
10318 57.772830 -18.811842 81.188158
3023 57.304804 -18.927782 81.072218
17467 57.584642 -19.205713 80.794287
11268 27.966655 -24.484804 75.515196
1382 58.405905 -14.989434 14.989434
9414 57.697201 -15.764130 15.764130
5447 69.950408 -1.485953 98.514047
5448 70.919869 -1.387401 98.612599
14663 85.690953 -14.309047 28.384488
6679 86.264520 -13.735480 27.568791
7905 31.578947 -31.578947 68.421053
12863 31.855570 -31.148630 68.851370
5893 33.524802 -16.055009 83.944991
3638 26.020896 -3.266146 96.733854
11206 25.834845 -4.457425 95.542575
4117 26.749291 -3.836306 96.163694
1745 88.000000 12.000000 88.000000
23515 82.566510 6.331101 93.668899
23528 82.806618 6.037904 93.962096
15492 76.635514 0.000000 100.000000
23524 82.886832 7.448699 92.551301
5118 95.842268 -4.157732 41.069931
5119 95.264802 -4.735198 42.603013
186 66.510799 -33.489201 34.784862
188 66.666667 -33.333333 33.333333
15873 15.491520 15.491520 49.406107
2567 39.404300 -14.249875 85.750125
2568 40.083258 -14.380534 85.619466
2394 31.052632 -31.052632 68.947368
23776 30.753454 -30.753454 48.668332
23706 30.924343 -30.924343 44.899702
23675 30.204432 -30.204432 54.183942
7317 33.606835 -11.030523 11.030523
7502 32.583654 -10.874682 10.874682
7318 33.390512 -10.009049 10.009049
8574 65.924409 -19.774269 19.774269
17161 66.400065 -20.332953 20.332953
3588 85.906829 14.093171 83.142918
19128 55.713603 -19.425068 80.574932
17189 21.040485 21.040485 25.036878
18894 20.305806 20.305806 22.444954
9360 19.946128 19.946128 24.066040
16795 32.480450 32.480450 33.248424
17405 31.445111 31.445111 32.420201
10404 76.241736 -19.475811 19.475811
16585 75.698479 -18.958989 18.958989
17974 19.443045 19.443045 26.725638
9362 19.668515 19.668515 25.513987
11491 38.954883 -31.143843 31.143843
2072 86.087929 -5.084577 5.084577
2074 85.715466 -5.738096 5.738096
4589 83.767613 -0.522157 99.477843
4587 84.251125 -0.391429 99.608571
4588 83.670756 -0.372857 99.627143
9206 19.338705 19.338705 64.421636
7390 20.212618 20.212618 63.333224
7389 19.513948 19.513948 63.027361
9954 39.555490 -29.755109 29.755109
8867 39.233424 -29.733874 29.733874
12721 89.141867 -8.256485 91.743515
6214 90.022999 -7.907264 92.092736
8578 35.397152 -35.032283 35.032283
10513 36.058291 -35.381727 35.381727
4664 35.789474 -35.789474 35.789474
4699 55.406619 -26.844619 26.844619
2320 55.983322 -26.942367 26.942367
13742 48.525658 -33.045763 33.045763
14267 48.775205 -33.584227 33.584227
6798 65.860997 -19.514383 80.485617
18687 56.985360 -6.877591 93.122409
17074 57.252257 -7.499697 92.500303
6526 57.878072 -7.058796 92.941204
18300 81.166378 -14.942465 85.057535
15403 81.215523 -15.115741 84.884259
2008 81.558099 -14.794210 85.205790
17891 88.461709 -1.146223 1.146223
1537 88.236316 -0.850665 0.850665
17806 88.926992 -0.769802 0.769802
9309 38.991454 -29.858073 29.858073
13973 54.098042 -23.035693 76.964307
9399 34.396399 -28.595418 28.595418
5363 34.261141 -28.356134 28.356134
15845 65.748453 -8.725769 91.274231
15691 65.200148 -8.485739 91.514261
4946 64.965665 -8.987813 91.012187
2918 78.915065 -21.084935 41.172085
2607 78.430151 -21.569849 40.821576
1583 78.898724 -21.101276 39.645868
7381 39.492758 -2.013167 97.986833
2751 39.517458 -2.826483 97.173517
2524 40.316373 -2.298690 97.701310
12488 41.047466 -30.829071 69.170929
12211 46.618180 -29.672627 70.327373
18996 62.814008 -33.569503 66.430497
13827 77.314616 -22.685384 61.305968
15713 77.396132 -22.603868 63.218825
13103 76.801898 -23.198102 62.700668
17854 85.733107 -14.266893 82.846479
16755 57.600439 -36.949847 36.949847
3885 76.570296 -13.178288 86.821712
4447 39.268830 -25.669688 74.330312
18188 39.111397 -25.648198 74.351802
10106 57.135255 -42.864745 54.306133
5077 57.381617 -42.618383 52.469563
2467 36.202816 36.202816 59.346487
6022 35.819557 -31.289296 68.710704
11764 35.213368 -31.532996 68.467004
17367 90.978989 -9.021011 26.960059
5188 48.013372 -42.224520 42.224520
18657 48.286855 -41.547270 41.547270
12905 81.465284 -18.534716 43.750002
23413 81.295864 -18.704136 44.104361
23414 81.343834 -18.656166 43.585523
11371 34.280105 -24.748119 24.748119
12315 33.741238 -24.851665 24.851665
3771 39.985145 -22.351054 22.351054
9684 17.954233 5.427952 5.427952
8402 16.462434 2.804331 2.804331
9683 17.162627 5.592602 5.592602
17562 59.317693 36.928385 36.928385
14365 61.111111 38.888889 38.888889
12090 60.304992 36.696723 36.696723
9962 65.582369 -20.500182 79.499818
10988 33.184031 -8.939922 8.939922
1554 34.050292 -8.071893 8.071893
11839 34.202772 -9.157783 9.157783
1185 50.359245 -25.597423 25.597423
17192 50.996145 -26.057971 26.057971
848 50.201038 -26.374740 26.374740
7829 55.723264 -24.689540 24.689540
259 55.537135 -25.527922 25.527922
258 55.003566 -24.965584 24.965584
15709 86.224209 -11.228200 88.771800
16844 86.712097 -10.779815 89.220185
17054 34.232497 -10.877897 89.122103
4249 33.404896 -11.198357 88.801643
7732 39.532176 39.532176 55.687333
7733 38.513881 38.513881 55.552049
7731 38.555299 38.555299 56.666289
2198 75.813190 -10.696260 10.696260
2197 75.112831 -10.571310 10.571310
13467 75.935044 -10.092303 10.092303
6243 82.540739 -4.710561 4.710561
18075 61.851088 -38.148912 51.667744
10750 59.544237 -14.084111 85.915889
4065 59.417585 -14.587029 85.412971
10755 60.052784 -14.282494 85.717506
5546 65.149764 -6.237976 93.762024
7353 65.711416 -6.395335 93.604665
10773 65.717706 -5.926373 94.073627
7668 41.032895 -25.843184 74.156816
15212 40.728507 -26.028582 73.971418
8881 41.018235 -26.150416 73.849584
1632 24.219686 -14.395819 85.604181
18926 23.573591 -14.000094 85.999906
12091 59.279493 -3.122519 96.877481
7373 59.881149 -3.796873 96.203127
1562 62.663874 -22.500277 22.500277
14056 62.376677 -21.875550 21.875550
14058 63.164682 -21.939519 21.939519
8180 41.567912 38.631707 38.631707
5280 43.071232 40.008322 40.008322
10981 96.907454 -2.255997 2.255997
7966 97.916667 -2.083333 2.083333
12341 85.962893 14.037107 30.937858
17910 85.514968 14.485032 35.518850
16512 85.976101 14.023899 37.442423
18874 36.652405 -25.753729 25.753729
16839 36.660881 -26.071639 26.071639
2798 66.233766 -33.766234 66.233766
14788 66.193349 -33.806651 64.428551
1464 66.868731 -33.131269 64.970309
17240 64.190304 -30.497447 69.502553
19226 64.274122 -30.003181 69.996819
18425 63.753027 -30.360058 69.639942
23676 0.634919 -0.229518 99.770482
5057 85.313427 -14.686573 36.276439
17771 85.773186 -14.226814 36.144492
12634 52.009222 -26.143377 73.856623
12635 52.321981 -25.831476 74.168524
15815 63.070837 -36.929163 60.071731
18091 32.988746 -1.576694 98.423306
5043 57.712933 -42.287067 50.288584
16176 58.122955 -41.877045 51.963689
1576 46.150242 -36.212892 63.787108
7358 33.799297 -8.644525 91.355475
7359 34.743308 -8.655959 91.344041
7360 34.371436 -7.903710 92.096290
16672 57.016016 -34.805784 34.805784
18378 57.030208 -35.619529 35.619529
9613 83.372490 -16.627510 46.395373
13161 83.232744 -16.767256 45.288781
14532 38.029392 -30.247976 30.247976
16332 71.457664 -28.542336 63.343521
18150 71.990870 -28.009130 63.485601
7228 39.413297 -26.687807 73.312193
15602 39.407511 -26.911947 73.088053
3498 39.649923 -26.735472 73.264528
12807 47.569530 -20.963919 79.036081
12631 48.047624 -21.199782 78.800218
11347 17.626210 -12.425522 87.574478
11742 18.421053 -18.421053 18.421053
9723 18.794296 -17.208798 17.208798
11395 19.522028 -17.704835 17.704835
772 22.128222 22.128222 58.477371
16577 21.712647 21.712647 59.404091
770 22.383671 22.383671 59.324959
17499 16.306533 5.727598 5.727598
11400 15.534725 6.040323 6.040323
11399 17.041273 8.515773 8.515773
4682 76.524963 -4.864791 4.864791
5480 77.379572 -4.362216 4.362216
8239 77.500048 -5.032219 5.032219
610 34.477236 -4.494563 95.505437
10491 34.229248 -5.434440 94.565560
16508 58.147395 -24.923547 75.076453
12062 57.926739 -24.566388 75.433612
14786 56.946588 -39.828634 39.828634
7891 56.291954 -41.043567 41.043567
10050 56.047035 -40.348442 40.348442
12124 30.242979 -13.389758 86.610242
5580 31.093100 -13.635908 86.364092
13564 32.104799 32.104799 61.458132
16662 31.797068 31.797068 62.758465
4633 79.385885 -16.034106 83.965894
4632 79.629840 -15.851197 84.148803
4630 79.559659 -16.019897 83.980103
12191 97.829260 -2.170740 51.355025
10552 97.999279 -2.000721 55.574459
1006 53.944610 -44.984031 55.015969
15685 90.691318 -9.308682 56.124190
17507 90.121932 -9.878068 56.293737
15535 90.538500 -9.461500 53.528757
4770 99.353561 -0.646439 75.990799
8973 48.170134 -24.096325 75.903675
18110 48.488885 -23.795076 76.204924
8974 48.027751 -23.761929 76.238071
16487 12.547389 12.547389 36.050128
15542 13.259440 13.259440 38.298056
7427 13.439602 13.439602 35.350775
10885 39.831028 26.976903 26.976903
4105 39.751348 25.217160 25.217160
3701 82.471806 -13.746979 86.253021
10373 82.953161 -13.386949 86.613051
6507 29.130890 -1.917934 98.082066
17912 24.360128 -13.720522 86.279478
8845 35.639939 -25.104419 74.895581
1282 35.669318 -25.377822 74.622178
23114 68.609950 1.990354 1.990354
23110 69.585522 2.819512 2.819512
16346 74.376831 -25.623169 64.607948
16959 62.587084 -23.393358 76.606642
636 62.341332 -23.142436 76.857564
7437 62.067125 -23.608621 76.391379
5109 84.722222 -15.277778 15.277778
16596 85.416667 -14.583333 14.583333
12772 84.816922 -15.183078 17.424739
13982 37.703993 -27.120544 72.879456
3404 36.923105 -26.190051 73.809949
4104 39.670206 23.639264 23.639264
5212 25.267540 -12.251107 12.251107
16869 81.950332 18.049668 39.735221
13273 23.187427 -17.700868 17.700868
11955 22.693397 -18.567427 18.567427
7749 22.096623 -18.036324 18.036324
9320 51.507394 -22.936917 77.063083
17730 69.128738 -18.925282 81.074718
15431 68.734870 -19.341833 80.658167
13420 68.829551 -19.709215 80.290785
17852 59.973622 -24.425709 75.574291
18005 59.624652 -24.854051 75.145949
5332 40.315063 -25.797338 25.797338
323 39.885237 -25.792597 25.792597
16589 53.544190 -26.454511 73.545489
3071 53.047656 -26.522550 73.477450
3037 76.568712 23.431288 60.610571
3038 75.899256 24.100744 58.301658
3036 76.058532 23.941468 62.618820
10916 50.335875 -34.248619 34.248619
9795 49.880204 -33.689253 33.689253
8189 44.045068 44.045068 54.479370
4382 80.755475 -19.244525 50.647671
8094 80.546096 -19.453904 50.534095
7657 89.669445 -5.527791 94.472209
7655 89.311968 -5.398135 94.601865
7656 88.715688 -5.991485 94.008515
12167 67.433137 -9.742547 90.257453
5929 67.606517 -9.209203 90.790797
18370 38.312550 -26.101830 73.898170
9344 38.392709 -26.157964 73.842036
17505 93.713799 -5.693584 94.306416
3204 64.400153 -26.277876 73.722124
3205 64.595749 -26.640608 73.359392
19334 57.415289 -23.563003 76.436997
14903 57.346511 -24.054109 75.945891
7392 57.847486 -23.685686 76.314314
14804 57.898123 -23.223037 76.776963
3802 86.025624 -13.974376 67.287648
3115 85.616288 -14.383712 71.070213
1990 77.137494 -22.862506 32.318858
2592 77.720730 -22.279270 31.090640
3918 77.692595 -22.307405 32.528628
16506 38.655211 -24.898181 75.101819
18891 48.738199 -22.546127 77.453873
19048 48.326705 -22.931925 77.068075
17825 13.684211 -13.684211 86.315789
23677 12.894733 -12.894733 50.787140
7605 75.147772 24.852228 51.728926
17059 41.546460 41.546460 45.082636
18466 46.473887 38.475840 38.475840
1447 47.755955 40.150057 40.150057
18564 47.515761 38.592022 38.592022
8425 34.656848 34.656848 54.866808
18547 60.129914 -28.743943 71.256057
8221 60.443346 -29.138253 70.861747
15769 60.869687 -28.391916 71.608084
15857 60.424828 -28.117801 71.882199
8267 65.252480 -3.788057 3.788057
3394 64.422557 -4.532644 4.532644
3393 64.339681 -3.767083 3.767083
15779 71.802827 -28.197173 42.374713
18883 71.231240 -28.768760 41.449116
18901 71.879007 -28.120993 40.428915
3455 56.688982 -22.484267 77.515733
8668 57.085354 -22.161970 77.838030
3456 56.699692 -22.144228 77.855772
14097 82.178844 -5.267373 5.267373
2236 83.033382 -5.016756 5.016756
19252 74.677686 -2.024612 97.975388
5305 74.380265 -1.621488 98.378512
11210 73.752795 -2.103254 97.896746
1192 68.161824 -12.429529 87.570471
8465 67.864827 -12.920577 87.079423
1193 68.547567 -12.680718 87.319282
13657 56.729631 -38.428971 38.428971
16024 56.888082 -37.542340 37.542340
17045 74.276511 -10.440223 10.440223
18278 73.362384 -11.055442 11.055442
12117 73.440722 -10.269166 10.269166
6777 27.052776 2.779187 2.779187
10056 61.028301 -11.891374 11.891374
11111 61.578553 -12.472887 12.472887
375 88.681822 -1.516148 1.516148
6911 89.325753 -0.956459 0.956459
7457 89.737895 -1.233409 1.233409
16513 55.314667 -25.933763 74.066237
9016 55.064386 -25.241625 74.758375
7713 55.362998 -2.012235 97.987765
18056 55.251712 -1.408351 98.591649
12726 54.473016 -1.751792 98.248208
9964 65.594903 -20.049684 79.950316
12667 62.984732 -26.165730 73.834270
222 45.116587 -27.627417 27.627417
10043 44.705818 -27.899748 27.899748
10042 44.581073 -27.377219 27.377219
10510 59.714449 -22.702084 77.297916
12240 59.250142 -23.090259 76.909741
916 38.603273 -33.795934 66.204066
907 39.095717 -34.235275 65.764725
7006 19.795580 19.795580 60.576106
7391 20.017568 20.017568 61.858242
11882 35.238117 12.529012 12.529012
11883 37.576997 15.887636 15.887636
15020 87.725547 -12.274453 30.246306
5914 87.544783 -12.455217 28.331844
14433 88.179165 -11.820835 27.816826
8185 82.991856 -17.008144 37.613793
8186 82.720362 -17.279638 38.644082
9058 90.597837 -8.337215 91.662785
6719 91.665156 -7.766316 92.233684
18764 95.258010 -4.741990 63.831138
4168 95.963982 -4.036018 64.461894
14510 66.276452 -1.825927 98.174073
17200 66.947183 -1.416768 98.583232
11335 39.976973 39.976973 47.702154
11337 41.263830 41.263830 47.790853
10171 38.636688 38.636688 45.786865
11728 39.829339 39.829339 45.946151
18041 39.178528 39.178528 45.145488
16341 43.060540 -25.323471 25.323471
15388 43.157477 -25.846435 25.846435
6330 73.528519 -26.471481 53.214010
6331 73.805913 -26.194087 51.651220
11404 43.811573 -27.402109 72.597891
5356 44.155355 -27.694160 72.305840
3187 57.154899 -21.521736 21.521736
17537 56.342137 -21.477605 21.477605
13961 65.102402 -26.444034 73.555966
16892 64.860012 -26.951107 73.048893
11393 65.463482 -26.570731 73.429269
8562 65.267847 -27.216031 72.783969
6514 41.191254 -26.606783 73.393217
6515 41.282332 -26.293560 73.706440
6513 41.011227 -26.409497 73.590503
3112 91.666667 8.333333 8.333333
9484 92.222222 7.777778 7.777778
23591 89.151160 4.004644 4.004644
5823 12.165674 -5.209994 94.790006
13837 13.315159 -4.813147 95.186853
2406 78.857921 -0.414845 99.585155
1743 78.504673 0.000000 100.000000
18639 77.951382 -0.355572 99.644428
3603 80.997024 -17.508406 82.491594
1520 81.439551 -17.003322 82.996678
3719 95.421162 -4.578838 33.277642
3720 94.776495 -5.223505 35.348587
3718 95.037444 -4.962556 31.448832
1430 22.995922 5.879907 5.879907
6476 21.237714 3.521998 3.521998
529 22.722378 7.410382 7.410382
17202 45.866004 36.784700 36.784700
16235 62.907313 -0.860927 99.139073
9000 65.722384 -14.105431 85.894569
11735 90.981476 -5.979548 94.020452
6324 62.574488 -27.243255 72.756745
3869 62.330049 -27.967561 72.032439
8102 89.569743 -5.864773 94.135227
17625 90.430080 -5.338823 94.661177
17915 58.821699 -34.793722 65.206278
8164 59.427317 -34.511050 65.488950
12537 73.821851 -26.178149 72.274388
17559 73.376623 -26.623377 73.376623
9692 79.380158 -19.929891 80.070109
4200 79.345630 -20.331550 79.668450
4199 79.946408 -19.708481 80.291519
2634 28.236725 -18.083539 81.916461
7912 27.846687 -18.829438 81.170562
2635 28.764029 -18.686259 81.313741
9656 63.097484 -25.123486 74.876514
17280 63.506199 -25.133071 74.866929
9654 63.590728 -24.726130 75.273870
16976 54.202608 -14.401314 14.401314
16543 41.949023 -19.293147 19.293147
10198 41.141610 -19.190091 19.190091
18463 41.710599 -18.574363 18.574363
15971 69.484193 -24.137757 75.862243
19449 69.570158 -24.576189 75.423811
19312 70.051031 -24.006820 75.993180
16027 27.433773 -18.334411 81.665589
725 26.967817 -18.927548 81.072452
17109 39.926187 -4.359933 95.640067
17111 40.160395 -5.134580 94.865420
17356 87.641217 12.358783 30.225339
14474 88.069898 11.930102 26.531679
17734 87.544876 12.455124 24.684889
7919 27.505718 27.505718 44.190137
8732 27.327155 27.327155 44.150802
17326 27.403429 27.403429 44.409308
6846 61.471613 -23.857565 76.142435
6845 60.888055 -23.919855 76.080145
8972 53.903740 -27.828848 72.171152
16865 48.977132 -6.198725 93.801275
10502 49.885859 -6.189519 93.810481
16866 49.415450 -5.587399 94.412601
18571 100.000000 0.000000 86.956522
9192 99.278370 0.721630 86.896328
14924 7.417132 7.417132 13.035444
13415 8.501609 8.501609 12.858922
12326 7.246511 7.246511 9.414475
6575 73.776120 -19.035612 80.964388
8200 73.430184 -18.890483 81.109517
13762 73.286707 -19.340089 80.659911
15067 55.010956 -26.357734 26.357734
4700 55.788903 -26.279313 26.279313
7861 70.207452 -2.586237 97.413763
7862 70.740349 -2.184542 97.815458
6645 69.902557 -2.241172 97.758828
9853 90.374388 -9.625612 21.721574
9852 90.901178 -9.098822 19.218497
7362 35.258544 -30.882036 69.117964
13674 36.887695 -20.465939 79.534061
10517 37.007082 -20.946036 79.053964
15992 52.785855 34.820404 34.820404
13215 51.739247 34.736152 34.736152
14279 53.518861 36.739761 36.739761
2718 89.000000 11.000000 89.000000
1744 88.500000 11.500000 88.500000
23526 84.560419 5.359481 94.640519
924 50.292627 -12.098050 87.901950
925 50.279321 -11.503468 88.496532
13078 81.666204 -18.333796 36.266934
2663 64.013161 -22.912793 77.087207
2664 63.783893 -23.324931 76.675069
663 68.262686 -10.761284 89.238716
3128 67.736526 -10.530445 89.469555
664 67.450726 -11.127142 88.872858
8798 82.456323 17.543677 46.390842
8796 82.266965 17.733035 51.306557
14342 50.236200 -31.178839 31.178839
10268 50.727696 -31.499675 31.499675
1902 81.545779 -15.225996 84.774004
1901 81.487549 -15.460473 84.539527
3592 52.596199 -41.697934 58.302066
91 52.414643 -42.514028 57.485972
90 53.178116 -41.878039 58.121961
5139 65.043576 -11.791757 88.208243
16545 84.429920 -1.742752 98.257248
8112 84.207882 -1.594016 98.405984
13929 83.798943 -1.822668 98.177332
7351 73.654323 -19.924393 19.924393
9223 72.957349 -20.590108 20.590108
7349 72.674287 -20.092653 20.092653
8071 84.208973 -2.523692 2.523692
8072 83.862039 -2.630024 2.630024
11505 62.057647 -21.079772 78.920228
18279 61.975557 -20.782748 79.217252
3200 82.954223 -5.650640 94.349360
11704 81.826953 -6.057908 93.942092
1311 76.692273 -23.307727 38.352742
1183 68.265219 -17.843481 82.156519
1808 68.290838 -18.256711 81.743289
635 61.821353 -23.319672 76.680328
2349 63.582708 -27.408631 72.591369
11671 44.216716 -33.071338 66.928662
12857 43.926935 -32.533426 67.466574
15476 43.478700 -33.202989 66.797011
17503 70.956019 -0.353863 99.646137
23351 70.951553 -0.714853 99.285147
23352 71.470895 -0.601970 99.398030
1692 71.600562 -14.156162 85.843838
1585 78.834858 -21.165142 38.243613
3693 78.309360 -21.690640 38.397967
11690 78.707605 -21.292395 36.856405
1778 77.933783 -22.066217 63.755823
14138 77.510798 -22.489202 65.035335
10218 47.083858 45.841070 54.158930
18857 45.979408 44.552750 55.447250
1276 69.750041 -30.249959 48.259423
16486 69.914200 -30.085800 46.796596
8322 41.243483 -28.703709 28.703709
7711 55.638359 -9.728392 9.728392
1270 55.534715 -10.466182 10.466182
7710 54.828518 -10.055389 10.055389
2587 76.889353 -23.110647 44.658651
8814 29.219807 -15.250820 15.250820
4507 98.661417 1.338583 30.285639
14011 96.739770 3.260230 66.400137
15628 96.836379 3.163621 72.088970
1439 85.035339 14.964661 34.730195
10573 85.182881 14.817119 38.846209
17299 50.281827 -10.191409 89.808591
16915 27.534406 -20.010990 20.010990
10181 28.400956 -19.633371 19.633371
9117 28.289551 -20.394254 20.394254
13916 19.132760 19.132760 49.835157
13915 19.834822 19.834822 49.488361
14632 19.329257 19.329257 48.329215
719 79.984496 20.015504 33.611493
13541 79.576309 20.423691 37.000903
3757 85.268670 -4.700991 95.299009
6641 84.826412 -5.181736 94.818264
879 69.056473 -4.393200 4.393200
7291 68.498585 -3.708818 3.708818
17072 24.771744 24.771744 32.940629
14239 25.485329 25.485329 32.640720
14238 24.527874 24.527874 31.455036
4708 83.632307 -1.016157 98.983843
8596 83.785868 -0.967340 99.032660
4709 83.623747 -0.957894 99.042106
9589 68.811248 -12.908965 87.091035
9588 69.284498 -12.501811 87.498189
14523 51.779058 -22.356055 77.643945
15432 68.278864 -19.781857 80.218143
17459 53.814166 -36.046147 63.953853
7077 53.179137 -36.263194 63.736806
7076 53.430341 -36.819303 63.180697
6525 58.456155 -6.733385 93.266615
15343 57.868035 -6.495567 93.504433
9638 52.440162 -41.068473 58.931527
14812 52.356768 -40.329515 59.670485
3820 67.934004 -32.065996 48.779360
6756 55.014797 -23.448223 76.551777
3448 12.134569 12.134569 80.112711
807 13.333705 13.333705 77.749872
1467 12.565160 12.565160 77.088624
2811 100.000000 0.000000 69.565217
2810 99.520610 0.479390 72.640704
17697 100.000000 0.000000 73.913043
1738 16.611195 -12.595354 12.595354
1739 15.161346 -13.149508 13.149508
3530 60.128556 -30.777435 69.222565
4508 98.018767 1.981233 27.092266
10767 37.984834 -27.992297 27.992297
278 43.733409 -34.440755 65.559245
15754 43.132135 -34.640350 65.359650
279 43.508920 -35.118812 64.881188
3243 48.814437 -27.323475 72.676525
16149 48.394847 -27.216214 72.783786
14941 48.419215 -27.643918 72.356082
12782 49.120190 -18.952756 18.952756
9873 81.227417 -18.772583 51.836213
3380 81.472357 -18.527643 51.754743
19158 29.143942 -19.310014 80.689986
18993 28.291534 -19.406653 80.593347
14272 55.589556 -38.513687 61.486313
10347 54.895122 -39.399420 60.600580
10346 55.486175 -39.505986 60.494014
584 66.125161 -21.363542 78.636458
1016 36.864449 -25.727882 74.272118
8453 36.878693 -25.953492 74.046508
5214 37.084888 -25.813527 74.186473
2158 9.241561 9.241561 29.457990
2156 8.180465 8.180465 27.260410
2157 8.514751 8.514751 31.135413
1559 34.711238 -11.440363 88.559637
1558 35.109792 -10.737493 89.262507
13614 47.930078 -46.617958 46.617958
18405 67.372845 -3.851988 3.851988
18406 66.704421 -4.523910 4.523910
10332 38.623640 -26.194589 73.805411
17791 29.251560 29.251560 56.311066
17790 29.808107 29.808107 55.577104
11628 50.431230 38.508169 38.508169
16177 49.388636 38.114682 38.114682
15258 19.290396 19.290396 61.939445
18202 19.140343 19.140343 60.735370
15259 18.564482 18.564482 61.855330
739 59.200913 -25.294347 74.705653
5851 58.852390 -25.889219 74.110781
3429 41.080866 -22.098736 77.901264
19124 40.647418 -22.281855 77.718145
10029 41.011422 -22.467861 77.532139
9313 75.489922 -17.774394 82.225606
6660 75.016924 -18.166857 81.833143
13117 75.295066 -18.229027 81.770973
18824 64.364923 -33.937954 33.937954
13315 63.578504 -34.317678 34.317678
12051 63.837303 -33.613043 33.613043
9701 70.463330 -1.940683 1.940683
12495 69.431305 -2.396155 2.396155
14952 30.189210 -28.286425 71.713575
11601 30.108813 -27.546806 72.453194
14987 29.473315 -27.989079 72.010921
9611 40.044593 -4.768092 4.768092
8426 78.456113 -20.606828 20.606828
1539 79.182680 -20.005673 20.005673
5219 31.487212 31.487212 41.058149
13891 30.773138 30.773138 40.377614
17288 30.849024 30.849024 41.283260
2532 36.698915 -6.475635 6.475635
18695 36.676481 -24.029325 75.970675
12876 36.350743 -24.022076 75.977924
2520 94.132208 -5.867792 17.137992
9848 94.548219 -5.451781 17.727248
2829 93.960760 -6.039240 20.429777
19357 27.579153 27.579153 53.652176
13996 27.837035 27.837035 53.365980
7683 47.560679 -25.366253 74.633747
4283 19.945515 19.945515 70.473644
8014 19.097479 19.097479 71.642760
9239 18.345969 18.345969 39.231093
9107 17.406276 17.406276 39.059464
15491 17.901475 17.901475 40.795390
3077 37.123814 -24.835599 75.164401
3076 37.244407 -24.946415 75.053585
1418 94.208259 -5.791741 59.256617
17972 94.583597 -5.416403 60.382302
7268 55.047375 -30.049060 69.950940
10402 54.593934 -30.467128 69.532872
349 55.073207 -30.559200 69.440800
15855 36.983953 -31.219237 31.219237
18753 37.232556 -31.468388 31.468388
4415 36.936343 -31.511078 31.511078
490 82.246924 -17.753076 48.695498
15312 82.551716 -17.448284 48.731242
15311 82.315099 -17.684901 49.644325
384 26.459299 -7.638176 7.638176
17372 27.176136 -6.371847 6.371847
14183 66.473438 -13.429067 86.570933
10170 66.839150 -13.744691 86.255309
5144 38.045655 -24.037917 24.037917
775 38.489487 -24.462299 24.462299
6312 39.689470 -11.833796 11.833796
6314 39.014500 -11.576741 11.576741
17848 37.997326 -21.323101 78.676899
19159 38.060136 -21.642286 78.357714
9150 55.718549 -16.287132 16.287132
9646 55.811872 -15.504060 15.504060
9151 56.664663 -15.802443 15.802443
17429 45.892352 -29.797059 70.202941
9960 45.515057 -29.604971 70.395029
4536 87.459869 -0.991837 0.991837
4573 21.950721 21.950721 30.221630
13237 54.377254 -24.391594 75.608406
3621 85.930657 -2.418648 2.418648
11856 86.637947 -2.201209 2.201209
7018 37.019472 -27.003750 72.996250
7514 37.276339 -27.107338 72.892662
17020 37.280543 -26.829753 73.170247
4824 77.226687 -21.824348 21.824348
159 77.611833 -21.052838 21.052838
18527 84.457929 -15.542071 45.804946
15453 84.114179 -15.885821 46.347407
9481 84.179383 -15.820617 45.071263
8959 84.539966 -15.460034 62.286819
17027 84.404958 -15.595042 60.201274
2241 81.538133 -8.453785 8.453785
1175 81.473409 -9.160865 9.160865
8037 50.150714 -23.910009 76.089991
8036 49.933798 -24.431715 75.568285
12580 80.089065 -14.948074 85.051926
12578 80.339011 -14.672115 85.327885
12579 79.994810 -14.791126 85.208874
12763 28.798860 -7.296655 7.296655
13166 30.001095 -7.365372 7.365372
12764 28.997936 -8.444101 8.444101
1214 91.216270 -8.783730 33.188438
8585 91.361945 -8.638055 30.435664
1215 91.817024 -8.182976 31.278971
9608 44.709634 -43.649123 43.649123
2358 45.238107 -44.367961 44.367961
2246 44.736842 -44.736842 44.736842
11733 79.937649 -20.062351 49.743540
16012 79.628597 -20.371403 49.625721
2441 65.939107 -14.317235 14.317235
12574 66.301060 -14.874877 14.874877
12576 65.473988 -14.957917 14.957917
267 85.515512 -2.152744 2.152744
12040 85.199274 -2.174905 2.174905
2656 83.872326 16.127674 56.438647
16484 84.324672 15.675328 51.513361
4550 73.567013 -18.719729 18.719729
8901 74.062629 -19.040830 19.040830
13832 57.600151 -31.573260 68.426740
8588 58.099915 -31.843228 68.156772
14168 36.599844 -29.343635 29.343635
10667 90.704419 -8.569094 8.569094
13262 89.774636 -9.102896 9.102896
10668 90.004841 -8.437301 8.437301
15655 33.930521 -27.309165 27.309165
12684 33.997377 -27.566950 27.566950
15323 76.356554 -9.486095 90.513905
13217 77.116522 -9.115020 90.884980
14869 76.497074 -9.054501 90.945499
6519 41.666667 0.000000 0.000000
6517 46.541367 6.185884 6.185884
6108 52.892435 -1.898561 98.101439
6110 52.425769 -2.239938 97.760062
1261 59.930121 -14.807538 85.192462
4064 59.252468 -15.112177 84.887823
12060 76.007127 -8.589393 91.410607
12059 76.602110 -8.634694 91.365306
14641 76.690157 -8.230281 91.769719
13551 91.757224 -8.242776 77.902933
13332 92.310676 -7.689324 79.139896
12286 43.925234 0.000000 100.000000
5697 50.510918 10.562545 89.437455
5699 42.990654 0.000000 100.000000
12533 75.319916 -2.434757 2.434757
7678 74.807436 -2.890094 2.890094
11851 74.472981 -2.416125 2.416125
11695 73.931939 26.068061 28.743829
17536 56.038448 -20.805085 20.805085
14856 71.331140 28.668860 33.514064
14857 71.111111 28.888889 28.888889
16540 63.943487 -21.384980 78.615020
2146 84.946720 -2.416316 2.416316
16168 84.757882 -2.559961 2.559961
2294 84.702715 -2.409062 2.409062
8280 42.641732 -19.869293 80.130707
5060 96.314352 -3.685648 82.080382
15671 46.630380 -30.057477 30.057477
2350 63.009318 -27.994268 72.005732
561 47.571143 -18.066513 81.933487
11504 48.191393 -17.675224 82.324776
14965 79.525294 -20.474706 54.790770
19025 79.057675 -20.942325 55.771978
4084 79.143026 -20.856974 54.079173
16854 79.550987 -20.449013 56.576219
14205 42.765284 -1.338342 98.661658
15466 42.637783 -0.640401 99.359599
10902 71.701345 -9.342692 9.342692
17122 71.027992 -9.876360 9.876360
15614 70.823263 -9.260740 9.260740
16252 61.110785 -14.635792 85.364208
2842 60.579172 -14.467492 85.532508
6637 77.728669 -22.271331 66.933235
10925 78.254920 -21.745080 68.233842
1453 77.724547 -22.275453 68.871091
17583 71.819081 -9.978911 9.978911
5717 71.821861 -10.699973 10.699973
17582 71.187088 -10.390395 10.390395
1832 23.472804 -7.484352 92.515648
4742 86.308482 -1.829367 1.829367
4740 86.732647 -1.868721 1.868721
23527 83.089868 5.820515 94.179485
11821 47.843773 12.147242 87.852758
6377 39.252336 0.000000 100.000000
10809 75.793949 -24.206051 73.985655
10459 75.324675 -24.675325 75.324675
10810 75.185876 -24.814124 73.332589
2287 61.667382 -37.173410 62.826590
16654 61.582012 -36.657224 63.342776
1410 56.296872 -30.939699 69.060301
1412 56.583973 -30.316697 69.683303
18554 56.068506 -30.593621 69.406379
9428 21.296296 0.000000 0.000000
1432 23.179987 4.338160 4.338160
9429 23.688515 3.225463 3.225463
17218 56.014989 -5.059316 94.940684
14228 56.721992 -5.398345 94.601655
14544 64.213801 -27.236123 72.763877
16893 64.516792 -27.599115 72.400885
8926 41.662260 -25.463233 74.536767
13328 41.969464 -25.609567 74.390433
4615 42.021654 -25.237824 74.762176
1594 52.648348 -9.505958 9.505958
9479 41.557463 29.324307 29.324307
8842 42.857453 31.116566 31.116566
7968 32.364354 -9.857629 9.857629
7969 31.552830 -10.751174 10.751174
17142 92.795195 -7.204805 45.691908
1491 41.005849 -19.190869 80.809131
1470 41.590717 -18.997804 81.002196
1472 41.171624 -18.678370 81.321630
12862 80.504013 -4.847183 4.847183
4639 79.628467 -5.325095 5.325095
4641 79.583476 -4.705163 4.705163
18019 51.306879 -16.862825 16.862825
17013 52.150032 -17.153387 17.153387
13432 94.115484 -1.499289 98.500711
13147 72.058482 -7.236959 92.763041
2609 75.527445 -24.472555 45.440857
14741 75.225846 -24.774154 46.922187
7826 94.215606 -5.784394 62.087212
1069 81.683561 -18.316439 50.395003
17011 81.796032 -18.203968 49.675149
3958 81.892064 -18.107936 50.385264
13140 44.352018 -7.586727 7.586727
17203 44.868793 37.251029 37.251029
15026 43.012108 35.004636 35.004636
6275 43.340260 36.927910 36.927910
9885 60.380724 -32.449216 32.449216
18390 60.685143 -31.710738 31.710738
17757 61.156441 -32.139401 32.139401
16811 54.685618 -22.066174 22.066174
18156 54.004299 -22.448070 22.448070
18155 54.126053 -21.816208 21.816208
3616 38.743098 -33.397147 33.397147
15726 94.849018 -5.150982 53.780915
230 32.370386 -29.137706 70.862294
13698 31.769446 -29.548604 70.451396
1312 77.215907 -22.784093 37.038342
17035 77.229171 -22.770829 35.417815
2725 77.840699 -22.159301 35.743441
14747 17.859718 17.859718 63.275470
4749 18.608833 18.608833 33.157616
9972 18.715307 18.715307 34.986569
4747 19.379279 19.379279 34.471897
8056 62.976457 25.196353 25.196353
1015 56.840418 17.164818 17.164818
7883 45.996360 -22.446806 77.553194
18856 46.466961 -22.373121 77.626879
11429 46.218718 -22.039362 77.960638
19328 40.456545 -25.574189 74.425811
18032 40.758849 -25.400434 74.599566
18033 40.480861 -25.267655 74.732345
1327 37.815041 -3.067177 3.067177
8481 38.791012 -2.968339 2.968339
8482 38.425487 -4.035295 4.035295
7928 91.227395 -8.772605 76.407434
6364 33.027820 -12.821794 12.821794
6363 33.996314 -13.000590 13.000590
11049 46.247135 -43.832865 43.832865
18308 24.749533 -16.211348 83.788652
11112 61.940437 -11.732196 11.732196
15908 82.916785 -1.198474 98.801526
7812 82.714230 -1.253306 98.746694
7517 82.895677 -1.270242 98.729758
11059 83.083480 -1.214091 98.785909
7486 38.723286 -1.585945 98.414055
4534 38.452086 -2.546070 97.453930
12604 72.674309 -21.345747 21.345747
11259 73.588250 -20.760929 20.760929
3539 36.532993 -6.539466 93.460534
3540 36.212583 -5.756838 94.243162
13850 68.971236 -6.586036 6.586036
3468 67.870512 -7.024379 7.024379
17066 68.260469 -6.120648 6.120648
11117 80.872148 -14.735218 85.264782
10674 81.067790 -14.801878 85.198122
15675 81.327639 -14.470846 85.529154
7097 98.700912 -1.299088 47.362555
9383 98.958704 -1.041296 50.921210
10553 98.386354 -1.613646 51.332655
2102 80.931198 19.068802 65.462078
2101 80.729998 19.270002 60.045090
6646 69.077752 -2.336283 97.663717
10819 69.492227 -1.917371 98.082629
14280 68.605627 -2.023334 97.976666
15390 82.711236 -17.288764 55.820206
10392 83.145826 -16.854174 54.663387
10391 83.137672 -16.862328 56.576845
12481 55.762687 -39.716799 39.716799
1421 55.282040 -40.727460 40.727460
4816 66.957632 -33.042368 52.609148
11202 77.570093 0.000000 100.000000
13138 77.028076 -0.447316 99.552684
6524 58.648028 -7.153234 92.846766
11613 59.218779 -6.675406 93.324594
7109 58.807026 41.192974 49.550970
8614 59.449468 40.550532 47.189123
4957 67.435623 -32.564377 36.958525
12270 34.532690 -20.724224 20.724224
12269 34.675593 -19.944031 19.944031
11931 27.467370 -6.325986 93.674014
11932 28.437047 -5.963390 94.036610
2559 57.984858 -26.142967 73.857033
2697 57.513429 -26.415680 73.584320
14671 57.856942 -26.606227 73.393773
15320 67.238299 -4.702810 95.297190
309 67.263780 -4.164990 95.835010
6497 63.064599 -36.935401 54.043200
5147 62.709434 -37.290566 53.052179
19143 63.299570 -36.700430 52.357196
2649 86.243085 -7.419136 92.580864
5379 85.586402 -7.924558 92.075442
14375 86.372525 -7.715709 92.284291
5499 64.014006 -26.836572 73.163428
5498 63.776560 -26.462158 73.537842
11028 67.624315 -32.375685 53.130498
12730 44.694227 -26.108262 26.108262
13341 45.157527 -25.755936 25.755936
15790 45.103581 -26.425803 26.425803
3123 42.879059 -2.002180 97.997820
6618 55.917943 -31.575601 68.424399
6619 55.454606 -32.219989 67.780011
6620 56.161685 -32.139563 67.860437
6289 61.535460 -17.712386 17.712386
6287 62.407672 -17.642807 17.642807
12610 69.732342 -24.960171 75.039829
6958 69.094177 -25.204122 74.795878
1706 59.855802 -32.037278 32.037278
13359 59.018813 -32.080337 32.080337
7332 34.494580 -15.900279 15.900279
10177 33.708819 -16.243764 16.243764
8717 28.911609 -26.901122 26.901122
2433 27.847633 -26.860356 26.860356
11135 28.273908 -26.294092 26.294092
16539 21.066207 -13.509902 86.490098
14496 20.474989 -13.094230 86.905770
14220 19.873374 -13.941118 86.058882
5522 69.793858 -26.355839 73.644161
10734 69.311462 -27.035844 72.964156
3252 69.941259 -26.812851 73.187149
7089 59.992340 -16.675927 83.324073
12292 59.701468 -17.060565 82.939435
9930 60.251122 -17.077483 82.922517
8488 36.928486 -27.673171 27.673171
12444 68.208940 -21.577832 78.422168
17313 67.997100 -21.308664 78.691336
10911 82.253494 -17.746506 56.777357
18021 82.339991 -17.660009 55.062886
2707 82.745461 -17.254539 54.112311
1087 54.919479 -15.592289 84.407711
8395 54.864986 -15.060178 84.939822
1088 54.304334 -15.485276 84.514724
19055 78.905533 -17.860904 82.139096
1025 52.385992 -31.812043 68.187957
13327 41.640357 -25.799920 74.200080
13408 66.433693 -15.748211 84.251789
13407 67.077951 -15.347023 84.652977
18062 66.535947 -15.234417 84.765583
8389 69.632655 -23.121583 23.121583
13450 75.775419 -20.219542 79.780458
13451 75.981182 -20.486628 79.513372
15561 75.562123 -21.118352 78.881648
8490 82.394486 -17.605514 69.827568
5591 27.882883 2.673705 2.673705
13043 26.116352 26.116352 57.655152
15362 25.657012 25.657012 58.479255
18095 4.620889 -1.775170 1.775170
3245 3.157895 -3.157895 3.157895
7384 3.976738 -1.458474 1.458474
11865 78.472222 -21.527778 21.527778
11832 31.150713 -17.512286 17.512286
2716 31.037985 -18.349951 18.349951
16563 30.254701 -17.938283 17.938283
15967 75.424113 -24.575887 67.276464
13746 76.494263 -23.505737 57.080875
15744 76.048365 -23.951635 58.545787
3284 75.887157 -24.112843 56.883678
8571 65.435103 -31.593507 68.406493
18337 34.398612 -23.244328 76.755672
5296 34.518828 -22.690340 77.309660
935 70.341670 -12.847156 12.847156
936 70.803350 -12.182047 12.182047
937 71.217012 -12.731428 12.731428
404 47.571698 -4.975625 95.024375
18557 46.740776 -4.823189 95.176811
405 46.954017 -5.465323 94.534677
23038 77.814210 -16.769781 83.230219
23037 78.031714 -16.686356 83.313644
17647 65.040433 -21.664872 78.335128
19203 57.519550 -42.480450 55.697930
18447 57.792208 -42.207792 57.792208
16779 16.172565 16.172565 70.124032
13636 16.963751 16.963751 68.299949
17708 16.129156 16.129156 68.023641
15813 35.725958 30.268817 69.731183
9323 34.633778 30.575450 69.424550
15207 34.255850 27.982294 72.017706
8198 73.869981 -18.353291 81.646709
9111 74.059175 -18.596080 81.403920
9112 74.402703 -18.157160 81.842840
2871 67.553570 -32.446430 46.245867
8661 68.160602 -31.839398 46.876436
16515 45.370370 0.000000 0.000000
6692 68.365843 -20.800477 79.199523
19174 68.553419 -21.119757 78.880243
6470 45.745424 -18.987353 81.012647
2764 45.253743 -18.723978 81.276022
14462 45.158131 -19.268978 80.731022
17968 21.908485 -20.829129 79.170871
19169 75.092304 -24.907696 55.586038
13458 35.666062 32.826719 32.826719
4180 36.712520 34.186636 34.186636
2179 93.901512 1.733666 1.733666
23592 94.638733 1.500630 1.500630
17091 96.111111 3.888889 3.888889
23612 95.678034 2.132869 2.132869
23620 95.218081 1.880597 1.880597
1874 36.711812 -29.970469 29.970469
13892 36.650794 -29.844209 29.844209
1872 36.818259 -29.904868 29.904868
5860 70.030369 -27.812860 27.812860
713 69.748701 -28.662407 28.662407
5849 69.246027 -28.242776 28.242776
9690 51.419150 -7.965529 7.965529
386 82.681651 -1.932916 1.932916
15747 47.494465 -24.643882 75.356118
3996 62.686282 -37.313718 59.053048
9068 22.486754 -15.339403 15.339403
5901 21.980445 -16.475123 16.475123
14415 44.110365 -31.510571 68.489429
7304 43.743607 -31.981137 68.018863
17677 52.092394 -26.536162 73.463838
14090 59.562054 -5.872553 5.872553
1499 77.341141 22.658859 30.235691
1497 76.903507 23.096493 27.622915
18783 64.178636 -28.290812 71.709188
9123 91.420314 -8.579686 14.805585
9124 91.322313 -8.677687 17.059554
9122 90.834621 -9.165379 17.340778
370 58.500000 41.500000 58.500000
8638 28.147953 28.147953 51.907807
8639 28.240376 28.240376 51.929756
8640 28.200224 28.200224 51.779308
15055 78.211960 -2.789178 2.789178
16656 78.578867 -2.180839 2.180839
12601 79.209085 -2.655747 2.655747
9228 43.862550 -4.084901 95.915099
16035 44.493939 -3.691052 96.308948
715 43.684423 -3.427944 96.572056
8265 36.237622 -24.965059 75.034941
8263 36.305828 -25.140794 74.859206
10695 81.872017 -15.159430 84.840570
10337 52.031686 -14.318204 85.681796
5355 52.709346 -14.393828 85.606172
5354 52.619103 -13.864228 86.135772
7516 83.071595 -1.284970 98.715030
8225 70.666421 -13.383039 13.383039
12306 28.486627 -12.945378 87.054622
15391 29.379899 -13.169096 86.830904
14660 29.299100 -12.318231 87.681769
4344 71.131948 -28.868052 45.848507
4343 70.508842 -29.491158 46.318885
17959 52.372606 -2.714849 97.285151
10562 7.663208 7.663208 80.318462
15689 40.548336 -23.923526 23.923526
391 40.971982 -24.444835 24.444835
14561 45.617062 -13.349508 86.650492
18478 44.776021 -13.497256 86.502744
6851 45.254625 -14.014620 85.985380
1856 71.345029 28.654971 51.428793
7276 71.634377 28.365623 54.944878
17289 73.297718 -11.219615 88.780385
6729 72.524609 -11.548199 88.451801
5472 73.034484 -11.707148 88.292852
23639 99.757541 0.242459 2.140422
5862 59.737784 -36.827673 63.172327
2593 59.000753 -37.359891 62.640109
9341 73.367631 -26.632369 35.262860
9461 73.685971 -26.314029 36.155101
11952 73.150621 -26.849379 36.769462
18817 56.571215 -31.374245 68.625755
10627 32.847236 -19.704297 80.295703
5253 51.844210 -27.825340 72.174660
11994 51.374467 -27.748524 72.251476
17991 51.402191 -28.236006 71.763994
13330 78.859429 -16.314223 83.685777
12934 78.996179 -16.075127 83.924873
12907 78.681413 -16.300758 83.699242
1987 48.660806 35.234977 35.234977
8741 50.150756 37.115750 37.115750
8740 49.847707 35.658945 35.658945
8534 71.195787 -19.772269 80.227731
8581 70.992351 -20.226400 79.773600
14080 26.251765 26.251765 61.328973
6787 25.597319 25.597319 62.294504
8341 70.286506 -2.771716 2.771716
9689 51.422378 -8.726490 8.726490
7602 29.287045 29.287045 37.439840
14825 29.705813 29.705813 36.563197
19359 27.361662 27.361662 53.471919
19429 27.156377 27.156377 53.560591
2815 91.090074 -4.102061 4.102061
12588 74.084434 -2.842986 2.842986
18786 72.886637 -6.869416 93.130584
17667 73.602637 -7.007366 92.992634
12425 33.340648 33.340648 47.637437
12426 33.275240 33.275240 48.715119
3176 71.620414 10.921692 89.078308
18781 36.335954 -26.027279 73.972721
328 35.959060 -26.098735 73.901265
19227 56.679382 -36.090884 63.909116
10719 57.242600 -35.963154 64.036846
4680 76.548130 -5.515022 5.515022
12784 38.651227 34.407145 34.407145
17157 37.517610 32.544379 32.544379
4182 37.786605 34.714663 34.714663
9314 75.906317 -17.228993 82.771007
18442 76.163495 -17.434851 82.565149
975 24.748489 20.494301 20.494301
976 26.164183 21.853720 21.853720
15672 46.666947 -29.350735 29.350735
12015 86.111111 -13.888889 13.888889
9687 81.357593 5.010245 5.010245
12648 52.113174 -24.105841 75.894159
17723 52.490383 -24.152464 75.847536
1644 18.774961 14.263382 14.263382
12643 20.296349 16.271814 16.271814
4155 80.060952 -19.939048 69.021167
15338 79.707239 -20.292761 67.094817
5833 80.383792 -19.616208 67.042059
17984 83.167456 -11.676214 11.676214
13285 83.340018 -12.319146 12.319146
710 82.394366 -12.413160 12.413160
9412 39.092867 -21.713907 21.713907
8240 77.422582 -5.741055 5.741055
6574 73.577900 -19.398452 80.601548
10266 80.725954 -14.402275 85.597725
11116 80.536049 -14.754182 85.245818
13021 49.098396 -35.201686 35.201686
3742 49.420107 -35.660300 35.660300
7790 2.408164 -2.408164 90.477055
10255 32.079848 -20.024210 79.975790
8981 23.534431 23.534431 51.450946
6233 23.398088 23.398088 50.134754
18771 67.986393 -5.842490 94.157510
3193 55.783525 -23.877985 76.122015
3194 56.196646 -23.577544 76.422456
15776 45.625321 -40.826348 40.826348
6230 22.709713 22.709713 40.525524
14039 22.977523 22.977523 39.419266
2704 55.916446 -22.250330 77.749670
3457 56.316302 -22.372411 77.627589
18266 38.559540 -25.425800 74.574200
19308 38.446717 -25.393665 74.606335
17992 38.443319 -25.522424 74.477576
1665 57.892854 -6.742046 6.742046
4852 27.805260 -15.988740 84.011260
2231 27.928954 -16.802791 83.197209
2230 28.724539 -16.392661 83.607339
4334 57.334931 31.166035 31.166035
984 56.688978 29.524748 29.524748
986 55.054416 28.878910 28.878910
14730 81.206558 -13.123552 86.876448
4129 80.643482 -13.299466 86.700534
2144 84.969730 -2.292028 2.292028
12929 74.007764 25.992236 36.127900
16092 50.836520 -8.414911 8.414911
6883 59.871381 -32.000644 67.999356
658 60.421664 -31.452807 68.547193
13569 70.840843 -11.206828 88.793172
12978 70.477638 -11.760621 88.239379
10898 81.373012 -16.169935 83.830065
1859 81.671284 -16.017148 83.982852
3564 81.513140 -15.950920 84.049080
1708 60.349873 -31.169904 31.169904
6578 99.692973 -0.307027 92.046095
13438 100.000000 0.000000 95.652174
12419 79.714023 -16.029294 83.970706
979 48.834764 -6.573667 6.573667
980 49.544392 -5.913160 5.913160
5930 67.727505 -8.625058 91.374942
5045 68.426120 -8.867521 91.132479
13392 68.670597 -8.336469 91.663531
14531 63.676110 -36.323890 37.391989
5720 68.702558 31.297442 44.618918
6537 62.260276 -3.768466 96.231534
17727 42.814736 -33.651703 66.348297
18449 42.242325 -33.391942 66.608058
9057 88.143542 -7.876030 7.876030
15208 87.791566 -8.444928 8.444928
9040 87.385865 -8.098866 8.098866
13835 60.053256 -34.179678 65.820322
18210 59.712404 -34.888662 65.111338
4048 60.359753 -34.535840 65.464160
8391 46.693058 -26.396570 26.396570
4819 47.277380 -26.185293 26.185293
14962 37.164833 -29.943939 29.943939
23138 37.163563 -29.873956 29.873956
23137 37.212190 -29.882601 29.882601
1988 47.496028 34.899012 34.899012
15633 28.332055 28.332055 52.805772
15632 28.272548 28.272548 52.621247
2930 28.156969 28.156969 52.826578
5243 79.302352 -13.183931 86.816069
11295 79.434046 -13.408604 86.591396
16084 79.859143 -12.993261 87.006739
6786 26.166029 26.166029 62.653299
18513 25.962078 25.962078 63.985961
13656 56.209595 -38.222039 38.222039
12482 56.159032 -38.937705 38.937705
2081 55.615848 -38.989507 38.989507
12816 64.518984 -35.481016 44.152006
13907 63.954700 -36.045300 44.295841
13115 15.767904 -6.381697 93.618303
11353 14.868334 -6.314617 93.685383
10341 14.433394 -7.735331 92.264669
17644 81.704797 -12.672869 87.327131
6194 53.234166 -26.964859 73.035141
5488 76.782278 -18.245466 81.754534
17713 38.221048 -24.601308 75.398692
13965 38.130176 -24.410073 75.589927
5049 84.474326 -15.525674 38.265270
9819 84.636517 -15.363483 39.602475
9818 84.153808 -15.846192 39.975158
17789 37.230921 -28.936548 71.063452
8231 36.949901 -28.437261 71.562739
14346 90.714466 -9.285534 15.632563
13689 89.984365 -10.015635 16.664758
7619 90.571640 -9.428360 13.808467
4355 34.276810 -26.733470 26.733470
3079 34.544243 -26.908989 26.908989
15674 34.271238 -26.994912 26.994912
12293 35.347275 -27.412020 72.587980
9372 34.959321 -27.161120 72.838880
17002 55.354061 -7.167361 92.832639
7023 55.778314 -7.471542 92.528458
10085 36.114002 -32.944929 32.944929
4789 37.114792 -23.234013 76.765987
18257 53.539698 -31.357926 68.642074
6630 83.179980 -0.766634 99.233366
9019 10.119554 7.685816 7.685816
9020 8.378911 3.860870 3.860870
8576 65.875427 -19.029238 19.029238
11455 65.907508 -18.300095 18.300095
11507 93.480111 -6.519889 39.238634
4620 92.791781 -7.208219 40.343372
11506 93.217569 -6.782431 37.438690
6791 51.733785 -13.168262 86.831738
10338 51.917701 -13.742700 86.257300
11274 52.595764 -13.203520 86.796480
13930 83.190848 -14.078138 85.921862
9144 82.769436 -14.211427 85.788573
17179 53.371355 -14.420449 85.579551
7156 52.876941 -14.887613 85.112387
7155 53.543829 -14.917132 85.082868
8854 66.043418 -3.075020 96.924980
1829 66.204175 -3.487498 96.512502
2630 82.282796 -17.717204 43.705790
2632 82.025783 -17.974217 44.031115
9136 40.417498 -30.740404 69.259596
12809 40.718618 -31.240407 68.759593
9306 64.436947 -18.639785 18.639785
115 64.453058 -19.358779 19.358779
9307 63.713677 -19.156162 19.156162
17350 20.871237 20.871237 56.703764
70 20.927711 20.927711 58.067703
11787 83.362000 -13.291312 86.708688
95 79.666716 -18.901261 81.098739
4041 77.832638 22.167362 29.747572
10216 78.305076 21.694924 28.843978
17172 78.076001 21.923999 25.734413
5557 33.398597 33.398597 52.666360
18823 64.899970 -34.299760 34.299760
8623 65.277778 -34.722222 34.722222
8622 64.512496 -34.905282 34.905282
7209 12.815129 12.815129 67.610187
398 80.314567 -6.668168 6.668168
14743 81.175478 -6.237733 6.237733
8572 81.063282 -6.851261 6.851261
10066 37.556369 -24.975624 75.024376
15030 37.728952 -24.904318 75.095682
8561 55.268541 -27.173101 72.826899
10581 54.719115 -27.234632 72.765368
1239 54.854905 -27.629983 72.370017
16538 32.727715 -21.115845 21.115845
9616 32.407255 -20.296436 20.296436
16536 33.277090 -20.369996 20.369996
8377 30.637034 18.304488 18.304488
8375 31.607028 21.265059 21.265059
8376 32.493010 20.786008 20.786008
6615 22.120358 22.120358 26.041011
18779 21.766709 21.766709 27.173561
4222 84.156162 -13.582200 13.582200
5011 84.694485 -13.831551 13.831551
5010 83.885585 -14.242711 14.242711
2337 71.137388 -8.777389 91.222611
8497 71.598705 -9.024244 90.975756
5531 71.963028 -8.548027 91.451973
14316 46.135448 -7.397610 92.602390
13062 45.741740 -7.921747 92.078253
11835 46.435804 -8.017627 91.982373
16153 46.391382 -28.846449 71.153551
11877 46.296805 -28.394710 71.605290
9007 59.409263 -33.176138 66.823862
18818 58.827666 -33.281535 66.718465
10492 73.689917 -12.890737 87.109263
11134 29.261969 -26.329207 26.329207
16548 92.515028 -7.484972 59.851013
2056 92.923198 -7.076802 56.919907
2539 71.534373 -16.532100 16.532100
9587 70.747061 -16.449888 16.449888
2540 71.423420 -15.868429 15.868429
1070 81.711992 -18.288008 51.105964
1068 81.505043 -18.494957 50.862739
17125 77.758672 -22.241328 38.610473
6265 46.099587 30.136948 30.136948
2544 44.291242 28.384171 28.384171
1307 14.297431 -9.669566 90.330434
1505 15.044779 -8.070065 91.929935
10319 13.230733 -9.604329 90.395671
15345 52.186796 -14.859685 85.140315
15108 51.401415 -14.828564 85.171436
17368 78.148201 -20.152702 79.847298
1610 44.226611 -17.337323 17.337323
696 26.912846 26.912846 58.518020
13087 73.631937 26.368063 43.625017
15458 73.403888 26.596112 38.299528
9378 36.219347 -29.455204 29.455204
5041 56.858490 -43.141510 51.237834
9388 37.574831 -24.063556 75.936444
8501 37.804919 -24.061543 75.938457
9387 37.706879 -23.881356 76.118644
1191 42.500495 -27.534045 72.465955
12262 28.462661 28.462661 51.562333
18191 47.731876 33.684772 66.315228
11650 45.825742 32.219166 67.780834
11652 45.908346 30.738675 69.261325
2367 64.801266 -3.121084 3.121084
9329 75.030210 -19.450239 80.549761
2606 40.895025 -17.218459 82.781541
12770 41.306284 -16.557711 83.442289
14465 47.308594 34.714878 65.285122
11987 95.513965 -1.044643 98.955357
11989 96.129144 -0.511227 99.488773
16032 54.796994 -11.399895 88.600105
14439 54.269889 -10.976806 89.023194
8359 16.626792 -6.650548 93.349452
16139 13.648895 13.648895 65.625012
19060 65.099318 -15.497918 15.497918
12575 65.775912 -15.525429 15.525429
16310 73.409448 -16.869884 83.130116
7970 31.331067 -9.745693 9.745693
14681 39.474182 -29.668070 70.331930
1243 39.093195 -29.850607 70.149393
9821 37.410333 -26.602632 73.397368
13005 84.945480 -1.490152 1.490152
5475 66.671714 -33.328286 59.837268
6046 60.680999 -13.964358 86.035642
1262 60.486037 -14.981578 85.018422
3154 54.449966 -17.189684 17.189684
18653 55.070696 -17.397791 17.397791
18849 54.588426 -17.923713 17.923713
19255 62.357145 -21.209420 78.790580
10656 48.301667 -13.106953 13.106953
14401 49.245675 -13.539499 13.539499
1865 33.271399 4.363992 4.363992
842 35.314069 -27.783203 27.783203
16497 83.771138 -16.228862 34.718722
19265 83.684822 -16.315178 36.315547
17561 83.330630 -16.669370 36.243800
8191 76.511916 23.488084 66.188677
3937 42.732272 -40.808517 59.191483
11473 37.583948 -24.815410 75.184590
11075 37.748505 -24.738876 75.261124
969 69.986709 -4.149271 4.149271
970 69.424614 -3.782976 3.782976
3832 68.391356 -26.481724 73.518276
17895 68.504735 -26.843183 73.156817
3833 68.920457 -26.228867 73.771133
2968 39.398479 -13.117597 13.117597
6313 39.166639 -12.354797 12.354797
14547 39.978823 -12.475386 12.475386
7108 35.048866 16.106722 16.106722
6138 68.227103 -15.896908 84.103092
10385 68.812075 -15.687055 84.312945
9213 60.841043 -11.271895 88.728105
5477 60.490401 -11.853434 88.146566
9952 69.631131 -30.368869 40.754039
9951 70.145151 -29.854849 41.467668
16498 69.642793 -30.357207 42.157179
7303 43.319618 -32.474949 67.525051
3662 64.635015 -2.935104 97.064896
14863 65.534631 -2.806510 97.193490
3663 65.002167 -2.464575 97.535425
15753 59.811157 -38.656722 61.343278
9419 59.272948 -39.525315 60.474685
15223 59.891306 -39.254554 60.745446
5948 55.182260 -0.760606 99.239394
16437 84.307314 -4.222695 4.222695
15533 85.214498 -3.924830 3.924830
12704 84.856364 -4.508167 4.508167
4972 54.399388 -17.023312 82.976688
13764 76.933904 -23.066096 64.593288
8808 77.084156 -22.915844 66.424536
10326 21.296758 21.296758 52.633862
3310 21.756811 21.756811 53.702914
13755 22.175580 22.175580 52.216907
19350 28.039826 28.039826 52.081733
16657 79.854080 -2.048485 2.048485
11423 83.148462 -1.003697 98.996303
2819 83.044936 -0.972812 99.027188
15214 40.395309 -27.324842 72.675158
14927 39.996954 -27.356872 72.643128
4714 46.193656 -21.243997 78.756003
11428 45.942505 -21.709963 78.290037
10076 46.462061 -21.607977 78.392023
4145 53.421190 -7.794018 7.794018
6028 92.990815 -6.365551 93.634449
11287 4.553902 -4.553902 23.363407
9180 5.230311 -5.230311 20.200983
18723 5.167501 -5.167501 41.531720
14408 29.854839 26.635794 26.635794
14202 75.790139 -24.209861 46.520975
10294 56.057827 -4.415931 4.415931
3772 56.134868 -3.602866 3.602866
14262 23.189874 -20.598438 20.598438
2995 24.006642 -19.763121 19.763121
13356 24.182491 -20.586028 20.586028
16956 98.736910 -1.263090 78.394375
2021 38.565804 -26.424521 73.575479
2020 38.523845 -26.353328 73.646672
13549 38.474254 -26.426898 73.573102
7275 71.278522 28.721478 57.879258
17176 6.603387 6.603387 55.883648
17867 7.253000 7.253000 54.552080
23140 86.860767 -0.328040 99.671960
7618 89.889563 -10.110437 14.323724
18869 38.294969 -26.301880 73.698120
10133 38.382067 -26.330759 73.669241
9345 38.380439 -26.247738 73.752262
16685 28.070187 28.070187 53.106427
1639 73.948704 -0.452521 99.547479
1765 74.878138 -0.411613 99.588387
18288 77.145504 -3.803000 3.803000
15817 77.722361 -3.307822 3.307822
5481 78.107987 -3.802746 3.802746
15454 79.980189 -13.232641 86.767359
14951 30.902319 -27.830458 72.169542
12732 31.723666 -27.323289 72.676711
314 61.392097 -30.206953 69.793047
5622 61.023563 -29.888151 70.111849
3531 60.715872 -30.488947 69.511053
14304 84.078831 -15.921169 25.438990
12120 84.099685 -15.900315 23.264829
16116 61.589303 -38.410697 44.557338
13211 62.111157 -37.888843 42.907913
15097 14.225266 14.225266 57.500367
17430 14.416515 14.416515 55.020093
10525 13.580114 13.580114 56.016199
5156 61.311089 -8.914003 8.914003
5154 60.367260 -8.679854 8.679854
23162 35.137388 -25.532218 74.467782
23159 35.682840 -25.601403 74.398597
23681 23.690884 -23.690884 50.294998
13070 36.951645 -24.865302 75.134698
6374 37.026264 -24.745110 75.254890
17249 36.877987 -24.731185 75.268815
15473 32.314523 -15.314815 15.314815
17831 31.494236 -14.652356 14.652356
19046 32.666990 -14.440137 14.440137
13248 48.780488 48.780488 51.219512
3381 50.000000 50.000000 50.000000
3383 47.520303 47.520303 49.805152
14732 83.036209 -1.060818 98.939182
23353 83.169098 -1.038636 98.961364
13869 39.485098 -0.957295 0.957295
6934 38.554020 -0.983116 0.983116
16896 38.888889 0.000000 0.000000
659 60.914066 -30.897000 69.103000
657 60.421407 -31.001026 68.998974
5769 38.479145 -15.520462 84.479538
2219 38.929773 -14.814216 85.185784
16478 55.087220 -3.921210 3.921210
15336 59.525125 -9.159249 90.840751
13570 59.336985 -9.603324 90.396676
17681 91.588785 0.000000 100.000000
4480 90.600035 -0.390987 99.609013
12875 36.374358 -23.708078 76.291922
23354 82.925092 -1.003441 98.996559
23356 82.986195 -1.007286 98.992714
8151 40.840181 -18.378176 81.621824
10701 41.332677 -18.172340 81.827660
6663 48.539764 -12.141247 12.141247
689 47.967716 -11.654248 11.654248
13638 28.431955 28.431955 53.310552
13951 28.180726 28.180726 53.337429
15169 28.251520 28.251520 53.692471
3056 25.156931 25.156931 45.346043
3055 25.711043 25.711043 45.492606
733 25.570526 25.570526 44.694539
1655 80.800580 -19.199420 46.240573
1656 80.726895 -19.273105 45.674434
23285 80.874390 -19.125610 45.798382
12914 81.053175 -18.946825 45.846844
12826 53.218538 -23.069251 76.930749
14158 87.000000 13.000000 87.000000
23529 81.437405 6.613285 93.386715
23525 80.732137 5.412397 94.587603
17999 59.252138 -4.241712 95.758288
10486 38.358717 -24.766369 75.233631
17446 76.646930 -21.131118 78.868882
14647 98.545390 -1.454610 33.741636
13524 99.047136 -0.952864 32.495707
4978 40.929391 -23.171059 76.828941
4977 40.995944 -23.466374 76.533626
8408 41.954749 -29.801670 70.198330
15970 68.944418 -24.196907 75.803093
12999 69.460080 -23.691779 76.308221
9780 44.880611 -19.400265 19.400265
16234 44.102921 -38.177154 38.177154
13535 44.667561 -38.202097 38.202097
11245 44.436536 -38.939231 38.939231
7413 61.415102 -5.161688 94.838312
9004 26.828895 -22.347300 77.652700
9003 27.399675 -21.703442 78.296558
12130 26.320087 -21.707562 78.292438
5247 51.907773 -36.174007 36.174007
1349 52.226319 -35.456011 35.456011
1348 52.481001 -36.043705 36.043705
7937 77.235640 22.764360 60.121283
13037 76.855157 23.144843 56.550733
13297 37.951350 -23.876955 76.123045
5259 40.316819 -27.688625 27.688625
4810 53.607823 -40.220459 59.779541
9209 42.147771 -24.689359 75.310641
14330 45.211981 -7.536634 7.536634
401 66.338615 33.661385 38.572898
1950 65.712425 34.287575 39.321877
1877 65.845566 34.154434 44.479806
12899 58.585685 -15.342106 84.657894
7030 67.814627 32.185373 36.843882
12568 67.777778 32.222222 32.222222
12569 67.102198 32.897802 37.060741
13113 44.708489 -9.600017 90.399983
8991 44.496943 -10.263375 89.736625
17539 87.913605 12.086395 21.022055
13019 88.479944 11.520056 22.461595
11280 23.364486 0.000000 100.000000
2272 22.429907 0.000000 100.000000
5651 60.312263 -21.052520 78.947480
11162 59.937097 -21.473400 78.526600
11161 60.392286 -21.389049 78.610951
15005 82.773906 -1.027720 98.972280
10219 82.559650 -1.120972 98.879028
19087 82.837786 -1.090215 98.909785
17466 7.406854 -7.406854 50.112403
15095 7.396068 -7.396068 71.490071
9580 34.845964 -14.244355 14.244355
14176 35.682911 -13.730649 13.730649
18004 37.298437 -14.784951 85.215049
17269 37.831886 -14.182923 85.817077
6580 99.717381 -0.282619 88.070151
1395 2.335059 -2.335059 64.783510
17068 2.008278 -2.008278 69.889693
17456 1.930084 -1.930084 61.655959
8900 16.845913 16.845913 26.069986
13351 17.633824 17.633824 26.448005
13350 16.889699 16.889699 24.550522
16666 84.867292 -15.132708 51.251606
14435 85.131581 -14.868419 52.759902
9718 84.462853 -15.537147 53.072680
10365 75.008598 -5.720982 5.720982
7701 75.663692 -5.949900 5.949900
10366 74.657835 -6.352441 6.352441
2365 63.748080 -3.301375 3.301375
2351 90.451730 -9.548270 11.711693
13109 90.277778 -9.722222 9.722222
2352 90.972222 -9.027778 9.027778
1342 53.708849 -20.765758 79.234242
5888 53.396100 -21.231277 78.768723
341 26.193567 26.193567 51.664980
1299 25.827771 25.827771 52.491544
9348 26.343243 26.343243 52.348607
16083 49.149208 -20.756521 79.243479
11927 87.731575 12.268425 51.566831
1387 88.116878 11.883122 53.910934
12307 88.162653 11.837347 49.199599
9759 22.264846 -17.003280 82.996720
9828 22.270204 -17.830773 82.169227
13939 86.940102 -0.706595 99.293405
11730 87.392595 -0.870510 99.129490
16274 58.457278 -35.470807 64.529193
4991 58.711370 -35.882025 64.117975
16275 59.077532 -35.188884 64.811116
836 43.168652 -28.359888 71.640112
11836 42.781354 -28.717823 71.282177
837 43.241727 -28.839805 71.160195
9097 83.222457 -8.669822 91.330178
9098 82.936120 -8.421456 91.578544
7901 18.125601 15.038644 15.038644
7300 17.289625 12.082799 12.082799
14094 50.540628 -17.123258 82.876742
5470 49.933153 -16.953518 83.046482
8670 0.909521 -0.909521 87.395441
15410 24.210526 -24.210526 24.210526
12943 25.234368 -24.473275 24.473275
12945 24.736842 -24.736842 24.736842
18705 80.915777 -16.890721 83.109279
18073 81.354138 -16.558690 83.441310
11100 81.032482 -16.615235 83.384765
23519 92.777106 3.370443 96.629557
1436 94.000000 6.000000 94.000000
23530 91.827303 2.578128 97.421872
2726 90.654206 0.000000 100.000000
13707 77.329691 -10.595602 89.404398
13706 77.666985 -10.848859 89.151141
6634 78.162064 -10.310832 89.689168
6069 23.299536 23.299536 41.580502
14577 23.792187 23.792187 42.621051
19057 16.562812 16.562812 46.658536
12756 16.834689 16.834689 45.261289
8683 54.865285 -42.664142 57.335858
10422 69.017466 -30.982534 50.622062
11006 68.531333 -31.468667 51.367341
16131 40.217310 -25.016090 25.016090
12654 22.171980 -19.426542 19.426542
10418 84.303327 -1.850891 1.850891
10420 84.465906 -1.863107 1.863107
15948 84.313314 -1.940127 1.940127
3650 44.275302 -26.175796 73.824204
14276 44.614178 -26.541212 73.458788
3651 44.788869 -26.059981 73.940019
3908 83.411268 -16.588732 78.155250
18722 14.532705 -5.033198 5.033198
16855 12.388748 -6.481766 6.481766
15513 14.839531 -3.370013 3.370013
16015 29.181130 -9.558159 9.558159
5277 28.256778 -10.578098 10.578098
5276 28.034190 -9.487884 9.487884
7252 68.912294 -31.087706 35.798757
7251 68.431823 -31.568177 35.827679
6542 76.189639 -13.638542 13.638542
1266 75.511607 -14.407841 14.407841
18799 75.308936 -13.733221 13.733221
5088 65.856391 -12.401767 87.598233
14494 65.470069 -12.985611 87.014389
13717 53.751345 -26.767224 73.232776
17733 53.590013 -27.136368 72.863632
175 65.858401 -17.575351 17.575351
9925 65.150971 -18.119752 18.119752
11530 57.946214 -22.767564 77.232436
3882 84.129509 -1.936434 1.936434
18197 57.195631 -39.030390 60.969610
11169 57.580789 -38.182671 61.817329
17957 23.665411 12.554859 12.554859
531 22.227535 8.801321 8.801321
8484 18.872430 9.058740 90.941260
625 19.610318 7.998900 92.001100
11081 58.055435 -20.625559 79.374441
10962 63.462472 -31.083459 31.083459
10705 63.758967 -30.289729 30.289729
2698 64.240996 -30.714979 30.714979
12473 4.720729 4.720729 62.324079
85 5.489104 5.489104 61.291314
2318 5.083311 5.083311 58.464191
13896 69.227836 30.772164 44.417150
16678 69.738689 30.261311 42.710190
13897 69.463741 30.536259 40.701586
1759 47.465262 -10.767963 89.232037
2430 46.849665 -10.518181 89.481819
17956 23.786622 -16.834413 16.834413
12715 22.644687 -17.087937 17.087937
13232 23.360030 -15.955704 15.955704
10727 43.415347 -25.704321 74.295679
14934 43.383857 -25.425019 74.574981
12709 81.420917 -18.579083 45.142526
14354 81.390766 -18.609234 44.553666
12570 81.584746 -18.415254 44.775647
1629 80.551693 -8.270207 8.270207
1630 79.621878 -8.997581 8.997581
1631 79.440611 -8.349606 8.349606
3711 44.840815 -14.597917 14.597917
3709 44.184951 -14.176383 14.176383
3710 44.966522 -13.777969 13.777969
15647 90.323756 -9.676244 58.244827
18689 43.319476 -33.986621 66.013379
2137 78.796948 -20.186304 79.813696
2136 78.273508 -20.796851 79.203149
11358 78.815095 -20.565868 79.434132
14308 70.163287 29.836713 44.733589
16679 70.123245 29.876755 41.035364
5957 67.500000 32.500000 67.500000
3900 68.080351 31.919649 58.660289
15840 62.222222 37.777778 37.777778
14393 62.777778 37.222222 37.222222
2414 60.656988 35.688564 35.688564
8721 54.019759 -10.396127 10.396127
1269 54.745655 -10.805887 10.805887
7673 51.553591 -29.309911 70.690089
16741 51.061825 -29.335290 70.664710
13413 57.196981 42.803019 46.690763
15086 57.222222 42.777778 42.777778
1456 46.993686 -14.224195 85.775805
1455 46.728792 -13.776127 86.223873
5560 56.181885 -8.439108 91.560892
7050 60.954990 -16.009547 83.990453
7048 61.526110 -15.587520 84.412480
7049 60.997501 -15.534610 84.465390
11910 43.371281 -0.769073 99.230927
18341 36.059243 -33.885939 66.114061
6758 35.343178 -34.361505 65.638495
2863 41.965252 -4.482288 4.482288
9610 41.009490 -4.614931 4.614931
1476 41.330641 -3.648811 3.648811
7072 48.477881 -15.274542 15.274542
4438 49.068774 -15.787572 15.787572
16771 48.235080 -16.035158 16.035158
9936 80.601151 -15.523327 84.476673
5 80.279383 -15.690226 84.309774
12896 64.019698 -22.275386 77.724614
1345 48.272076 -1.468513 98.531487
18579 81.286565 -14.007639 85.992361
11115 81.054001 -14.412433 85.587567
15551 66.355140 0.000000 100.000000
1033 50.367294 -14.629602 85.370398
8872 50.071387 -14.238137 85.761863
1977 70.725706 -21.045898 78.954102
17641 71.143469 -20.713592 79.286408
6715 83.347632 -16.652368 62.945589
6713 82.710085 -17.289915 63.573884
6714 82.948145 -17.051855 61.188743
10781 88.286452 -2.922633 2.922633
18570 87.289309 -3.217074 3.217074
10782 87.784823 -2.629373 2.629373
14595 29.127236 29.127236 45.553626
14596 29.220917 29.220917 45.914204
14958 74.867374 -7.755554 7.755554
10799 78.731597 -15.338857 84.661143
10798 78.463560 -15.357175 84.642825
1273 39.110564 33.584426 66.415574
7589 40.477723 34.523988 65.476012
14283 59.729976 -27.670644 72.329356
12693 60.258510 -27.350652 72.649348
18976 59.894656 -27.112968 72.887032
5944 23.092829 23.092829 47.769055
5945 23.841093 23.841093 47.519122
5943 23.325183 23.325183 46.516232
2791 37.198348 -22.492216 77.507784
15654 34.256265 -27.247767 27.247767
14405 34.035946 -27.079426 27.079426
15154 62.893394 -12.436755 87.563245
4656 62.165699 -12.454308 87.545692
13387 96.252255 3.747745 83.217261
10002 46.749068 -30.649671 69.350329
10000 46.584593 -31.297181 68.702819
19246 64.163519 -23.943877 76.056123
18231 63.694027 -24.252480 75.747520
14294 49.654524 40.082510 59.917490
6119 49.259815 40.922555 59.077445
6121 47.918151 38.977471 61.022529
212 60.900738 -38.439053 38.439053
214 60.422509 -38.277849 38.277849
2678 61.028225 -37.714831 37.714831
6445 48.108520 -31.655828 68.344172
9998 48.031228 -32.324692 67.675308
10463 59.054428 -16.529147 83.470853
10464 58.741214 -17.087068 82.912932
7088 59.401423 -16.830099 83.169901
9512 42.291633 22.381053 77.618947
18866 43.525117 22.751368 77.248632
6018 88.334072 -3.804151 3.804151
567 8.776606 8.776606 20.679291
568 8.650470 8.650470 16.761999
14051 81.954283 -1.681479 1.681479
12670 82.467839 -1.174430 1.174430
7692 73.585589 26.414411 48.219946
19089 73.119068 26.880932 49.551502
8178 86.960903 -7.976331 92.023669
1881 86.097834 -8.422687 91.577313
15676 47.818588 -2.256485 97.743515
10146 47.171118 -1.536107 98.463893
12796 21.782701 21.782701 48.869787
10370 22.278830 22.278830 48.066832
18376 81.000000 19.000000 81.000000
9547 56.310242 -21.121576 78.878424
4109 56.351523 -21.459956 78.540044
6547 56.707572 -21.100050 78.899950
17295 48.402218 -20.406720 79.593280
18618 48.062137 -20.244338 79.755662
18461 48.033379 -20.680698 79.319302
18361 11.111111 0.000000 0.000000
16531 13.159917 3.848820 3.848820
14204 12.037037 0.000000 0.000000
1965 24.282455 24.282455 52.846708
6438 24.400250 24.400250 53.819205
6439 24.829652 24.829652 53.084136
14587 78.781099 -21.218901 32.249616
17540 87.411344 12.588656 19.374718
12961 87.716753 12.283247 16.412704
18832 87.222222 12.777778 12.777778
17603 86.930425 13.069575 18.489659
1134 68.111756 -10.787932 10.787932
17663 67.391921 -11.288151 11.288151
16344 52.513572 -34.869272 34.869272
9128 30.672602 20.954854 79.045146
3142 29.532669 18.692750 81.307250
3704 45.791857 25.624290 74.375710
12392 58.113107 -26.235614 26.235614
7719 65.856015 -15.607598 84.392402
17919 65.739870 -16.152949 83.847051
15389 43.653317 -25.978232 25.978232
17075 43.487635 -25.534863 25.534863
15109 36.079937 -19.528429 19.528429
5922 78.253117 -21.274641 78.725359
5921 78.841210 -20.875970 79.124030
9400 34.501914 -28.801388 28.801388
10115 34.612714 -28.983081 28.983081
10700 40.850625 -17.900191 82.099809
708 81.466277 -12.476514 12.476514
7528 81.326763 -11.879897 11.879897
709 82.199409 -11.794439 11.794439
12135 23.983211 -13.157802 86.842198
12134 22.922644 -13.483897 86.516103
9198 47.625776 -28.553481 71.446519
2313 38.039660 -24.720037 75.279963
6861 3.485943 -3.485943 81.723760
3596 3.346410 -3.346410 72.027396
12991 3.900103 -3.900103 77.814261
16006 82.485945 -7.926823 92.073177
14613 82.400551 -17.599449 44.368682
14677 82.499534 -17.500466 45.082143
10505 71.907224 -3.154187 96.845813
17618 72.377456 -3.436663 96.563337
10504 72.780516 -3.014949 96.985051
18328 66.986259 -31.786609 68.213391
12880 67.038540 -31.303615 68.696385
18674 82.301477 -15.898553 84.101447
18072 81.823705 -16.453614 83.546386
3356 53.711362 -1.445679 1.445679
1818 52.815688 -0.700681 0.700681
7634 54.727178 -5.629278 94.370722
12788 54.040921 -5.972585 94.027415
7635 54.799366 -6.186589 93.813411
18924 59.072351 -28.259905 28.259905
16077 66.730401 -33.269599 61.538501
4571 21.334708 21.334708 28.303097
5033 24.506617 24.506617 59.186907
5032 24.563938 24.563938 60.254343
19021 25.137738 25.137738 59.331354
12866 54.694446 -19.925295 80.074705
5659 50.742545 -6.163568 6.163568
8839 38.978178 -9.814169 9.814169
9118 38.962105 -10.722550 10.722550
9021 38.139206 -10.302374 10.302374
12474 5.102379 5.102379 64.586635
14212 5.776041 5.776041 64.566669
8606 38.138786 -26.508359 73.491641
8608 37.969583 -26.607961 73.392039
9704 38.135602 -26.687559 73.312441
6609 49.073790 -41.719361 58.280639
1579 48.769731 -42.524499 57.475501
5388 49.545523 -42.098184 57.901816
12897 63.772663 -22.662210 77.337790
17486 39.999509 -23.050231 76.949769
16178 40.097838 -23.325068 76.674932
10178 46.838895 -32.242917 32.242917
10179 47.409948 -32.071639 32.071639
10180 47.265405 -32.607518 32.607518
5381 63.954350 -34.032496 65.967504
5368 63.857792 -33.413612 66.586388
9517 86.183146 -1.271314 1.271314
14320 50.593150 -40.819457 40.819457
16798 50.935639 -41.692390 41.692390
19172 25.382329 25.382329 53.200987
12758 42.046585 -41.264628 41.264628
9747 41.921498 -40.378328 40.378328
571 42.602515 -40.946505 40.946505
19108 56.617182 -27.423854 72.576146
15369 56.958484 -27.079447 72.920553
12614 56.613218 -26.985526 73.014474
18315 91.146504 -8.853496 13.442675
4966 91.782888 -8.217112 11.891367
17115 42.431196 -31.158619 68.841381
17857 91.097494 3.312708 3.312708
15770 37.230890 -25.316792 74.683208
16738 37.416133 -25.372980 74.627020
14290 78.390771 -21.609229 60.700298
14291 77.841516 -22.158484 59.927993
487 78.405556 -21.594444 58.695033
5830 74.447706 -17.121272 82.878728
3569 38.948331 -24.350956 75.649044
4137 39.052018 -24.040957 75.959043
4136 38.751193 -24.125047 75.874953
6053 79.222157 -17.409420 82.590580
6052 79.322016 -17.493031 82.506969
16170 65.000000 35.000000 65.000000
16313 65.500000 34.500000 65.500000
8889 81.462589 -18.537411 20.135550
17328 65.829409 -34.170591 39.653015
14225 65.937525 -34.062475 40.854056
14601 41.632124 -23.685416 76.314584
14388 41.271736 -23.623386 76.376614
1059 76.389609 -23.610391 44.310423
8396 69.881031 -23.894914 23.894914
4601 22.608269 -21.328136 21.328136
4599 23.472771 -21.118743 21.118743
17292 65.424243 -27.550647 27.550647
5677 65.126611 -28.324864 28.324864
13744 47.454032 -33.247487 66.752513
10763 46.983317 -33.578397 66.421603
18859 47.417547 -33.797908 66.202092
6952 87.187300 -11.046112 88.953888
16849 87.403296 -11.237607 88.762393
10805 88.006393 -10.631910 89.368090
15068 48.530982 -20.029660 79.970340
148 48.858479 -20.318064 79.681936
147 49.095618 -19.761875 80.238125
13876 24.799156 24.799156 46.234586
12176 43.023167 -30.167108 69.832892
17819 42.698318 -30.647148 69.352852
13575 43.227779 -30.622254 69.377746
14391 81.133878 -15.737057 84.262943
11673 88.869480 -10.344716 10.344716
10329 88.113158 -10.237101 10.237101
4644 85.843735 -1.458465 1.458465
8169 95.603273 4.396727 14.080336
2133 94.923592 5.076408 16.299755
4715 1.627318 -1.627318 45.053484
766 87.233571 -1.583515 1.583515
4990 87.723654 -1.242036 1.242036
15578 67.692679 -25.727060 25.727060
8351 68.596953 -25.530332 25.530332
17145 79.378569 -17.210542 82.789458
15653 73.767174 -5.171268 5.171268
15652 73.402172 -5.800793 5.800793
15058 72.770561 -5.529020 5.529020
10745 57.958311 -8.931020 8.931020
13904 57.504919 -8.457104 8.457104
9421 58.414236 -8.401466 8.401466
15901 86.683206 -3.845735 96.154265
3290 87.894288 -3.516828 96.483172
14210 65.650321 -33.825123 66.174877
14209 65.584416 -34.415584 65.584416
16505 71.162537 -21.022121 78.977879
4150 71.147220 -21.424162 78.575838
4152 71.648498 -20.962035 79.037965
2112 93.921143 -4.436060 95.563940
16377 92.941858 -4.932968 95.067032
564 78.912166 -21.087834 73.569158
565 78.717001 -21.282999 75.276892
566 78.281314 -21.718686 74.036954
13053 71.846382 28.153618 39.393958
18362 71.506568 28.493432 41.341385
7579 71.902592 28.097408 43.578115
19194 72.064181 -0.382576 99.617424
7331 34.372750 -16.627622 16.627622
7333 35.002632 -16.294382 16.294382
11630 93.000000 7.000000 93.000000
17898 59.195878 -39.334724 39.334724
213 59.978881 -38.988162 38.988162
9366 35.446090 -29.125682 29.125682
7166 35.648950 -29.244195 29.244195
5423 24.645151 -1.795176 1.795176
12317 25.000000 0.000000 0.000000
12009 34.062873 -31.385607 68.614393
12760 34.634142 -31.779537 68.220463
1570 34.652158 -31.149437 68.850563
5083 15.235364 15.235364 24.933853
5082 14.175743 14.175743 22.679022
244 42.552462 -24.902279 75.097721
242 42.783173 -25.076256 74.923744
10094 58.147076 -20.527134 20.527134
3185 57.516284 -20.852916 20.852916
15999 40.417689 -21.954898 78.045102
6105 40.184319 -22.312190 77.687810
10678 35.290603 -19.284259 19.284259
18927 46.012868 -30.203937 30.203937
4074 32.349112 32.349112 50.133357
18118 33.081727 33.081727 50.415247
18119 33.155763 33.155763 49.647520
16276 83.278771 6.552090 6.552090
18833 84.430686 9.399419 9.399419
3932 59.866044 -6.843968 93.156032
4036 87.404552 -12.595448 26.329864
4035 88.043676 -11.956324 25.829086
11537 35.345637 -19.071766 80.928234
7224 34.547084 -18.834761 81.165239
8786 44.050480 -11.340719 11.340719
8785 44.384910 -10.599874 10.599874
23415 81.613567 -18.386433 37.665305
7043 57.279037 -29.940283 70.059717
1411 56.926922 -30.684193 69.315807
5806 32.084671 32.084671 33.837164
7695 53.216987 -15.834081 84.165919
7696 53.355582 -16.220091 83.779909
7694 53.788095 -15.885656 84.114344
4026 34.358596 31.145574 31.145574
5770 93.483882 6.516118 64.689613
3740 20.950715 20.950715 76.238780
1213 91.613573 -8.386427 34.307550
3253 70.162558 -27.245719 72.754281
1746 70.062402 -27.933793 72.066207
8547 83.597360 16.402640 24.705831
17124 20.865092 -8.870918 8.870918
14418 32.952219 -7.717923 7.717923
8546 34.048136 -6.907813 6.907813
4266 36.262424 -32.578527 32.578527
4276 35.737717 -32.428892 32.428892
7775 86.327693 -1.617821 1.617821
15101 85.943520 -1.785035 1.785035
7830 72.063411 -23.321633 76.678367
8634 72.636084 -22.902580 77.097420
18424 72.263732 -22.808144 77.191856
5459 42.419891 -25.179070 74.820930
6065 29.027801 29.027801 68.630406
15951 30.084173 30.084173 67.690968
13419 6.898016 6.898016 30.874911
10020 7.534547 7.534547 29.033620
15133 6.573718 6.573718 26.757437
13298 38.053790 -24.083222 75.916778
13966 38.042966 -24.272358 75.727642
4787 34.585859 34.585859 41.475515
16605 33.997749 33.997749 40.359112
23469 87.401822 -0.444668 0.444668
23471 87.349191 -0.624313 0.624313
17780 83.243354 16.756646 50.910996
8797 82.803241 17.196759 48.924654
14006 82.726891 17.273109 55.401502
9212 60.056915 -11.430145 88.569855
16940 60.445193 -10.905319 89.094681
17033 69.626056 -27.860943 72.139057
16566 63.655527 -32.444499 67.555501
17907 63.013666 -32.919733 67.080267
16624 63.441747 -33.115660 66.884340
1663 65.756922 -17.593597 82.406403
7581 66.071201 -17.204735 82.795265
4862 85.215892 -3.203277 3.203277
4863 84.582475 -3.251667 3.251667
4864 85.028612 -2.930981 2.930981
5993 38.693807 -36.208221 36.208221
2324 67.348246 -27.798293 27.798293
7393 57.820179 -24.150803 75.849197
19331 85.202759 -1.784715 1.784715
505 85.267194 -1.820120 1.820120
23094 85.177383 -1.831191 1.831191
19314 85.105693 -1.826331 1.826331
17634 76.323281 23.676719 55.318405
8122 75.725505 24.274495 53.616947
5685 33.009056 -30.905266 69.094734
1642 33.597807 -31.027244 68.972756
13659 84.454507 -15.545493 50.831217
11515 40.407649 -28.776901 28.776901
12219 40.261730 -29.094341 29.094341
12220 40.099194 -28.809199 28.809199
5882 23.261169 23.261169 35.896248
5635 39.910501 -27.684985 27.684985
185 84.939046 -9.409279 90.590721
17457 61.651943 -6.070800 93.929200
12909 62.505049 -5.889479 94.110521
17458 61.961455 -5.538402 94.461598
16812 54.642348 -21.356024 21.356024
13100 55.452699 -21.572479 21.572479
43 39.814815 0.000000 0.000000
19326 92.667304 -1.084201 1.084201
19038 93.728821 -0.786958 0.786958
18673 93.213476 -1.354370 1.354370
2890 93.630342 -2.534867 97.465133
11052 94.286294 -2.539132 97.460868
14061 22.700831 -6.266277 6.266277
11867 22.577533 -5.374173 5.374173
3033 82.866113 17.133887 43.666062
2162 42.139312 -15.512484 15.512484
9298 41.224351 -15.697928 15.697928
9297 41.518442 -14.729264 14.729264
8448 92.092075 -0.794341 0.794341
16991 29.732779 -23.446415 76.553585
10895 35.021966 35.021966 42.619997
1458 41.964897 -35.264670 35.264670
10129 42.068097 -35.900729 35.900729
18798 41.536917 -35.564857 35.564857
9188 61.688312 -38.311688 61.688312
14349 82.644972 -17.355028 57.728453
10861 83.094545 -16.905455 58.777442
15751 20.717035 -14.470587 85.529413
9918 48.179417 -5.146198 94.853802
13126 48.565025 -5.549129 94.450871
2089 64.838186 35.161814 52.533049
6271 47.775407 -19.537315 80.462685
13710 47.205503 -19.791186 80.208814
13517 47.652672 -20.034605 79.965395
192 20.676485 20.676485 45.484106
14892 21.415766 21.415766 45.523829
4741 86.221215 -2.087876 2.087876
15631 37.368421 -37.368421 37.368421
16926 37.048385 -36.479723 36.479723
18702 37.606077 -36.774271 36.774271
15482 28.126121 16.595110 16.595110
15483 26.132447 13.515552 13.515552
8432 32.027189 -17.067818 17.067818
8431 32.885021 -16.636947 16.636947
8385 32.798132 -17.459029 17.459029
14981 44.677912 -12.377158 87.622842
12366 63.752187 -36.247813 48.741117
12365 64.248333 -35.751667 49.826140
18028 93.592456 6.407544 58.273898
15635 94.197229 5.802771 56.041186
15094 7.368421 -7.368421 92.631579
13974 7.894737 -7.894737 92.105263
12810 41.645910 -40.729844 59.270156
19297 42.161676 -41.213902 58.786098
18147 42.458180 -26.470224 26.470224
18325 42.792795 -26.197797 26.197797
10139 42.882822 -26.775781 26.775781
3005 33.157895 -33.157895 66.842105
15299 32.955880 -32.501875 67.498125
12276 32.631579 -32.631579 67.368421
7405 55.092540 30.304366 30.304366
7404 53.539979 29.220960 29.220960
3865 55.075408 31.488381 31.488381
6440 25.300348 -20.696404 20.696404
9558 25.134970 -21.619506 21.619506
16925 36.842105 -36.842105 36.842105
3805 62.225149 -5.274846 5.274846
9147 24.136096 24.136096 33.390924
9146 24.391348 24.391348 34.796855
685 59.889111 -19.857993 80.142007
684 59.726901 -19.429435 80.570565
9632 37.234590 -29.866510 70.133490
9633 37.158142 -30.331786 69.668214
9634 37.660819 -30.083678 69.916322
6368 22.245922 -20.093212 79.906788
13628 21.629177 -19.463099 80.536901
13644 63.714250 -18.437296 18.437296
6858 78.610715 -8.992103 8.992103
13694 16.426735 -4.574558 95.425442
8849 17.207390 -4.945061 95.054939
13693 17.901368 -3.154503 96.845497
17970 24.165771 24.165771 67.167112
17519 24.352297 24.352297 68.509533
8525 25.115958 25.115958 66.914848
7149 76.934917 -6.988381 93.011619
7150 76.277717 -7.024951 92.975049
14928 81.779728 -15.421563 84.578437
2228 85.725563 -14.274437 34.493439
2227 86.119356 -13.880644 34.759527
12550 82.690782 -17.309218 46.718335
9892 82.885496 -17.114504 45.698846
13012 83.017865 -16.982135 46.568720
1813 78.893207 -21.106793 61.453938
12942 78.908610 -21.091390 59.580646
1811 79.357688 -20.642312 60.406662
15342 77.093862 -5.574944 94.425056
15113 76.909543 -6.036703 93.963297
88 73.378550 -17.607697 82.392303
794 86.714578 -11.891416 88.108584
3779 77.351892 -22.648108 50.096407
14074 88.222588 11.777412 38.381619
13988 87.719181 12.280819 35.859680
19239 87.745301 12.254699 41.350911
13990 87.285642 12.714358 39.018744
7803 51.026925 -29.532920 29.532920
6137 51.397034 -28.898388 28.898388
16009 88.722128 -11.277872 18.726659
16008 89.268865 -10.731135 19.021285
6222 88.621426 -11.378574 21.150024
16046 84.947740 -15.052260 63.509641
16058 48.434453 -26.312381 73.687619
16057 48.332532 -26.758627 73.241373
18030 48.774142 -26.460316 73.539684
13459 57.926837 -18.629377 18.629377
14867 57.200490 -18.948550 18.948550
10802 83.431821 -16.568179 23.207883
16224 83.679867 -16.320133 21.122230
4874 84.102086 -15.897914 21.310429
1690 85.592744 -12.867483 87.132517
19144 40.997612 -30.595368 30.595368
3505 82.063855 -0.803781 0.803781
12669 83.011550 -0.744823 0.744823
2291 85.872794 -11.159547 11.159547
7722 84.995895 -11.663048 11.663048
7721 85.146973 -10.861601 10.861601
6089 56.131496 -35.444848 64.555152
6090 55.609286 -35.248829 64.751171
4897 83.590357 -16.409643 33.460091
14738 83.711729 -16.288271 31.824551
14737 84.072128 -15.927872 32.658596
11024 82.213170 -3.606079 3.606079
5887 81.918896 -4.011147 4.011147
4353 81.325822 -3.828364 3.828364
7494 47.449567 -27.882761 27.882761
16698 47.586770 -27.252860 27.252860
17060 47.450181 -22.812372 22.812372
11645 62.712943 -5.423977 94.576023
740 59.435490 -25.651522 74.348478
16244 56.120163 -36.102948 63.897052
7344 44.192591 -26.071948 26.071948
5506 33.180794 9.074936 90.925064
11011 35.126317 11.935338 88.064662
7038 33.927347 12.004210 87.995790
1338 52.742611 -40.956662 40.956662
11729 39.245999 39.245999 46.790511
11727 40.574476 40.574476 46.869048
19320 69.613868 30.386132 46.449870
9837 69.900826 30.099174 48.864671
5880 36.495479 -27.114313 72.885687
6990 36.662946 -27.470314 72.529686
6989 36.790661 -27.155797 72.844203
9674 21.720090 21.720090 73.149023
9676 20.867049 20.867049 74.794080
9174 53.165280 -13.864343 13.864343
18143 68.675557 -15.143617 15.143617
8594 69.474591 -14.551838 14.551838
7098 74.789222 -25.210778 67.979674
14145 74.149326 -25.850674 68.569053
7099 74.299334 -25.700666 66.682370
7465 46.136197 -39.751577 39.751577
7467 46.687288 -39.905420 39.905420
9391 46.394671 -40.551909 40.551909
10008 67.021816 -17.924688 82.075312
13979 67.176445 -18.360148 81.639852
3010 44.265229 -27.232123 72.767877
12423 44.643960 -26.991184 73.008816
9537 43.224347 -6.083734 6.083734
1773 42.892540 -6.972848 6.972848
7679 42.280648 -6.214928 6.214928
8938 78.367481 -15.911744 84.088256
17 41.837250 17.842443 17.842443
17830 43.274485 -23.946097 76.053903
17725 43.395621 -23.587188 76.412812
17140 43.071407 -23.732116 76.267884
3140 72.259777 -27.297090 72.702910
11737 72.727273 -27.272727 72.727273
17673 21.578947 -21.578947 78.421053
7105 59.275030 -22.283676 77.716324
8006 59.574708 -21.909362 78.090638
7106 58.985175 -22.035947 77.964053
18284 35.680756 -32.013258 32.013258
17631 69.129870 -30.870130 44.930930
19074 77.640315 -16.487931 83.512069
23039 77.318441 -16.684990 83.315010
23040 77.445475 -16.701442 83.298558
18688 58.878505 0.000000 100.000000
14147 67.527711 11.547812 88.452188
14146 57.943925 0.000000 100.000000
11313 62.704575 -25.608294 25.608294
12993 63.507967 -25.339309 25.339309
2883 97.116099 2.883901 41.374989
3189 59.494269 -23.134182 23.134182
3188 59.973487 -23.837996 23.837996
3097 59.143307 -23.964483 23.964483
13866 86.979681 -5.940955 5.940955
261 54.545455 -45.454545 54.545455
16394 53.896104 -46.103896 53.896104
9770 28.020909 28.020909 63.949548
3933 28.696374 28.696374 62.935154
9751 59.455718 -26.651066 73.348934
4189 57.190687 -16.814962 83.185038
6263 29.137005 -24.327573 24.327573
6219 30.240007 -24.383437 24.383437
6261 29.694458 -24.919529 24.919529
17121 70.194106 -9.849309 9.849309
11438 17.775857 11.689668 88.310332
8485 17.583708 8.383342 91.616658
1807 18.778628 12.543658 87.456342
15143 68.682719 -18.671421 81.328579
13405 30.511997 -2.297397 2.297397
3504 82.696800 -0.384976 0.384976
11539 83.610616 -0.361183 0.361183
7399 66.954999 -9.059402 90.940598
7397 66.963176 -8.656984 91.343016
9067 4.210526 -4.210526 95.789474
14888 4.736842 -4.736842 95.263158
23683 5.768679 -2.194493 97.805507
23684 5.066350 -2.324352 97.675648
7003 71.806070 -4.349654 95.650346
6025 70.978893 -4.587747 95.412253
7004 71.530108 -4.817606 95.182394
18204 51.652258 -26.503948 73.496052
18850 98.854333 -1.145667 92.354054
15277 98.377058 -1.622942 94.716471
10222 98.290490 -1.709510 90.359746
18731 38.681517 -16.891624 83.108376
18589 38.139448 -17.408831 82.591169
17040 77.988143 -22.011857 65.286304
11694 92.438025 7.561975 43.050335
12839 91.806752 8.193248 39.482673
5089 66.288122 -12.688723 87.311277
11168 67.365857 32.634143 58.021117
15496 61.363410 -0.588916 99.411084
2299 60.470480 -19.820851 80.179149
14789 41.133410 41.133410 46.003201
19051 51.955177 -15.841806 84.158194
19178 52.602111 -15.832446 84.167554
8545 52.396592 -15.360755 84.639245
5743 87.957887 -12.042113 69.919993
6145 88.464346 -11.535654 70.651155
99 73.690556 -15.328013 84.671987
101 74.354086 -14.966941 85.033059
16985 76.475423 -10.106331 89.893669
15239 77.340748 -9.815700 90.184300
15722 76.888765 -9.598061 90.401939
4125 57.004990 31.799671 31.799671
7626 49.926851 -44.751274 55.248726
9658 43.372016 -37.001275 37.001275
15588 74.593808 25.406192 72.216082
3761 74.003933 25.996067 67.531317
18250 73.578774 26.421226 70.971919
9881 46.211053 -38.493785 38.493785
18963 46.468775 -37.957039 37.957039
4016 85.495333 -1.843185 1.843185
23472 85.463515 -1.804217 1.804217
23473 85.564961 -1.794428 1.794428
4838 77.638510 -12.967012 87.032988
10540 77.609159 -13.335807 86.664193
4836 78.198489 -12.872055 87.127945
3068 92.761593 -3.210748 3.210748
15139 61.461095 -36.261347 63.738653
7014 83.832016 -12.916589 87.083411
17462 84.288905 -12.839400 87.160600
823 84.356158 -12.500687 87.499313
10083 49.246370 -24.691665 24.691665
16248 48.709219 -24.367392 24.367392
11296 78.451661 -13.289848 86.710152
3967 79.076924 -12.990412 87.009588
4919 80.500665 -4.275365 4.275365
4351 80.533630 -3.820813 3.820813
8557 55.220197 -24.202164 24.202164
11547 55.955841 -23.957570 23.957570
9218 35.579853 -28.523940 28.523940
4831 21.956882 13.743599 86.256401
12452 51.031816 -35.544097 64.455903
3309 51.295597 -35.894312 64.105688
13118 51.582590 -35.363523 64.636477
1178 25.395299 4.658885 4.658885
5228 26.821813 6.100377 6.100377
4830 25.515437 3.252145 3.252145
1254 35.011601 -6.209519 6.209519
13813 35.167358 -4.792105 4.792105
15504 76.216307 -5.908174 94.091826
12477 35.315597 -27.885942 72.114058
6045 61.299744 -13.638721 86.361279
18920 42.804535 -13.948552 13.948552
18610 42.234604 -13.459161 13.459161
1398 96.833035 3.166965 58.067997
1400 96.393256 3.606744 54.802401
8353 96.270037 3.729963 60.088301
11346 82.407407 0.000000 0.000000
23586 85.800853 5.040357 5.040357
23593 85.773433 4.141651 4.141651
15803 53.971613 -34.392400 65.607600
18107 53.308340 -34.730937 65.269063
1945 61.247505 -6.501474 6.501474
6488 62.140842 -6.063922 6.063922
11129 80.789615 -19.210385 54.016097
17305 80.681015 -19.318985 53.292196
17477 80.927116 -19.072884 53.202684
18784 99.305556 -0.694444 0.694444
4371 98.599136 -0.561838 0.561838
4994 90.557137 -3.927491 3.927491
17324 95.777156 -4.222844 8.481417
12531 68.475597 -11.917151 88.082849
1054 45.197760 -41.696917 41.696917
3090 45.198633 -42.536917 42.536917
8993 82.766834 -17.233166 44.949901
4333 88.536996 -11.463004 50.470998
13757 88.429758 -11.570242 53.184342
8149 37.710020 15.443903 84.556097
12849 38.744695 18.707148 81.292852
5751 36.469391 15.512567 84.487433
10344 79.760337 -10.956089 89.043911
6442 79.228814 -10.935532 89.064468
8912 82.938293 -12.253888 87.746112
8010 83.523040 -12.026659 87.973341
5528 83.425206 -11.808544 88.191456
17207 63.888889 0.000000 0.000000
15497 62.962963 0.000000 0.000000
4442 15.476190 15.476190 15.476190
4441 14.285714 14.285714 14.285714
16415 15.207990 15.207990 16.700177
4666 35.263158 -35.263158 35.263158
4257 34.688402 -29.273099 70.726901
15181 90.462245 -9.537755 23.912868
19100 39.000629 -26.000984 73.999016
6557 38.962112 -26.121141 73.878859
18398 39.094526 -26.084205 73.915795
11608 89.866084 -6.251572 6.251572
11610 90.447387 -5.649819 5.649819
2529 95.234714 -4.765286 20.615640
11698 94.380850 -5.619150 24.407846
4937 94.519330 -5.480670 20.614524
3555 0.606537 -0.606537 45.126136
6152 48.907291 -19.261406 80.738594
6150 49.255694 -18.766510 81.233490
6151 48.614071 -18.841116 81.158884
14696 68.961814 -9.627352 90.372648
3130 68.023983 -9.970588 90.029412
3129 68.559993 -10.235227 89.764773
12063 25.354907 -25.354907 46.724793
18395 24.911598 -24.911598 54.446463
5988 45.990605 -32.584757 67.415243
5987 45.424344 -32.741799 67.258201
11327 46.720045 -2.221098 2.221098
13847 47.657173 -2.817137 2.817137
5768 48.030294 -27.536709 72.463291
3340 48.038930 -27.936813 72.063187
15947 35.394413 -23.529974 76.470026
3088 39.490241 -19.106555 80.893445
11078 88.394269 -4.876425 95.123575
5907 89.222954 -4.788791 95.211209
14128 89.406347 -4.348862 95.651138
14978 42.967936 -11.935812 88.064188
8969 42.172787 -12.020202 87.979798
7925 64.305381 -25.086926 25.086926
7926 65.135134 -24.779162 24.779162
7924 64.760099 -25.621681 25.621681
14823 84.739450 -15.260550 55.306891
11204 85.539561 -14.460439 55.006150
10740 57.132695 -13.650820 13.650820
6244 58.197224 -13.485798 13.485798
16721 39.557304 -37.993503 37.993503
11992 43.939732 -39.223359 60.776641
3458 31.934330 -7.100690 92.899310
17660 31.832183 -6.290415 93.709585
5729 31.097278 -6.615442 93.384558
2360 36.998390 -30.171856 30.171856
12507 37.112993 -30.277061 30.277061
2361 36.966066 -30.309924 30.309924
5794 87.974218 -9.442044 90.557956
12565 87.217230 -10.001912 89.998088
5792 87.703335 -9.945571 90.054429
7244 58.224563 -34.243620 34.243620
18200 58.961001 -34.221255 34.221255
16630 59.056661 -5.253777 94.746223
10136 9.473684 -9.473684 9.473684
13453 11.375649 -6.352153 6.352153
2090 65.210297 34.789703 46.786403
15012 41.748291 -19.783534 80.216466
5902 41.255208 -20.036338 79.963662
3575 99.139732 -0.860268 36.855037
14442 99.553641 -0.446359 33.583192
17865 62.167792 -26.462778 73.537222
18584 62.545617 -26.462901 73.537099
12666 62.595033 -26.064458 73.935542
12741 53.493164 -26.026466 26.026466
780 53.709440 -25.392367 25.392367
782 54.096344 -25.825222 25.825222
11564 35.309874 -15.663613 15.663613
10262 56.221935 -19.029314 80.970686
15121 56.321937 -19.552009 80.447991
3024 56.761718 -19.038351 80.961649
17860 37.572106 -23.347188 76.652812
15264 37.311143 -23.401526 76.598474
16712 37.468578 -23.549340 76.450660
9958 1.578947 -1.578947 1.578947
771 22.812744 22.812744 57.955249
7807 23.485868 23.485868 56.780281
7808 22.766655 22.766655 56.501041
19018 21.537856 -10.869241 89.130759
4996 22.093966 -9.985614 90.014386
4995 20.950393 -10.387446 89.612554
8274 26.195613 26.195613 41.128129
19419 26.768290 26.768290 41.399296
18074 30.075849 -8.032247 91.967753
307 82.411538 17.588462 62.030971
12299 81.837716 18.162284 63.969183
5365 69.245101 -30.754899 32.515919
5367 69.687637 -30.312363 31.342236
9711 69.818813 -30.181187 32.469111
12048 72.266555 -20.065972 79.934028
12047 72.168221 -20.510080 79.489920
6886 72.689002 -20.095328 79.904672
13367 25.890684 25.890684 56.802217
19052 26.568889 26.568889 56.794720
13045 26.741318 26.741318 57.674269
5399 50.564859 -27.608877 72.391123
18979 50.934788 -27.662597 72.337403
5637 39.537911 -27.674594 27.674594
6142 32.010486 -12.701773 12.701773
17365 32.273907 -13.644443 13.644443
8766 31.196316 -13.563724 13.563724
12234 100.000000 0.000000 13.043478
4119 83.766234 -16.233766 83.766234
4120 84.100611 -15.899389 82.071908
8880 41.320238 -25.980209 74.019791
5105 42.510379 32.991899 32.991899
15027 41.398402 32.978695 32.978695
17864 62.181855 -26.952403 73.047597
9418 14.547766 -12.852750 87.147250
1606 37.450046 -25.554908 74.445092
15189 37.484663 -25.748428 74.251572
9978 37.660011 -25.610137 74.389863
14608 18.734708 -1.380371 98.619629
5617 17.310676 -2.251767 97.748233
13427 57.531398 -22.222385 77.777615
13426 57.513854 -22.661427 77.338573
6644 69.493260 -2.593091 97.406909
15333 62.302211 -10.866628 89.133372
12447 62.082997 -11.425932 88.574068
7296 48.713143 -16.712736 83.287264
7295 48.764615 -17.250914 82.749086
5750 35.625852 16.217249 83.782751
5749 37.682118 18.767555 81.232445
5805 32.836449 32.836449 35.246576
18848 79.574121 -11.375833 88.624167
10535 80.008532 -11.453577 88.546423
1896 85.780555 -8.918768 91.081232
644 86.354484 -8.924014 91.075986
19251 15.744453 15.744453 55.347148
19125 15.852199 15.852199 57.300858
10876 9.776228 9.776228 75.485061
2785 7.317073 7.317073 92.682927
2147 6.031145 3.621405 96.378595
2421 7.668408 5.568798 94.431202
4681 75.694432 -5.327434 5.327434
1864 34.606507 4.935891 4.935891
13263 52.897512 -18.133989 81.866011
963 53.331916 -18.285611 81.714389
7916 83.341663 16.658337 56.020041
18261 57.912315 -41.657674 41.657674
8255 33.467252 33.467252 51.025742
122 34.309196 34.309196 50.862080
12532 75.847834 -1.986054 1.986054
18692 76.403446 -1.566503 1.566503
17484 42.190946 -10.885533 89.114467
15526 42.567253 -11.380116 88.619884
14583 53.716892 -22.814066 77.185934
12710 53.584440 -23.289709 76.710291
17846 53.359525 -5.108090 94.891910
12787 53.326530 -5.686245 94.313755
3152 30.212747 30.212747 54.090014
9797 30.947240 30.947240 54.132148
3153 30.611890 30.611890 53.401459
2786 8.536585 8.536585 91.463415
9380 36.481731 -29.227994 29.227994
18683 30.858287 5.918980 5.918980
1212 29.580234 4.998195 4.998195
1211 31.273489 8.133443 8.133443
18220 40.930874 -23.534424 23.534424
8496 40.490442 -23.295820 23.295820
15957 41.019516 -23.068497 23.068497
14361 65.835654 -34.164346 37.459953
15044 66.142580 -33.857420 38.459383
2837 67.045665 -23.808820 76.191180
7795 68.844162 -31.155838 40.624113
7796 68.992818 -31.007182 39.088210
7794 69.462529 -30.537471 39.357134
15164 69.411111 -30.588889 38.011921
18759 77.816415 -22.183585 57.627633
19157 78.097895 -21.902105 55.517791
488 78.500612 -21.499388 56.685448
14364 57.066242 -40.715223 40.715223
18840 29.429357 -19.909511 80.090489
12067 29.683748 -20.555233 79.444767
9856 55.433806 -29.596491 70.403509
9826 55.796398 -29.121089 70.878911
9825 55.252752 -29.158925 70.841075
6806 99.534873 -0.465127 50.395328
6807 99.226703 -0.773297 46.801573
6805 99.656444 -0.343556 46.189005
10270 14.010758 14.010758 60.435348
5479 13.312312 13.312312 58.579580
4598 12.949010 12.949010 61.252914
5114 49.374064 -15.867879 84.132121
12586 62.122836 -16.100340 83.899660
13920 84.734960 -1.198618 98.801382
8111 84.523930 -1.389256 98.610744
13503 85.067503 -1.269980 98.730020
423 48.367922 -43.481582 56.518418
424 48.703296 -44.256274 55.743726
422 49.191762 -43.166483 56.833517
15375 83.666735 -16.333265 40.243533
14002 83.147624 -16.852376 40.615179
850 83.018154 -16.981846 39.058473
2308 42.474558 -18.782585 18.782585
8773 43.612007 -32.393490 32.393490
8771 43.159606 -32.137341 32.137341
8772 43.543282 -31.823793 31.823793
16534 64.586832 -35.413168 52.620349
15408 65.180199 -34.819801 53.405160
16243 68.018248 -31.981752 36.984403
29 26.539629 26.539629 51.937377
27 26.701297 26.701297 52.293354
28 26.819738 26.819738 51.876267
5125 58.674442 -9.106445 9.106445
2770 29.473876 29.473876 62.436131
2769 29.785245 29.785245 61.220407
17384 28.917487 28.917487 61.902107
2211 81.841467 -7.031771 7.031771
8573 81.945539 -6.394804 6.394804
13888 16.354411 16.354411 71.642781
18828 62.198274 -6.441496 93.558504
7986 57.184778 -16.475296 16.475296
9149 56.422394 -16.573614 16.573614
17920 17.042755 17.042755 32.598915
17882 17.325241 17.325241 34.310376
10596 17.895307 17.895307 33.716632
5304 83.868020 -0.824335 99.175665
5302 84.147628 -0.797110 99.202890
5303 84.057695 -0.747414 99.252586
15781 35.985827 -10.626576 89.373424
14756 36.469161 -11.224117 88.775883
4955 66.863362 -33.136638 38.097957
18446 67.555307 -32.444693 38.215308
3879 28.300786 -12.908431 12.908431
4017 28.291970 -13.880801 13.880801
3375 27.351398 -13.631383 13.631383
14727 80.977091 -19.022909 30.273046
11516 35.980298 23.043617 76.956383
13436 37.601962 25.667441 74.332559
1705 36.321172 25.393295 74.606705
9102 53.650007 -15.803332 15.803332
17635 54.422070 -16.355647 16.355647
23437 53.697742 -16.412055 16.412055
11275 53.289925 -13.514327 86.485673
5353 53.170195 -14.012789 85.987211
3004 33.684211 -33.684211 66.315789
1734 34.173321 -33.431345 66.568655
10382 33.591750 -32.958596 67.041404
5529 16.666667 16.666667 16.666667
5674 72.599591 -25.485486 74.514514
5675 72.493313 -26.082000 73.918000
1419 94.201905 -5.798095 55.718435
17851 51.567071 -4.045809 4.045809
12873 52.442678 -4.327089 4.327089
9044 66.089759 -30.479306 30.479306
6587 45.789143 45.789143 50.761022
15474 32.139828 -16.211422 16.211422
1354 26.014075 2.932360 97.067640
11394 25.156554 3.211121 96.788879
1355 24.299065 0.000000 100.000000
18842 73.356050 -26.643950 27.960526
18958 73.737240 -26.262760 28.839169
4419 73.128404 -26.871596 29.487116
4582 98.500000 1.500000 98.500000
23570 97.904391 1.040771 98.959229
23531 98.241218 0.659792 99.340208
7569 99.000000 1.000000 99.000000
10685 86.826144 -13.173856 72.150824
15704 30.477371 -29.260277 29.260277
1409 31.201001 -29.309068 29.309068
3897 38.892119 -26.834662 73.165338
17426 62.180197 -21.707821 78.292179
6204 62.751120 -21.347807 78.652193
6661 74.581812 -18.361362 81.638638
6659 74.798865 -18.521491 81.478509
18807 38.755137 -29.409988 29.409988
18120 38.724564 -29.646478 29.646478
18813 38.470284 -29.404371 29.404371
10079 60.415816 -39.584184 47.320685
9843 81.432137 -10.737812 89.262188
10387 81.101441 -11.188459 88.811541
17570 81.795065 -10.877506 89.122494
5534 26.880494 24.476095 75.523905
5533 25.566265 23.286391 76.713609
17413 25.811819 21.620922 78.379078
7973 25.555655 -17.276971 82.723029
2742 39.962322 -20.165128 79.834872
13326 39.525233 -20.514163 79.485837
9721 85.100643 -2.502332 2.502332
5676 84.870302 -2.722015 2.722015
9766 26.505020 -15.293321 15.293321
9765 25.506656 -15.167755 15.167755
13465 45.987925 -0.749229 0.749229
1527 46.703669 -0.623358 0.623358
8234 46.664697 -1.357171 1.357171
9813 49.368917 -46.621297 46.621297
14338 49.552348 -45.598529 45.598529
16157 69.292600 -30.033834 69.966166
14983 69.669835 -29.363966 70.636034
173 38.711035 -20.710339 20.710339
7715 38.504360 -20.149214 20.149214
7716 39.240533 -20.334317 20.334317
3806 57.410018 -33.125645 66.874355
3125 57.588206 -33.612189 66.387811
15793 58.017177 -32.946989 67.053011
18495 71.740447 -28.259553 45.359226
14166 72.057057 -27.942943 46.289708
12347 71.504719 -28.495281 46.805790
17316 69.014846 -15.857051 15.857051
9860 68.004774 -11.691894 88.308106
2295 84.558983 -2.327979 2.327979
14230 62.424694 -37.575306 44.622301
4202 61.881196 -38.118804 46.637372
9261 89.244881 -7.016176 92.983824
14076 62.430350 -13.965252 86.034748
5012 84.479406 -14.602800 14.602800
10303 65.542426 -34.457574 63.850488
6920 81.795232 -18.204768 44.384691
17680 66.740028 -19.481319 80.518681
18273 66.439998 -19.275432 80.724568
17435 66.197930 -19.723569 80.276431
13077 74.796375 25.203625 68.148612
7980 75.405781 24.594219 68.691010
10712 75.082098 24.917902 64.636059
11080 58.496125 -20.398298 79.601702
6949 58.286235 -20.225590 79.774410
4939 46.963332 -23.094951 76.905049
4940 47.256788 -23.439450 76.560550
8806 47.491982 -22.981096 77.018904
10176 33.613402 -17.027861 17.027861
12675 84.684300 -13.128521 86.871479
6430 84.472466 -13.003087 86.996913
10490 84.103637 -13.426539 86.573461
10299 54.350593 -26.789559 26.789559
6764 51.845710 -9.513287 90.486713
7057 51.726586 -10.143985 89.856015
7058 52.463546 -9.858211 90.141789
13986 48.516966 -25.917487 74.082513
11190 48.589317 -25.494437 74.505563
5595 32.822043 -3.504206 3.504206
15946 33.602633 -2.359556 2.359556
17717 62.330727 -14.234652 14.234652
5482 78.573408 -4.422417 4.422417
17084 40.885298 40.885298 43.353588
4024 42.319013 42.319013 43.663603
6743 41.320954 41.320954 42.548419
18216 89.674335 -10.325665 75.023022
2053 90.178454 -9.821546 73.586043
15050 90.624683 9.375317 38.199999
14715 50.856540 -30.127223 69.872777
9583 34.611292 10.258421 10.258421
15357 33.013153 9.241595 9.241595
14868 57.388159 -18.331642 18.331642
7078 52.761934 -36.974512 63.025488
23417 81.330080 -18.669920 40.128613
5710 56.786950 -29.711133 70.288867
13183 56.484216 -29.409414 70.590586
15353 56.145552 -30.031254 69.968746
12101 75.875908 -24.124092 53.742672
3494 76.330906 -23.669094 55.102486
17480 75.646043 -24.353957 55.417209
1973 57.018218 -42.981782 46.908283
1974 57.921046 -42.078954 45.683661
1975 57.767387 -42.232613 47.936860
8386 55.310608 -31.686271 68.313729
14251 96.143826 3.856174 19.520486
7938 58.913820 -35.046115 35.046115
7939 58.305767 -35.677867 35.677867
12010 0.984424 -0.984424 67.081555
16500 89.072188 -10.927812 71.612727
10398 59.829145 -26.013393 26.013393
4071 59.773236 -25.465999 25.465999
6064 40.931226 -27.469575 27.469575
14755 78.295551 -17.493102 82.506898
4581 77.957810 -17.818259 82.181741
17464 85.906087 -2.002740 2.002740
10473 85.636323 -1.954842 1.954842
23642 6.469563 -2.843489 2.843489
23645 6.538739 -2.025718 2.025718
11775 8.053399 -2.851987 2.851987
2177 5.263158 -5.263158 5.263158
23641 7.475743 -2.191727 2.191727
2506 27.796166 27.796166 32.603179
2508 26.934699 26.934699 31.120358
13108 26.728125 26.728125 32.303187
5297 34.128916 -22.191149 77.808851
15864 34.867335 -22.156075 77.843925
15865 34.608952 -21.606339 78.393661
7458 63.476796 -14.378919 85.621081
7459 64.138704 -14.082591 85.917409
5239 81.677816 -18.322184 48.962976
5238 81.563850 -18.436150 48.236355
19010 92.963682 -7.036318 10.644426
7012 93.450007 -6.549993 10.942747
1303 92.682222 -7.317778 13.442104
1024 52.948236 -31.153288 68.846712
8310 53.613525 -30.718698 69.281302
17377 53.205350 -30.446329 69.553671
13182 56.799142 -28.904564 71.095436
11869 56.295422 -29.025612 70.974388
16192 59.335125 -35.587040 64.412960
18756 84.132678 -9.852355 90.147645
15360 83.325579 -10.219107 89.780893
8360 62.781577 -32.078047 67.921953
8361 62.090705 -32.511289 67.488711
12144 81.341379 -18.658621 51.283211
14181 44.513172 -23.924639 23.924639
16184 45.168528 -24.070484 24.070484
8774 71.123085 -24.921119 75.078881
10415 86.312681 -2.892537 97.107463
15354 86.139817 -3.253170 96.746830
2388 74.340648 -10.190371 89.809629
4267 74.961880 -10.230804 89.769196
4837 78.154540 -12.534185 87.465815
12834 77.993689 -12.252288 87.747712
9955 61.238056 -4.845556 4.845556
13052 62.891515 -29.207486 70.792514
13610 62.425292 -29.131969 70.868031
18097 62.404344 -29.583475 70.416525
1943 75.595600 -24.404400 39.566908
11171 75.442224 -24.557776 37.911866
1757 92.459195 -7.540805 88.226465
9153 93.002580 -6.997420 88.221389
7125 57.701866 38.323280 38.323280
15998 57.669586 39.406447 39.406447
16196 59.444444 40.555556 40.555556
3808 54.452585 -2.190179 2.190179
18561 55.643254 -2.252859 2.252859
3773 55.114136 -3.000129 3.000129
22949 35.345395 -29.560991 29.560991
22948 35.188995 -29.516450 29.516450
22977 35.031707 -29.461714 29.461714
6334 40.453363 -36.909804 63.090196
6335 40.714452 -36.280143 63.719857
6333 40.087490 -36.374040 63.625960
15301 85.841687 -1.615385 1.615385
18366 86.156199 -1.472758 1.472758
11558 48.497521 -34.144195 34.144195
17498 17.859355 8.386969 8.386969
18174 18.839419 8.358128 8.358128
11237 80.476520 -17.971622 82.028378
9114 34.731447 -28.679294 71.320706
10441 1.686225 -1.686225 74.550840
7781 1.645785 -1.645785 66.517402
4022 38.447067 -26.361273 73.638727
4023 38.468934 -26.282966 73.717034
10175 66.448145 -33.551855 51.776254
4818 66.290596 -33.709404 53.383186
1782 23.021340 23.021340 52.404145
13106 26.028337 26.028337 30.920153
166 32.582594 26.992470 26.992470
3006 31.784048 24.713356 24.713356
12890 27.362444 27.362444 46.050528
18502 27.681621 27.681621 46.461607
17666 27.631865 27.631865 45.982790
6349 41.465910 28.252690 71.747310
4133 41.110770 30.109291 69.890709
16392 46.056228 -31.754413 31.754413
13164 46.534361 -31.676250 31.676250
16391 46.347367 -32.127985 32.127985
4170 71.360098 -21.069026 21.069026
17209 72.195576 -20.826818 20.826818
17210 71.736932 -21.548263 21.548263
2700 77.833651 -14.594794 85.405206
18306 77.297196 -14.735413 85.264587
4938 77.409363 -15.003371 84.996629
16315 55.316747 -24.203204 75.796796
10590 55.815469 -24.359139 75.640861
14499 66.456378 -33.543622 37.158559
14362 66.161128 -33.838872 36.215724
11971 56.526321 -10.433478 89.566522
11970 56.024412 -10.085358 89.914642
13962 65.608650 -25.959789 74.040211
16328 62.046654 -30.096403 69.903597
17436 32.828503 32.828503 43.133877
2080 32.144468 32.144468 43.406140
3970 36.150961 -31.048832 31.048832
10557 95.661860 -4.338140 93.613767
18494 95.462206 -4.537794 91.023844
14926 96.158311 -3.841689 92.598904
12034 79.933117 -20.066883 21.614001
10880 56.203397 -6.735741 6.735741
15519 56.996796 -7.144124 7.144124
16734 56.092585 -7.449326 7.449326
8522 35.916120 -28.928342 28.928342
5571 56.429224 -21.899415 78.100585
2705 55.917069 -21.810426 78.189574
2075 36.510088 -16.133772 16.133772
12665 63.136383 -25.612387 74.387613
18573 10.583829 10.583829 55.764407
11624 10.284024 10.284024 52.845063
5418 75.171054 -24.828946 42.592321
2610 75.320297 -24.679703 44.133276
2846 56.369895 -19.316727 19.316727
16198 55.768891 -20.076199 20.076199
5166 65.615519 -30.941136 69.058864
5165 66.257229 -30.446166 69.553834
9878 65.801978 -30.296531 69.703469
10856 38.310966 -27.721328 72.278672
1567 38.007776 -27.970131 72.029869
3102 77.662394 -2.941090 97.058910
15092 49.461082 -24.837032 75.162968
14436 58.481526 -21.142811 78.857189
2046 58.039769 -21.450835 78.549165
536 58.447437 -21.545329 78.454671
10583 80.973709 -19.026291 77.068196
12522 80.369514 -19.630486 77.789061
6115 59.356173 -27.500684 72.499316
6116 59.162909 -28.080096 71.919904
8365 53.917156 -21.255272 21.255272
17358 54.451856 -20.668701 20.668701
3251 70.470866 -26.602133 73.397867
10900 72.252174 -27.747826 54.262832
1793 72.515445 -27.484555 52.563296
10901 72.914922 -27.085078 53.770541
19098 69.987158 -23.595989 76.404011
4596 12.385970 12.385970 59.491816
6891 40.753442 9.349274 9.349274
5645 40.800037 8.022793 8.022793
10010 86.929520 -13.070480 23.682450
14603 94.576797 -3.452022 96.547978
15668 91.707033 -8.292967 81.431521
13331 92.424912 -7.575088 82.185228
4321 85.287079 14.712921 74.381838
4320 84.764759 15.235241 76.560740
7736 85.151435 14.848565 79.322922
12549 82.390042 -17.609958 46.773621
13719 82.323333 -17.676667 45.924704
23685 10.225224 -10.225224 48.309261
1869 11.052632 -11.052632 88.947368
8537 100.000000 0.000000 56.521739
15575 100.000000 0.000000 60.869565
15576 99.563955 -0.436045 57.862888
4510 73.171781 -26.828219 52.048698
3646 66.267604 -25.589772 74.410228
5202 60.775402 -13.479819 86.520181
2117 38.474389 -15.097584 15.097584
12581 38.212592 -14.355331 14.355331
7293 68.554418 -2.874716 2.874716
15866 69.396676 -3.171139 3.171139
5284 51.648381 -19.715119 80.284881
18416 51.485535 -19.191974 80.808026
2594 58.283579 -37.788857 62.211143
6859 78.783549 -9.668751 9.668751
16995 79.751404 -9.663631 9.663631
15424 34.985122 -21.911600 21.911600
16117 34.182591 -22.139191 22.139191
17359 34.347742 -21.429977 21.429977
7379 55.265370 -31.357064 31.357064
12727 55.568648 -30.594574 30.594574
12728 55.791490 -31.157917 31.157917
16060 23.850970 23.850970 31.910499
220 37.137471 -24.514841 75.485159
218 36.988117 -24.488740 75.511260
219 37.003890 -24.619459 75.380541
8475 51.190188 -17.310000 82.690000
2861 51.521569 -17.767200 82.232800
15010 70.689982 -5.701176 5.701176
5431 69.860706 -6.174390 6.174390
11908 57.636916 -11.912146 88.087854
12995 24.570276 24.570276 54.808004
5002 11.154666 8.379699 8.379699
5001 12.261053 9.144259 9.144259
1906 80.963674 -19.036326 67.494190
4156 80.588513 -19.411487 68.795733
17589 98.759821 -1.240179 4.152200
13520 8.947368 -8.947368 91.052632
8558 54.484028 -24.494238 24.494238
10922 53.766492 -24.147107 24.147107
8559 54.664562 -23.626489 23.626489
15230 18.947368 -18.947368 81.052632
23687 18.956438 -18.956438 51.295613
23688 19.265081 -19.265081 56.498459
23492 3.226663 2.096244 2.096244
23493 3.762004 2.376277 2.376277
2283 55.116530 -13.450995 86.549005
6608 46.475306 36.801169 63.198831
14293 48.272131 37.981342 62.018658
11802 57.678745 -1.831949 98.168051
1082 58.385850 -2.166129 97.833871
2135 78.236917 -20.447597 79.552403
15644 83.790472 -8.152272 91.847728
5325 28.905306 -15.510434 84.489566
1938 34.096975 -13.486453 86.513547
13718 34.470249 -14.137286 85.862714
16599 32.746937 32.746937 58.111803
14565 33.647220 33.647220 57.514532
10244 32.987739 32.987739 57.055502
1947 82.204571 -9.736087 90.263913
12301 81.762306 -9.552506 90.447494
15648 71.960733 -14.607770 14.607770
16292 72.517068 -14.034988 14.034988
16547 72.939632 -14.560137 14.560137
2482 45.231729 -22.298794 77.701206
12263 44.827733 -21.992246 78.007754
5916 44.750627 -22.506127 77.493873
6850 46.036824 -13.862712 86.137288
11065 66.226106 -25.798115 25.798115
1049 67.145906 -25.374575 25.374575
14009 35.309653 -21.667259 78.332741
16229 35.494996 -22.169343 77.830657
14911 35.920510 -21.766690 78.233310
7278 87.875721 -1.542227 1.542227
2070 14.634146 14.634146 85.365854
3750 15.853659 15.853659 84.146341
12657 15.588537 15.588537 82.954856
1145 27.473762 -17.575231 82.424769
1146 26.431800 -17.492250 82.507750
11432 80.837913 -19.162087 52.512895
15386 49.117200 -34.512951 65.487049
15505 49.426820 -34.030164 65.969836
13054 80.543685 -19.456315 51.931415
11921 80.637094 -19.362906 51.264340
23252 39.263358 -26.785238 73.214762
23272 39.227102 -26.601768 73.398232
23264 39.174787 -26.541229 73.458771
7314 78.889110 -15.012394 84.987606
16594 79.123135 -15.150972 84.849028
13849 69.137025 -5.928976 5.928976
338 79.512319 -16.701394 83.298606
339 79.301865 -16.768483 83.231517
340 79.338986 -16.899962 83.100038
10555 38.291870 -35.017010 64.982990
13203 37.853632 -34.683049 65.316951
14170 37.806898 -35.352374 64.647626
4665 35.263158 -35.263158 64.736842
16790 35.789474 -35.789474 64.210526
6757 35.938280 -34.866061 65.133939
19301 78.650722 -21.349278 54.852075
3500 39.561736 -26.507755 73.492245
3499 39.804017 -26.525790 73.474210
5737 81.243391 -18.756609 25.002187
15327 80.501503 -19.498497 25.370611
12817 64.953500 -35.046500 43.267364
13906 64.373532 -35.626468 42.998370
7327 8.126460 8.126460 76.138207
14345 39.760025 -36.788292 36.788292
13539 40.160899 -36.382719 36.382719
16553 73.463552 -13.470672 86.529328
3595 3.139288 -3.139288 61.285333
5990 3.764275 -3.764275 65.686950
13924 68.915789 -19.814586 19.814586
12990 40.473106 -33.669400 33.669400
8722 40.466878 -33.244830 33.244830
8724 40.758685 -33.534364 33.534364
9300 60.607582 -25.141738 74.858262
4132 39.049049 28.304977 71.695023
6348 39.270522 26.393413 73.606587
16592 40.233063 -17.717894 82.282106
15748 69.051101 -22.847919 77.152081
15749 69.370488 -22.332942 77.667058
7060 63.063803 -30.796943 69.203057
7059 63.565691 -30.976430 69.023570
8565 42.081391 -27.370042 27.370042
14359 42.297996 -26.887876 26.887876
14358 42.649866 -27.361161 27.361161
4396 83.333333 -16.666667 16.666667
6865 82.638889 -17.361111 17.361111
18354 82.189833 -17.083746 17.083746
12155 63.551402 0.000000 100.000000
3729 79.893791 -18.418620 81.581380
3728 79.524553 -18.407282 81.592718
15383 76.179701 -23.820299 39.731087
1941 75.677482 -24.322518 41.137324
255 58.645344 -36.994343 63.005657
6141 31.780544 -11.734019 11.734019
6629 30.751966 -11.629823 11.629823
8835 86.283251 -13.716749 15.669288
15202 37.227638 -31.230378 31.230378
14167 51.230100 -48.769900 49.957086
11082 51.298701 -48.701299 51.298701
78 94.987813 5.012187 39.112040
4253 56.163954 -36.774904 63.225096
13931 56.800140 -36.658740 63.341260
19003 61.279232 -24.038146 24.038146
9082 61.598152 -23.322471 23.322471
13830 62.034620 -23.780532 23.780532
5222 87.771789 -5.361892 5.361892
2073 86.811038 -5.368906 5.368906
14827 48.711089 -16.169091 83.830909
13189 67.843809 -31.138369 31.138369
16918 67.094158 -31.918300 31.918300
6611 42.527757 -38.102922 38.102922
3477 97.028774 2.971226 14.305854
2341 97.296335 2.703665 9.361570
3478 96.565162 3.434838 9.038857
5370 70.274589 -22.230242 22.230242
17016 65.827990 -26.708970 26.708970
12376 65.274419 -26.170907 26.170907
18792 79.112021 -20.887979 50.628476
8865 78.715666 -21.284334 50.886634
14871 56.826723 37.746323 62.253677
15480 74.487937 -25.512063 40.552951
18213 74.725913 -25.274087 38.718249
14762 75.068651 -24.931349 39.541731
6827 79.538374 20.461626 69.317425
4667 79.090535 20.909465 70.363389
15827 65.669228 -18.365253 81.634747
1662 65.421018 -18.059447 81.940553
17222 66.610368 -33.389632 40.868165
17850 66.409586 -33.590414 39.576128
17223 67.074274 -32.925726 39.524192
10236 31.940562 -21.388735 78.611265
5939 84.753127 15.246873 39.687820
5937 84.552506 15.447494 45.251862
5938 85.072952 14.927048 43.416842
6737 41.121495 0.000000 100.000000
6738 42.056075 0.000000 100.000000
11901 39.737413 -26.934577 26.934577
9026 39.666879 -27.357111 27.357111
6516 76.105542 -20.843080 20.843080
2617 75.147461 -21.000197 21.000197
1368 54.965544 -16.640583 83.359417
1370 55.562948 -16.256160 83.743840
8701 54.954015 -16.117247 83.882753
12212 29.144186 29.144186 52.620789
10777 29.033974 29.033974 52.276618
17979 28.879211 28.879211 52.593547
7624 94.026048 -5.973952 45.293744
7258 93.867154 -6.132846 41.658372
11233 63.785116 -22.123692 22.123692
11223 63.614680 -22.793669 22.793669
11232 63.235771 -22.466220 22.466220
3966 79.526663 -12.441065 87.558935
2754 79.746904 -11.918848 88.081152
1471 41.743983 -18.484728 81.515272
17595 41.931802 -28.476698 71.523302
14535 41.566142 -28.766668 71.233332
9904 41.975759 -28.901907 71.098093
19439 79.898928 -20.101072 41.664514
2916 79.410565 -20.589435 41.463431
5061 79.457467 -20.542533 43.168646
15262 62.531670 -25.602675 74.397325
12973 62.204007 -26.080279 73.919721
12885 37.048746 -30.893031 69.106969
8097 36.929151 -31.502096 68.497904
4186 1.520012 -1.520012 37.260208
9620 1.859229 -1.859229 38.421638
15361 30.141529 -4.606081 95.393919
9994 65.174543 -34.825457 37.557924
13861 65.139720 -34.860280 36.144784
14046 65.618204 -34.381796 36.557437
14045 65.779975 -34.220025 35.408801
13142 41.879750 -20.731067 79.268933
5690 41.371835 -20.998173 79.001827
17287 41.721358 -21.184890 78.815110
11258 74.424508 -20.214512 20.214512
9917 48.454349 -4.551186 95.448814
17082 34.020945 -22.715203 22.715203
2735 33.468571 -23.071115 23.071115
15584 33.421285 -22.398932 22.398932
9091 38.509096 22.427195 77.572805
15862 90.480676 -5.268084 5.268084
11609 89.778623 -5.707218 5.707218
10664 89.963698 -5.135902 5.135902
13472 57.576389 -10.870449 10.870449
883 26.953494 -13.182916 86.817084
12534 62.708274 -29.844332 70.155668
6458 38.260170 -28.808267 28.808267
19001 38.357899 -29.089426 29.089426
14156 89.827853 -10.172147 43.637424
2661 89.338567 -10.661433 42.363347
10697 90.051202 -9.948798 40.593608
16673 19.487722 -11.515870 11.515870
11550 63.888889 36.111111 36.111111
10283 64.444444 35.555556 35.555556
10778 28.881741 28.881741 51.959222
6622 29.196948 29.196948 51.897085
18887 28.987507 28.987507 51.502511
11276 53.469970 -12.892315 87.107685
10958 53.722535 -12.244983 87.755017
8517 52.907758 -12.511067 87.488933
14940 48.411232 -28.076165 71.923835
3242 48.825549 -27.774134 72.225866
3815 29.051895 -21.631358 21.631358
3817 29.113168 -20.763076 20.763076
2688 75.583651 24.416349 49.351101
5136 68.928718 -14.291858 85.708142
5138 68.797669 -14.774243 85.225757
15066 69.443614 -14.393653 85.606347
15317 85.496459 -8.876670 8.876670
4569 85.942437 -8.090004 8.090004
7606 74.521072 -11.634744 11.634744
16680 73.721055 -11.724539 11.724539
15426 74.361665 -11.102797 11.102797
9928 50.456784 -33.589902 66.410098
14594 50.118786 -33.210104 66.789896
61 44.088409 -14.990616 14.990616
14014 63.958296 -6.040358 93.959642
15447 63.650555 -6.564751 93.435249
5548 64.468842 -6.368513 93.631487
6044 54.580354 -34.227065 65.772935
2547 53.389404 -30.051202 30.051202
1525 79.168731 -20.831269 46.828941
9403 79.356442 -20.643558 47.813377
6341 74.479909 -25.520091 55.857192
6340 74.880688 -25.119312 54.252369
11380 57.915525 -4.596708 95.403292
6378 32.755267 -18.281739 18.281739
13014 33.568572 -17.822266 17.822266
1158 40.040089 -23.723746 76.276254
1156 40.248643 -23.897667 76.102333
14683 45.193412 -33.359033 66.640967
11672 44.837338 -32.917757 67.082243
10691 88.964437 -11.035563 47.357853
10707 89.299649 -10.700351 44.977569
4130 80.089964 -13.476170 86.523830
16410 58.646723 -9.838860 90.161140
8936 94.897922 -5.102078 25.592422
5097 95.325967 -4.674033 27.348360
10941 43.896528 -35.602875 64.397125
10942 43.705023 -36.367854 63.632146
17899 77.837846 5.186529 5.186529
13057 77.025519 5.362486 5.362486
7385 92.884632 -7.115368 74.796453
18801 92.748648 -7.251352 77.383036
14572 44.265622 -34.757975 34.757975
2163 42.592716 -16.207113 16.207113
8850 18.111274 -5.158489 94.841511
18773 19.512875 -3.470109 96.529891
8848 18.410268 -3.750571 96.249429
18433 38.583842 -25.725657 74.274343
4549 79.384381 -20.615619 39.869721
4547 79.866157 -20.133843 38.496955
16151 37.719331 -29.309827 29.309827
10604 37.879644 -29.154929 29.154929
12471 37.955181 -29.400067 29.400067
1202 38.391399 -10.122278 89.877722
6877 38.007593 -9.622705 90.377295
3057 39.477526 -32.345511 32.345511
11915 39.125787 -32.261191 32.261191
12033 79.310225 -20.689775 23.509382
9436 36.789237 -29.559302 29.559302
6071 23.100155 23.100155 42.621558
19281 88.215647 -11.784353 80.260045
1962 88.151056 -11.848944 77.348602
18987 56.448948 -41.768991 41.768991
13531 71.394827 28.605173 38.158623
18804 71.738790 28.261210 36.062647
11370 28.098071 28.098071 51.807238
10440 28.122524 28.122524 51.650880
10474 85.640131 -1.828958 1.828958
17004 72.990465 27.009535 34.854899
15785 47.560976 47.560976 52.439024
8187 46.341463 46.341463 53.658537
10217 48.186740 47.105589 52.894411
1618 49.520346 13.286346 13.286346
18246 53.946909 19.072147 19.072147
1617 52.153461 15.609247 15.609247
10760 33.610469 -29.499471 29.499471
10759 33.459846 -29.048570 29.048570
17301 33.929573 -29.279814 29.279814
9384 82.044975 17.955025 57.670276
2103 81.374531 18.625469 60.150063
7662 38.428752 -27.648957 27.648957
10075 38.136203 -30.018134 30.018134
14193 18.152198 -15.480299 15.480299
14537 18.394153 -14.300582 14.300582
14634 54.964859 -35.918338 64.081662
13607 54.218531 -36.578994 63.421006
7524 35.862673 -29.360136 29.360136
9371 40.019324 -31.744943 31.744943
13608 53.638313 -37.463380 62.536620
1110 54.297493 -37.431007 62.568993
4340 69.745555 10.890703 89.109297
10351 37.246135 -31.846369 31.846369
19151 68.693731 -31.306269 53.579982
7345 43.962033 -25.538421 25.538421
17668 40.499993 12.814418 12.814418
10156 39.993278 13.221857 13.221857
12298 81.380043 18.619957 66.003688
13691 24.818301 24.818301 37.460573
6498 24.635669 24.635669 36.174888
6041 24.034326 24.034326 36.691695
14519 29.527396 -13.875802 86.124198
3686 66.084074 -31.083771 68.916229
11684 26.544814 26.544814 39.185177
15854 36.720014 -31.259274 31.259274
10353 79.388531 -20.611469 26.484710
15247 79.361505 -20.638495 25.005101
15246 79.940614 -20.059386 24.985580
15938 78.167103 -13.182678 86.817322
11440 78.720352 -12.855529 87.144471
18672 93.130681 -6.869319 42.740261
11706 71.527778 -28.472222 28.472222
13207 71.992194 -27.463543 27.463543
17769 72.222222 -27.777778 27.777778
11555 50.150866 -36.515922 36.515922
9023 50.693481 -36.345291 36.345291
9025 50.454031 -36.956105 36.956105
15922 39.987992 -30.573370 30.573370
16030 99.291459 -0.708541 23.438556
1549 76.265653 -16.151331 83.848669
5373 75.967237 -16.571058 83.428942
676 76.528866 -16.293496 83.706504
1221 76.590508 -23.409492 70.162744
12282 64.633288 -24.324713 24.324713
11323 59.789024 -40.210976 46.275992
5932 31.099716 -26.603800 26.603800
4331 87.852041 -12.147959 50.416270
4332 88.316756 -11.683244 47.746794
13783 38.537617 -33.168285 33.168285
3615 38.547744 -33.381245 33.381245
12223 38.365172 -33.331566 33.331566
16017 78.122632 21.877368 63.556888
4745 78.100660 21.899340 68.014432
3261 78.632934 21.367066 65.714569
14327 79.410579 -20.589421 50.392862
247 79.328003 -20.671997 51.349273
18679 42.940899 -22.125595 77.874405
13026 42.507324 -22.261598 77.738402
5741 87.436566 -12.563434 71.007724
14282 87.024997 -12.975003 69.243318
13388 28.307922 28.307922 55.303636
8447 48.599443 11.850683 88.149317
16169 56.855674 23.475675 76.524325
8103 38.894266 38.894266 49.100150
5868 37.671690 37.671690 48.824754
19073 43.751277 -33.997613 33.997613
14028 43.729854 -33.469651 33.469651
14030 44.090448 -33.204493 33.204493
13355 42.276238 -19.922567 19.922567
18632 42.596893 -19.387471 19.387471
13354 43.107907 -19.879599 19.879599
23136 37.270717 -29.848593 29.848593
5963 47.186097 -28.742898 71.257102
5962 47.517408 -29.000955 70.999045
13303 58.504499 -20.735099 79.264901
6007 35.633112 -28.120701 28.120701
7844 35.473844 -27.947352 27.947352
10074 37.897523 -30.013726 30.013726
13190 68.750000 -31.250000 31.250000
5366 69.164990 -30.835010 31.612490
10743 36.090404 36.090404 40.464002
10640 37.044654 37.044654 40.827256
3367 17.086358 17.086358 75.699987
14670 39.057716 -34.879133 34.879133
8674 39.602510 -35.084085 35.084085
18592 56.177915 -27.820357 72.179643
8832 49.732639 -12.398605 87.601395
3294 85.986899 -9.980508 90.019492
32 86.264195 -10.142175 89.857825
434 86.789117 -9.614856 90.385144
16119 81.439009 -1.940609 98.059391
10128 80.989359 -1.863361 98.136639
15910 96.000000 4.000000 96.000000
17271 45.978874 -27.205101 27.205101
16884 46.116798 -26.597866 26.597866
14026 15.871126 -10.467204 89.532796
8147 72.823760 -18.029709 81.970291
8148 72.252316 -18.443993 81.556007
9949 89.048015 10.951985 84.389580
1930 88.556758 11.443242 84.860128
18650 40.311122 -26.464115 26.464115
12239 46.076281 -11.963045 88.036955
16407 21.938803 21.938803 37.167504
23535 99.530406 0.469594 95.391651
23536 99.559033 0.440967 97.543551
6163 55.985150 37.330180 37.330180
14795 56.362160 38.836432 38.836432
16640 39.130671 -29.067740 29.067740
6950 58.294012 -19.804262 80.195738
19056 20.545784 -18.036997 81.963003
9830 21.261017 -18.519056 81.480944
16387 46.790266 -7.507828 7.507828
7455 46.055141 -7.523068 7.523068
11894 38.263921 -22.963202 77.036798
10796 38.213644 -22.686582 77.313418
4502 72.458065 -17.059728 82.940272
11191 48.216371 -25.347649 74.652351
10452 48.593900 -25.062197 74.937803
15460 64.274710 -18.387162 81.612838
14626 64.839562 -18.223254 81.776746
15461 64.589646 -17.927635 82.072365
10737 67.775613 32.224387 51.042801
18018 67.065545 32.934455 53.049691
3968 79.717628 -12.745941 87.254059
12288 38.935477 -31.832433 31.832433
12289 39.148901 -31.530070 31.530070
2947 67.597168 -1.038953 98.961047
11181 40.142538 -25.741432 74.258568
2452 63.195710 -7.617469 92.382531
16816 63.396537 -7.094257 92.905743
6975 81.635459 18.364541 69.881756
18358 49.935446 -29.264453 29.264453
11140 50.422540 -29.915807 29.915807
15171 49.638226 -30.024554 30.024554
8930 58.543778 -19.222081 80.777919
13788 25.840034 25.840034 54.645276
5099 96.031083 -3.968917 25.051428
5098 95.664084 -4.335916 22.959853
12432 51.057087 42.103031 57.896969
16641 51.409953 41.275670 58.724330
11199 30.729097 30.729097 63.661537
16661 31.502784 31.502784 64.036915
4421 72.732787 -27.267213 28.673604
8132 46.794888 -9.279587 90.720413
12172 37.167860 -29.793416 29.793416
3420 82.782754 -13.066418 86.933582
10372 82.589125 -13.432646 86.567354
11859 83.011749 -13.149666 86.850334
735 63.900410 -8.198536 8.198536
12778 64.769639 -8.513112 8.513112
7623 63.883667 -8.996614 8.996614
3528 31.298613 29.450788 70.549212
3527 31.707317 31.707317 68.292683
2122 45.522535 -36.828855 63.171145
9542 45.429794 -36.068015 63.931985
15663 38.778560 -3.453032 96.546968
5391 38.174282 -4.117167 95.882833
17892 69.007659 -18.702017 81.297983
7011 57.929664 -19.467123 80.532877
2032 57.668597 -19.931922 80.068078
5271 57.527656 29.428960 70.571040
5272 50.670350 19.582286 80.417714
16432 58.748506 -11.401893 11.401893
14343 39.960203 -37.497951 37.497951
14344 39.368159 -37.143786 37.143786
14838 29.267371 29.267371 43.589648
14839 28.950105 28.950105 43.501239
10306 29.110354 29.110354 43.905495
6226 86.525512 -13.474488 38.254859
4879 86.994258 -13.005742 36.849241
7888 55.968094 -22.141811 22.141811
318 38.274226 -28.091679 28.091679
12832 28.048780 28.048780 71.951220
5532 26.829268 26.829268 73.170732
6795 92.000000 8.000000 92.000000
12553 91.500000 8.500000 91.500000
23533 88.586320 4.066304 95.933696
13120 32.030088 32.030088 47.841036
13121 32.436226 32.436226 47.358444
152 31.744843 31.744843 47.245909
4634 71.459821 -2.167149 97.832851
4635 71.047553 -2.522569 97.477431
18630 78.478509 21.521491 44.946849
6291 74.293727 -22.573175 22.573175
16955 73.381596 -23.314433 23.314433
9833 43.899435 -16.875344 83.124656
1952 64.985302 35.014698 41.518562
1951 65.555556 34.444444 34.444444
11510 58.886043 -35.775757 35.775757
23702 38.541939 -38.541939 48.250824
23689 38.153965 -38.153965 50.251100
1318 37.894737 -37.894737 37.894737
23690 37.750271 -37.750271 53.255778
10202 67.894164 -28.568694 71.431306
17371 67.585034 -28.248109 71.751891
15819 91.870167 -8.129833 44.980478
17153 2.631579 -2.631579 2.631579
7382 3.264879 -1.186203 1.186203
16062 42.974130 -33.461182 33.461182
6763 51.162410 -9.166128 90.833872
15752 30.038016 -8.971472 91.028528
14217 54.969990 -20.065368 20.065368
14218 54.716190 -19.500852 19.500852
18558 47.342486 -4.292516 95.707484
2814 47.915189 -3.672810 96.327190
831 22.150736 22.150736 57.407689
5936 37.963236 -29.827218 29.827218
4624 48.799141 -32.941865 67.058135
13923 48.887630 -33.418400 66.581600
12954 41.605812 -26.134891 73.865109
10265 80.349177 -14.464919 85.535081
10267 80.790922 -14.102364 85.897636
18114 39.736574 -27.054579 72.945421
500 40.187441 -27.009794 72.990206
14148 66.554631 11.424656 88.575344
11341 76.500000 23.500000 76.500000
1284 76.000000 24.000000 76.000000
23691 13.421052 -13.421052 48.179959
18353 29.318034 -7.718709 92.281291
5953 29.191739 -8.571828 91.428172
4143 15.810093 -12.266935 87.733065
5951 28.258696 -9.123519 90.876481
9376 62.786461 -1.861223 1.861223
15762 43.723029 22.906609 22.906609
6325 42.362519 22.377807 22.377807
8414 44.319242 25.065753 25.065753
11642 74.211098 -3.326061 3.326061
7739 73.321709 -3.115246 3.115246
7217 79.466642 4.860246 4.860246
14879 38.754869 -26.273316 73.726684
14878 38.707559 -26.345066 73.654934
14310 67.992878 -7.891816 7.891816
18259 68.037993 -8.648936 8.648936
298 26.927673 -17.938349 17.938349
297 26.810786 -16.965645 16.965645
3421 27.860134 -17.031733 17.031733
680 16.285034 16.285034 65.399261
9839 15.229942 15.229942 67.536961
6590 44.141546 21.328577 78.671423
18668 44.476497 22.968707 77.031293
6752 42.565846 20.199008 79.800992
5347 80.240796 -12.290735 87.709265
23693 15.000000 -15.000000 49.227574
14256 41.919928 -22.815666 77.184334
5906 90.023831 -4.777847 95.222153
8249 90.319746 -5.045742 94.954258
1469 11.470077 11.470077 79.118634
9204 51.935563 -25.301080 74.698920
1574 34.478358 23.469681 23.469681
15234 89.902089 -10.097911 53.827708
5140 64.749520 -12.286204 87.713796
9648 83.858023 -16.141977 29.808646
4696 83.979583 -16.020417 27.670321
6740 40.555158 -33.851186 66.148814
8417 4.006301 4.006301 8.565512
8419 4.553191 4.553191 14.258834
16318 80.420752 -12.812209 87.187791
7052 58.848802 -36.518138 36.518138
11587 41.427400 -8.914540 8.914540
1937 41.200946 -9.877872 9.877872
15905 40.580110 -9.141013 9.141013
11051 93.617636 -3.135915 96.864085
8628 37.364636 -18.541624 81.458376
7290 36.779642 -18.056489 81.943511
8193 71.413278 -5.189345 5.189345
15057 71.740050 -5.871138 5.871138
5159 83.092897 -1.409064 98.590936
9131 83.248667 -1.311935 98.688065
18946 39.213450 -27.679025 27.679025
19318 79.020721 -11.678323 88.321677
576 40.000000 -40.000000 40.000000
578 40.526316 -40.526316 40.526316
23695 40.264196 -40.264196 50.134879
3365 27.871929 27.871929 48.266285
13055 28.331288 28.331288 48.054640
16928 27.953253 27.953253 47.599111
17653 81.188442 -5.928718 94.071282
17151 80.868254 -6.415559 93.584441
10481 28.409312 28.409312 45.771916
15525 28.252838 28.252838 45.439330
3838 72.373477 -24.245528 75.754472
5994 38.455905 -35.592727 35.592727
15462 74.321146 8.990259 8.990259
4577 76.076428 13.036860 13.036860
11369 78.514859 15.056971 15.056971
3852 34.143750 -24.201257 75.798743
9305 16.056044 13.698999 13.698999
15156 16.707509 12.895037 12.895037
16259 42.078509 -30.706992 30.706992
13938 42.386996 -30.463457 30.463457
6074 5.789474 -5.789474 5.789474
13086 73.069323 26.930677 46.058501
552 94.449492 -5.550508 52.140450
15727 94.956649 -5.043351 49.990296
1075 49.246333 -22.626653 77.373347
1074 49.771965 -22.700661 77.299339
2123 49.663200 -22.252340 77.747660
1763 50.213892 -20.419521 79.580479
12597 44.627821 42.091731 42.091731
5281 44.810126 40.628551 40.628551
3503 61.159783 38.840217 55.510965
11956 61.648099 38.351901 56.107592
13525 99.176983 -0.823017 27.473911
9531 98.681202 -1.318798 29.948923
16031 98.861735 -1.138265 25.322381
6772 34.105847 -32.706654 67.293346
4607 51.133645 -38.872268 38.872268
4608 50.533301 -39.612370 39.612370
1890 50.501469 -38.554804 38.554804
3873 66.155726 -16.808324 83.191676
3875 66.309003 -16.287338 83.712662
4338 65.628021 -16.691635 83.308365
19105 22.141503 22.141503 45.555137
12068 18.691589 0.000000 100.000000
6978 68.961190 -11.611121 11.611121
15250 69.816410 -11.117916 11.117916
12859 69.596207 -11.798373 11.798373
8 48.653563 -10.671485 89.328515
15765 46.370503 -23.223667 76.776333
11141 50.650116 -29.066524 29.066524
14348 29.963043 -21.261040 78.738960
14347 30.932672 -21.336171 78.663829
702 83.697514 -10.384080 89.615920
16620 65.981310 -34.018690 54.969068
15407 65.704007 -34.295993 53.854105
11070 21.207890 21.207890 39.329299
557 76.069524 -14.362449 85.637551
555 75.677856 -14.243742 85.756258
1711 48.148793 -41.152281 58.847719
1712 48.436062 -41.874165 58.125835
18002 38.572541 -26.806706 73.193294
3230 26.195239 26.195239 43.610592
3443 26.392051 26.392051 43.342658
16953 38.011018 -26.171212 73.828788
15372 37.990065 -26.058840 73.941160
5819 37.881419 -26.144224 73.855776
1933 85.341276 -14.658724 30.666127
5410 85.695222 -14.304778 32.273099
14790 36.565370 -30.311208 30.311208
4007 66.392829 -27.502469 72.497531
5402 66.895879 -27.619822 72.380178
1564 36.520828 -17.280947 82.719053
10644 72.692826 -27.307174 65.935992
15276 63.556031 -32.682127 32.682127
17107 63.201264 -32.409875 32.409875
15544 25.065949 -6.151264 6.151264
13497 25.779647 -4.714037 4.714037
1502 1.416888 1.416888 46.853659
15961 2.211933 2.211933 45.203562
12372 96.664860 -3.335140 51.457510
940 39.174541 -0.726552 99.273448
938 38.215421 -0.390717 99.609283
939 37.976083 -1.060621 98.939379
1882 86.457563 -7.980893 92.019107
1883 85.618997 -8.292492 91.707508
5151 72.916667 -27.083333 27.083333
6212 28.412671 28.412671 52.138634
23095 28.347308 28.347308 52.271531
10908 37.235174 37.235174 61.732884
8943 36.669071 36.669071 61.006919
9677 35.706540 35.706540 62.816566
14443 49.991870 -30.652437 30.652437
10269 50.618738 -30.711674 30.711674
13980 21.901068 21.901068 60.493100
14072 88.685764 11.314236 41.489915
1800 89.129037 10.870963 44.688192
1799 89.131257 10.868743 39.727154
7831 71.698891 -23.210114 76.789886
6579 99.298498 -0.701502 90.122872
9245 98.764497 -1.235503 87.803621
7747 52.969966 -37.589593 62.410407
4704 41.309399 -15.552392 84.447608
18970 40.611974 -15.620189 84.379811
11461 40.974466 -16.076310 83.923690
2298 64.878370 -29.120732 29.120732
17007 36.001881 -30.424351 30.424351
18763 36.194901 -30.484041 30.484041
1719 41.706151 -26.910484 26.910484
8566 41.644356 -27.388298 27.388298
6184 20.538020 -19.352217 80.647783
6049 48.323404 -33.315245 66.684755
18860 47.808553 -33.438581 66.561419
10914 72.098515 -16.507782 83.492218
14186 43.580839 -38.158449 38.158449
4847 43.447916 -38.839894 38.839894
10022 43.054764 -38.135133 38.135133
2138 17.944368 -1.895371 1.895371
12559 18.518519 0.000000 0.000000
10204 19.444444 0.000000 0.000000
1189 42.430137 -27.235489 72.764511
7727 88.038010 11.961990 81.513230
1931 88.165419 11.834581 85.517222
8840 39.770782 -9.413401 9.413401
9901 39.071178 -8.882616 8.882616
15851 19.163150 19.163150 45.470573
133 19.491706 19.491706 44.094707
16663 13.638618 13.638618 74.945070
9415 14.629812 14.629812 75.233152
14169 14.543818 14.543818 73.042710
3682 57.725184 -14.517003 85.482997
15658 58.412917 -14.176740 85.823260
15733 82.372895 -14.312341 85.687659
5289 95.700895 -4.299105 74.687303
510 95.365081 -4.634919 76.800919
10721 57.839767 -35.734276 64.265724
17724 58.079500 -36.175660 63.824340
16988 45.412473 -25.228973 25.228973
5762 44.907896 -25.149074 25.149074
9753 45.329559 -24.697833 24.697833
1036 92.777778 7.222222 7.222222
14717 51.637270 -35.517711 35.517711
6006 47.842132 32.078922 32.078922
6005 48.319685 33.722764 33.722764
4099 92.353801 -4.888860 95.111140
18303 91.941715 -5.449466 94.550534
14271 75.555086 -16.137321 83.862679
1526 47.347205 -1.010390 1.010390
7066 82.082451 -17.917549 45.935640
7064 81.872657 -18.127343 45.899160
11421 54.600821 -20.478433 79.521567
9900 39.203187 -7.898901 7.898901
15014 61.346611 -38.653389 53.466892
11920 60.563058 -39.436942 53.144238
6093 61.574623 -3.960360 3.960360
6092 62.669952 -3.602942 3.602942
12844 85.831537 -6.904824 93.095176
9375 62.994234 -2.678585 2.678585
1463 67.663816 -32.336184 65.429435
13461 77.595473 -17.853053 82.146947
13462 77.674270 -17.544047 82.455953
13089 77.243823 -17.882904 82.117096
16465 71.497692 -25.763099 25.763099
8734 72.362543 -25.317788 25.317788
11986 71.998723 -26.159629 26.159629
16210 89.939830 -10.060170 48.364983
14038 22.473650 22.473650 38.337236
13074 43.893748 42.390314 57.609686
13023 51.188719 -24.675592 75.324408
7115 50.717013 -24.899964 75.100036
8841 39.715991 -10.255318 10.255318
4853 26.684828 -16.149210 83.850790
5821 37.723630 -26.126727 73.873273
13369 37.545626 -26.109035 73.890965
4093 37.667199 -25.997024 74.002976
3450 29.402468 12.661293 87.338707
18331 27.895124 11.143934 88.856066
13393 34.658983 -32.372882 32.372882
17650 29.179305 -19.970602 19.970602
11182 84.104305 -15.895695 55.396326
6336 73.904822 -15.889030 84.110970
100 74.121186 -15.443965 84.556035
11864 58.509673 -19.042749 19.042749
2006 52.410654 -46.551787 46.551787
16817 63.968135 -7.373078 92.626922
19090 63.765419 -7.861618 92.138382
6450 36.992857 -27.074620 27.074620
9986 36.758363 -27.250607 27.250607
9988 36.606893 -27.022596 27.022596
12725 45.220853 -18.859734 18.859734
9778 45.606063 -19.321833 19.321833
7652 40.352496 -9.860062 9.860062
18704 79.356308 -20.643692 65.177006
2651 29.277963 -21.897137 78.102863
2278 30.246313 -22.015027 77.984973
16207 51.720276 -26.918101 73.081899
15583 44.008165 -30.314067 30.314067
13131 44.467924 -30.707963 30.707963
15766 43.974446 -30.931361 30.931361
3957 81.993289 -18.006711 51.244145
8760 82.316324 -17.683676 50.692895
10605 37.629984 -29.090604 29.090604
13157 70.595021 5.141905 5.141905
13156 72.471988 9.587578 9.587578
5000 38.153562 -30.379527 69.620473
19130 66.022512 -33.109951 33.109951
14704 65.405796 -32.752174 32.752174
19106 66.208636 -32.327557 32.327557
12733 32.615763 -27.170039 72.829961
4433 33.149999 -27.592935 72.407065
3084 32.610598 -10.854644 89.145356
18514 83.901922 -10.238520 10.238520
11960 59.618962 -4.506710 4.506710
10598 60.266072 -4.841731 4.841731
14088 59.551532 -5.177295 5.177295
723 26.471165 -19.614504 80.385496
1812 79.315998 -20.684002 61.962078
15197 78.972228 -21.027772 63.451636
14652 80.195754 -19.804246 28.947916
13428 51.452820 -46.391403 46.391403
16246 51.102608 -47.761354 47.761354
6175 50.841873 -46.847388 46.847388
612 62.388454 -33.393704 66.606296
5290 78.693765 -21.306235 46.988342
7643 75.894208 -19.590939 80.409061
7642 76.182687 -19.660735 80.339265
7238 63.500000 36.500000 63.500000
5205 64.000000 36.000000 64.000000
11290 40.190638 -35.330431 35.330431
12674 40.655299 -35.400336 35.400336
2438 79.345318 -20.654682 38.314902
10717 76.875505 -15.173300 84.826700
15629 76.726488 -14.929836 85.070164
4153 37.047825 -32.171895 32.171895
14184 37.267437 -32.599195 32.599195
2189 36.837235 -32.438791 32.438791
14562 37.468964 -32.290523 32.290523
12030 43.939154 -22.542198 77.457802
12264 44.355888 -22.316741 77.683259
10915 72.391020 -16.054048 83.945952
1514 0.979589 -0.979589 57.920053
1515 0.939632 -0.939632 48.657497
10028 37.376086 -18.724583 18.724583
2279 29.516343 -22.655331 77.344669
15728 95.454308 -4.545692 51.647781
14508 95.953180 -4.046820 53.659280
7798 76.269691 -19.273089 80.726911
10723 36.874159 -19.906285 19.906285
3520 75.998070 -24.001930 28.122441
13940 75.346150 -24.653850 28.653626
6560 75.693990 -24.306010 27.044043
15238 69.170180 -13.383209 86.616791
12556 63.820720 -16.876432 83.123568
3118 64.470882 -16.452727 83.547273
2188 36.644060 -32.060516 32.060516
2187 36.445636 -32.305370 32.305370
17143 35.637204 -29.719337 29.719337
109 35.652088 -19.805942 80.194058
15006 36.395911 -20.179756 79.820244
6771 34.647811 -32.431218 67.568782
1736 34.700966 -33.129915 66.870085
9909 52.993320 -17.458322 17.458322
8331 52.993143 -16.541416 16.541416
2369 89.240560 -10.759440 24.922142
2602 88.648334 -11.351666 25.482833
2653 84.652492 -1.044136 98.955864
16895 84.668670 -0.968674 99.031326
2043 84.417467 -1.064049 98.935951
15510 46.135686 -9.665993 90.334007
13960 45.502702 -9.316219 90.683781
10095 19.868538 19.868538 73.479023
1208 16.647545 -10.913832 10.913832
1737 15.968998 -12.043128 12.043128
18585 15.440548 -11.587132 11.587132
9379 36.134013 -29.527754 29.527754
10722 36.266215 -29.590959 29.590959
14736 75.084065 -24.915935 35.402083
15732 75.593006 -24.406994 34.640673
11170 75.551269 -24.448731 35.997299
14817 35.371850 35.371850 57.182888
12421 44.451136 -42.651762 57.348238
12388 58.432979 -32.250401 67.749599
12387 57.792866 -32.501189 67.498811
11281 24.170972 3.293169 96.706831
1935 41.993084 -9.457065 9.457065
4516 47.109960 -29.108954 29.108954
144 47.377056 -28.574461 28.574461
15574 47.591765 -29.227389 29.227389
5603 18.941357 18.941357 73.521080
13473 56.916153 -11.340204 11.340204
6185 56.080040 -11.493267 11.493267
17274 56.216971 -10.865945 10.865945
6573 81.093724 -8.509625 91.490375
7368 80.317410 -8.655866 91.344134
3793 78.392563 -16.886407 83.113593
23002 78.536741 -16.877509 83.122491
12562 78.627503 -16.714588 83.285412
16541 78.679803 -16.871262 83.128738
3795 78.420438 -17.061857 82.938143
15256 71.306505 -13.331115 86.668885
8653 70.683396 -13.670448 86.329552
7946 71.157790 -13.760142 86.239858
4203 62.483173 -37.516827 48.099286
14231 62.817191 -37.182809 46.199667
12812 37.320635 37.320635 51.756672
18744 69.983096 -25.271644 74.728356
5523 69.585480 -25.938003 74.061997
855 70.367113 -25.573919 74.426081
1324 39.054952 -20.706600 79.293400
1323 39.313296 -20.974285 79.025715
12694 60.618896 -27.557054 72.442946
14284 60.083363 -27.866872 72.133128
16968 75.330366 -18.715601 81.284399
6495 41.398355 -36.256158 63.743842
6496 41.004901 -35.637996 64.362004
8241 66.804521 -19.611336 19.611336
6433 36.452065 -31.708779 31.708779
6435 36.090431 -31.594030 31.594030
11911 33.989029 -7.124720 92.875280
17515 34.601235 -6.360736 93.639264
18898 33.590201 -6.315703 93.684297
7204 33.415091 14.031663 14.031663
2787 32.418973 11.274124 11.274124
2789 31.395230 11.307037 11.307037
18000 83.375546 -1.563327 98.436673
7193 83.136291 -1.721334 98.278666
7195 83.644465 -1.647646 98.352354
3015 78.268893 -21.731107 28.150201
4242 77.735878 -22.264122 29.636787
10999 19.668740 -7.496300 7.496300
10998 18.198413 -8.110597 8.110597
6502 97.595997 -2.404003 81.877923
5895 97.740159 -2.259841 78.698035
15417 98.173576 -1.826424 80.695315
17231 34.453504 -27.887394 27.887394
3664 64.142145 -2.565556 97.434444
320 53.424722 -46.575278 47.755881
759 54.228766 -45.771234 46.782878
11503 84.216695 -12.270556 12.270556
7017 37.030063 -27.284627 72.715373
18472 67.228462 -9.131276 9.131276
16823 67.196391 -8.431728 8.431728
2920 36.403796 -30.135484 30.135484
3396 38.137072 -30.726534 30.726534
7403 38.425397 -30.757349 30.757349
19107 65.634589 -31.959884 31.959884
7947 64.756545 -32.370476 32.370476
10519 38.377855 -25.289329 74.710671
10518 38.320548 -25.430137 74.569863
8070 31.710676 31.710676 49.369249
16989 31.917119 31.917119 48.507790
15778 31.211215 31.211215 48.649189
13072 94.345635 -5.068438 5.068438
13073 95.065382 -4.403074 4.403074
15428 76.255379 -15.120174 84.879826
859 76.450614 -14.737329 85.262671
11238 84.073748 -3.211255 3.211255
2711 59.481371 -20.624063 20.624063
8455 61.186813 -0.767435 0.767435
8456 62.037037 0.000000 0.000000
226 44.452728 -31.031610 68.968390
14413 43.927948 -31.042050 68.957950
13091 54.958782 -26.322845 73.677155
10580 55.077797 -26.760803 73.239197
13942 40.619419 39.054620 60.945380
18977 42.121843 39.643356 60.356644
10807 85.860666 -14.139334 37.331078
9714 76.995145 -12.264500 87.735500
10529 76.678846 -12.768464 87.231536
10528 77.341875 -12.463492 87.536508
6084 22.997413 -21.822438 78.177562
19094 85.695208 -14.304792 46.539894
18302 40.284397 -35.877451 35.877451
5429 40.565642 -35.739527 35.739527
5428 40.657080 -36.222911 36.222911
5668 95.339852 4.660148 44.075351
6789 96.634206 -2.714729 97.285271
2885 97.402597 -2.597403 97.402597
12939 98.051948 -1.948052 98.051948
16650 48.814949 -2.287767 97.712233
9822 86.409257 13.590743 65.462597
4304 86.906653 13.093347 64.348599
3423 39.140828 -18.718199 81.281801
3422 39.684129 -18.189480 81.810520
19272 87.908923 12.091077 62.789181
3199 83.188011 -5.959767 94.040233
23697 26.318268 -26.318268 49.974909
12683 26.315789 -26.315789 73.684211
23698 26.657721 -26.657721 53.960635
18504 46.285880 -28.315160 28.315160
221 45.733997 -27.854963 27.854963
10704 32.230940 -25.644912 74.355088
16637 32.568550 -26.133306 73.866694
3074 37.099634 -27.611774 72.388226
18084 99.074074 0.000000 0.000000
1569 37.715409 -27.824509 72.175491
4126 23.025986 23.025986 44.544457
18528 22.839678 22.839678 45.513787
4127 23.526771 23.526771 45.293926
12682 86.502593 -13.497407 41.442005
13011 86.101510 -13.898490 43.202131
10858 81.384061 -18.615939 58.153199
3657 81.660865 -18.339135 59.278649
3656 81.183047 -18.816953 59.716331
14117 40.097038 -39.265058 60.734942
7475 36.135267 -29.973284 29.973284
2921 36.314229 -29.999710 29.999710
3181 64.762243 -20.062306 79.937694
2809 99.538719 0.461281 68.378165
11017 77.656182 -4.583557 95.416443
10145 40.945074 -2.577444 97.422556
1750 40.365339 -3.039675 96.960325
18468 41.152236 -3.170884 96.829116
15377 18.063310 -10.198715 10.198715
14453 17.347658 -11.440250 11.440250
18185 73.323833 -8.903101 8.903101
3215 74.123498 -8.331006 8.331006
18880 74.235736 -9.026223 9.026223
17398 59.130087 40.869913 44.697726
7340 99.614919 -0.385081 24.536120
8933 34.224496 34.224496 61.762593
9442 32.998592 32.998592 61.900315
8931 33.258954 33.258954 63.063391
9870 33.396277 33.396277 34.508565
14646 34.659426 34.659426 35.652642
13885 22.509263 22.509263 70.191185
10099 32.608861 -6.329186 93.670814
14486 33.116738 -5.534663 94.465337
7124 21.052632 -21.052632 21.052632
23699 20.813805 -20.813805 49.435497
7123 20.526316 -20.526316 20.526316
4555 19.695405 19.695405 37.700614
9422 80.359638 -16.643237 83.356763
799 80.154722 -16.658260 83.341740
16834 63.612441 -19.667357 80.332643
7285 63.240229 -19.493254 80.506746
13247 51.783309 9.447792 9.447792
6656 71.114059 -14.593875 14.593875
207 71.286643 -15.224870 15.224870
14431 1.767119 -1.767119 82.478598
13805 14.590442 10.541018 10.541018
11954 15.534960 10.989663 10.989663
17754 82.001590 -3.287891 96.712109
14219 81.120013 -3.647039 96.352961
18152 81.963541 -3.729627 96.270373
18981 42.348174 -23.691247 76.308753
3224 13.822013 -6.490466 93.509534
14707 36.289901 -30.649262 30.649262
12956 80.790462 -2.422639 97.577361
16120 81.427180 -2.180137 97.819863
12987 80.873832 -2.126076 97.873924
4384 56.750148 -19.943935 80.056065
2030 57.358351 -19.664822 80.335178
11312 62.431987 -26.373870 26.373870
13854 60.183083 -39.816917 44.453429
10813 60.841393 -39.158607 44.436357
10127 81.130859 -1.656562 98.343438
23562 73.649585 8.858205 91.141795
5194 96.527778 -3.472222 3.472222
9364 68.173406 -8.021189 91.978811
4247 67.659834 -7.662969 92.337031
9783 67.297721 -8.224640 91.775360
7882 37.050543 -28.576981 28.576981
1198 45.187855 -33.766485 33.766485
8609 45.747990 -33.642511 33.642511
2436 84.676130 -1.650161 1.650161
7474 84.836735 -1.579535 1.579535
17511 33.644860 0.000000 100.000000
15828 39.900453 -36.977872 63.022128
17150 38.236290 27.148683 27.148683
3752 37.121364 26.718230 26.718230
5036 49.797919 -21.209262 21.209262
3248 55.203044 -34.122873 65.877127
17079 35.811811 -28.127724 71.872276
10822 46.235336 -44.166579 55.833421
15017 47.061413 -44.393656 55.606344
2164 41.800392 -16.285450 16.285450
15692 64.470887 -8.707455 91.292545
634 54.861634 -21.896346 78.103654
1042 54.546164 -21.653757 78.346243
197 64.273949 -11.612870 11.612870
199 65.139636 -11.360071 11.360071
10458 64.822435 -11.957153 11.957153
15434 43.645262 -35.436274 35.436274
13977 43.687491 -35.900800 35.900800
16598 43.728051 -10.507848 89.492152
17699 42.913668 -10.711699 89.288301
728 63.342574 -9.442236 90.557764
11599 62.811551 -9.153054 90.846946
10091 79.978455 -12.998056 12.998056
15816 79.017270 -13.264509 13.264509
269 79.795813 -12.507310 12.507310
14270 75.970372 -15.718239 84.281761
15430 76.362838 -15.328925 84.671075
15429 75.882865 -15.455682 84.544318
5229 61.267944 -20.555011 79.444989
16694 64.689278 -31.129930 31.129930
7745 68.172491 -23.548953 76.451047
7746 68.335340 -23.863450 76.136550
7744 68.715249 -23.356354 76.643646
8358 17.716985 -6.969058 93.030942
18529 18.196880 -8.051031 91.948969
18741 19.282322 -6.479871 93.520129
6501 37.973502 -25.809392 25.809392
6499 38.491598 -25.753456 25.753456
6500 38.339824 -26.157826 26.157826
23700 39.233236 -39.233236 49.738305
23764 38.973558 -38.973558 50.448489
5176 82.500000 17.500000 82.500000
23566 75.422701 8.812511 91.187489
23549 77.072998 10.401692 89.598308
23537 74.470878 9.297910 90.702090
23538 76.030821 10.429252 89.570748
9763 60.072232 -17.639600 82.360400
14822 60.389445 -17.875290 82.124710
17875 82.377095 -17.622905 71.946984
18908 82.876122 -17.123878 72.739947
5210 23.699045 15.912397 15.912397
5211 23.494768 17.286698 17.286698
13501 80.563087 -16.640031 83.359969
4869 36.748761 -31.056681 31.056681
8862 54.100775 32.800411 32.800411
8863 53.000777 30.716296 30.716296
3000 51.992822 30.523053 30.523053
10469 39.198053 10.278949 10.278949
19221 36.535192 -24.731945 75.268055
10570 36.596161 -24.590208 75.409792
13620 18.382184 18.382184 45.438059
12703 33.820442 -21.550773 78.449227
15696 51.350504 -33.794559 66.205441
6991 51.725210 -34.213799 65.786201
18591 56.642296 -27.894535 72.105465
12133 75.836189 -17.914445 82.085555
2628 39.727582 -35.812277 64.187723
2629 39.463383 -35.290889 64.709111
2627 39.080609 -35.756971 64.243029
18393 72.075755 -15.522330 84.477670
6490 72.176161 -15.040502 84.959498
17185 33.397990 33.397990 58.599896
17332 33.069822 33.069822 59.564265
6322 54.362203 -5.468248 5.468248
6211 28.335810 28.335810 51.971584
9257 64.935065 -35.064935 64.935065
18157 64.947525 -34.323477 65.676523
9258 64.269837 -35.132809 64.867191
14101 45.868407 -24.302151 75.697849
14102 46.105717 -24.530803 75.469197
5065 59.445875 -27.045832 72.954168
5064 59.069823 -27.336403 72.663597
18955 88.723487 11.276513 69.919425
17767 66.963572 -5.137981 5.137981
15832 32.938167 -29.336470 70.663530
1985 32.962560 -28.826069 71.173931
5465 45.973836 -31.480945 68.519055
6298 51.990348 -21.104968 21.104968
1839 51.636934 -21.755960 21.755960
11249 36.325496 -4.259746 95.740254
1588 87.012102 12.987898 71.399724
1587 86.822032 13.177968 74.887915
6239 87.285551 12.714449 74.308489
11983 66.086647 -33.913353 43.929604
5995 65.606559 -34.393441 44.699820
14328 65.538830 -34.461170 43.522890
17997 100.000000 0.000000 43.478261
13639 44.659660 -22.323116 22.323116
16477 44.128840 -21.967845 21.967845
777 89.908382 -10.091618 82.331112
17514 63.173146 -28.676595 28.676595
7523 63.579882 -29.062038 29.062038
10538 69.158879 0.000000 100.000000
11667 25.596801 25.596801 40.863304
17509 44.627542 -22.872127 22.872127
2344 39.371979 -32.669609 32.669609
3058 39.752994 -32.620231 32.620231
716 44.353271 -2.901751 97.098249
714 43.440089 -2.557652 97.442348
11350 88.290747 -8.831848 8.831848
10823 77.824819 -22.175181 48.491937
9665 77.730212 -22.269788 47.222856
5292 78.181391 -21.818609 47.066851
8932 34.364270 34.364270 62.981762
7698 48.000363 -14.682526 14.682526
6186 47.021874 -14.747488 14.747488
7697 47.625898 -13.926866 13.926866
12989 9.964429 9.964429 24.223616
9317 10.125171 10.125171 28.166640
9316 11.128341 11.128341 27.355141
5553 97.245603 -2.754397 6.449451
5555 96.570674 -3.429326 10.949356
5195 96.527361 -3.472639 7.376858
17256 39.500588 -38.797810 38.797810
5503 39.473684 -39.473684 39.473684
871 81.672882 -7.727424 7.727424
2210 80.903376 -7.497202 7.497202
13468 26.209816 26.209816 42.447365
12797 21.661735 21.661735 49.915509
12705 28.351603 28.351603 52.417016
7274 24.211088 -21.314625 21.314625
13266 17.033417 17.033417 66.374513
11262 78.065931 -0.784556 0.784556
11594 77.698111 -1.223883 1.223883
808 12.900919 12.900919 80.718055
201 13.669449 13.669449 81.195437
1677 81.841239 -18.158761 73.545525
13267 95.701990 -4.298010 29.246453
3506 81.754037 -0.400072 0.400072
14481 56.587036 -22.002482 22.002482
3237 59.217259 -31.953026 68.046974
3238 58.670288 -32.749854 67.250146
3239 59.317944 -32.624519 67.375481
18932 92.496784 -7.503216 43.933846
14268 92.355892 -7.644108 57.023299
9935 80.912851 -15.399921 84.600079
8804 80.861816 -15.247132 84.752868
14554 87.008871 -12.991129 21.888827
2951 24.508315 22.357054 22.357054
4416 36.823118 -31.795977 31.795977
17234 86.113083 -13.886917 47.039978
4275 35.300899 -32.008335 32.008335
2626 35.438639 -31.323097 31.323097
3655 81.459342 -18.540658 61.055906
7169 38.877074 -26.246818 73.753182
23254 38.962245 -26.218293 73.781707
7168 39.055497 -26.200473 73.799527
6598 48.480126 -6.841537 93.158463
10164 49.277264 -27.364901 27.364901
847 49.980489 -27.154093 27.154093
15884 34.158650 -28.543836 28.543836
11873 34.252738 -28.746142 28.746142
8960 84.324847 -15.675153 64.492868
57 60.820868 -30.433003 30.433003
4135 61.072917 -31.003672 31.003672
5051 58.390346 -38.256756 38.256756
11198 30.470652 30.470652 65.061340
15952 30.319738 30.319738 66.382607
18740 31.323104 31.323104 65.306880
11876 48.998415 -37.707285 37.707285
13061 80.539093 -1.726284 98.273716
18403 89.217027 -10.782973 83.153250
4148 51.302276 -18.698031 81.301969
9536 50.844833 -19.175475 80.824525
12957 80.212132 -2.324737 97.675263
15294 97.851736 -2.148264 95.068864
13130 30.929957 -11.118723 88.881277
8466 30.054583 -10.826366 89.173634
16648 78.490065 -10.577429 89.422571
10975 66.182419 -28.098616 71.901384
14883 34.371712 34.371712 57.954070
15720 34.956489 34.956489 45.890394
1815 35.631091 35.631091 45.572672
1814 34.757441 34.757441 45.093084
18222 81.948036 -18.051964 52.382635
125 87.197484 -12.802516 66.423056
123 86.665661 -13.334339 67.624972
23357 68.307555 -0.864611 99.135389
2695 57.053732 -26.688413 73.311587
2696 57.370689 -26.885121 73.114879
7299 36.581618 -30.638585 30.638585
7298 36.571420 -30.525123 30.525123
16162 38.484129 -26.564605 73.435395
17123 38.407541 -26.512790 73.487210
12075 38.515032 -26.497062 73.502938
13398 96.639310 3.360690 62.332500
13399 96.223129 3.776871 65.079933
17683 39.050090 -19.631554 19.631554
3636 69.139028 -18.376316 81.623684
10327 56.621400 -2.652307 97.347693
16568 56.830138 -2.045746 97.954254
10328 56.102152 -2.203859 97.796141
3182 60.876354 -10.732824 10.732824
18029 61.597885 -34.814138 34.814138
5820 37.845768 -25.988128 74.011872
545 83.132212 -16.867788 52.925902
14226 65.436068 -34.563932 42.102989
15469 74.819141 -5.210178 5.210178
3782 34.085754 -27.951810 27.951810
15700 39.693525 18.081347 18.081347
14655 40.304397 17.341460 17.341460
18089 38.484603 15.760825 15.760825
10836 43.239220 -11.284235 11.284235
12283 64.198683 -23.965901 23.965901
11234 64.113006 -23.292412 23.292412
5309 82.127604 -17.872396 43.160707
13958 47.945599 -39.455987 60.544013
13956 47.974693 -40.345466 59.654534
1281 35.944338 -25.495590 74.504410
23164 35.838086 -25.652262 74.347738
8792 19.189580 19.189580 29.337317
13129 29.017372 29.017372 44.549328
19077 83.729408 -2.869254 2.869254
8287 61.622256 -36.585104 36.585104
9874 61.158516 -36.451376 36.451376
9807 89.905303 -3.745363 3.745363
12937 89.318902 -3.496502 3.496502
10526 3.686981 3.686981 47.946890
4226 3.035689 3.035689 43.850778
15936 2.839676 2.839676 49.965069
2677 61.718750 -37.642922 37.642922
5623 61.297115 -26.706961 73.293039
12692 60.784037 -27.039299 72.960701
5265 84.136753 -2.712605 2.712605
9957 62.964214 -14.177000 85.823000
14031 63.139128 -13.638649 86.361351
10184 35.772136 -3.395971 3.395971
1803 52.928072 -28.029433 28.029433
1804 53.415547 -28.277337 28.277337
1802 53.037905 -28.704812 28.704812
23703 38.766257 -38.766257 52.055652
7865 58.662208 -27.195299 27.195299
15229 20.053085 -18.725943 81.274057
11584 92.220871 -7.779129 12.720970
5104 92.555590 -7.444410 9.991151
13075 42.553865 41.222313 58.777687
12894 93.016784 -6.983216 71.585779
11004 92.553469 -7.446531 69.756564
2826 93.165837 -6.834163 68.168891
1609 43.535538 -17.107168 17.107168
1986 49.023813 36.756748 36.756748
17028 84.251011 -15.748989 57.697322
12055 83.640869 -16.359131 57.286249
17336 38.284366 -26.593262 73.406738
10049 46.387805 41.137391 41.137391
5300 46.504421 42.922655 42.922655
2477 47.958282 43.077705 43.077705
4989 14.289168 14.289168 62.967626
16140 13.362089 13.362089 63.219376
14303 84.628884 -15.371116 25.919927
18685 85.303583 -14.696417 24.303272
19321 27.300201 27.300201 51.802205
11972 51.643350 -20.962141 79.037859
18568 59.605956 -36.464603 36.464603
3854 92.681625 -1.933591 1.933591
3855 93.718395 -1.620347 1.620347
1695 70.987392 -3.305016 96.694984
16810 71.451906 -2.840704 97.159296
19007 64.106999 -24.360460 75.639540
19278 67.106237 -22.037713 77.962287
4092 37.509545 -25.938724 74.061276
18022 40.648659 -29.104707 29.104707
6338 74.512984 -15.579568 84.420432
12251 74.782712 -15.093186 84.906814
8833 54.617765 -43.398312 56.601688
2680 52.267064 -27.403516 72.596484
5254 52.341620 -27.879689 72.120311
7339 100.000000 0.000000 21.739130
17579 77.525434 -18.940881 81.059119
18658 37.545075 -31.659917 31.659917
16365 37.669066 -32.026807 32.026807
12415 62.005361 -18.080278 81.919722
54 61.435696 -18.488963 81.511037
17461 82.427140 17.572860 41.768248
14842 44.298822 -21.919482 78.080518
2346 86.386663 -13.613337 30.549450
2226 86.259221 -13.740779 32.895779
11811 39.464711 -27.781223 72.218777
11812 39.860233 -27.707129 72.292871
11022 90.362499 -9.637501 50.501845
6473 90.935727 -9.064273 48.443156
12127 39.473684 -39.473684 60.526316
5062 78.954778 -21.045222 44.324756
10865 68.743345 -30.650998 69.349002
16751 55.137551 -19.399946 80.600054
16750 54.966609 -18.972833 81.027167
13967 54.538948 -19.417909 80.582091
15783 72.077922 -27.922078 72.077922
14285 44.305992 -12.020992 87.979008
11830 48.871149 27.474154 72.525846
8043 82.747136 -14.465026 85.534974
16655 83.223519 -14.343704 85.656296
1055 44.681070 -41.873447 41.873447
6994 33.261111 -22.205986 77.794014
10648 34.121806 34.121806 60.558308
17331 33.107323 33.107323 60.502592
6304 74.043947 -20.556486 79.443514
8617 35.752223 -24.468413 75.531587
18835 35.967808 -24.178960 75.821040
9014 78.860750 -16.669924 83.330076
10645 72.978743 -27.021257 64.338136
1560 35.572385 -11.345947 88.654053
13571 85.260503 -1.061286 98.938714
16449 84.964182 -0.990223 99.009777
23146 84.914078 -1.087199 98.912801
15252 50.111867 -11.237131 11.237131
15085 56.114131 40.631016 40.631016
12515 55.209777 40.993174 40.993174
1584 78.482571 -21.517429 39.453311
5295 68.788825 -27.893936 27.893936
11244 42.172915 -29.425979 29.425979
2481 30.229691 22.903285 22.903285
2479 29.160202 19.756248 19.756248
2480 28.518767 20.784346 20.784346
2543 83.224475 -7.669117 92.330883
3438 27.223938 27.223938 52.080780
3661 26.991517 26.991517 52.188315
3439 27.185414 27.185414 52.403638
10243 32.380602 32.380602 56.398446
10948 33.077434 33.077434 55.449186
11739 38.678593 -23.972335 23.972335
5628 39.331482 -24.895193 75.104807
12405 39.435444 -24.660763 75.339237
1611 39.178171 -24.741573 75.258427
6300 59.971311 -40.028689 54.700873
6302 59.498741 -40.501259 56.546999
5337 59.146053 -40.853947 54.626197
387 83.032657 -1.467733 1.467733
3665 83.358093 -1.051366 1.051366
36 38.228895 -26.528960 26.528960
856 38.135090 -26.858334 26.858334
2862 42.279509 -3.545226 3.545226
4004 86.474289 -13.525711 28.673009
5915 86.933853 -13.066147 28.651766
9359 35.659827 -22.368626 22.368626
18594 45.196489 -3.184657 96.815343
10862 78.786008 -18.210805 81.789195
6658 78.369843 -17.889390 82.110610
16016 78.389533 21.610467 60.197501
6011 66.576992 -11.352838 88.647162
6010 66.920177 -10.814490 89.185510
10864 78.607835 -18.516416 81.483584
6382 78.816898 -18.540370 81.459630
16821 65.686426 -10.781355 89.218645
14541 42.280441 -8.281468 91.718532
14539 42.591500 -8.891852 91.108148
14540 43.132833 -8.322737 91.677263
6843 34.917213 -24.450575 75.549425
6842 34.888466 -24.801656 75.198344
8874 78.349807 21.650193 49.424660
7847 78.861539 21.138461 47.942590
1624 42.920593 -4.363456 4.363456
16457 74.809982 -15.775929 84.224071
10135 61.018495 -19.803238 80.196762
6682 96.623175 3.376825 28.414264
9087 95.962189 4.037811 30.372847
650 82.816613 -2.635716 2.635716
17351 83.047337 -2.417426 2.417426
7121 57.744559 42.255441 46.900073
7178 51.696949 -24.477282 75.522718
15358 33.700247 11.678288 11.678288
17656 66.790799 -33.209201 63.218098
3493 65.392312 -34.607688 45.931291
4244 65.829653 -34.170347 46.839105
12131 75.564352 -18.350753 81.649247
15283 57.926887 -7.640827 7.640827
4490 59.044218 -7.767105 7.767105
3467 66.716601 -7.112447 7.112447
3469 67.076833 -7.736285 7.736285
19306 66.304683 -7.693836 7.693836
11792 74.746755 -11.460535 88.539465
10927 74.424740 -11.157736 88.842264
16525 74.086329 -11.557721 88.442279
23165 38.743295 -26.106978 73.893022
10334 38.729793 -26.185835 73.814165
23843 38.782031 -26.133507 73.866493
9982 37.192642 -28.413916 28.413916
14777 37.282276 -28.640545 28.640545
11979 72.607239 -27.392761 45.709806
966 72.739332 -27.260668 43.989227
15740 73.286502 -26.713498 45.048211
16659 38.311798 -25.998480 74.001520
5745 38.395481 -26.047831 73.952169
8332 52.031857 -16.300856 16.300856
14236 91.142432 -8.857568 79.596532
15158 91.920531 -8.079469 15.551188
12926 60.874826 -17.912331 82.087669
16621 66.289918 -33.710082 56.461030
6160 64.432720 -13.116961 13.116961
15716 89.769960 -10.230040 36.516659
23096 69.444444 0.000000 0.000000
840 68.518519 0.000000 0.000000
23113 69.974972 1.650430 1.650430
15451 20.809111 -2.663664 97.336336
10687 33.767925 33.767925 50.204727
3151 30.031651 30.031651 53.389462
50 40.822440 -32.092096 32.092096
6761 21.597788 -1.237621 98.762379
17401 78.107168 -2.481370 97.518630
13151 8.480817 8.480817 69.023750
9426 9.301512 9.301512 66.286580
12349 8.443138 8.443138 65.589190
13878 48.526110 -20.760837 79.239163
7264 35.088663 -24.066503 24.066503
16820 60.929509 -7.112503 92.887497
7157 53.053728 -15.373830 84.626170
17191 27.368421 -27.368421 72.631579
23704 27.384427 -27.384427 50.894493
23705 27.691553 -27.691553 54.923112
9758 26.842105 -26.842105 73.157895
353 67.963900 -26.952716 73.047284
4251 67.974874 -26.471313 73.528687
5508 42.946934 -31.091808 68.908192
15110 35.477899 -19.895748 19.895748
906 39.588895 -34.692320 65.307680
13219 77.220063 -8.671651 91.328349
13779 27.522669 27.522669 67.470114
3147 46.728972 0.000000 100.000000
6286 47.444270 -0.742230 99.257770
5784 51.295150 -6.528874 93.471126
17443 32.928431 -21.462136 78.537864
5604 32.290243 -22.184223 77.815777
7675 52.055805 -29.335109 70.664891
16132 51.968306 -28.839538 71.160462
11023 90.594409 -9.405591 47.026555
4364 66.403978 -2.679829 97.320171
8893 65.893427 -2.336026 97.663974
13842 44.249781 -13.499478 13.499478
12314 69.084242 -30.915758 42.224793
18296 47.844403 -30.675919 30.675919
18815 47.616943 -31.438147 31.438147
1710 80.915176 -19.084824 54.800364
13499 78.482152 -18.798725 81.201275
23859 78.466860 -19.014316 80.985684
23863 78.722443 -18.752069 81.247931
3410 88.194444 -11.805556 11.805556
3411 87.621676 -12.378324 14.814725
3412 87.500000 -12.500000 12.500000
16905 36.118623 -30.315355 30.315355
2250 84.790336 -1.007035 1.007035
5095 85.507004 -0.967594 0.967594
2251 85.059362 -1.209122 1.209122
681 58.327821 -23.336967 76.663033
8336 58.378324 -22.880163 77.119837
5763 44.535446 -25.611623 25.611623
2767 95.820735 -4.179265 12.130926
16369 39.938548 -25.005363 74.994637
13722 83.408644 -9.566963 90.433037
4567 82.602902 -9.901340 90.098660
10577 82.968967 -10.061655 89.938345
13380 43.829687 -1.692856 1.692856
16597 44.771180 -1.670237 1.670237
11489 41.893881 -8.832542 91.167458
16859 42.042168 -9.430965 90.569035
13880 96.281010 -1.051868 98.948132
10032 57.616191 -18.505367 81.494633
12401 57.537689 -8.674928 91.325072
3738 80.551449 -15.850844 84.149156
15281 28.730900 -23.543234 23.543234
22952 28.346405 -24.070830 24.070830
22996 28.200658 -23.750505 23.750505
22953 28.489843 -24.500919 24.500919
18065 27.414209 5.306075 94.693925
7249 38.498813 36.910664 63.089336
13944 39.698227 37.299482 62.700518
13943 39.024390 39.024390 60.975610
11157 62.500000 37.500000 62.500000
2850 63.000000 37.000000 63.000000
2849 63.243500 36.756500 57.933323
17126 28.099167 28.099167 52.333228
14953 28.167476 28.167476 52.249733
13834 60.759091 -33.778137 66.221863
9609 40.374963 -3.763571 3.763571
2612 45.932931 -21.846263 21.846263
5189 45.268622 -22.054306 22.054306
8159 81.031093 -1.482193 98.517807
16121 81.913618 -1.963586 98.036414
6153 36.439343 -33.986115 33.986115
6155 36.918576 -33.861519 33.861519
19229 36.685816 -23.603690 76.396310
17424 36.873265 -23.814687 76.185313
17423 37.026103 -23.530699 76.469301
7542 57.970870 -34.616165 65.383835
18274 64.163244 -10.504101 89.495899
484 78.922101 -5.068321 94.931679
10800 77.549548 -12.687324 87.312676
10530 77.051539 -12.834089 87.165911
16396 14.195664 14.195664 69.494368
16397 13.432881 13.432881 68.522612
12952 13.121699 13.121699 71.410950
998 63.346463 -33.308715 33.308715
996 62.638764 -33.665933 33.665933
997 62.914122 -32.969189 32.969189
18718 45.513251 -5.400698 94.599302
22950 35.479793 -29.683302 29.683302
22954 35.411296 -29.623148 29.623148
7590 97.161917 -2.838083 68.019666
9022 38.209806 -9.308752 9.308752
8406 42.704773 -28.274945 71.725055
12769 41.637344 -15.995773 84.004227
9466 80.307437 19.692563 47.367956
2933 79.896266 20.103734 44.176615
2935 79.375320 20.624680 46.203226
18769 36.010225 -5.682302 5.682302
14518 82.692218 -5.477349 5.477349
14098 82.012877 -5.819997 5.819997
13643 33.855798 33.855798 35.718003
3121 38.638234 -14.211384 85.788616
14998 39.176091 -13.627486 86.372514
16136 38.363472 -13.568313 86.431687
9891 82.106920 -17.893080 64.094708
11108 66.621534 -23.762599 76.237401
12867 66.792672 -23.294438 76.705562
3028 66.174047 -23.643772 76.356228
2110 82.993447 -1.616418 98.383582
4370 97.828894 -0.522102 0.522102
17756 29.874266 18.970832 18.970832
11933 38.483364 -33.428322 33.428322
11934 38.538299 -33.458995 33.458995
6680 96.522110 3.477890 23.448201
18918 96.854355 3.145645 19.769836
16125 61.313456 -32.696841 32.696841
11003 61.743928 -32.938340 32.938340
16363 61.071152 -33.298156 33.298156
5384 18.240754 18.240754 19.770142
15035 43.034723 -23.073018 23.073018
5312 42.969574 -22.474316 22.474316
13137 39.440669 -25.337365 74.662635
7610 39.229263 -25.263315 74.736685
11013 39.224787 -25.483915 74.516085
13324 76.955439 -13.652678 86.347322
3894 76.334599 -13.917977 86.082023
14894 76.649444 -14.075473 85.924527
1772 43.479317 -7.698820 7.698820
2381 42.587680 -7.853252 7.853252
19445 41.052016 -31.705794 31.705794
17517 84.443523 15.556477 27.756042
5786 51.267956 -7.121118 92.878882
16070 50.652618 -7.457244 92.542756
6228 51.291126 -7.759504 92.240496
8160 81.044712 -1.248282 98.751718
11063 81.513580 -1.316992 98.683008
964 53.871991 -18.415861 81.584139
7034 54.383177 -18.538810 81.461190
13993 31.052632 -31.052632 31.052632
13703 64.779067 -32.112002 67.887998
16565 64.308777 -31.950624 68.049376
13702 64.106777 -32.638586 67.361414
7997 38.521083 -20.176362 79.823638
7995 37.928841 -20.042215 79.957785
7996 38.071672 -20.568679 79.431321
3839 47.840343 -18.780411 18.780411
12512 86.403599 -13.596401 39.958035
12222 86.925832 -13.074168 39.193966
10776 22.420965 -18.646317 81.353683
10289 29.344986 -22.364403 22.364403
10291 28.665710 -22.822110 22.822110
15404 28.564984 -22.272831 22.272831
13279 58.361612 -11.889059 88.110941
13642 34.710019 34.710019 36.675116
16769 81.208887 -18.791113 49.943679
16551 74.055022 -16.300900 16.300900
18636 74.688910 -15.638487 15.638487
2402 74.941831 -16.237115 16.237115
14570 36.576804 -30.770932 30.770932
4868 36.575462 -30.928012 30.928012
12018 91.431570 8.568430 16.738550
6925 81.849501 -18.150499 45.360106
1416 86.884522 -8.954121 91.045879
643 86.039717 -9.390605 90.609395
1417 86.447852 -9.474785 90.525215
18762 72.823298 27.176702 52.794926
9782 72.281919 27.718081 55.548760
7081 72.819893 27.180107 56.639461
15271 6.894003 6.894003 72.575363
11538 7.480534 7.480534 74.620481
6923 81.692183 -18.307817 45.744566
15997 58.888889 41.111111 41.111111
6436 17.644960 17.644960 68.424272
10610 31.752519 -10.553473 89.446527
3085 31.785957 -11.408774 88.591226
4287 38.585245 -36.312879 63.687121
13688 38.750558 -37.105989 62.894011
15829 39.366492 -36.535767 63.464233
6337 74.216048 -16.037847 83.962153
9502 36.221293 -29.846510 29.846510
3706 89.546346 10.453654 83.672606
3707 90.000000 10.000000 90.000000
5252 52.158058 -32.956629 67.043371
6986 51.906136 -33.546177 66.453823
6985 52.406230 -33.338393 66.661607
268 85.811472 -2.206573 2.206573
266 85.483891 -2.370856 2.370856
18388 31.469288 31.469288 47.900692
15059 28.446304 8.568756 8.568756
10646 29.368039 8.522650 8.522650
8514 41.148707 -21.680731 78.319269
5692 41.370974 -21.342605 78.657395
5691 41.005902 -21.294114 78.705886
886 60.737139 -20.455519 20.455519
7442 60.940417 -21.061459 21.061459
16042 37.491425 -33.095836 33.095836
2972 36.990229 -32.862716 32.862716
17623 37.768946 -32.735410 32.735410
6523 36.585217 -29.704753 29.704753
2622 95.634438 4.365562 38.971191
9771 27.288240 27.288240 65.338909
11403 26.175098 26.175098 66.236127
11402 26.785677 26.785677 67.002608
16567 56.095124 -1.712093 98.287907
3969 36.220311 -30.810324 30.810324
16470 61.290999 -17.100412 17.100412
11563 34.709002 -15.114208 15.114208
13629 46.453519 27.854354 27.854354
10223 97.943136 -2.056864 92.438707
4348 97.712459 -2.287541 89.313855
8678 34.347116 -17.377536 17.377536
15835 53.493675 -10.251125 89.748875
14441 54.148546 -10.406664 89.593336
11639 54.098016 -9.855441 90.144559
679 16.083975 16.083975 63.050895
3934 29.009283 29.009283 63.694395
9769 28.331904 28.331904 65.028201
10021 42.875283 -38.701169 38.701169
12391 75.128647 24.871353 31.718165
12339 78.355580 -21.644420 66.256834
13299 75.267019 -15.099661 15.099661
6464 75.523907 -15.560779 15.560779
588 67.693533 -13.973033 13.973033
7093 75.725160 24.274840 33.572557
19129 76.312064 23.687936 35.946231
10006 76.323185 23.676815 30.889261
19126 63.344195 36.655805 41.468665
618 95.780202 -3.761694 3.761694
8213 38.537628 -34.647049 34.647049
16272 38.824709 -34.332771 34.332771
8675 39.318194 -34.493157 34.493157
3196 82.553178 -6.883567 93.116433
3197 82.215141 -7.402971 92.597029
2404 74.278154 -16.898200 16.898200
13684 45.490180 -38.802368 38.802368
9627 45.921934 -39.016243 39.016243
12183 41.648642 -5.430185 5.430185
9538 42.602634 -5.291118 5.291118
23089 59.259259 0.000000 0.000000
14975 47.858274 -44.465352 55.534648
17342 86.742147 13.257853 68.504994
18384 87.199580 12.800420 67.810430
14581 36.456333 -30.458293 30.458293
13384 36.559185 -30.419139 30.419139
13385 36.663544 -30.396450 30.396450
12083 85.779764 -4.849762 95.150238
3257 86.220586 -4.981361 95.018639
4823 86.746736 -4.538134 95.461866
3082 87.819247 -4.215036 95.784964
7005 72.391438 -4.588250 95.411750
18078 60.914139 -33.072942 66.927058
14260 70.923129 -25.435679 25.435679
13287 81.566237 -18.433763 29.975517
18169 82.135779 -17.864221 29.583729
13288 81.720379 -18.279621 31.399710
8642 24.377795 -22.671381 77.328619
23707 15.263158 -15.263158 40.474503
23811 15.526316 -15.526316 38.934415
23198 15.263158 -15.263158 15.263158
6603 40.881110 -19.689320 80.310680
13066 40.453620 -19.426896 80.573104
5924 84.245570 -0.203183 99.796817
5923 85.046729 0.000000 100.000000
19210 84.112150 0.000000 100.000000
18694 94.523580 5.476420 83.722008
956 46.315789 -46.315789 53.684211
957 47.172626 -45.604290 54.395710
1181 68.215880 -17.430183 82.569817
14199 68.742362 -16.997670 83.002330
15662 84.693813 -8.743481 91.256519
5380 85.015249 -8.336865 91.663135
8407 41.657072 -29.553729 70.446271
8409 42.002210 -29.336250 70.663750
15083 54.556032 -27.974032 72.025968
16737 67.701482 -2.645728 2.645728
9389 46.060171 -41.111749 41.111749
17182 46.673940 -41.512486 41.512486
6427 29.529507 -0.935639 99.064361
6355 30.111013 -1.827092 98.172908
12250 30.483238 -0.890533 99.109467
2386 80.436647 -19.563353 36.972536
10466 44.273647 -41.879915 58.120085
437 43.762715 -42.511551 57.488449
9560 36.947775 -26.507604 26.507604
7239 37.227053 -26.445190 26.445190
6451 37.135549 -26.742870 26.742870
272 83.476639 16.523361 73.732683
4497 82.955450 17.044550 73.081825
273 82.977494 17.022506 78.078252
1636 65.127055 -14.445962 85.554038
8903 74.691433 -19.414412 19.414412
8902 75.010892 -18.552038 18.552038
7639 80.551389 -19.448611 46.444286
23286 80.669313 -19.330687 46.850518
23287 80.534263 -19.465737 46.987965
13664 4.751273 -4.751273 79.106926
14887 5.263158 -5.263158 94.736842
13665 4.493624 -4.493624 84.909807
12174 43.532016 -30.177987 69.822013
15396 43.730013 -30.604009 69.395991
19327 44.020580 -30.158027 69.841973
19214 43.821619 -29.762113 70.237887
5842 44.029701 -39.861674 39.861674
4848 43.976539 -39.276464 39.276464
13500 43.908950 -38.678239 38.678239
15932 48.882083 -23.448297 76.551703
10930 48.927526 -23.881686 76.118314
5843 43.813152 -40.288468 40.288468
39 43.617314 -41.484182 41.484182
9894 44.155102 -42.067621 42.067621
14144 43.648143 -42.264381 42.264381
12151 93.261761 -6.738239 90.839687
18311 80.736774 -17.177547 17.177547
16573 79.842939 -17.585539 17.585539
3116 83.868540 -1.648905 1.648905
83 71.239179 -19.721227 19.721227
81 71.770480 -20.315110 20.315110
18775 43.312704 -33.200034 33.200034
19436 42.891601 -32.958263 32.958263
17587 43.241404 -32.677118 32.677118
19146 77.525548 22.474452 26.390099
13900 55.816266 -12.741219 12.741219
13902 56.747243 -12.810149 12.810149
14620 56.125298 -13.487525 13.487525
17355 61.247137 -35.693707 35.693707
7849 0.000000 0.000000 27.272727
9548 49.639120 -35.416213 64.583787
14178 50.187413 -35.262628 64.737372
9549 49.918245 -34.818930 65.181070
5451 46.371987 -27.227566 72.772434
5450 46.568875 -26.809346 73.190654
8916 55.120764 18.340190 18.340190
112 63.874603 -20.248184 79.751816
113 63.997246 -19.809988 80.190012
9563 33.726092 -25.376166 25.376166
3766 34.292655 -25.215275 25.215275
18923 34.132669 -25.589612 25.589612
3462 88.397503 -11.602497 13.739797
9121 75.604688 -10.322088 89.677912
11663 80.154357 -19.845643 53.190487
4175 64.203167 -3.407900 96.592100
15620 45.981551 -27.524192 72.475808
18696 46.470209 -27.578129 72.421871
17923 86.981422 -13.018578 55.735846
17863 87.394283 -12.605717 52.886766
13048 87.586145 -12.413855 54.755502
17553 70.509114 -4.499263 4.499263
67 71.239410 -4.575610 4.575610
5949 54.211758 -0.424881 99.575119
15007 55.140187 0.000000 100.000000
7910 54.205607 0.000000 100.000000
11309 36.786065 -23.898471 23.898471
11577 36.274747 -23.473138 23.473138
15118 83.975986 -11.375454 88.624546
6147 84.447731 -11.341962 88.658038
17866 61.692296 -26.846635 73.153365
5624 61.787941 -26.369990 73.630010
23508 94.146250 2.727973 97.272027
23542 93.314600 1.931993 98.068007
15520 2.644076 2.644076 33.575076
18565 86.814470 -2.897482 2.897482
4053 69.528388 -4.701335 95.298665
5725 64.500000 35.500000 64.500000
5724 56.234700 23.881612 76.118388
12463 70.823436 -10.960620 10.960620
2319 56.746998 -27.034090 27.034090
18797 15.789474 -15.789474 15.789474
2605 41.709463 -17.024027 82.975973
6327 42.134676 -17.436579 82.563421
6329 42.422656 -16.879927 83.120073
7054 37.264815 -26.134772 26.134772
8631 50.698325 46.872302 46.872302
2003 51.258017 46.215581 46.215581
12552 85.134032 14.865968 62.012240
4888 90.780034 -9.219966 58.719532
6554 80.850677 19.149323 45.207551
16007 81.411088 18.588912 42.828661
11159 35.996673 -18.559179 81.440821
1365 45.778940 -25.352137 74.647863
1524 79.596164 -20.403836 46.619565
3976 82.197056 -15.110935 84.889065
7660 48.590223 -35.350790 35.350790
2063 37.443155 -24.253327 75.746673
12695 37.579235 -24.359549 75.640451
5345 72.464276 -22.312437 77.687563
17862 72.118460 -22.130760 77.869240
15807 71.900215 -22.697409 77.302591
2376 75.326090 -6.264264 93.735736
2374 74.456736 -6.631694 93.368306
2375 75.158060 -6.754219 93.245781
13200 5.555556 0.000000 0.000000
7383 4.629630 0.000000 0.000000
17085 6.974813 4.758274 4.758274
17056 59.359285 -8.726977 91.273023
7177 24.433608 9.478438 9.478438
1431 24.585788 7.782450 7.782450
9312 60.211478 -23.159832 76.840168
18432 36.206680 -27.333738 27.333738
9987 36.493653 -27.271185 27.271185
19026 92.976564 7.023436 61.133930
11153 92.858609 7.141391 67.922416
10001 47.167116 -31.028369 68.971631
19430 47.321440 -30.453798 69.546202
19201 47.035173 -30.193605 69.806395
312 50.371070 -24.662277 75.337723
7116 50.297904 -25.070234 74.929766
14959 47.685328 25.886793 25.886793
15763 45.388906 23.628990 23.628990
7503 32.806852 -11.865696 11.865696
16356 17.804900 17.804900 24.830996
3027 90.097335 -8.252563 91.747437
3025 89.028774 -8.872802 91.127198
3026 89.573190 -8.882367 91.117633
6369 62.791527 37.208473 51.501178
9035 62.691835 37.308165 56.957789
10080 61.044913 -38.955087 46.115897
10078 61.086923 -38.913077 48.023160
11938 23.181676 -17.994332 82.005668
11151 50.406185 -19.647373 80.352627
4282 49.785268 -19.679661 80.320339
4352 80.982635 -3.406001 3.406001
4464 80.618976 -3.018755 3.018755
13556 95.712651 4.287349 68.588003
12275 32.105263 -32.105263 67.894737
12459 40.706379 -28.991967 71.008033
16122 41.136680 -28.627996 71.372004
2060 16.823953 16.823953 37.296140
862 16.587461 16.587461 39.002165
13679 28.050168 28.050168 45.435189
737 38.633096 -21.883219 78.116781
8252 38.396636 -21.686227 78.313773
738 38.522606 -22.223314 77.776686
10795 38.182538 -22.382678 77.617322
10797 38.446003 -22.501113 77.498887
7681 47.910525 -25.246004 74.753996
9673 99.222305 0.777695 18.915902
17381 98.650502 1.349498 20.734292
16759 99.312933 0.687067 23.472110
2965 42.735311 24.220236 24.220236
10081 41.115617 23.132972 23.132972
2966 42.803473 25.799413 25.799413
14087 54.250192 32.673034 67.326966
16174 51.529660 30.010146 69.989854
11953 14.442473 7.878566 7.878566
19241 14.884080 6.674526 6.674526
11834 39.683710 -30.969582 69.030418
13158 39.585227 -31.666090 68.333910
13224 40.190254 -31.416618 68.583382
7628 67.240262 -25.333556 74.666444
7627 67.892128 -24.855210 75.144790
15228 67.364232 -24.806248 75.193752
9103 34.402346 -33.846017 33.846017
3003 33.684211 -33.684211 33.684211
11718 38.761482 -35.237753 35.237753
2413 58.945015 33.339471 33.339471
4124 58.709411 34.236724 34.236724
10522 81.472321 -18.527679 46.217265
10471 81.688388 -18.311612 46.463565
14136 40.829095 -33.938302 33.938302
18193 39.714676 -28.082793 71.917207
14992 39.268433 -28.139826 71.860174
5052 57.779062 -38.909193 38.909193
16464 65.000000 35.000000 35.000000
16447 60.309670 29.398804 29.398804
8458 61.143369 31.515440 31.515440
10282 64.348473 35.651527 41.466666
1425 17.854009 17.854009 65.041131
3684 97.903058 -2.096942 25.641526
9200 97.232687 -2.767313 28.740942
13368 25.641887 25.641887 55.738114
3050 87.662338 -12.337662 87.662338
10192 87.514245 -12.485755 83.209839
3051 88.389789 -11.610211 84.156852
6999 83.569164 -6.450738 93.549262
4900 62.495480 -27.644834 27.644834
4901 62.255888 -27.014166 27.014166
14991 73.450526 -26.549474 32.572401
9353 73.789912 -26.210088 31.191538
9355 74.054290 -25.945710 32.220382
16824 68.419593 -13.369777 13.369777
1124 68.331471 -12.741841 12.741841
1126 69.067233 -12.856996 12.856996
1732 61.819661 -25.979506 25.979506
16080 69.654943 -12.986771 12.986771
16081 69.157518 -13.430055 13.430055
3246 3.684211 -3.684211 3.684211
3244 3.387250 -3.387250 13.908353
73 86.928986 -0.363684 0.363684
15105 87.037037 0.000000 0.000000
11945 56.671662 -23.696929 23.696929
7827 56.437176 -24.424752 24.424752
7951 22.840125 22.840125 51.162425
3326 39.847726 -35.711668 35.711668
19132 22.607247 -14.418942 85.581058
8421 36.378457 36.378457 55.375240
16073 35.472672 35.472672 56.127788
14816 36.370506 36.370506 56.374795
1099 30.937854 -23.709430 23.709430
4758 22.631579 -22.631579 22.631579
23708 22.365638 -22.365638 49.899437
4757 22.105263 -22.105263 22.105263
10834 38.790288 -26.122401 26.122401
2191 39.050713 -26.482032 26.482032
4539 38.628671 -26.488868 26.488868
12513 48.936694 -47.143360 52.856640
16929 28.384164 28.384164 47.392158
9550 28.786555 28.786555 47.806704
8247 64.610568 -14.289753 85.710247
18721 97.590779 2.409221 14.684609
3551 40.971849 21.580774 21.580774
3550 39.444340 20.492591 20.492591
23041 28.827563 28.827563 56.034535
23042 28.663300 28.663300 55.663188
18357 48.160920 -19.805752 80.194248
19032 67.201589 -10.273937 89.726063
12874 66.426311 -10.544685 89.455315
9731 78.803774 -8.981772 91.018228
6672 79.086795 -9.260583 90.739417
6671 79.592180 -8.797051 91.202949
1661 65.175238 -17.760013 82.239987
12940 41.171288 -0.860804 99.139196
18146 40.266931 -0.734861 99.265139
13265 17.210593 17.210593 64.637532
3580 36.637469 -29.477816 29.477816
932 41.199966 -32.689788 67.310212
5808 41.698156 -32.425522 67.574478
7929 90.693643 -9.306357 74.988811
7927 91.312731 -8.687269 73.149324
10617 62.804048 -29.344857 29.344857
5185 48.047815 -38.408733 38.408733
436 87.321296 -9.057585 90.942415
8125 48.213405 -20.014915 20.014915
8124 49.076220 -19.777685 19.777685
2309 36.964155 -30.578153 30.578153
1969 91.184310 -5.188816 5.188816
899 30.908231 -9.330785 90.669215
12460 88.097418 -6.368711 6.368711
18009 87.883751 -5.878209 5.878209
16555 50.335434 -37.557172 62.442828
5919 50.464048 -38.141613 61.858387
5075 76.759949 -2.267958 97.732042
3694 42.827961 -39.234385 60.765615
3696 42.367082 -38.946464 61.053536
18693 34.530316 -27.164997 27.164997
642 63.011834 -7.900541 7.900541
13653 46.940551 -18.398030 81.601970
1625 55.252263 -13.381530 13.381530
10102 86.171149 -0.341666 0.341666
13545 53.246753 -46.753247 53.246753
6746 42.018434 -30.263840 30.263840
9544 42.311934 -30.110083 30.110083
5671 95.146484 4.853516 59.843299
15498 94.558867 5.441133 59.337109
4311 81.204283 -18.795717 62.928860
19147 80.880457 -19.119543 65.135176
4312 80.636081 -19.363919 62.994116
9504 62.071115 -15.100232 84.899768
9505 62.117873 -15.624047 84.375953
9506 62.717436 -15.222225 84.777775
10296 48.606522 -19.641214 80.358786
12436 38.217058 -32.977684 32.977684
11928 87.307765 12.692235 49.343541
1367 45.925261 -24.944451 75.055549
13274 45.482621 -25.107372 74.892628
14882 45.604554 -24.643686 75.356314
14993 60.169341 -2.204574 2.204574
18913 27.638086 27.638086 52.254585
18538 27.651087 27.651087 52.076301
12706 28.519851 28.519851 52.347525
23097 28.407858 28.407858 52.293677
2353 91.243213 -8.756787 11.075392
4965 92.110837 -7.889163 9.312429
17201 68.768942 -5.926305 94.073695
17043 68.937028 -6.400544 93.599456
4575 70.368085 -16.043894 83.956106
3162 69.803083 -16.142567 83.857433
3161 69.901143 -16.546522 83.453478
16183 50.765168 -34.010587 65.989413
15811 38.571172 -26.275697 73.724303
4349 97.483939 -2.516061 92.734598
7685 45.817411 -30.273532 69.726468
14027 66.450648 -6.068462 93.931538
18404 23.375924 18.954195 18.954195
392 41.450325 -34.839721 34.839721
7724 29.473684 -29.473684 29.473684
23710 29.736837 -29.736837 50.400401
23711 29.985317 -29.985317 51.146086
10534 22.544663 -10.875221 89.124779
19012 23.254526 -9.693019 90.306981
6571 81.836769 -7.946748 92.053252
6572 80.936305 -8.179353 91.820647
13553 60.025800 -1.378653 1.378653
8246 85.156971 -1.486177 1.486177
10815 85.147794 -1.365419 1.365419
2148 4.672897 0.000000 100.000000
11033 49.178364 -26.559647 73.440353
17545 48.783966 -26.884294 73.115706
18229 49.209475 -26.987482 73.012518
4813 70.550317 -29.449683 61.770449
9804 46.115564 -36.222610 36.222610
9284 46.624114 -36.533938 36.533938
12430 46.207179 -36.903569 36.903569
16941 53.948464 -18.531084 18.531084
23826 55.976956 44.023044 46.329111
2536 85.981308 0.000000 100.000000
23543 89.561458 4.513959 95.486041
6794 92.500000 7.500000 92.500000
23544 88.739664 3.003490 96.996510
14142 58.422949 -41.577051 48.765153
15974 58.513550 -41.486450 46.738937
17597 59.100604 -40.899396 47.627699
2280 12.666302 12.666302 44.001231
7319 34.401425 -10.193752 10.193752
17165 35.389300 -10.386472 10.386472
7889 56.407191 -22.581100 22.581100
16909 57.062858 -22.290159 22.290159
6723 41.829794 -24.285009 75.714991
5828 60.034875 -9.360965 90.639035
4224 3.848286 3.848286 42.547243
7598 4.719308 4.719308 41.320864
9612 83.504600 -16.495400 47.509424
9482 83.783311 -16.216689 46.086095
15394 88.911427 -10.158904 89.841096
12413 89.242146 -10.294011 89.705989
4465 81.223388 -8.867067 91.132933
2329 80.635334 -9.308014 90.691986
18322 64.806873 -7.707336 7.707336
2435 84.507212 -1.705963 1.705963
4033 84.489917 -1.625740 1.625740
7682 47.748155 -24.975039 75.024961
8300 52.010259 -0.635718 99.364282
8301 51.036376 -0.606203 99.393797
9905 42.392637 -29.045253 70.954747
10092 90.651619 9.348381 54.239701
10093 91.286134 8.713866 54.261665
17286 49.339603 -38.979792 61.020208
16806 48.606602 -38.760657 61.239343
13957 48.616611 -39.649796 60.350204
4077 92.523364 0.000000 100.000000
17772 48.060172 -24.530147 75.469853
10453 48.554062 -24.635255 75.364745
10451 48.180531 -24.966048 75.033952
1437 94.487389 5.512611 89.622161
8212 43.160444 -41.046778 41.046778
4375 43.129767 -41.669141 41.669141
12094 67.540253 -29.311503 70.688497
14452 71.354387 -23.097009 76.902991
13625 71.501544 -22.625992 77.374008
7138 76.816737 -9.575717 9.575717
15042 38.916406 -25.310871 74.689129
14719 39.058753 -25.375124 74.624876
7609 39.045982 -25.208476 74.791524
262 55.235951 -44.764049 53.334735
17434 83.001876 -14.737678 85.262322
3975 82.662640 -14.762163 85.237837
3977 82.514100 -15.086900 84.913100
7752 72.109917 -9.185334 90.814666
397 72.776769 -8.845829 91.154171
8498 72.235558 -8.809062 91.190938
12362 46.404588 -4.156333 95.843667
12361 45.909556 -4.760084 95.239916
4376 43.140770 -42.431556 42.431556
4377 42.609413 -41.841445 41.841445
15302 40.976634 31.057057 31.057057
11329 39.875711 30.943033 30.943033
15195 70.560005 -28.069364 71.930636
9235 43.104485 -17.688908 82.311092
14141 58.421507 -41.578493 50.410445
11462 58.826988 -41.173012 51.446405
3881 28.493893 -11.748520 11.748520
16262 31.285476 12.939121 87.060879
17347 32.954300 14.882150 85.117850
16658 32.379116 15.591268 84.408732
8467 30.901007 -10.239079 89.760921
19083 87.975415 -12.024585 52.816854
15071 24.732904 15.414514 84.585486
8469 26.311345 18.593375 81.406625
13275 45.364444 -25.511659 74.488341
7935 46.642791 -34.711938 34.711938
6665 46.661455 -34.052676 34.052676
7936 47.098457 -34.290222 34.290222
5338 58.564168 -41.435832 53.312630
3049 88.311688 -11.688312 88.311688
8000 88.218847 -11.508008 88.491992
4454 87.653765 -12.038765 87.961235
3164 38.523105 -23.051767 76.948233
3166 38.555137 -22.758971 77.241029
18631 99.666848 -0.333152 54.301563
16838 99.235410 -0.764590 54.553946
13748 77.109894 -22.890106 57.403621
13747 76.958452 -23.041548 55.661242
17277 69.339884 -5.570777 94.429223
5626 39.188649 -25.071998 74.928002
5627 39.416741 -25.103015 74.896985
14881 56.598570 -32.352872 67.647128
15919 56.878709 -31.795828 68.204172
9249 47.190484 -34.931532 34.931532
3836 73.109903 -23.736681 76.263319
7709 73.503736 -23.875882 76.124118
7708 73.778812 -23.247421 76.752579
7496 80.957521 -19.042479 46.747850
7495 80.768868 -19.231132 47.223023
18113 94.179392 -0.291016 0.291016
10340 84.770367 -1.860193 1.860193
6727 84.800382 -1.915066 1.915066
4425 46.710527 -43.475624 43.475624
4424 46.785355 -44.435178 44.435178
17465 7.375936 -7.375936 28.091501
13343 7.368421 -7.368421 7.368421
18936 7.786240 -7.786240 25.552112
15224 50.565303 -20.095529 79.904471
8519 51.012684 -19.667971 80.332029
10287 62.987013 -37.012987 62.987013
17095 34.532787 -29.119853 29.119853
2437 84.597043 -1.730372 1.730372
1195 84.731329 -1.722402 1.722402
12632 45.732465 -36.623775 36.623775
2317 4.351644 4.351644 59.103262
1596 35.268687 -27.226435 27.226435
1709 80.674993 -19.325007 55.773655
10419 84.464625 -1.780901 1.780901
5346 80.299890 -12.576242 87.423758
549 80.709182 -12.216617 87.783383
6486 37.224554 37.224554 47.312137
10173 37.953237 37.953237 46.577976
16818 64.584765 -29.479735 70.520265
3019 52.222925 -22.754239 77.245761
13322 52.877368 -22.366169 77.633831
5084 52.415402 -22.109863 77.890137
3136 77.948938 -7.897422 92.102578
3135 77.922755 -8.273314 91.726686
9277 78.588602 -7.872985 92.127015
19231 14.930443 -7.099232 7.099232
1707 59.579135 -31.302779 31.302779
1225 84.988516 -2.079484 2.079484
1224 85.107492 -1.999572 1.999572
11185 69.414991 -26.561778 26.561778
1125 69.006518 -12.246763 12.246763
12858 69.833355 -12.366771 12.366771
15849 68.126915 -31.873085 53.870453
11388 47.158129 -43.142558 43.142558
16983 47.174305 -42.267055 42.267055
11386 47.664987 -42.889969 42.889969
1779 77.881794 -22.118206 61.921870
15874 58.385327 -25.237387 74.762613
12461 58.867361 -25.064609 74.935391
1777 78.413945 -21.586055 62.622310
11131 48.373812 -2.972978 97.027022
11132 48.924156 -3.685330 96.314670
11130 49.341976 -2.976576 97.023424
18940 45.660262 -41.472871 41.472871
11409 23.418837 -18.687264 81.312736
6367 22.764876 -19.383379 80.616621
2410 23.828732 -19.443219 80.556781
8401 78.412686 -7.137853 92.862147
4849 79.227868 -7.113627 92.886373
14091 79.345146 -6.673183 93.326817
4360 70.490194 -28.214818 28.214818
15780 72.078604 -27.921396 43.919584
16290 71.425819 -28.574181 44.238255
13828 77.239942 -22.760058 59.317158
18629 34.965693 -23.456917 23.456917
17513 40.329643 -18.293682 81.706318
14116 48.325477 -30.057471 30.057471
6840 48.577628 -30.725385 30.725385
18242 38.173526 -25.376306 25.376306
10147 58.646809 -24.793640 75.206360
4163 35.212332 -24.603277 24.603277
5510 24.432618 -9.410494 90.589506
1834 23.917383 -8.552062 91.447938
1733 61.274020 -26.575324 26.575324
13296 60.669501 -26.824814 26.824814
17366 68.894350 -31.105650 52.094987
18258 41.703959 41.703959 48.760318
15074 74.490266 -25.509734 48.925508
15075 74.975016 -25.024984 48.466544
1780 23.280592 23.280592 53.318925
4003 38.284079 -25.569703 74.430297
535 58.816948 -21.253496 78.746504
537 58.894183 -21.586573 78.413427
18566 26.367158 26.367158 55.912658
13789 26.262831 26.262831 55.071418
6415 61.141060 -27.188165 27.188165
16263 60.973182 -27.927867 27.927867
14040 45.535023 -24.234084 75.765916
16102 39.243632 -26.122881 26.122881
16754 39.456693 -25.759187 25.759187
16026 71.552140 -8.694313 8.694313
10903 72.433930 -8.793601 8.793601
10961 41.983633 -21.701292 21.701292
4736 41.305977 -21.845734 21.845734
18379 72.491441 27.508559 33.441861
440 27.742171 27.742171 45.699462
8656 27.881481 27.881481 46.039956
11387 47.527093 -43.661330 43.661330
5715 22.364190 -11.988144 88.011856
10533 23.277282 -11.412669 88.587331
14254 36.624630 -24.391682 24.391682
17936 36.191724 -24.055051 24.055051
18633 83.079392 -4.168985 95.831015
5009 1.360278 1.360278 87.406570
13194 2.369418 2.369418 78.375088
15021 45.760995 -41.292528 58.707472
3809 45.273514 -40.458187 59.541813
23503 0.951664 0.554823 99.445177
12793 24.429791 24.429791 26.364401
8887 68.752784 -31.247216 60.637277
13357 68.434785 -31.565215 59.419604
6352 83.109066 -5.133630 94.866370
9889 65.565047 -4.416705 95.583295
11592 26.348040 26.348040 44.026322
5960 97.695234 2.304766 47.554015
5959 98.219520 1.780480 43.900783
14322 97.612212 2.387788 42.562443
18697 7.751208 7.751208 20.825768
3907 83.569973 -16.430027 81.108922
3909 84.125949 -15.874051 79.296194
9895 24.093670 24.093670 65.689598
4205 23.711226 23.711226 64.632675
18227 98.768676 1.231324 40.517195
18025 99.396895 0.603105 42.085082
337 47.449851 -26.823408 73.176592
2391 47.594367 -27.152174 72.847826
15018 24.681197 -12.250565 87.749435
5054 61.346695 -33.764254 66.235746
2078 32.043727 32.043727 44.275003
10910 81.808308 -18.191692 57.591425
10780 88.757997 -2.348314 2.348314
17564 89.721026 -2.051257 2.051257
13035 30.031400 30.031400 63.096160
10110 28.625049 6.506562 93.493438
10111 29.972818 9.720446 90.279554
9647 56.473631 -14.971740 14.971740
15296 66.143453 -33.856547 42.359221
2447 47.361794 -26.194401 73.805599
2776 52.113432 -30.248836 69.751164
3735 52.139554 -30.707120 69.292880
16412 54.917423 -38.298491 61.701509
1111 54.927252 -37.495330 62.504670
17690 54.323206 -38.204871 61.795129
12630 48.320973 -21.644634 78.355366
1873 36.779491 -30.077516 30.077516
12053 36.637486 -30.062200 30.062200
4264 25.406411 -14.235890 14.235890
4912 16.534273 8.490393 91.509607
6699 15.248882 3.858887 96.141113
10335 16.249863 4.178602 95.821398
5706 38.205936 -25.324815 74.675185
11194 50.485172 -48.223598 48.223598
18473 50.694444 -49.305556 49.305556
5404 72.478663 -17.593596 82.406404
7444 72.137636 -17.484127 82.515873
15942 72.869557 -4.889111 4.889111
4159 55.861087 -13.330740 86.669260
3401 66.791647 -17.691425 17.691425
14679 67.411326 -18.204539 18.204539
17707 71.395344 -9.482995 90.517005
10631 77.022705 22.977295 43.554715
6852 75.698018 24.301982 38.395920
18295 72.362474 -18.002554 81.997446
13507 58.753507 -4.843888 4.843888
4692 58.726928 -5.560898 5.560898
18006 59.253762 -24.880921 75.119079
9047 39.484454 5.974049 94.025951
9045 44.108519 12.917866 87.082134
10748 38.014779 -25.680161 74.319839
4190 56.814920 -17.181326 82.818674
14016 56.672142 -17.593969 82.406031
7536 57.316631 -17.305110 82.694890
2446 47.708949 -26.424194 73.575806
9706 74.154679 -25.845321 50.135199
12662 38.659501 -26.422553 73.577447
2019 38.615838 -26.348614 73.651386
8129 34.210526 -34.210526 65.789474
1735 34.746625 -33.898166 66.101834
12938 98.701299 -1.298701 98.701299
2721 26.239154 -11.408151 11.408151
12883 27.296509 -11.543879 11.543879
12007 23.808422 23.808422 53.584687
18699 54.027883 -34.571619 34.571619
7577 54.547514 -34.478863 34.478863
18700 54.163446 -35.158274 35.158274
8222 60.742119 -29.531428 70.468572
4027 15.929563 15.929563 73.728278
4029 16.591242 16.591242 74.738313
4800 36.047032 -20.235887 20.235887
4290 40.385373 -16.130987 83.869013
13381 42.899446 -1.732082 1.732082
13379 43.210839 -0.857410 0.857410
6552 80.821917 -0.385494 99.614506
12424 79.825005 -0.335505 99.664495
3874 66.813337 -16.462966 83.537034
4941 67.225904 -16.697072 83.302928
6139 67.519198 -16.160595 83.839405
14802 33.834485 -25.823292 25.823292
8283 24.358944 -14.113431 14.113431
14425 48.597888 -3.793733 3.793733
3784 34.985559 -30.453786 30.453786
11053 34.878399 -30.172729 30.172729
3020 52.366454 -23.287011 76.712989
14048 84.120990 -0.664211 99.335789
14049 84.321919 -0.711336 99.288664
11722 46.971194 -26.452988 73.547012
14772 75.293605 -24.706395 49.580954
12877 9.043436 9.043436 58.711796
18572 10.019110 10.019110 58.680354
11625 9.673094 9.673094 55.620991
5053 61.420598 -33.149009 66.850991
8579 34.905099 -34.408073 34.408073
13337 35.053675 -34.008350 34.008350
18324 80.619109 -18.401001 81.598999
94 80.286905 -18.407399 81.592601
16331 29.317513 -27.288470 72.711530
1258 29.155256 -26.586876 73.413124
14545 28.529754 -27.023640 72.976360
18237 44.047654 -32.670688 32.670688
4764 44.457200 -32.957147 32.957147
18662 59.075218 -24.666602 75.333398
3765 34.869064 -25.385107 25.385107
18334 34.525625 -25.637525 25.637525
14112 72.094604 4.347100 4.347100
8512 51.056625 -31.040978 68.959022
8510 51.677822 -31.179694 68.820306
16206 51.324359 -27.293427 72.706573
11993 51.785529 -27.357284 72.642716
4910 95.232924 4.767076 79.704231
18995 94.548681 5.451319 77.106028
5426 83.243821 -16.756179 74.849173
19208 34.637450 -25.944018 25.944018
1848 34.940382 -26.196095 26.196095
5918 50.666169 -38.707728 61.292272
4196 54.000000 46.000000 54.000000
8328 46.628433 -6.758838 93.241162
4406 37.037037 0.000000 0.000000
6935 37.962963 0.000000 0.000000
6122 37.642163 -0.999155 0.999155
5162 57.940182 -11.450153 88.549847
13280 58.726610 -11.249107 88.750893
12385 38.360944 -10.834193 89.165807
12511 37.378914 -11.059607 88.940393
11354 45.460453 -27.662437 72.337563
4778 61.652863 -21.180339 78.819661
5193 89.690158 -0.828810 99.171190
5192 88.794763 -1.287582 98.712418
13015 89.791293 -1.148306 98.851694
4379 41.613478 -22.933714 22.933714
4378 41.806428 -22.323812 22.323812
5310 42.344791 -22.840579 22.840579
16124 1.823591 -0.660986 0.660986
5709 1.052632 -1.052632 1.052632
5853 89.738589 10.261411 59.752292
141 89.433815 10.566185 54.627410
613 62.570422 -32.733267 67.266733
9233 42.514266 -17.814784 82.185216
15144 41.916487 -17.971978 82.028022
15600 84.905447 -1.905463 1.905463
929 55.142671 -34.336171 34.336171
6077 55.730258 -34.165873 34.165873
15309 59.281299 -24.283417 75.716583
13864 59.795428 -24.039281 75.960719
17636 59.415455 -23.918800 76.081200
8229 72.343483 -2.705675 97.294325
11211 73.253274 -2.575017 97.424983
6702 50.678560 -30.597101 69.402899
6563 41.140131 -24.192788 75.807212
16931 41.386130 -23.935984 76.064016
15818 41.059490 -23.906832 76.093168
6782 46.679705 -42.541308 42.541308
18863 44.235532 -30.578267 69.421733
23674 30.510525 -30.510525 50.299940
1083 38.652699 -25.201937 74.798063
9934 80.674177 -15.625091 84.374909
4 80.403982 -15.770268 84.229732
14710 52.681993 -5.039098 5.039098
16872 51.814357 -4.802528 4.802528
17047 90.329351 -9.670649 17.733113
11487 29.540235 -4.804003 4.804003
3039 94.884412 -0.466384 0.466384
5163 94.298556 -1.033023 1.033023
9728 95.370370 0.000000 0.000000
3040 96.296296 0.000000 0.000000
13056 28.740645 28.740645 48.515889
6320 60.052278 -22.405890 22.405890
10061 59.419013 -22.447590 22.447590
4346 76.238466 -20.719210 79.280790
4347 75.870554 -21.303996 78.696004
16251 60.194665 -14.247917 14.247917
2448 47.306499 -26.546154 73.453846
18915 46.637622 -39.002789 60.997211
18914 47.279140 -39.243757 60.756243
7021 56.451467 -7.461115 92.538885
1716 89.095620 -1.907671 98.092329
19197 90.104582 -1.746290 98.253710
16037 44.289764 -29.717319 70.282681
11000 18.820060 -8.864803 8.864803
17385 20.196167 -8.232351 8.232351
16389 50.336100 -47.192936 47.192936
11196 49.936006 -48.234353 48.234353
16390 49.894472 -46.668775 46.668775
7255 48.466627 -43.985682 43.985682
7985 56.728906 -17.159355 17.159355
11256 45.069389 -29.930843 29.930843
5629 45.478825 -30.355102 30.355102
8024 44.968149 -30.518342 30.518342
1870 23.813888 -2.046533 97.953467
14323 23.412479 -3.463771 96.536229
17030 24.393792 -2.953905 97.046095
3149 80.205230 -16.012105 83.987895
3 80.112501 -15.920014 84.079986
7758 44.089857 -19.258531 80.741469
9061 43.523229 -19.463686 80.536314
7254 48.700489 -44.933110 44.933110
17802 14.597095 -10.560815 10.560815
2839 13.225871 -10.878025 10.878025
1122 14.675968 -9.430441 9.430441
18352 92.463478 -7.536522 29.083182
5549 57.260639 -10.241067 89.758933
5550 57.542216 -9.722719 90.277281
22955 31.652208 -27.330516 27.330516
8084 50.566817 -17.370152 17.370152
13206 78.973761 -5.763857 5.763857
4640 78.551633 -5.287814 5.287814
991 32.037814 -4.715630 4.715630
992 31.202464 -6.175663 6.175663
16241 67.512859 32.487141 46.959560
18645 38.601429 38.601429 60.749962
13235 38.043758 38.043758 60.214102
4258 86.203260 13.796740 24.577559
19236 86.420891 13.579109 18.928367
9741 12.157535 12.157535 26.911025
11741 64.041085 -27.498068 27.498068
11740 63.405312 -27.162105 27.162105
8016 64.262049 -26.552625 26.552625
8005 66.506796 -8.447524 91.552476
8003 66.755609 -7.934117 92.065883
9420 59.349590 -40.090510 59.909490
7866 58.840790 -40.191644 59.808356
12285 51.113501 10.118225 89.881775
11545 80.218577 -16.838626 16.838626
11923 80.503514 -16.122767 16.122767
12800 52.885014 -30.126818 69.873182
2774 52.531899 -29.906623 70.093377
15263 52.464109 -30.330602 69.669398
3734 52.650648 -30.663614 69.336386
2722 25.259736 -11.209894 11.209894
17049 55.823134 -12.476865 87.523135
16714 55.158452 -12.410029 87.589971
17050 55.502309 -12.907951 87.092049
9427 10.062223 10.062223 64.167620
1121 16.344035 -9.052424 9.052424
4462 81.200227 -2.551419 2.551419
6544 80.103873 -0.768617 0.768617
6543 79.480702 -1.093136 1.093136
4564 57.703950 -27.106638 72.893362
15128 37.106398 -29.077825 29.077825
13715 37.282927 -29.139154 29.139154
13714 37.166716 -29.232836 29.232836
5364 33.958463 -28.369973 28.369973
11872 33.924511 -28.651516 28.651516
14713 50.729511 -29.765073 70.234927
14714 50.420104 -30.212555 69.787445
10465 44.931724 -41.645080 58.354920
3811 44.427896 -41.021841 58.978159
13345 9.805411 -3.524592 3.524592
13001 9.027475 -3.255746 3.255746
5092 86.111111 13.888889 13.888889
1781 23.696932 23.696932 52.554819
9189 61.038961 -38.961039 61.038961
463 60.389610 -39.610390 60.389610
11762 40.489400 40.489400 44.177813
11763 39.064469 39.064469 44.135461
11761 40.206934 40.206934 45.081792
7850 45.404321 -34.435875 65.564125
2378 45.249638 -35.258761 64.741239
13840 30.121623 30.121623 46.495910
14055 30.732011 30.732011 46.549312
9814 49.426607 -47.847124 47.847124
12731 32.204338 -26.655100 73.344900
15373 75.846704 24.153296 66.688435
10713 75.466072 24.533928 61.304759
9027 15.078910 15.078910 20.368056
9028 14.090935 14.090935 20.157867
5081 15.113019 15.113019 22.554438
7583 42.542783 -26.675272 73.324728
6741 41.666667 41.666667 41.666667
16199 43.057668 41.688725 41.688725
1434 77.747365 -11.719263 11.719263
9941 76.961660 -11.929465 11.929465
7424 75.191424 -11.918529 11.918529
4301 76.056642 -11.219528 11.219528
7659 48.774693 -34.702158 34.702158
8539 99.516482 0.483518 60.184852
16436 55.220705 -20.757309 20.757309
8437 79.252897 20.747103 51.194748
9571 70.230727 -15.774913 84.225087
9570 69.789437 -15.760045 84.239955
12002 36.916722 -29.666980 29.666980
9425 51.294865 16.777686 16.777686
9424 52.771954 19.875287 19.875287
271 80.623945 -12.476511 12.476511
270 80.504975 -11.898964 11.898964
2969 39.635485 -13.907567 13.907567
2967 38.802920 -13.735951 13.735951
12099 41.533092 -27.932297 72.067703
3214 41.865123 -27.702591 72.297409
15436 41.539930 -27.580775 72.419225
4659 45.312470 -21.074930 78.925070
9508 37.845336 -32.312497 67.687503
2642 33.119192 -28.681891 28.681891
1598 72.619911 -20.493939 79.506061
1597 73.097515 -20.099006 79.900994
1675 76.935450 -15.490449 15.490449
5688 54.780474 -6.881773 6.881773
431 75.646157 -24.353843 29.705614
433 75.010492 -24.989508 30.222600
5473 72.317487 -12.047761 87.952239
6133 72.137309 -12.526318 87.473682
5471 72.829320 -12.178007 87.821993
10160 51.177445 -1.798012 98.201988
2487 25.654621 25.654621 71.343914
5020 26.154260 26.154260 72.391167
3691 26.778608 26.778608 70.586098
9308 54.237354 38.303849 61.696151
645 55.187772 40.239912 59.760088
4412 42.983528 12.936332 12.936332
13338 28.112829 28.112829 52.085006
13334 28.169483 28.169483 52.016657
13339 28.104684 28.104684 51.995554
3736 80.550614 -16.042701 83.957299
10084 80.807280 -15.994518 84.005482
4878 87.008351 -12.991649 35.093336
1704 36.840292 28.084403 71.915597
9593 52.931223 -19.723642 80.276358
12881 53.481229 -19.781914 80.218086
1640 73.010032 -0.410239 99.589761
14658 83.393839 -16.606161 37.579492
12188 48.522551 -39.445671 39.445671
9643 48.927159 -39.179797 39.179797
17487 82.875311 -17.124689 70.598524
13836 18.429175 18.429175 70.841919
8319 47.727655 -32.573723 32.573723
7990 47.958148 -31.982302 31.982302
8318 48.254807 -32.517184 32.517184
10018 76.211007 -23.788993 72.423196
10808 75.637331 -24.362669 72.356156
14155 54.133762 45.866238 49.944347
4197 54.083021 45.916979 51.927439
7688 70.494017 -17.387581 82.612419
13471 69.889265 -17.668592 82.331408
14478 89.250200 -10.749800 14.742803
9845 89.755967 -10.244033 12.312575
9857 58.704837 -41.295163 56.979163
9858 58.259555 -41.740445 55.377106
12916 35.052183 -30.068587 30.068587
14672 35.227530 -0.696550 99.303450
11568 34.579439 0.000000 100.000000
12824 85.718882 -14.281118 25.179701
959 58.068502 -29.970683 29.970683
7140 58.018293 -30.667371 30.667371
18327 57.433402 -30.436458 30.436458
581 67.262650 -32.737350 40.841774
11150 43.628804 -27.814752 27.814752
12321 79.020772 -20.979228 45.658142
11087 17.154578 17.154578 79.070322
11088 16.323697 16.323697 79.737913
14791 46.272369 -32.975892 67.024108
12624 46.441709 -32.518769 67.481231
12951 13.907033 13.907033 72.265184
1853 62.255386 -30.504784 69.495216
16970 25.132753 9.331772 90.668228
16969 26.444623 10.025713 89.974287
3482 26.697586 12.749550 87.250450
757 77.801904 -22.198096 72.372387
2919 36.480296 -30.033322 30.033322
12054 36.561561 -29.932436 29.932436
804 78.929218 -21.070782 77.040647
806 79.603793 -20.396207 77.437080
670 48.024516 -36.231441 36.231441
18819 29.713157 11.226862 88.773138
18181 31.433816 31.433816 43.562707
10309 46.135249 -19.805339 80.194661
6471 46.239887 -19.252837 80.747163
14463 45.648560 -19.534765 80.465235
9681 51.852536 -32.471246 67.528754
12911 47.933447 -32.945238 67.054762
12638 44.412629 -16.259807 83.740193
3901 47.174683 -37.487918 37.487918
5512 25.053589 -8.306858 91.693142
8411 24.551250 -7.579491 92.420509
2558 57.650800 -25.937687 74.062313
7593 81.700992 -18.299008 38.603891
17285 49.872456 -38.180706 61.819294
5920 50.057060 -38.816413 61.183587
3733 52.261624 -31.217526 68.782474
17496 23.420117 23.420117 63.711996
5342 32.225020 28.839628 71.160372
16923 30.802252 26.708306 73.291694
105 13.044724 -8.741925 8.741925
19015 24.947648 24.947648 51.544510
343 25.576379 25.576379 51.588860
19014 25.320404 25.320404 50.642565
17110 39.274473 -4.951847 95.048153
5389 38.440639 -4.794863 95.205137
10556 38.426041 -35.584752 64.415248
1280 35.774193 -25.823454 74.176546
1837 61.287494 17.631739 82.368261
10820 83.151709 -14.539942 14.539942
4223 83.369341 -13.967569 13.967569
11110 66.544084 -24.216010 75.783990
2838 66.985053 -24.272550 75.727450
8625 43.819483 -15.439123 84.560877
12640 43.619076 -16.152743 83.847257
14086 57.026029 36.815552 63.184448
5866 57.220023 35.813944 64.186056
1092 60.000000 40.000000 60.000000
14104 87.040808 -12.630485 87.369515
11264 15.251995 15.251995 54.091931
11265 16.092751 16.092751 53.637259
18616 8.829845 8.829845 24.928130
946 65.007375 -24.706613 75.293387
2925 49.850091 44.771815 55.228185
2927 48.274123 44.288751 55.711249
14505 48.533142 43.492325 56.507675
1315 45.036608 -37.984007 62.015993
7983 45.439002 -38.363495 61.636505
10109 51.529425 -22.893588 22.893588
1840 51.939825 -22.380963 22.380963
15175 52.107736 -23.042793 23.042793
18206 24.226205 24.226205 29.797929
15800 23.490620 23.490620 30.252619
11137 44.007749 -32.116087 32.116087
11165 42.856315 -21.009094 78.990906
11166 43.370989 -20.761556 79.238444
11167 42.902324 -20.535581 79.464419
5547 64.872749 -5.845172 94.154828
15465 76.553064 -23.446936 30.265323
13429 76.810540 -23.189460 31.315839
2591 77.312733 -22.687267 30.834293
1194 68.896845 -12.192703 87.807297
9370 53.496144 -35.090894 35.090894
4891 53.722620 -35.889972 35.889972
4470 83.886477 -9.582481 9.582481
4471 83.000756 -10.171804 10.171804
6492 55.808347 -32.944157 32.944157
1891 49.880671 -38.146920 38.146920
11556 50.017624 -37.254063 37.254063
1892 50.474759 -37.636324 37.636324
257 54.731835 -25.682000 25.682000
5807 54.418069 -26.217895 26.217895
10971 84.450050 -2.440447 2.440447
16005 84.324822 -2.376385 2.376385
3928 75.320984 -3.742077 96.257923
1924 74.214896 -4.056000 95.944000
10860 82.526515 -17.473485 59.800142
2888 30.783245 -5.184358 94.815642
6162 31.646753 -4.978970 95.021030
17535 31.045353 -4.326948 95.673052
14643 71.739102 -28.260898 67.444660
5927 71.400124 -28.599876 66.021536
18414 83.683250 -1.846561 1.846561
9979 37.863466 -25.656294 74.343706
4094 37.711428 -25.822509 74.177491
10747 37.949345 -25.818825 74.181175
5040 35.659516 -30.351566 30.351566
15582 53.079086 -35.950714 35.950714
1347 52.802952 -35.326708 35.326708
5106 53.021591 -34.549649 34.549649
2343 39.270908 -33.102308 33.102308
5460 39.121884 -33.558433 33.558433
5461 38.845388 -33.112400 33.112400
14194 42.730473 -11.946207 11.946207
4750 42.392608 -12.688906 12.688906
4110 55.920087 -21.372792 78.627208
23128 28.133689 28.133689 52.121894
23098 28.161827 28.161827 52.093060
8438 78.735469 21.264531 52.711599
5858 35.365854 35.365854 64.634146
4485 62.470289 -10.442083 89.557917
10575 82.189203 -10.397620 89.602380
1949 81.794142 -10.251860 89.748140
4113 62.231436 -10.593867 10.593867
18035 62.987631 -10.172467 10.172467
19030 52.816498 -16.281512 83.718488
254 58.343854 -36.601552 63.398448
2229 28.539613 -17.252000 82.748000
1879 29.362483 -17.823897 82.176103
1878 29.511213 -16.833883 83.166117
15131 48.178291 -23.034591 23.034591
3315 47.533510 -23.690490 23.690490
6731 16.139453 16.139453 31.735305
11060 16.580540 16.580540 33.805675
7541 30.877147 -24.393209 75.606791
4687 54.444444 45.555556 45.555556
17490 53.888889 46.111111 46.111111
15775 100.000000 0.000000 78.260870
1601 48.532872 -35.915729 64.084271
414 49.098554 -35.614587 64.385413
413 48.712051 -35.170505 64.829495
4822 86.253794 -4.373150 95.626850
3758 85.744214 -4.275388 95.724612
23712 37.439494 -37.439494 53.396213
18407 70.426890 -14.960750 85.039250
12904 81.420783 -6.571962 93.428038
18240 72.003666 -22.117212 22.117212
18595 49.776041 -2.357963 97.642037
13099 51.061333 -37.877129 37.877129
5248 51.618121 -37.071214 37.071214
18039 51.706576 -38.099241 38.099241
10680 70.502076 -23.036270 76.963730
13000 69.921853 -23.211740 76.788260
12152 52.842632 -37.428969 37.428969
13321 53.015423 -38.215707 38.215707
305 82.703387 17.296613 66.119502
1452 77.393677 -22.606323 70.489356
6636 77.182535 -22.817465 68.424705
3960 89.831534 10.168466 24.668776
3961 89.105200 10.894800 23.756690
3962 89.286615 10.713385 29.904058
11875 49.502282 -37.497369 37.497369
7823 49.643133 -36.771737 36.771737
8451 14.736842 -14.736842 85.263158
23713 14.210526 -14.210526 49.701793
23714 14.473684 -14.473684 51.542920
3209 14.210526 -14.210526 85.789474
3302 34.406154 -31.460092 31.460092
3303 34.723764 -31.203294 31.203294
4932 53.655429 -34.189326 34.189326
13209 69.279610 -16.984892 83.015108
3160 69.281621 -16.570051 83.429949
18230 49.586759 -26.657372 73.342628
466 49.639751 -27.065294 72.934706
468 49.924332 -26.742937 73.257063
8211 51.703350 -13.209237 13.209237
15822 63.895559 -13.275873 86.724127
18720 63.744248 -12.809308 87.190692
11119 63.292795 -13.186833 86.813167
13740 39.397265 -23.234789 23.234789
13741 38.824648 -23.453238 23.453238
4762 44.446176 -32.416998 32.416998
781 54.324938 -25.197642 25.197642
7302 15.878331 9.934697 9.934697
3342 42.508615 -7.022966 92.977034
16776 42.810811 -7.669575 92.330425
8384 31.939338 -17.917541 17.917541
13720 83.873011 -9.071238 90.928762
11160 36.037023 -19.156538 80.843462
11943 45.063557 -19.816249 80.183751
9956 62.805932 -14.709951 85.290049
7578 63.399496 -31.614428 68.385572
17908 63.211840 -32.261766 67.738234
18895 63.850354 -31.780624 68.219376
12742 53.900618 -26.434961 26.434961
2911 51.020667 -7.143196 7.143196
19009 64.503869 -21.683305 21.683305
9450 63.835123 -21.417577 21.417577
9902 38.338373 -8.333246 8.333246
23715 11.840402 -11.840402 48.077207
15371 37.997288 -25.948746 74.051254
13632 38.574538 -12.962662 12.962662
12627 37.984238 -13.587410 13.587410
16504 70.655155 -21.469866 78.530134
3688 66.558364 -31.219166 68.780834
11845 46.865183 -15.775410 84.224590
1147 46.228798 -15.720362 84.279638
15870 47.394458 -3.829431 3.829431
9699 70.320580 -1.169013 1.169013
23100 70.355939 -0.697201 0.697201
2255 40.243902 40.243902 59.756098
14900 50.895066 -39.236270 60.763730
3449 30.381193 15.237295 84.762705
18754 29.258096 14.333848 85.666152
4805 60.021723 -15.651381 15.651381
5761 44.298402 -25.046100 25.046100
11133 44.713970 -24.553979 24.553979
17529 35.257397 -28.686747 28.686747
12178 35.223771 -28.511223 28.511223
10829 35.412721 -28.605173 28.605173
9523 73.148148 0.000000 0.000000
13799 76.194251 5.525099 5.525099
17932 83.669095 -16.330905 60.084223
5496 43.342318 -7.059318 92.940682
10987 45.315045 -7.469337 92.530663
10208 44.781103 -6.929868 93.070132
10985 44.491084 -7.635022 92.364978
9024 50.933425 -37.028924 37.028924
1091 60.653341 39.346659 55.016106
3363 60.392209 -37.063129 37.063129
3364 60.139398 -36.626449 36.626449
12802 51.225921 28.105197 71.894803
3217 50.779296 26.000910 73.999090
6276 16.364933 16.364933 58.993423
18283 15.600645 15.600645 59.365431
7573 44.019442 -6.396247 93.603753
7572 43.003039 -6.414550 93.585450
8483 17.291195 4.338993 95.661007
9170 50.988611 -25.278251 25.278251
8177 50.498620 -24.852308 24.852308
11158 36.659971 -18.834817 81.165183
9849 37.251109 -19.184087 80.815913
18961 77.341754 -22.658246 54.587399
5894 98.137543 -1.862457 76.598880
5896 97.557830 -2.442170 75.644669
15217 42.613301 -19.003211 80.996789
11661 42.048932 -19.341296 80.658704
9883 60.732723 -32.888135 32.888135
10096 80.655182 -16.896651 83.103349
10097 80.439056 -16.880724 83.119276
195 17.328119 17.328119 27.795863
812 67.009252 -7.363465 92.636535
814 67.166680 -6.774425 93.225575
16908 66.267207 -7.133855 92.866145
10744 36.441192 36.441192 41.390170
16606 35.215259 35.215259 40.686541
5067 45.186233 -31.910277 31.910277
10970 84.454756 -2.565116 2.565116
12320 57.046814 -17.863941 82.136059
1330 57.665407 -17.694281 82.305719
10873 72.508911 -23.329423 23.329423
13400 72.604934 -24.037408 24.037408
14007 79.653974 20.346026 23.698809
14008 80.133595 19.866405 22.973062
4578 80.000000 20.000000 20.000000
1966 24.254355 24.254355 51.723500
18943 24.705119 24.705119 52.313902
11230 57.137599 -27.414320 72.585680
19155 57.129684 -27.950308 72.049692
3347 74.676276 -25.323724 31.773961
432 75.306287 -24.693713 31.275047
12765 39.752213 -2.873217 2.873217
17924 39.408323 -3.892098 3.892098
7600 29.754166 29.754166 38.669120
7601 30.451892 30.451892 38.011033
6424 74.162881 -9.313475 90.686525
6423 74.115851 -8.909862 91.090138
1728 23.426498 23.426498 37.295715
1730 24.255704 24.255704 37.992968
3731 40.792420 -38.387732 38.387732
16098 60.770831 -3.487482 3.487482
2503 12.171628 12.171628 54.425527
13756 88.628383 -11.371617 55.094281
9251 46.860581 -35.382820 35.382820
14033 44.091368 -8.410252 91.589748
5497 43.654346 -7.707068 92.292932
15237 68.691520 -13.279094 86.720906
17211 30.209014 30.209014 31.358314
13784 28.964128 28.964128 30.151947
14479 29.329269 29.329269 31.881382
15571 67.191014 -6.357277 6.357277
4834 5.453133 5.453133 31.373786
2204 6.153482 6.153482 35.475238
13418 6.322790 6.322790 32.355484
10395 42.888372 -24.003393 75.996607
4395 82.807457 -17.192543 18.822243
4394 83.474315 -16.525685 18.210523
13712 70.484917 -12.233525 87.766475
9584 58.003723 -2.385445 2.385445
10258 82.935744 17.064256 21.185959
15090 61.046937 -37.106229 37.106229
15096 40.386344 -20.318878 79.681122
2743 40.399023 -19.898042 80.101958
9805 46.528038 -35.835644 35.835644
19459 46.431456 -35.268618 35.268618
10478 41.488786 -26.362126 26.362126
9846 64.356571 -22.441862 22.441862
3677 65.120585 -21.993497 21.993497
3679 65.002171 -22.764599 22.764599
3858 92.742395 -5.324415 5.324415
16805 47.920660 -38.573933 61.426067
9090 4.051025 -4.051025 32.582795
10739 34.614177 -28.167212 28.167212
16669 34.475951 -28.250368 28.250368
8503 24.390244 24.390244 75.609756
22957 24.764113 23.198530 76.801470
9011 56.455369 -32.798248 32.798248
9012 57.090813 -32.722611 32.722611
11468 20.676919 20.676919 26.260165
13107 25.342377 25.342377 31.187821
23201 26.047931 26.047931 32.422453
15899 26.645882 26.645882 33.644320
4322 84.898605 15.101395 71.688335
14936 85.020872 14.979128 66.820077
13042 84.521063 15.478937 68.965437
11127 29.018045 29.018045 53.316269
1981 29.477182 29.477182 53.273706
11677 93.507784 -2.539934 2.539934
14029 43.672345 -32.935912 32.935912
9491 73.484751 -26.515249 68.995059
2260 73.066317 -26.933683 67.425786
2259 73.699660 -26.300340 67.200607
8420 35.510927 35.510927 55.131336
15422 34.648457 34.648457 55.846510
7561 91.666667 -8.333333 8.333333
7560 91.484980 -7.849206 7.849206
6181 86.726901 -13.273099 83.790991
19068 36.697018 -24.724611 75.275389
10568 36.819513 -24.562874 75.437126
9700 71.201453 -1.336373 1.336373
23099 70.933672 -0.853740 0.853740
23166 34.156855 -25.293398 74.706602
10951 33.800597 -25.316668 74.683332
23167 34.004585 -25.072985 74.927015
4138 38.843752 -23.864079 76.135921
10994 79.968513 -20.031487 46.522966
14107 96.938426 -1.819937 1.819937
7967 97.921608 -1.571013 1.571013
11128 80.644787 -19.355213 54.812669
15049 90.004203 9.995797 37.260196
16142 89.448705 10.551295 35.851266
1801 89.590685 10.409315 41.442079
1044 40.619783 40.619783 50.580763
10879 56.167994 -6.007395 6.007395
1666 57.023903 -6.365850 6.365850
1699 34.059618 -29.546160 70.453840
7974 33.329981 -29.824852 70.175148
10665 88.931326 -5.669638 5.669638
1871 24.817466 -1.442582 98.557418
3639 25.394335 -2.467257 97.532743
6951 86.429948 -11.417339 88.582661
12950 80.373832 0.000000 100.000000
6893 63.686094 -17.048270 17.048270
591 63.569294 -16.272596 16.272596
14692 79.607698 -16.771304 83.228696
17814 25.263158 -25.263158 74.736842
6215 89.372171 -8.419905 91.580095
16379 75.167700 -17.698804 17.698804
12284 71.776643 -28.223357 53.036875
2371 33.021184 -27.451321 27.451321
2373 33.361434 -27.487562 27.487562
17834 63.633421 -8.333236 91.666764
11600 63.643386 -8.847153 91.152847
18904 76.812812 -23.187188 41.476467
13761 76.253306 -23.746694 41.293766
2552 49.820150 -18.607868 18.607868
12783 49.693274 -19.268816 19.268816
1792 72.790713 -27.209287 50.931464
14709 36.419365 -30.799457 30.799457
3547 41.258345 -34.207420 34.207420
15968 79.690965 -11.919631 11.919631
10295 48.337800 -19.347378 80.652622
10842 26.202357 7.062166 92.937834
7421 41.064693 -29.106523 29.106523
10657 47.649760 -12.324921 12.324921
17404 47.219684 -13.120559 13.120559
13416 46.738902 -12.386458 12.386458
1140 65.286977 -1.297842 98.702158
2760 64.343930 -1.298382 98.701618
4773 64.800959 -1.694664 98.305336
15495 32.698188 -13.318687 86.681313
2004 52.625020 -45.446655 45.446655
8078 42.457719 -32.732946 32.732946
17412 42.800161 -32.437665 32.437665
19067 83.134905 -16.865095 47.620747
10652 10.526316 -10.526316 10.526316
23717 11.278062 -11.278062 48.229966
23718 10.836125 -10.836125 42.671425
23744 11.569090 -11.569090 48.813635
10849 83.503321 -16.496679 42.949092
10848 83.889992 -16.110008 43.045574
4208 50.649812 -1.192051 98.807949
6698 80.107223 19.892777 59.109533
17090 79.471405 20.528595 60.174821
4436 24.950752 24.950752 43.285771
10764 98.988834 1.011166 59.856073
13794 17.491965 -6.212776 6.212776
8288 17.539197 -4.980344 4.980344
15231 62.900510 -18.241495 18.241495
6894 63.709123 -17.738895 17.738895
16546 60.124325 39.875675 54.733036
16409 59.500000 40.500000 59.500000
2545 42.667659 27.060682 27.060682
16937 28.251184 28.251184 48.747691
1248 71.243017 -10.695091 89.304909
14446 53.086380 -46.913620 50.552169
3800 53.700279 -46.299721 50.627528
12322 47.420634 -29.953722 70.046278
13174 47.032321 -29.781707 70.218293
15177 78.545026 -21.454974 35.385735
18301 78.132696 -21.867304 37.066473
16475 74.785771 -8.516924 91.483076
6425 74.765528 -8.911483 91.088517
13136 27.971132 13.432623 86.567377
8350 69.603370 -24.875775 24.875775
11799 79.815420 -20.184580 71.161083
10233 28.822067 28.822067 45.125354
10234 28.757559 28.757559 44.842203
3529 32.657328 31.354809 68.645191
2335 37.318205 -27.999101 72.000899
3073 36.775755 -27.943468 72.056532
3022 57.013600 -19.388769 80.611231
18767 43.970654 -35.152512 35.152512
17980 82.061698 -15.406817 84.593183
17534 42.621417 -25.907587 74.092413
23294 79.807538 -1.080192 98.919808
23295 79.298596 -1.163813 98.836187
17905 34.840277 -29.916734 29.916734
16920 72.171608 -5.237177 5.237177
6003 60.579581 -26.409518 73.590482
8284 24.464820 -15.060833 15.060833
11693 92.401685 7.598315 35.781374
8985 84.605546 -9.093788 9.093788
11980 72.244536 -27.755464 45.053510
15433 43.590736 -34.994746 34.994746
16877 43.763765 -34.574727 34.574727
4211 26.401768 26.401768 53.759540
17853 2.271975 -2.271975 40.228921
4098 91.333085 -5.123149 94.876851
16781 35.813338 -29.161941 29.161941
2013 70.845574 -10.417212 89.582788
9264 71.180694 -9.938339 90.061661
8794 70.466932 -10.151657 89.848343
2009 81.947076 -14.432145 85.567855
12446 81.446478 -7.747542 92.252458
9810 50.483132 -34.638905 65.361095
18994 93.948335 6.051665 74.368175
2886 96.120206 -3.279726 96.720274
2113 94.960722 -3.889396 96.110604
7026 95.570000 -3.865047 96.134953
15983 32.767247 -30.309465 69.690535
5683 32.277597 -30.739785 69.260215
3460 32.443814 -7.904283 92.095717
6034 63.719788 -10.477686 10.477686
16314 25.562103 25.562103 57.658515
7742 25.058751 25.058751 58.301810
9937 37.069869 -25.610305 74.389695
14215 50.922466 -28.298380 28.298380
2589 38.413487 9.130999 90.869001
2590 35.997422 4.486641 95.513359
2470 40.434488 40.434488 57.352364
16266 42.023562 42.023562 56.415496
12577 41.340801 41.340801 55.960700
9036 59.498763 -28.960853 71.039147
10660 75.627062 -7.318225 92.681775
15585 32.662973 -22.012261 22.012261
4112 62.221027 -9.900678 9.900678
17550 52.301832 -30.405723 30.405723
3045 52.747366 -29.870432 29.870432
16708 52.825791 -30.453439 30.453439
6479 49.580970 -43.944501 56.055499
4445 54.123610 40.115184 59.884816
4444 55.882759 41.890369 58.109631
13163 54.985173 41.987120 58.012880
8253 54.530678 -31.496693 68.503307
13695 54.180477 -31.988765 68.011235
8254 54.746304 -31.835335 68.164665
8493 51.587480 -1.949808 1.949808
6059 52.358724 -2.436189 2.436189
1326 51.559068 -2.619741 2.619741
6189 84.373250 -7.533784 7.533784
3119 65.061170 -16.566967 83.433033
18015 31.826912 -12.247880 87.752120
23595 51.133380 48.866620 49.863334
5026 51.111111 48.888889 48.888889
8323 82.736730 -11.731242 88.268758
1233 82.079132 -11.956603 88.043397
1235 82.210834 -12.209070 87.790930
6164 55.526623 35.482467 35.482467
520 53.466114 -22.080736 77.919264
12827 53.322417 -22.593336 77.406664
16472 62.761795 -11.563489 88.436511
3127 57.139732 -34.275232 65.724768
12723 44.586785 -18.742534 18.742534
17053 43.993890 -19.427025 19.427025
15077 82.840811 -1.872234 98.127766
59 61.550401 -30.318191 30.318191
8655 70.182530 -13.577779 86.422221
15280 69.673649 -13.482151 86.517849
17861 72.069226 -21.715121 78.284879
13626 71.586010 -22.175657 77.824343
17170 48.472465 -5.666485 5.666485
8837 39.768695 -21.615586 78.384414
13411 39.386503 -21.599126 78.400874
18739 45.662383 -26.188755 26.188755
17409 45.568280 -26.792293 26.792293
1860 81.384818 -16.319962 83.680038
1858 81.771911 -16.171306 83.828694
15036 81.298594 -15.943945 84.056055
17981 81.657427 -15.689409 84.310591
14390 81.402622 -15.702315 84.297685
9489 42.350264 -32.212426 32.212426
17580 44.450173 -33.411791 33.411791
174 66.474674 -16.914055 16.914055
176 65.712366 -16.990218 16.990218
11669 65.988994 -16.268560 16.268560
1895 80.282767 -11.928873 88.071127
7760 43.651095 -18.952672 81.047328
16302 59.082820 -39.096424 60.903576
5322 58.444920 -39.463244 60.536756
16420 58.662024 -39.862037 60.137963
15275 27.715893 27.715893 61.001037
12257 26.946688 26.946688 61.802782
12256 27.569381 27.569381 62.152145
23701 39.583753 -39.583753 47.981340
5086 52.552161 -21.667605 78.332395
3640 52.424326 -21.392571 78.607429
14524 52.025232 -21.751267 78.248733
4724 81.222982 -15.307136 84.692864
10455 40.885481 -31.280599 31.280599
4505 81.238907 -3.236610 96.763390
2172 45.148987 -4.819384 95.180616
5925 84.909110 -0.257404 99.742596
5581 85.416687 -0.356915 99.643085
2537 85.777080 -0.144575 99.855425
17645 22.589752 -6.844100 93.155900
4404 55.013400 -8.522945 8.522945
18998 35.252636 -5.665740 94.334260
208 70.628240 -15.819776 15.819776
16175 74.155078 -12.237328 12.237328
9137 74.594017 -6.132150 93.867850
7799 74.684360 -5.592062 94.407938
11209 74.148889 -2.452657 97.547343
16064 42.646076 -33.790069 33.790069
5348 42.963700 -34.270733 34.270733
5419 75.925926 0.000000 0.000000
6455 76.851852 0.000000 0.000000
14746 36.492943 -14.746331 85.253669
14559 36.755159 -15.368859 84.631141
1390 51.151564 -45.524474 45.524474
13160 40.064643 -32.079656 67.920344
1021 52.458755 -33.440726 33.440726
24 53.093022 -3.768750 3.768750
15218 53.316962 -4.588413 4.588413
16987 41.464243 -31.814749 31.814749
9488 41.897123 -31.992937 31.992937
15405 42.006445 -32.515589 32.515589
866 41.627019 -32.839283 32.839283
11367 67.190369 -14.750994 14.750994
5673 73.126896 -25.433192 74.566808
2192 39.489347 -26.504347 26.504347
3685 98.573988 -1.426012 22.641092
2884 96.753247 -3.246753 96.753247
17887 96.891737 -3.108263 92.966261
8955 28.515449 28.515449 60.209857
15274 28.323948 28.323948 61.440871
8956 29.165164 29.165164 60.686492
12242 98.261927 -1.738073 19.327509
11303 67.130820 -28.522839 28.522839
13290 2.803738 0.000000 100.000000
3683 98.298747 -1.701253 27.947825
13727 98.970427 -1.029573 17.123332
11321 39.950537 25.217641 74.782359
16723 40.038865 23.588217 76.411783
10476 90.989661 -7.541161 92.458839
6029 92.133591 -7.138873 92.861127
17801 91.829151 -6.855491 93.144509
7622 63.017863 -9.447156 9.447156
11215 71.234715 -28.765285 61.874667
15896 71.886492 -28.113508 62.128590
11097 27.515010 -23.327380 23.327380
22958 28.130543 -23.128067 23.128067
22959 28.050407 -23.522857 23.522857
5686 55.518023 -7.027944 7.027944
12072 60.974284 -18.451978 18.451978
6288 61.913892 -18.387798 18.387798
6600 32.156648 -27.837577 27.837577
22960 32.429447 -27.715237 27.715237
22976 32.490208 -27.952888 27.952888
2218 39.587190 -14.764969 85.235031
8527 30.841121 0.000000 100.000000
13104 32.435245 3.652772 96.347228
18332 29.906542 0.000000 100.000000
16321 42.323344 -21.626303 78.373697
13027 42.207877 -22.017172 77.982828
16304 42.641010 -21.866460 78.133540
6718 91.096716 -7.807225 92.192775
19264 83.623041 -0.892176 99.107824
16628 59.802849 -38.490645 38.490645
16627 60.401849 -37.756555 37.756555
18548 85.702391 -14.297609 48.198481
1360 53.817223 -29.341197 29.341197
4432 33.027092 -28.219077 71.780923
2800 57.760030 -21.963262 21.963262
9569 63.361128 -20.566968 79.433032
6035 63.611444 -11.200585 11.200585
5042 57.015625 -42.984375 49.236544
12450 28.783611 -25.287178 74.712822
18597 72.622944 27.377056 48.541825
5378 72.070410 27.929590 51.137634
4920 79.742668 -4.073107 4.073107
9776 34.574719 -29.704891 29.704891
18080 30.177991 30.177991 40.689998
13526 30.272381 30.272381 41.540211
12953 12.852177 12.852177 74.290878
19253 58.455094 37.134268 37.134268
3867 57.028550 34.382598 34.382598
7289 56.243373 34.885145 34.885145
1051 65.505780 -10.070254 89.929746
6429 65.262724 -10.522467 89.477533
6428 65.951355 -10.299568 89.700432
1904 81.347427 -18.652573 66.263059
14483 81.846773 -18.153227 66.140998
16417 79.851082 -3.047337 96.952663
14761 79.210752 -2.908221 97.091779
9185 78.982089 -3.327968 96.672032
9736 97.511230 2.488770 18.686126
327 36.199561 -26.328232 73.671768
12546 60.553910 -24.754583 75.245417
4542 88.904778 -11.095222 57.265543
15052 78.340453 -14.211326 85.788674
1971 50.678189 -23.678913 76.321087
18510 18.703112 -12.018947 87.981053
1218 84.705458 -0.784818 99.215182
17903 87.074924 -4.684194 4.684194
14153 87.398395 -4.097706 4.097706
13370 61.502201 -3.300875 96.699125
14682 39.949122 -29.736137 70.263863
17946 50.124622 -29.328325 70.671675
10314 50.531929 -28.928659 71.071341
14749 86.392760 -0.253132 99.746868
3191 64.384628 -19.938779 80.061221
7415 91.659151 8.340849 85.549328
6075 5.870990 -5.870990 40.521298
4350 97.101968 -2.898032 89.217303
16881 33.192931 -29.574091 29.574091
473 33.527972 -29.878536 29.878536
8895 67.056779 -23.453856 76.546144
9161 37.975547 -28.346477 71.653523
2334 37.704027 -28.117095 71.882905
2336 37.503199 -28.445258 71.554742
17786 98.860061 1.139939 49.928020
6421 98.802919 1.197081 55.221757
10394 42.495383 -24.017300 75.982700
8954 29.393386 29.393386 59.351931
1490 41.421685 -19.506527 80.493473
16867 2.913100 -2.913100 12.413914
248 65.925601 -23.308912 76.691088
3029 66.499576 -23.063694 76.936306
12297 66.230465 -22.792337 77.207663
9089 3.530610 -3.530610 25.969350
15464 3.105115 -3.105115 30.624459
17337 3.134763 -3.134763 20.938306
6788 95.400465 -3.365032 96.634968
2114 94.265484 -3.969868 96.030132
6559 76.059328 -23.940672 25.364000
3521 76.376412 -23.623588 26.501389
15190 72.405112 -27.594888 67.487451
9318 11.263849 11.263849 30.975665
9518 32.089907 -17.751061 82.248939
9373 34.478931 -27.287098 72.712902
6941 61.092375 -9.934234 90.065766
801 82.671496 -7.203574 7.203574
18583 41.400489 40.325521 59.674479
2256 41.463415 41.463415 58.536585
11902 29.506500 15.098166 15.098166
17685 52.958402 43.404267 56.595733
5066 45.373424 -32.435265 32.435265
11833 45.932687 -32.298021 32.298021
7539 45.854572 -32.936907 32.936907
8236 41.052632 -41.052632 58.947368
481 61.824903 -31.545748 31.545748
9395 61.295104 -31.464959 31.464959
9519 33.029911 -17.997113 82.002887
540 69.637013 -19.166592 19.166592
1038 90.738471 4.163229 4.163229
17293 62.423811 -30.923471 69.076529
3065 82.712767 -17.287233 42.644433
18263 38.494373 -23.296924 76.703076
18262 38.759775 -23.172767 76.827233
17065 22.561117 22.561117 72.926292
14910 85.455816 -1.770182 98.229818
12698 86.265636 -1.595331 98.404669
6270 47.332963 -19.247500 80.752500
11846 61.411039 -9.661760 9.661760
4111 61.489993 -10.360965 10.360965
17735 70.443070 -10.436113 10.436113
1555 67.927649 -14.048992 85.951008
8293 84.129475 -15.870525 17.693205
9194 84.027778 -15.972222 15.972222
2297 64.065425 -29.493041 29.493041
16371 6.762585 6.762585 68.655574
15964 69.247776 -8.553449 91.446551
16442 69.393929 -8.123344 91.876656
18858 51.285681 -43.366969 43.366969
3600 51.858764 -43.216136 43.216136
1389 51.504202 -44.280241 44.280241
8123 75.253435 24.746565 56.340448
2307 43.176738 -19.059456 19.059456
870 82.531130 -7.908005 7.908005
6830 38.645907 -33.886677 33.886677
15804 39.031850 -33.997602 33.997602
16875 30.718016 30.718016 56.571154
12497 31.065617 31.065617 55.704824
10350 17.894737 -17.894737 17.894737
23168 17.368421 -17.368421 17.368421
9724 17.880040 -16.690278 16.690278
16835 49.737947 -39.413388 60.586612
6117 40.868511 -24.471058 75.528942
19247 40.812134 -24.135413 75.864587
17609 47.610205 -31.362826 68.637174
17610 47.007272 -31.670917 68.329083
9999 47.464411 -32.078420 67.921580
18453 90.628372 -9.371628 78.125972
18320 66.425092 -29.839627 70.160373
1603 10.268638 10.268638 81.182732
1114 50.180232 -32.944801 32.944801
12823 85.952820 -14.047180 22.945554
3368 16.086237 16.086237 77.195914
15165 61.569344 -16.027298 83.972702
19165 61.131462 -16.367387 83.632613
250 65.352628 -23.562374 76.437626
11940 64.690587 -23.891945 76.108055
8009 65.141837 -24.095590 75.904410
1123 16.174700 -7.810501 7.810501
11586 42.297116 -8.724543 8.724543
7451 87.272337 -10.155102 10.155102
2292 86.646902 -10.786939 10.786939
13154 86.262463 -10.456645 10.456645
7806 91.676156 8.323844 22.826279
16039 39.613286 -28.466336 28.466336
8790 79.671659 -20.328341 32.145615
15622 80.286479 -19.713521 30.742019
17019 80.066208 -19.933792 32.475952
14216 25.735284 25.735284 48.693549
9599 21.594975 -18.902458 18.902458
7133 37.303267 -30.126918 30.126918
23003 37.356976 -30.057866 30.057866
23004 37.277977 -30.039605 30.039605
10514 36.707068 -35.736286 35.736286
4546 37.003269 -35.371960 35.371960
6535 40.303023 -29.751625 29.751625
8788 79.062971 -20.937029 33.498975
15178 79.158121 -20.841879 35.251419
9394 85.831905 14.168095 56.880887
5783 45.759471 -33.159630 66.840370
13463 40.477519 -29.439702 29.439702
23719 1.819788 -0.723931 99.276069
23720 2.159162 -1.169926 98.830074
23797 2.488075 -1.441487 98.558513
6245 57.715711 -12.811450 12.811450
6246 58.665052 -12.742587 12.742587
23202 20.053996 10.952400 10.952400
23203 19.803818 9.410705 9.410705
15285 83.444334 -14.435405 85.564595
8725 84.334268 -15.665732 41.543826
10850 83.821409 -16.178591 41.587502
12294 35.771583 -27.198719 72.801281
5879 36.185788 -27.369657 72.630343
5881 36.138929 -26.987592 73.012408
17817 0.000000 0.000000 9.090909
17818 1.311760 1.311760 19.986055
6885 73.181387 -19.717802 80.282198
11260 73.636778 -19.688768 80.311232
3774 56.364404 -2.858456 2.858456
6670 57.146033 -3.350403 3.350403
13034 52.233820 -37.363795 37.363795
8815 28.298578 -14.815127 14.815127
4019 29.235586 -14.157811 14.157811
7873 33.938066 -33.288783 33.288783
5545 68.394512 31.605488 48.883912
5351 94.870510 -5.129490 77.124879
11573 39.943447 -23.576379 23.576379
13170 70.196543 -6.797936 93.202064
6922 83.401344 -0.892038 99.107962
15664 83.595852 -0.819835 99.180165
1009 56.517182 24.661009 24.661009
415 49.355888 -34.988213 65.011787
15573 14.605698 -12.572689 12.572689
23238 21.621294 16.343763 16.343763
23239 21.276384 15.205974 15.205974
23204 20.809683 13.790828 13.790828
23205 20.354167 12.318583 12.318583
15714 89.856760 -10.143240 34.250637
5444 89.606172 -10.393828 32.416326
717 80.518330 19.481670 29.552723
1256 81.050067 18.949933 30.845961
8719 81.031422 18.968578 25.489344
3602 44.047619 44.047619 44.047619
15204 40.773866 -23.858809 76.141191
18053 40.509870 -24.037422 75.962578
13588 31.031707 -12.813010 87.186990
10929 73.730960 -11.405645 88.594355
1285 75.371385 24.628615 72.076807
23359 75.500000 24.500000 75.500000
23360 67.959578 14.803783 85.196217
800 79.970820 -16.687511 83.312489
4865 79.886075 -16.615159 83.384841
17257 18.295679 10.574713 10.574713
9854 90.320106 -9.679894 19.595354
18276 89.793197 -10.206803 19.432112
6296 56.110157 -28.452700 28.452700
9565 37.593884 -23.708980 76.291020
7848 0.585770 0.585770 22.375243
10912 82.146369 -17.853631 58.618723
1854 61.569837 -30.801683 69.198317
12409 39.522731 -7.149094 92.850906
4450 55.921050 -20.532999 79.467001
4385 56.104057 -20.128048 79.871952
5790 88.003701 -7.394465 7.394465
9056 88.843234 -7.407202 7.407202
6759 97.842938 2.157062 52.401914
6358 85.157398 -10.937639 89.062361
6253 83.132445 -4.784513 95.215487
11919 61.593392 -11.085733 88.914267
4487 61.873740 -10.593206 89.406794
15552 61.173875 -10.759688 89.240312
13745 47.068436 -33.026280 66.973720
9997 47.512891 -32.698516 67.301484
11760 73.666216 -4.432121 4.432121
17383 64.983065 -10.983940 89.016060
1678 81.337542 -18.662458 75.434869
23135 37.109370 -29.875869 29.875869
15293 57.095474 -32.224442 67.775558
15282 56.841150 -7.930956 7.930956
2261 73.327008 -26.672992 65.815217
11422 55.033093 -20.730816 79.269184
17474 51.391559 -28.806330 71.193670
10313 50.952794 -28.592330 71.407670
10315 50.907816 -29.004212 70.995788
9730 96.666667 3.333333 3.333333
8726 84.708929 -15.291071 42.446601
8727 84.261922 -15.738078 43.470914
19024 54.956784 -12.702163 12.702163
4743 55.432357 -11.988363 11.988363
14844 35.868691 11.333168 88.666832
5505 33.601660 8.243243 91.756757
8945 38.331251 12.006797 12.006797
3582 49.190639 -31.323500 68.676500
3584 49.379054 -31.842368 68.157632
4899 83.148196 -16.851804 33.242104
10040 59.824821 -40.175179 52.858734
2823 30.051585 3.380634 3.380634
2821 32.397489 6.931429 6.931429
2822 31.738482 4.604811 4.604811
11239 84.006032 -3.541025 3.541025
12195 84.650486 -3.656219 3.656219
12854 63.922663 -11.385139 88.614861
4661 85.362385 -5.323199 94.676801
6013 38.904760 -25.186751 74.813249
17572 85.141644 -1.576356 1.576356
7472 84.991392 -1.570243 1.570243
10132 76.196972 -9.873315 90.126685
17575 56.295622 -12.268053 87.731947
5196 55.864495 -12.045670 87.954330
2000 50.545699 -18.175936 81.824064
4149 50.663189 -18.678383 81.321617
2860 51.125938 -18.228244 81.771756
4250 33.418704 -11.976871 88.023129
12318 56.458556 -18.077455 81.922545
9476 53.296707 -9.960465 9.960465
6558 38.843385 -26.160289 73.839711
23279 38.908534 -26.177387 73.822613
23280 38.897854 -26.140394 73.859606
245 79.676151 -20.323849 50.723246
11205 86.267584 -13.732416 55.558204
369 56.419113 38.394148 61.605852
4993 63.035925 -5.673727 5.673727
18669 57.284170 -24.644042 75.355958
18997 57.565377 -25.093867 74.906133
5942 88.556192 11.443808 52.126434
143 89.056392 10.943608 50.349675
10495 88.631377 11.368623 46.976003
17391 40.232468 -13.269221 13.269221
18419 36.884331 -7.303010 92.696990
4559 37.445925 -6.614432 93.385568
14661 29.223761 -11.446605 88.553395
14687 93.750000 -6.250000 6.250000
5102 93.055556 -6.944444 6.944444
14688 92.872251 -6.445998 6.445998
6125 65.892069 -12.490432 12.490432
6392 26.805836 -23.667601 23.667601
6390 25.897178 -23.419490 23.419490
1379 51.862617 -30.971461 30.971461
15532 86.196242 -3.514451 3.514451
15278 33.165567 33.165567 45.824235
9966 34.078931 34.078931 45.683611
2065 37.442077 -24.439710 75.560290
7620 83.702154 -2.188798 2.188798
10424 83.332982 -2.203292 2.203292
8535 83.640082 -2.031083 2.031083
6431 85.034442 -12.701674 87.298326
2880 85.626163 -12.355333 87.644667
5601 17.896783 17.896783 73.413293
1638 73.431689 -0.876388 99.123612
23361 73.233211 -0.681779 99.318221
2997 25.213394 -19.275159 19.275159
5973 24.914226 -20.024837 20.024837
16460 75.238213 -22.254561 77.745439
16459 75.643808 -21.765260 78.234740
12087 39.376908 -23.371351 76.628649
15979 39.397716 -23.638777 76.361223
6998 80.970085 -16.185396 83.814604
13240 81.189738 -16.174190 83.825810
8143 22.973035 -4.232173 4.232173
5425 24.237850 -3.366430 3.366430
8002 42.666677 -37.446951 37.446951
11192 43.230112 -37.561409 37.561409
9899 38.618961 -20.643420 79.356580
10057 73.650064 -10.676563 89.323437
58 61.281112 -29.740256 29.740256
12621 60.585530 -29.834043 29.834043
10986 45.046984 -8.148100 91.851900
13959 44.867251 -8.876182 91.123818
16693 78.050385 -17.250924 82.749076
23013 78.241276 -17.154662 82.845338
23012 78.274347 -17.059986 82.940014
3233 43.690580 19.305554 80.694446
6591 46.230794 23.282688 76.717312
4793 31.256616 -15.896583 84.103417
12346 31.222717 -16.688415 83.311585
2828 93.444341 -6.555659 20.064852
18239 93.587431 -6.412569 16.977480
12595 68.189882 -17.011922 82.988078
13373 31.839923 31.839923 37.095477
19076 30.752023 30.752023 36.848087
11492 38.743365 -31.422924 31.422924
9591 51.959406 -44.521395 55.478605
8876 51.466793 -44.023861 55.976139
8875 51.157834 -45.005270 54.994730
4695 37.045700 -12.769442 12.769442
4097 37.750926 -12.817616 12.817616
2496 33.551083 -18.609407 18.609407
2497 34.346434 -18.178025 18.178025
16787 48.289008 -37.242268 62.757732
12128 48.820765 -36.958384 63.041616
2201 48.380098 -36.611593 63.388407
3586 85.554000 14.446000 81.617835
18167 34.225796 -20.413104 79.586896
5072 88.393707 -5.187184 94.812816
16385 44.489222 16.955535 16.955535
18172 44.982458 16.256482 16.256482
6135 51.626819 -28.103912 28.103912
11235 27.841030 -23.049608 76.950392
13660 37.655786 -21.046619 78.953381
14976 4.416334 4.416334 66.773452
10592 5.109689 5.109689 67.977660
3623 85.342433 -2.626645 2.626645
9867 80.560475 -14.386801 14.386801
9868 81.293556 -13.970725 13.970725
8970 54.153838 -28.153148 71.846852
5455 37.868403 -26.371747 73.628253
11682 27.414168 27.414168 39.337618
4677 27.279782 27.279782 38.276524
23206 26.930755 26.930755 38.812839
23207 26.993920 26.993920 39.427515
9018 9.287377 7.201781 7.201781
216 69.054849 -7.828251 92.171749
15686 22.514818 22.514818 64.103335
16423 26.937900 26.937900 49.333984
17253 76.745417 23.254583 52.169372
8017 63.920495 -25.861276 25.861276
15081 38.154556 -29.260795 29.260795
17394 70.742800 -29.257200 40.700931
15334 70.584525 -29.415475 42.246152
18992 79.576806 -14.952920 85.047080
18166 79.444767 -14.775249 85.224751
16339 43.277208 -35.811103 64.188897
15013 61.810728 -38.189272 54.420368
864 17.097966 17.097966 40.607810
611 61.936290 -33.235062 66.764938
1228 76.114388 -11.258306 88.741694
3877 55.029430 25.187878 25.187878
16446 57.539160 27.092021 27.092021
7992 48.516377 -31.938700 31.938700
11842 53.194590 -10.742121 10.742121
14914 53.943190 -11.177582 11.177582
14093 32.862362 -8.641746 91.358254
8128 39.670646 -13.153556 86.846444
902 39.845913 -12.545807 87.454193
14182 38.968634 -12.881126 87.118874
10511 90.031449 9.968551 54.213714
9060 58.077751 -28.468227 71.531773
4459 58.542882 -28.290356 71.709644
9337 79.811518 -4.809713 95.190287
16109 38.308216 -23.179612 76.820388
7175 66.765971 -14.265836 85.734164
8998 66.229428 -14.182752 85.817248
16796 29.808254 29.808254 58.261133
23043 29.231517 29.231517 58.530278
16997 28.644231 28.644231 58.967488
23044 28.964506 28.964506 58.229781
7748 21.456976 -17.525188 17.525188
11585 41.690843 -8.033772 8.033772
7680 41.974750 -7.130475 7.130475
11627 23.062947 -9.442752 9.442752
16813 38.386289 -25.659954 74.340046
12743 37.381736 -25.107962 25.107962
8601 37.710610 -25.416821 25.416821
13690 61.308048 24.040405 24.040405
15062 35.350637 -25.327734 74.672266
10628 71.060469 -12.308141 87.691859
15043 38.909975 -25.450098 74.549902
288 97.349863 2.650137 90.963352
23362 62.855597 29.587808 70.412192
9173 64.939736 -0.854457 99.145543
5855 90.328236 9.671764 59.810657
4043 78.198425 21.801575 32.758826
10280 20.284935 -18.080247 18.080247
13488 82.831098 -3.276526 96.723474
14255 37.146591 -24.325918 24.325918
6546 57.032566 -20.721956 79.278044
10574 85.538018 14.461982 40.877334
3155 53.798248 -17.729821 17.729821
3156 53.725748 -16.947824 16.947824
1045 40.645006 40.645006 51.686184
2601 37.842863 -25.016291 25.016291
18321 91.387603 -8.612397 84.083571
17820 60.218100 -26.389320 26.389320
774 38.337423 -24.936410 24.936410
5143 37.412670 -23.881575 23.881575
11533 37.819922 -23.462545 23.462545
407 10.142658 10.142658 66.895053
13808 11.006356 11.006356 67.342414
1120 23.883661 -21.517794 78.482206
12612 52.777778 0.000000 0.000000
23596 61.312270 10.835002 10.835002
5873 97.694832 2.305168 84.665476
6144 87.892158 -12.107842 72.600608
1963 88.456110 -11.543890 74.293519
14004 61.574863 -28.386152 28.386152
6414 61.701870 -27.488518 27.488518
17951 49.420311 24.207889 24.207889
2 48.292119 22.008600 22.008600
1 47.613601 22.396917 22.396917
16054 81.308411 0.000000 100.000000
18503 27.595663 27.595663 47.132500
18620 50.955723 -28.116490 71.883510
15091 49.654204 -40.387869 59.612131
23257 49.788388 -39.847481 60.152519
17615 34.003066 -20.353812 20.353812
2495 34.332102 -19.077780 19.077780
17922 85.230726 -1.720225 1.720225
3337 85.248289 -1.653355 1.653355
13390 85.368291 -1.668783 1.668783
3446 58.725885 -25.202500 25.202500
3447 58.245368 -24.916295 24.916295
3099 58.862168 -24.616216 24.616216
7309 99.520643 -0.479357 42.443778
15370 83.483552 -0.197409 99.802591
8026 82.676919 -0.217733 99.782267
9473 46.729949 -19.524208 80.475792
1923 27.180399 27.180399 46.647596
14253 36.959267 -24.795874 24.795874
23545 83.082053 4.215941 95.784059
12198 38.338427 -23.612065 23.612065
3902 46.685793 -37.315792 37.315792
6841 48.957192 -30.098367 30.098367
12046 77.716096 -21.363315 78.636685
16049 61.445836 -15.229385 84.770615
16051 61.022260 -15.108765 84.891235
17788 98.828005 1.171995 45.279661
18386 58.128604 -18.973938 81.026062
12618 85.614788 -11.821948 88.178052
2345 39.713079 -33.049850 33.049850
12529 40.101122 -32.932793 32.932793
12528 40.099933 -33.389159 33.389159
16696 40.474319 -32.794697 32.794697
7617 4.787519 4.787519 32.748982
12759 3.902921 -3.902921 17.286440
10549 76.850210 -3.341240 3.341240
10551 76.504192 -2.909613 2.909613
15053 77.339897 -2.883402 2.883402
4393 76.776599 -15.888076 84.111924
7821 74.526756 13.311419 86.688581
10547 56.469442 -40.870841 59.129159
3454 85.394577 14.605423 30.279082
11090 27.998161 27.998161 51.314107
16518 26.779706 26.779706 47.206401
15261 67.648176 -19.361374 19.361374
14680 67.962353 -18.609149 18.609149
17041 95.940341 4.059659 52.647301
3695 42.800001 -38.466600 61.533400
9401 79.526243 -20.473757 48.679979
9402 79.209697 -20.790303 48.825863
16034 76.032974 -6.400969 93.599031
4916 78.182948 -21.817052 76.400486
10893 90.259740 -9.740260 90.259740
6468 89.610390 -10.389610 89.610390
825 84.348279 -12.217042 87.782958
824 84.937992 -12.024762 87.975238
1462 84.259259 0.000000 0.000000
18444 57.989125 32.785129 67.214871
3905 53.737759 27.574077 72.425923
7506 75.078498 -5.028881 94.971119
9541 71.075206 -22.609338 77.390662
3048 58.000000 42.000000 58.000000
9953 70.290141 -29.709859 40.035007
382 56.889356 -32.098140 32.098140
380 57.358519 -31.302307 31.302307
381 57.571264 -32.053439 32.053439
1533 74.514521 -25.485479 59.253325
639 74.035902 -25.964098 60.447887
4756 22.105263 -22.105263 77.894737
2372 33.135204 -27.202042 27.202042
7346 42.431317 14.872526 14.872526
14477 89.323474 -10.676526 16.702045
12180 17.927702 17.927702 80.503495
12181 17.245902 17.245902 80.223013
12182 16.683527 16.683527 81.943003
9224 78.736684 21.263316 30.443139
14584 26.634632 -16.142182 16.142182
14705 64.601366 -33.191918 33.191918
12052 64.032494 -32.924606 32.924606
1572 34.081969 -30.795269 69.204731
16101 59.092219 -17.706508 82.293492
10211 58.776012 -17.510662 82.489338
12516 53.939423 40.682698 40.682698
5974 37.422505 -23.155650 76.844350
17521 50.955255 -3.865660 96.134340
12329 50.007954 -3.623356 96.376644
9152 93.663012 -6.336988 88.641817
9154 93.380304 -6.619696 85.721538
9651 94.139620 -5.860380 86.174676
10894 90.259408 -9.740592 63.845869
4887 90.271735 -9.728265 60.749784
15993 72.642464 -12.650711 87.349289
14566 34.555837 34.555837 56.855958
503 70.058074 -11.441526 88.558474
504 70.455516 -10.920346 89.079654
502 69.662867 -11.134353 88.865647
14896 83.346151 -16.010444 16.010444
75 49.794591 -37.499660 62.500340
6939 49.243998 -38.089583 61.910417
8584 92.685165 -2.467030 97.532970
15145 15.090225 15.090225 70.407130
14754 68.425207 -31.574793 39.424958
7730 67.744374 -32.255626 39.545819
3548 53.727861 -40.988656 59.011344
1296 54.384583 -41.013978 58.986022
11460 54.287263 -40.164638 59.835362
2690 83.920288 -1.085074 98.914926
2578 83.739933 -1.083808 98.916192
23297 83.761715 -1.112218 98.887782
17318 35.340503 35.340503 39.620557
10358 90.884920 -9.115080 85.455673
11241 91.003241 -8.996759 82.627879
7159 80.124183 -19.875817 52.301191
15114 78.693855 -19.887996 80.112004
10272 59.691891 -22.281166 77.718834
4760 60.154068 -21.834230 78.165770
16351 64.203579 -6.868331 93.131669
6305 73.649491 -21.081136 78.918864
3612 73.099670 -21.326399 78.673601
11118 9.380673 9.380673 62.383049
7875 34.622500 -33.476160 33.476160
2944 35.211604 -33.626062 33.626062
10215 54.504825 -23.258339 76.741661
16883 11.650191 11.650191 83.341798
14151 10.265599 10.265599 86.620259
3652 11.228243 11.228243 86.433590
6906 66.258892 -21.492515 21.492515
17162 66.009698 -21.031315 21.031315
15344 51.704799 -15.369149 84.630851
12753 45.128632 -16.235183 83.764817
6650 45.425540 -16.710808 83.289192
1148 45.803097 -16.205238 83.794762
11916 38.696016 -32.130140 32.130140
7203 55.747954 -22.813854 22.813854
14207 56.192825 -23.252473 23.252473
11546 55.489921 -23.479564 23.479564
4052 70.208046 -4.868309 95.131691
4051 69.449562 -5.168646 94.831354
2096 70.157160 -5.373504 94.626496
1761 47.490893 -10.158577 89.841423
2431 46.823055 -9.908868 90.091132
15944 31.330131 -19.032280 80.967720
14398 30.670308 -19.388813 80.611187
632 54.703823 -22.319194 77.680806
1137 38.211922 -25.940646 74.059354
18102 50.000354 -48.276046 51.723954
10785 31.701481 -20.859214 20.859214
18484 46.003709 -17.477951 82.522049
17709 45.922337 -17.919166 82.080834
1897 85.109595 -8.923251 91.076749
16612 60.555556 39.444444 39.444444
12006 36.486356 10.646227 89.353773
14843 34.157141 7.493307 92.506693
7817 31.764223 4.144576 95.855424
13152 7.648984 7.648984 68.747774
4690 51.381372 -12.303207 12.303207
7096 98.988642 -1.011358 43.497562
3574 99.203180 -0.796820 40.180372
5802 49.801052 -43.383647 43.383647
7306 64.602593 -20.921539 79.078461
19373 27.422524 27.422524 44.923724
17400 27.495642 27.495642 44.672877
2527 34.217233 -3.015914 96.984086
2424 81.069112 -14.643420 14.643420
2425 80.769741 -15.375548 15.375548
2240 80.172796 -15.026713 15.026713
7418 92.471533 7.528467 50.653601
10137 10.000000 -10.000000 10.000000
23721 10.797298 -10.797298 56.179790
12626 28.606471 28.606471 57.920544
3403 70.313585 -29.686415 31.039229
7213 43.525735 -1.623116 98.376884
14689 20.326989 20.326989 30.864366
17745 28.504091 -6.118798 6.118798
18844 32.321084 32.321084 64.234544
19244 25.306880 25.306880 41.620506
18141 25.905275 25.905275 41.747381
8749 67.751502 -18.292327 81.707673
18517 67.291471 -18.734821 81.265179
16649 67.805390 -18.676150 81.323850
1257 80.585554 19.414446 35.647483
12752 45.550476 -15.711642 84.288358
18316 45.271065 -15.186097 84.813903
5115 49.878098 -16.311511 83.688489
16767 49.197420 -16.378332 83.621668
13872 49.310706 -16.830443 83.169557
8126 48.404736 -19.266474 19.266474
6790 95.845375 -2.884447 97.115553
17418 56.893626 32.872522 32.872522
11946 89.506357 -6.234251 93.765749
18307 90.386045 -5.698898 94.301102
11557 80.058189 -16.383587 83.616413
17450 54.212804 42.242261 57.757739
4845 49.601351 -21.836807 78.163193
4574 49.173557 -22.170494 77.829506
4566 86.163163 -0.680742 0.680742
4783 34.789152 -31.960989 31.960989
4274 35.185119 -32.406900 32.406900
12932 69.837790 -15.347350 84.652650
16193 43.572457 -13.697603 13.697603
15163 50.477788 18.117283 18.117283
18873 53.951189 22.609007 22.609007
11456 85.851504 -10.017721 10.017721
1487 69.517896 -3.025930 96.974070
15141 70.543096 -2.950116 97.049884
6039 88.589102 11.410898 80.240735
10607 88.143135 11.856865 76.493379
1523 79.449183 -20.550817 45.568521
12204 31.735859 7.713754 92.286246
4882 75.114432 -0.959137 0.959137
7222 43.391721 -14.494717 14.494717
4185 74.198860 -13.866974 86.133026
4184 73.556954 -13.938180 86.061820
203 73.674375 -14.266038 85.733962
8600 37.575822 -25.706969 25.706969
16220 43.870236 -37.130222 62.869778
4959 36.237167 34.853514 34.853514
7565 61.441269 -25.094376 74.905624
7566 61.722418 -25.246095 74.753905
11203 87.500000 12.500000 87.500000
5854 90.011808 9.988192 65.294550
8335 76.212573 -23.787427 31.811377
1989 76.488352 -23.511648 32.855842
7134 37.178840 -30.190933 30.190933
23006 37.246063 -30.276506 30.276506
23877 37.186939 -30.268149 30.268149
5408 36.111111 0.000000 0.000000
4407 37.696596 2.510805 2.510805
17439 42.524432 -14.709919 14.709919
18219 41.399693 -23.454591 23.454591
9272 41.674852 -23.834669 23.834669
15690 41.196382 -23.929687 23.929687
14695 70.438074 -29.561926 64.624798
14694 70.150906 -29.849094 65.846688
18805 69.695211 -30.304789 64.794477
408 9.299560 9.299560 69.660817
16635 23.799015 -10.496568 89.503432
7893 56.794997 -30.926372 30.926372
11523 47.363209 -15.350768 84.649232
13083 45.023921 -23.164732 76.835268
13085 45.380672 -23.435006 76.564994
410 45.455807 -22.967223 77.032777
4998 38.177513 -31.029494 68.970506
15824 37.643435 -1.855535 98.144465
1595 35.484911 -27.200977 27.200977
662 35.346882 -27.017299 27.017299
18609 95.162364 4.837636 72.748112
9159 94.566522 5.433478 70.461089
11231 76.741657 -22.548254 22.548254
9554 51.400921 -9.406446 9.406446
17010 86.817445 13.182555 84.493424
5530 76.322743 -7.437210 7.437210
4389 77.145626 -7.048559 7.048559
17993 70.468294 -7.232515 92.767485
16440 39.554641 29.133974 29.133974
10884 40.528904 29.200325 29.200325
16088 52.500000 47.500000 52.500000
10069 63.634489 -36.365511 62.027424
13213 50.883983 32.762291 32.762291
9920 49.866286 30.539747 30.539747
6395 65.471082 -29.588694 29.588694
6394 66.322673 -28.992343 28.992343
1857 70.708632 29.291368 51.722361
13724 35.634917 -23.739469 23.739469
1833 22.739513 -8.838158 91.161842
7132 37.211823 -30.060050 30.060050
23007 37.223843 -30.000096 30.000096
19017 35.672569 -24.295707 24.295707
18719 84.088436 -0.899241 99.100759
2456 47.357682 -22.102828 22.102828
10105 56.493383 -43.506617 54.933403
4776 29.234046 29.234046 47.507847
17329 2.588253 -2.588253 32.847090
17330 2.644497 -2.644497 43.017049
6009 74.214747 25.785253 43.720710
15056 72.672806 -6.204630 6.204630
9515 40.378872 37.425473 37.425473
9513 39.168145 36.233374 36.233374
9514 39.781376 38.253367 38.253367
8235 41.052632 -41.052632 41.052632
19225 41.461873 -40.737279 40.737279
15876 41.578947 -41.578947 41.578947
9446 4.210526 -4.210526 4.210526
23643 4.869456 -2.350441 2.350441
23648 5.350173 -2.082296 2.082296
9134 52.185098 -36.667919 36.667919
9135 52.684777 -36.686873 36.686873
2926 49.642147 45.623611 54.376389
11776 50.903142 46.838584 53.161416
5167 49.575202 46.349208 53.650792
12132 76.092581 -18.078525 81.921475
17502 7.476636 0.000000 100.000000
3963 92.471472 7.528528 57.615818
9002 27.687448 -22.373581 77.626419
11236 27.142327 -22.856881 77.143119
3075 37.056286 -24.992676 75.007324
4054 37.192153 -25.133346 74.866654
3890 25.958067 25.958067 60.350845
12884 37.621105 -30.666459 69.333541
5511 25.582296 -9.156937 90.843063
11552 69.444444 -30.555556 30.555556
14778 80.623264 -9.701060 9.701060
13365 80.636444 -10.237962 10.237962
14242 79.897309 -10.262646 10.262646
5704 16.741007 16.741007 42.040140
16096 33.610611 -26.673167 26.673167
7478 74.022385 -11.921023 88.078977
16901 52.572817 39.285592 39.285592
16509 52.976556 38.574694 38.574694
8742 51.372096 37.619990 37.619990
16952 26.640296 26.640296 51.503678
14445 41.024554 -26.934290 73.065710
501 40.614889 -26.977503 73.022497
3984 39.566881 22.071100 22.071100
14724 50.041807 35.663483 64.336517
12977 51.262181 38.209753 61.790247
14723 49.260262 36.327215 63.672785
13505 56.761301 -11.309555 88.690445
5197 56.053235 -11.520352 88.479648
2989 82.306332 -1.765044 98.234956
15078 82.727336 -1.759822 98.240178
2109 82.669635 -1.651020 98.348980
18791 34.358560 -31.054700 31.054700
7554 39.907713 -34.086948 34.086948
15240 39.681536 -33.584999 33.584999
7552 40.163874 -33.853081 33.853081
1622 43.878699 -4.242979 4.242979
18770 57.231449 -33.255939 33.255939
13983 53.640650 -38.167342 38.167342
6898 54.261809 -38.127567 38.127567
2611 63.275694 -15.323815 84.676185
16725 41.589353 24.413059 75.586941
17369 43.791508 27.604060 72.395940
11322 42.011679 26.894736 73.105264
18928 27.072361 27.072361 53.023574
3660 26.934173 26.934173 52.644257
16980 44.559060 -23.824338 76.175662
6346 13.551261 -11.130962 88.869038
12917 12.105263 -12.105263 87.894737
8529 12.631579 -12.631579 87.368421
14281 68.212198 -2.466893 97.533107
3614 73.274725 -21.587790 78.412210
3613 72.743602 -21.822463 78.177537
16291 47.052641 -31.585228 31.585228
8616 36.032961 -24.433086 75.566914
17684 36.258135 -24.313782 75.686218
217 69.576158 -7.318578 92.681422
7482 39.895621 -21.610147 21.610147
4737 40.603645 -22.053562 22.053562
4733 67.282097 -23.102882 23.102882
4732 67.710762 -22.062093 22.062093
4785 83.636589 16.363411 65.278081
4496 83.316959 16.683041 69.242899
13771 38.516654 -31.699381 31.699381
7534 38.120723 -31.573332 31.573332
4284 20.549401 20.549401 68.783669
2249 84.589252 -1.302608 1.302608
11145 84.173671 -1.244322 1.244322
7999 35.787382 -26.804181 73.195819
11753 35.387577 -26.984426 73.015574
6562 39.061672 -4.944071 4.944071
13226 57.802026 -40.475799 40.475799
17491 16.027277 16.027277 22.581308
14766 83.829916 -0.740078 99.259922
8589 83.810115 -0.643437 99.356563
6632 83.526824 -0.741237 99.258763
18445 72.926022 -27.073978 47.863890
12895 73.418201 -26.581799 46.723063
6250 87.589212 -12.410788 20.201237
6209 30.366990 14.525982 14.525982
10938 66.918597 -24.013376 24.013376
10937 66.326346 -23.534153 23.534153
3339 48.020249 -28.339880 71.660120
16204 47.948684 -28.763953 71.236047
16130 48.365481 -28.519210 71.480790
12086 39.650211 -23.189708 76.810292
2405 79.439252 0.000000 100.000000
5458 42.641667 -25.479640 74.520360
11338 43.066568 -25.289894 74.710106
17022 0.000000 0.000000 72.727273
1141 65.565492 -1.638946 98.361054
10017 25.886770 -8.840684 8.840684
18966 44.061627 -37.698170 62.301830
1980 29.617121 29.617121 53.989837
3054 25.544710 25.544710 46.372536
13859 98.162000 -1.838000 47.701477
3526 49.029911 -28.093032 28.093032
8117 48.613934 -27.542055 27.542055
18621 29.194895 29.194895 49.004162
8013 41.918431 -25.008228 25.008228
14043 41.316516 -24.944573 24.944573
13028 55.370392 -4.278005 95.721995
4883 54.575637 -3.933943 96.066057
2522 39.041754 -24.389036 24.389036
776 38.864775 -24.864626 24.864626
11096 27.674922 -23.865097 23.865097
1461 91.111111 8.888889 8.888889
15625 27.661098 27.661098 55.268443
11016 77.387927 -5.088398 94.911602
2980 58.116990 -41.883010 43.555478
2981 58.333333 -41.666667 41.666667
2979 58.698536 -41.301464 42.659021
1346 49.307197 -1.694085 98.305915
12622 60.442079 -29.304230 29.304230
17308 42.709875 -27.286475 72.713525
9441 32.375696 32.375696 63.198726
23722 13.157894 -13.157894 49.478617
14042 45.486980 -23.862915 76.137085
17057 45.053778 -23.843015 76.156985
17055 45.203213 -24.139280 75.860720
3658 47.952747 -13.476299 86.523701
1454 47.306388 -13.781037 86.218963
9037 59.092802 -29.517699 70.482301
2400 63.401789 -36.598211 41.426163
2572 63.692359 -36.307641 42.911045
14944 94.804002 -5.195998 85.546862
14410 36.398301 -29.890895 29.890895
3822 71.123741 -19.136515 80.863485
6221 88.575931 -11.424069 23.488798
4034 87.909289 -12.090711 23.524348
908 38.914912 -35.005261 64.994739
5190 45.754161 -22.471769 22.471769
10479 42.009565 -26.439567 26.439567
3011 44.329226 -26.872327 73.127673
12602 79.671785 -3.115052 3.115052
10374 80.259210 -2.573561 2.573561
2007 81.494747 -14.601808 85.398192
12530 69.257101 -11.664728 88.335272
10597 92.751989 7.248011 19.682345
14299 51.207025 -16.078688 16.078688
102 62.384563 -37.615437 54.354611
16557 69.123612 -21.006873 78.993127
3840 48.052453 -18.094036 18.094036
18323 69.979517 -30.020483 42.912698
12312 69.373921 -30.626079 43.426697
4711 87.062594 -12.937406 43.694918
13010 86.126739 -13.873261 45.059079
13018 85.701707 -14.298293 44.710322
18232 63.273809 -24.136683 75.863317
10765 98.401278 1.598722 60.519612
12194 53.133947 29.803744 29.803744
18077 64.814815 0.000000 0.000000
7741 24.401322 24.401322 58.100687
7743 25.087715 25.087715 57.054143
13008 28.649843 28.649843 53.703822
13007 28.717215 28.717215 53.166471
1521 81.196135 -16.901303 83.098697
12378 61.909707 -19.790443 80.209557
6838 23.234020 23.234020 75.615611
16105 47.923546 -16.815365 16.815365
4358 59.276085 -40.723915 42.592957
12962 59.957057 -40.042943 42.729002
12755 53.870597 -29.617813 70.382187
11603 53.953937 -29.142327 70.857673
9031 39.283018 -10.911831 89.088169
18729 40.066517 -11.040560 88.959440
5847 39.887000 -10.351447 89.648553
10536 63.825701 -15.441203 15.441203
12080 64.659273 -15.116918 15.116918
5799 55.535267 -15.715648 84.284352
18921 66.015558 -29.655767 70.344233
13903 98.237274 -1.762726 66.448150
7592 97.629767 -2.370233 64.669183
8412 60.973649 -12.549757 87.450243
4658 61.581086 -12.268369 87.731631
10572 76.111111 23.888889 23.888889
10005 76.351413 23.648587 26.838803
6085 22.631579 -22.631579 77.368421
6697 80.553237 19.446763 55.491501
9912 85.870176 -14.129824 79.690368
15148 32.632448 32.632448 53.509615
10949 32.919219 32.919219 54.512751
12049 71.655177 -20.517170 79.482830
6613 22.310212 22.310212 24.846983
6614 21.426987 21.426987 24.235537
2912 50.476581 -7.819228 7.819228
10403 70.493825 -16.320854 83.679146
16133 70.935617 -15.947886 84.052114
647 57.500000 42.500000 57.500000
14610 60.137576 -20.360191 20.360191
14332 60.597869 -19.833933 19.833933
15225 50.603294 -20.559474 79.440526
5539 72.438926 -13.137971 86.862029
4584 37.165289 37.165289 54.693713
17675 37.357940 37.357940 55.491258
4585 38.337768 38.337768 54.364122
4979 40.765903 -23.408703 76.591297
19120 40.548259 -23.516592 76.483408
15203 40.763668 -23.617666 76.382334
15082 44.522777 -12.122617 12.122617
18049 36.513171 -25.163254 74.836746
6420 98.108547 1.891453 56.556045
23723 18.411425 -18.411425 49.068431
5270 17.894737 -17.894737 82.105263
23789 18.100268 -18.100268 43.135364
17260 73.354661 26.645339 56.002989
13935 53.028249 -28.943546 71.056454
18201 36.592133 -23.835571 76.164429
14106 36.321752 -29.739869 29.739869
13649 97.258082 -2.741918 13.562234
2296 64.569396 -29.934885 29.934885
1012 49.104072 -14.880125 85.119875
10317 48.747021 -15.515226 84.484774
13605 40.236390 -21.608039 78.391961
5619 16.158585 -2.253231 97.746769
15160 16.822430 0.000000 100.000000
4643 85.546127 -1.478815 1.478815
10406 57.611192 -41.100669 58.899331
16066 86.881281 13.118719 51.818149
8688 86.485819 13.514181 49.805723
18670 86.522044 13.477956 53.603281
2339 70.663397 -8.489597 91.510403
15699 25.044268 25.044268 29.370052
12794 25.461691 25.461691 28.126464
13301 24.231465 24.231465 27.418900
18298 40.798600 -28.737903 28.737903
19118 53.280204 -32.092914 32.092914
16289 53.950995 -31.916168 31.916168
10576 82.542006 -10.555544 89.444456
19164 59.926875 -31.388940 68.611060
16665 45.724387 -31.335069 31.335069
5630 45.860617 -30.785154 30.785154
6409 46.208700 -31.223916 31.223916
2597 8.316154 8.316154 61.922136
6081 54.034813 -5.389443 94.610557
7375 60.464925 -3.200070 96.799930
1011 48.409864 -14.976799 85.023201
2915 90.292770 9.707230 71.022545
18199 61.159257 -27.213166 72.786834
14394 62.792154 37.207846 42.174638
12620 79.845365 -16.068735 83.931265
16163 74.723168 -20.626484 79.373516
6303 74.200042 -20.843927 79.156073
494 39.632603 -7.823841 92.176159
9497 39.033129 -8.337619 91.662381
3101 78.621485 -2.724143 97.275857
8698 43.368534 -8.976210 91.023790
16492 83.742324 -1.258290 98.741710
18163 25.609756 25.609756 74.390244
17407 32.527174 -29.719544 70.280456
3794 78.135398 -17.034625 82.965375
9001 55.903565 -8.204118 8.204118
8388 69.108570 -23.799283 23.799283
18144 28.438335 28.438335 52.617913
18515 28.642144 28.642144 52.602778
4992 63.979813 -5.398070 5.398070
16524 73.506807 -11.843664 88.156336
11678 94.183939 -1.899317 1.899317
13911 55.447381 -40.262652 59.737348
10345 54.912104 -40.189334 59.810666
4701 76.472852 -22.663782 77.336218
4522 76.496756 -22.135654 77.864346
9703 91.886228 8.113772 27.492691
3471 77.855852 -13.560151 86.439849
3472 77.246531 -13.816249 86.183751
9315 38.891583 -32.638560 32.638560
3785 35.332574 -30.562740 30.562740
7510 29.659424 29.659424 41.019432
10599 60.540142 -4.241105 4.241105
14899 59.772309 -3.804793 3.804793
18465 38.583965 37.092827 37.092827
16520 71.059403 -28.940597 67.371631
14693 70.737984 -29.262016 65.973997
6961 20.469045 -16.501103 83.498897
7816 45.858731 15.848806 15.848806
18511 42.211307 -36.431084 36.431084
5941 88.909185 11.090815 55.535680
4898 83.248596 -16.751404 34.856481
15149 31.987141 31.987141 52.903345
6061 31.265872 31.265872 53.219332
15150 31.733461 31.733461 53.794246
4981 2.091558 2.091558 71.984340
4982 1.822675 1.822675 65.011894
16067 86.881859 13.118141 47.035907
17428 86.864756 13.135244 42.003898
8689 86.447033 13.552967 45.016100
9641 80.055502 -19.944498 27.464312
9640 79.870442 -20.129558 26.429063
3507 79.816917 -17.739813 82.260187
15477 44.197853 -43.702415 43.702415
13410 39.036204 -21.746121 78.253879
22956 31.274352 -27.038423 27.038423
14947 36.515901 -35.376148 64.623852
15392 36.658725 -34.520142 65.479858
2015 0.000000 0.000000 45.454545
14424 48.004757 -4.729295 4.729295
13197 97.777778 2.222222 2.222222
13196 98.569005 1.430995 7.304545
17116 98.333333 1.666667 1.666667
7103 51.063605 -9.835092 90.164908
11743 65.256311 -34.743689 55.001088
11745 64.735608 -35.264392 56.522919
12061 58.239175 -24.168394 75.831606
5797 58.502181 -8.702606 91.297394
5795 59.131232 -8.185906 91.814094
8039 31.425901 2.857044 2.857044
5716 22.152475 -12.986906 87.013094
17937 21.836895 -13.966714 86.033286
9084 88.122408 -11.877592 39.609230
12751 87.573059 -12.426941 41.746115
11823 74.616081 -13.750476 13.750476
11822 73.913881 -14.096739 14.096739
9216 22.868337 -12.045976 12.045976
10957 21.294307 -12.799932 12.799932
13589 48.817575 -23.002557 76.997443
1076 49.313501 -23.087736 76.912264
11085 59.027778 -40.972222 40.972222
4308 44.523081 -27.965901 72.034099
1876 66.142912 33.857088 49.437413
23050 78.998755 -16.278712 83.721288
23046 79.043264 -16.183682 83.816318
12719 88.864031 -8.070948 91.929052
2728 59.888306 -18.126173 81.873827
2730 59.312756 -18.407010 81.592990
14243 53.946722 -28.166606 28.166606
14244 53.559839 -27.727819 27.727819
7633 47.067489 -16.959686 16.959686
16104 47.586044 -17.548674 17.548674
12543 42.857143 42.857143 42.857143
16281 95.555556 4.444444 4.444444
7603 44.689920 -42.744947 42.744947
14187 48.568559 -34.516491 65.483509
17264 48.125008 -35.051831 64.948169
16502 89.152144 -10.847856 74.697651
7942 36.537940 -28.148984 28.148984
11974 51.541223 -21.497973 78.502027
14525 51.382964 -22.016131 77.983869
3936 52.101858 13.323389 13.323389
638 73.961969 -26.038031 58.761595
3270 81.304442 -18.695558 33.195014
11528 56.694863 -18.478059 18.478059
14798 77.712450 -19.129019 80.870981
14796 77.062972 -19.478237 80.521763
14797 77.405614 -19.694735 80.305265
145 47.842790 -28.217229 28.217229
8118 48.007676 -27.690657 27.690657
17046 74.267023 -9.736872 9.736872
3262 79.241014 20.758986 65.232363
23208 26.760900 26.760900 40.258576
11565 77.952669 -19.542337 80.457663
11304 21.693368 -14.703638 14.703638
10955 22.185036 -13.449209 13.449209
16401 23.126035 -14.085833 14.085833
8723 40.894106 -33.148565 33.148565
18475 30.389005 -15.427967 15.427967
14149 97.029074 -2.970926 32.539384
11837 42.835451 -29.186925 70.813075
1976 70.205699 -21.439019 78.560981
13452 12.916307 -3.497993 3.497993
15514 13.987940 -3.283654 3.283654
16914 53.761701 -38.137730 61.862270
11996 80.434238 -16.437855 83.562145
16455 80.189188 -16.466939 83.533061
77 49.776892 -36.928367 63.071633
6940 49.277596 -37.301831 62.698169
3823 70.870223 -19.605693 80.394307
7754 38.690354 -27.515166 27.515166
10878 66.834717 -33.165283 42.053616
580 67.359317 -32.640683 41.971129
16922 67.072498 -32.927502 43.098186
553 93.876763 -6.123237 52.636870
5237 79.355424 -1.987705 98.012295
7778 78.973177 -2.330165 97.669835
3063 61.438605 -24.749450 75.250550
3064 61.009036 -24.743158 75.256842
8232 36.360601 -28.329791 71.670209
5791 87.472713 -7.035012 7.035012
4568 86.958615 -7.731536 7.731536
9568 62.851233 -20.894765 79.105235
9644 48.947299 -38.434260 38.434260
15875 49.345354 -38.114650 38.114650
9642 49.398104 -38.787417 38.787417
8098 41.963059 -23.426554 23.426554
4552 74.270305 -18.277097 18.277097
9516 74.339676 -17.551840 17.551840
10220 82.530966 -1.016982 98.983018
10221 82.257249 -1.095338 98.904662
5225 57.745021 -39.726088 39.726088
12747 37.227980 -29.379701 29.379701
11252 37.309955 -29.281645 29.281645
11251 37.395208 -29.411410 29.411410
12241 59.265916 -22.648768 77.351232
18474 3.559728 3.559728 59.032654
5314 4.116119 4.116119 55.705340
4703 41.728919 -15.053188 84.946812
19233 51.002885 -35.587739 35.587739
10887 51.372472 -34.796364 34.796364
9645 34.709901 -26.485134 26.485134
1686 44.878037 -11.790565 88.209435
14053 81.001108 -2.051909 2.051909
3952 36.031924 -22.216624 77.783376
13493 52.178343 -39.956827 39.956827
13492 52.342033 -40.632660 40.632660
14096 51.847803 -40.785191 40.785191
7126 57.585391 37.165032 37.165032
13239 68.128759 -31.283619 68.716381
8060 68.831169 -31.168831 68.831169
3549 39.369468 19.004690 19.004690
6706 63.500229 -18.320265 81.679735
17702 63.068231 -18.263234 81.736766
18297 63.081553 -18.748371 81.251629
17897 27.438609 -15.439942 15.439942
17197 75.302318 -22.907134 77.092866
16803 31.843836 9.870272 90.129728
17363 30.143981 8.099502 91.900498
9289 30.128153 6.162667 93.837333
13767 51.912851 -7.329506 7.329506
10182 27.741256 -19.363440 19.363440
1715 88.949775 -1.596519 98.403481
18851 88.116702 -2.044509 97.955491
9637 28.424020 28.424020 44.680127
19112 28.462075 28.462075 44.883873
18872 28.574501 28.574501 44.754666
1529 74.827533 -8.100927 91.899073
15834 53.309622 -9.663437 90.336563
16129 49.487260 -26.630227 26.630227
10165 48.815758 -26.854702 26.854702
15402 48.986917 -26.147516 26.147516
14969 40.876363 -37.392874 62.607126
23171 38.506701 -26.093146 73.906854
23170 38.443972 -26.096192 73.903808
23181 38.386178 -26.100955 73.899045
14331 45.606043 -6.803222 6.803222
14909 78.606023 -15.028618 15.028618
1673 77.784085 -14.846003 14.846003
12110 78.769135 -14.207734 14.207734
18137 82.881540 -17.118460 48.781739
11478 29.761905 29.761905 29.761905
18598 39.115021 -31.318931 68.681069
11103 39.004104 -31.907367 68.092633
1005 54.708993 -44.214213 55.785787
12221 74.603476 -20.342938 79.657062
19150 93.950393 -6.049607 11.145640
4306 41.342989 -20.549960 79.450040
4305 40.910038 -20.886404 79.113596
8605 80.679163 -2.769116 97.230884
6732 15.734215 15.734215 29.557588
3179 64.266383 -20.371766 79.628234
6693 68.117798 -20.515992 79.484008
1959 67.881207 -20.241470 79.758530
4969 55.705391 44.294609 53.659600
18168 55.651740 44.348260 51.039971
534 69.419729 -18.527926 81.472074
23329 73.500000 26.500000 73.500000
15642 67.092484 16.353849 83.646151
23363 74.000000 26.000000 74.000000
15562 75.156778 -21.825955 78.174045
17599 74.401654 -22.179227 77.820773
17643 74.516543 -22.637535 77.362465
5122 47.824774 -15.015288 84.984712
10316 47.986610 -15.453539 84.546461
7632 46.574413 -16.355778 16.355778
19167 46.201535 -15.849664 15.849664
18533 85.665562 -9.851035 90.148965
9981 37.081742 -28.147196 28.147196
12422 44.966788 -27.103881 72.896119
6555 80.700477 19.299523 50.742546
6512 74.074074 0.000000 0.000000
3013 78.879188 -21.120812 28.055788
9639 79.466063 -20.533937 27.840105
18212 74.938595 -25.061405 37.022035
18440 90.714654 -3.398966 96.601034
14133 77.423334 -17.261135 82.738865
14942 77.062497 -17.564794 82.435206
13090 77.348475 -17.560136 82.439864
17651 45.078325 -25.292531 74.707469
19171 73.890658 -17.577726 82.422274
12503 73.835480 -17.996775 82.003225
12935 24.394429 -18.562057 81.437943
7890 55.721362 -42.157132 42.157132
13540 79.994253 20.005747 38.928141
12651 54.280684 -42.945147 42.945147
7206 12.484449 12.484449 83.506889
3654 12.237513 12.237513 85.864303
6569 43.217785 -23.671564 23.671564
7002 77.112939 -21.960229 78.039771
10882 53.719128 -8.416897 91.583103
8754 52.877282 -8.580292 91.419708
17555 53.459852 -8.994534 91.005466
17978 14.672358 -8.286188 8.286188
14454 70.084889 -16.990592 16.990592
9064 77.331391 -3.441711 96.558289
3100 78.312391 -3.160869 96.839131
3453 85.256881 14.743119 25.777216
3452 85.682177 14.317823 25.294296
5781 45.568246 -33.768403 66.231597
5782 46.107850 -33.527894 66.472106
18545 32.582967 32.582967 48.192343
8752 53.224839 -7.942080 92.057920
4744 54.696677 -11.545799 11.545799
9193 54.642017 -12.164269 12.164269
14913 53.965772 -11.944455 11.944455
16613 60.000000 40.000000 40.000000
16614 59.802881 40.197119 42.753888
4515 46.755149 -28.735322 28.735322
4457 58.833802 -27.758162 72.241838
16523 58.652614 -27.390219 72.609781
1790 30.492889 -27.715308 27.715308
5933 31.046205 -27.367601 27.367601
16303 82.122491 -16.619804 83.380196
17039 78.411887 -21.588113 64.450293
16103 39.699617 -23.766628 76.233372
11248 35.774435 -3.578063 96.421937
14 78.241588 -21.758412 51.176955
7243 44.235997 -23.165600 76.834400
16357 18.738246 18.738246 25.107052
13439 43.448490 -31.178538 31.178538
11138 43.971433 -31.533219 31.533219
17896 58.107641 -5.931752 94.068248
280 44.130685 -34.919514 65.080486
18778 44.512575 -35.412279 64.587721
18837 44.773041 -34.711302 65.288698
1751 39.699629 -3.608265 96.391735
5390 39.048962 -4.214185 95.785815
9377 36.064410 -29.404279 29.404279
6040 89.095882 10.904118 79.064014
23598 72.542211 11.750496 11.750496
23597 70.632470 8.378726 8.378726
5889 53.150237 -20.862731 79.137269
11283 53.486775 -20.322686 79.677314
13342 93.499113 -6.500887 80.167985
15612 93.768390 -6.231610 83.011472
15611 93.097334 -6.902666 82.734510
14152 87.823253 -3.512514 3.512514
14154 86.830613 -3.825990 3.825990
1528 47.222222 0.000000 0.000000
7900 19.871025 17.769207 17.769207
11025 78.400773 -21.599227 22.654441
426 71.509716 -15.502744 84.497256
10144 90.251248 -9.748752 67.114590
11893 89.662603 -10.337397 66.030369
3268 68.918012 -10.947815 10.947815
8145 68.180340 -11.450383 11.450383
23009 37.155162 -30.091647 30.091647
22909 37.130347 -30.027409 30.027409
9511 40.916792 21.874169 78.125831
16724 39.592050 21.418117 78.581883
11567 36.263579 3.613752 96.386248
1308 15.092667 -10.015308 89.984692
14373 36.610721 -30.496258 69.503742
16395 36.445509 -31.080352 68.919648
1654 68.760642 -2.775834 97.224166
12344 30.959393 30.959393 59.353989
12345 31.853283 31.853283 58.718371
7564 31.208324 31.208324 58.214536
10138 43.434851 -26.834067 26.834067
10140 43.291633 -26.358577 26.358577
7621 63.802343 -9.760432 9.760432
16305 34.807820 -22.705977 22.705977
11590 42.589315 -2.627217 2.627217
7316 43.221140 -3.447008 3.447008
4840 37.102228 -30.552630 30.552630
3844 52.461084 -25.378799 74.621201
3843 52.876406 -24.855764 75.144236
3277 52.333242 -24.893246 75.106754
8738 28.847018 28.847018 44.659423
9903 42.344884 -28.600123 71.399877
1700 34.045069 -30.180973 69.819027
1353 25.233645 0.000000 100.000000
11513 45.139940 -6.007815 6.007815
6988 50.499792 44.823545 44.823545
16367 51.770938 45.602840 45.602840
15089 37.087842 -29.329527 29.329527
6283 28.592935 28.592935 43.289837
13277 28.517700 28.517700 43.564940
2585 76.910449 -23.089551 46.193947
8042 82.292151 -14.828736 85.171264
10019 7.192609 7.192609 25.124110
17392 6.204196 6.204196 22.532431
15438 67.717486 -2.131345 97.868655
4362 67.299717 -2.584256 97.415744
8398 60.208609 -18.874702 81.125298
19190 40.525094 -23.760907 76.239093
469 35.099271 25.338060 74.661940
4151 71.627649 -21.372643 78.627357
17823 69.639595 -30.360405 49.832948
5108 37.263586 -36.532062 63.467938
4288 37.876710 -36.064018 63.935982
14171 37.167432 -35.772259 64.227741
4194 69.941555 30.058445 34.520975
4193 70.000000 30.000000 30.000000
10996 66.913255 -24.750646 75.249354
3647 66.819344 -25.226458 74.773542
6254 82.646567 -4.656420 95.343580
15313 83.616633 -4.372692 95.627308
1536 88.915483 -0.433778 0.433778
9581 34.871886 -13.324705 13.324705
6734 76.388889 -23.611111 23.611111
13662 89.854184 -10.145816 24.264676
12582 36.475793 -33.146019 66.853981
7324 37.101529 -33.092346 66.907654
15199 57.360770 -18.177823 81.822177
1729 23.794892 23.794892 38.493104
11495 23.168736 23.168736 38.375951
11754 10.280374 0.000000 100.000000
1817 51.851852 0.000000 0.000000
23599 64.691518 15.534422 15.534422
7325 9.284170 9.284170 73.409162
17711 34.000774 -11.518547 88.481453
12523 46.545843 -20.457961 20.457961
11208 82.096045 -15.779871 84.220129
7782 17.368421 -17.368421 82.631579
7783 18.207540 -17.126952 82.873048
11040 36.542225 36.542225 48.000930
464 60.472726 -39.070077 60.929923
2242 60.472719 -38.527648 61.472352
14265 71.326410 28.673590 61.340139
4676 28.511215 28.511215 38.884563
17778 28.830293 28.830293 39.753907
4907 29.246981 29.246981 39.242298
14211 44.929551 -16.256242 16.256242
1822 44.707965 -16.935788 16.935788
1821 44.148644 -16.639713 16.639713
16429 38.478872 -24.577431 75.422569
12163 99.565446 -0.434554 29.101778
7756 38.691553 -27.791659 27.791659
7755 38.930442 -27.708352 27.708352
8648 34.219171 -16.364962 83.635038
18265 83.177570 0.000000 100.000000
23547 86.972863 4.912969 95.087031
23548 85.821034 4.189568 95.810432
15640 51.752451 -47.189067 47.189067
5985 47.167451 -8.935744 8.935744
5983 47.558016 -7.953483 7.953483
5984 48.226941 -8.841124 8.841124
15559 60.440132 -26.857077 73.142923
18563 55.094608 -16.783308 16.783308
3220 81.066307 -0.820985 0.820985
15132 48.435706 -23.769326 23.769326
8216 47.991411 -24.517588 24.517588
19341 27.995845 27.995845 43.468551
4091 84.659972 15.340028 64.122678
18601 23.559317 -14.911041 14.911041
12542 16.666667 0.000000 0.000000
23199 17.592593 0.000000 0.000000
17235 16.621595 -2.051447 2.051447
5518 49.798677 -8.614962 91.385038
14246 49.068449 -8.806179 91.193821
12327 7.142857 7.142857 7.142857
17086 8.333333 8.333333 8.333333
17874 41.953370 41.953370 49.869479
4281 49.534043 -19.210344 80.789656
994 84.425902 -2.039154 2.039154
13039 80.533377 -19.466623 61.458650
18608 80.229331 -19.770669 60.550190
15667 96.125956 -2.008738 2.008738
15666 96.023103 -2.417765 2.417765
4528 72.740891 -7.391598 92.608402
7448 73.471945 -7.519327 92.480673
8650 34.834694 -27.995092 27.995092
3714 79.220779 -20.779221 79.220779
13352 41.494240 -19.901806 19.901806
14638 88.113136 -7.952977 92.047023
11466 22.111772 22.111772 33.688593
8223 61.126725 -28.880995 71.119005
9408 50.312774 -26.597647 73.402353
12691 49.993354 -26.360277 73.639723
16842 66.669397 -10.040864 89.959136
11870 56.121672 -28.718308 71.281692
2356 38.607436 -25.996726 74.003274
2595 8.115447 8.115447 58.317368
1227 76.679787 -10.841006 89.158994
6903 51.541498 -24.955306 24.955306
7019 30.179629 -29.066810 70.933190
11472 29.473684 -29.473684 70.526316
4984 71.821736 -3.465430 3.465430
12687 46.933857 -45.423802 45.423802
514 46.616344 -45.909492 45.909492
15883 46.320538 -44.901492 44.901492
16837 63.749785 -17.401608 82.598392
16742 50.600971 -29.358453 70.641547
2491 79.537085 -13.654557 86.345443
23364 72.307457 -0.669446 99.330554
8764 71.537669 -0.916051 99.083949
23365 71.845051 -0.642511 99.357489
849 50.720998 -26.923320 26.923320
18139 51.204402 -27.516178 27.516178
9615 35.666476 -8.675472 91.324528
6446 91.520612 8.479388 60.136115
5245 91.194393 8.805607 65.554849
12985 91.784378 8.215622 65.485111
17576 54.100898 -3.435011 3.435011
7527 81.942146 -11.337695 11.337695
16652 65.633573 -4.517926 4.517926
23366 66.663248 -0.726777 99.273223
23367 67.204920 -0.814643 99.185357
3066 82.994468 -17.005532 42.168666
7556 83.380332 -16.619668 41.767829
8474 77.596654 -15.201410 84.798590
5652 38.441405 -25.854519 74.145481
5744 38.417488 -25.958446 74.041554
16086 97.549891 2.450109 71.824354
12290 97.137242 2.862758 76.838506
11634 97.658958 2.341042 76.231479
15015 51.685551 -6.606390 6.606390
13358 68.162035 -31.837965 58.095227
10203 20.370370 0.000000 0.000000
6477 21.816058 2.748013 2.748013
30 85.800182 -10.577535 89.422465
6356 85.523724 -10.472760 89.527240
2248 44.210526 -44.210526 55.789474
23724 44.399956 -44.399956 49.159077
23665 44.751324 -44.751324 49.924242
15823 33.936654 -29.856827 29.856827
12045 77.632404 -21.813988 78.186012
10779 28.763324 28.763324 52.306050
10681 70.974983 -23.045782 76.954218
16966 70.912974 -23.414520 76.585480
17628 32.801525 -29.638301 29.638301
15115 32.847367 -29.283147 29.283147
8853 65.229780 -3.348508 96.651492
9184 78.781077 -3.770957 96.229043
18241 50.250122 -29.789158 70.210842
16296 52.502135 -6.857772 6.857772
16882 33.153554 -29.869335 29.869335
10758 33.216698 -29.275757 29.275757
472 33.372794 -30.202418 30.202418
7470 28.856904 21.337501 78.662499
4270 28.465631 18.515040 81.484960
9127 29.842736 21.111177 78.888823
6652 45.089100 -17.252960 82.747040
14237 45.745661 -17.134492 82.865508
15244 66.829831 -21.737312 21.737312
3678 65.889755 -22.187459 22.187459
2150 55.471121 -22.582597 77.417403
6487 38.505285 38.505285 47.860871
18203 60.185919 -10.566751 89.433249
6916 60.372971 -10.135582 89.864418
6915 59.698024 -10.389424 89.610576
3228 63.271578 -35.016054 35.016054
11362 88.215846 11.784154 71.498722
6038 88.652816 11.347184 75.124078
16004 90.269946 -9.233728 9.233728
171 39.265781 -21.049555 21.049555
6210 32.437201 17.365742 17.365742
17352 32.725021 25.579702 74.420298
9322 33.204514 28.357277 71.642723
6745 42.051365 -29.843844 29.843844
2840 12.105263 -12.105263 12.105263
23678 12.631559 -12.631559 57.349488
23725 12.368326 -12.368326 49.644511
23716 12.104904 -12.104904 41.754870
9232 3.571429 3.571429 3.571429
8961 83.996503 -16.003497 62.492944
14044 97.850432 -1.183478 1.183478
5767 47.988639 -27.150264 72.849736
14530 59.386567 -14.572757 14.572757
6240 58.753730 -14.085065 14.085065
615 84.867297 -15.132703 40.678558
6376 38.317757 0.000000 100.000000
9696 59.160109 -12.046700 12.046700
13697 31.987817 -30.160165 69.839835
2403 75.130359 -16.912504 16.912504
22964 24.538255 21.550850 78.449150
16761 5.503384 -5.503384 77.220600
14995 6.315789 -6.315789 93.684211
15786 5.789474 -5.789474 94.210526
19175 55.405746 -21.720823 78.279177
633 55.102756 -22.114478 77.885522
2703 55.479388 -22.159241 77.840759
17544 48.774966 -26.107125 73.892875
5401 67.239576 -27.958761 72.041239
5400 66.569899 -28.342970 71.657030
15891 66.928063 -28.618578 71.381422
16643 53.685907 -15.410951 84.589049
8315 54.208470 -14.969731 85.030269
11637 43.472856 -29.903970 29.903970
10984 43.521981 -30.563184 30.563184
18244 83.751331 -13.178926 86.821074
3096 83.922526 -13.283013 86.716987
17871 59.724675 -33.863706 33.863706
10637 59.408468 -33.387339 33.387339
3546 69.539626 -30.460374 68.057373
4422 69.480519 -30.519481 69.480519
146 48.010562 -28.745429 28.745429
3525 48.369088 -28.192840 28.192840
13795 16.166563 -6.640334 6.640334
7111 0.925926 0.000000 0.000000
23644 0.647555 -0.234688 0.234688
4657 62.166264 -11.932823 88.067177
1568 37.985616 -27.705123 72.294877
12508 37.106744 -30.412380 30.412380
8381 36.980568 -30.452623 30.452623
18725 70.413657 -29.586343 38.663586
6913 71.677255 -24.911762 75.088238
10559 71.572648 -25.511062 74.488938
351 85.506448 14.493552 64.633511
12918 24.466239 -24.466239 50.770679
12920 23.991099 -23.991099 50.177613
3926 76.350957 -3.784498 96.215502
14939 77.129338 -3.936447 96.063553
9069 38.874050 -26.819957 26.819957
14357 88.825723 -11.174277 16.733043
14162 16.055753 16.055753 20.641995
14160 16.956395 16.956395 22.766318
2702 78.271661 -14.541982 85.458018
2701 77.862454 -14.849374 85.150626
11903 31.479000 17.739832 17.739832
7364 38.504791 -33.473229 33.473229
7366 38.460815 -33.496577 33.496577
16261 31.618298 11.536141 88.463859
7037 33.509377 13.705356 86.294644
1089 80.199265 -7.277888 7.277888
2190 39.278291 -26.833741 26.833741
17005 81.947731 -4.515342 95.484658
12254 74.616606 -25.383394 34.616370
3348 74.970515 -25.029485 32.864415
8141 75.292355 -24.707645 33.865361
18501 46.887881 -32.963474 32.963474
7770 68.139453 -15.123406 84.876594
5137 68.294071 -14.644232 85.355768
6793 51.170120 -13.681767 86.318233
6792 50.870136 -13.068771 86.931229
9049 50.428159 -13.714350 86.285650
19234 72.665676 -4.110237 95.889763
12712 53.955820 -23.528022 76.471978
23368 70.500000 29.500000 70.500000
23391 70.000000 30.000000 70.000000
23369 71.000000 29.000000 71.000000
15665 52.219327 25.393963 25.393963
7406 52.986821 27.565753 27.565753
8049 2.542360 -0.921900 0.921900
5540 71.958635 -12.996577 87.003423
6132 71.461879 -12.876658 87.123342
10339 97.222222 2.777778 2.777778
1928 42.809561 -5.255957 94.744043
12777 43.387265 -5.685990 94.314010
12619 85.531846 -11.511602 88.488398
10427 73.283025 -4.331886 95.668114
15860 7.222614 7.222614 49.100252
7960 6.807836 6.807836 45.904561
13269 27.118777 -20.961955 79.038045
16384 28.099091 -21.048274 78.951726
8019 44.261379 -28.881098 71.118902
17554 29.525011 29.525011 46.304993
14516 29.060826 29.060826 46.237260
4775 29.190663 29.190663 46.817080
10708 89.585805 -10.414195 46.501714
190 62.466007 -2.527237 97.472763
15907 58.588633 -34.385360 65.614640
2517 79.539063 -15.556441 84.443559
14079 79.117023 -15.770134 84.229866
18145 45.718750 21.105870 78.894130
11494 42.934285 16.879959 83.120041
7822 49.776073 -36.072764 36.072764
3830 59.280185 -18.741096 18.741096
1551 59.085049 -19.455684 19.455684
8156 44.561921 -19.551294 80.448706
2763 44.675582 -19.000230 80.999770
9990 81.961095 -1.350746 98.649254
724 27.386247 -19.538217 80.461783
548 36.880624 -30.383658 30.383658
17793 42.297780 -10.178447 89.821553
7447 74.317138 -7.122927 92.877073
3762 73.549723 26.450277 63.344388
7083 73.144169 26.855831 59.608198
5093 58.114433 -31.365134 31.365134
4844 49.158179 -21.721382 78.278618
1912 33.112010 -26.539418 26.539418
10997 66.399184 -24.747053 75.252947
15340 66.097114 -24.546338 75.453662
9709 36.198612 11.340120 11.340120
9582 34.112134 8.184130 8.184130
6700 14.953271 0.000000 100.000000
18218 29.382175 29.382175 51.463250
5658 29.192772 29.192772 51.113144
9382 51.568885 38.915670 38.915670
10830 35.378580 -28.421900 28.421900
2521 39.378471 -24.781886 24.781886
2523 39.507608 -24.373616 24.373616
7767 38.651799 30.711535 30.711535
19054 37.250692 28.381259 28.381259
10859 72.390346 -27.609654 47.340987
12367 5.109346 5.109346 76.661277
12368 6.040175 6.040175 75.493377
736 38.921344 -22.116427 77.883573
121 35.209763 35.209763 50.659843
15926 35.620311 35.620311 51.287729
19184 27.077953 27.077953 55.874436
19033 74.604938 -14.986356 14.986356
11824 74.625256 -14.300095 14.300095
17427 87.304499 12.695501 44.228031
9140 45.512700 -37.698440 37.698440
10400 45.368740 -37.019863 37.019863
9138 45.843859 -37.263158 37.263158
13831 57.245158 -31.110586 68.889414
10709 78.231023 -21.768977 26.679767
14060 69.840158 30.159842 38.923584
12100 70.320971 29.679029 37.688451
6583 21.752100 -6.447195 93.552805
1478 41.650115 -2.702576 2.702576
4768 52.076402 -45.902079 45.902079
3812 84.015878 -15.984122 67.378531
2507 28.021381 28.021381 31.446075
10228 85.341455 -14.658545 44.123990
5255 36.363448 -28.504816 28.504816
1440 84.915205 15.084795 29.416077
18748 99.065421 0.000000 100.000000
19013 97.727697 -0.673749 99.326251
10436 63.988284 -18.819396 81.180604
23259 52.967724 -39.224318 60.775682
16912 53.320064 -38.812784 61.187216
783 51.570808 45.463048 54.536952
14073 88.802097 11.197903 35.164315
5141 65.459844 -12.088754 87.911246
5200 37.409381 -27.022342 27.022342
19110 26.168224 0.000000 100.000000
15048 58.341139 -26.295240 73.704760
10191 58.730496 -26.433787 73.566213
7199 24.064817 24.064817 46.307193
2422 9.013615 6.640388 93.359612
17120 7.416866 3.110040 96.889960
14355 88.209532 -11.790468 18.066614
17672 87.649098 -12.350902 18.369365
11765 15.476914 15.476914 81.491791
10155 14.389208 14.389208 81.946189
2071 14.470786 14.470786 83.878663
15953 80.511929 -19.488071 54.154431
17624 70.555556 29.444444 29.444444
4192 70.591010 29.408990 33.073325
2161 83.802598 -1.308679 98.691321
14925 97.141241 -2.858759 48.430203
8982 45.794393 0.000000 100.000000
16967 44.859813 0.000000 100.000000
12611 81.045580 18.954420 54.736751
12979 69.654481 -11.962280 88.037720
22966 19.626168 0.000000 100.000000
22970 19.851259 1.901809 98.098191
16195 36.137351 36.137351 50.629081
14575 81.782896 -18.217104 41.250354
9657 81.487277 -18.512723 41.943144
9876 41.007118 -15.050144 84.949856
2683 83.623306 -1.136819 98.863181
2689 83.565878 -1.089473 98.910527
12860 40.362599 -35.728380 64.271620
17913 24.979265 -13.118811 86.881189
2124 82.913553 17.086447 38.347682
3035 83.336618 16.663382 40.692985
16194 36.361526 36.361526 51.498209
5489 37.123667 37.123667 50.774879
5320 28.073509 28.073509 44.955101
5215 28.200861 28.200861 44.986727
14213 52.940943 -35.288465 64.711535
6534 88.961039 -11.038961 88.961039
10274 41.278421 -34.970595 65.029405
15501 82.041668 -17.958332 34.296811
17272 27.622383 -1.640552 1.640552
2362 79.800471 -15.255951 84.744049
11094 79.693762 -15.110963 84.889037
7548 38.549414 -28.191874 28.191874
2111 82.846673 -1.519916 98.480084
7800 83.205204 -1.483090 98.516910
12469 82.491712 17.508288 25.067660
12468 81.997718 18.002282 28.635586
6361 27.956837 27.956837 50.623959
6981 27.814753 27.814753 50.930639
6426 28.573395 -0.978275 99.021725
1433 78.168185 -12.267055 12.267055
8743 47.368421 -47.368421 47.368421
23659 46.842362 -46.842362 50.302506
13645 46.842105 -46.842105 53.157895
17083 39.559369 39.559369 43.171320
2747 45.048728 10.045110 10.045110
9471 49.054746 15.072615 15.072615
9470 47.139280 11.345603 11.345603
15502 35.236830 -15.372330 84.627670
10677 81.688160 -17.839486 17.839486
8891 81.944444 -18.055556 18.055556
4453 58.419861 -24.233331 24.233331
3377 26.419049 -14.387887 14.387887
3376 27.384104 -14.574743 14.574743
495 40.389608 -8.061274 91.938726
15253 49.330026 -11.032921 11.032921
6383 78.911042 -18.820903 81.179097
16560 39.112202 -17.997984 17.997984
18471 82.757727 -17.242273 35.095404
11240 90.366135 -9.633865 84.116520
779 90.531326 -9.468674 81.083454
23210 26.036693 26.036693 31.708403
1508 2.255819 -2.255819 21.757055
1209 15.759310 -10.591748 10.591748
4237 20.676325 20.676325 40.169554
1153 54.994772 -39.966472 39.966472
23709 22.736065 -22.736065 44.656574
23727 22.893636 -22.893636 50.225539
1586 86.629557 13.370443 71.955351
8987 38.282834 -31.964671 31.964671
3180 64.661924 -20.476100 79.523900
10065 65.081510 -20.174790 79.825210
16788 84.917149 -13.260937 86.739063
4011 84.277637 -13.593739 86.406261
18614 53.740660 -27.074563 27.074563
249 65.654036 -23.036513 76.963487
6582 46.069272 -37.875155 62.124845
15227 67.433945 -24.323560 75.676440
12161 9.345794 0.000000 100.000000
5336 59.198937 -40.801063 52.607874
444 45.855468 -20.892409 79.107591
17571 81.581790 -13.196753 13.196753
389 40.740682 -24.958390 24.958390
9492 73.973197 -26.026803 70.545557
1835 61.330210 15.926110 84.073890
12369 42.307721 -26.050098 26.050098
6977 68.249651 -12.105477 12.105477
475 35.630594 -27.050841 27.050841
16984 47.585236 -42.060662 42.060662
15541 23.653604 23.653604 58.011611
19275 44.341271 -20.732934 20.732934
8994 82.943884 -17.056116 44.053229
3278 52.194307 -24.493238 75.506762
17501 52.683117 -24.449442 75.550558
7788 86.295734 13.704266 70.053266
5034 24.027238 24.027238 60.009369
16159 73.388441 -23.129542 76.870458
17393 73.957277 -22.736976 77.263024
13009 86.567371 -13.432629 43.388987
14859 36.745343 -26.905979 73.094021
11355 36.449205 -26.796540 73.203460
2504 12.722756 12.722756 56.780835
2505 13.046551 13.046551 54.617990
11633 97.983095 2.016905 78.930001
17314 98.326044 1.673956 82.325636
16443 69.885070 -7.720179 92.279821
4177 40.667472 -27.682505 27.682505
1061 75.889150 -24.110850 44.108882
9628 76.330607 -23.669393 42.821520
19006 46.078967 -3.414612 96.585388
10838 60.717547 -28.681033 28.681033
14005 61.044877 -29.175896 29.175896
23728 31.896645 -31.896645 53.887532
23679 31.574853 -31.574853 50.040671
19145 46.964245 -40.691688 40.691688
579 67.952849 -32.047151 41.087724
5031 73.717616 -17.425096 17.425096
7248 38.682715 35.225428 64.774572
13887 22.434535 22.434535 68.732528
13886 23.361456 23.361456 68.659420
13186 32.100150 32.100150 54.478641
15104 78.167187 -16.749445 83.250555
18090 66.835342 -20.917221 79.082779
16269 49.000211 -24.738307 75.261693
23260 52.768740 -39.340184 60.659816
23011 78.694118 -16.759497 83.240503
7094 75.136453 24.863547 36.026148
17069 32.683784 -28.617416 28.617416
13442 32.972877 -28.973505 28.973505
1468 11.961814 11.961814 76.314576
19071 66.621036 -22.621442 22.621442
18106 52.680669 -34.976898 65.023102
5732 52.893847 -34.231117 65.768883
8664 78.547791 -19.694838 80.305162
5801 49.381570 -42.807165 42.807165
14673 69.513569 -27.339372 27.339372
17101 92.160351 -7.156452 7.156452
16115 44.890976 -11.266481 11.266481
4942 66.586818 -16.964527 83.035473
2782 66.924172 -17.195577 82.804423
10543 80.211752 -19.788248 45.664057
12244 82.587665 -3.176286 3.176286
19153 81.817382 -3.301578 3.301578
12780 78.714746 -16.088953 83.911047
12908 78.380191 -16.384087 83.615913
6748 75.072830 -24.927170 59.625293
15634 91.262583 8.737417 35.488865
23827 49.519076 47.919193 47.919193
16587 48.599494 46.685023 46.685023
12043 50.555556 49.444444 49.444444
23828 49.608567 48.667734 48.667734
744 35.732454 -31.463090 31.463090
11471 79.892354 -20.107646 45.383370
5333 65.420915 -34.579085 59.279259
18944 25.211483 25.211483 52.370657
2327 79.937288 -9.587646 90.412354
13725 35.616108 -23.089500 23.089500
19140 34.224456 -23.260802 23.260802
17473 51.894391 -28.327022 71.672978
388 83.374898 -1.725740 1.725740
3117 83.717453 -1.465397 1.465397
2457 41.895071 -23.202249 76.797751
17014 52.659161 -9.240867 90.759133
6111 23.793389 -18.219263 18.219263
4638 24.961606 -17.723716 17.723716
2996 24.492072 -18.744623 18.744623
16982 60.237732 39.762268 44.636476
5605 32.701803 -22.910256 77.089744
19263 78.022625 -17.495904 82.504096
7024 75.370698 -24.629302 54.342307
14139 57.309733 -21.406327 78.593673
4085 79.233095 -20.766905 52.604965
246 79.588037 -20.411963 51.914261
15161 68.445948 -31.554052 62.155024
8886 69.128964 -30.871036 61.874400
16232 40.980003 -36.774480 63.225520
14968 41.457484 -37.033423 62.966577
9556 26.055495 -22.004514 22.004514
13185 25.909595 -22.740563 22.740563
9557 24.981304 -22.413566 22.413566
19088 18.947368 -18.947368 18.947368
2917 78.937087 -21.062913 42.780536
18339 41.978980 -35.963449 64.036551
14458 42.013334 -36.589119 63.410881
16001 72.852346 -14.055783 85.944217
5374 75.645350 -17.025828 82.974172
3792 84.391042 -12.871101 12.871101
854 71.022822 -25.530151 74.469849
12407 82.740489 -17.259511 41.678647
16542 68.129837 -17.979524 17.979524
16532 13.877692 3.257159 3.257159
3790 83.645233 -13.396600 13.396600
12910 63.086742 -6.226916 93.773084
11058 83.245645 -1.154030 98.845970
7127 24.217198 -10.917776 10.917776
1356 24.201939 -12.084810 12.084810
2069 13.414634 13.414634 86.585366
9283 13.261719 9.979877 90.020123
2244 84.098573 -15.901427 35.697576
2243 84.305104 -15.694896 36.920732
2289 80.395373 -19.604627 58.592010
7975 79.849021 -20.150979 59.532379
18788 36.904388 -25.330459 74.669541
4056 37.072985 -25.272468 74.727532
446 47.309482 -21.534624 21.534624
4936 93.823978 -6.176022 23.782884
2827 93.296487 -6.703513 23.251164
18269 38.196562 -22.002427 77.997573
7128 25.458902 -10.069795 10.069795
6083 23.596930 -22.281899 77.718101
8644 24.533237 -21.890309 78.109691
9048 50.715186 -14.176305 85.823695
5491 36.799309 36.799309 49.886123
7184 84.027191 -2.162311 2.162311
16791 82.431612 -12.763129 87.236871
13926 59.213590 -25.383354 25.383354
7998 36.144136 -26.642140 73.357860
326 35.841753 -26.433547 73.566453
11218 72.095653 -27.904347 68.981640
10194 39.010499 -19.322670 80.677330
10195 38.474917 -19.086487 80.913513
15045 38.467660 -19.653061 80.346939
19329 28.034919 28.034919 44.571053
19380 28.067446 28.067446 44.606456
19379 28.067057 28.067057 44.561289
17475 80.267489 -19.732511 50.676681
14286 35.383286 -26.376667 26.376667
23216 27.161935 27.161935 42.059113
19401 27.385132 27.385132 42.248807
19413 27.471052 27.471052 42.739980
23438 27.625330 27.625330 42.429173
19400 26.885061 26.885061 42.103025
23211 27.184492 27.184492 42.433144
18375 28.647279 28.647279 49.255080
2943 68.966161 -20.625086 79.374914
2942 68.798445 -20.210897 79.789103
22978 34.945666 -29.480542 29.480542
17904 34.843005 -29.689519 29.689519
22969 34.669827 -29.548177 29.548177
4821 87.300172 -4.028887 95.971113
967 72.518661 -27.481339 42.502573
11942 45.549110 -20.077830 79.922170
1727 56.388648 -26.314055 73.685945
1726 56.703017 -26.531040 73.468960
6237 87.628932 12.371068 77.464454
6238 87.734101 12.265899 73.119054
12840 91.839330 8.160670 32.709743
11214 22.806237 22.806237 36.350831
11467 22.506513 22.506513 35.204952
11212 22.172587 22.172587 36.088029
8597 50.450198 -35.737905 64.262095
17128 68.990011 -28.204597 71.795403
11724 69.481274 -27.475009 72.524991
7575 93.470920 -6.529080 73.542784
10456 65.020879 -12.500581 12.500581
3371 56.951261 -13.429139 86.570861
8418 3.088972 3.088972 9.114233
7700 2.380952 2.380952 2.380952
18892 52.947125 -31.554432 31.554432
14468 53.178858 -30.854698 30.854698
1831 66.365436 -4.009494 95.990506
10917 50.694406 -34.884010 34.884010
14607 20.916029 3.653524 96.346476
18581 26.667349 -8.920613 91.079387
14296 21.523196 21.523196 68.765034
14263 82.053464 -17.946536 49.581664
15267 24.988642 -23.835486 23.835486
797 68.958530 -21.500685 78.499315
3490 69.285583 -21.654637 78.345363
11019 17.988903 -14.800852 85.199148
8316 40.542462 -21.239446 78.760554
18521 40.691394 -21.617323 78.382677
16167 89.149444 10.850556 73.528193
10944 19.488284 -9.528836 9.528836
14449 44.961272 -25.660639 74.339361
14385 44.755577 -25.444904 74.555096
3649 44.546706 -25.745402 74.254598
19198 72.148117 27.851883 47.095745
18596 72.507447 27.492553 44.612639
13937 52.548688 -29.400341 70.599659
10774 65.668574 -5.440205 94.559795
8270 36.185154 36.185154 60.355405
8269 35.393269 35.393269 61.570719
12892 35.940238 -31.261419 31.261419
5395 26.377969 26.377969 50.211067
5396 25.805826 25.805826 49.840067
342 25.957400 25.957400 50.818905
9664 18.899216 2.787162 2.787162
14765 48.018333 -22.312213 22.312213
9327 74.395432 -19.677412 80.322588
4146 52.677415 -7.520668 7.520668
1216 85.026074 -0.829920 99.170080
5331 21.003726 21.003726 50.261494
18187 20.781363 20.781363 51.611116
19133 21.518972 21.518972 51.219006
8821 19.463260 19.463260 59.145819
19204 63.102998 -18.911758 18.911758
7236 91.093202 -6.478118 93.521882
7235 91.599980 -5.936586 94.063414
10302 42.219550 -32.080567 67.919433
5509 42.706250 -31.647068 68.352932
1350 87.310059 -10.810243 10.810243
11002 62.539562 -32.458579 32.458579
11001 61.863034 -32.220170 32.220170
8101 88.710845 -6.397387 93.602613
18477 43.704577 -20.942931 20.942931
17931 43.827280 -20.269103 20.269103
15589 75.767764 -18.520702 81.479298
9396 75.400354 -18.946788 81.053212
920 75.878837 -18.757827 81.242173
3323 92.042618 -7.957382 62.619377
14654 42.843756 20.459166 20.459166
15 44.187107 20.798372 20.798372
7852 64.706311 -13.786811 13.786811
7409 64.879500 -35.120500 60.028659
8142 75.600744 -24.399256 32.321065
9416 15.453399 15.453399 72.363014
7326 8.409036 8.409036 72.387223
10531 16.639415 16.639415 30.547513
8673 17.676574 17.676574 31.477988
14315 64.400542 -16.993060 83.006940
303 78.590741 -17.251573 82.748427
6932 78.364953 -17.266062 82.733938
4854 27.101595 -16.805324 83.194676
18854 64.808070 -22.977788 77.022212
493 65.060853 -23.286498 76.713502
11377 83.418302 16.581698 35.120942
17061 83.496925 16.503075 29.434990
7993 47.318003 -18.263114 18.263114
10726 85.008719 -7.126258 92.873742
1532 74.445591 -25.554409 57.637314
134 19.927050 19.927050 45.471128
132 20.247302 20.247302 44.159436
11015 33.410339 -7.888242 92.111758
11269 74.548772 -25.451228 42.360837
11270 73.961552 -26.038448 43.731038
11271 73.965961 -26.034039 42.047404
3598 69.827531 -21.327367 78.672633
19079 43.576744 -12.017232 12.017232
15597 80.775623 -13.824799 86.175201
512 70.072714 -29.927286 58.691761
3628 70.728554 -29.271446 58.776134
4627 38.165294 -23.887481 76.112519
10200 68.453949 -28.234797 71.765203
8755 83.000000 17.000000 83.000000
9985 10.323000 10.323000 32.059298
1397 2.634127 -2.634127 58.377050
3594 2.810957 -2.810957 68.140097
17746 56.150171 -23.937798 76.062202
11430 56.549764 -23.713460 76.286540
3717 30.106175 30.106175 45.416537
1048 67.478198 -24.501908 24.501908
1047 66.573550 -24.896060 24.896060
8275 21.702486 21.702486 34.701499
11748 74.501999 -25.498001 72.314826
8218 84.868598 -2.062423 2.062423
17835 35.083779 -26.574474 26.574474
9464 39.036438 -20.314875 79.685125
7574 1.316121 -1.316121 62.450908
513 69.980201 -30.019799 57.114901
13382 35.934494 -30.571165 69.428835
6396 53.119838 -11.799041 88.200959
8778 52.331151 -11.579362 88.420638
8515 52.306338 -12.194800 87.805200
15260 67.233674 -20.102136 20.102136
13729 46.822686 -28.442746 71.557254
18701 46.630729 -27.981502 72.018498
19305 78.170367 -1.642559 1.642559
18285 77.248207 -1.632638 1.632638
15566 69.953350 -30.046650 36.811922
16699 70.632679 -29.367321 35.548866
19453 27.868269 27.868269 51.822868
16710 27.780236 27.780236 51.863128
16571 27.846374 27.846374 51.940923
17832 28.021446 28.021446 46.964140
14852 28.415926 28.415926 46.785726
354 67.453856 -26.996987 73.003013
355 67.501965 -27.408562 72.591438
5504 31.512789 5.478135 94.521865
7493 7.530685 7.530685 65.171850
4220 28.550066 -13.922951 86.077049
7492 29.211494 -14.614935 85.385065
795 68.449790 -21.792919 78.207081
796 68.746363 -21.965163 78.034837
8684 55.126219 -41.842997 58.157003
14815 67.639292 -22.545081 77.454919
16160 47.258423 -36.827320 63.172680
9880 79.294777 -18.867531 81.132469
3866 54.763805 32.346096 32.346096
9108 17.680835 17.680835 37.424187
9240 18.401207 18.401207 37.527764
9973 18.003132 18.003132 35.768327
428 56.585731 -16.861989 83.138011
430 56.309411 -17.330601 82.669399
16245 58.867208 -7.658461 92.341539
11361 89.223406 -1.788219 1.788219
12825 90.172067 -1.502772 1.502772
8569 10.850589 10.850589 16.757486
10587 67.862758 -15.625849 84.374151
7962 6.009932 6.009932 45.738678
7599 5.584790 5.584790 42.156578
23144 84.198234 -1.109534 98.890466
2044 84.208253 -1.058641 98.941359
23148 84.098367 -1.096400 98.903600
2569 86.444965 -4.444171 4.444171
16002 22.161556 -8.063302 91.936698
16495 21.640143 -7.471296 92.528704
874 90.679026 -1.739432 1.739432
12028 91.199416 -1.987318 1.987318
930 54.873726 -33.794368 33.794368
4931 54.276880 -33.940738 33.940738
14020 54.606454 -33.239561 33.239561
8665 79.051122 -19.356910 80.643090
11576 30.389362 30.389362 45.910270
7911 53.271028 0.000000 100.000000
23049 78.531254 -16.517022 83.482978
23070 78.667376 -16.448375 83.551625
23818 78.616565 -16.418178 83.581822
23047 78.362458 -16.578088 83.421912
23048 78.229082 -16.593137 83.406863
17758 86.424766 13.575234 39.813441
16511 85.986516 14.013484 43.078327
13456 16.695868 -8.898959 91.101041
13421 68.381173 -20.091886 79.908114
13806 79.308126 -20.691874 49.637594
1658 86.443331 -9.345730 9.345730
19271 41.791211 -22.160625 77.839375
7834 41.674575 -22.523276 77.476724
13025 42.079966 -22.404943 77.595057
15093 49.918399 -24.952694 75.047306
12781 78.743008 -15.840288 84.159712
4976 79.074931 -15.572618 84.427382
4975 78.813207 -15.534959 84.465041
15009 33.247593 -13.686875 13.686875
15518 19.538088 -16.385091 83.614909
1680 27.191596 27.191596 44.329220
5869 36.676709 36.676709 48.971490
9083 61.191467 -22.820902 22.820902
5266 60.827981 -23.548817 23.548817
3190 60.392482 -23.005621 23.005621
12850 79.223890 -14.310421 85.689579
1263 86.513837 -13.486163 50.535294
1053 65.714491 -9.679146 90.320854
12082 65.069254 -14.415128 14.415128
2442 65.597664 -13.744357 13.744357
7687 71.109729 -17.155212 82.844788
15130 53.530181 -32.059248 67.940752
12734 84.304312 -15.695688 30.533460
1444 28.971963 0.000000 100.000000
18531 83.940450 16.059550 31.788110
17686 70.044667 -21.992173 78.007827
13033 69.619106 -22.597160 77.402840
17187 73.968880 -26.031120 36.984738
4164 73.502766 -26.497234 37.336258
13145 96.657597 -3.342403 31.523984
12540 48.311054 -40.049293 40.049293
3201 48.644024 -40.844015 40.844015
17017 85.514245 -14.485755 27.097095
13654 79.725297 -20.274703 35.252967
2439 79.265569 -20.734431 36.793223
12064 63.291295 -2.598970 97.401030
9105 32.343975 -24.475443 75.524557
18530 31.572596 -24.594333 75.405667
15522 31.877418 -25.104133 74.895867
4317 75.472347 -15.848538 84.151462
17516 84.909634 15.090366 23.320794
3295 23.355496 23.355496 25.605422
1255 35.773942 -6.817915 6.817915
15545 57.079842 -18.616652 81.383348
8443 70.976576 -17.821898 82.178102
8444 70.826976 -18.212593 81.787407
14949 29.968247 -24.213419 75.786581
5644 38.892316 5.112477 5.112477
13448 46.964635 -25.148012 25.148012
6870 46.496085 -24.694245 24.694245
11032 58.710799 -18.690463 81.309537
7232 58.894361 -18.179924 81.820076
2160 84.079836 -1.260514 98.739486
7512 68.202593 -22.267801 77.732199
12980 69.952731 -12.212295 87.787705
6014 39.576565 -21.280771 78.719229
4782 77.576266 -2.073361 2.073361
275 76.709496 -2.031568 2.031568
17302 41.997302 41.997302 46.981419
15931 48.398628 -23.374603 76.625397
14905 56.792569 -24.395758 75.604242
8996 33.604342 -2.310992 97.689008
1900 49.487973 -33.450772 66.549228
3630 53.512004 -5.276061 5.276061
1535 50.520726 -25.432670 74.567330
18526 49.962312 -25.403567 74.596433
12690 50.020659 -25.876836 74.123164
10051 80.436602 19.563398 41.829423
12479 55.129936 -15.876908 15.876908
2141 55.198572 -15.282540 15.282540
18871 15.504739 -4.399704 95.600296
3225 14.442091 -4.513584 95.486416
9862 75.244518 -1.634314 98.365686
13782 47.926112 -22.854956 77.145044
8691 49.808960 -25.135860 25.135860
11450 40.137054 -28.506901 28.506901
7032 68.333333 31.666667 31.666667
12355 54.953464 -32.211637 67.788363
11027 54.423942 -32.447422 67.552578
5578 31.206783 -14.408969 85.591031
5579 31.946772 -13.855875 86.144125
12 77.999882 -22.000118 49.909396
8929 63.234394 -36.765606 44.469235
2401 62.914924 -37.085076 42.962279
18140 50.608292 43.900155 43.900155
1445 49.222251 42.058371 42.058371
2476 49.282663 43.404353 43.404353
13125 38.096608 -27.468381 72.531619
786 51.040133 -25.598371 74.401629
17073 36.649035 -20.668642 20.668642
9698 38.228274 -24.226502 75.773498
5964 78.681630 21.318370 25.535938
3871 59.956826 -16.402658 16.402658
14923 59.814185 -17.186679 17.186679
2744 39.959465 -19.710784 80.289216
10369 21.837451 21.837451 46.744792
1999 50.000179 -18.033345 81.966655
4495 49.961256 -18.623489 81.376511
3959 82.114048 -17.885952 50.309659
7499 83.708774 -16.291226 49.837061
2876 66.396521 -6.582846 93.417154
14712 59.163263 -10.121680 89.878320
7196 32.789227 32.789227 40.755400
19119 33.032532 33.032532 40.113865
12493 22.435282 22.435282 42.416773
12494 22.772062 22.772062 43.547567
3985 37.915972 19.436565 19.436565
16802 23.891821 -22.857723 22.857723
16223 83.927167 -1.221856 98.778144
13532 70.876736 29.123264 37.456450
10933 36.447104 -24.459297 75.540703
18768 67.533383 -31.328562 68.671438
1100 29.808309 -23.694912 23.694912
6800 38.790392 -6.896852 93.103148
12411 39.502253 -6.454417 93.545583
2042 84.152770 -1.171829 98.828171
15364 26.055738 11.173584 11.173584
13552 59.974754 -0.626002 0.626002
4804 60.061313 -14.933740 14.933740
5329 21.215355 21.215355 49.023212
16760 98.673184 1.326816 25.301124
15697 5.137890 5.137890 19.666046
18275 45.597266 -29.769011 29.769011
3362 60.671137 -36.364906 36.364906
17926 60.418424 -35.989867 35.989867
5871 40.985192 -26.260612 26.260612
13300 23.935939 23.935939 28.307998
19084 23.016152 23.016152 28.214049
14509 65.335183 -2.014913 97.985087
7553 40.300779 -34.331313 34.331313
8676 39.899011 -34.610136 34.610136
4671 97.445050 2.554950 37.847491
10423 83.265836 -1.992930 1.992930
17918 49.473291 -28.674464 28.674464
10187 40.075939 -26.404078 73.595922
9975 40.412648 -26.227036 73.772964
3791 83.501979 -12.919347 12.919347
17228 27.686936 27.686936 50.284394
23582 70.252296 10.934138 10.934138
23600 72.287271 12.877151 12.877151
23729 9.779923 -9.779923 41.101722
8915 31.631022 17.430858 82.569142
3451 31.075167 14.677859 85.322141
11213 22.664418 22.664418 37.269211
18656 48.719130 -1.992477 1.992477
1154 54.574165 -41.077240 41.077240
2311 41.394405 -33.304364 33.304364
2312 41.874413 -33.401946 33.401946
15892 61.510725 38.489275 43.953009
13846 62.117384 37.882616 44.079497
985 54.053327 26.397834 26.397834
23418 55.091291 -16.325749 16.325749
5839 44.483169 -21.144478 78.855522
10071 44.624083 -21.553716 78.446284
12377 62.331067 -19.571898 80.428102
15677 62.678673 -19.773568 80.226432
7284 62.871421 -19.289225 80.710775
7897 56.086518 -17.805382 82.194618
8730 93.921268 -6.078732 75.502016
15457 66.209075 -11.875715 88.124285
17476 80.409754 -19.590246 50.008318
8095 80.605927 -19.394073 49.638036
12811 41.578947 -41.578947 58.421053
12847 73.976530 -25.119452 25.119452
14471 43.667825 -43.024892 43.024892
12038 52.470775 -28.608562 28.608562
1363 52.267100 -28.026291 28.026291
17728 38.467575 -18.512669 81.487331
8626 37.895246 -18.857616 81.142384
11803 57.849140 -1.257316 98.742684
11801 56.928372 -1.476113 98.523887
6872 70.915905 -29.084095 51.069573
6873 70.396560 -29.603440 52.427805
6871 70.198363 -29.801637 50.757683
9460 33.998410 26.082014 26.082014
11816 71.126217 -28.873783 69.945596
11814 70.587229 -29.412771 69.683066
7481 40.752521 -21.322005 21.322005
4423 70.129870 -29.870130 70.129870
15624 64.129063 -19.380376 80.619624
3192 64.508674 -19.508270 80.491730
5898 54.074768 -35.330605 64.669395
210 73.528818 -26.471182 40.248820
6467 90.265374 -9.734626 87.266403
6469 89.603567 -10.396433 85.934600
8069 32.498479 32.498479 49.094229
14287 70.801238 -4.988939 95.011061
10290 29.508165 -23.029018 23.029018
4088 45.190429 -29.352659 29.352659
18462 45.313717 -28.859697 28.859697
12137 55.274325 -18.510458 81.489542
13144 55.868397 -18.307850 81.692150
485 77.986515 -5.293927 94.706073
7313 78.355454 -15.168819 84.831181
13302 23.161604 23.161604 26.739061
18682 87.122392 12.877608 78.048626
13110 93.601943 -6.398057 70.186223
14124 67.331669 -23.044725 76.955275
8194 52.206937 -43.505802 56.494198
359 98.797347 -1.202653 40.276246
5068 45.589868 -31.865235 31.865235
14052 81.867179 -2.172661 2.172661
19396 70.166891 -24.389409 75.610591
18743 70.261666 -24.733768 75.266232
5021 55.449141 -17.231724 82.768276
4973 54.969842 -17.150370 82.849630
1917 41.608429 34.558744 65.441256
7031 68.416906 31.583094 36.317542
22988 36.894265 -29.987239 29.987239
22971 36.823282 -30.001587 30.001587
8971 54.398965 -27.693625 72.306375
23880 37.403455 37.403455 48.094313
23881 37.073520 37.073520 48.472872
19282 67.421248 -21.531837 78.468163
8509 94.444444 5.555556 5.555556
17250 94.363746 5.636254 11.557742
4621 92.205672 -7.794328 42.228345
7540 31.701792 -23.933517 76.066483
7894 56.687890 -31.569234 31.569234
2859 50.984505 -17.828923 82.171077
7853 65.300339 -13.126698 13.126698
9521 51.738390 -18.220989 81.779011
11328 48.173015 -29.392012 29.392012
3524 48.709657 -28.868640 28.868640
5657 28.889061 28.889061 51.022105
2328 80.365732 -9.725112 90.274888
2946 35.777078 -33.783888 33.783888
15801 22.411632 22.411632 29.186165
16400 59.500984 -31.148701 68.851299
8781 96.542327 3.457673 87.265394
13598 43.157895 -18.630236 81.369764
9234 42.857755 -18.180230 81.819770
6996 80.738862 -16.205415 83.794585
14389 81.058553 -15.961441 84.038559
3137 77.291612 -8.264476 91.735524
17144 35.530468 -29.825726 29.825726
1415 27.199325 -2.039394 97.960606
15445 96.379109 -0.420623 0.420623
15745 35.933677 -27.887848 27.887848
8775 36.148193 -28.046583 28.046583
4278 35.901884 -28.133734 28.133734
11465 18.694380 18.694380 58.334884
11464 18.587997 18.587997 60.160150
2727 89.719626 0.000000 100.000000
4479 89.646800 -0.470164 99.529836
18338 20.081517 20.081517 48.104838
5330 20.540214 20.540214 49.233942
6008 35.701084 -27.931155 27.931155
5766 92.361111 -7.638889 7.638889
18189 39.026106 -25.534069 74.465931
23439 27.550237 27.550237 42.092344
23212 27.224350 27.224350 42.789959
9662 35.693700 -25.840457 25.840457
12266 35.727264 -25.486569 25.486569
12267 36.032525 -25.715089 25.715089
14729 10.954490 10.954490 58.278217
14728 11.839958 11.839958 57.553896
17982 11.353693 11.353693 55.863977
1393 60.212471 39.787529 49.678826
9661 35.713641 -26.194118 26.194118
1361 54.213080 -28.732249 28.732249
5667 75.181978 -24.818022 71.338897
6126 50.094915 -36.379898 63.620102
5110 83.832030 -15.406737 15.406737
8394 83.462407 -14.932202 14.932202
7430 25.017023 25.017023 49.435470
18789 41.659607 -34.413205 34.413205
5513 41.646787 -33.891333 33.891333
18037 42.043630 -34.366305 34.366305
14191 80.116360 -3.521230 3.521230
14192 79.148469 -3.693653 3.693653
16808 58.828703 -22.772938 22.772938
12071 60.413989 -19.169999 19.169999
7079 57.232856 -32.677041 67.322959
7080 56.698306 -32.783819 67.216181
14770 23.947071 -16.715224 83.284776
18238 23.122835 -17.243611 82.756389
18452 34.434875 20.050956 20.050956
6907 65.708345 -21.598091 21.598091
18728 65.262796 -21.285668 21.285668
9970 49.286532 -22.631868 22.631868
9969 48.917727 -23.146378 23.146378
14395 48.714291 -22.476768 22.476768
3964 92.013288 7.986712 60.477707
3965 92.375490 7.624510 64.023664
19189 35.514019 0.000000 100.000000
10500 54.016230 -28.651144 71.348856
5572 56.824943 -21.455477 78.544523
6545 57.173007 -21.064036 78.935964
18277 72.706629 -10.687406 10.687406
5718 72.283641 -11.300631 11.300631
10643 48.042577 -39.252890 39.252890
9346 38.450316 -26.207802 73.792198
9748 41.281153 -39.886892 39.886892
4922 65.954931 -34.045069 50.928828
6695 66.603259 -33.396741 50.187104
420 73.030459 -26.969541 61.179089
11788 72.558006 -27.441994 62.748098
15895 72.378134 -27.621866 60.850392
8999 66.222233 -13.827124 86.172876
1758 92.053441 -7.946559 89.768308
5977 28.703704 0.000000 0.000000
18761 82.409756 -17.590244 53.581092
9652 49.232221 -29.416168 29.416168
9653 48.679512 -29.566532 29.566532
23815 78.486745 -16.450014 83.549986
13893 98.172580 -1.827420 62.850746
10157 38.476026 10.662956 10.662956
5203 60.871871 -13.011904 86.988096
5204 60.271839 -13.302947 86.697053
8748 82.971850 -0.683971 99.316029
13650 40.841929 -11.215702 88.784298
901 40.162327 -11.787675 88.212325
5754 79.398250 -20.601750 69.308920
3801 54.188571 -45.811429 49.281660
18063 61.782335 -28.690067 71.309933
15755 65.687423 -23.104754 23.104754
12281 64.845686 -23.567607 23.567607
15623 19.193335 -5.165590 94.834410
13406 67.083373 -15.859943 84.140057
8935 81.129709 18.870291 35.115846
7876 54.158494 -12.640566 12.640566
7538 46.374663 -32.668324 32.668324
1004 74.385192 -9.695485 90.304515
15991 57.171615 -24.153263 24.153263
8354 95.812616 4.187384 57.344678
5670 95.718877 4.281123 62.902295
8392 82.954218 -15.644977 15.644977
8393 82.471496 -15.156047 15.156047
14360 42.166871 -33.875368 33.875368
3880 27.351770 -12.612206 12.612206
12252 76.148147 -23.851853 34.591059
5584 47.206766 46.068418 46.068418
9961 55.547241 -6.319156 93.680844
5080 55.423141 -5.816364 94.183636
15963 89.047226 -10.952774 68.281735
14793 54.658104 36.908640 36.908640
15070 80.476197 -1.118544 98.881456
11330 38.448416 28.839452 28.839452
17996 36.976308 -25.248013 25.248013
16197 24.109375 11.108755 11.108755
4890 53.287023 -36.666134 36.666134
19123 36.334857 -25.583887 25.583887
8795 70.791701 -9.752707 90.247293
17617 73.092980 -3.287112 96.712888
3995 63.077177 -36.922823 57.205468
103 62.674181 -37.325819 55.739554
17760 27.141215 27.141215 43.100176
23213 27.345564 27.345564 43.018515
10720 57.440879 -36.444457 63.555543
12434 96.354782 3.645218 14.294124
8885 38.478494 -27.928383 27.928383
16029 37.291818 -10.915666 10.915666
10448 38.187029 -11.277675 11.277675
1887 58.685110 -13.174212 86.825788
1888 58.208777 -12.952560 87.047440
5694 49.838018 -35.492308 35.492308
15467 50.090242 -34.970996 34.970996
10359 23.148148 0.000000 0.000000
16171 23.216640 -0.879554 0.879554
13708 22.524827 -0.983240 0.983240
12974 85.382262 -1.587016 1.587016
4642 85.574595 -1.605122 1.605122
483 62.298814 -30.982613 30.982613
10616 62.374536 -30.236236 30.236236
12992 62.958602 -30.663736 30.663736
12396 34.550735 -30.843934 30.843934
12395 34.930098 -30.966394 30.966394
18867 20.238095 20.238095 20.238095
19202 80.915681 -4.084140 95.915860
14490 80.043689 -4.395794 95.604206
14119 80.636659 -4.508839 95.491161
15060 79.921038 -14.597764 85.402236
2257 40.343396 40.343396 58.592581
1333 52.921519 -32.806710 32.806710
19117 52.683381 -32.196123 32.196123
4354 34.544478 -26.678750 26.678750
18774 31.892150 -7.963330 7.963330
18717 63.759903 -35.760566 64.239434
9259 64.285714 -35.714286 64.285714
13580 51.999305 -25.332840 25.332840
13743 52.158194 -24.637337 24.637337
23370 72.787702 -0.685352 99.314648
13989 87.235375 12.764625 33.758777
17762 45.170645 -24.487174 75.512826
6602 46.137538 -23.501223 23.501223
8714 72.640221 -18.854951 81.145049
16011 64.024940 -25.591590 74.408410
905 37.623683 -29.458896 70.541104
904 38.267601 -29.218171 70.781829
18312 37.840591 -28.835067 71.164933
9085 88.655676 -11.344324 40.107973
16094 89.200653 -10.799347 38.244642
3464 63.241230 -16.773893 83.226107
12958 80.034436 -2.665865 97.334135
2408 46.155757 -27.968980 72.031020
17743 56.403564 -43.596436 50.288063
993 84.263072 -2.090808 2.090808
3437 72.637326 -3.641706 3.641706
1991 76.732162 -23.267838 33.750354
2831 37.358872 37.358872 53.805394
16482 76.630802 -23.369198 58.888437
8923 36.767824 -8.958351 8.958351
8922 36.008972 -8.519520 8.519520
8062 28.412555 28.412555 44.333538
11029 28.301199 28.301199 44.154342
11030 28.267979 28.267979 44.337648
506 85.321653 -1.744386 1.744386
15295 66.560017 -33.439983 43.183224
7352 65.575748 -6.901864 93.098136
16211 64.978108 -6.654487 93.345513
3470 34.722755 22.809158 77.190842
291 34.335190 20.337566 79.662434
11416 67.486522 -30.352745 30.352745
16660 38.326317 -25.892955 74.107045
6532 66.662769 -33.337231 44.475495
4243 66.008255 -33.991745 45.336975
16047 39.918364 39.918364 54.515664
12598 44.350641 43.262118 43.262118
5774 38.314274 -33.624161 33.624161
5778 51.787676 -41.027184 58.972816
17453 72.450922 -21.316925 78.683075
12243 82.932424 -2.837646 2.837646
15307 80.346446 -19.653554 41.807302
15064 80.739127 -19.260873 42.011743
11770 43.815986 -18.432120 81.567880
7759 44.222199 -18.732647 81.267353
5585 45.972839 44.040016 44.040016
15846 67.880484 -23.974647 76.025353
11444 86.923350 -10.414552 89.585448
1791 30.082565 -28.194862 28.194862
2455 36.443629 -27.524669 27.524669
15356 77.073739 -19.102509 80.897491
1283 66.127836 13.442939 86.557061
23371 75.000000 25.000000 75.000000
3465 62.664452 -16.679107 83.320893
5078 55.937531 -5.506197 94.493803
10494 68.944750 -23.687447 76.312553
14127 68.412609 -24.265239 75.734761
8983 46.465580 -0.797470 99.202530
6963 33.661751 -30.623249 30.623249
508 95.884037 -4.115963 78.431811
11222 62.950501 -22.973944 22.973944
533 69.940656 -18.301100 81.698900
14906 36.561691 -25.311410 74.688590
3597 69.632582 -21.813691 78.186309
10143 25.474873 14.891980 14.891980
11509 58.263255 -36.391340 36.391340
3783 35.124900 -30.756861 30.756861
4277 35.760143 -28.278649 28.278649
5094 58.270287 -32.086053 32.086053
17940 29.411922 29.411922 57.092392
16797 29.966904 29.966904 57.317482
18438 29.939131 29.939131 56.427596
5372 71.166570 -22.235988 22.235988
5371 71.021372 -21.694788 21.694788
7753 72.713076 -9.295185 90.704815
7053 79.418095 -15.426259 84.573741
6249 87.450904 -12.549096 22.452790
11751 87.184786 -12.815214 24.732929
7813 75.752593 24.247407 28.459618
8363 17.227956 17.227956 58.446445
15549 59.588132 -7.223216 7.223216
12291 59.224970 -17.273459 82.726541
8654 70.812605 -13.226178 86.773822
5474 66.532197 -33.467803 58.129027
13401 67.567668 -15.387618 84.612382
14918 85.402660 -11.311436 88.688564
4216 77.245375 -16.490933 83.509067
987 38.770780 -25.884858 74.115142
23291 38.812018 -25.934529 74.065471
17454 78.064954 -19.175310 80.824690
23860 78.221011 -19.254170 80.745830
6730 15.181607 15.181607 30.744299
9552 47.194661 -24.504387 24.504387
471 33.465582 22.628987 77.371013
14774 50.320853 -35.695576 35.695576
9551 28.796513 28.796513 47.142629
3008 37.300695 -28.052838 28.052838
3007 37.528015 -28.103163 28.103163
12343 52.749792 -13.190777 13.190777
14289 93.023037 -4.657262 4.657262
2872 67.096074 -32.903926 45.502640
6531 66.471592 -33.528408 46.146534
17387 71.866732 -18.409989 18.409989
11453 72.004967 -18.942698 18.942698
14996 5.711474 -5.711474 63.465238
11891 89.070194 -10.929806 64.884517
15051 90.331614 9.668386 33.476699
16141 89.877371 10.122629 31.609796
12393 25.077667 25.077667 42.427273
2140 17.673467 -3.561551 3.561551
5785 50.449803 -6.819724 93.180276
18340 49.868955 -7.479116 92.520884
12308 88.198225 11.801775 44.002206
15569 38.226659 -23.390943 76.609057
17837 64.266182 -35.733818 62.642269
7407 64.877941 -35.122059 61.624821
10304 64.901300 -35.098700 63.254146
15155 63.623469 -12.352639 87.647361
13251 77.070184 -18.814676 81.185324
1805 19.787664 16.724304 83.275696
1806 18.589957 15.399065 84.600935
3234 41.527442 17.275218 82.724782
6753 40.333410 17.072505 82.927495
12005 38.852861 13.770607 86.229393
3247 6.889268 -6.889268 71.672303
23310 28.592196 28.592196 43.771348
23311 28.653091 28.653091 43.584297
1028 54.652827 45.347173 52.723068
5079 55.361016 -5.318656 94.681344
12383 39.655069 -29.290497 70.709503
4545 37.306454 -36.066407 36.066407
1998 50.539129 -17.663235 82.336765
17215 60.760447 -34.010702 34.010702
4861 60.054943 -34.313816 34.313816
13487 82.807355 -2.922983 97.077017
9434 43.481913 -24.221598 75.778402
9435 43.077895 -24.292425 75.707575
5538 71.764724 -13.456688 86.543312
6055 34.313485 34.313485 43.145678
5485 93.455320 -6.544680 31.143604
10089 70.376696 -29.623304 43.798719
17178 82.799776 -17.200224 28.968431
4698 83.456609 -16.543391 27.275230
16774 49.843167 -17.835045 17.835045
18949 49.122733 -17.539415 17.539415
3889 25.251094 25.251094 60.359043
3721 77.829664 22.170336 59.572223
1946 60.362847 -6.928647 6.928647
1944 60.400078 -6.174423 6.174423
13975 7.915782 -7.915782 71.484898
3769 40.535229 -22.704183 22.704183
4380 41.147379 -22.488250 22.488250
12771 42.024981 -16.430888 83.569112
16930 41.733105 -23.975554 76.024446
16689 69.947052 -30.052948 38.252141
18886 34.284486 -25.895804 25.895804
17408 55.636073 -18.886293 81.113707
23214 27.350222 27.350222 43.244905
23433 27.629433 27.629433 42.972598
23440 27.668745 27.668745 42.712921
18455 90.334261 -7.743428 7.743428
10969 50.262138 -39.475253 60.524747
1422 55.521547 -41.442979 41.442979
16686 61.483567 -11.111190 11.111190
18919 26.794851 26.794851 50.522448
18651 26.470254 26.470254 50.965891
19409 26.857441 26.857441 51.074267
23730 49.202352 -49.202352 50.067805
23731 48.834578 -48.834578 50.389879
16075 49.473684 -49.473684 49.473684
23803 49.537430 -49.537430 50.016951
3956 27.096110 27.096110 37.244438
23195 26.624108 26.624108 37.101660
2222 69.835270 30.164730 58.944082
2903 34.715195 17.159515 17.159515
17938 43.454623 -22.734849 77.265151
17798 87.904048 -8.430517 91.569483
19403 27.839379 27.839379 42.635215
15678 51.889244 -38.453130 61.546870
14901 51.478623 -39.178300 60.821700
16944 21.573920 -7.487397 7.487397
14363 26.489969 26.489969 68.578820
23134 85.024116 -1.942105 1.942105
9241 52.004229 -31.622438 31.622438
9242 51.416087 -31.553106 31.553106
11221 63.247117 -23.463886 23.463886
19019 41.193868 -32.874333 32.874333
15756 73.292700 -1.216201 98.783799
11074 10.011940 7.090770 92.909230
17310 8.252771 3.341012 96.658988
10793 72.462468 -0.667395 0.667395
18142 26.432585 26.432585 41.889335
2825 93.705180 -6.294820 67.284389
23463 93.424370 -6.575630 65.993572
7537 93.860314 -6.139686 64.542593
17472 36.861568 -33.744555 66.255445
19377 28.086645 28.086645 44.585979
19378 28.100055 28.100055 44.624422
18451 29.676715 29.676715 49.509091
760 53.970920 -46.029080 48.181751
15914 17.104472 17.104472 35.662331
897 56.870172 -38.566549 61.433451
1721 59.784271 -21.107483 78.892517
19040 28.077178 28.077178 44.487976
19294 28.084873 28.084873 44.433160
17167 28.034454 28.034454 44.433106
17611 27.303234 27.303234 43.522421
19342 28.057842 28.057842 43.677185
23434 28.100668 28.100668 43.819682
23442 28.140035 28.140035 43.733057
19154 27.882732 27.882732 44.990362
13678 27.939793 27.939793 45.198565
12037 27.999649 27.999649 44.507860
19037 28.048304 28.048304 44.515365
7772 55.175798 -21.089053 78.910947
4452 55.539600 -20.810399 79.189601
5638 38.733299 -28.036051 28.036051
10235 28.624556 28.624556 45.002089
19381 28.088462 28.088462 44.557972
13981 27.855997 27.855997 52.042362
16871 28.064900 28.064900 44.717250
11670 44.518039 -32.469399 67.530601
15306 46.986447 -23.891192 76.108808
1103 46.736782 -23.550754 76.449246
1226 84.990287 -2.018179 2.018179
17495 24.088845 24.088845 63.533666
15490 24.517990 24.517990 64.118747
519 27.912219 27.912219 51.911903
5727 27.951885 27.951885 51.821557
19339 27.800800 27.800800 43.647570
19343 27.754289 27.754289 43.800569
19344 27.887488 27.887488 43.807868
7918 27.401251 27.401251 43.909582
18436 28.733653 24.348955 24.348955
11463 29.689131 24.300575 24.300575
18435 27.929134 21.861224 21.861224
5961 47.014715 -29.264482 70.735518
17471 46.785175 -28.912181 71.087819
8897 47.828313 41.571545 41.571545
19440 28.077398 28.077398 44.655971
19441 28.038602 28.038602 44.640022
13447 70.341798 -16.715374 83.284626
17530 70.141788 -17.192549 82.807451
12786 70.851575 -16.833701 83.166299
12036 27.959535 27.959535 44.412568
10783 27.932226 27.932226 44.519745
168 47.711473 42.056749 57.943251
14054 48.641919 41.582776 58.417224
784 49.835961 43.563647 56.436353
321 53.385371 -46.614629 49.266063
23139 85.119290 -1.949378 1.949378
11035 85.051700 -1.964607 1.964607
16636 33.194614 -26.110020 73.889980
18509 51.994984 -48.005016 49.257885
15639 51.388889 -48.611111 48.611111
19382 28.076568 28.076568 44.530906
9183 27.863245 27.863245 44.177308
23221 27.907081 27.907081 44.136628
23220 27.855553 27.855553 44.075262
17627 28.184122 28.184122 44.200391
23319 28.124311 28.124311 44.159117
22926 28.117511 28.117511 44.206296
23186 27.646548 27.646548 43.787167
23222 27.692646 27.692646 43.877935
11178 76.902089 -17.886571 82.113429
19372 27.555359 27.555359 45.117157
12676 39.256355 -25.292661 25.292661
23732 26.970335 -26.970335 46.144054
23786 27.141322 -27.141322 49.391216
5701 55.517058 -21.226190 78.773810
13123 46.362340 -31.991525 68.008475
511 70.492206 -29.507794 57.564731
13349 77.681992 -7.022263 92.977737
9182 27.809863 27.809863 44.272135
12845 27.678077 27.678077 44.237042
76 50.261168 -36.940302 63.059698
14022 49.731393 -29.796899 70.203101
8857 49.555494 -29.270433 70.729567
12658 78.582847 -18.208286 81.791714
10863 78.414333 -18.452662 81.547338
7186 67.842008 -23.636052 23.636052
23444 27.585540 27.585540 41.898879
19375 27.854682 27.854682 43.950986
23313 29.093785 29.093785 43.309271
9463 39.002929 -19.835923 80.164077
9465 39.495468 -20.012778 79.987222
18128 39.486423 -19.535796 80.464204
6206 63.204463 -21.516408 78.483592
6205 62.647359 -21.742583 78.257417
8174 62.801882 -22.027207 77.972793
23441 27.635439 27.635439 42.837147
16301 28.341991 -17.918391 17.918391
17338 27.445657 -18.762935 18.762935
6284 28.275701 28.275701 43.069275
84 5.825136 5.825136 57.400362
8226 71.558567 -13.330555 13.330555
6655 70.914812 -13.974211 13.974211
5700 56.018882 -20.897781 79.102219
18906 27.538875 23.140620 23.140620
4386 56.370988 -20.443214 79.556786
15546 56.553149 -20.777299 79.222701
19369 27.764934 27.764934 44.837847
19368 27.881925 27.881925 44.840380
19370 27.851537 27.851537 44.708211
3726 27.745134 27.745134 44.614022
19340 27.922940 27.922940 43.636991
23445 27.939824 27.939824 43.975652
19418 27.963715 27.963715 43.902420
23446 27.911427 27.911427 43.909232
14622 57.564253 -32.163832 67.836168
23314 28.349508 28.349508 43.974912
23316 28.236821 28.236821 44.007394
3577 28.125568 28.125568 44.408642
19391 28.118368 28.118368 43.979910
23317 28.196400 28.196400 44.089963
19389 27.931948 27.931948 44.065658
19374 28.004561 28.004561 43.807312
22925 28.004289 28.004289 43.990209
22928 28.012738 28.012738 44.073842
23443 28.053453 28.053453 44.037038
1339 53.320519 -40.331493 40.331493
23223 27.807254 27.807254 44.020147
12141 36.583664 -24.861694 75.138306
12139 36.651319 -25.018263 74.981737
12140 36.769593 -24.869757 75.130243
1915 41.472436 32.620712 67.379288
9165 43.116104 33.178060 66.821940
1916 43.058525 34.904795 65.095205
23312 28.143020 28.143020 44.251056
23447 28.034702 28.034702 43.924248
19390 28.084244 28.084244 44.109512
23327 28.094190 28.094190 44.171606
23318 28.141489 28.141489 44.107778
18437 27.918215 27.918215 44.281870
17169 28.001510 28.001510 44.322130
23219 27.976030 27.976030 44.241052
19388 27.965005 27.965005 44.167798
23224 27.919655 27.919655 44.197113
23225 27.944726 27.944726 44.221958
293 28.101838 28.101838 44.531930
9791 39.197948 -26.401130 73.598870
23262 39.067685 -26.358242 73.641758
23263 39.082279 -26.445563 73.554437
4612 38.982814 -26.433034 73.566966
5607 28.305372 28.305372 44.627222
16891 42.009430 -21.408874 78.591126
16890 42.089093 -21.073501 78.926499
17168 28.070129 28.070129 44.352683
19464 28.050696 28.050696 44.211502
15243 77.365647 -7.879494 92.120506
49 40.840353 -32.616643 32.616643
18184 27.996217 27.996217 45.044363
19300 27.967753 27.967753 44.900478
1605 37.273979 -25.683599 74.316401
1607 37.251439 -25.493736 74.506264
10428 38.419385 -12.248467 87.751533
0 46.109784 19.763081 19.763081
6120 47.737346 39.954037 60.045963
11885 76.243140 -23.756860 50.092027
3849 34.385207 -1.216424 1.216424
11665 50.991192 -10.483798 89.516202
6412 18.958334 -3.281404 3.281404
11345 81.481481 0.000000 0.000000
9432 80.555556 0.000000 0.000000
23601 84.820034 5.707597 5.707597
18553 57.309838 -12.092298 12.092298
13901 56.383650 -12.077584 12.077584
23196 27.089510 27.089510 41.317948
19211 61.500000 38.500000 61.500000
1046 42.054250 42.054250 51.068922
6588 43.665948 43.665948 50.337473
17335 66.300695 -18.171860 81.828140
4746 78.566768 21.433232 71.922586
4398 32.861423 -28.375872 28.375872
22972 32.963025 -28.196162 28.196162
15701 78.959267 -12.486188 12.486188
15487 61.884278 -2.823033 97.176967
9597 36.523839 -21.363999 21.363999
9357 36.423438 -22.072815 22.072815
686 60.351169 -19.380258 80.619742
2300 60.938523 -19.381304 80.618696
56 60.873389 -18.917262 81.082738
9510 43.185222 25.099055 74.900945
2284 54.759863 -13.026455 86.973545
13599 90.172124 9.827876 17.533705
9910 53.083561 -18.328298 18.328298
6892 63.122705 -17.528842 17.528842
4018 29.181366 -13.197309 13.197309
4554 20.465201 20.465201 38.600358
11850 20.986191 20.986191 38.069086
3535 34.232207 -27.499738 27.499738
3537 34.204427 -27.756368 27.756368
17805 79.546527 -17.774356 82.225644
1459 41.898950 -34.761248 34.761248
1457 42.376289 -34.922339 34.922339
5023 36.424953 36.424953 52.446519
5047 36.431181 36.431181 53.450491
6326 40.803841 20.256348 20.256348
10710 78.813373 -21.186627 26.592621
5275 27.130131 -10.499503 10.499503
3878 51.371618 20.720563 20.720563
5341 58.542603 -29.643817 70.356183
5340 58.718093 -30.030891 69.969109
14916 81.702029 -17.528450 82.471550
18929 81.786440 -17.840323 82.159677
18649 54.249898 38.701716 38.701716
5905 73.853699 -5.672312 94.327688
747 43.872034 -13.648054 86.351946
8413 60.377128 -12.834340 87.165660
5478 60.468886 -12.372180 87.627820
11175 49.346384 -23.548127 76.451873
6453 6.351043 -6.351043 69.188748
55 60.860321 -18.415254 81.584746
10647 82.787910 -5.911701 5.911701
1394 60.794134 39.205866 49.558346
17879 81.556530 -0.570238 99.429762
5870 40.530253 -26.180867 26.180867
11888 45.728644 -28.578142 28.578142
12218 55.042234 -21.466290 78.533710
3407 67.172222 -14.870079 85.129921
5160 57.479255 -11.108364 88.891636
6235 37.625901 -30.556557 30.556557
7981 75.932343 24.067657 71.905139
18822 63.202712 -33.708025 66.291975
2660 89.100763 -10.899237 40.503881
23733 41.463901 -41.463901 51.494688
23734 41.287028 -41.287028 48.268409
15538 28.502123 -1.940943 1.940943
3690 26.333326 26.333326 69.889142
14089 60.381668 -5.437988 5.437988
6489 61.272216 -5.716368 5.716368
4943 31.971106 -4.133539 95.866461
4944 32.560369 -4.822219 95.177781
18625 27.219868 27.219868 56.849587
10430 40.592251 -23.271823 76.728177
13128 29.239134 29.239134 44.341683
10305 28.933497 28.933497 44.171956
4637 25.818374 -16.879125 16.879125
215 68.629932 -7.449747 92.550253
8521 35.976321 -28.781428 28.781428
8175 63.355233 -22.011941 77.988059
18727 42.100192 -24.007605 75.992395
11806 86.329297 -0.598319 99.401681
18380 85.609358 -0.664031 99.335969
11804 85.530783 -0.841676 99.158324
5527 82.835279 -12.001069 87.998931
16550 73.740741 -15.646109 15.646109
18059 73.796094 -14.825941 14.825941
15595 59.782308 -32.763078 32.763078
9884 60.071924 -33.156667 33.156667
9855 51.991777 -7.359855 92.640145
4221 27.630815 -13.505665 86.494335
646 56.129841 40.384051 59.615949
5249 51.298826 -36.287481 36.287481
8834 55.141612 -43.193988 56.806012
3353 69.908277 -30.091723 55.404109
7431 24.382668 24.382668 48.465172
6234 23.630621 23.630621 48.771333
14865 59.610496 40.389504 50.325349
3441 26.505241 26.505241 43.719271
13396 30.881393 30.881393 42.118841
2877 67.207427 -6.223136 93.776864
4858 37.132088 -27.883077 27.883077
6997 80.657238 -16.419903 83.580097
18492 51.761868 -25.988605 25.988605
8116 48.183907 -27.056196 27.056196
4820 47.734039 -26.609588 26.609588
5970 87.940983 -11.447258 11.447258
11407 80.568332 -19.081535 80.918465
9533 80.519481 -19.480519 80.519481
2639 67.343095 -19.156224 80.843776
12652 54.994862 -42.568448 42.568448
7637 45.118540 -21.510821 78.489179
18165 45.414443 -21.840038 78.159962
23103 81.242953 -1.673309 1.673309
2058 73.798354 -6.985729 6.985729
17353 32.076362 22.405241 77.594759
9342 73.692951 -26.307049 33.723069
8964 68.495417 -31.504583 64.841427
11647 77.961359 -7.580934 92.419066
13661 37.456574 -20.495710 79.504290
2182 27.243380 -7.988294 92.011706
2183 27.555914 -8.731504 91.268496
17799 81.483047 10.191068 10.191068
12066 29.029316 -21.167171 78.832829
1921 26.979978 26.979978 45.953897
1328 36.804044 -3.174473 3.174473
15331 77.773652 -22.226348 26.627879
18117 32.035954 -1.650168 98.349832
8025 81.820832 -0.270253 99.729747
4962 28.343751 -21.781980 78.218020
4963 28.569011 -22.502274 77.497726
15978 54.107247 -8.787039 91.212961
17320 60.600751 -16.523560 83.476440
6785 25.351087 25.351087 63.415579
15847 67.886456 -24.348059 75.651941
7198 24.550439 24.550439 47.285749
12233 99.219196 0.780804 6.932014
7797 76.659619 -19.201957 80.798043
17008 76.673684 -19.469421 80.530579
498 55.555556 44.444444 44.444444
23829 55.753717 44.246283 45.697860
17985 82.899445 -10.983154 10.983154
8217 79.429027 -20.570973 58.579761
489 78.975411 -21.024589 57.648181
16827 80.544065 19.455935 24.010074
8536 83.931583 -2.043440 2.043440
13081 84.165873 -2.030532 2.030532
13603 37.894737 -37.894737 62.105263
17119 41.673872 41.673872 44.242082
14428 46.159068 -45.584141 45.584141
9039 45.789474 -45.789474 45.789474
2357 45.753193 -45.004456 45.004456
2169 64.668012 -33.791177 66.208823
11042 58.979289 -10.666035 89.333965
3267 68.828988 -10.297457 10.297457
2038 77.513813 -14.012161 85.987839
12168 21.581314 21.581314 58.294868
19412 27.604524 27.604524 44.894795
9066 3.684211 -3.684211 96.315789
23735 3.840337 -1.659567 98.340433
4722 3.738318 0.000000 100.000000
23801 3.039145 -1.129594 98.870406
23736 3.281455 -1.715727 98.284273
3502 61.341803 38.658197 49.794288
6802 38.845305 -7.627568 92.372432
9559 36.957299 -26.246537 26.246537
12946 36.964702 -25.938488 25.938488
12548 82.467841 -17.532159 47.720657
492 82.136808 -17.863192 47.715009
5422 35.617310 -7.706573 7.706573
11534 38.323316 -23.134290 23.134290
1925 73.901318 -4.560218 95.439782
2277 30.524458 -22.815126 77.184874
7483 31.263399 -22.125358 77.874642
18493 63.636364 -36.363636 63.636364
9265 80.973743 -17.884409 82.115591
9266 81.590970 -17.236369 82.763631
15743 57.854058 -11.427355 11.427355
10399 44.906425 -36.647227 36.647227
12259 44.405667 -36.837402 36.837402
4917 30.741762 -23.635758 76.364242
23372 74.500000 25.500000 74.500000
7903 28.073501 -10.251954 89.748046
11319 38.899023 -15.741355 15.741355
10816 39.173175 -15.105876 15.105876
769 83.582950 -15.040645 84.959355
1767 75.700935 0.000000 100.000000
1766 75.464482 -0.431496 99.568504
2526 40.346538 -1.508088 98.491912
9225 73.432414 -8.888960 91.111040
1531 74.125891 -8.487540 91.512460
5150 85.415010 -6.101646 93.898354
10890 68.360356 -31.639644 42.431931
17549 28.945872 28.945872 45.801609
10482 28.714768 28.714768 46.039417
607 42.957567 -20.079545 79.920455
23052 28.344382 28.344382 54.642843
23053 28.195771 28.195771 54.459154
4455 87.659762 -11.740198 88.259802
6533 88.507981 -11.033806 88.966194
7961 6.377502 6.377502 42.452461
820 40.637257 -12.362214 87.637786
10413 30.279535 -14.407927 14.407927
8366 53.380844 -21.955499 21.955499
8364 53.183502 -21.158285 21.158285
459 35.162286 -28.318666 28.318666
609 33.528126 -4.683260 95.316740
4827 57.287407 -2.765714 2.765714
15789 30.920379 30.920379 35.567444
18093 30.356717 30.356717 54.877551
3332 29.612650 29.612650 50.286390
12177 35.059589 -28.442092 28.442092
6860 3.518461 -3.518461 90.531387
10546 55.438391 -43.758863 56.241137
7439 43.707277 -25.537407 74.462593
5146 52.313953 -20.477746 20.477746
3747 88.982566 -6.268291 6.268291
10277 58.175751 -3.313813 96.686187
7036 54.789560 -18.647334 81.352666
7035 54.423198 -18.975056 81.024944
13548 61.363370 -13.176544 86.823456
11120 63.093837 -12.839939 87.160061
14733 39.668175 -22.861004 77.138996
5233 27.757731 27.757731 53.029632
22974 27.727652 27.727652 52.827036
19452 27.711338 27.711338 52.637736
19065 27.546253 27.546253 52.596549
14908 27.368421 -27.368421 27.368421
17212 26.714457 -13.910289 86.089711
3635 69.650624 -18.114762 81.885238
16826 81.111111 18.888889 18.888889
16491 81.666667 18.333333 18.333333
8446 57.908185 -23.827610 23.827610
9572 70.348919 -15.397438 84.602562
13516 47.592654 -20.508593 79.491407
13630 70.964555 -15.010949 84.989051
13222 43.589963 -28.723489 28.723489
15661 26.679310 -25.884432 25.884432
17676 52.434723 -26.153461 73.846539
9831 52.613452 -47.386548 49.908854
11083 51.940856 -48.059144 50.598998
10363 37.525606 -8.744678 8.744678
1664 57.877567 -5.963280 5.963280
14203 12.962963 0.000000 0.000000
4058 78.439229 -17.448743 17.448743
9788 77.863431 -18.314433 18.314433
9790 77.404194 -17.687362 17.687362
13950 28.280617 28.280617 53.049983
12600 78.678608 -3.227366 3.227366
14862 23.452218 23.452218 71.684965
17064 22.557900 22.557900 71.634264
599 77.133897 -13.436920 13.436920
15702 78.083698 -13.039666 13.039666
600 77.750663 -13.968980 13.968980
7738 75.812385 -6.880785 93.119215
449 90.439885 -6.574327 6.574327
1810 68.763618 -18.284316 81.715684
17661 27.642912 27.642912 44.696624
4896 11.038851 -4.923696 4.923696
3593 53.083735 -41.030106 58.969894
1179 25.880307 7.188073 7.188073
14989 24.697345 6.393126 6.393126
13188 30.016637 30.016637 39.749167
12016 73.700937 -22.491155 77.508845
18104 29.497341 29.497341 40.170307
17304 27.842974 27.842974 51.495096
15771 37.067719 -25.423835 74.576165
14945 27.604327 27.604327 44.463580
11043 59.619090 -10.974354 89.025646
10141 26.744895 18.537889 18.537889
13340 28.068807 28.068807 52.051441
4614 39.039355 -26.550743 73.449257
23265 39.123592 -26.484666 73.515334
18539 27.681005 27.681005 51.909084
19394 27.613501 27.613501 51.771039
10087 70.769346 -29.230654 44.779722
11177 76.340093 -18.274716 81.725284
14735 39.324358 -26.529655 73.470345
206 70.463872 -15.200608 15.200608
9458 28.337151 28.337151 44.963856
5217 28.307713 28.307713 45.181910
18148 50.025557 -21.532519 78.467481
13313 29.017182 29.017182 45.255995
12716 54.023270 -13.241995 86.758005
491 81.956615 -18.043385 48.780090
16128 51.616882 -12.581071 87.418929
8516 52.232105 -12.731744 87.268256
12768 80.422702 -19.577298 49.298215
11732 80.206558 -19.793442 49.894560
8196 47.848769 -23.307834 76.692166
2571 85.831516 -4.170023 4.170023
19302 71.053919 -28.946081 52.723639
10498 82.318698 -1.506470 98.493530
5796 58.257556 -8.143544 91.856456
14764 58.058593 -7.593299 92.406701
8949 99.240714 -0.759286 8.575661
14185 98.867975 -1.132025 13.995293
15308 98.431127 -1.568873 13.659979
23830 55.340555 44.659445 46.235691
23831 55.554958 44.445042 46.040970
14498 20.511178 -12.338656 87.661344
16986 21.485803 -11.681292 88.318708
16347 20.614458 -11.416632 88.583368
14517 28.767726 28.767726 46.546258
497 53.875977 43.805310 43.805310
18170 57.704179 -32.746387 32.746387
12519 47.446281 -45.949801 45.949801
620 58.493649 -30.212153 30.212153
5514 41.130237 -33.670725 33.670725
15326 53.297323 46.702677 48.448115
14103 17.012229 -16.029817 16.029817
14221 19.581712 -13.081620 86.918380
16348 19.567632 -12.158309 87.841691
10429 40.334563 -23.146642 76.853358
10431 40.639014 -22.984773 77.015227
8487 37.216344 -27.637019 27.637019
14943 91.259695 -7.398050 7.398050
8220 84.689108 -2.115664 2.115664
3775 84.952117 -14.690450 85.309550
6862 4.057583 -4.057583 87.671974
2604 41.473159 -17.620595 82.379405
1357 24.268796 -13.125785 13.125785
1358 23.330029 -12.958322 12.958322
5731 52.654486 -33.695184 66.304816
15196 52.843056 -33.194989 66.805011
6616 51.678740 -43.077509 56.922491
3212 41.893232 -28.072641 71.927359
16403 41.527811 -28.334734 71.665266
2488 25.497959 25.497959 69.952941
8382 25.554712 25.554712 68.174176
7260 69.289840 -30.710160 36.539191
8203 26.146842 -15.577789 84.422211
8995 83.012084 -16.987916 44.809413
1050 96.261682 0.000000 100.000000
4583 97.196262 0.000000 100.000000
23550 97.237245 1.135486 98.864514
23551 96.881050 1.268850 98.731150
11618 48.797967 -28.243033 71.756967
11560 49.200746 -28.439016 71.560984
15380 31.127989 31.127989 66.626921
1561 61.950070 -22.628524 22.628524
17479 39.116977 -30.795803 69.204197
11703 82.154747 -5.553658 94.446342
17594 82.030130 -2.158011 97.841989
5344 72.940131 -22.011153 77.988847
9472 46.843478 -18.965345 81.034655
12295 17.610462 -16.530372 83.469628
12014 16.842105 -16.842105 83.157895
14642 71.777459 -13.973984 13.973984
10330 86.011749 -13.988251 49.237870
17878 75.889196 -24.110804 33.347563
172 38.556412 -21.272944 21.272944
7959 67.604366 -13.412381 86.587619
1557 67.417379 -13.907894 86.092106
1556 68.077445 -13.582610 86.417390
10706 63.256910 -29.848273 29.848273
15558 37.300234 -20.484848 20.484848
15557 37.745767 -20.012894 20.012894
10484 32.964142 -14.897019 85.102981
11410 40.152457 -38.528586 61.471414
834 28.315518 -3.821951 96.178049
23474 86.944067 -1.168881 1.168881
23475 86.801007 -1.317056 1.317056
23482 87.083147 -1.005981 1.005981
19353 27.996440 27.996440 52.039953
19354 28.018418 28.018418 52.009754
16572 79.470528 -18.397380 18.397380
9859 19.083260 19.083260 21.682650
22 45.850363 -28.351191 71.648809
1880 30.362497 -17.206235 82.793765
10952 33.321103 -25.189357 74.810643
23172 33.712361 -25.021963 74.978037
23174 33.491710 -24.813734 75.186266
9498 52.460018 -31.733806 31.733806
7977 76.501679 -12.034918 87.965082
11809 50.701445 -42.459194 42.459194
2499 51.139775 -42.476662 42.476662
11255 56.978597 -21.803077 78.196923
4602 25.059815 -4.009983 4.009983
10698 90.725987 -9.274013 38.968840
16992 91.379301 -8.620699 37.363504
2570 85.446414 -4.802533 4.802533
4812 70.131078 -29.868922 63.236025
3052 0.310641 -0.310641 49.756739
17747 55.359443 -4.808748 95.191252
6082 54.703812 -5.092032 94.907968
6274 65.988259 -20.510775 79.489225
9963 66.053032 -20.149009 79.850991
14165 71.855054 -28.144946 47.468929
7301 16.411340 9.087593 9.087593
5412 11.993800 8.368215 91.631785
12160 10.616117 3.656819 96.343181
11756 11.896202 4.775227 95.224773
10964 62.599915 -31.542110 31.542110
1085 38.489892 -25.154242 74.845758
3629 70.996377 -29.003623 60.286603
15894 71.699565 -28.300435 60.469260
5958 98.304940 1.695060 48.601024
6974 81.339848 18.660152 75.613506
2671 13.832596 13.832596 31.433566
7818 36.204414 -23.199245 76.800755
5989 4.354644 -4.354644 66.810456
8020 43.738361 -28.981363 71.018637
2799 57.583609 -22.686557 22.686557
92 52.963524 -42.925863 57.074137
3768 53.635205 -42.364971 57.635029
19254 31.799081 -21.654999 21.654999
4551 73.473921 -18.099339 18.099339
4399 33.210388 -28.109261 28.109261
17506 92.606010 -6.167695 93.832305
9578 91.496658 -6.634122 93.365878
18930 52.173687 -16.302690 83.697310
6857 77.767303 -9.668105 9.668105
16537 33.733489 -20.944552 20.944552
2879 85.948007 -12.396950 87.603050
4499 87.790236 -7.535489 92.464511
4498 88.373617 -7.507343 92.492657
17909 37.522468 -33.567893 66.432107
13201 37.351650 -34.254990 65.745010
9269 67.361111 -32.638889 32.638889
8470 26.741353 21.754593 78.245407
187 65.972222 -34.027778 34.027778
6821 69.012712 -1.587974 98.412026
10892 67.673873 -32.326127 42.774346
10733 67.344296 -32.655704 44.131302
5592 28.833770 2.828586 2.828586
23156 38.570172 -26.056022 73.943978
10828 15.553788 2.850636 2.850636
7832 71.473884 -23.748253 76.251747
14946 36.315789 -36.315789 63.684211
6236 37.837320 -30.691894 30.691894
15488 37.970304 -30.488180 30.488180
11838 52.106205 -37.089975 62.910025
4134 40.028804 30.607283 69.392717
577 40.408319 -39.926763 39.926763
16615 54.926306 -45.073694 49.024745
23054 28.033824 28.033824 53.549208
23055 28.016253 28.016253 53.315937
10623 54.689508 -4.557640 95.442360
7045 61.203888 -34.892971 65.107029
11880 72.090505 -7.487846 7.487846
9291 28.547273 2.799252 97.200748
1442 29.822237 3.692301 96.307699
3146 57.106954 15.571873 84.428127
17759 40.636809 -28.051166 71.948834
10405 76.674634 -20.035943 20.035943
160 77.075402 -20.589542 20.589542
13584 72.599517 -13.302502 13.302502
7953 48.097311 -11.020967 88.979033
12976 53.191863 40.174904 59.825096
15235 89.522172 -10.477828 56.700043
15994 19.318433 -2.024690 97.975310
10584 80.657162 -19.342838 75.221379
8660 47.746670 -24.186858 75.813142
16041 37.995333 -33.244685 33.244685
3398 38.047385 -30.969275 30.969275
16958 71.697099 -28.302901 54.666133
652 71.942699 -28.057301 55.800182
8745 47.553245 -46.844108 46.844108
3862 42.411149 -13.471183 86.528817
18758 70.082719 -10.627066 89.372934
4090 84.380092 15.619908 61.622899
9827 55.725144 -28.686463 71.313537
16416 38.472206 -25.746897 74.253103
17241 52.511496 -31.085142 31.085142
8027 82.242991 0.000000 100.000000
16690 69.948902 -30.051098 39.412381
9543 42.651112 -30.184925 30.184925
10983 43.078732 -30.305614 30.305614
23227 26.874783 26.874783 39.648171
23209 26.755315 26.755315 39.826222
5349 42.513278 -34.334334 34.334334
4488 60.165380 -7.787839 7.787839
3431 41.487528 -21.930510 78.069490
12209 42.586976 -36.773461 36.773461
11193 42.966006 -37.067784 37.067784
23602 69.856365 8.707089 8.707089
23603 70.998872 10.673838 10.673838
15173 22.910616 21.190882 21.190882
12641 21.483601 19.547924 19.547924
13681 22.619048 22.619048 22.619048
23228 23.095233 19.984264 19.984264
12642 21.775997 18.008019 18.008019
14886 32.038822 -14.632332 85.367668
482 61.736113 -30.925237 30.925237
8801 54.544685 -45.455315 52.703126
18081 38.518309 -25.638239 74.361761
3787 61.880411 -38.119589 41.244359
5713 77.922078 -22.077922 77.922078
3715 78.571429 -21.428571 78.571429
4913 17.392717 13.631880 86.368120
9029 38.796653 -11.532359 88.467641
9030 39.518759 -11.470000 88.530000
6887 44.895714 -14.665886 85.334114
7247 37.283853 35.199141 64.800859
6705 36.585366 36.585366 63.414634
6704 36.042315 34.587345 65.412655
12085 67.568879 -12.620955 12.620955
12084 67.676953 -13.251076 13.251076
15192 13.356199 -11.597989 11.597989
621 59.056188 -30.063093 30.063093
7810 84.223807 15.776193 41.248678
1441 84.451277 15.548723 34.633134
5421 78.647503 5.012758 5.012758
2094 48.196858 -29.362952 70.637048
605 43.364053 -19.861967 80.138033
5834 82.302263 -17.697737 20.909437
19222 37.875796 -37.353822 37.353822
16451 46.960612 -39.273754 39.273754
7466 46.437834 -39.172383 39.172383
12663 38.719524 -26.506377 73.493623
9501 39.285278 -12.077572 87.922428
14129 90.513619 -3.826150 96.173850
16225 91.400093 -3.750656 96.249344
9525 49.925107 -39.183813 39.183813
2548 53.200705 -29.325883 29.325883
170 46.757055 40.164169 59.835831
522 53.682368 -21.570787 78.429213
5085 53.035670 -21.763845 78.236155
16904 36.566403 -30.179211 30.179211
12717 52.860177 -21.320477 78.679523
5405 72.902767 -17.616838 82.383162
9800 85.030271 -14.969729 43.281710
10230 84.890907 -15.109093 45.067227
17870 60.402644 -33.588531 33.588531
13102 76.726411 -23.273589 60.749295
10148 58.901416 -24.452026 75.547974
23558 86.711744 6.034872 93.965128
23572 85.994697 5.484790 94.515210
6056 33.406295 33.406295 42.674343
19242 32.700623 32.700623 42.350074
13822 45.929982 17.164310 82.835690
6504 97.363767 -2.636233 85.601010
12136 46.824053 -25.771048 25.771048
11947 42.047805 -37.373078 62.626922
2750 61.833205 -24.800266 75.199734
10438 82.061288 -10.735728 10.735728
2428 91.549567 -8.450433 65.844888
7062 51.545146 -16.306572 83.693428
18048 80.220107 -3.982750 96.017250
2899 87.237555 -7.497245 92.502755
2897 87.937918 -6.932592 93.067408
2898 87.091550 -7.179933 92.820067
15314 27.517328 2.139622 97.860378
9290 28.675732 4.800923 95.199077
17824 69.487466 -30.512534 51.423185
2149 5.607477 0.000000 100.000000
4307 40.834700 -20.443651 79.556349
15455 40.751277 -20.077246 79.922754
17230 87.012987 -12.987013 87.012987
7200 69.322870 -30.677130 56.729650
17504 70.093458 0.000000 100.000000
5848 40.706070 -10.506704 89.493296
15833 71.972724 -15.960965 84.039035
1010 48.741185 -14.445459 85.554541
9263 71.940048 -9.654689 90.345311
7283 63.444801 -19.025817 80.974183
983 96.055694 -3.944306 85.525441
17753 96.709552 -3.290448 85.597180
9494 81.631331 -18.368669 44.045696
4622 68.026592 -6.358592 93.641408
17378 41.904410 -21.783101 78.216899
8513 41.607068 -21.555119 78.444881
7104 58.857462 -22.543137 77.456863
19257 57.830517 -42.169483 53.854509
12745 78.462067 -4.751183 95.248817
8531 47.661255 -46.571000 53.429000
818 48.163242 -45.386637 54.613363
5872 98.006525 1.993475 88.702301
1748 69.889390 -28.634877 71.365123
10417 89.589569 10.410431 77.428890
8924 41.651528 -25.132968 74.867032
2175 53.777456 -32.626366 67.373634
12893 35.779919 -30.929938 30.929938
7677 75.104306 -3.406203 3.406203
12078 74.439810 -3.919724 3.919724
13455 44.302545 -22.739775 77.260225
17639 65.884705 -31.196831 31.196831
12296 16.315789 -16.315789 83.684211
3982 5.372721 5.372721 35.626877
14542 65.606328 -8.041920 8.041920
17843 49.427836 -6.840591 93.159409
14278 52.376024 36.570400 36.570400
15351 44.671005 -22.947865 77.052135
15352 44.598078 -23.369615 76.630385
131 61.946498 -1.630853 98.369147
130 61.624546 -1.166278 98.833722
11419 56.193887 -34.892839 65.107161
13084 44.923102 -23.527341 76.472659
3512 59.469145 -26.311690 73.688310
3510 59.221994 -26.127355 73.872645
14378 81.850265 -18.149735 53.424449
10034 28.714229 28.714229 43.005301
23320 28.826703 28.826703 43.248907
10035 28.962948 28.962948 43.035832
23321 28.958385 28.958385 43.273812
15348 28.061164 28.061164 40.229376
8899 29.990748 -21.087461 21.087461
16886 44.315701 -2.058871 97.941129
15384 17.073171 17.073171 82.926829
23738 7.694123 -2.462340 97.537660
2939 36.537862 -22.273072 77.726928
5835 82.135214 -17.864786 19.455366
8942 79.502431 -3.888048 96.111952
11807 78.603578 -4.234759 95.765241
14837 79.358577 -4.320265 95.679735
12707 81.538647 -18.461353 45.444829
5800 56.164702 -15.836602 84.163398
16903 46.368402 23.342442 23.342442
10278 45.319676 21.170388 21.170388
9929 59.637484 -17.445855 82.554145
7101 30.510157 -1.105918 1.105918
11588 77.861132 -4.094545 95.905455
4678 28.138255 28.138255 39.469680
23449 27.901855 27.901855 38.631994
23450 27.699560 27.699560 39.018177
3954 28.077672 28.077672 37.982776
23451 27.559276 27.559276 37.749691
23452 27.704646 27.704646 38.160246
18023 60.672923 -23.160279 76.839721
15980 60.767503 -23.531976 76.468024
12351 43.377642 -25.130251 74.869749
18802 74.315543 -25.684457 37.831954
3570 70.500351 -18.617953 18.617953
6021 71.226774 -18.875540 18.875540
13040 73.912156 -26.087844 40.794797
8023 73.475539 -26.524461 41.675852
4860 59.449069 -34.514627 34.514627
12480 56.477397 -39.331211 39.331211
19 91.623351 -8.376649 42.249027
18267 91.230352 -8.769648 45.768948
12179 35.072050 -28.592763 28.592763
10789 48.056264 -20.624635 20.624635
12900 92.011607 -7.988393 35.651428
813 68.093083 -6.984654 93.015346
13082 38.651225 -29.176969 29.176969
17839 88.712941 11.287059 14.463077
12304 88.212334 -2.384913 97.615087
5126 84.682445 -1.914604 98.085396
12273 39.680186 -25.477669 25.477669
3669 60.581466 -37.380928 62.619072
18313 56.091032 -14.791423 85.208577
8692 49.129143 -25.426680 25.426680
6742 40.248427 40.248427 41.431220
6942 72.129535 -15.258765 15.258765
12027 78.458867 -19.836778 19.836778
12026 77.619827 -19.836861 19.836861
18387 78.402861 -18.969869 18.969869
9074 30.893376 -21.365181 21.365181
9076 30.075997 -21.858432 21.858432
4801 75.698316 -23.648591 23.648591
13529 76.352313 -23.139980 23.139980
7987 57.575987 -17.114245 17.114245
10953 33.516558 -25.666580 74.333420
13272 81.526022 -18.473978 64.512679
16933 51.065450 -15.468726 15.468726
13020 88.877361 11.122639 18.418897
15586 33.512632 -21.673460 21.673460
23322 28.756728 28.756728 43.509693
4466 35.730851 -27.523436 27.523436
13523 42.633179 -14.001654 85.998346
14071 60.193694 -26.679139 73.320861
5359 19.244497 19.244497 40.184622
6131 71.614071 -12.408192 87.591808
9725 70.113488 29.886512 51.983096
14309 70.448113 29.551887 48.325074
14488 49.837266 28.149080 28.149080
14489 51.012535 28.108175 28.108175
14487 48.530585 25.584887 25.584887
2971 36.628221 -32.633055 32.633055
16286 94.234352 -5.765648 8.191897
16287 93.673699 -6.326301 8.336315
14820 94.444444 -5.555556 5.555556
14059 69.452745 30.547255 36.884938
5565 69.059278 30.940722 40.572066
16309 73.854479 -16.462669 83.537331
18830 12.582356 12.582356 63.490692
6080 54.050913 -4.848429 95.151571
12217 38.199779 -1.997844 1.997844
1113 49.867008 -32.382178 32.382178
934 41.607622 -33.138693 66.861307
4040 41.772090 -33.754318 66.245682
2645 52.975198 -11.175122 88.824878
8812 53.567835 -10.785200 89.214800
18491 51.483768 -26.720862 26.720862
1552 59.765579 -19.825840 19.825840
12443 68.658858 -21.399613 78.600387
8855 78.989125 -10.310562 10.310562
23373 78.946911 -0.703624 99.296376
5107 53.159803 -33.612367 33.612367
18826 53.609410 -32.720141 32.720141
4930 53.950273 -33.370688 33.370688
2208 48.148148 0.000000 0.000000
17397 56.866576 10.578771 10.578771
16757 77.262788 -19.204463 19.204463
9789 76.774239 -18.593859 18.593859
7010 20.326699 -12.192465 12.192465
5714 23.382443 -12.372924 87.627076
9073 60.246714 -28.280793 28.280793
17694 14.674277 14.674277 32.258187
2729 59.482893 -17.917512 82.082488
14644 71.426093 -28.573907 68.789463
3989 53.807909 35.633845 64.366155
18752 71.767074 -28.232926 70.324438
4648 66.283674 -0.541097 0.541097
2806 65.595136 -1.426045 1.426045
3280 72.325883 -27.674117 32.544102
7174 35.535773 -10.022316 89.977684
3255 49.993879 -13.958945 13.958945
13256 50.793122 -13.621571 13.621571
14598 24.003815 -22.100581 22.100581
2784 67.165794 -17.443121 82.556879
16022 26.740772 -2.309327 2.309327
6242 59.616524 -13.837533 13.837533
403 66.111111 33.888889 33.888889
14858 65.642852 -23.754785 76.245215
5544 68.845089 31.154911 47.440947
14077 28.571429 28.571429 28.571429
11282 54.116965 -20.346747 79.653253
16807 48.573141 -37.814851 62.185149
9125 79.642259 -20.357741 33.721206
11447 68.266162 -13.130724 86.869276
14885 28.930396 -16.940691 16.940691
19462 64.194255 20.396635 20.396635
11926 79.700533 -20.299467 44.314246
15758 79.316547 -20.683453 44.606862
8440 74.430727 -3.549084 96.450916
23175 33.138584 -24.804346 75.195654
14801 40.000000 -40.000000 60.000000
7957 46.331656 -19.168902 19.168902
14893 76.395088 -14.442262 85.557738
16860 90.814554 9.185446 16.259772
10738 68.167764 31.832236 53.717040
1384 41.696243 -6.911390 93.088610
4072 59.634661 -24.938854 24.938854
13446 69.739977 -17.048025 82.951975
6937 74.591740 -21.300413 78.699587
6936 74.864555 -21.522751 78.477249
11091 58.822821 -12.687660 87.312340
11963 27.402385 27.402385 50.514539
18154 27.416525 27.416525 50.089252
11475 42.074869 -38.289677 61.710323
15001 89.957742 -10.042258 26.086282
17969 44.175384 -23.587811 76.412189
1898 49.828410 -32.808143 67.191857
10909 88.569878 -8.810411 91.189589
12720 88.243337 -8.642454 91.357546
931 55.471714 -33.644217 33.644217
6076 56.078157 -33.498071 33.498071
16700 70.553121 29.446879 41.121006
14307 70.765143 29.234857 44.628946
14758 41.004107 -16.534105 16.534105
6623 29.338436 29.338436 52.283017
12213 29.453374 29.453374 52.691283
11781 29.644276 29.644276 52.314438
12193 57.111714 -14.616838 85.383162
9710 36.708245 13.324243 13.324243
18796 64.167978 -12.447035 87.552965
16375 48.788262 -21.577762 78.422238
17217 48.634078 -22.039657 77.960343
7411 81.737632 -18.262368 42.273864
10881 55.421081 -6.419806 6.419806
15266 24.892125 -23.158506 23.158506
7487 39.600811 -1.313723 98.686277
13819 78.245351 -9.514835 90.485165
6657 70.280837 -14.581809 14.581809
462 69.626165 -15.188320 15.188320
11331 59.300938 -12.910479 87.089521
16644 59.896747 -12.654956 87.345044
11332 59.451443 -12.441577 87.558423
14860 36.993884 -26.739005 73.260995
17244 36.353083 -22.879892 77.120108
1118 24.643022 -21.249594 78.750406
4066 58.801165 -14.859392 85.140608
17718 58.329074 -14.670130 85.329870
16935 26.961035 -24.278856 24.278856
17792 26.193597 -24.726734 24.726734
12901 92.306210 -7.693790 37.050513
16618 87.741670 12.258330 46.615186
13051 63.317678 -29.349168 70.650832
14366 61.666667 38.333333 38.333333
16406 23.675438 23.675438 39.441173
17482 41.514781 -10.701334 89.298666
8937 78.370663 -16.163322 83.836678
798 79.892067 -16.861551 83.138449
16326 33.323371 23.578384 23.578384
18098 32.461669 24.013581 24.013581
3463 88.888889 -11.111111 11.111111
2200 47.871703 -36.244348 63.755652
8047 58.122979 -33.662629 33.662629
12199 66.456109 -20.238256 79.761744
17873 66.498624 -19.871588 80.128412
17247 64.378086 19.589623 19.589623
12467 81.974819 18.025181 22.897573
5352 94.312380 -5.687620 77.608419
18903 62.138356 -0.865438 99.134562
13668 48.372639 -17.445129 17.445129
10615 48.896143 -16.698430 16.698430
12196 85.445067 -3.477422 3.477422
7087 59.694117 -16.354427 83.645573
4012 83.697292 -13.865064 86.134936
572 42.391619 -40.018445 40.018445
15029 59.439944 -38.407342 61.592658
12274 39.741913 -25.110447 25.110447
17877 37.804878 37.804878 62.195122
12044 52.892798 -24.361174 24.361174
2953 53.146085 -23.583965 23.583965
7535 57.791279 -16.794811 83.205189
17945 58.412432 -16.698986 83.301014
17944 58.152311 -16.391961 83.608039
521 54.024952 -21.855487 78.144513
559 45.157517 -22.697574 22.697574
2550 27.317713 27.317713 49.138335
2551 27.774107 27.774107 48.953762
2549 27.406717 27.406717 48.457564
13787 50.032262 -0.769636 0.769636
8127 82.938054 17.061946 69.017483
1203 39.068235 -10.242429 89.757571
10614 62.363954 -37.636046 40.230767
17080 14.078904 14.078904 48.464837
960 58.684012 -29.642124 29.642124
18838 93.742680 -6.257320 35.784600
16284 95.933301 4.066699 9.049375
17816 26.351572 -24.715145 75.284855
10702 32.917097 -25.635198 74.364802
13922 48.989721 -33.976244 66.023756
16887 60.327716 -18.303054 81.696946
7763 84.916485 15.083515 48.876475
16633 79.224238 -16.036891 83.963109
6779 62.823099 -22.961232 77.038768
7027 76.999631 -23.000369 72.830891
9469 30.203165 -22.572670 22.572670
9468 31.022113 -22.877866 22.877866
1101 30.295921 -23.176779 23.176779
3372 39.004918 -18.079486 81.920514
15949 84.330571 -2.010070 2.010070
17764 73.739000 -16.236304 83.763696
17229 73.592427 -6.334090 6.334090
14973 72.815502 -6.895985 6.895985
7769 67.674804 -14.981870 85.018130
13576 43.436223 -31.045465 68.954535
926 81.143464 -18.856536 39.608190
23419 81.433144 -18.566856 39.414944
23420 81.401392 -18.598608 38.785732
4363 66.808150 -2.224404 97.775596
16522 80.723916 -13.557667 86.442333
15186 49.393080 -8.135458 91.864542
10163 90.000000 10.000000 10.000000
23604 87.325569 5.667897 5.667897
6062 31.465289 31.465289 52.396721
6060 30.850211 30.850211 52.688072
10690 37.798726 -23.330355 76.669645
4540 38.488258 -26.822032 26.822032
7287 32.668583 32.668583 51.064890
7288 32.177109 32.177109 51.930610
5558 33.048042 33.048042 51.837808
11598 53.292565 -6.283928 93.716072
4511 53.139245 -6.872541 93.127459
14329 54.065072 -6.660028 93.339972
9486 85.494692 14.505308 46.961355
4489 59.376641 -8.506296 8.506296
4727 68.716043 -16.588681 83.411319
17916 72.746468 -11.863329 11.863329
13582 72.176184 -12.618169 12.618169
18426 71.755879 -12.027605 12.027605
18129 84.048093 -10.616576 89.383424
12098 41.105918 -28.132105 71.867895
7584 42.680815 -27.003104 72.996896
18947 19.518353 -7.642646 92.357354
15367 20.707025 -7.510573 92.489427
2224 20.730489 -6.096638 93.903362
17376 84.978147 -15.021853 70.722916
16607 84.476233 -15.523767 71.906707
14227 84.569684 -15.430316 69.188054
7994 46.558431 -18.455078 18.455078
8473 76.990720 -15.465934 84.534066
14402 48.588530 -24.998865 24.998865
1849 33.490588 -32.622208 32.622208
10626 32.092054 -19.341833 80.658167
14057 63.091529 -21.253796 21.253796
2460 52.425446 -44.709511 44.709511
10183 28.415102 -18.872004 18.872004
5148 62.128694 -37.871306 53.066812
4562 57.540907 -27.560337 72.439663
14113 35.407554 27.820118 72.179882
13749 53.843569 -26.029651 73.970349
10023 54.008860 -26.362886 73.637114
1265 86.757442 -13.242558 53.072619
13231 60.327597 -33.504983 66.495017
17659 47.236829 -36.126603 63.873397
4985 71.885405 -2.841627 2.841627
13533 71.069348 28.930652 41.183234
2316 4.748376 4.748376 55.367688
6308 90.056762 -8.935301 91.064699
13829 39.662683 -9.641520 90.358480
9781 71.848115 28.151885 58.533230
14376 81.556256 -18.443744 53.561295
14400 66.884444 -29.943244 70.056756
26 53.184571 -2.941386 2.941386
4794 31.284825 -15.139096 84.860904
5816 19.473684 -19.473684 19.473684
14123 39.256472 39.256472 59.625959
5640 38.814744 -28.280672 28.280672
17876 84.148495 -15.851505 19.495521
13543 35.766002 -16.358487 16.358487
1507 2.737738 -2.737738 21.775454
11179 18.694156 18.694156 27.047711
10090 80.671387 -13.098324 13.098324
18318 79.247315 -19.216869 19.216869
19161 19.047619 19.047619 19.047619
5216 28.117300 28.117300 45.177312
17573 63.266325 -21.015847 78.984153
13841 75.622579 -7.779830 7.779830
6930 38.850600 -25.695307 74.304693
6096 77.222222 22.777778 22.777778
23605 67.443813 9.408838 9.408838
23584 68.109813 11.177132 11.177132
16186 72.564348 -21.566238 78.433762
3845 76.165939 -23.834061 60.233885
14336 67.217729 -5.711999 94.288001
19209 45.142905 43.386944 56.613056
17315 68.056760 -16.000716 16.000716
18001 68.068490 -19.888151 19.888151
10923 53.924413 -24.826441 24.826441
8898 29.988914 -20.305263 20.305263
853 70.427535 -26.162562 73.837438
16736 44.862768 39.022498 39.022498
17268 51.171948 -31.720701 68.279299
15249 69.609391 -10.422079 10.422079
2444 15.045528 15.045528 41.922857
15368 19.610781 -8.914350 91.085650
12330 62.910130 -16.972744 16.972744
1229 76.880734 -11.089848 88.910152
4319 75.030518 -15.948006 84.051994
6447 91.914486 8.085514 55.127830
11041 77.472906 -12.814344 12.814344
17838 88.888889 11.111111 11.111111
17840 89.206304 10.793696 14.451963
14377 89.444444 10.555556 10.555556
23479 85.637986 -1.770986 1.770986
23476 85.759015 -1.735759 1.735759
19059 78.807644 -21.192356 65.328850
18008 88.504526 -5.346795 5.346795
5221 88.627067 -4.841897 4.841897
5168 48.867626 46.630873 53.369127
1364 52.012216 -27.334513 27.334513
14012 5.184456 5.184456 52.201341
5315 4.389845 4.389845 51.433549
15040 80.561345 -19.438655 32.068615
13289 81.142642 -18.857358 31.732896
11636 43.116301 -29.379228 29.379228
4945 65.542292 -9.289906 90.710094
12762 45.312098 -33.136680 33.136680
4763 44.879519 -32.735592 32.735592
18945 46.262309 -5.289253 94.710747
18003 27.092609 3.097935 96.902065
7307 65.108084 -20.505614 79.494386
2652 84.398832 -1.172785 98.827215
16147 84.283201 -1.311148 98.688852
4513 52.780933 -7.426290 92.573710
8753 52.201758 -8.051939 91.948061
13485 18.710951 18.710951 41.161437
15965 70.111350 -8.178371 91.821629
17238 41.503196 -13.799456 13.799456
3565 81.888782 -15.710895 84.289105
3044 50.728373 -44.424199 55.575801
10168 86.646615 -13.353385 34.181942
7207 13.220378 13.220378 83.488149
4523 75.888306 -22.327118 77.672882
11892 89.694024 -10.305976 62.742210
17886 96.450357 -3.549643 89.090915
12567 54.242599 -20.001323 20.001323
667 36.703149 -22.821983 77.178017
8302 39.081904 -28.355192 28.355192
6422 98.383881 1.616119 52.541752
8706 83.385876 -1.098638 98.901362
10462 48.421053 -48.421053 51.578947
6585 47.894737 -47.894737 52.105263
23740 48.415985 -48.415985 50.294373
23741 48.654746 -48.654746 50.302642
2621 95.922587 4.077413 35.053855
12851 79.321175 -14.558942 85.441058
1304 89.561337 -6.895188 6.895188
2407 45.704887 -27.984157 72.015843
18982 43.052851 -23.426750 76.573250
933 40.902657 -33.212357 66.787643
16283 82.318329 -12.474598 87.525402
8168 81.789156 -12.947562 87.052438
6581 74.327358 -20.946965 20.946965
4198 79.870130 -20.129870 79.870130
18964 54.500000 45.500000 54.500000
2923 77.272727 -22.727273 77.272727
758 77.586867 -22.413133 74.682673
1643 17.840006 11.277441 11.277441
10520 87.626751 -6.342318 93.657682
9906 88.286640 -5.787329 94.212671
2957 83.618659 -1.192585 98.807415
6979 27.652204 27.652204 50.734231
5291 78.354008 -21.645992 48.418992
10435 64.213749 -19.027879 80.972121
18676 74.886094 -22.850696 77.149304
13204 85.587839 -1.724796 1.724796
8508 95.000000 5.000000 5.000000
2181 93.227408 2.301699 2.301699
18811 66.899726 -2.561453 2.561453
9231 78.333333 21.666667 21.666667
14599 47.595863 14.274720 14.274720
5129 88.399964 -11.600036 31.629958
5131 88.326243 -11.673757 29.665124
11089 16.412192 16.412192 80.903483
19168 27.683374 27.683374 66.217502
12589 73.608944 -2.467407 2.467407
13807 72.723362 -2.611372 2.611372
16260 72.999879 -1.900864 1.900864
17225 43.402505 -20.256470 79.743530
8768 85.243924 -1.596113 1.596113
8245 85.312349 -1.519910 1.519910
8276 21.143204 21.143204 33.018268
17204 0.609842 -0.609842 27.293062
14321 74.305556 -25.694444 25.694444
5153 73.362093 -26.092327 26.092327
17547 77.777778 22.222222 22.222222
15920 1.210384 -1.210384 41.363824
7607 3.350814 3.350814 86.111275
239 88.594313 -7.094956 92.905044
4986 72.477908 -3.135076 3.135076
9405 20.957540 20.957540 77.745289
4467 35.700877 -27.297382 27.297382
23882 37.259261 37.259261 49.391190
4430 58.650614 -23.504756 23.504756
9070 97.027869 -2.972131 41.074701
12146 62.244877 -36.450185 63.549815
14616 35.299920 -28.837560 28.837560
9367 35.259641 -28.983062 28.983062
23743 29.269139 -29.269139 54.624885
23742 28.962624 -28.962624 50.815473
3780 34.029400 -28.156244 28.156244
11398 71.864767 -26.731961 73.268039
18751 75.423497 -22.464571 77.535429
14121 19.631285 -17.128615 82.871385
4403 54.922726 -9.300430 9.300430
3466 62.629208 -17.180311 82.819689
16345 48.935400 -9.486483 90.513517
3921 48.185868 -9.809513 90.190487
14876 22.079534 22.079534 43.335604
11048 38.123880 -14.825487 85.174513
1094 30.847837 30.847837 49.535141
11712 39.639515 -24.874614 75.125386
16370 39.670868 -25.175603 74.824397
6947 39.130370 -24.919194 75.080806
1580 35.271499 35.271499 43.680275
1581 34.553278 34.553278 44.140227
11654 75.340988 -3.171861 96.828139
14122 18.958088 -16.934806 83.065194
11163 45.279090 -28.082639 71.917361
12189 48.500309 -38.791109 38.791109
1627 54.692098 -13.961599 13.961599
8494 5.635936 5.635936 49.120857
7498 22.035878 22.035878 61.842662
17741 21.737535 21.737535 63.543742
19058 55.665247 -31.760116 31.760116
7892 56.224298 -31.376353 31.376353
7550 24.448086 24.448086 39.359713
12380 62.058546 -17.081150 82.918850
4073 31.888257 31.888257 51.046576
15385 31.533785 31.533785 51.695384
872 91.097123 -1.178744 1.178744
4096 38.344025 -12.162602 12.162602
6835 83.736953 -15.866372 84.133628
7740 73.508891 -3.782112 3.782112
8598 49.871779 -35.875672 64.124328
3949 42.611023 -36.857925 63.142075
13857 42.586356 -36.050683 63.949317
15530 39.663862 -25.438693 74.561307
4252 56.274607 -37.464976 62.535024
4254 55.568889 -37.554180 62.445820
6371 62.149260 37.850740 56.579049
14451 35.340807 -28.261007 28.261007
5524 69.130296 -26.611857 73.388143
19245 81.951516 -18.048484 28.433478
19248 82.479236 -17.520764 27.677439
11173 50.394255 -41.946144 41.946144
10009 67.647034 -17.445084 82.554916
12596 67.609185 -16.977940 83.022060
15841 44.178079 -42.908897 42.908897
8690 86.038484 13.961516 48.359306
2682 83.763335 -1.143171 98.856829
6938 74.213833 -21.860992 78.139008
13641 82.989509 -16.129380 83.870620
6834 83.804459 -15.464107 84.535893
7963 38.697306 -29.565549 70.434451
12335 35.039857 -28.997361 28.997361
1785 85.325310 -7.673374 7.673374
8652 11.616228 -3.557395 96.442605
2216 71.131986 -5.297525 94.702475
18136 82.790775 -17.209225 47.690240
16061 55.949593 -29.540737 70.459263
425 70.844113 -15.530620 84.469380
11014 39.438491 -25.559648 74.440352
3480 27.005008 15.548911 84.451089
3481 25.460089 12.260917 87.739083
11376 87.834424 -6.622661 93.377339
5019 27.378833 27.378833 71.319116
16836 63.629723 -17.907899 82.092101
18190 34.009608 -29.582704 29.582704
9767 96.444773 3.555227 33.964003
7312 45.327138 -2.473664 2.473664
10751 45.017883 -3.254868 3.254868
18950 40.797215 -21.926708 78.073292
11984 72.763574 -27.236426 57.730777
13716 72.109907 -27.890093 57.319219
14371 72.666235 -27.333765 55.739967
4730 52.368035 -18.196579 81.803421
5039 35.734383 -30.199058 30.199058
3143 28.171913 15.897366 84.102634
13863 60.263470 -23.573344 76.426656
11831 46.358117 24.940290 75.059710
4814 70.817873 -29.182127 63.249580
10934 39.258343 -28.859544 28.859544
5152 72.462833 -26.582660 26.582660
12496 30.982073 30.982073 55.020035
18777 27.224052 27.224052 55.016750
19444 26.975108 26.975108 54.696792
19446 26.760707 26.760707 55.195044
15782 36.378617 -9.938033 90.061967
14502 50.810649 -10.629142 10.629142
16003 51.053715 -11.474762 11.474762
16189 70.810286 -17.108567 17.108567
4668 34.072799 -13.877654 13.877654
15236 89.254226 -10.745774 54.454539
2501 63.824815 -36.175185 40.081651
11581 81.875643 -18.124357 32.863305
11441 58.109357 -23.095994 23.095994
12157 57.388135 -23.407695 23.407695
23 45.502109 -28.315501 71.684499
4141 37.585309 -29.449962 29.449962
4952 65.989464 -25.326091 74.673909
9605 37.377921 -14.215439 14.215439
542 69.695260 -18.273029 18.273029
541 68.670263 -19.037838 19.037838
17012 92.610888 -7.389112 85.545363
15764 45.872853 -23.556808 76.443192
14041 45.876338 -23.969299 76.030701
15379 4.901643 -4.901643 70.219828
14722 94.212810 5.787190 29.386070
17006 35.931158 -30.248110 30.248110
3876 53.055958 23.996375 23.996375
15287 85.893267 -1.446204 98.553796
5971 88.061953 -10.897084 10.897084
3798 88.896622 -11.103378 86.103486
15680 36.400226 -24.829207 75.170793
18522 50.843095 -1.394342 1.394342
8492 50.823381 -2.092904 2.092904
8238 40.672155 35.017064 35.017064
11389 40.224371 32.937488 32.937488
7768 38.956949 33.036545 33.036545
13652 46.415070 -18.152972 81.847028
8371 45.835560 -18.443548 81.556452
19082 72.925662 -27.074338 46.537191
10124 77.262450 -22.737550 27.159427
14752 50.603486 24.653763 24.653763
9271 54.417629 -18.054702 81.945298
12138 54.900490 -18.239515 81.760485
13555 30.696007 30.696007 60.535374
16732 30.055469 30.055469 59.993781
18138 52.155022 36.157058 63.842942
16021 50.177181 34.317315 65.682685
4718 50.714566 33.648271 66.351729
7425 81.899353 -11.727060 88.272940
3552 8.979933 8.979933 48.662034
7921 91.466148 -8.533852 89.019884
9032 90.909091 -9.090909 90.909091
2429 46.164107 -10.312227 89.687773
6154 36.527120 -33.430433 33.430433
3576 37.111478 -33.429552 33.429552
17750 38.734646 -33.146937 66.853063
2654 83.979160 16.020840 61.261787
13261 30.310597 30.310597 42.321960
4299 76.785296 -10.407629 10.407629
16846 43.082864 -36.428122 63.571878
6466 75.974636 -16.111818 16.111818
9871 81.068240 -18.931760 52.477631
13167 31.081980 -7.619745 7.619745
8063 28.360670 28.360670 44.500209
10121 50.750249 -6.121603 93.878397
470 33.838273 25.292400 74.707600
12216 39.145226 -1.944404 1.944404
3461 89.083195 -10.916805 12.958341
14356 88.623281 -11.376719 15.427092
16285 95.409925 4.590075 8.549597
8507 94.957497 5.042503 10.173831
17099 83.491495 -16.508505 25.294246
19250 83.018190 -16.981810 26.965648
4761 60.617795 -21.944041 78.055959
4759 60.697521 -21.533716 78.466284
9555 7.700325 4.224122 4.224122
18293 42.270580 -3.944562 96.055438
16752 42.580585 -4.649770 95.350230
3511 59.096838 -26.572887 73.427113
5063 59.060649 -26.987119 73.012881
3847 75.627943 -24.372057 59.878209
11879 71.293146 -7.483702 7.483702
5180 90.745208 -2.559464 2.559464
3392 92.246277 -7.753723 39.635001
18 91.785274 -8.214726 38.749916
10718 76.466421 -15.576319 84.423681
1547 76.082678 -15.962653 84.037347
13672 76.516414 -15.808863 84.191137
16789 83.847485 16.152515 37.805016
8268 35.210085 35.210085 60.501066
9452 35.603647 -31.149979 31.149979
6674 59.975370 -33.178643 66.821357
2964 44.839164 27.364697 27.364697
5947 91.011842 -4.210563 95.789437
16474 90.263114 -4.283811 95.716189
6750 39.134022 -26.278189 73.721811
23267 39.045491 -26.280169 73.719831
6229 22.171078 22.171078 41.231225
6321 60.474753 -21.715761 21.715761
6078 67.571855 -11.532761 88.467239
8803 49.416232 -14.342576 85.657424
18546 82.106376 -11.045728 88.954272
3098 59.459440 -24.460417 24.460417
7192 84.626910 -4.160002 95.839998
9328 74.494617 -20.019286 79.980714
17003 54.992643 -6.722124 93.277876
10082 49.958290 -24.361677 24.361677
17917 58.422724 -30.502852 69.497148
2390 47.718937 -27.438488 72.561512
4405 39.412523 3.453504 3.453504
3400 67.455261 -16.818430 16.818430
10854 38.705111 -27.575268 72.424732
23273 38.813212 -27.810189 72.189811
23277 38.895993 -27.681265 72.318735
12653 38.907638 -27.304792 72.695208
23268 38.994368 -27.539744 72.460256
23275 39.121282 -27.357119 72.642881
10650 87.495211 -12.504789 46.296829
6708 64.005750 -18.112845 81.887155
3360 40.443925 -32.327360 32.327360
3361 40.099528 -32.497991 32.497991
3359 40.070076 -32.087230 32.087230
11604 53.532805 -29.020749 70.979251
14725 53.563083 -29.438926 70.561074
8172 37.740421 -30.448050 30.448050
2340 97.953764 2.046236 8.057458
14721 60.562579 -17.677744 17.677744
17842 78.948133 -21.051867 51.831828
3749 15.363096 11.653801 88.346199
18829 56.594540 -24.956516 75.043484
8476 70.147479 -17.551504 17.551504
2453 62.427794 -7.895087 92.104913
9278 26.780477 -9.451282 9.451282
23375 65.438397 34.561603 43.026662
9660 43.740372 -37.558865 37.558865
17213 44.283268 -37.526045 37.526045
15960 24.736842 -24.736842 75.263158
16236 97.393077 -2.606923 57.524119
16651 40.890426 -40.262246 40.262246
7851 45.963034 -34.117662 65.882338
8575 65.180997 -19.538609 19.538609
47 76.731737 -0.996920 99.003080
12805 77.573982 -0.900227 99.099773
23394 77.147571 -0.737484 99.262516
7147 78.467340 -0.946947 99.053053
23383 78.611235 -0.679510 99.320490
10554 98.667972 -1.332028 55.081203
13425 57.090820 -22.566819 77.433181
7615 98.281895 -1.718105 70.036610
23539 73.893508 7.348353 92.651647
8789 79.274567 -20.725433 31.841533
7884 45.726638 -22.149711 77.850289
6586 47.368421 -47.368421 52.631579
16238 97.962831 -2.037169 5.531529
7965 98.611111 -1.388889 1.388889
11124 18.649067 -12.953358 12.953358
16535 71.418195 -28.581805 38.258237
18400 71.948801 -28.051199 38.728598
18882 71.346541 -28.653459 39.796205
13927 59.179149 -24.920268 24.920268
3842 53.055514 -25.288283 74.711717
13753 95.783062 -4.216938 57.822057
2286 62.329830 -37.045634 62.954366
10288 63.045489 -36.233302 63.766698
8604 38.975490 -24.844412 75.155588
1613 38.973821 -24.631621 75.368379
15659 58.546832 -13.667796 86.332204
23379 73.870514 -0.734231 99.265769
23378 74.378576 -0.696078 99.303922
9861 74.810504 -0.946986 99.053014
15757 73.972571 -0.959940 99.040060
11408 81.180856 -18.463427 81.536573
5246 90.871558 9.128442 71.132853
18519 65.743721 -7.315022 7.315022
15580 66.112840 -6.547884 6.547884
3931 5.735674 5.735674 87.019310
6318 5.372199 5.372199 83.872271
3929 4.750512 4.750512 88.466621
13736 67.991407 -25.984791 74.015209
13208 71.607458 -27.011943 27.011943
18486 52.771800 -27.433557 72.566443
7426 81.656207 -11.528555 88.471445
13968 54.047178 -19.861268 80.138732
16730 53.964704 -19.373056 80.626944
3390 42.883104 -34.781188 34.781188
13281 43.267623 -35.151416 35.151416
3389 42.871354 -35.349505 35.349505
15878 69.558188 -13.933463 86.066537
763 94.400567 5.599433 24.721715
5836 26.382114 -22.984571 77.015429
2955 52.701118 -23.148527 23.148527
2954 52.299579 -23.797362 23.797362
11008 0.300278 -0.300278 31.717062
23477 86.067497 -1.621399 1.621399
23478 86.232951 -1.548003 1.548003
18135 44.829228 -33.303320 33.303320
773 81.828648 -18.171352 48.050244
12566 53.718336 -20.576913 20.576913
17869 7.618413 7.618413 52.011250
7706 8.032269 8.032269 49.059856
8518 75.974026 -24.025974 75.974026
2203 7.119381 7.119381 35.392126
16065 49.647178 -41.151145 58.848855
3408 67.289693 -14.392852 85.607148
18549 67.797460 -14.518863 85.481137
2178 4.736842 -4.736842 4.736842
9447 7.407407 0.000000 0.000000
23646 5.746548 -2.548261 2.548261
11384 42.423622 -20.812342 79.187658
3807 56.836221 -33.263317 66.736683
8599 34.972091 33.074186 66.925814
10676 54.007778 -11.617270 88.382730
10991 18.024032 -12.067926 12.067926
6136 51.957694 -28.549724 28.549724
2064 37.271012 -24.391569 75.608431
3483 33.444766 -1.183249 1.183249
10112 43.731700 -23.839860 76.160140
3674 87.973531 -12.026469 16.321955
10837 42.373936 -11.147581 11.147581
11878 71.411787 -8.046816 8.046816
16386 61.220382 -7.472914 92.527086
4383 80.949694 -19.050306 50.347269
10434 63.771428 -19.235680 80.764320
15112 76.775462 -6.561669 93.438331
13016 35.685110 -14.742223 85.257777
17300 44.121102 -23.939042 76.060958
6316 4.590955 4.590955 82.233917
6317 4.102797 4.102797 87.541247
15159 56.333156 -43.666844 48.759637
9033 90.867491 -9.132509 88.221494
11109 66.115954 -24.158698 75.841302
8085 49.785546 -17.039367 17.039367
18812 56.621510 -28.459560 71.540440
19121 57.192464 -28.424784 71.575216
8356 86.923793 -6.892253 93.107747
11470 30.964940 30.964940 45.884857
16393 53.847025 -46.152975 52.162684
11707 20.304714 20.304714 50.566180
8733 72.686824 -24.621334 24.621334
16646 64.160523 -9.207480 90.792520
16697 63.868934 -9.749689 90.250311
554 94.363124 -5.636876 48.575736
10736 68.856298 -27.690099 72.309901
17103 75.345105 -8.939287 91.060713
12058 75.906627 -8.997864 91.002136
8615 35.969340 -24.657048 75.342952
16801 37.682452 27.417091 72.582909
15442 59.963867 -24.484686 24.484686
19213 80.631780 -19.368220 45.152330
13220 80.473562 -19.526438 45.735825
8183 77.331529 -22.668471 48.237120
6884 71.144376 -21.822484 78.177516
14697 70.645102 -21.895823 78.104177
23746 21.178325 -21.178325 45.169711
3289 88.830040 -3.265286 96.734714
6918 68.520362 -23.072796 76.927204
9406 77.448439 -18.461891 81.538109
12971 77.820600 -18.152443 81.847557
15603 39.024830 -27.080328 72.919672
23846 38.950643 -26.941776 73.058224
14493 41.639327 -35.514493 64.485507
8620 41.917778 -34.851969 65.148031
17649 80.839656 -19.160344 44.917970
16378 93.369344 -4.484076 95.515924
15420 93.364434 -4.192625 95.807375
2780 47.308664 -14.744176 85.255824
13347 87.029237 -12.970763 41.462627
10661 84.875479 -6.751790 93.248210
12969 17.580729 -15.677722 84.322278
1196 84.898468 -1.720716 1.720716
3748 14.390642 11.196712 88.803288
15913 45.046893 -38.886052 38.886052
6294 56.153365 -29.220042 29.220042
6295 55.491032 -29.029734 29.029734
12814 78.942216 -21.057784 67.308480
17166 37.912534 -11.652091 88.347909
19183 42.389587 -26.977677 73.022323
8813 64.417672 -10.093111 10.093111
198 64.566310 -10.784543 10.784543
12203 63.078670 -36.921330 39.850607
18580 45.455243 -14.314413 14.314413
13257 58.890816 -28.965632 28.965632
9072 59.554825 -28.627779 28.627779
3870 60.669559 -16.775616 16.775616
3872 60.768706 -15.963465 15.963465
18083 98.888889 1.111111 1.111111
3988 53.337170 -24.900849 24.900849
11574 39.331588 -23.879453 23.879453
6503 98.091454 -1.908546 85.531769
6248 88.083749 -11.916251 20.686945
11884 47.126848 33.256644 33.256644
3148 80.268693 -16.137528 83.862472
10595 48.531569 31.482533 68.517467
6292 74.324360 -21.717645 21.717645
18066 37.221647 -28.964220 28.964220
23747 25.988730 -25.988730 44.836189
18780 36.912583 -30.067844 30.067844
2359 36.866432 -30.182754 30.182754
137 81.698033 -18.301967 47.327178
10523 81.493615 -18.506385 46.991473
14967 84.374582 -14.994359 85.005641
7463 36.468475 -26.264946 73.735054
9801 84.588224 -15.411776 44.190444
17227 74.723843 -25.276157 49.959652
19042 57.967990 -10.059699 89.940301
3893 82.129201 -17.870799 79.399230
5656 81.495761 -18.504239 77.853153
18355 50.242962 -1.779755 98.220245
12919 24.210526 -24.210526 75.789474
1182 67.679649 -17.882652 82.117348
224 45.024979 -31.007827 68.992173
12375 76.830971 -10.413180 89.586820
17911 77.757606 -10.069885 89.930115
4835 5.989936 5.989936 28.661358
4833 5.068958 5.068958 26.288343
15698 5.623003 5.623003 24.318190
15943 32.128672 -18.548194 81.451806
12429 46.241279 -37.462143 37.462143
9139 46.000789 -37.871155 37.871155
15443 52.148417 44.788873 44.788873
15324 53.333333 46.666667 46.666667
6651 44.722465 -16.784626 83.215374
637 62.133960 -22.859100 77.140900
6780 62.615368 -22.712636 77.287364
10939 66.009381 -24.409201 24.409201
1017 36.876741 -25.519250 74.480750
10254 24.674472 24.674472 73.536898
4313 80.953525 -19.046475 61.362011
11459 80.705021 -19.294979 60.018202
9310 39.346011 -30.092337 30.092337
8018 44.062398 -29.335849 70.664151
13205 85.452221 -1.702593 1.702593
2998 86.174295 -13.825705 53.196093
2723 26.173680 -10.527725 10.527725
16963 57.996145 -21.875113 78.124887
14497 21.342474 -12.599855 87.400145
17884 43.292433 43.292433 49.124366
845 96.113810 -3.886190 31.168309
12325 96.282473 -3.717527 27.184150
15257 82.893526 -17.106474 36.378763
7923 48.718371 -30.652176 69.347824
6444 48.663955 -31.238190 68.761810
7266 49.084878 -30.866797 69.133203
18464 74.512558 -25.487442 36.270759
13534 45.225736 -38.232203 38.232203
12394 24.467384 24.467384 42.500514
9882 45.727065 -38.352366 38.352366
16317 80.540144 -13.051043 86.948957
4646 71.654279 -17.296136 17.296136
3126 56.992784 -33.753146 66.246854
7380 55.062604 -32.071620 32.071620
7378 54.628845 -31.652882 31.652882
23865 79.346351 -17.971272 82.028728
1492 93.500000 6.500000 93.500000
7585 42.949298 -26.721810 73.278190
5130 87.944514 -12.055486 31.583388
1207 17.305445 -9.622020 9.622020
1867 13.255219 -8.305949 91.694051
10995 80.278671 -19.721329 46.482301
1720 59.254496 -21.173762 78.826238
4734 59.007097 -20.819005 79.180995
17380 38.220797 -34.975711 34.975711
5556 32.648667 32.648667 52.569548
3675 87.340096 -12.659904 17.514138
12605 73.491651 -21.543848 21.543848
10527 92.726052 -5.916527 5.916527
23215 26.850941 26.850941 37.642520
4717 65.150465 -30.782822 69.217178
18917 65.348008 -30.113669 69.886331
6112 24.109845 -17.459842 17.459842
3886 66.018326 -15.088137 84.911863
1983 87.046784 -1.900555 98.099445
8052 86.668936 -1.734893 98.265107
2845 82.720162 -1.392013 98.607987
14241 79.248949 -10.880699 10.880699
14317 98.594176 1.405824 76.792883
5928 71.095393 -28.904607 64.648018
22915 28.065435 28.065435 52.163698
22916 28.089532 28.089532 52.154954
23121 28.073473 28.073473 52.139218
23748 10.518788 -10.518788 50.859105
15187 100.000000 0.000000 91.304348
3955 27.638171 27.638171 37.084471
13178 79.412822 -8.496191 91.503809
14533 37.792950 -30.153866 30.153866
20 91.144899 -8.855101 40.550025
18326 54.495758 -30.412717 30.412717
6909 55.068645 -30.269241 30.269241
2389 73.641022 -10.203697 89.796303
694 72.880374 -10.281570 89.718430
17171 97.624790 -2.375210 47.988704
6895 97.947612 -2.052388 44.249075
12936 24.983780 -19.167626 80.832374
16756 57.789892 -36.239875 36.239875
16023 57.088545 -36.525154 36.525154
7686 45.520279 -30.020404 69.979596
7737 75.003034 -7.224677 92.775323
14399 30.264224 -19.938809 80.061191
13366 41.991765 31.094419 31.094419
10072 57.006782 -10.774096 89.225904
16938 62.000000 38.000000 62.000000
11156 59.444988 33.381869 66.618131
6606 79.886735 -20.113265 53.920582
15741 73.409809 -26.590191 43.168948
17935 66.351818 -2.068059 2.068059
1582 35.440725 35.440725 44.635776
13522 10.545551 -7.438852 92.561148
1760 48.118415 -10.428291 89.571709
9088 3.602589 -3.602589 40.475746
1956 3.397443 -3.397443 52.459358
23749 37.191413 -37.191413 45.715453
2121 45.529059 -37.581602 62.418398
16950 45.583262 -3.941356 3.941356
23682 23.049004 -23.049004 55.719268
15759 46.619340 43.770303 56.229697
12475 31.887652 -28.107882 28.107882
14769 32.452782 -28.205733 28.205733
18659 32.186057 -28.533249 28.533249
19122 38.109362 -26.192728 73.807272
23491 1.241236 0.897030 0.897030
23494 1.708825 0.913723 0.913723
10946 18.770868 -10.822547 10.822547
11073 60.860481 -21.051381 78.948619
2788 30.290791 8.386652 8.386652
1297 53.825643 -41.624717 58.375283
15729 72.194010 -14.123273 85.876727
4895 14.814815 0.000000 0.000000
4206 23.019390 23.019390 64.831328
5934 37.827661 -29.688222 29.688222
16943 46.431932 -3.890803 3.890803
8950 29.962356 -19.333391 80.666609
13766 38.910207 -28.537117 28.537117
23292 48.546865 -5.079715 94.920285
16716 39.991548 -17.704459 17.704459
23750 34.089922 -34.089922 53.477060
12097 41.266536 -27.770939 72.229061
16831 28.511808 28.511808 52.913138
11294 30.301053 23.834558 76.165442
815 40.040829 -22.674475 77.325525
12313 68.653088 -31.346912 43.954802
7544 58.213799 -35.050272 64.949728
142 89.678747 10.321253 48.144328
4674 51.293926 -32.760428 32.760428
4675 51.043016 -32.179653 32.179653
14404 33.983849 -26.834820 26.834820
10835 38.987288 -25.729342 25.729342
14339 54.508321 -26.809171 73.190829
9236 29.470217 -2.169936 2.169936
46 75.799704 -0.991793 99.008207
23298 75.082789 -1.304563 98.695437
968 73.029971 -26.970029 42.521957
211 73.006516 -26.993484 41.273186
18024 14.687432 2.979286 2.979286
17885 31.432124 -0.846959 99.153041
5230 61.457711 -20.888593 79.111407
15416 80.134671 -10.781959 10.781959
10703 32.670816 -25.067012 74.932988
23177 32.866595 -24.615695 75.384305
1002 75.207784 -9.347631 90.652369
13283 54.875386 -30.905275 30.905275
17995 84.250547 -6.559460 93.440540
16148 89.333178 -10.666822 35.600038
1136 38.101558 -25.997009 74.002991
6642 83.902494 -5.569455 94.430545
9191 45.057079 -27.033567 27.033567
13655 51.082699 -41.794687 58.205313
5777 51.203245 -40.900946 59.099054
2896 50.407542 -41.333762 58.666238
23142 84.696669 -1.098670 98.901330
465 59.968699 -39.657054 60.342946
5662 17.580060 17.580060 48.497191
16431 58.242212 -12.087047 12.087047
6001 60.645292 -25.969966 74.030034
23666 45.160617 -45.160617 49.333744
23751 45.262289 -45.262289 50.428688
2904 35.471386 19.890207 19.890207
14461 38.442594 -28.605053 71.394947
7771 35.036819 -29.602240 29.602240
1451 78.062936 -21.937064 70.274317
23112 69.889018 -0.261121 0.261121
9794 49.447093 -34.088047 34.088047
12245 41.966764 -1.779060 1.779060
19016 42.281153 -0.878596 0.878596
7857 28.329482 28.329482 51.784988
4906 28.872231 28.872231 38.226723
10444 84.610698 15.389302 81.350192
16676 84.500000 15.500000 84.500000
7734 37.080246 19.591690 80.408310
3062 61.050958 -25.135028 74.864972
435 87.658900 -9.228776 90.771224
7329 36.717795 -9.355408 90.644592
7172 35.996019 -9.350158 90.649842
1184 49.662094 -25.885408 25.885408
12464 70.363563 -11.649292 11.649292
23143 84.515473 -1.099061 98.900939
23145 84.315841 -1.126773 98.873227
23147 84.411903 -1.115667 98.884333
13414 9.618419 9.618419 12.946172
3981 5.913504 5.913504 38.956034
13242 19.178988 -15.753528 84.246472
4719 52.974341 35.919561 64.080439
7398 66.328859 -8.928298 91.071702
17451 63.370396 -34.810002 65.189998
2658 49.110788 -28.971338 71.028662
8342 71.188771 -2.469779 2.469779
14861 23.449860 23.449860 70.117287
13932 41.660356 -2.550687 97.449313
17807 41.969570 -3.236722 96.763278
3122 42.491962 -2.591091 97.408909
18123 13.757282 13.757282 53.598331
2795 29.864713 -28.692603 28.692603
16143 87.328764 -12.671236 63.407972
3232 41.590664 15.961012 84.038988
12074 70.226298 -18.505836 81.494164
17964 50.580091 21.078963 21.078963
17965 48.385513 17.902927 17.902927
1477 40.704518 -2.784276 2.784276
2924 77.157792 -22.393833 77.606167
2922 76.533751 -23.119802 76.880198
1253 34.916553 -7.345947 7.345947
2991 81.861553 -1.804834 98.195166
10033 28.726206 28.726206 42.640027
12077 38.606352 -26.498669 73.501331
4075 31.440296 31.440296 50.295787
1093 30.685236 30.685236 50.530969
14440 54.708938 -10.518094 89.481906
9705 37.959005 -26.795185 73.204815
18374 66.542426 -9.486471 9.486471
16273 11.918740 11.918740 73.720866
17902 11.002917 11.002917 77.353878
13246 16.765924 16.765924 48.228927
18899 26.175737 -8.088165 91.911835
12944 25.263158 -25.263158 25.263158
655 25.789474 -25.789474 25.789474
14066 60.530352 -32.961104 67.038896
17113 18.582620 -8.803415 91.196585
6273 66.225058 -20.791812 79.208188
18893 63.900274 -4.204485 95.795515
23271 39.246887 -26.897960 73.102040
23269 39.213487 -27.017132 72.982868
10396 42.745707 -23.697152 76.302848
23636 65.080571 12.239375 12.239375
23638 64.783468 12.463783 12.463783
16580 55.342347 -0.324529 0.324529
3313 46.677129 -23.972434 23.972434
1683 50.166622 -32.263637 67.736363
12272 40.060733 -25.433451 25.433451
15767 61.571817 -28.235148 71.764852
4707 83.451980 -1.012743 98.987257
23107 71.830880 -1.023748 1.023748
23108 71.381176 -0.942988 0.942988
10794 72.813612 -1.219949 1.219949
23111 72.297689 -1.109746 1.109746
3138 72.379090 -26.695097 73.304903
6051 37.734612 -16.799521 16.799521
18516 81.223709 -1.009899 98.990101
6551 80.948362 -0.817998 99.182002
817 40.375894 -22.554316 77.445684
18153 35.279821 -31.059628 31.059628
17470 35.450811 -30.862704 30.862704
14994 59.939445 -3.051363 3.051363
11683 26.548996 26.548996 38.428611
7549 25.012120 25.012120 38.657007
9539 71.142312 -22.202760 77.797240
3378 81.725637 -18.274363 51.993889
12898 64.274381 -22.452282 77.547718
10539 85.011752 -1.748980 1.748980
23606 86.066641 6.583840 6.583840
23607 85.698355 5.544938 5.544938
6864 17.385131 -9.512234 90.487766
23231 25.254683 25.254683 26.815798
23232 25.430220 25.430220 26.511928
17928 38.130655 14.236990 85.763010
14794 55.304038 38.701253 38.701253
10761 46.477662 -33.855958 66.144042
15839 46.606317 -33.289818 66.710182
12593 81.088013 -18.911987 50.843425
5738 81.141545 -18.858455 23.336629
17557 49.011470 -34.118007 34.118007
17194 30.478277 30.478277 55.696377
4005 85.975487 -14.024513 29.685827
9143 82.344219 -14.565988 85.434012
23692 13.684210 -13.684210 41.706402
3211 13.684211 -13.684211 13.684211
23753 13.947368 -13.947368 47.720470
3848 35.287603 -1.344945 1.344945
507 85.408729 -1.769880 1.769880
17939 85.113907 -1.766040 1.766040
10913 71.882693 -16.311479 83.688521
11985 72.218391 -27.781609 59.077784
5170 36.393407 36.393407 54.432549
8637 89.583333 -10.416667 10.416667
9729 94.444444 0.000000 0.000000
23608 95.949867 1.561523 1.561523
23609 96.317467 1.125161 1.125161
9365 35.446644 -28.944228 28.944228
18431 36.055501 -25.445985 25.445985
6114 69.599258 -30.400742 66.508856
9075 30.971810 -22.129520 22.129520
3571 70.693637 -17.831182 17.831182
3501 61.815453 38.184547 50.647803
23754 32.368418 -32.368418 50.016218
23755 32.118897 -32.118897 50.975938
11257 44.538385 -30.104885 30.104885
14606 35.086631 17.722115 82.277885
290 35.592434 20.601988 79.398012
292 33.846901 17.798900 82.201100
14319 99.107357 0.892643 75.523632
6347 12.952727 -10.817813 89.182187
13064 11.578947 -11.578947 88.421053
4015 85.364281 -1.869844 1.869844
23480 85.359950 -1.823167 1.823167
16625 84.412946 -0.780526 99.219474
2575 64.396616 -31.830559 31.830559
9540 70.744311 -22.569565 77.430435
7877 53.629520 -13.228065 13.228065
5316 3.531001 3.531001 53.589548
15768 61.387801 -27.872743 72.127257
17348 61.559816 -27.374514 72.625486
15856 61.003381 -27.754532 72.245468
8779 51.630290 -11.966512 88.033488
7867 58.277169 -40.644184 59.355816
7269 55.542165 -30.060560 69.939440
8215 47.505196 -25.003555 25.003555
1474 47.402218 -25.558689 25.558689
9592 53.056015 -20.109036 79.890964
1251 32.710371 -27.228371 27.228371
1413 26.783119 -2.882777 97.117223
23556 49.662536 49.175810 50.824190
8383 24.466024 24.466024 70.024357
4850 78.563655 -7.513329 92.486671
3086 32.619550 -11.701423 88.298577
18567 36.530745 -19.510985 80.489015
569 7.600741 7.600741 16.937785
11121 62.591202 -13.370399 86.629601
18360 12.607109 5.282669 5.282669
1512 43.236832 -14.006607 85.993393
7113 1.137979 -0.412437 0.412437
22973 32.737879 -28.156733 28.156733
22979 32.618607 -28.064250 28.064250
14612 44.428683 -31.291197 31.291197
14614 36.711679 -27.474376 27.474376
13111 54.531195 -25.486252 74.513748
8176 62.861050 -22.344139 77.655861
11405 41.791211 34.938054 34.938054
15555 70.784184 -0.418771 0.418771
15554 70.370370 0.000000 0.000000
12912 25.394671 25.394671 43.087602
4521 46.177032 -8.973278 8.973278
7280 92.655800 -7.344200 62.959899
3322 92.205911 -7.794089 65.148713
7365 38.536685 -33.509023 33.509023
6762 51.998953 -8.835437 91.164563
2239 79.224104 -15.370672 15.370672
16134 96.546753 3.453247 77.993154
418 75.073081 24.926919 27.865204
10675 80.745533 -14.966914 85.033086
5552 37.381740 37.381740 56.587630
3349 74.330818 -25.669182 33.334684
17637 48.046504 32.445215 67.554785
4271 27.384553 18.502536 81.497464
15072 25.850274 15.368058 84.631942
17950 47.013597 -34.916268 65.083732
13498 26.285713 -3.380634 3.380634
3265 74.211762 -0.897010 0.897010
11922 80.366059 -19.633941 51.518952
1641 33.471855 -30.507178 69.492822
8716 50.928640 -12.356338 87.643662
17567 50.956156 -11.732453 88.267547
1486 70.046375 -3.420237 96.579763
4971 86.429202 -13.570798 57.833721
124 86.691930 -13.308070 65.059632
7233 22.769816 11.662736 88.337264
12316 24.074074 0.000000 0.000000
10931 48.962365 -24.307216 75.692784
17881 48.527191 -24.207618 75.792382
3409 66.657477 -14.745450 85.254550
16744 52.802920 -19.233984 80.766016
16704 56.169887 -28.298813 71.701187
3427 84.996109 -15.003891 73.150122
4526 64.893417 -28.851759 71.148241
11325 65.225377 -29.151299 70.848701
10974 65.532582 -28.492947 71.507053
18434 36.506713 -24.742945 24.742945
10433 66.937587 -33.062413 47.005299
23866 37.209862 -30.328097 30.328097
5904 73.202574 -5.940345 94.059655
7434 72.549430 -5.823715 94.176285
14522 72.548798 -6.214986 93.785014
8441 74.483134 -3.081460 96.918540
3745 88.925552 -6.832761 6.832761
17602 73.603152 -5.051061 94.948939
7504 74.492881 -4.793053 95.206947
368 55.724080 38.876493 61.123507
9109 49.294800 -31.450186 31.450186
4908 95.952533 4.047467 79.056519
260 55.194805 -44.805195 55.194805
1391 50.795492 -44.513194 44.513194
11909 44.382997 -1.012579 98.987421
235 45.480090 -0.869191 99.130809
11716 97.651193 -2.348807 18.460502
9129 31.227557 23.332362 76.667638
13202 37.225706 -34.993160 65.006840
3405 36.655681 -26.108317 73.891683
6617 51.864340 -41.999023 58.000977
240 88.700939 -6.738559 93.261441
11356 89.404011 -6.612398 93.387602
8114 41.360543 -30.446584 69.553416
12739 41.419359 -29.956358 70.043642
892 40.934766 -30.305359 69.694641
8022 63.106884 -15.759014 15.759014
8896 46.362920 39.601393 39.601393
15484 49.406951 -24.396651 75.603349
23507 94.393285 2.207871 97.792129
9211 80.114542 -17.685311 82.314689
10439 28.262937 28.262937 51.595178
8201 25.381516 -15.754026 84.245974
6810 28.138009 28.138009 52.600350
13335 56.233886 -30.701479 30.701479
12200 27.948218 27.948218 58.718703
156 43.390372 -22.007771 77.992229
17526 30.649881 -28.769155 28.769155
8362 17.867532 17.867532 59.452212
17096 34.331509 -29.153483 29.153483
22939 34.202404 -29.274147 29.274147
12647 80.445981 -11.523618 88.476382
18381 92.907865 -7.092135 19.814719
23610 63.071246 14.059332 14.059332
18611 42.567266 -26.286623 73.713377
9754 45.893790 -24.221522 24.221522
2779 47.650281 -42.092822 57.907178
1496 60.210338 -2.558175 97.441825
1495 59.172634 -2.425219 97.574781
6749 35.019589 -26.751848 73.248152
15719 17.465626 17.465626 56.839279
7819 36.455889 -23.411995 76.588005
17783 67.387208 -29.628201 29.628201
1648 53.226406 -2.134897 2.134897
5227 49.530863 -18.330787 81.669213
16858 50.294354 -42.901990 42.901990
2950 26.065488 23.865800 23.865800
1334 52.337561 -32.777986 32.777986
350 86.016057 13.983943 61.790211
352 85.907183 14.092817 67.271949
13058 80.101859 10.910423 10.910423
17138 64.128705 -34.574793 65.425207
17452 63.562109 -35.358797 64.641203
4122 82.310980 -16.873822 83.126178
15930 32.100520 32.100520 57.598208
10062 0.649984 -0.649984 62.858533
18251 59.950857 -4.430724 95.569276
1331 58.284064 -17.574638 82.425362
2440 66.418583 -13.699231 13.699231
8720 81.506796 18.493204 27.097156
8718 81.458163 18.541837 22.541259
13579 72.273226 -27.726774 35.118020
3279 71.835871 -28.164129 34.127009
3653 10.975610 10.975610 89.024390
1231 64.029811 -31.128418 68.871582
5433 69.814154 -6.901677 6.901677
9916 56.638285 -25.830787 74.169213
11976 56.825641 -26.123118 73.876882
4218 57.234702 -25.706044 74.293956
1210 29.052741 5.436263 5.436263
18243 22.432711 22.432711 44.478666
16913 53.839284 -38.690688 61.309312
5096 85.441410 -0.667875 0.667875
9267 6.629705 6.629705 64.756866
23757 25.730646 -25.730646 47.890245
14624 40.972941 -23.694614 76.305386
4114 37.148785 -21.782708 21.782708
9784 64.762860 -35.237140 50.825228
4923 65.291848 -34.708152 51.724600
251 55.365175 -43.932616 43.932616
16562 96.186438 -1.384955 98.615045
17416 97.691968 -1.058757 98.941243
18411 59.594307 -9.295068 9.295068
376 88.269628 -2.077411 2.077411
10063 0.634445 -0.634445 53.842401
7480 40.098220 -20.655675 20.655675
15627 80.593297 -9.041188 9.041188
22981 34.513147 -29.499597 29.499597
22982 34.441072 -29.415805 29.415805
7310 45.805365 -1.689814 1.689814
2209 48.018135 -0.728397 0.728397
17588 78.085455 -16.858661 16.858661
10990 17.277683 -13.080177 13.080177
4217 57.855980 -25.432329 74.567671
19243 11.334758 4.790261 4.790261
14214 52.988021 -35.753168 64.246832
4947 64.671689 -9.510531 90.489469
12129 43.794765 -41.569342 58.430658
8636 41.547229 -26.479564 73.520436
5457 42.267103 -25.451698 74.548302
6015 40.048702 -21.237713 78.762287
97 38.349793 -37.707439 37.707439
1762 50.109000 -20.802088 79.197912
10857 80.935471 -19.064529 58.430019
23109 69.842322 2.254620 2.254620
761 94.881429 5.118571 22.594831
11224 83.242162 -16.757838 48.778985
18535 63.655396 -6.015456 6.015456
6959 68.459370 -25.431083 74.568917
3834 68.592815 -25.912542 74.087458
17949 47.469135 -34.383025 65.616975
23759 19.474229 -19.474229 50.144050
5817 20.000000 -20.000000 20.000000
23758 19.684468 -19.684468 44.077742
14335 32.183621 -5.623173 94.376827
15802 36.004412 32.712178 67.287822
8807 52.311802 -19.729535 80.270465
19365 87.405435 12.594565 63.659985
11364 87.737396 12.262604 68.018116
5824 12.931046 -2.898720 97.101280
360 98.483070 -1.516930 43.920850
5663 17.085887 17.085887 50.043132
15975 84.392744 15.607256 73.903659
15976 83.900852 16.099148 76.183462
1910 53.205495 -38.975501 38.975501
22968 34.828465 -29.503196 29.503196
12123 57.061508 -22.989020 77.010980
10588 56.205369 -24.673655 75.326345
10589 56.405452 -24.160862 75.839138
11300 58.925760 -29.095778 70.904222
6026 70.333033 -4.389686 95.610314
4974 79.283323 -15.291448 84.708552
7582 65.525972 -17.238743 82.761257
2212 43.324000 -27.496852 72.503148
9838 69.585261 30.414739 52.149252
11572 36.976952 36.976952 42.522483
7245 35.834339 -30.351536 30.351536
17492 16.069885 16.069885 24.606521
23176 32.299592 -23.485818 76.514182
23178 32.431322 -23.937191 76.062809
23179 32.794358 -24.155914 75.844086
14472 65.109449 -9.807587 90.192413
10651 12.511724 -7.859660 7.859660
1392 60.922140 39.077860 44.174813
15127 15.074618 15.074618 56.315911
3519 76.643302 -23.356698 27.632631
23323 28.781618 28.781618 43.387419
18264 53.946681 -13.868262 13.868262
4817 66.840862 -33.159138 54.578521
2207 40.953496 -13.361932 13.361932
17478 38.726283 -31.055017 68.944983
11102 38.573824 -31.519730 68.480270
2091 64.671745 35.328255 48.299691
13855 42.883555 -35.298272 64.701728
13557 21.578947 -21.578947 21.578947
23760 21.393610 -21.393610 54.834109
16975 57.340175 -15.444709 84.555291
15657 22.029208 15.787337 15.787337
17154 49.162330 -21.279897 78.720103
5940 88.460668 11.539332 56.786713
16242 59.021712 -40.978288 49.588393
1142 45.075189 7.358958 7.358958
8344 70.658839 -8.585069 8.585069
228 70.592414 -7.893007 7.893007
5765 26.083863 26.083863 29.831097
13709 22.222222 0.000000 0.000000
673 37.972661 -27.025193 72.974807
13454 10.539846 -6.428453 6.428453
6518 42.592593 0.000000 0.000000
1479 81.248201 -17.512550 17.512550
1232 64.496670 -31.284012 68.715988
6070 22.743153 22.743153 41.675117
10261 56.270088 -18.558583 81.441417
3951 36.180324 -22.587658 77.412342
16829 59.236134 -27.515343 27.515343
15279 32.853552 32.853552 46.649575
96 38.815313 -37.348216 37.348216
3241 38.904781 -36.757279 36.757279
19134 6.868755 -6.868755 28.856193
11774 6.315789 -6.315789 6.315789
18615 53.304879 -26.676061 26.676061
8400 93.978718 6.021282 34.639277
15893 37.832552 -22.276156 77.723844
2793 37.542419 -22.527898 77.472102
10416 87.246587 -2.486461 97.513539
16554 87.225008 -2.152767 97.847233
10371 22.585912 22.585912 46.694306
7971 28.172244 -14.955950 85.044050
668 36.835845 -22.528110 77.471890
4576 80.555556 19.444444 19.444444
7432 26.670661 -4.970376 95.029624
4183 42.841808 5.532906 5.532906
11995 80.505779 -16.233376 83.766624
8939 78.043721 -16.230138 83.769862
3637 25.053140 -3.801638 96.198362
8873 80.501878 -15.005054 84.994946
2214 42.874724 -27.537833 72.462167
23557 78.060622 8.037246 91.962754
241 88.052192 -7.159768 92.840232
15310 59.500664 -24.524997 75.475003
4095 37.370520 -11.986120 11.986120
8630 76.282407 -23.717593 29.197341
8334 75.933539 -24.066461 30.762628
10756 54.393663 -32.521997 32.521997
17841 78.797514 -21.202486 53.243465
14699 94.796800 5.203200 54.790439
10307 28.805894 28.805894 43.785670
10545 55.984204 -43.352764 56.647236
11261 78.633377 -1.167978 1.167978
11263 79.097779 -0.687077 0.687077
11595 76.931558 -1.257956 1.257956
11406 80.599702 -18.708097 81.291903
8001 42.164812 -36.936591 36.936591
5016 61.060788 -21.967689 78.032311
14476 88.654786 11.345214 28.373504
10100 32.996096 -7.110471 92.889529
16946 74.207891 -5.764959 5.764959
7120 57.777778 42.222222 42.222222
7259 94.130799 -5.869201 37.466510
11648 37.089034 -30.093740 30.093740
23867 37.084439 -30.169950 30.169950
23761 1.455090 -0.542080 99.457920
2423 9.756098 9.756098 90.243902
3974 59.779776 -13.114297 86.885703
3973 59.662271 -13.592888 86.407112
12079 74.634680 -4.572696 4.572696
6148 84.109806 -11.772994 88.227006
8403 17.548397 2.954795 2.954795
23234 18.736145 5.642681 5.642681
16372 19.957749 8.320893 8.320893
23235 18.976377 7.215176 7.215176
3358 55.004635 -1.567191 1.567191
3357 54.189136 -0.728759 0.728759
8257 30.852818 21.937060 21.937060
10401 44.910014 -37.451897 37.451897
23680 31.236681 -31.236681 45.303864
19258 59.843725 -28.392487 71.607513
1423 54.792032 -41.812825 41.812825
13476 81.926730 -1.193091 98.806909
8357 86.690617 -6.639167 93.360833
7401 38.748635 -30.800285 30.800285
10333 38.667145 -26.270519 73.729481
3950 42.701073 -37.653498 62.346502
12915 81.260292 -18.739708 45.231992
23428 81.154360 -18.845640 45.272621
23421 81.212403 -18.787597 44.869802
23422 81.255293 -18.744707 44.509303
6908 55.553860 -29.789784 29.789784
6462 56.191895 -29.981255 29.981255
18086 61.469840 -12.728019 87.271981
14977 4.326768 4.326768 71.524814
16825 43.254433 -27.320762 27.320762
18270 73.611111 -26.388889 26.388889
7453 46.572989 -8.189386 8.189386
2599 72.356527 -16.544408 16.544408
2223 21.482487 -4.466638 95.533362
13153 7.782675 7.782675 71.470918
5358 19.076543 19.076543 38.464787
14870 79.125230 -16.555092 83.444908
11146 54.144153 -26.657348 73.342652
5169 48.005958 45.293795 54.706205
1694 70.473163 -3.842737 96.157263
860 77.117395 -14.483877 85.516123
861 76.895481 -14.261225 85.738775
18989 60.794316 -10.429079 89.570921
157 43.210786 -22.397429 77.602571
12303 89.260942 -2.221474 97.778526
7272 37.748750 -30.938878 30.938878
10052 80.985424 19.014576 39.648791
15805 39.493365 -34.055212 34.055212
8591 5.253168 5.253168 38.877929
18772 61.158309 -34.420233 34.420233
19103 58.752045 -28.675370 71.324630
17785 78.941894 -17.550674 82.449326
8264 36.448638 -24.996378 75.003622
8404 15.740741 0.000000 0.000000
6140 67.902716 -16.420830 83.579170
3207 55.759525 -8.978176 8.978176
16850 40.970971 -22.816054 77.183946
16851 40.664518 -22.658274 77.341726
23762 21.984080 -21.984080 54.740049
4772 64.472603 -2.129340 97.870660
11188 84.047197 -1.468925 98.531075
23381 83.500307 -1.054806 98.945194
9879 57.163554 -26.233664 73.766336
8259 40.573165 -14.004046 85.995954
1095 30.178374 30.178374 49.982363
8059 33.639846 31.057948 68.942052
7576 93.321695 -6.678305 77.042175
13333 92.900396 -7.099604 79.775472
17196 62.143883 -8.398637 8.398637
5600 30.860805 30.860805 42.909600
10059 59.002069 -22.078692 22.078692
2801 58.296897 -22.376410 22.376410
13258 58.053494 -40.251413 59.748587
1167 38.428133 -32.114212 67.885788
1168 38.284861 -32.731470 67.268530
2973 38.900224 -26.044633 73.955367
23270 38.866084 -26.006211 73.993789
2745 41.083945 4.447766 4.447766
4387 76.400952 -6.821990 6.821990
8165 92.062434 -7.937566 68.028719
4967 55.272698 44.727302 53.060681
11522 46.719496 -15.244809 84.755191
18715 46.013681 -15.183992 84.816008
11242 71.514613 -16.687464 83.312536
23056 28.752352 28.752352 54.970417
23057 28.708668 28.708668 55.334411
8744 47.126709 -46.389621 46.389621
2039 36.567801 -2.010410 97.989590
14631 19.616519 19.616519 46.851196
13619 18.831003 18.831003 46.964672
13793 97.803906 -2.196094 60.234580
11148 33.135016 20.113421 79.886579
11061 15.658185 15.658185 33.157841
23495 5.938182 4.083798 4.083798
6177 92.781292 -7.218708 22.777978
18195 75.114441 -9.905749 9.905749
10608 67.435222 -32.564778 47.828381
23236 23.621014 21.579919 21.579919
7945 71.552700 -13.841054 86.158946
18663 93.826887 -6.173113 78.127480
9697 38.359212 -24.393766 75.606234
18125 37.029257 -28.912563 28.912563
18808 66.535633 -22.281324 77.718676
6091 87.587267 -11.462696 88.537304
12417 79.978476 -15.867876 84.132124
2790 59.726418 -19.144303 19.144303
6815 46.083996 -4.632742 4.632742
5903 73.348691 -5.516276 94.483724
7505 74.176880 -5.275608 94.724392
11785 62.174378 -9.381320 90.618680
13149 89.620675 -9.746651 9.746651
15989 35.552043 -28.311389 28.311389
1703 64.826390 -22.183550 77.816450
15842 30.202308 30.202308 49.263776
4618 84.484696 -1.949730 1.949730
2306 43.071170 -18.314886 18.314886
14818 37.838418 -30.319113 30.319113
18282 79.983834 -20.016166 43.026177
23015 78.406022 -16.971440 83.028560
18131 61.106358 -5.706929 94.293071
7357 35.930395 -27.167024 27.167024
8851 58.497612 -21.661017 21.661017
4160 58.709931 -20.936094 20.936094
23237 22.379531 17.815516 17.815516
18782 64.866916 -27.919917 72.080083
18984 81.143646 -18.137618 81.862382
13909 71.642640 -28.357360 35.811333
2262 52.563362 43.729522 43.729522
19296 45.213960 45.213960 49.479035
23834 50.569231 49.430769 49.529634
10561 71.270070 -28.729930 35.180198
1129 60.629449 -2.011563 97.988437
1494 59.775366 -2.011274 97.988726
4980 58.157645 -25.573834 25.573834
14273 56.149007 -38.965272 61.034728
17894 55.923877 -39.705550 60.294450
2363 74.766286 -13.815778 86.184222
17739 41.350612 -0.903026 0.903026
23376 78.172769 -0.652624 99.347376
1003 74.773298 -9.241472 90.758528
18383 40.186916 0.000000 100.000000
23763 29.488336 -29.488336 51.256322
9 79.016551 -17.935652 82.064348
11 79.294524 -17.769835 82.230165
1982 86.534407 -2.228318 97.771682
16894 38.158595 25.616565 25.616565
15711 42.899144 -29.824191 29.824191
23384 67.542423 -0.768049 99.231951
18373 93.135919 -6.864081 26.584045
11699 93.650521 -6.349479 27.409947
16045 97.098862 2.901138 33.257661
4876 84.677145 -15.322855 21.128033
1563 62.305541 -23.117908 23.117908
16783 41.053119 -25.221854 74.778146
18333 41.337538 -25.032363 74.967637
5665 74.649791 -25.350209 70.011053
6373 80.091671 -7.824664 7.824664
19268 83.674381 -1.242805 1.242805
10201 68.235307 -27.920939 72.079061
4368 13.386827 13.386827 25.244725
4600 23.172131 -21.766488 21.766488
9255 28.196374 28.196374 30.406086
3430 41.392908 -22.304751 77.695249
15869 46.985346 -4.664552 4.664552
22922 28.004590 28.004590 52.196982
23081 27.995836 27.995836 52.196609
23080 27.997500 27.997500 52.214503
22917 28.012241 28.012241 52.264954
23059 28.046871 28.046871 52.258346
19414 28.049315 28.049315 52.205078
23077 28.028919 28.028919 52.232186
9817 37.929208 -24.403971 75.596029
13159 39.453632 -32.304385 67.695615
16510 51.115857 36.169287 36.169287
17276 63.498138 -36.501862 50.560403
2855 20.367137 20.367137 46.766751
19356 27.209406 27.209406 53.274264
5014 18.758646 18.758646 56.480886
11009 0.302579 -0.302579 40.836451
12202 87.622640 -12.377360 79.045552
13268 10.887365 10.887365 82.659283
12169 97.742004 -2.257996 40.631478
7989 84.796687 -15.203313 78.797112
816 40.342388 -22.844785 77.155215
17425 18.051508 18.051508 78.694764
18922 74.010089 -25.989911 27.291045
5712 56.928638 -29.243183 70.756817
16405 57.272603 -28.864833 71.135167
11012 52.595413 -20.983837 20.983837
9948 52.482703 -21.692143 21.692143
4918 31.646150 -23.012865 76.987135
18825 65.211132 -33.553256 33.553256
11306 52.566724 -36.370287 63.629713
13293 18.042716 18.042716 55.753773
7597 27.375998 27.375998 52.522975
13228 81.117661 -4.620334 95.379666
674 38.195840 -27.013507 72.986493
15725 38.299626 -26.913017 73.086983
672 38.146372 -26.865007 73.134993
12348 71.401294 -28.598706 48.279201
5719 71.308622 -11.470028 11.470028
4826 56.860726 -2.178765 2.178765
5142 35.515718 35.515718 54.139121
9475 54.109894 -9.635318 9.635318
705 28.436065 28.436065 50.788807
17528 28.740336 28.740336 52.838496
13276 71.216204 -27.853320 27.853320
3911 8.441655 8.441655 52.073017
2139 19.151400 -1.697682 1.697682
16488 77.294086 -15.610199 84.389801
5897 54.213159 -34.767127 65.232873
13371 26.845556 -7.102289 92.897711
13095 35.997445 -15.322385 84.677615
13862 60.360103 -23.976159 76.023841
23060 27.914504 27.914504 53.094213
23061 27.959495 27.959495 53.220639
4806 79.235665 -16.654862 83.345138
14580 37.987799 -34.021144 65.978856
2275 56.128421 -43.871579 47.122975
19180 18.322674 -15.936993 84.063007
14929 38.685161 -25.325467 25.325467
23229 26.802848 26.802848 38.221590
1169 38.868787 -32.520851 67.479149
16280 79.256780 -7.831243 92.168757
2199 75.176137 -11.190528 11.190528
8817 41.820846 -27.802672 27.802672
10349 98.733225 1.266775 85.142749
16231 86.784271 -9.758960 9.758960
19160 27.123928 27.123928 50.755114
13132 63.647154 -10.277392 89.722608
7956 46.066833 -19.869989 19.869989
910 27.972344 27.972344 51.918572
909 28.023053 28.023053 51.857261
7152 0.654502 -0.654502 71.798551
14013 5.364878 5.364878 55.298443
252 55.555556 -44.444444 44.444444
1019 55.078548 -44.921452 46.220242
253 54.861111 -45.138889 45.138889
16297 47.503093 -9.518643 90.481357
10512 36.460185 -36.090851 36.090851
16306 86.144215 13.855785 53.001595
9971 18.899555 18.899555 36.750429
11554 74.123975 25.876025 46.951979
3134 94.007038 5.992962 45.420616
23062 28.056117 28.056117 53.766219
18691 27.933225 27.933225 52.492384
23029 27.987776 27.987776 52.401914
178 60.436919 -39.563081 51.277819
10207 27.891778 27.891778 52.123917
19392 27.697422 27.697422 51.619986
19425 27.715087 27.715087 51.774807
2347 86.981907 -13.018093 31.117217
2170 45.387428 -4.071648 95.928352
18460 91.210447 -5.538903 94.461097
951 34.835575 -14.789719 85.210281
16549 73.196079 -16.423743 16.423743
16249 58.706400 -18.286701 18.286701
14720 59.566279 -17.988244 17.988244
16819 64.842828 -29.899028 70.100972
10007 65.167485 -18.831043 18.831043
6899 56.763616 -28.657534 28.657534
6463 56.809627 -29.409247 29.409247
9411 38.425982 -21.919543 21.919543
4116 37.764898 -22.180333 22.180333
4201 61.722175 -38.277825 48.843955
12143 81.193781 -18.806219 51.270745
12948 39.413713 -25.744756 74.255244
11229 67.046021 -19.765787 80.234213
10336 51.355752 -14.220216 85.779784
23611 70.590736 13.089282 13.089282
15350 31.160658 31.160658 51.159430
6086 30.977614 30.977614 51.943583
11571 35.746671 35.746671 42.000674
6063 41.347987 -27.659682 27.659682
7354 55.762091 -41.378257 58.621743
11939 23.922347 -18.094281 81.905719
16889 22.156076 -3.092944 96.907056
23385 82.562256 -0.936971 99.063029
10886 39.261892 27.615290 27.615290
10866 28.342316 -26.356370 73.643630
5672 95.148347 4.851653 66.469557
7279 92.719138 -7.280862 66.290682
17190 28.026059 -27.366153 72.633847
11076 37.891973 -24.817794 75.182206
1545 61.075062 -38.409776 61.590224
3883 83.924690 -1.911479 1.911479
17658 56.074766 0.000000 100.000000
14615 35.437832 -28.777756 28.777756
13449 76.389404 -19.903665 80.096335
8737 28.674417 28.674417 44.587111
8061 28.504377 28.504377 44.532590
15124 74.256420 -17.954499 82.045501
6878 37.473193 -8.966718 91.033282
23847 38.816782 -26.275698 73.724302
23844 38.801862 -26.219455 73.780545
17444 27.740997 27.740997 52.316314
14784 26.508969 -5.486235 5.486235
16878 44.092350 -34.281452 34.281452
7982 46.015074 -38.720929 61.279071
16373 53.438090 -42.308009 42.308009
19347 28.007808 28.007808 52.066907
19285 28.064535 28.064535 52.110873
19364 28.030912 28.030912 52.122798
17990 30.027804 30.027804 35.767640
18814 63.228118 -27.993955 27.993955
7452 87.573264 -9.480043 9.480043
15209 87.302726 -9.098521 9.098521
18912 27.656077 27.656077 52.439847
18911 27.519041 27.519041 52.370143
18755 72.905986 -3.659819 96.340181
18096 73.532096 -3.850019 96.149981
19451 27.780747 27.780747 52.463755
8672 18.608929 18.608929 31.410025
19461 27.384586 27.384586 53.202189
2268 49.451656 -4.315076 95.684924
3266 73.671817 -1.353564 1.353564
13098 43.288759 -29.311680 70.688320
11852 74.051301 -1.917849 1.917849
17402 44.900032 -17.494162 17.494162
19433 27.513517 27.513517 51.234599
15413 27.985226 27.985226 51.990169
18109 27.803270 27.803270 51.710797
10924 27.915632 27.915632 51.688897
17883 59.624243 -28.112592 71.887408
12261 28.684184 28.684184 51.346309
6593 35.107925 -29.861878 29.861878
10205 27.820683 27.820683 52.136811
23010 37.221557 -30.130884 30.130884
23016 37.258695 -30.184873 30.184873
23017 37.254682 -30.225588 30.225588
11861 56.675624 -14.455296 85.544704
3681 57.273462 -14.196659 85.803341
11749 88.558751 -10.044609 89.955391
23117 28.185482 28.185482 52.180931
23765 4.507245 -1.399571 98.600429
23766 4.731303 -1.654077 98.345923
9065 78.066237 -3.622083 96.377917
11734 90.266559 -6.093492 93.906508
22984 27.851472 27.851472 52.521177
22986 27.801750 27.801750 52.583624
23032 27.997850 27.997850 52.476523
23065 27.984094 27.984094 52.526712
10870 33.481430 2.411095 2.411095
7100 31.481481 0.000000 0.000000
3069 91.632785 -3.473431 3.473431
11666 24.915225 24.915225 40.615837
23066 28.067358 28.067358 52.287886
14830 71.194865 -4.112289 95.887711
23063 27.879832 27.879832 52.942392
19415 27.967558 27.967558 52.265526
8783 79.962570 -16.110873 83.889127
22975 27.788278 27.788278 52.717617
22987 27.793312 27.793312 52.646886
23064 27.966338 27.966338 52.598186
23068 27.947239 27.947239 52.679637
15206 27.736501 27.736501 52.173424
23120 28.051951 28.051951 52.177806
23123 28.060750 28.060750 52.183525
19420 27.982653 27.982653 52.214138
15534 33.848398 -27.345349 72.654651
15004 33.688261 -27.976759 72.023241
14662 94.158637 -5.841363 28.431660
18314 52.319229 -37.714720 62.285280
14326 41.612226 41.612226 57.467425
3642 52.081488 -21.218669 78.781331
9495 38.473696 -8.952979 91.047021
1201 38.824367 -9.593308 90.406692
3953 35.697891 -22.597390 77.402610
17608 62.798673 -26.669136 73.330864
903 38.173832 -29.798889 70.201111
3104 62.205853 -8.951309 91.048691
10260 56.628192 -18.715581 81.284419
10943 38.333865 -7.223214 7.223214
9809 79.363409 -7.728415 7.728415
13877 48.665751 -21.203239 78.796761
6297 95.680989 -0.257305 99.742695
11385 42.411306 -21.230333 78.769667
7661 54.232076 -21.389312 78.610688
16240 54.747006 -21.211572 78.788428
3370 56.790659 -13.951807 86.048193
15939 18.478919 18.478919 48.731066
9915 56.943277 -25.290854 74.709146
10364 37.686595 -7.941313 7.941313
8953 11.355772 11.355772 47.525751
6778 90.930992 9.069008 59.909525
11551 89.072583 -9.466796 90.533204
5793 88.585851 -9.429524 90.570476
5495 44.057658 -7.145505 92.854495
2315 38.180358 -24.778947 75.221053
7828 56.185668 -25.059244 25.059244
18607 40.520175 -34.056666 34.056666
18026 47.576192 -34.985290 65.014710
11357 47.689741 -35.586242 64.413758
767 83.172195 -15.074420 84.925580
9219 73.214346 -22.465451 77.534549
223 45.490963 -27.302668 27.302668
9202 57.388782 -28.844637 28.844637
12249 31.079123 -1.733504 98.266496
11289 28.485257 28.485257 51.268568
9875 40.750907 -14.496551 85.503449
11810 50.743202 -43.278785 43.278785
14526 14.957278 14.957278 58.635070
17417 58.450854 35.023390 35.023390
2999 85.793050 -14.206950 51.808199
8852 70.404303 -1.829509 98.170491
5486 71.420411 -1.760615 98.239385
4213 35.893874 -1.359865 98.640135
11038 48.690618 -1.260488 1.260488
13583 73.179663 -12.453591 12.453591
10896 36.238797 36.238797 43.309341
17986 84.023135 -10.927677 10.927677
515 46.842105 -46.842105 46.842105
19028 26.845556 -20.235425 79.764575
4280 50.199129 -19.169121 80.830879
6232 22.895332 22.895332 49.046505
6461 56.831987 -30.172403 30.172403
17339 0.844908 0.844908 64.958968
17386 20.760908 -7.145852 7.145852
16173 48.604624 25.541684 74.458316
10488 98.130841 0.000000 100.000000
14032 86.111111 0.000000 0.000000
14922 43.306378 -34.658801 34.658801
4057 78.897273 -17.982303 17.982303
12933 38.978058 -25.042795 74.957205
12458 40.157348 -29.178856 70.821144
4456 87.029146 -12.327923 87.672077
7562 31.426235 31.426235 57.090592
8195 47.513418 -23.810876 76.189124
4102 94.392523 0.000000 100.000000
23575 95.381627 1.695597 98.304403
23560 95.077374 1.869142 98.130858
23561 94.732151 2.019253 97.980747
11725 91.431861 -1.820080 98.179920
12804 2.746113 2.746113 83.290060
13768 93.613036 -5.746442 5.746442
13769 93.539834 -5.242135 5.242135
1109 64.596601 -25.357266 74.642734
1448 93.115053 -3.632052 96.367948
1449 92.191435 -3.781228 96.218772
10279 45.579416 20.379101 20.379101
18834 86.666667 13.333333 13.333333
11860 37.694364 -32.928935 67.071065
13751 95.671259 -4.328741 61.253351
12418 79.814093 -15.846440 84.153560
16936 26.013443 -24.066907 24.066907
16404 57.726570 -28.869372 71.130628
15550 81.500000 18.500000 81.500000
5174 82.000000 18.000000 82.000000
16622 38.688996 -25.555536 74.444464
4595 38.784792 -25.511167 74.488833
14792 41.171845 24.633719 24.633719
18933 84.704876 -15.295124 46.831548
14475 88.184961 11.815039 32.422690
23767 20.546608 -20.546608 51.443271
15508 86.810922 -13.189078 26.909212
6664 46.386573 -33.440639 33.440639
11498 56.944444 -43.055556 43.055556
16333 46.241429 -25.981575 25.981575
17087 82.333096 -15.421201 84.578799
2650 86.056330 -7.150303 92.849697
13538 39.307345 -32.920733 67.079267
5394 60.013402 -37.857642 62.142358
1995 11.464119 11.464119 34.966289
16733 12.347075 12.347075 33.266770
17089 82.828235 -15.082603 84.917397
3105 61.544897 -8.749947 91.250053
10735 68.665786 -27.269408 72.730592
8297 72.800422 -19.685167 80.314833
11307 52.431578 -35.699711 64.300289
2461 51.792021 -45.124054 45.124054
2462 52.141692 -43.936618 43.936618
8110 84.802837 -1.492848 98.507152
16873 36.157418 -24.531835 24.531835
7779 79.463028 -2.523143 97.476857
17967 5.241786 -5.241786 83.098945
6707 63.715888 -18.568976 81.431024
4527 65.190952 -28.222519 71.777481
13294 18.009476 18.009476 57.551246
7843 55.279370 -28.607995 71.392005
13815 89.500000 10.500000 89.500000
14551 62.636026 -23.501701 23.501701
11829 58.340405 -2.731232 97.268768
23105 70.190128 -0.403596 0.403596
12718 50.925926 0.000000 0.000000
3868 62.407558 -28.592504 71.407496
15981 42.840678 -26.432246 73.567754
1942 75.091583 -24.908417 40.958678
18738 38.580475 21.158555 78.841445
3986 53.080609 -25.577581 25.577581
3987 52.649266 -25.100426 25.100426
19212 71.609313 -21.769973 78.230027
9702 92.339269 7.660731 29.531450
7804 92.236918 7.763082 23.914575
44 43.622519 4.434460 4.434460
14576 48.345266 -26.387316 26.387316
3846 75.756844 -24.243156 61.291928
12535 81.655639 -18.344361 21.448302
13475 81.984311 -1.057391 98.942609
11062 81.591615 -1.122333 98.877667
10622 82.569715 -14.401179 14.401179
15941 22.199205 2.740432 97.259568
2719 81.914261 -14.194717 14.194717
3113 86.388271 -13.611729 70.111206
10174 65.811621 -34.188379 52.512022
11611 13.888889 0.000000 0.000000
11863 58.311663 -19.787413 19.787413
9386 38.882756 -25.581421 74.418579
8486 54.627170 -45.372830 47.822272
6711 55.369907 -44.630093 47.442355
16861 94.659395 -0.680240 99.319760
14259 94.512350 -0.352366 99.647634
9110 48.825453 -31.366045 31.366045
6839 49.290086 -30.800090 30.800090
9893 82.592670 -17.407330 45.857925
15990 29.811677 -6.095689 6.095689
8202 25.650954 -16.394871 83.605129
17810 45.521285 -17.537350 17.537350
14173 61.990090 -31.965017 68.034983
9577 37.122115 10.103440 89.896560
14963 88.276418 -10.803156 89.196844
18164 32.670234 -12.522011 87.477989
14292 64.549968 -22.693753 77.306247
3860 49.734506 -13.832683 86.167317
4082 69.222262 -6.882840 93.117160
15028 98.223427 1.776573 72.735770
23377 77.574756 -0.618644 99.381356
7320 43.969978 17.612196 17.612196
13309 78.429493 -15.668259 15.668259
13949 63.024310 -8.684890 8.684890
13105 34.786673 6.939852 93.060148
23141 86.246338 -0.445511 99.554489
16897 85.682093 -0.496880 99.503120
23149 85.966772 -0.551185 99.448815
19023 54.439307 -13.297031 13.297031
6849 26.579484 26.579484 52.765300
9522 73.888331 -0.423482 0.423482
3264 73.366023 -0.760234 0.760234
11497 57.371640 -42.628360 44.454627
11499 57.638889 -42.361111 42.361111
9393 85.555427 14.444573 60.408331
2777 46.928058 -42.279166 57.720834
13282 43.308902 -35.687981 35.687981
15146 36.060740 36.060740 44.230634
8703 39.949177 39.949177 42.318292
79 94.322134 5.677866 39.633997
15577 19.899426 19.899426 75.040001
9675 20.793549 20.793549 73.339813
1352 86.516856 -11.353157 11.353157
5427 41.040795 -35.866504 35.866504
5343 72.819518 -22.404692 77.595308
23768 44.090560 -44.090560 51.134299
23563 90.880955 2.522860 97.477140
23555 91.985577 3.520198 96.479802
23564 90.414524 2.594101 97.405899
14025 37.361234 -28.260452 28.260452
11217 53.916389 -23.236596 23.236596
2247 45.263158 -45.263158 45.263158
16898 84.925061 -10.182195 89.817805
14597 38.368158 -21.378403 78.621597
16583 82.289310 -0.967846 99.032154
23387 82.488814 -0.901949 99.098051
23382 83.370093 -1.058899 98.941101
23388 83.310642 -1.041718 98.958282
16800 74.371975 -25.628025 28.224448
18271 48.670030 -2.760742 2.760742
3948 43.234708 -37.053046 62.946954
23374 67.893223 -0.728787 99.271213
17206 55.815077 -17.143844 17.143844
4100 92.315722 -4.500831 95.499169
15419 93.305457 -3.860092 96.139908
4851 79.242478 -7.477155 92.522845
13508 58.830211 -4.131447 4.131447
18305 22.973353 -2.824630 97.175370
18623 36.304562 -30.116430 69.883570
23792 28.717129 -28.717129 49.215323
16924 31.747570 26.108639 73.891361
9739 66.773846 -33.226154 48.588682
10432 66.295214 -33.704786 47.719690
11988 97.141346 -0.546914 99.453086
15826 65.295993 -18.854536 81.145464
18470 49.000081 -42.204110 42.204110
18690 49.473749 -41.883504 41.883504
5825 10.771154 -6.078897 93.921103
6255 82.374478 -5.097033 94.902967
12029 91.701584 -2.240416 2.240416
15437 92.186153 -1.668098 1.668098
16768 80.103811 -19.896189 44.131900
18281 80.395819 -19.604181 43.070454
3428 85.522534 -14.477466 74.629849
9914 85.398487 -14.601513 77.767963
23389 81.719379 -0.749562 99.250438
23393 81.968465 -0.777562 99.222438
23390 81.375493 -0.733663 99.266337
15147 36.982373 36.982373 44.430018
2685 84.368871 -0.989904 99.010096
11795 72.899863 -25.685183 25.685183
17147 13.000976 13.000976 52.269056
14668 84.504000 -3.283375 96.716625
6576 55.974536 27.529309 27.529309
4232 37.302971 -25.880689 74.119311
10826 15.677064 15.677064 79.529642
7972 26.284966 -16.823725 83.176275
3202 49.095389 -41.374609 41.374609
23565 91.056150 3.947643 96.052357
18765 81.424719 -0.843893 99.156107
1035 50.898404 -14.573755 85.426245
1259 29.970304 -26.820872 73.179128
9655 63.173958 -24.633504 75.366496
9545 42.451762 -29.794348 29.794348
14179 77.846370 -9.191908 90.808092
18948 87.970889 -1.738723 98.261277
8051 87.692303 -1.450409 98.549591
8008 65.620145 -24.163275 75.836725
236 73.271373 -1.703220 98.296780
23848 38.968646 -26.617461 73.382539
23841 38.937472 -26.581841 73.418159
16025 56.276012 -37.314217 37.314217
2118 55.588967 -38.119491 38.119491
11320 38.611662 -16.561906 16.561906
2554 50.500513 -19.137122 19.137122
2486 24.489100 24.489100 71.707238
16155 34.290321 -29.485430 29.485430
22980 34.371021 -29.334509 29.334509
18368 61.127437 -35.545895 64.454105
18551 27.215080 -24.905967 75.094033
15494 31.877819 -13.065562 86.934438
299 48.544517 -21.788861 21.788861
300 47.865034 -21.657856 21.657856
17593 52.293584 -34.234001 65.765999
12922 26.048892 -20.220851 79.779149
19428 38.532323 -25.300633 74.699367
17440 42.117042 -14.129270 14.129270
11318 79.656223 -17.541693 82.458307
3746 88.296390 -6.779848 6.779848
10285 96.636054 -3.363946 14.237075
3186 57.964305 -21.243693 21.243693
13882 75.015079 -14.610789 85.389211
12628 67.956615 -27.514525 72.485475
8715 50.205748 -12.691169 87.308831
8170 86.908954 -13.091046 58.893311
3170 86.797556 -13.202444 61.951819
22989 28.018453 -22.338149 22.338149
1060 75.993294 -24.006706 45.266037
9430 79.888970 -0.354462 0.354462
14024 80.808371 -0.390689 0.390689
23770 21.765287 -21.765287 45.379756
23771 21.579198 -21.579198 50.053466
4443 13.425878 9.920018 9.920018
2036 77.820776 -14.227299 85.772701
1816 51.784275 -0.677282 0.677282
479 39.516442 -25.877642 74.122358
12949 39.366864 -25.869347 74.130653
12536 39.372780 -25.990180 74.009820
19322 40.742306 -25.711298 74.288702
9976 40.430751 -25.892087 74.107913
7667 41.046287 -25.529315 74.470685
10259 52.119128 -41.536946 41.536946
11997 43.639170 -24.473181 75.526819
16623 38.587751 -25.539470 74.460530
14775 39.619085 -25.683473 74.316527
11874 54.549303 -12.012205 87.987795
2528 34.817227 -3.693618 96.306382
9343 73.974273 -26.025727 34.809910
9462 74.151658 -25.848342 35.767376
1546 61.696558 -37.741579 62.258421
5242 78.983479 -13.539214 86.460786
14274 12.226709 12.226709 38.368751
7669 41.341799 -25.659283 74.340717
11828 57.555034 -2.398154 97.601846
4672 96.825066 3.174934 37.973440
11064 65.663115 -25.279188 25.279188
12799 53.068477 -29.531343 70.468657
16059 48.090818 -26.487551 73.512449
16422 47.860859 -26.799369 73.200631
12478 35.782549 -27.634438 72.365562
7729 55.389444 -23.726831 76.273169
6101 41.411098 -10.920919 10.920919
6397 53.588108 -11.270688 88.729312
18637 83.946126 -0.927385 99.072615
14422 44.146257 -26.614009 73.385991
10905 43.656015 -29.429083 70.570917
12175 43.368940 -29.754411 70.245589
19235 41.207925 -29.072223 70.927777
5071 88.856456 -5.258615 94.741385
873 91.653516 -1.408689 1.408689
14593 39.071279 -27.799861 72.200139
14126 95.842745 -1.884861 98.115139
11126 29.208818 29.208818 52.963719
12103 39.826825 35.506767 35.506767
4231 37.345382 -26.074660 73.925340
4230 37.119367 -26.025195 73.974805
17032 77.939760 -22.060240 40.157529
23266 51.405567 -39.740241 60.259759
23274 51.739530 -39.520543 60.479457
4875 84.575504 -15.424496 19.644076
16588 91.135458 -1.557136 98.442864
5912 38.646087 -27.143452 72.856548
9932 38.396615 -27.062571 72.937429
11975 56.172279 -32.142999 32.142999
23850 38.841142 -27.125998 72.874002
23851 38.771757 -27.223733 72.776267
15008 85.405113 14.594887 69.498260
23772 16.184211 -16.184211 66.710526
13633 57.110215 -17.791832 17.791832
7273 37.936836 -31.228561 31.228561
1278 25.292039 25.292039 39.819555
1667 51.524409 -23.530824 23.530824
9921 48.873994 28.276624 28.276624
3741 19.952444 19.952444 76.534004
6919 81.929185 -18.070815 44.785001
17742 79.087372 -16.984368 83.015632
16715 82.048625 -2.914560 97.085440
15787 20.811159 -19.931523 80.068477
10609 53.605197 -28.758014 28.758014
8166 91.932718 -8.067282 71.401552
9850 37.188366 -19.904771 80.095229
6688 79.284473 -8.177176 91.822824
6874 7.950978 7.950978 85.607051
11561 7.039704 7.039704 85.289091
16218 7.097646 7.097646 89.314165
3001 50.928332 30.514947 30.514947
7824 94.639802 -5.360198 63.152802
3208 56.622149 -8.690235 8.690235
17953 85.000000 15.000000 85.000000
23774 47.896043 -47.896043 50.823180
23773 47.639052 -47.639052 50.547038
10454 40.742576 -30.867169 30.867169
17548 56.000000 44.000000 56.000000
5931 30.133664 -26.921817 26.921817
10855 38.430210 -27.356205 72.643795
16731 30.333620 30.333620 58.814489
6207 89.628755 -10.371245 39.239398
2988 53.927843 -41.318033 41.318033
3034 83.259800 16.740200 45.871963
13670 38.528927 -26.627496 73.372504
12076 38.552115 -26.554889 73.445111
5935 37.987696 -29.624945 29.624945
4139 37.788922 -29.518278 29.518278
9220 73.708627 -22.069731 77.930269
6926 73.398536 -21.928385 78.071615
17813 38.137902 -33.365386 66.634614
264 85.387278 -14.612722 50.113883
14781 74.931647 -24.064412 75.935588
16647 9.977340 9.977340 49.716728
8951 10.541134 10.541134 47.777293
15564 9.807628 9.807628 46.345565
23276 39.110451 -27.215454 72.784546
15063 35.290932 -24.971789 75.028211
1600 48.186275 -35.593731 64.406269
17088 82.609717 -15.460123 84.539877
9931 38.163925 -27.201747 72.798253
18042 50.444901 -32.262506 32.262506
16216 52.316002 -3.282660 96.717340
23278 39.006697 -26.252575 73.747425
6601 31.664397 -27.691973 27.691973
19313 78.213921 -18.793869 81.206131
23567 98.715816 0.417978 99.582022
23568 99.141598 0.430101 99.569899
11711 39.725730 -24.566544 75.433456
14753 51.411178 26.942556 26.942556
17267 49.181170 25.037608 25.037608
9913 85.248118 -14.751882 80.989911
23240 19.394341 8.326225 8.326225
12547 52.002028 -11.615310 11.615310
3910 9.352030 9.352030 52.377452
15649 48.905141 -7.514925 92.485075
23864 78.935264 -18.586030 81.413970
23868 79.002499 -18.461749 81.538251
14666 43.598077 -21.583015 21.583015
1230 64.676348 -30.617566 69.382434
11363 88.304141 11.695859 66.318278
18634 88.386835 11.613165 61.340703
8058 74.102525 -25.897475 39.448959
9716 64.832329 -7.896951 92.103049
8844 35.960743 -24.944408 75.055592
16711 37.262775 -23.592264 76.407736
17422 37.141783 -23.747607 76.252393
11452 91.678834 -2.986653 2.986653
19417 91.246540 -2.794711 2.794711
1249 71.644565 -10.170772 89.829228
18076 64.964267 -31.444017 68.555983
9734 98.063880 1.936120 22.167181
5261 79.822218 -20.177782 36.840034
17998 59.165960 -4.723418 95.276582
16900 85.230943 -10.327435 89.672565
11914 57.043882 -0.331942 99.668058
6176 50.522975 -45.990565 45.990565
10460 75.022880 -24.517338 75.482662
13976 8.421053 -8.421053 91.578947
5430 36.198514 -24.927515 24.927515
12364 42.618057 -23.312105 76.687895
14177 28.951302 28.951302 52.916548
23392 69.500000 30.500000 69.500000
19332 76.387370 -3.755853 3.755853
10550 76.001939 -3.387749 3.387749
7563 30.576892 30.576892 57.711564
7428 14.114541 14.114541 33.703863
1573 33.433267 20.358605 20.358605
12681 29.330117 29.330117 43.145823
23483 85.902930 -1.689395 1.689395
16082 36.725353 -30.180244 30.180244
23086 28.272219 28.272219 52.008941
18359 10.185185 0.000000 0.000000
7555 83.148437 -16.851563 43.043004
12370 51.255040 -32.335160 67.664840
15761 46.994061 42.780660 57.219340
3168 81.303666 -18.696334 47.459411
7112 1.851852 0.000000 0.000000
23496 2.635011 1.867851 1.867851
2940 37.022029 -22.203730 77.796270
10508 81.856650 -0.908345 99.091655
16582 32.144034 -8.825257 8.825257
4705 41.896573 -15.518745 84.481255
12740 41.292161 -29.487918 70.512082
6004 46.973577 32.016194 32.016194
1250 32.852022 -26.878795 26.878795
10982 43.149198 -30.745553 30.745553
18520 14.408563 14.408563 35.928448
11616 76.573653 -23.426347 67.667266
23569 90.515760 3.644117 96.355883
13941 75.025361 -24.974639 27.626346
18888 74.678600 -25.321400 26.638790
10108 83.059191 -16.940809 51.378719
13080 97.371908 -2.628092 44.813753
13046 88.053264 -11.946736 55.187243
4729 68.208789 -16.631973 83.368027
19050 55.014554 -29.648573 70.351427
5007 0.000000 0.000000 100.000000
14776 37.144161 -28.778507 28.778507
16330 85.310974 -6.985179 6.985179
15837 76.483063 -6.174734 6.174734
6987 52.197129 -33.805511 66.194489
412 45.114860 -22.741341 77.258659
3399 37.455259 -24.589993 75.410007
7229 98.946465 -1.053535 96.040681
17983 37.903814 -35.321530 35.321530
13616 61.129743 -2.778316 97.221684
8442 73.692267 -3.393089 96.606911
14288 93.539663 -4.794683 4.794683
14919 62.188202 -9.167854 9.167854
13796 60.002312 -12.256864 87.743136
9775 34.281025 -29.791976 29.791976
7825 94.280275 -5.719725 65.476035
23465 94.004878 -5.995122 66.423615
14653 41.621845 20.237123 20.237123
10284 96.092922 -3.907078 18.487106
14841 72.454718 -27.545282 40.936770
23019 78.765793 -16.664205 83.335795
19207 18.635973 -16.444624 83.555376
7636 44.892997 -21.225305 78.774695
1798 83.613757 -3.414540 3.414540
7991 48.223159 -31.354416 31.354416
17868 7.911152 7.911152 54.980633
23852 38.987180 -26.854462 73.145538
7532 37.903007 -31.812486 31.812486
8439 71.287723 4.710679 4.710679
23008 37.170605 -30.003789 30.003789
23024 37.122181 -29.987449 29.987449
23862 79.034398 -18.365531 81.634469
17208 79.287371 -1.576655 1.576655
23814 78.180059 -16.538547 83.461453
23775 32.617929 -32.617929 49.121371
17803 70.792084 -24.209501 75.790499
18855 70.594068 -23.850008 76.149992
411 45.556073 -22.563304 77.436696
11197 29.501238 29.501238 64.721176
1306 15.912420 -8.378917 91.621083
9600 21.073489 -19.722788 19.722788
6521 36.490675 -29.793520 29.793520
17955 27.424259 -2.753021 2.753021
17900 26.840865 26.840865 35.094406
15047 34.395231 -28.955520 28.955520
16463 62.463147 31.147538 31.147538
7676 75.651882 -2.914433 2.914433
277 76.173506 -2.458182 2.458182
15452 47.098808 22.985224 22.985224
5103 93.199705 -6.800295 8.433267
14534 41.616878 -29.186449 70.813551
40 43.494345 -40.727295 40.727295
2253 47.283831 -41.455345 41.455345
5414 10.579004 6.187610 93.812390
3813 83.407872 -16.592128 69.216653
7370 48.650076 -0.595233 0.595233
23486 85.209502 -1.908061 1.908061
23484 85.335601 -1.919027 1.919027
11978 43.320982 43.320982 53.704793
16726 54.015719 -2.740320 2.740320
16784 51.244365 46.199510 53.800490
9576 35.363409 6.404469 93.595531
9404 20.070416 20.070416 79.019429
17388 7.769476 7.769476 23.883196
1268 55.451069 -11.194241 11.194241
6484 37.312674 -27.351767 27.351767
6408 41.650149 41.650149 54.091103
6407 42.291828 42.291828 54.826354
18732 81.471448 -18.528552 47.667004
15572 66.579501 -5.786283 5.786283
16778 73.943722 -26.056278 45.478202
12158 56.884380 -22.985819 22.985819
12798 53.389599 -29.882398 70.117602
8449 14.210526 -14.210526 14.210526
10611 53.745076 -30.133160 69.866840
16942 65.439543 -23.953265 23.953265
19136 8.308868 -8.308868 34.588133
6760 97.462549 2.537451 57.107747
7978 77.144126 -11.398074 88.601926
9749 81.475320 -5.454020 94.545980
4335 58.981257 32.287372 32.287372
616 85.313392 -14.686608 39.775453
614 85.171592 -14.828408 41.514157
1119 24.210359 -20.797917 79.202083
4512 52.481628 -6.998773 93.001227
19283 61.934304 -27.607604 72.392396
2012 52.000943 -9.675949 9.675949
14621 36.702187 -25.408283 74.591717
3767 34.773794 -24.918731 24.918731
23613 83.594304 4.883966 4.883966
13344 6.842105 -6.842105 6.842105
2399 62.625151 -37.374849 41.437015
570 42.958280 -40.406768 40.406768
13047 87.526342 -12.473658 57.150802
16868 81.498912 18.501088 37.263782
42 40.740741 0.000000 0.000000
4579 78.168137 -17.895494 82.104506
2987 54.098894 -42.115677 42.115677
17291 64.907155 -27.064867 27.064867
8925 41.348755 -25.339836 74.660164
17034 77.205350 -22.794650 33.856410
15808 64.228761 -25.906871 74.093129
13723 45.844867 -26.372686 73.627314
17327 24.207745 11.888095 88.111905
8864 78.502501 -21.497499 52.278156
10888 51.044109 -34.004764 34.004764
2478 43.046149 -27.912856 72.087144
13908 71.413565 -28.586435 37.054499
13910 71.997172 -28.002828 36.944034
23069 28.525141 28.525141 54.827616
12607 3.956118 3.956118 80.026601
12608 4.411664 4.411664 75.351427
12606 3.527819 3.527819 76.511649
8204 83.258330 -0.532284 99.467716
4660 45.639514 -21.378693 78.621307
10980 34.635237 -28.020565 28.020565
11174 49.883703 -42.389469 42.389469
6472 46.336662 -18.700014 81.299986
9911 52.209188 -18.049185 18.049185
13397 24.656358 24.656358 41.533598
23552 85.524053 5.404289 94.595711
7948 64.097254 -32.381358 32.381358
9287 87.309342 -6.121016 93.878984
14990 26.152126 9.431483 9.431483
23756 9.727021 -9.727021 49.304612
15054 77.742941 -2.479890 2.479890
13504 56.282607 -10.977966 89.022034
11147 31.921813 19.815644 80.184356
7042 57.961967 -29.793328 70.206672
17893 42.682927 42.682927 57.317073
14904 56.919371 -23.885362 76.114638
11431 57.006640 -23.424982 76.575018
16493 64.887254 35.112746 61.132533
19299 72.075441 -3.881796 96.118204
19185 71.502590 -3.622115 96.377885
274 83.445647 16.554353 79.133550
12677 42.105263 -42.105263 42.105263
6354 30.721919 -2.661320 97.338680
16454 80.314493 -16.252826 83.747174
13112 54.108115 -25.672319 74.327681
23777 33.498606 -33.498606 52.880434
10470 6.481481 0.000000 0.000000
23647 5.839227 -1.768217 1.768217
2970 36.605579 -32.979869 32.979869
2498 51.672650 -42.436795 42.436795
15365 52.132524 -42.398221 42.398221
9851 37.867690 -19.454706 80.545294
14164 55.499209 -15.182533 84.817467
11794 73.236458 -24.839240 24.839240
1823 43.517310 -26.153016 73.846984
8666 43.212802 -26.364750 73.635250
1824 43.600967 -26.414957 73.585043
1825 43.837857 -26.126780 73.873220
14664 43.923785 -26.407192 73.592808
16336 43.640311 -25.873730 74.126270
18014 45.013591 -26.747709 73.252291
4106 41.207236 26.098885 26.098885
1914 32.838680 -26.068632 26.068632
5612 37.726255 17.729444 17.729444
9680 51.767494 -31.789395 68.210605
12311 77.886568 -1.480359 98.519641
6187 46.212938 -15.220543 15.220543
16201 45.102042 -26.327479 73.672521
18134 46.717782 -21.948595 78.051405
13229 45.428040 -26.558143 73.441857
6483 36.986734 -27.410260 27.410260
1936 42.147779 -10.238801 10.238801
22967 19.560014 -0.851265 99.148735
23779 6.292058 -3.547354 96.452646
23780 7.046718 -2.949792 97.050208
5878 60.971187 -24.331442 75.668558
6258 64.971647 -19.255235 80.744765
17585 64.839169 -10.274972 89.725028
17704 83.965690 -2.014138 97.985862
12231 63.780702 -36.219298 38.648079
17640 65.127704 -31.552836 31.552836
16268 43.060409 -31.584083 31.584083
12230 63.112029 -36.887971 38.189543
2303 37.302282 -24.546151 75.453849
13666 4.252784 -4.252784 74.865680
161 77.844408 -20.384570 20.384570
3514 91.139422 -8.860578 53.590624
1688 85.204807 -13.371806 86.628194
16078 79.146676 -17.297239 82.702761
10935 39.188097 -28.617609 28.617609
18013 57.087164 22.023694 22.023694
2500 51.500030 -41.625839 41.625839
4553 19.872626 19.872626 39.394200
10749 58.924739 -14.376460 85.623540
15890 59.043454 -13.881361 86.118639
23614 97.158320 1.243075 1.243075
23615 96.748576 1.286503 1.286503
3108 74.077083 25.922917 40.324373
5493 89.695697 -0.461887 0.461887
7388 90.604960 9.395040 65.454163
4784 43.832599 -40.671604 59.328396
19216 6.542056 0.000000 100.000000
1747 69.434035 -28.445599 71.554401
12319 56.807377 -18.335006 81.664994
10501 53.566856 -28.417205 71.582795
15630 36.842105 -36.842105 63.157895
19286 81.792007 -13.783202 86.216798
12004 82.487226 17.512774 77.021453
3648 66.477770 -25.128004 74.871996
23423 81.291616 -18.708384 42.062459
14988 28.667635 -27.763549 72.236451
140 27.894737 -27.894737 72.105263
139 28.421053 -28.421053 71.578947
23791 36.859175 -36.859175 48.988486
17510 36.315789 -36.315789 36.315789
23781 36.561074 -36.561074 50.238492
23782 36.191482 -36.191482 52.442465
22991 28.166312 -22.820036 22.820036
22990 28.214076 -22.597182 22.597182
6416 61.770748 -26.769925 26.769925
2878 85.300468 -12.785149 87.214851
3863 43.099248 -13.523860 86.476140
17118 66.757897 -18.828765 81.171235
5415 72.853608 -24.352856 75.647144
7663 38.193719 -27.810078 27.810078
18010 31.352081 -3.424861 96.575139
23617 87.946105 3.310453 3.310453
23616 88.048800 4.306825 4.306825
23301 78.284940 -1.232999 98.767001
23304 78.596840 -1.166096 98.833904
23307 76.580592 -1.291069 98.708931
23308 76.879127 -1.224142 98.775858
16145 81.512673 -18.487327 49.945898
17431 35.655463 -24.782990 75.217010
17531 53.300132 -22.813025 22.813025
6094 61.111111 0.000000 0.000000
10754 60.164589 -13.784436 86.215564
18115 90.313964 -3.138123 3.138123
5132 90.889094 -3.344296 3.344296
23324 28.529218 28.529218 43.885090
23315 28.477402 28.477402 43.960927
5198 55.329493 -11.763059 88.236941
10666 90.757639 -7.999416 7.999416
4961 37.385818 -25.042782 74.957218
666 36.522052 -22.618143 77.381857
11044 52.822280 -39.927674 39.927674
15117 83.896354 -11.665123 88.334877
8337 58.806523 -22.992287 77.007713
6454 77.454107 -0.410387 0.410387
12609 69.318061 -25.585891 74.414109
15401 87.055558 -9.805308 90.194692
16910 66.774092 -14.211897 14.211897
1885 39.833754 -30.143278 30.143278
23783 39.895208 -39.895208 52.165918
11254 57.522636 -21.751045 78.248955
706 28.594950 28.594950 51.005879
15185 38.248789 -21.007747 78.992253
2321 56.479632 -26.341196 26.341196
14159 56.315756 -25.662039 25.662039
5413 12.195122 12.195122 87.804878
6400 93.396795 6.603205 71.271234
14645 95.837496 4.162504 92.485974
11373 82.474385 -1.593899 98.406101
3021 52.801679 -22.894997 77.105003
3601 52.415835 -42.877970 42.877970
17029 48.705363 37.092593 62.907407
14473 64.383273 -10.020712 89.979288
6465 76.265311 -15.372751 15.372751
18742 70.633915 -24.838112 75.161888
23784 40.817229 -40.817229 52.029260
23696 40.637338 -40.637338 48.643354
18975 8.756136 8.756136 55.346876
23618 97.682828 1.171946 1.171946
23619 97.922484 0.727767 0.727767
9226 43.126218 -4.033698 95.966302
3831 60.087289 -18.528894 18.528894
23849 38.692161 -27.320690 72.679310
7460 63.660651 -13.856535 86.143465
8632 38.457867 -34.459612 65.540388
296 26.035970 -17.574841 17.574841
6803 25.661412 -18.367370 18.367370
23395 83.242176 -1.043460 98.956540
15079 82.417502 -1.932879 98.067121
5492 90.740741 0.000000 0.000000
7292 67.829512 -3.252975 3.252975
416 75.555556 24.444444 24.444444
23506 77.336684 5.960076 94.039924
13586 67.101901 -13.656015 13.656015
10142 27.359551 17.346854 17.346854
14412 50.660619 -48.696139 51.303861
13502 85.466061 -1.342843 98.657157
15286 85.121724 -1.618239 98.381761
1014 54.477264 15.247613 15.247613
1913 32.511426 -26.479095 26.479095
14118 81.510077 -4.240792 95.759208
11226 83.355902 -16.644098 50.025378
18149 39.976402 -26.724954 73.275046
13778 28.488379 28.488379 66.247676
6720 54.585657 -6.176365 6.176365
23869 37.042938 -30.116161 30.116161
6882 38.623748 -24.367385 75.632615
17469 19.009532 19.009532 78.361620
23332 57.009346 0.000000 100.000000
23396 64.346806 9.500127 90.499873
23397 66.095288 12.075978 87.924022
5442 51.786609 -5.040350 94.959650
19333 51.265964 -4.443441 95.556559
177 61.143543 -38.856457 51.647487
3972 59.169730 -13.390172 86.609828
5664 17.907459 17.907459 50.184901
10817 39.012186 -14.485139 14.485139
1550 58.916778 -20.192705 20.192705
13212 57.807889 -29.327014 70.672986
8208 77.759211 -22.240789 33.993204
8209 78.368066 -21.631934 33.897700
2531 95.920426 -4.079574 15.523976
2530 95.167460 -4.832540 16.723752
3203 48.707859 -41.656953 41.656953
3904 50.115990 23.524166 76.475834
8258 41.200395 -13.966042 86.033958
19086 82.752137 -1.170116 98.829884
13547 38.155208 38.155208 44.777172
13223 37.611377 37.611377 43.681303
23534 87.428423 3.383867 96.616133
14986 28.007600 28.007600 51.553220
7216 28.146516 28.146516 51.440497
23739 27.915444 -27.915444 51.089486
3338 85.129455 -1.704070 1.704070
9203 57.528116 -29.579609 29.579609
16917 66.670617 -32.665606 32.665606
2990 82.080294 -1.649268 98.350732
23573 97.584474 1.044064 98.955936
8374 38.741929 -26.412072 73.587928
23386 81.033508 -0.624591 99.375409
2720 81.703846 -14.906019 14.906019
2843 82.705942 -1.330004 98.669996
2395 31.469339 -30.610160 69.389840
13856 42.257530 -35.406793 64.593207
4235 47.452824 -29.476676 70.523324
23200 17.831754 1.849542 1.849542
23241 18.451896 3.505754 3.505754
4233 47.855514 -29.654952 70.345048
1332 58.035171 -17.192482 82.807518
13155 65.740741 0.000000 0.000000
5046 68.250842 -9.414023 90.585977
2304 37.173986 -24.674005 75.325995
23854 38.844032 -26.295579 73.704421
23242 18.543310 4.408100 4.408100
18604 86.294301 -1.094761 98.905239
18294 66.914498 -19.095312 80.904688
18800 73.708677 -2.931038 97.068962
18560 74.509677 -2.712981 97.287019
19291 74.991222 -2.369039 97.630961
5587 74.883689 -17.084404 82.915596
14806 36.685682 29.954731 70.045269
1589 50.963483 -11.115296 88.884704
13314 63.100067 -33.997388 33.997388
19427 71.168467 -28.831533 54.386915
18736 37.066340 -23.913600 76.086400
419 73.582192 -26.417808 61.342009
8914 32.733735 17.658312 82.341688
23300 77.736168 -1.194852 98.805148
23303 77.187532 -1.154120 98.845880
13323 68.892315 -24.758858 75.241142
8934 81.528589 18.471411 32.173215
2354 38.500898 -26.031084 73.968916
6054 79.055420 -17.637336 82.362664
22992 31.977036 -27.568532 27.568532
10521 81.327836 -18.672164 46.814415
16217 6.097561 6.097561 93.902439
14548 72.721800 -27.278200 35.981443
7167 17.460789 17.460789 51.821791
15593 25.083116 25.083116 48.085968
19113 25.131783 25.131783 47.102451
12538 48.053244 -40.776953 40.776953
2252 47.789685 -41.466419 41.466419
17804 71.137715 -23.588234 76.411766
6755 54.875205 -24.023753 75.976247
12688 29.543259 -6.078094 93.921906
5610 8.421053 -8.421053 8.421053
23150 81.095068 -18.904932 46.499654
18363 65.589204 -10.680150 10.680150
7445 71.475930 -17.791036 82.208964
14745 48.014981 -33.077856 33.077856
2471 39.900957 39.900957 56.447831
6914 59.867615 -9.872140 90.127860
5398 50.167921 -27.820243 72.179757
15335 71.031742 -28.968258 43.147780
12208 42.974247 -36.555824 36.555824
18011 83.096292 -12.449332 87.550668
8592 4.675517 4.675517 36.329291
17114 42.199583 -31.590760 68.409240
16965 70.503715 -23.491565 76.508435
3699 90.500000 9.500000 90.500000
8131 34.736842 -34.736842 65.263158
5313 62.444057 -22.434499 77.565501
8590 83.419119 -0.648287 99.351713
5317 74.729876 -17.729716 82.270284
5831 74.444062 -17.535555 82.464445
5582 84.717471 -0.448321 99.551679
18247 35.192336 -9.370109 9.370109
12645 61.020758 -2.358262 97.641738
23621 88.124471 5.308276 5.308276
6406 40.772379 40.772379 55.254831
2577 83.784200 -1.016104 98.983896
23380 83.684341 -1.051280 98.948720
23398 83.788023 -1.049207 98.950793
19463 79.166454 -17.711814 82.288186
7811 83.714454 16.285546 43.346245
8860 35.657213 5.438104 94.561896
10154 13.321273 13.321273 84.927925
6747 75.239598 -24.760402 61.262723
19078 49.998118 -21.920433 78.079567
7784 62.299132 -22.113670 77.886330
23399 81.228473 -0.686622 99.313378
1163 63.451216 -23.156287 76.843713
19460 70.502974 -29.497026 54.094722
17781 65.965705 -22.518861 77.481139
19325 66.838172 -21.773523 78.226477
5264 60.647521 -22.769396 77.230604
5056 61.952949 -22.550245 77.449755
4245 30.051154 -5.401420 94.598580
19279 65.388962 -22.750096 77.249904
13329 78.642491 -16.550513 83.449487
14799 68.221332 -25.125587 74.874413
1162 63.016184 -23.175149 76.824851
12544 60.472537 -24.366788 75.633212
13480 42.621591 42.621591 55.467326
19426 68.313315 -31.686685 52.597538
5864 61.768347 -22.219664 77.780336
5018 61.163395 -22.384427 77.615573
23553 88.226422 5.788245 94.211755
23554 88.547098 5.528255 94.471745
5263 61.012483 -22.820109 77.179891
13617 73.871222 -26.128778 65.716154
22907 38.834898 -26.030512 73.969488
23284 38.827705 -26.004144 73.995856
16876 58.212374 -28.809067 71.190933
8739 28.782947 28.782947 44.393896
13187 31.467918 31.467918 54.522396
4020 50.874002 -0.693129 0.693129
15587 57.473604 -23.104839 76.895161
23660 46.413835 -46.413835 50.946938
23787 46.279444 -46.279444 49.695341
2048 71.338453 -18.735667 81.264333
16307 83.333333 0.000000 0.000000
13760 75.773650 -24.226350 42.681182
1396 2.193939 -2.193939 55.784935
2264 50.725689 42.722946 42.722946
16107 26.533636 -20.339013 20.339013
1460 90.555556 9.444444 9.444444
23622 86.647628 3.901222 3.901222
23623 86.965521 4.753391 4.753391
12749 29.309883 -5.129426 94.870574
23788 39.738161 -39.738161 50.168393
17563 59.301241 -28.552863 71.447137
3572 71.354166 -18.139904 18.139904
17532 52.652060 -22.505492 22.505492
14459 39.034387 -28.557208 71.442792
23745 5.126279 -1.532528 98.467472
5028 50.275173 47.777729 47.777729
2724 77.634813 -22.365187 37.404816
3419 82.770510 -12.812255 87.187745
13572 85.616731 -1.135030 98.864970
12201 27.850071 27.850071 59.811321
11805 85.995286 -0.906278 99.093722
9806 23.315988 -19.119106 19.119106
23870 37.364384 -30.607475 30.607475
10125 42.830474 -3.298612 96.701388
23253 39.272896 -26.656776 73.343224
5554 97.273861 -2.726139 9.977850
15406 68.583997 -31.416003 45.492359
1553 34.998039 -8.361971 8.361971
13519 51.457485 -25.522595 25.522595
23400 73.621029 -0.686230 99.313770
12491 67.065479 -25.895477 74.104523
23233 26.266872 26.266872 34.197266
23243 26.017577 26.017577 33.493567
23244 26.049180 26.049180 33.050265
23485 94.248999 -5.751001 63.814660
11301 58.367106 -29.224062 70.775938
8767 30.142259 -13.394883 13.394883
14520 12.423698 12.423698 70.171790
179 61.063823 -38.936177 49.917713
6351 56.745082 -27.888437 27.888437
18507 73.653278 -26.346722 64.274629
5711 57.300281 -29.325970 70.674030
14800 68.472560 -24.640360 75.359640
8612 74.294247 -18.778574 81.221426
19224 95.500000 4.500000 95.500000
23436 27.704288 27.704288 40.415702
23453 27.637535 27.637535 39.962253
14751 18.710453 18.710453 63.584260
3587 85.500000 14.500000 85.500000
22994 32.195011 -27.620789 27.620789
22930 30.497373 -26.521154 26.521154
22995 30.642511 -26.745553 26.745553
22961 30.839290 -26.935439 26.935439
4234 47.876354 -29.204241 70.795759
3739 20.013040 20.013040 77.927840
16267 42.725570 42.725570 56.590453
8007 59.404989 -21.547754 78.452246
12173 84.196230 -0.544651 99.455349
10162 89.813231 10.186769 13.449830
23249 52.579054 -39.462410 60.537590
23401 83.595708 -1.052929 98.947071
8913 69.852230 -30.147770 52.251617
12855 83.918996 -0.980380 99.019620
18638 82.933420 -1.034624 98.965376
23288 54.899547 -38.846895 61.153105
8035 81.446714 -18.553286 42.988810
4059 79.364650 -17.177852 17.177852
11544 79.769509 -16.540053 16.540053
2889 30.477855 -6.009143 93.990857
5730 30.055374 -6.991960 93.008040
5588 75.064606 -17.284496 82.715504
2305 37.333886 -24.666787 75.333213
1908 73.333333 26.666667 26.666667
23281 51.958991 -39.539253 60.460747
1957 2.882516 -2.882516 51.021147
1958 3.036735 -3.036735 41.740808
5319 75.292505 -17.498573 82.501427
3159 84.213013 -0.851446 99.148554
23425 81.489062 -18.510938 38.271312
22924 84.067840 -1.075256 98.924744
23153 84.043362 -1.061467 98.938533
23498 4.991228 2.565477 2.565477
23454 27.802972 27.802972 39.674799
23455 27.763739 27.763739 39.375069
11685 35.735664 -27.730120 27.730120
23402 83.098775 -1.030354 98.969646
23355 83.041333 -1.018265 98.981735
12352 60.454846 -39.545154 45.720472
23182 34.867011 -25.555397 74.444603
22946 29.200375 -25.285688 25.285688
22947 29.030508 -24.840265 24.840265
9939 53.440686 -24.811484 75.188516
17721 60.449198 -36.193276 63.806724
6143 30.977475 -12.580964 12.580964
10544 55.844156 -44.155844 55.844156
18667 34.934660 -23.400896 76.599104
18101 2.443005 -2.443005 49.247280
23546 82.536761 4.220225 95.779775
23576 83.157825 5.385185 94.614815
16692 81.718057 -18.281943 52.806353
2851 79.863417 -17.205211 82.794789
11225 83.614462 -16.385538 48.722397
18336 34.878614 -23.001091 76.998909
19398 79.404677 -17.574126 82.425874
23871 79.571089 -17.494794 82.505206
19447 76.660480 -20.107428 79.892572
5318 74.918957 -17.948010 82.051990
2852 79.720561 -17.382865 82.617135
2145 85.202628 -2.318197 2.318197
16230 35.142662 -22.612018 77.387982
2853 79.917050 -17.314841 82.685159
18980 75.548425 -1.966918 98.033082
23832 49.395641 47.129135 47.129135
14950 78.785208 -18.049683 81.950317
11789 73.309791 -26.690209 62.721755
23624 88.718760 3.912108 3.912108
7720 84.148362 -11.619707 11.619707
16028 36.491542 -11.555352 11.555352
18044 64.035891 -35.964109 51.605376
15363 41.308132 27.652171 27.652171
7629 67.647446 -25.467420 74.532580
13003 67.964172 -25.600595 74.399405
15660 37.415901 -29.033273 29.033273
13946 75.358621 -24.641379 25.996456
23325 64.694555 35.305445 38.385196
16581 53.703704 0.000000 0.000000
2887 31.336822 -5.783583 94.216417
17963 64.061267 -34.652070 34.652070
17927 63.740134 -35.435690 35.435690
13860 64.404486 -35.595514 37.205655
18737 36.924198 -24.042320 75.957680
23403 76.409829 -0.715521 99.284479
23183 34.710486 -25.486187 74.513813
17872 48.947368 -48.947368 51.052632
23018 78.719539 -16.586815 83.413185
23021 78.621078 -16.641429 83.358571
22908 78.795414 -16.587044 83.412956
19273 67.449508 -11.961800 11.961800
11278 70.163265 -20.524582 79.475418
8582 70.577682 -20.126970 79.873030
11277 70.024329 -20.310131 79.689869
23290 80.908035 -19.091965 46.380963
23289 80.820863 -19.179137 46.688585
23338 71.500000 28.500000 71.500000
23873 79.468279 -17.707044 82.292956
23872 79.478958 -17.617498 82.382502
23588 98.901700 0.454262 0.454262
23625 98.499592 0.806452 0.806452
23626 98.225889 0.800221 0.800221
5306 74.051444 -1.289755 98.710245
23115 64.423671 12.615756 12.615756
23106 54.629630 0.000000 0.000000
22919 28.157495 28.157495 52.151513
1612 39.222418 -24.498254 75.501746
8621 64.583333 -35.416667 35.416667
12801 54.280566 -12.637997 87.362003
18588 70.859203 -29.140797 39.211436
13214 50.215036 33.023270 33.023270
9106 36.263242 -27.812565 72.187435
14819 83.231461 -16.768539 44.056309
16222 83.788766 -1.192312 98.807688
23793 35.975283 -35.975283 47.763308
23874 79.365164 -17.831838 82.168162
23778 33.804993 -33.804993 47.493011
23794 33.947413 -33.947413 50.374097
11562 5.939149 5.939149 90.375081
23795 48.156955 -48.156955 50.410967
23812 50.195913 -49.380118 50.619882
18103 49.473684 -49.473684 50.526316
4616 42.253288 -24.926723 75.073277
23686 6.579663 -1.895239 98.104761
23796 6.504945 -2.544859 97.455141
23499 4.732246 2.791205 2.791205
516 46.315789 -46.315789 46.315789
23798 46.036016 -46.036016 50.161346
1271 37.368473 32.568130 67.431870
14511 84.625314 -15.374686 81.772607
23587 99.585721 0.414279 3.658306
23627 99.423452 0.576548 5.099271
23305 75.680491 -1.342099 98.657901
13600 89.500959 10.499041 18.713310
5992 76.097451 -1.546207 98.453793
23306 76.177995 -1.233618 98.766382
14726 84.012175 -0.867607 99.132393
585 84.040670 -0.995569 99.004431
2576 83.895664 -1.032258 98.967742
23406 83.835977 -1.062587 98.937413
9237 29.421720 -3.465957 3.465957
16709 27.767412 27.767412 52.020290
23833 50.902127 48.611099 48.611099
22923 85.251557 -1.883491 1.883491
12594 81.308296 -18.691704 50.691616
22999 22.853205 14.200788 85.799212
5112 85.036981 -1.691892 1.691892
18040 83.809829 -0.906123 99.093877
23151 84.191024 -1.024454 98.975546
23152 84.115966 -1.050893 98.949107
15168 84.069354 -1.034647 98.965353
23045 29.054240 29.054240 57.566780
16998 29.347207 29.347207 57.841055
10833 83.996708 -1.139510 98.860490
23302 83.867274 -1.140017 98.859983
13528 2.030975 -2.030975 47.054581
8305 82.624679 -1.471679 98.528321
23799 18.684071 -18.684071 50.222590
23804 35.400489 -35.400489 47.554022
23800 35.080098 -35.080098 49.510804
15170 28.330344 28.330344 54.174077
12966 81.235444 -18.764556 46.355514
23628 84.632966 7.045565 7.045565
9431 79.629630 0.000000 0.000000
23408 66.176303 -0.669628 99.330372
7895 87.393746 12.606254 70.931163
12833 36.816709 -30.289139 30.289139
15537 36.685594 -30.290644 30.290644
7638 35.311973 -29.702377 29.702377
1657 80.916910 -19.083090 45.431676
23426 80.993542 -19.006458 44.997866
23429 81.013799 -18.986201 45.354558
19293 79.138614 -0.280388 0.280388
12708 81.330133 -18.669867 45.706495
9338 79.319590 -4.669055 95.330945
23590 65.674157 11.168871 11.168871
16962 81.122138 -18.877862 44.509384
22911 81.091570 -18.908430 45.141846
23629 83.829786 6.454969 6.454969
547 36.776186 -30.387610 30.387610
6095 60.185185 0.000000 0.000000
23481 85.296030 -1.851773 1.851773
3336 85.135074 -1.643925 1.643925
5111 85.010155 -1.641767 1.641767
7473 84.857368 -1.647471 1.647471
23283 38.812671 -26.049164 73.950836
276 77.007716 -2.472669 2.472669
23802 2.740634 -1.300665 98.699335
23470 87.226975 -0.817240 0.817240
3770 39.965248 -22.967913 22.967913
23409 74.791027 -0.671175 99.328825
23299 74.581250 -1.290698 98.709302
23255 38.877384 -26.102757 73.897243
23282 39.169454 -27.129589 72.870411
23350 75.096888 -0.630023 99.369977
11951 72.561980 -27.438020 37.656105
23805 35.606558 -35.606558 52.469830
23878 37.229588 -30.385441 30.385441
23583 68.115395 8.838787 8.838787
23630 69.398755 11.037573 11.037573
23005 78.219935 -17.245882 82.754118
23169 16.842105 -16.842105 16.842105
23184 16.315789 -16.315789 16.315789
5726 28.019794 28.019794 51.729842
23296 78.897296 -1.107698 98.892302
1635 65.102313 -14.922730 85.077270
6924 81.731582 -18.268418 45.082473
11250 37.476945 -29.245125 29.245125
18962 77.519489 -22.480511 55.846384
23577 85.098221 5.440942 94.559058
23464 93.139973 -6.860027 66.085026
22993 37.003279 -30.079297 30.079297
19335 61.599760 -38.400240 50.410516
13613 69.322791 -30.677209 52.979815
3355 69.855971 -30.144029 53.669598
13801 73.355380 -26.644620 54.794445
19362 72.489911 -27.510089 39.288090
18878 28.094609 28.094609 52.232879
23025 37.099370 -30.046864 30.046864
23853 38.902631 -27.030357 72.969643
2975 38.813077 -26.087226 73.912774
23855 38.773365 -26.085943 73.914057
23664 28.537470 -28.537470 45.519505
23694 14.736842 -14.736842 56.996204
23427 80.977180 -19.022820 44.631765
23256 38.847651 -26.062859 73.937141
23022 78.851182 -16.589970 83.410030
23023 78.825694 -16.527977 83.472023
9015 78.805051 -16.499338 83.500662
22910 78.938839 -16.359587 83.640413
23074 79.014522 -16.322616 83.677384
23051 78.788948 -16.453128 83.546872
22914 28.047370 28.047370 52.160048
22921 28.028708 28.028708 52.159071
23104 28.036885 28.036885 52.176682
23116 28.191248 28.191248 52.066404
23132 28.025197 28.025197 52.145726
23118 28.042566 28.042566 52.140221
23119 28.058676 28.058676 52.142812
23127 28.135210 28.135210 52.196385
22920 28.118619 28.118619 52.156789
23130 28.111645 28.111645 52.192758
23122 28.076297 28.076297 52.187519
23126 28.105569 28.105569 52.128721
23124 28.089187 28.089187 52.123755
23125 28.098140 28.098140 52.184980
23078 28.025226 28.025226 52.209599
22912 28.022331 28.022331 52.187159
23079 28.014625 28.014625 52.200617
23058 27.993481 27.993481 52.241832
23129 28.161416 28.161416 52.194641
23133 28.021631 28.021631 52.170932
22985 27.968897 27.968897 52.195920
23082 28.010037 28.010037 52.186393
23487 85.237166 -1.862246 1.862246
23154 84.020801 -1.099060 98.900940
23457 27.972885 27.972885 44.035409
23326 28.108726 28.108726 44.244103
23459 28.043067 28.043067 44.123235
23458 27.984929 27.984929 44.111839
22927 28.019282 28.019282 44.135411
23462 28.048375 28.048375 44.085907
23001 22.344356 12.716976 87.283024
23076 27.989994 27.989994 52.268916
22998 28.755612 -24.667459 24.667459
22965 24.114703 20.394611 79.605389
22918 28.010940 28.010940 52.222953
23876 37.039547 -30.065964 30.065964
23014 37.172662 -30.365195 30.365195
23020 37.204125 -30.422998 30.422998
23821 78.716036 -16.374721 83.625279
23822 78.755398 -16.392071 83.607929
23857 37.256824 -30.454064 30.454064
23879 37.250365 -30.414683 30.414683
23071 78.742511 -16.437748 83.562252
23067 27.906974 27.906974 52.860048
23073 28.993106 28.993106 57.889540
23816 78.348591 -16.501951 83.498049
23817 78.284481 -16.504431 83.495569
23819 78.863550 -16.395171 83.604829
23820 78.809215 -16.397112 83.602888
23075 78.870866 -16.438887 83.561113
23823 78.791638 -16.385288 83.614712
23824 78.914007 -16.408088 83.591912
23632 63.980783 12.675197 12.675197
23633 64.844192 9.251623 9.251623
23634 66.694953 11.200354 11.200354
23093 66.666667 0.000000 0.000000
23637 64.959219 11.528022 11.528022
23131 28.117677 28.117677 52.123103
23407 83.981494 -1.036887 98.963113
23173 38.536909 -26.074506 73.925494
23807 17.080090 -17.080090 48.372378
23737 17.627815 -17.627815 49.613988
23808 17.361187 -17.361187 49.496592
23809 16.698302 -16.698302 40.737675
23180 32.836906 -24.395746 75.604254
23810 16.411417 -16.411417 39.000208
23230 26.837656 26.837656 37.946122
23456 28.052703 28.052703 43.982851
23460 28.004978 28.004978 44.156637
23461 27.975625 27.975625 44.071687
23404 76.829303 -0.724310 99.275690
23448 28.064575 28.064575 43.882788
23578 99.426755 0.232525 99.767475
23579 99.764758 0.235242 98.173931
23497 2.144160 1.290632 1.290632
23574 87.896918 4.353031 95.646969
23488 99.500000 0.500000 99.500000
23835 49.890459 49.255223 49.255223
23752 37.341937 -37.341937 50.041074
23790 17.879389 -17.879389 48.187338
23806 35.790197 -35.790197 50.058284
23845 38.789268 -26.174771 73.825229
23875 79.354906 -17.897084 82.102916
