118 68.281063 17.743564 48.098161
110 68.402891 17.927787 47.852839
15298 67.917791 18.196968 47.825940
17304 23.773346 7.394077 80.711856
797 24.129853 8.627396 79.299050
796 23.327799 9.006538 79.320556
11843 54.484314 17.710905 55.029227
16686 55.295195 17.968601 54.365832
16773 54.291680 18.913396 53.921851
11740 79.099683 9.687847 50.752624
8257 78.966438 9.742438 50.764601
9928 79.037890 9.658240 50.813156
15834 81.197920 4.323342 55.073375
12195 81.361400 4.356595 54.958349
12196 81.095433 4.462806 54.985014
16357 31.084732 0.000000 27.372230
1650 31.270376 0.000000 28.834254
12361 30.495389 0.000000 27.994292
6334 66.245283 0.000000 45.605744
6336 66.433791 0.000000 43.411147
11632 67.095890 0.000000 44.476981
7862 79.593520 9.136401 51.057703
7863 79.488891 9.241952 51.004361
7864 79.413037 9.220083 51.064178
7114 84.175093 8.754684 49.149015
3130 84.420074 8.667650 49.113646
3715 84.142874 8.855937 49.063771
2193 20.973096 0.000000 42.886246
13187 21.432387 0.000000 45.648264
2194 20.408789 0.000000 45.198197
9350 37.715755 37.486180 43.618456
7371 37.762224 36.718276 44.363894
12635 38.206063 36.768022 44.092178
5608 74.392643 8.992161 53.802525
15200 74.570763 8.779399 53.926440
5606 74.703093 8.871345 53.768237
15108 36.623137 0.000000 71.480352
15107 37.476625 0.000000 71.075859
16841 36.953811 0.000000 72.407342
11682 7.312041 10.979040 57.786265
7532 7.442533 11.174975 58.331032
7534 7.524663 11.298293 57.303336
1975 80.020207 14.394534 45.580968
3567 80.702535 13.895838 45.738998
1976 80.423823 14.243452 45.530393
11837 80.373592 14.014461 45.784728
2502 49.331886 17.969901 57.346186
5919 49.000544 19.143748 56.336836
2500 48.577502 18.610224 57.082415
5599 69.592498 17.126069 48.060556
6491 69.562890 16.909960 48.291685
5600 69.938866 16.767652 48.246147
3768 30.220516 45.376150 36.209303
4251 29.640185 44.504783 37.715473
4250 30.128571 45.238095 39.652381
1649 31.489231 0.000000 30.321995
12362 30.707869 0.000000 29.572161
8720 73.537002 14.551592 48.665355
8939 73.371825 14.734822 48.564531
12948 73.269876 14.695287 48.655080
197 6.555851 9.843619 36.206697
14383 6.322629 9.493438 37.010457
6306 6.559960 9.849790 37.542045
203 85.974798 5.281105 51.726214
15970 85.973401 5.157562 51.850580
14601 86.460703 5.061198 51.703389
15929 74.747595 16.344084 46.265774
16688 74.425814 16.621818 46.148653
13176 74.465075 16.475949 46.275037
14230 82.749914 11.533036 47.080474
14977 82.809448 11.625034 46.958617
524 82.310947 11.903615 46.929008
513 3.358616 5.042966 66.254487
16657 3.714909 5.577942 65.294726
2121 3.546759 5.325464 63.784401
1967 65.687150 19.604602 47.532218
2749 66.096146 18.932052 48.000943
4620 66.374426 19.077304 47.716406
9863 26.296125 0.000000 75.044512
8751 27.190022 0.000000 76.664842
9521 25.857387 0.000000 78.398330
14976 50.425703 0.000000 28.792434
16508 50.381788 0.000000 29.833019
16509 49.660624 0.000000 29.449027
2253 39.975004 9.555224 23.169392
5650 40.628425 7.967778 22.967483
2254 39.631317 7.991190 22.476725
3932 16.700586 25.075955 61.720092
1729 16.173073 24.283894 62.438867
10076 16.403222 24.629462 63.854817
16764 94.045928 0.000000 49.992400
14760 94.874942 0.000000 50.995701
10125 94.113797 0.000000 51.532481
11066 7.351550 11.038364 27.841147
11067 7.333403 11.011115 26.887434
11068 7.168719 10.763843 27.417183
16296 42.551291 0.000000 54.927894
15611 42.722980 0.000000 54.534043
10552 42.873656 0.000000 54.796660
14823 4.024840 0.000000 88.576898
15123 5.020649 0.000000 88.486012
15223 4.493311 0.000000 93.110524
8051 41.444148 0.000000 77.771806
12914 41.103620 0.000000 78.713046
16948 40.522785 0.000000 78.260962
15832 72.226796 10.143417 39.491156
8653 72.617895 20.526316 43.144211
6330 73.320000 20.000000 43.320000
8912 78.019656 10.609022 50.370541
8358 77.936862 10.579494 50.441495
9544 78.120487 10.492616 50.436648
6302 25.489518 11.704056 75.539481
6301 26.469373 10.046630 76.708637
1248 26.366394 12.059118 74.745626
3150 32.600895 31.859597 51.808095
14020 31.749272 32.375050 51.717939
4526 32.049231 31.251436 52.692697
16393 74.210401 13.560095 49.321145
8741 74.495039 13.481174 49.257826
16394 74.173397 13.723125 49.176453
5360 75.103591 3.901173 58.543131
13499 74.943366 3.682600 58.842034
5358 75.354333 3.586284 58.732964
1417 70.059303 5.324326 59.640698
1416 70.724162 4.905801 59.727213
8382 70.757860 5.411831 59.203828
13730 58.116837 0.000000 61.579155
15122 57.059587 0.000000 60.908463
12864 57.789455 0.000000 59.376072
15560 13.794729 0.000000 28.351564
4976 13.458996 0.000000 32.622513
12874 12.366177 0.000000 28.232974
14743 76.713253 12.531729 49.099113
8921 76.843713 12.393559 49.172191
12745 76.947457 12.399806 49.114065
14227 41.760828 6.738509 72.374338
15232 40.860698 7.065301 72.497285
15947 41.367596 5.808263 73.502131
15479 43.482462 0.000000 69.514896
9278 43.452192 0.000000 68.691259
4519 44.042733 0.000000 68.868852
13273 10.615262 15.938832 51.960183
13271 10.468080 15.717837 50.932651
13272 10.317327 15.491483 52.049255
4158 43.029041 0.000000 58.563826
12183 43.038496 0.000000 57.949489
4159 43.283219 0.000000 58.125938
11365 78.102350 10.637135 50.301052
15247 78.226153 10.506904 50.369513
10737 78.280539 10.555498 50.293677
9265 23.444354 0.000000 46.720016
113 22.466805 0.000000 46.172915
9135 23.118920 0.000000 44.206349
3291 79.429056 3.303682 56.978486
15457 79.849119 3.272235 56.799934
3289 79.483156 3.493825 56.761103
5215 75.258461 12.559897 49.798313
5214 75.017075 12.747603 49.731112
11372 75.036872 12.614079 49.854871
13091 6.964572 10.457315 70.413547
11541 6.955720 10.444023 71.485533
17302 7.139837 10.720476 70.450171
15005 22.852703 34.313368 51.511213
1578 22.263146 33.428148 51.737335
4762 22.535391 33.836923 53.356281
13405 71.923469 9.224716 54.804325
11229 71.724759 9.610748 54.517262
7669 71.383134 9.518068 54.780847
15339 67.118866 20.639135 45.780793
15957 67.425069 20.657980 45.608827
11243 66.906575 21.083240 45.442390
6343 71.613837 3.661528 60.527892
11077 71.185679 4.056840 60.346264
6341 70.967194 3.684307 60.828412
13536 81.224820 10.486584 48.890520
12002 81.396895 10.454198 48.836900
15581 81.118266 10.632117 48.798118
5535 18.251001 0.000000 12.220354
11760 17.882112 0.000000 15.084159
8813 17.256108 0.000000 11.818192
6129 86.082108 6.297276 50.655372
2147 86.527806 6.158398 50.571541
16995 86.039676 6.440483 50.533238
11143 89.625199 0.000000 47.558918
14670 90.042690 0.000000 48.870101
11125 89.220736 0.000000 48.972074
11464 30.329952 0.000000 26.417118
2060 81.296611 11.227646 48.112821
21453 81.541039 11.053502 48.164925
21452 81.544914 11.109385 48.107049
11548 45.030553 14.567442 62.902714
728 44.378544 14.425230 63.371073
11127 45.038602 13.562752 63.904385
6255 73.440085 5.567084 57.707307
5280 72.950244 5.841761 57.677275
5279 72.979585 5.496403 58.008309
14952 9.032459 13.562251 56.262051
14288 8.873451 13.323500 56.435569
14551 8.912707 13.382443 57.083489
2593 78.624479 5.790179 54.891791
1210 78.565130 5.916614 54.794904
4435 78.400552 5.863564 54.930297
200 66.799845 21.429771 45.148877
11142 66.380882 21.848875 44.938835
11244 66.386475 21.581514 45.203667
14232 74.358096 10.936586 51.873430
14419 74.117010 11.010982 51.919502
12156 74.330412 10.816452 52.007526
14104 33.511305 0.000000 34.520041
14105 34.095572 0.000000 34.238510
3198 34.058334 0.000000 35.321008
6262 36.315036 0.000000 40.332290
998 36.004486 0.000000 38.931953
7303 36.807999 0.000000 39.401993
11130 42.503623 0.000000 54.005744
10154 42.732343 0.000000 54.158584
11129 42.510995 0.000000 54.439696
17320 42.277591 0.000000 54.287488
1137 1.953893 0.000000 35.477042
5723 1.709866 0.000000 38.962194
16940 1.273861 0.000000 35.101455
12194 29.665239 0.000000 27.023742
12432 90.089947 3.472462 51.479093
276 90.946835 3.247172 51.276163
14643 90.124750 3.654307 51.279663
14168 26.910249 13.553795 17.968538
14375 27.477899 11.852547 17.685847
14167 26.594739 12.584713 17.488079
6513 72.522725 13.984466 49.740187
485 72.191642 14.103996 49.786079
10235 72.506086 13.813071 49.920073
15674 79.654934 8.169422 51.994941
1495 79.757716 8.214409 51.898519
13784 79.483098 8.337307 51.912806
1463 75.707118 11.697902 50.436841
5034 75.634701 11.635085 50.535930
11970 75.859561 11.534187 50.524498
3762 15.020025 0.000000 17.158378
16702 14.176451 0.000000 13.238806
17200 15.472543 0.000000 13.814044
7679 31.336083 5.389262 78.937307
11724 30.816731 4.506129 80.080999
17315 31.529071 4.061221 80.170182
2053 43.627477 0.000000 77.405041
13423 42.804105 0.000000 77.832699
13422 43.104153 0.000000 76.909383
10541 6.053079 9.088708 42.509364
10540 5.949860 8.933724 41.144759
10418 5.782493 8.682421 42.419681
11584 94.199811 0.867502 52.031725
8472 95.467747 0.698184 51.567245
16666 94.111854 1.126912 51.816034
9985 9.733757 14.615251 37.788673
6998 9.733319 14.614593 38.766053
7000 9.910469 14.880585 38.010291
7450 1.118082 1.678802 6.023581
20619 0.742616 1.115038 5.130370
20617 1.160180 1.742012 8.147841
6314 36.989882 43.515772 37.945772
7692 36.740572 43.108122 38.478484
15857 37.319035 42.545862 38.752074
13037 52.350649 0.000000 69.535535
786 51.663746 0.000000 69.102487
4147 52.245848 0.000000 68.466116
5979 76.518772 14.658410 47.067545
5977 76.241171 14.736183 47.128495
5978 76.580043 14.472421 47.223085
14547 79.494042 15.033046 45.204900
15653 79.597412 15.066039 45.120189
16594 79.131513 15.386441 45.032416
14811 76.268226 11.598477 50.255811
964 76.191367 11.713070 50.179534
4866 76.094398 11.685874 50.255241
15707 79.613879 3.734856 56.454469
6649 79.896868 3.901856 56.145809
15708 79.464314 3.979223 56.284641
15670 10.140818 15.226454 40.537187
17213 10.024506 15.051810 39.658632
16920 9.901298 14.866814 40.513483
5891 88.121320 8.124485 47.806731
5892 87.493530 8.538724 47.705972
5893 87.654504 8.316936 47.847495
1982 76.836383 11.611947 49.958250
20745 76.718763 11.721781 49.907116
8113 76.644469 11.711062 49.954993
8114 76.568740 11.820671 49.883138
1253 42.013978 0.000000 54.938923
1252 41.840124 0.000000 54.618209
15297 42.084556 0.000000 54.542113
12035 71.498762 16.372123 47.862124
15730 71.242692 16.678667 47.683309
11266 71.137146 16.570412 47.844444
8544 78.177619 10.664189 50.236338
9058 39.186280 21.717844 26.825182
6461 38.275765 21.699889 26.363946
15059 38.621501 23.064157 26.991115
1705 74.419736 5.074050 57.711008
1704 74.490657 4.757894 57.992020
16656 74.911057 4.848539 57.691084
14241 36.041519 47.065451 33.693555
14243 35.307931 47.502154 33.472183
5225 36.108421 47.894737 34.003158
230 16.827338 25.266273 43.691483
231 16.258885 24.412741 44.062769
229 16.498522 24.772555 45.739175
13847 29.914163 0.000000 28.746249
12193 29.053941 0.000000 27.959240
14048 54.198338 0.000000 42.285910
10148 53.698480 0.000000 43.678597
5660 53.251557 0.000000 42.543892
16466 76.653212 11.179568 50.482646
8536 76.758216 11.048693 50.561150
8839 76.847734 11.079326 50.485728
6620 5.224617 7.844770 66.643828
13858 5.014465 7.529227 67.749672
8638 5.188107 7.789950 68.103629
5469 53.369219 0.000000 45.341150
447 53.473651 0.000000 46.711384
449 52.832681 0.000000 46.408763
3600 5.419212 8.136954 63.700576
3602 5.335569 8.011365 62.428452
15221 5.142310 7.721187 63.882244
4849 38.969934 0.000000 55.271109
16061 39.351770 0.000000 55.866330
1446 38.788371 0.000000 56.309793
2083 47.445387 0.000000 41.528535
451 47.905946 0.000000 40.788723
2082 47.859174 0.000000 41.878028
4947 10.800000 16.216216 10.800000
4946 10.350000 15.540541 10.350000
5721 10.414884 15.637963 11.524602
7300 82.672405 4.150646 54.509001
4912 82.389711 4.194121 54.606829
2716 82.615392 4.064401 54.623839
1922 64.166667 0.000000 67.916667
15071 65.000000 0.000000 67.500000
4115 64.560943 0.394470 67.324664
4067 85.078745 0.535533 56.924559
4068 85.024059 0.775233 56.711962
3817 84.327076 0.677078 57.158707
15747 50.799752 26.479138 48.094507
15974 50.133701 27.513837 47.391798
13925 50.207499 26.470916 48.398863
14822 76.004189 9.558185 52.430162
14786 76.151070 9.412832 52.502220
6240 76.222610 9.483766 52.395445
10533 84.404663 0.000000 55.136048
1303 83.533364 0.000000 55.804191
5143 83.694528 0.000000 54.229417
4395 79.423660 6.500865 53.780804
15775 79.117489 6.560144 53.874552
8730 79.413228 6.379272 53.907734
2954 30.657672 23.777098 23.246610
9759 29.912419 24.763026 23.202297
1276 30.553051 25.113625 23.639363
7710 70.117098 4.284987 60.652179
1493 70.688522 4.428877 60.222433
1418 70.060391 4.791398 60.173615
13818 48.183077 25.378807 50.504276
13819 47.486182 26.307561 49.923041
1868 47.406847 25.325426 50.945825
9977 41.995281 0.000000 53.389531
2287 42.094940 0.000000 53.687118
9976 41.840237 0.000000 53.757448
14282 90.079081 1.972411 52.986076
7079 91.025226 1.645985 52.839757
14283 90.816622 1.934932 52.654822
1511 49.280713 24.346851 32.747858
13398 49.941855 23.930863 32.939905
5568 49.198649 22.828792 32.201312
6114 48.033672 5.775466 70.201922
6458 48.054573 4.774839 71.193100
6457 49.003507 4.818010 70.675418
2401 74.251214 0.000000 61.350461
2127 73.436505 0.000000 61.103545
8353 74.438846 0.000000 59.428494
6145 7.069052 10.614193 48.170982
7472 7.277620 10.927358 47.324720
6143 7.050792 10.586775 46.822575
14728 46.259045 0.000000 73.608308
14888 46.736196 0.000000 74.207878
13468 45.902796 0.000000 74.550904
11250 11.097243 16.662528 40.665031
2933 11.332796 17.016210 41.437105
2932 11.405998 17.126122 39.950329
15813 84.116215 2.135066 55.804691
10451 84.763791 2.004366 55.611735
8063 84.489027 2.238424 55.514824
7686 51.319335 16.704042 57.619587
7566 51.923462 15.580008 58.442681
5725 52.310358 16.467079 57.361275
8587 4.631527 6.954245 58.145622
4477 4.876441 7.321984 56.492508
8588 4.576313 6.871342 56.318534
11417 76.330899 14.001484 47.819065
11416 76.102817 14.169513 47.764909
9760 76.164652 14.049493 47.854131
10185 54.670755 21.487100 51.156036
6963 55.363559 21.740369 50.556111
6962 54.522582 22.419188 50.297102
11107 8.655717 12.996572 54.604991
15932 8.775958 13.177115 53.845336
5614 8.574366 12.874423 53.948820
3859 81.192102 4.547037 54.852365
7707 81.309343 4.448648 54.892232
7664 81.394601 4.485108 54.813106
8598 73.229411 16.392761 46.976141
15601 73.310860 16.471093 46.857006
1124 73.054206 16.604806 46.851486
2410 72.816516 11.861392 51.718489
14692 72.555666 12.102872 51.607192
6385 72.513993 11.945727 51.785330
6635 46.682738 0.000000 62.826360
15326 47.125382 0.000000 62.487677
16413 47.053435 0.000000 63.202043
14611 32.248081 0.000000 50.741418
10934 32.860961 0.000000 51.997764
10933 31.977713 0.000000 52.599055
13409 76.551156 11.154611 50.558656
13977 79.643442 0.000000 58.873305
12784 78.807349 0.000000 59.397995
1055 79.243534 0.000000 57.789649
10645 8.282101 12.435587 79.151171
15460 8.281260 12.434324 77.339251
10560 7.802142 11.714928 79.059261
14719 10.644585 15.982860 39.357511
16776 10.599743 15.915529 40.593935
14717 10.867948 16.318240 39.964717
16101 26.483763 0.000000 26.801824
5868 26.344307 0.000000 24.747819
11822 27.197428 0.000000 26.067215
15491 37.477047 0.000000 29.645806
5925 38.243569 0.000000 29.620582
15490 38.044148 0.000000 30.604505
4244 54.516506 0.000000 37.021296
1504 55.106692 0.000000 35.376038
4245 55.300824 0.000000 36.654588
15749 31.161183 17.086929 21.270539
15740 30.346013 17.216367 20.906057
15739 30.554432 18.445540 21.419581
12160 83.236319 9.789540 48.582510
7518 83.338423 9.645440 48.675704
7517 83.561665 9.582546 48.627039
4544 7.041776 10.573238 60.079518
4543 6.870499 10.316065 60.101536
6212 6.877527 10.326617 60.941183
10370 93.930328 3.421113 49.610302
10371 93.549621 3.812839 49.408538
14688 92.638566 4.178679 49.497859
12226 53.626861 2.535792 27.657849
5639 52.851077 2.446213 27.240127
12227 53.148861 5.062384 28.260204
8856 42.973464 0.000000 53.896806
8857 42.736381 0.000000 53.727838
4926 56.730702 28.863964 42.741821
10131 55.957642 30.058364 41.932757
7215 55.911910 29.294225 42.720526
1732 0.268204 0.402708 41.181435
1734 0.300858 0.451739 36.339252
10260 0.000000 0.000000 39.130435
9937 80.331599 9.400491 50.424309
11562 80.338599 9.448519 50.372733
11561 80.205407 9.502066 50.385729
7238 19.212988 0.000000 24.845151
4022 18.323253 0.000000 21.503476
4563 19.476934 0.000000 21.619508
5933 68.229610 15.926637 49.942632
5604 68.826487 15.658652 49.912446
5603 68.497572 16.099483 49.635632
11722 76.293671 10.987088 50.855090
11723 76.117716 11.040377 50.889725
9627 76.251040 10.910354 50.953216
3728 41.450383 0.839775 21.004837
20878 41.481481 0.000000 20.740741
20877 40.740741 0.000000 20.370370
16798 32.055437 36.232059 47.703991
9136 32.624998 35.284626 48.367590
16959 32.731901 36.202008 47.395840
16664 32.435513 29.507589 26.043784
9337 33.059176 29.238238 26.265921
13292 32.631238 28.572888 25.830391
13058 43.421831 30.762932 47.495390
12916 43.862678 30.900460 47.137300
5644 43.323015 31.527623 46.779342
6353 43.543587 0.000000 49.238280
13815 43.561390 0.000000 48.408801
6847 43.961325 0.000000 48.727095
11429 6.067724 9.110696 79.680304
10574 6.053888 9.089922 78.342694
6440 5.723877 8.594409 79.886688
13828 33.170829 19.969376 23.235217
10106 32.936617 18.463114 22.616526
6761 32.270232 19.732892 22.706169
9887 46.400880 0.000000 38.241302
9885 46.479236 0.000000 37.054843
9886 47.235235 0.000000 37.658128
364 79.128222 10.782552 49.642555
365 79.339557 10.637705 49.681878
366 79.328684 10.721850 49.603086
149 60.271876 8.343777 61.511941
5969 60.863038 7.365287 62.195829
5968 61.262952 8.148944 61.211431
6009 51.827664 18.759346 55.308063
7783 51.295629 18.313154 56.020718
5727 52.131631 17.661253 56.255270
16015 5.514907 8.280642 40.257910
7332 5.390159 8.093331 38.575932
7334 5.241290 7.869805 39.863672
193 58.376032 0.000000 56.140119
12450 59.480695 0.000000 56.788269
191 58.715900 0.000000 58.210687
13139 46.502402 6.254242 70.488303
17143 47.365455 5.475563 70.836234
6115 47.292624 6.549517 69.797622
8318 8.550000 12.837838 8.550000
7727 8.946040 13.432492 10.080191
5080 9.000000 13.513514 9.000000
3855 49.506583 27.263500 47.955945
10401 49.660460 26.473396 48.669900
2487 14.782449 22.195870 51.259525
15524 14.309890 21.486321 51.677606
1438 14.486603 21.751656 53.216123
10222 21.721888 8.606608 13.726945
13686 22.907839 4.878369 13.078417
13278 21.371485 7.515902 13.188538
6953 45.523261 0.000000 72.229393
8071 46.164818 0.000000 72.300996
14729 45.845515 0.000000 72.991979
15677 6.413514 9.629901 39.936069
1099 6.500698 9.760807 41.304997
16262 6.682873 10.034345 40.157404
11860 77.571276 10.245177 50.958940
11859 77.740964 10.134344 50.985039
9047 77.709031 10.222160 50.913103
8820 72.294271 2.674576 61.175615
7982 72.505926 2.988918 60.755130
7981 71.998582 2.985570 61.012153
7340 39.722907 0.000000 67.477477
520 39.043851 0.000000 68.214459
7338 39.123429 0.000000 67.222219
16602 38.354059 25.946270 54.850754
7705 38.538022 26.699729 54.004560
15656 37.871084 26.913602 54.123942
12703 47.085051 0.000000 51.142957
12702 46.806713 0.000000 51.347841
7979 46.910324 0.000000 50.873366
16018 4.265951 6.405332 73.281351
12133 4.477547 6.723044 74.049644
12132 4.594844 6.899165 72.157328
2941 43.132881 0.000000 59.648622
15992 43.424089 0.000000 60.053358
11656 43.023579 0.000000 60.211019
6259 78.296461 9.813898 51.028058
2552 78.102193 9.939306 50.999658
552 78.157941 9.831783 51.079415
14589 77.591622 16.029246 45.158913
7837 77.136665 16.497873 44.917297
20923 76.988499 16.484692 45.004574
7838 76.819128 16.486063 45.087886
5300 76.431471 16.906369 44.860989
15570 44.164761 0.000000 44.381883
15647 43.512370 0.000000 44.158846
399 44.044699 0.000000 43.335892
1343 77.729449 10.668917 50.455689
16865 77.515045 10.792377 50.439308
17264 77.576316 10.681641 50.519519
10199 80.256716 9.531651 50.330460
8735 21.402551 32.135963 32.675954
8736 20.736718 31.136213 33.975051
8734 21.080177 31.651917 34.833310
10478 73.215813 8.838976 54.544279
8781 73.586928 8.754370 54.443411
501 73.284444 9.047509 54.301222
16585 86.397574 6.361110 50.433742
15712 85.938881 6.610161 50.413788
2010 52.067913 0.000000 64.915319
11506 52.160908 0.000000 63.745636
2008 52.639689 0.000000 64.522169
11039 91.666667 0.000000 54.166667
2547 90.693917 0.197859 54.454985
4940 90.833333 0.000000 54.583333
16285 46.760927 2.746310 73.870480
15494 46.578908 1.375072 75.334099
15602 47.581570 1.329927 74.877958
1129 68.148148 0.000000 34.074074
2443 68.875490 10.003633 37.768955
1130 68.888889 0.000000 34.444444
9901 59.447742 27.795283 42.453050
13258 60.383435 27.040952 42.740289
13183 59.717607 28.207246 41.905743
4939 82.916377 11.707713 46.822390
14828 83.381051 11.517240 46.780717
15779 82.727071 12.000116 46.624348
267 76.281724 11.375885 50.471877
2634 76.349675 11.413074 50.400676
2633 76.152581 11.497977 50.414235
275 90.953318 3.449113 51.070779
11928 90.049238 3.879913 51.091588
12175 79.751270 14.342081 45.767942
13178 79.598070 14.346895 45.839723
563 80.038172 14.055194 45.911665
10775 48.514723 8.444859 67.289334
16506 47.749823 9.627214 66.488247
10776 47.572428 8.547541 67.657697
13665 7.940594 11.922814 29.262142
16318 7.747901 11.633485 28.530944
15027 7.726175 11.600864 29.669840
6549 35.852111 0.000000 78.214585
6548 36.602960 0.000000 76.662821
15185 36.927026 0.000000 77.463949
14699 44.266568 40.508029 35.622458
12480 43.427971 39.299774 34.800810
10625 43.213982 40.867556 35.215887
5463 72.333950 0.757559 63.074708
7880 72.529513 1.178614 62.555450
5464 71.809679 1.087347 63.006726
5782 92.428733 5.381433 48.398820
15804 93.334742 4.840055 48.487733
4704 92.722357 5.309403 48.324109
9170 87.281395 0.313903 56.045086
15616 87.380011 0.508385 55.801101
4291 86.573254 0.468286 56.244618
7969 46.847137 31.351728 45.193351
15039 47.287068 30.377562 45.948527
760 47.576163 30.957335 45.223626
13241 39.317132 0.000000 63.687574
12965 39.683544 0.000000 64.267481
13264 39.065724 0.000000 64.672155
10449 11.779546 17.687006 37.596253
4001 11.490683 17.253278 36.970911
7962 11.458785 17.205383 38.460496
14261 81.666667 0.000000 59.166667
13926 82.119124 0.273643 58.666522
2352 81.289070 0.286753 59.068425
12841 55.913551 19.359030 52.664836
12842 56.930063 18.386138 53.130445
7117 56.752039 19.556489 52.047935
7833 68.161750 0.000000 39.071101
2524 68.045627 0.000000 41.097833
9433 67.369033 0.000000 40.137445
5514 78.535042 10.204369 50.517906
5513 78.719447 10.138153 50.491985
1328 78.595840 10.246142 50.445692
12485 81.178238 8.876922 50.525082
15056 81.078636 8.853938 50.597890
15572 81.277390 8.776259 50.576269
893 78.366276 14.649549 46.152664
894 78.740519 14.489527 46.125724
895 78.211930 14.888986 45.990160
6211 7.061083 10.602227 61.066072
9257 7.241106 10.872532 60.141653
6250 79.972688 2.882946 57.127827
6252 80.507577 2.813171 56.930227
10641 80.169162 3.050852 56.861516
7063 5.451354 8.185216 66.961854
9280 41.876126 0.000000 45.484699
9281 42.170851 0.000000 45.855260
9279 41.743045 0.000000 46.232411
17248 81.651841 9.449632 49.714998
7425 81.453825 9.564901 49.698622
15182 81.515544 9.470829 49.761928
7123 44.303482 24.160818 53.663281
901 43.943545 25.063019 52.940146
14514 43.757279 24.568735 53.528057
14006 86.775292 4.188129 52.420037
15195 87.045043 3.955357 52.518166
15196 87.286992 4.002060 52.350442
8911 74.292924 12.906330 49.934301
20712 74.172682 12.893716 50.007049
20686 74.358090 12.762936 50.045256
8910 74.449655 12.617625 50.144929
20700 74.616231 12.579741 50.099564
20701 74.499018 12.664444 50.073382
12704 81.932189 3.808872 55.221225
10133 81.830759 3.778974 55.301868
3542 82.036962 3.703144 55.274672
11257 68.262839 0.000000 37.260200
9432 67.555371 0.000000 38.154468
13311 5.915882 8.882706 66.603850
7841 6.014178 9.030297 65.164157
7062 5.732742 8.607721 65.954999
3087 35.263462 23.189580 25.353861
6965 35.209589 21.873090 24.888533
6964 34.501896 22.904416 24.878118
120 46.796996 0.000000 55.680952
8408 46.732812 0.000000 56.225620
121 46.469069 0.000000 55.936074
3832 78.207990 6.510985 54.378509
4369 77.949253 6.511440 54.507422
1227 78.251629 6.363694 54.504128
11903 22.070166 0.000000 74.162093
13702 22.198457 0.000000 76.510053
10833 21.467002 0.000000 76.848674
8469 66.562236 0.000000 41.288846
2523 67.238765 0.000000 42.278612
3757 32.892728 47.714646 35.791276
3755 32.697998 46.806612 36.797582
3756 33.360407 46.314714 36.958768
3589 9.895140 14.857568 53.995606
12219 10.117108 15.190853 53.042438
3590 9.887602 14.846249 52.873684
860 98.595789 1.052632 49.648421
7146 99.297895 0.526316 49.824211
21659 99.219433 0.411160 49.746633
17246 9.591427 14.401543 68.735727
14650 9.315536 13.987292 69.861470
4916 9.690373 14.550110 69.870117
16090 42.890820 31.410045 47.113135
5643 42.803407 32.145248 46.420903
1111 74.954649 15.886424 46.620365
15585 74.833830 16.073786 46.493226
6087 74.611536 16.115463 46.562654
12349 81.451952 12.107516 47.154400
10074 81.344863 12.306593 47.008669
10073 80.992631 12.439853 47.051392
7183 36.568546 0.000000 33.916650
7184 36.103777 0.000000 32.918652
7182 36.841157 0.000000 32.851041
8807 74.828532 8.705095 53.871934
9113 82.464711 9.209150 49.549285
8220 82.420581 9.154507 49.626048
16362 82.661775 9.039799 49.620274
8900 40.610134 0.000000 68.336843
13036 41.101676 0.000000 68.136458
17140 40.762575 0.000000 68.962301
5144 82.801675 0.000000 55.025960
487 82.265391 9.174173 49.683957
21455 82.286782 9.219280 49.628109
21454 82.294469 9.258124 49.585384
15629 35.025613 11.706223 21.410979
21149 34.213002 12.727359 21.344711
21150 34.793767 13.007956 21.728533
11327 33.263180 11.663410 20.515506
21168 33.651119 12.450150 20.971459
11326 34.146141 11.359327 20.855726
10098 80.471704 5.324525 54.434299
16515 80.752137 5.140042 54.478749
10409 80.830915 5.251005 54.328286
15795 20.799731 31.230827 55.088307
795 20.579089 30.899533 53.168443
14834 20.134718 30.232309 55.447206
10315 79.554947 9.438231 50.774857
14015 79.431030 9.552382 50.722551
2332 79.376580 9.513855 50.788342
9286 71.738714 0.000000 57.801846
9284 71.094049 0.000000 57.183714
9285 71.917448 0.000000 55.481735
15040 83.654652 5.903443 52.263327
549 83.364047 5.944809 52.367222
10369 83.670879 5.776752 52.382032
16070 80.251222 11.385755 48.477248
16891 79.960666 11.592501 48.415573
11776 80.033194 11.450153 48.521800
2102 83.267477 9.453769 48.903039
16700 83.550105 9.263091 48.952593
2103 83.502792 9.377108 48.862119
13342 68.746632 17.505928 48.103250
15341 43.016618 0.000000 61.802287
5993 43.332525 0.000000 61.366230
13169 43.246973 0.000000 61.970976
4277 69.476420 0.000000 56.174073
4276 68.696545 0.000000 58.549259
14906 68.554957 0.000000 55.923417
1169 75.638235 10.064686 52.106132
1171 75.907905 9.962333 52.073753
12408 75.715648 10.166968 51.965041
3770 79.432781 5.087319 55.191204
16598 79.179198 5.055486 55.349860
16892 79.477782 4.925330 55.330853
8885 17.604614 26.433355 49.713852
12048 17.169482 25.780003 50.165589
12350 17.380485 26.096825 51.063010
15248 29.900025 37.520633 47.491834
13268 30.494761 36.401368 48.314850
13848 30.715179 37.435789 47.169186
2584 85.185185 0.000000 42.592593
2583 84.444444 0.000000 42.222222
21660 85.194664 5.394873 44.393825
16384 48.025890 29.902672 46.054480
15019 49.409893 7.892685 67.394476
12741 49.135302 8.813116 66.610420
5069 25.110941 4.963522 82.476045
4214 25.477927 6.286045 80.968706
16287 24.602044 6.799438 80.892741
4448 6.354667 9.541543 29.358417
11980 6.492522 9.748532 28.853165
15413 6.340283 9.519945 28.300370
15359 76.483370 14.135745 47.608434
8950 76.749472 13.952730 47.658581
8949 76.642402 14.125903 47.538771
12323 39.433746 0.000000 58.636846
13092 39.729821 0.000000 57.945607
16407 39.937447 0.000000 58.584307
2577 41.957040 0.000000 65.371465
2578 41.349264 0.000000 65.743598
2576 41.587654 0.000000 64.807930
1453 56.818045 19.598522 34.935330
1454 57.662468 23.183910 36.551476
1452 57.948186 20.504457 35.802077
226 37.500177 20.931662 60.297317
3958 37.502011 22.129024 59.097842
1900 36.731590 21.916526 59.695762
14195 81.214421 8.372280 51.012137
7392 81.154453 8.318097 51.096359
7700 81.383451 8.233551 51.066490
11256 1.770261 2.658049 34.112733
3804 2.159348 3.242264 34.877270
11105 1.971840 2.960720 30.967785
10544 35.129984 13.799612 22.160263
21151 35.300779 12.754977 21.897797
9603 30.289910 35.397061 49.422587
13269 31.084438 35.290330 49.132161
7339 39.598176 0.000000 66.644834
11552 39.230782 0.000000 66.260494
11553 39.800853 0.000000 65.832361
4756 29.360590 30.407101 54.882197
9742 29.033090 31.708779 53.742968
14451 28.393465 31.193404 54.578670
5077 13.157374 13.446790 11.056468
638 15.213163 9.499177 10.769808
5078 14.344974 10.022024 10.509821
1074 31.396872 43.726052 40.531786
15679 31.906976 42.701881 41.301929
1075 32.042347 43.803829 40.131194
9355 0.000000 0.000000 73.913043
5024 0.586087 0.880011 72.966757
9353 0.445922 0.669552 69.080054
5967 61.883724 7.197832 61.853108
803 74.874404 18.304146 44.240348
802 75.510375 17.858100 44.368854
2534 75.025227 18.361692 44.107333
2595 76.989824 9.072612 52.423404
1449 76.963337 8.985763 52.523583
2596 77.156677 8.942375 52.470344
2942 42.736463 0.000000 59.928786
16951 42.322292 0.000000 60.251641
9645 42.406994 0.000000 59.505752
9470 78.125850 13.476740 47.446859
863 77.769632 13.705876 47.395602
13824 77.959291 13.481205 47.525669
11649 35.241450 28.280274 54.070721
12817 35.376901 29.198184 53.084167
7883 34.595111 29.406039 53.267000
11245 79.535849 9.280009 50.942787
2601 79.657011 9.174835 50.987485
21677 85.527748 5.005632 44.430750
21662 85.773248 4.101340 44.252370
5174 2.627031 3.944491 23.262199
5175 2.246127 3.372563 19.990740
5173 2.258513 3.391161 23.174741
5316 40.592763 28.676442 50.998500
5315 40.846572 27.925221 51.623568
4555 41.087963 28.455595 50.971968
3663 76.240099 11.913322 49.954715
3662 75.949481 12.049924 49.963286
20687 76.150710 11.886801 50.025957
4819 76.072976 11.859379 50.092273
966 76.330007 11.730141 50.093126
6578 45.700745 12.633327 64.503667
12929 45.800386 13.707231 63.378869
13841 86.630975 7.036165 49.641311
10664 86.740388 7.076091 49.546639
12664 86.360184 7.271165 49.541472
12042 73.883091 5.630196 57.422629
6254 73.929141 5.311903 57.718215
16898 33.390949 47.832854 35.423839
11582 49.055762 0.000000 39.148432
2245 49.363358 0.000000 37.979039
10341 49.859350 0.000000 38.754664
3712 36.006493 12.183764 22.060440
21153 35.548038 13.077331 22.128770
21152 35.754898 13.570972 22.396582
12325 12.150000 18.243243 12.150000
12143 14.361697 14.190823 11.906392
1244 13.763433 13.747818 11.459740
10150 4.377654 6.573055 48.709091
11966 4.518740 6.784895 50.534303
7683 4.713697 7.077623 48.591975
4860 52.256842 35.789474 38.046316
7571 51.414946 34.643136 37.243637
7570 51.554737 36.315789 37.870526
11002 77.666726 11.659872 49.495105
15309 77.482046 11.842704 49.404430
4457 77.407534 11.792690 49.491750
9224 85.850281 5.643478 51.425739
14693 85.548013 5.653417 51.566923
10504 85.919731 5.490467 51.544177
1279 84.215358 3.966780 53.921574
3735 84.058088 3.839505 54.127612
1277 84.579961 3.717683 53.988619
16337 34.705086 0.000000 20.482373
10313 34.227712 0.000000 20.872274
10312 33.738330 0.000000 19.587014
14092 73.828992 15.733478 47.336292
9566 73.738402 15.909610 47.205279
10808 73.552494 15.922045 47.285786
1688 5.739154 8.617348 69.273166
11135 5.828828 8.751994 67.987481
12364 5.586396 8.387983 68.791435
16157 55.772431 0.000000 70.885647
16989 55.833333 0.000000 72.083333
16791 55.007744 0.000000 71.388093
15101 8.985892 13.492331 61.540093
1340 8.806366 13.222771 62.542651
578 9.049590 13.587973 62.484318
7885 69.345624 11.758847 53.556582
4156 69.825953 11.718879 53.356425
7884 69.437185 12.112236 53.157060
13361 67.940957 6.321133 59.702068
13362 67.404657 6.756513 59.534402
13360 67.247560 6.317890 60.052012
4779 43.719305 0.000000 63.268245
11529 43.798061 0.000000 62.516845
4777 44.141347 0.000000 62.972779
12987 83.094900 7.820142 50.624588
12988 83.288186 7.707677 50.640522
870 83.208425 7.823061 50.564903
7873 72.659600 11.214554 52.444431
7872 72.335726 11.290252 52.530594
16942 72.628315 11.026736 52.648080
10543 35.552899 14.848789 22.721096
842 33.638012 15.700188 22.047168
10545 34.660053 15.285648 22.420147
11893 34.299456 14.051608 21.828913
16489 16.130424 24.219856 65.983149
1731 15.894471 23.865572 64.617481
1047 6.548087 9.831962 19.145892
13779 6.740638 10.121079 20.159459
12272 6.848579 10.283152 18.983531
10617 10.247018 15.385913 33.171765
16051 10.474925 15.728115 33.563981
16050 10.459318 15.704682 32.497229
15660 43.661404 12.356850 65.800091
10853 42.989107 12.179410 66.313857
10294 43.762456 11.146129 66.961496
9277 39.111522 17.969374 62.456896
11588 39.715285 18.269277 61.854812
581 38.996457 19.125409 61.357237
9175 29.166667 0.000000 85.416667
4907 30.000000 0.000000 85.000000
13650 29.248165 1.756669 83.617491
685 25.523883 25.856611 21.372193
4320 26.446285 24.883765 21.509436
166 25.769727 24.458607 21.029579
13257 70.999108 16.218598 48.265629
4895 71.191358 16.021036 48.367265
12347 71.201989 16.142930 48.239932
10762 5.763794 8.654345 24.799138
717 5.899368 8.857910 23.647909
10763 5.603527 8.413705 23.448481
14144 78.241970 9.994105 50.874916
15532 78.370842 9.979468 50.825132
16570 78.205732 10.081967 50.805085
11600 77.703256 10.991982 50.145398
4499 77.502641 11.084242 50.153353
1159 77.606511 10.962130 50.223653
8275 1.623536 2.437742 20.431250
17124 1.751410 2.629745 18.148930
10393 1.390199 2.087386 17.279595
5949 81.143402 8.645690 50.773964
11053 81.330309 8.485746 50.840614
5950 81.399558 8.533508 50.758179
7394 47.124054 21.480514 54.935978
7396 46.506888 21.541282 55.183733
9332 47.073535 20.545710 55.896977
892 83.666435 0.000000 44.958121
1694 82.963651 0.000000 44.490237
1693 83.655992 0.000000 43.391410
10107 33.471664 17.285203 22.491805
10991 34.215974 16.849500 22.718870
10487 44.967790 0.000000 74.907699
13467 45.461540 0.000000 73.886988
10556 16.339324 0.000000 80.564583
6019 17.028962 0.000000 77.342104
6021 17.434870 0.000000 80.447488
3123 51.947756 0.000000 62.650592
13476 52.314351 0.000000 62.014200
12053 52.603871 0.000000 62.763660
1409 89.400521 5.245517 50.048977
9061 90.192333 4.909969 49.988954
10647 89.677003 5.254682 49.901562
12814 37.739578 0.000000 53.709349
1073 38.319047 0.000000 53.607824
1072 37.905216 0.000000 54.775010
7066 65.675849 7.035556 60.119484
13750 65.281711 7.992625 59.358527
11344 64.601924 7.608502 60.082928
9186 78.140268 13.266888 47.649711
10469 77.811705 13.473633 47.607040
12718 67.272152 16.314556 50.033053
4655 66.761011 16.712788 49.889994
12719 66.908896 16.274830 50.254447
11598 60.403529 21.293057 48.483885
12025 61.358669 20.167345 49.133153
12026 61.364416 21.011637 48.285144
15092 10.186428 15.294937 64.838266
13323 10.268870 15.418724 63.163696
5517 9.923994 14.900891 64.068060
6835 41.971774 27.044238 29.991618
5313 41.333665 25.775109 29.249944
7489 41.002544 27.404366 29.626926
2837 56.454839 24.715198 47.032667
2839 57.147854 24.887418 46.513768
11034 56.242654 25.621986 46.231065
5439 77.536825 8.579691 52.643317
7296 77.338870 8.605720 52.716239
5440 77.577250 8.448337 52.754590
13908 85.049243 4.662943 52.807772
8174 85.449587 4.471415 52.799320
11475 85.543015 4.598021 52.625873
13837 84.980112 4.849181 52.655914
139 79.605637 11.961112 48.224109
138 79.879414 11.855789 48.192648
6777 79.577402 12.089465 48.109744
5681 77.219821 9.769510 51.610810
6768 77.023830 9.874638 51.603572
5682 77.101019 9.739023 51.700729
548 1.366417 2.051678 14.125336
546 1.921873 2.885696 16.015807
547 1.612637 2.421377 12.978428
15380 40.928879 0.000000 53.509231
11433 41.097711 0.000000 52.955332
5520 41.270176 0.000000 53.383876
7031 82.576074 9.739425 48.962798
6098 82.855954 9.547567 49.014909
15951 82.758007 9.697790 48.913509
4588 84.612617 6.684097 51.002910
4590 84.915020 6.507985 51.027997
12046 84.870011 6.629372 50.928994
5249 81.488328 3.951012 55.300873
5247 81.482096 3.966009 55.288977
5248 81.451021 3.959214 55.311316
3244 26.559490 28.023600 22.611604
16707 26.797720 26.771218 22.313676
11599 25.948354 27.585722 22.160222
29 35.123994 16.464190 23.044572
12029 60.062698 0.000000 55.374323
8321 60.705027 0.000000 57.236326
13076 72.954869 4.037974 59.480553
14573 72.831421 3.680774 59.899835
13129 73.453045 3.698913 59.570865
13230 16.485448 23.051986 68.682238
15454 15.857143 23.809524 68.238095
1609 16.203124 21.709828 70.166900
12034 71.601849 16.477317 47.705281
3304 22.870592 34.340228 25.485921
3110 23.493440 35.275436 25.519984
3305 23.400000 35.135135 23.400000
14480 32.160592 0.000000 21.457402
15860 32.252253 0.000000 20.434518
11567 32.810031 0.000000 21.590075
3347 77.630172 11.231234 49.942449
8265 77.427503 11.350280 49.924619
20747 77.528030 11.239601 49.985145
5605 78.708038 0.000000 41.024198
1238 79.380333 0.000000 41.378146
764 78.864703 0.000000 42.392717
7113 69.647647 20.449336 44.706391
2906 69.951474 20.439274 44.564549
941 69.327247 20.935773 44.379668
3485 83.683042 7.647611 50.503220
6973 83.889184 7.622331 50.425455
5054 83.578215 7.786431 50.416675
847 83.381314 8.628730 49.671984
849 83.565310 8.576944 49.631824
3209 83.262523 8.764319 49.595655
101 71.609627 0.000000 48.385638
1186 70.641810 0.000000 48.669009
1185 71.322800 0.000000 46.216410
4167 46.181598 39.678956 37.190566
4168 45.474547 40.231710 36.990785
4169 45.716152 39.378965 37.723580
6117 55.554014 0.000000 39.147298
11147 55.693883 0.000000 40.878401
13529 54.807599 0.000000 40.842235
4271 51.926137 0.000000 45.750361
16522 52.288374 0.000000 46.203872
4272 51.705007 0.000000 46.842768
11198 81.157342 9.696501 49.715132
16382 81.160009 9.757909 49.652329
11196 80.982733 9.819665 49.679149
3863 84.793969 8.942417 48.651656
11353 84.420632 9.194136 48.586353
4806 84.492666 9.056086 48.688525
4760 7.528193 11.303593 49.976517
6132 7.719425 11.590728 50.213023
4761 7.709596 11.575969 49.148961
10949 86.481807 2.204661 54.552231
6709 87.240097 2.052456 54.325443
2182 86.840926 2.334385 54.242818
9426 31.356139 33.383463 50.905084
4081 30.861133 34.367038 50.168029
928 30.694647 33.515930 51.103230
10265 61.599689 27.703234 41.469218
10017 62.116408 26.908231 42.006657
10266 62.355634 27.031205 41.763947
1480 79.696335 6.772345 53.372715
1481 79.446961 6.817526 53.452175
1479 79.694173 6.649326 53.496938
4442 12.249892 12.285194 10.215916
12978 14.233813 8.851457 10.064442
4443 13.689309 8.217148 9.580965
13443 76.685068 9.985562 51.661918
16397 76.604507 9.945386 51.742416
16396 76.761707 9.881972 51.727293
3011 45.437184 0.000000 34.114274
9783 45.479323 0.000000 35.300828
9784 44.734468 0.000000 35.007426
4835 71.452571 14.903330 49.355481
15561 71.125948 15.111414 49.310501
20748 71.265442 14.910288 49.442080
15622 12.856552 0.000000 24.020384
12876 11.566549 0.000000 23.366340
13073 11.945999 0.000000 19.606657
16907 75.930484 15.970636 46.048151
6424 75.684842 16.268261 45.873050
1602 75.562714 16.208228 45.994207
2698 72.967662 10.187541 53.318440
10819 72.734677 10.358541 53.263762
5770 72.785371 10.158462 53.438694
9439 61.842543 0.000000 51.036925
9438 61.834188 0.000000 53.387719
9792 60.905167 0.000000 52.235999
7672 77.937441 9.477363 51.544439
8170 78.128365 9.439907 51.486470
8169 77.982358 9.535442 51.463843
14962 75.375197 15.055365 47.241981
9878 75.231572 15.279390 47.089544
14961 75.049965 15.313726 47.145978
452 47.426001 0.000000 39.836838
450 48.242073 0.000000 39.514762
1986 81.568831 7.128915 52.079541
8630 81.765186 7.093792 52.016521
5486 81.590008 7.217686 51.980092
1616 82.722576 7.997566 50.633148
1617 82.733716 7.909516 50.715716
1618 82.930376 7.865615 50.661331
3131 84.406313 8.752760 49.035331
3014 84.655214 8.579215 49.084599
15072 89.064669 2.839616 52.625209
15243 89.431474 2.927468 52.353868
7101 88.624018 3.128787 52.556075
338 4.220945 6.337756 40.038313
339 3.936655 5.910893 39.365048
337 3.996908 6.001364 41.351959
5284 84.572202 7.235931 50.470732
5283 84.560989 7.334386 50.377785
6974 84.247378 7.438041 50.430832
15840 25.485228 25.506356 61.725524
13282 24.102348 27.301588 60.619937
2752 24.550621 24.834296 62.865559
17172 45.445100 0.000000 58.196991
13795 45.709970 0.000000 57.730378
1046 45.736014 0.000000 58.351102
804 75.372360 17.790485 44.505544
4230 74.762413 18.203987 44.396602
6441 5.378327 8.075566 79.952523
11098 4.977615 7.473896 81.882094
6442 5.361911 8.050917 81.676837
12163 9.637706 14.471030 50.755552
12162 9.796773 14.709870 49.917887
12854 9.600731 14.415512 49.902609
9363 2.255398 3.386484 87.351053
9364 2.767442 4.155318 85.831510
1644 2.630452 3.949627 84.702305
9502 73.475175 6.422849 56.833141
3051 73.833709 6.211980 56.864953
1652 73.788660 6.479878 56.619312
2301 82.899643 7.637369 50.905172
4354 83.080335 7.629450 50.822753
3451 82.755318 7.797535 50.817008
9400 27.450000 41.216216 27.450000
12852 27.900000 41.891892 27.900000
12825 28.418882 40.735631 27.774406
1519 7.482402 11.234838 38.104187
1520 7.705393 11.569659 38.066984
1521 7.611427 11.428570 37.146689
9534 78.034909 7.826763 53.147955
12445 78.263005 7.775450 53.085272
15915 78.073859 7.917868 53.037285
64 74.166667 0.000000 62.916667
65 75.000000 0.000000 62.500000
63 74.366867 0.465541 62.350560
15694 47.813781 2.607906 73.482595
13549 51.684082 0.000000 39.083195
13548 51.113575 0.000000 39.626177
16376 51.118957 0.000000 38.745373
531 9.263137 13.908614 36.988920
21179 9.352727 14.043133 37.080671
21221 9.320146 13.994213 36.738883
10195 42.292756 40.399371 38.413851
10194 42.288386 41.150285 37.664372
8972 41.682893 41.286984 37.830282
5842 6.637137 9.965671 77.247294
2799 6.993596 10.500895 75.881014
3474 6.693775 10.050713 75.722457
1553 41.594576 43.331190 35.828191
15848 41.579375 42.765567 36.401980
1554 42.176552 42.568450 36.300706
2319 44.161964 0.000000 35.809392
1331 44.274574 0.000000 36.868094
1330 43.588174 0.000000 36.487936
9910 10.436766 15.670820 56.679936
14853 10.314163 15.486732 55.819204
11576 10.191598 15.302700 56.932520
13729 53.586165 27.699484 45.479734
2569 54.599104 26.893480 45.780074
16237 53.927310 28.211490 44.796644
12624 6.940137 10.420625 44.651647
8563 7.122530 10.694490 45.411422
5793 7.202672 10.814823 43.994749
5662 6.064955 9.106540 49.283042
5664 6.260808 9.400612 49.902358
885 6.314891 9.481818 48.394636
7770 77.938918 10.188184 50.832169
545 78.046343 10.180868 50.785780
544 77.889000 10.273999 50.771227
7646 75.325703 14.215292 48.107641
17340 75.363345 14.040967 48.263320
14771 75.646259 13.954960 48.207956
16505 36.666667 0.000000 81.666667
16504 36.502017 0.951614 80.796426
17015 35.833333 0.000000 82.083333
9308 74.662134 14.089144 48.565700
2783 74.417692 14.204566 48.572384
14296 74.597962 14.022607 48.664389
17148 1.858526 0.000000 28.536570
16974 2.592081 0.000000 29.682534
1136 2.225709 0.000000 32.444418
12780 76.479598 9.835202 51.915163
12781 76.260689 9.924826 51.934905
9721 76.400420 9.775953 52.014061
15316 70.554027 18.794092 45.910101
12822 70.548061 18.621258 46.086091
12530 70.878318 18.459787 46.082594
11910 90.065291 1.339856 53.626158
13972 90.951507 1.174615 53.348457
16748 90.465216 1.420488 53.345484
3224 69.457410 19.512831 45.738951
1888 69.843671 19.329489 45.729346
1890 69.452470 19.744497 45.509523
576 8.855842 13.297060 63.567440
7622 9.955346 14.947967 41.372567
11234 10.052801 15.094296 46.186584
7040 9.960196 14.955250 45.334110
1902 9.843316 14.779753 46.245946
8034 73.876886 7.654984 55.398918
8033 73.535585 7.601349 55.623257
13054 73.938818 7.378032 55.645180
2992 65.687148 17.288661 49.850476
2094 65.095112 17.317333 50.117794
2093 65.838856 16.712666 50.351193
7433 38.468636 0.000000 32.360378
2050 38.546838 0.000000 33.486943
10390 37.733437 0.000000 32.881378
6277 48.014520 0.000000 51.648884
16347 47.765566 0.000000 52.283031
9936 47.573471 0.000000 51.692493
11794 20.575174 27.581218 19.472133
16935 19.800000 29.729730 19.800000
16937 21.138943 28.337313 20.005797
10806 77.977472 9.353951 51.647958
9851 78.154655 9.336150 51.577186
11696 35.990228 6.881793 75.116211
11695 35.572304 8.314244 73.891289
6694 35.056765 7.412765 75.051440
13781 33.697713 0.000000 74.666310
5579 33.018728 0.000000 75.469691
5578 33.173243 0.000000 74.221410
7907 35.829445 0.000000 62.886782
7906 35.109653 0.000000 62.861799
10317 35.641778 0.000000 61.660773
7097 84.685311 7.902110 49.747333
10838 84.992187 7.808811 49.687287
8095 84.671759 8.017956 49.638147
1490 41.602629 20.330130 27.571248
4504 42.478460 20.707323 28.134769
1491 42.217896 19.045835 27.451211
2896 39.125193 22.087462 58.327854
16878 38.528104 22.843097 57.870007
2894 38.581336 21.979014 58.708339
16321 75.934684 11.160080 50.861418
17079 75.723244 11.314410 50.812654
10441 75.748551 11.188655 50.925881
1867 46.935212 24.758388 51.749247
1869 46.547168 25.765264 50.935387
8849 46.234258 25.246959 51.610665
3374 85.891570 9.299879 47.745036
10428 85.350634 9.593916 47.721173
11446 85.811222 9.229383 47.855777
1038 10.172921 15.274657 60.222327
1040 10.065669 15.113618 58.999609
5632 9.799401 14.713816 60.379668
7034 10.835147 0.000000 60.647768
5984 11.992925 0.000000 60.168865
5983 11.491692 0.000000 65.313547
12944 45.388580 0.000000 65.884433
10495 45.530436 0.000000 66.632280
15906 44.949583 0.000000 66.562213
16654 30.188832 0.000000 19.901700
3259 30.614621 0.000000 21.141258
11634 29.730610 0.000000 20.555782
4873 81.298187 9.874671 49.466361
4874 81.156578 10.010179 49.401522
4875 81.076101 9.982843 49.469123
2883 11.902711 0.000000 75.164944
10365 11.640864 0.000000 70.453997
11009 12.613105 0.000000 71.108580
15301 39.595634 0.000000 59.345633
15387 8.539820 0.000000 51.180893
1725 9.086421 0.000000 48.266814
12011 9.563293 0.000000 51.959679
4752 59.625871 4.104499 31.179734
16724 58.842914 3.435160 30.565365
15049 59.163929 7.327724 32.022096
11160 36.280250 17.905246 63.936724
11161 35.455181 18.906159 63.347344
6610 35.576339 17.592105 64.602134
5674 80.719354 5.778197 53.856348
14620 80.948426 5.776743 53.743267
5675 80.684061 5.909113 53.742948
13452 39.748727 0.000000 60.081551
17249 40.074648 0.000000 59.337180
13229 9.613757 14.435071 32.259452
1673 9.581225 14.386224 33.235373
9589 9.834379 14.766334 32.881293
1397 73.514373 0.000000 40.606280
3201 72.770742 0.000000 40.325941
3200 73.455925 0.000000 38.665930
2174 74.585705 12.208893 50.486046
10123 74.838302 12.084602 50.484162
1160 74.701364 12.261373 50.375684
3462 1.085550 1.629955 41.238456
4548 0.783689 1.176710 42.185010
4547 0.992175 1.489752 44.664031
5110 56.597916 27.340057 44.333645
5423 57.400787 26.149179 45.124279
209 57.464749 26.940240 44.300445
3341 64.009538 4.807129 63.183295
1614 64.014371 5.612063 62.375140
4117 63.121732 5.374418 63.059342
5625 55.523772 6.465495 65.766153
5626 56.269505 5.451736 66.408060
2638 56.609617 6.593177 65.095421
11748 38.112310 42.213673 33.113308
14387 38.565144 43.356044 33.720135
15605 39.267512 42.354574 33.737829
8538 76.966058 10.947228 50.558796
8537 76.871144 10.913781 50.639733
11804 77.082773 10.809482 50.638322
10316 34.906593 0.000000 61.664057
12636 34.129748 0.000000 61.632750
10303 34.742688 0.000000 60.370202
11968 44.957892 0.000000 52.123111
4246 44.932366 0.000000 51.529307
13379 45.266627 0.000000 51.728798
10652 9.961843 14.957722 57.406285
9666 10.110303 15.180634 57.701158
11583 66.693436 17.052706 49.583523
14088 67.118391 16.709951 49.714143
14960 66.975440 17.087709 49.407483
15264 4.565520 6.855135 22.555325
500 4.182656 6.280264 22.092101
499 4.399954 6.606537 24.072772
12306 77.991852 5.685867 55.312521
12305 77.808244 5.647914 55.442316
1529 78.083948 5.537400 55.415089
17188 80.328757 4.988941 54.841692
15624 80.102796 4.972701 54.970928
12246 80.442899 4.859614 54.914077
7411 83.284077 10.399570 47.947992
11445 83.085183 10.425876 48.021107
5899 83.547556 10.137918 48.078166
8841 35.939164 0.000000 59.401582
12436 35.439265 0.000000 60.483398
10302 35.288710 0.000000 59.305670
14096 56.933777 0.000000 48.344433
2170 56.025277 0.000000 48.882808
17013 56.444170 0.000000 47.248236
9949 76.529281 6.910231 54.818218
11809 76.436441 7.092632 54.682055
6742 76.260277 7.043237 54.819581
15028 7.550728 11.337429 29.108547
13338 76.730636 16.393430 45.224859
12125 76.277902 16.856899 44.987293
8090 5.959324 8.947934 53.732648
6902 5.978469 8.976680 52.179086
8091 5.676877 8.523840 53.205435
14491 49.119536 22.995148 52.422089
13801 49.421935 23.536737 51.728759
13803 48.815992 23.789584 51.778631
3017 33.486956 32.729422 50.494371
3016 32.812151 32.849962 50.711113
1667 33.353820 31.876262 51.414951
8523 5.054222 7.588923 16.382553
1476 4.960067 7.447547 17.975003
1478 5.326481 7.997719 17.871276
15969 9.055657 13.597083 18.588849
11717 8.725406 13.101210 17.616550
5736 8.679011 13.031548 19.207640
3518 80.153882 7.741280 52.174038
9677 79.935283 7.806145 52.218408
9407 80.097116 7.691537 52.252213
11643 4.267435 6.407560 41.892090
13783 4.321430 6.488633 43.582307
11314 4.514262 6.778172 42.436190
6950 32.257299 46.917273 31.752102
6951 32.899281 47.361651 32.221070
6952 33.374229 46.649016 32.221237
16586 78.586962 11.400470 49.294649
14348 78.750707 11.353142 49.260151
7729 78.529350 11.507690 49.216127
13812 49.637750 24.248712 50.908164
11403 50.215016 23.170315 51.699006
13811 50.465825 23.908932 50.834247
2279 82.632650 7.763097 50.912815
16908 53.668376 20.009727 33.497427
8005 54.344524 19.671221 33.722779
2039 53.721469 17.743958 32.769473
9004 77.144838 9.320036 52.098225
21087 77.178300 9.375432 52.026043
21088 77.080994 9.396322 52.053784
14457 18.000000 27.027027 18.000000
258 17.984426 27.003643 19.915660
15989 18.450000 27.702703 18.450000
14448 86.452855 7.013647 49.752912
14449 86.707756 6.781641 49.857699
14450 86.953100 6.768812 49.747870
7177 28.559964 42.882829 34.148850
4299 28.023786 42.077756 35.513196
7176 28.560071 42.882990 37.283630
5000 7.364172 11.057315 65.893435
4672 7.502894 11.265607 64.780323
5356 7.262623 10.904840 65.165353
15485 39.774114 0.000000 29.136492
2972 39.989108 0.000000 27.998053
14233 40.574001 0.000000 29.069828
11542 38.636448 41.115241 33.009600
11543 39.836753 41.137988 33.617327
3369 36.749250 45.818307 35.761250
7449 36.685204 45.069542 36.542787
10033 37.355402 44.601916 36.675781
10823 78.157433 14.587528 46.319167
10824 78.182211 14.439847 46.454608
10825 78.554022 14.262342 46.446385
4846 46.990649 0.000000 69.268933
4896 47.817171 0.000000 68.940013
4897 47.601177 0.000000 69.891328
3425 67.451708 15.251521 51.007374
3423 67.895252 14.628754 51.408991
3424 68.061295 14.963369 50.991020
16703 20.421334 30.662664 45.330431
10810 19.824728 29.766860 45.554315
16095 20.008452 30.042721 47.343946
6698 85.866046 8.832746 48.225398
20925 85.714244 8.860778 48.273239
4180 86.029500 8.635931 48.340683
8765 3.833238 5.755612 35.231429
8763 3.766243 5.655020 33.197810
8764 3.576581 5.370242 34.433060
4749 40.970960 34.002926 45.477591
4045 40.992221 34.665092 44.804133
441 40.515673 34.709111 44.998344
16355 10.117597 15.191586 47.210569
14740 10.022681 15.049071 48.216908
9038 10.220506 15.346106 48.097569
11798 73.051633 16.158803 47.299222
14607 73.111069 15.998433 47.430034
13691 73.379843 15.902909 47.391267
2104 80.698555 9.013734 50.627975
9201 80.853173 8.983734 50.580696
2105 80.669239 9.097601 50.558682
13118 74.022746 18.083629 44.886914
13120 73.667869 18.466382 44.681217
7630 73.564373 18.381248 44.818184
3102 54.206918 25.653156 47.217732
3103 54.911846 24.583757 47.935737
3104 54.826313 25.680692 46.880470
14908 0.726875 1.091404 31.235955
103 0.600674 0.901912 26.393700
12311 0.372175 0.558821 28.693872
15258 36.122992 30.774962 28.309558
6582 36.149922 32.089314 28.760703
11494 36.867381 31.244640 28.838156
9891 48.257602 0.000000 66.584356
6152 47.725449 0.000000 67.299021
14378 47.708022 0.000000 66.360182
3930 59.389454 14.353100 34.474309
3929 58.585155 14.436522 34.099939
11954 59.267798 18.388502 35.757270
4281 44.308798 0.000000 52.395546
4280 44.038501 0.000000 52.858138
15469 43.915830 0.000000 52.281638
6025 18.983120 14.592105 75.901743
14642 19.676631 12.758164 77.390762
6026 19.768293 14.672474 75.428707
2647 38.280625 0.000000 22.814590
14218 39.189548 0.000000 23.462000
2648 38.509411 0.000000 23.862132
16060 47.735061 20.693365 55.418412
8809 75.066725 8.557535 53.900545
8044 75.345229 8.558650 53.760177
8043 75.003349 8.737300 53.752288
8433 90.894425 0.000000 51.388485
1993 91.160754 0.000000 49.996289
14293 91.720900 0.000000 50.740253
1995 91.782995 0.000000 49.115434
17316 23.409294 0.000000 26.416268
14200 23.970746 0.000000 28.143041
6570 23.121688 0.000000 27.880364
7774 34.582767 36.410285 46.261921
7775 35.022876 35.842513 46.610206
7773 35.066183 36.480687 45.949742
14022 79.211576 4.369405 56.020438
16063 79.150877 4.163847 56.256550
16062 79.571320 4.131056 56.079154
21248 84.519606 9.714152 48.016331
21601 84.721404 9.608922 48.020767
21602 84.582063 9.721105 47.978142
6217 41.916790 0.000000 52.126560
2848 41.633169 0.000000 52.420998
4925 41.712671 0.000000 51.960492
8806 70.211533 17.430973 47.445829
16172 69.804278 17.655307 47.424899
14163 70.113683 17.292525 47.633341
10237 81.479272 10.654005 48.595705
10238 81.217363 10.820814 48.559684
10239 81.265373 10.710775 48.645827
16926 11.208262 16.829223 32.563609
17032 11.389643 17.101566 31.414032
14855 11.001922 16.519403 31.770934
4810 25.414117 13.706994 73.572241
17209 86.764193 9.127958 47.480817
9457 86.346757 9.321976 47.495323
7462 86.925021 8.922614 47.605953
17169 38.122348 0.000000 46.433899
672 37.418470 0.000000 46.271096
2173 37.866317 0.000000 45.196412
250 67.832119 13.854769 52.215317
6097 67.552347 13.608696 52.601522
6096 68.170543 13.327459 52.573942
9905 88.602057 1.505287 54.192179
13326 88.719877 1.300568 54.338193
9906 89.514837 1.252483 53.988846
9590 3.658857 5.493780 22.953094
3628 3.856395 5.790384 25.118878
498 4.029001 6.049551 23.604361
12524 20.984529 0.000000 85.813496
9222 20.265022 0.000000 85.195121
12525 21.182515 0.000000 83.698566
16991 24.634119 6.568213 14.504274
14030 24.806297 8.325694 15.175605
15913 25.679172 5.642982 14.718699
8547 40.437358 12.593761 67.174967
5072 40.345533 13.536330 66.277368
5071 39.799106 13.151679 66.935616
13160 5.397405 8.104211 68.439755
7064 5.652101 8.486639 67.456562
1304 84.271274 0.000000 56.606655
16089 85.115787 0.000000 56.074151
11207 85.000000 0.000000 57.500000
3924 8.290442 12.448111 23.933796
3923 8.587027 12.893433 23.932524
12421 8.401883 12.615440 23.067777
14941 73.005593 9.551792 53.935859
4782 73.118931 9.668185 53.762681
4584 72.706530 9.802088 53.834845
3831 19.259259 0.000000 9.629630
20749 20.008943 0.000000 11.663025
20750 19.548866 0.000000 11.889699
10240 20.740741 0.000000 10.370370
20879 20.749368 0.000000 11.878246
20801 20.451936 0.000000 11.451902
13531 78.407271 2.555064 58.238745
4101 77.870741 2.519135 58.542975
4100 78.362692 2.276159 58.540219
12130 84.315864 7.297502 50.537268
4174 79.133987 9.236595 51.187175
4175 79.302563 9.206868 51.132644
4173 79.093686 9.334755 51.109067
12898 77.962613 8.818179 52.191696
12899 77.942767 8.721904 52.297990
10432 78.165469 8.668960 52.239636
1573 17.046938 25.596003 64.492551
3933 16.892011 25.363381 63.226478
1574 16.628766 24.968117 65.142832
9536 36.802288 0.000000 56.302445
8927 36.314249 0.000000 57.233839
7627 36.201609 0.000000 56.064679
3143 93.253290 4.681130 48.687543
4838 92.908094 4.997819 48.543136
3141 92.361853 5.239910 48.573923
10730 79.618739 11.831562 48.347237
13472 79.328918 12.075689 48.247777
10894 55.873134 0.000000 53.538931
10893 56.611265 0.000000 52.600410
16507 56.656627 0.000000 54.283677
11597 59.386422 22.631249 47.652908
11596 60.408940 22.106077 47.667348
1872 68.331699 0.000000 51.007479
15355 69.122767 0.000000 51.300237
10436 68.421579 0.000000 53.354860
9296 9.475703 14.227783 35.959125
21292 9.497632 14.260709 35.364433
21293 9.402215 14.117439 35.702166
4194 77.811127 11.122767 49.960546
3345 77.753101 11.225427 49.886797
13303 51.913127 21.503096 33.117094
493 51.712432 23.335673 33.626995
8013 52.367832 22.966772 33.831851
689 31.629459 0.000000 80.343880
2967 30.577432 0.000000 81.811021
687 31.046109 0.000000 79.759808
10748 3.038456 0.000000 88.500690
3655 3.323455 0.000000 93.223787
15654 41.004543 12.713540 66.771475
11090 80.648387 12.552336 47.110918
11091 81.164633 12.203362 47.202119
15521 80.439190 9.958731 49.811715
15520 80.376338 9.912005 49.889914
3048 80.548425 9.838882 49.877066
7327 9.466338 14.213720 37.081409
9461 9.438281 14.171593 37.814191
7328 9.592165 14.402650 37.452052
4745 38.872252 0.000000 46.636236
4743 38.621517 0.000000 45.377005
11032 1.066713 1.601672 73.757502
17035 1.141703 1.714269 69.797779
11765 40.832879 31.900566 31.039328
16345 39.750208 31.824471 30.472653
17131 40.149022 32.905115 31.031914
11461 75.517637 3.284410 58.953487
11460 75.877795 3.454649 58.602998
2289 42.275290 0.000000 53.871434
13053 42.012941 0.000000 54.141519
14955 30.714107 46.117278 37.024659
3501 71.946163 15.434070 48.577414
3502 71.678927 15.605967 48.538964
3503 71.815731 15.394841 48.681899
5379 19.885589 0.000000 15.936071
5380 18.928876 0.000000 15.558848
5378 19.234997 0.000000 13.094511
17238 38.733482 0.000000 49.147298
8778 37.952886 0.000000 49.299811
6249 38.287769 0.000000 47.861948
2210 42.982835 0.000000 38.259801
9598 43.694438 0.000000 38.716868
13228 43.037110 0.000000 39.452675
5804 5.132323 7.706190 71.000090
8810 5.363030 8.052598 69.752381
8811 5.143439 7.722882 69.572667
16126 86.422966 4.901192 51.882424
14266 85.929319 5.024666 52.005650
14297 86.325183 4.778562 52.054068
8768 6.963381 10.455527 62.856735
8767 7.067442 10.611774 61.939860
6213 6.866866 10.310609 62.043246
12904 73.610681 13.479948 49.701232
10946 73.504612 13.685496 49.548512
10945 73.305355 13.702581 49.631039
16633 35.464893 0.000000 29.033663
7976 35.090911 0.000000 30.095550
8471 34.639433 0.000000 28.973209
5638 21.647005 0.000000 53.827517
10391 22.284071 0.000000 51.252756
13234 22.712540 0.000000 53.927239
3799 36.575074 0.000000 67.941035
3798 36.871543 0.000000 69.052379
9970 35.990723 0.000000 69.378643
4728 82.846657 8.146110 50.422416
4523 82.604966 8.240152 50.449125
4540 82.785652 8.095462 50.503616
17154 80.309502 8.717338 51.119193
6797 80.148032 8.849840 51.067294
16312 80.096887 8.793920 51.148842
9516 5.398507 8.105866 13.367472
15956 5.610958 8.424862 11.884803
13346 5.103301 7.662613 11.578675
12400 78.747691 0.000000 48.981720
6699 79.371040 0.000000 50.261080
6700 78.404635 0.000000 51.039393
15288 28.757847 27.528311 58.065238
9809 29.244332 28.392212 56.957230
7514 28.194126 29.110489 56.763337
9341 43.754034 39.272992 38.810718
9343 44.122003 39.489590 38.409919
16576 43.482807 40.006136 38.212454
1992 39.336101 14.216679 24.402204
1991 38.946798 15.486932 24.630548
812 39.673441 15.549493 25.014701
412 73.406046 16.150151 47.130676
9565 73.607063 16.155820 47.024493
3008 80.830573 9.785851 49.789077
17083 80.670228 9.821754 49.833310
2480 80.867812 9.695194 49.861204
11847 83.249379 8.945197 49.421168
3000 83.494063 8.784217 49.459967
2999 83.443808 8.888305 49.380903
11781 82.012065 11.454104 47.528410
17068 81.584762 11.718424 47.477476
16661 81.836637 11.460638 47.609582
2383 8.098567 12.160010 48.503451
2382 7.895270 11.854760 48.312815
6133 7.924830 11.899145 49.461384
17161 79.057275 10.454203 50.006705
11041 79.204297 10.337603 50.049911
4346 79.228838 10.398483 49.976700
7806 5.465188 8.205987 21.868712
10678 5.510993 8.274764 20.383481
2664 5.249970 7.882838 20.580041
2540 72.775718 11.706420 51.894015
16476 72.474601 11.786834 51.964079
6421 72.736690 11.547883 52.072224
5545 81.785532 4.066022 55.037145
6496 81.590864 4.128456 55.071983
6497 81.654201 4.049028 55.119822
9174 28.365323 1.659332 84.156347
5194 27.548293 3.220789 83.001843
5193 27.480021 1.556929 84.701504
314 37.297841 0.000000 63.069521
3278 37.177381 0.000000 61.872162
3279 37.899924 0.000000 61.965292
4719 10.662849 16.010284 31.441277
13108 10.901195 16.368161 30.776390
2975 46.636524 29.301807 47.350629
10023 47.146608 28.477617 47.920601
382 47.367729 28.920467 47.366748
15085 79.156295 10.945781 49.465126
3938 78.945877 11.022673 49.493366
10473 79.138481 10.868705 49.551185
7687 50.810491 17.801690 56.775263
16869 50.459468 18.897157 55.854212
10790 49.919692 18.406257 56.615491
3330 27.774616 0.000000 25.394193
3329 28.110203 0.000000 27.148619
3295 81.536914 7.696871 51.526975
5231 81.488145 7.617872 51.630438
8775 81.750900 7.536713 51.580300
16021 29.391018 14.409830 19.493983
21161 29.674394 13.503226 19.333771
21160 29.356966 13.387931 19.136664
2004 74.746468 1.803323 60.821640
2002 74.493171 2.216548 60.534650
2003 74.176601 1.990541 60.919168
6589 52.797760 0.000000 28.848760
5678 53.832916 0.000000 28.618239
7070 53.428410 0.000000 29.729773
461 76.086196 13.130459 48.813313
460 76.216243 12.945765 48.933167
9567 76.392812 12.932986 48.857675
2460 65.238301 21.090811 46.268948
3212 65.528652 21.283025 45.931366
4753 64.717853 21.860027 45.759186
4172 77.428691 9.824647 51.451183
5548 77.569869 9.829472 51.375764
4170 77.350689 9.957072 51.357626
2381 8.069798 12.116814 47.497741
13984 8.254187 12.393674 47.690119
16468 75.707705 13.770005 48.362373
13034 75.972657 13.704585 48.295382
9297 70.024569 0.000000 51.180907
17215 69.330545 0.000000 53.594082
13669 19.822653 16.641320 73.430712
6292 19.838689 18.678676 71.383301
4387 19.071533 18.508713 71.937011
11281 22.155587 0.000000 56.498590
15190 23.110609 0.000000 56.279863
2052 44.166667 0.000000 77.916667
16228 43.333333 0.000000 78.333333
13495 71.405129 5.990498 58.300947
9643 70.814854 6.380748 58.205444
13494 70.788347 5.911276 58.688639
15645 86.768299 5.240959 51.369651
10329 86.826713 5.361565 51.219717
13698 86.348216 5.498552 51.321842
8475 8.230578 12.358226 33.331154
14037 8.375323 12.575560 33.854577
15345 8.416579 12.637505 33.003147
1785 6.402992 9.614103 54.487955
9932 6.620091 9.940077 53.551640
1783 6.411595 9.627019 53.158513
3709 21.576940 17.508017 16.618640
8744 22.433019 18.111026 17.247481
3710 23.212818 15.330979 16.711625
13953 7.043374 10.575637 31.157846
13955 6.973285 10.470398 30.189510
12586 6.811513 10.227497 31.091983
13863 80.985850 6.898577 52.601599
16651 81.246531 6.806735 52.563193
11575 81.076849 6.958234 52.496383
2981 72.243891 10.063801 53.804190
2979 72.541694 10.110516 53.608526
8747 82.160439 5.044638 53.870098
16804 81.863420 5.205213 53.857871
11952 81.859576 5.057164 54.007991
4512 39.460325 15.527333 64.726977
4510 38.633163 16.371558 64.295489
4511 38.814045 15.097888 65.479992
3660 64.902199 0.000000 54.931713
13975 64.837742 0.000000 57.875009
7035 63.925046 0.000000 56.213409
6889 80.978314 4.113395 55.393335
6890 81.142220 4.114752 55.310023
2391 80.989712 4.202017 55.298925
10109 49.813663 21.010400 54.061758
16559 49.034019 21.565883 53.895541
16558 49.343425 20.560822 54.746905
2908 1.449933 0.000000 94.740340
2907 1.490309 0.000000 92.033642
3657 2.232705 0.000000 92.900533
10892 55.878830 0.000000 52.019546
11878 56.493165 0.000000 51.276339
10446 14.026933 21.061461 65.067189
7713 14.486378 21.751318 63.715285
7712 14.116557 21.196031 62.784881
15335 46.216431 0.000000 51.073165
3235 45.834113 0.000000 51.252850
16443 45.967623 0.000000 50.639415
16241 80.468090 8.872005 50.885078
14791 80.253227 8.957906 50.906523
9044 80.403401 8.827056 50.962417
15576 22.308547 33.496317 24.969440
1250 21.524435 32.318971 26.975348
16309 22.195866 33.327126 27.687016
9055 76.352301 10.250673 51.562926
13442 76.592211 10.122636 51.571136
9056 76.493537 10.283497 51.459451
6823 81.207803 7.599619 51.788880
12519 80.994765 7.749461 51.745407
12520 80.967515 7.664593 51.843985
11857 84.292793 6.691119 44.374539
10742 83.703704 0.000000 41.851852
6830 37.958065 15.946930 65.058090
5686 79.566264 9.320083 50.887464
2331 79.488221 9.406308 50.840175
11246 79.426235 9.377303 50.900202
15329 86.957418 0.000000 46.713855
10829 87.354261 0.000000 47.965456
3935 86.756585 0.000000 48.358995
16207 45.103164 0.000000 73.194023
5555 44.724411 0.000000 72.573526
12538 31.357676 17.517170 66.786475
882 30.412637 18.890230 65.884561
11078 30.478635 17.311265 67.432106
789 22.283178 24.646482 64.187283
6369 21.645083 27.533994 61.615930
787 20.881428 26.926240 62.606119
5636 21.073761 0.000000 56.694817
3094 75.670665 13.132642 49.018893
3093 75.424145 13.341158 48.933428
3754 75.472309 13.193069 49.057583
5188 21.092628 31.670613 36.528556
12560 20.642023 30.994029 36.094930
5189 20.656874 31.016328 38.025995
7443 39.413009 22.916078 27.337559
6320 49.824833 13.243598 61.830742
2223 49.462183 12.349294 62.907265
1392 50.408224 12.046611 62.737230
8511 24.001235 0.000000 71.018784
8509 23.292177 0.000000 69.707690
8510 24.184999 0.000000 68.338055
13530 77.985192 2.778130 58.226497
3314 78.137728 2.957936 57.970242
14398 77.687191 3.041480 58.111883
15074 42.013487 40.039916 38.913301
10499 42.539638 39.601292 39.089288
13459 81.133627 7.434032 51.991720
14747 81.087054 7.351920 52.097201
5485 81.345489 7.281287 52.038687
14302 80.455168 6.326105 53.439985
14303 80.632224 6.161811 53.515915
14301 80.741280 6.235025 53.388100
15718 93.022662 1.248564 52.238857
15640 92.791923 1.538260 52.064240
7078 91.886437 1.603288 52.451890
12299 6.068745 9.112230 60.397411
13762 5.791921 8.696578 60.644641
17031 5.887430 8.839985 61.817563
15132 47.248914 36.225586 35.687577
15487 47.301754 34.697346 35.205093
15131 46.470061 35.126303 34.932090
13020 27.474769 0.000000 73.079941
8448 26.578617 0.000000 71.847844
5334 48.080892 14.428207 28.845039
11891 47.824741 16.299378 29.340063
11892 48.650437 15.934079 29.631267
2353 81.731205 0.554864 58.578979
3066 39.685010 0.000000 30.201172
6697 39.700335 0.000000 31.316398
3067 38.885827 0.000000 30.627359
4185 81.219966 9.532547 49.847937
2479 81.062094 9.569199 49.890185
9514 81.258620 9.443039 49.918208
2537 40.761440 34.877953 31.995078
10859 39.990907 34.131807 31.361345
9171 39.903395 35.714297 31.844559
16750 81.381563 3.971190 55.334057
6054 81.442054 3.941138 55.333894
2744 74.501042 9.670528 53.069280
15400 74.363748 9.570145 53.238411
1151 74.728541 9.425517 53.200787
17306 5.813314 8.728700 86.890967
10274 6.330608 9.505418 86.146608
10273 6.336760 9.514654 84.635257
15115 78.285541 9.531847 51.315850
16068 78.153401 9.554926 51.358818
15678 78.280589 9.439769 51.410497
16905 77.802450 6.030516 55.062228
11284 77.456474 6.172046 55.093545
8065 77.568671 5.993018 55.216653
14056 42.920674 17.925228 27.429438
15158 42.937400 19.333906 27.906891
3826 43.215476 29.602494 31.465368
7245 43.826631 30.847180 32.185426
15565 44.165849 29.384897 31.868096
2710 79.087508 0.000000 46.778298
9178 78.166872 0.000000 47.779663
9180 78.426540 0.000000 45.724376
5207 40.654303 0.000000 58.022690
10345 40.688717 0.000000 57.319265
7432 41.022660 0.000000 57.506589
4105 67.479512 3.360733 62.896150
4104 66.478094 3.476851 63.280626
69 67.016264 2.744617 63.744506
7866 47.820969 0.000000 71.398044
2261 48.612962 0.000000 71.203708
7865 48.208778 0.000000 72.100688
8197 4.740316 7.117592 21.197964
15029 4.932726 7.406496 22.905388
2666 5.098498 7.655402 21.583503
9995 73.957592 16.296241 46.708667
13853 73.683871 16.562486 46.579016
8244 73.650593 16.447690 46.710566
1696 55.521641 0.000000 61.443918
17021 54.913238 0.000000 61.035716
11734 55.283088 0.000000 60.211146
12147 45.228447 0.000000 53.755044
12146 45.059638 0.000000 53.598524
12259 45.279090 0.000000 53.371105
12003 81.485917 10.325454 48.921262
14034 81.582173 10.196148 49.002569
6751 81.737643 10.171261 48.949746
12378 8.984499 13.490239 36.191693
6467 9.087809 13.645359 36.754314
20902 9.117365 13.689737 36.247264
2125 37.606912 41.655114 39.499775
11559 37.079108 42.136701 39.281609
11558 37.407731 41.249345 40.005540
5511 80.303209 6.814818 53.026762
2915 80.099041 6.842561 53.101076
5780 80.349795 6.711806 53.106585
8285 14.003192 9.845399 83.143160
10097 13.031786 9.658440 83.816008
10096 13.926243 6.925554 86.104399
10043 37.775421 39.820346 41.252123
5434 37.268023 40.636312 40.689040
3214 37.392175 39.770550 41.493592
1192 2.654818 0.000000 21.842236
1194 3.004439 0.000000 17.834797
8612 3.537643 0.000000 22.829122
5726 53.039778 16.926728 56.536456
14737 52.742868 18.111769 55.498686
7347 33.244640 44.570972 38.762136
695 33.204842 43.777999 39.575802
7348 33.638480 43.887393 39.249480
8606 34.255511 0.000000 22.515440
7793 33.518284 0.000000 22.000078
16094 33.869047 0.000000 21.399064
2937 39.125326 39.820798 32.822989
7178 39.030802 13.842154 66.628603
6831 38.185630 14.595591 66.296998
8636 38.481224 13.281527 67.464579
12867 21.439258 23.202198 18.445961
11796 21.143334 25.436207 19.041924
12614 22.385827 23.649218 19.068103
3360 80.489169 9.216832 50.529367
2106 80.511175 9.132654 50.602626
11992 10.580325 15.886374 49.737662
11993 10.855695 16.299842 49.210388
11994 10.660794 16.007198 48.531216
1942 39.344972 33.147064 30.710458
10860 38.960468 34.624742 31.010273
13788 81.299022 9.350733 49.990405
13787 81.096061 9.479880 49.962610
12977 81.124675 9.383607 50.044672
7933 85.439041 3.997276 53.279206
7935 85.862204 3.865545 53.199487
4884 85.647469 4.046135 53.126085
13209 37.290942 0.000000 35.725185
12722 37.872506 0.000000 35.881534
11793 37.545604 0.000000 36.667608
6592 43.083673 0.000000 55.087531
10551 43.158660 0.000000 54.596706
8395 42.153232 0.000000 60.967744
13701 41.899855 0.000000 60.478115
14431 51.447865 27.868354 46.379845
2456 52.129035 28.243396 45.663843
5007 51.203949 29.131126 45.237769
7522 8.392706 12.601660 60.597765
8300 8.275378 12.425492 59.858371
5669 8.150976 12.238702 60.953274
6957 31.960764 0.000000 47.546893
5955 31.637370 0.000000 49.374867
5954 31.028481 0.000000 47.881688
11587 40.365656 17.521610 62.278040
15701 40.454989 16.681044 63.074781
13325 40.946647 16.820182 62.689674
3234 45.644976 0.000000 51.880165
13378 45.290522 0.000000 52.306101
3626 5.480560 0.000000 61.847933
15328 4.658536 0.000000 63.326209
3627 4.835889 0.000000 58.420234
2370 41.487752 0.000000 38.421890
1541 41.634523 0.000000 39.750937
15876 41.014597 0.000000 39.350294
609 44.760526 0.000000 55.480408
610 44.516373 0.000000 55.929104
611 44.424311 0.000000 55.438365
2444 69.809474 22.631579 42.441053
13007 70.511579 22.105263 42.616842
2442 69.681599 11.325434 38.612169
3694 28.718619 0.000000 23.787741
2424 28.794841 0.000000 22.129885
1172 29.525103 0.000000 23.608471
5137 16.428526 0.000000 58.340663
5135 15.977151 0.000000 54.660616
5136 17.125527 0.000000 55.222067
3361 80.486820 9.289744 50.457556
16371 80.650728 9.247005 50.418383
14010 80.473914 9.361869 50.391812
10037 82.311338 0.000000 49.157750
372 82.330705 0.000000 47.433396
10038 83.166203 0.000000 48.105619
3937 78.742833 11.181867 49.435535
11593 78.744994 11.091948 49.524463
1566 63.482032 9.755157 58.494072
13920 62.663585 10.368977 58.288861
7232 62.705429 9.595396 59.042294
8379 83.135162 7.200960 51.224258
8993 83.046052 7.142700 51.327131
8994 83.345390 7.034025 51.286246
11684 75.666751 12.078859 50.075687
6717 75.775387 11.930402 50.169974
11685 75.876594 11.951836 50.097915
12297 83.312482 4.769038 53.569952
6842 83.328758 4.655849 53.675116
6844 83.615693 4.621449 53.566083
15065 83.116437 7.754344 50.679683
4558 35.002172 19.229213 23.904414
13540 34.526528 20.335856 24.035104
7925 35.177877 20.519012 24.421770
3919 79.121218 11.972739 48.454679
3918 79.069936 12.090318 48.362624
1237 78.864031 12.153233 48.402598
12866 74.188969 11.087769 51.806659
8253 23.890217 35.871196 40.130813
5808 23.909719 35.900479 37.598391
10093 23.410612 35.151069 39.243640
10381 82.542193 10.312942 48.405649
1093 82.771078 10.234022 48.370205
7634 82.476728 10.442199 48.308995
11662 54.166667 0.000000 72.916667
9687 53.333333 0.000000 73.333333
6297 53.053449 0.000000 72.359907
13175 74.517067 16.320473 46.404673
15194 74.710684 16.257491 46.370910
13882 78.014495 1.663431 59.327658
144 77.393747 1.664387 59.637075
11526 77.795710 1.383454 59.717308
8526 24.371590 31.292248 22.606114
8525 23.671186 30.889392 22.121761
6919 23.710344 32.079882 22.537773
11222 33.021877 45.536327 37.907198
12727 32.470215 45.872520 37.846500
15427 9.268868 13.917220 49.647375
17094 9.274930 13.926321 50.483687
16134 9.426602 14.154056 49.815526
7373 83.010547 12.595786 45.886345
13507 83.149474 12.631579 45.781053
7602 82.447368 13.157895 45.605263
7972 45.000000 0.000000 77.500000
2054 44.450632 0.000000 76.969653
7971 45.282762 0.000000 76.534082
11974 77.306358 11.595235 49.739991
7818 77.469803 11.557103 49.696438
16623 77.293323 11.690650 49.650997
2917 68.061347 21.899279 44.048148
9241 67.862156 21.764876 44.282281
158 68.468633 21.338375 44.405971
14324 12.897456 19.365550 16.393215
11425 13.018888 19.547879 18.321992
14537 13.392941 20.109520 16.884168
10821 11.428150 0.000000 11.659341
15139 12.362837 0.000000 15.954936
10822 10.981177 0.000000 15.138722
825 8.082602 12.136038 19.935618
823 7.839272 11.770678 19.589044
824 7.936247 11.916287 20.731396
5729 40.247916 14.667182 65.194193
4221 40.167377 15.951021 63.949340
16781 75.425413 12.197066 50.078031
6718 75.562420 12.042124 50.164624
2038 53.214947 18.668627 32.824126
16971 52.979394 20.024599 33.157888
10421 40.529288 39.002122 40.694231
9465 40.438371 39.700759 40.040355
9466 40.033326 39.629530 40.314177
15371 29.213328 19.994061 21.264686
14575 28.540018 20.354389 21.048021
9525 28.719465 21.246921 21.434957
1825 35.117789 0.000000 33.502817
9185 35.184633 0.000000 34.570589
14159 34.628074 0.000000 33.916213
10972 36.131031 30.048849 51.855587
10973 36.077339 29.112612 52.819606
3954 36.831010 29.081404 52.474010
17327 75.264057 17.700483 44.649788
1001 79.949243 7.069606 52.948702
5512 80.137951 6.933384 52.990708
2324 80.180998 7.017420 52.885063
160 68.700574 21.420484 44.207808
9586 80.292271 9.268727 50.575869
11247 81.574162 7.774928 51.430216
16255 81.764950 7.725570 51.384229
16293 81.607479 7.845547 51.342868
5617 15.359311 0.000000 58.140472
9750 14.788630 0.000000 54.563944
15282 25.712325 0.000000 57.282404
10902 25.421518 0.000000 54.958548
6638 26.495810 0.000000 55.079331
3155 52.234184 30.118689 36.146616
9256 52.015341 27.984095 35.326374
9255 51.495371 28.848587 35.354265
10710 41.761811 38.452418 33.685561
11502 42.023712 37.394506 33.464226
3147 41.252916 37.326806 33.056285
20990 46.613085 3.673417 73.016368
20991 46.352128 3.498892 73.321545
15492 45.986136 2.561438 74.442932
20986 45.981889 3.371534 73.634150
20987 45.537452 3.204044 74.024025
4131 7.992169 12.000254 37.148137
4132 7.948673 11.934944 36.375603
4130 7.820015 11.741765 37.156521
16676 29.302736 38.661478 46.648492
78 28.477373 38.625189 47.097499
16827 29.066521 37.559525 47.869656
5807 23.421056 35.166751 36.889834
9484 53.561129 7.592367 29.308823
3058 53.962258 5.098667 28.678985
5070 39.616288 14.303761 65.873791
5290 94.961069 2.738893 49.777834
918 93.433125 3.464948 49.815024
5710 15.655392 23.506595 21.800811
21156 15.271234 22.929780 21.202027
5709 15.120674 22.703715 23.080643
9638 15.356567 23.057909 19.496123
21157 15.617088 23.449080 20.389676
21188 15.739297 23.632578 19.352339
9716 6.157121 9.244926 43.898299
1037 5.874958 8.821258 43.854946
5879 41.725129 0.000000 41.004933
1540 42.377990 0.000000 40.217971
2721 50.280805 31.562587 43.265447
374 49.439983 32.123829 43.124055
6059 49.914053 30.980361 44.031631
9898 33.277603 8.626672 74.725900
5411 32.647282 8.189949 75.478220
9899 33.519285 7.263736 75.969358
1848 79.502374 9.748400 50.490665
5527 79.432521 9.829488 50.444422
5528 79.351173 9.835951 50.478626
5812 53.661053 34.736842 38.397895
3205 53.454495 32.951472 37.700088
4890 52.654502 33.453320 37.467207
10113 83.119148 9.939121 48.491366
10112 83.276787 9.929993 48.421684
1091 82.999358 10.070797 48.419453
7377 28.240427 0.000000 76.437934
9493 27.653901 0.000000 79.094037
2924 77.439250 14.991718 46.273665
2922 77.066889 15.213082 46.238261
2923 77.351250 14.949530 46.359896
11486 9.128119 13.705885 29.730409
11487 9.309502 13.978232 29.890744
3219 9.281590 13.936321 29.055281
2745 32.638584 24.626232 59.029849
15967 31.783718 26.175434 57.906532
12992 31.506040 25.011264 59.210705
9351 85.922714 1.379760 55.657503
12690 85.844445 1.631793 55.444353
9352 85.342373 1.552040 55.775222
8366 4.592917 6.896272 69.689019
9404 4.416652 6.631610 71.394008
8159 4.676837 7.022278 70.676101
15817 42.962963 0.000000 21.481481
5501 41.888686 2.095529 21.642154
3494 79.790760 13.079322 47.012219
15808 80.137578 12.945004 46.973262
11644 79.653433 13.307628 46.852348
3078 47.574294 0.000000 59.527421
6214 47.887444 0.000000 59.027061
2554 48.065018 0.000000 59.495133
15514 0.692200 1.039340 6.350059
15513 1.174815 1.763987 10.315275
12648 38.656359 36.756223 43.878841
16194 39.039897 36.704901 43.738446
5712 38.718329 37.340303 43.263192
13945 69.764006 19.018477 46.080501
9165 69.481301 19.287198 45.952865
9167 69.580098 19.040783 46.150127
3523 29.440891 25.970812 59.282771
3525 30.464214 25.481701 59.260710
9839 29.818749 26.951627 58.112047
8021 47.199898 25.223501 31.999375
13105 46.594734 23.827465 31.231913
15362 46.361364 25.429718 31.648778
4791 68.712838 15.070429 50.558082
6233 68.216737 15.219528 50.656884
4789 68.685706 14.696895 50.945555
16356 70.941747 19.112051 45.397963
16437 70.554358 19.338073 45.365410
8698 70.914571 18.961573 45.562180
9085 49.771589 0.000000 53.932662
9086 49.904825 0.000000 53.118624
9084 50.350515 0.000000 53.671451
5728 40.967987 13.788055 65.714163
2646 37.606679 0.000000 23.209403
8771 36.928202 0.000000 23.609483
6938 36.664470 0.000000 22.424107
7015 42.772830 34.528524 44.050532
16640 42.418708 34.306786 44.449553
14131 42.940656 33.766510 44.729396
1134 85.357221 2.820002 54.498567
7205 85.826373 2.779262 54.304773
2087 85.449632 2.957472 54.314755
1889 69.872770 19.513617 45.530485
13569 70.215808 19.143573 45.729380
4773 80.099646 9.224236 50.716717
10234 80.041077 9.196622 50.773643
4772 80.201166 9.118219 50.772079
6465 77.968706 12.231034 48.772382
7546 78.228310 12.050604 48.823190
6466 78.162750 12.187737 48.718700
5487 81.383320 7.365184 51.935791
4219 79.707908 10.605374 49.530067
4218 79.590235 10.745379 49.448758
15433 79.504116 10.732946 49.504263
7485 71.570779 9.960146 54.244504
11230 71.222504 9.882713 54.496152
2866 32.854697 0.000000 47.242944
14685 32.312533 0.000000 45.824726
11398 40.929987 14.896591 64.623519
6444 88.820780 0.000000 50.382405
6443 88.524135 0.000000 49.135174
8794 80.232234 12.748295 47.122840
16843 74.503917 14.630932 48.102478
16399 74.510477 14.503271 48.226987
17290 74.769691 14.404626 48.196124
15927 74.740110 14.556868 48.058520
8215 80.943275 10.243411 49.274708
5259 81.029157 10.141334 49.333946
8216 81.118266 10.153220 49.277493
1589 79.543418 10.332727 49.885231
4345 79.426720 10.330684 49.945625
8350 79.644384 10.221180 49.946407
4864 78.891775 11.725416 48.816971
14756 79.083386 11.548338 48.898420
9430 79.162521 11.587972 48.819180
3963 45.277034 0.000000 68.207482
3961 46.042863 0.000000 68.168170
3962 45.491871 0.000000 69.059109
9959 9.426248 14.153525 45.787883
5668 9.479150 14.232958 46.458039
16532 9.579882 14.384208 45.728854
2852 70.537289 19.960212 44.751183
872 70.253299 19.956581 44.896813
8678 2.618122 0.000000 57.461721
7200 3.348212 0.000000 56.009208
10718 3.210523 0.000000 61.049709
12576 71.445756 10.300035 53.966787
7484 71.910613 10.020520 54.014153
10321 71.805045 10.331692 53.755453
3692 3.971614 5.963384 55.656146
76 4.262717 6.400477 56.173592
75 4.232512 6.355124 54.417382
5377 15.788235 0.000000 36.263380
7677 16.073086 0.000000 32.153691
1735 17.026254 0.000000 35.600273
9975 51.940490 0.000000 27.474544
17157 52.592593 0.000000 26.296296
6587 52.678544 0.000000 27.583471
14453 75.332086 12.813894 49.507249
17196 75.580285 12.644668 49.552545
14454 75.520248 12.805399 49.421671
7217 84.284333 2.442537 55.412854
8064 84.817208 2.340848 55.248207
1892 57.764172 12.880728 58.224305
1893 56.966169 12.619047 58.885249
1891 57.891783 11.823846 59.218438
10523 14.736664 0.000000 83.753479
13318 15.397678 0.000000 80.742985
17212 15.598290 0.000000 83.647218
1474 79.759556 5.036922 55.078263
7471 79.840405 5.142733 54.931921
10012 53.415158 0.000000 59.369489
13766 53.001982 0.000000 60.514591
11886 52.722056 0.000000 59.320761
2807 81.708856 4.166672 54.974734
11236 39.067005 0.000000 31.841358
7434 39.141118 0.000000 32.925122
99 72.297331 0.000000 46.071746
55 54.638945 9.544251 30.497708
56 54.023883 9.860862 30.295609
54 54.586619 11.805557 31.224560
10108 32.803300 17.070266 22.086048
3468 30.923851 34.257344 26.869621
8513 30.433907 35.555227 27.056844
7304 31.374634 35.047569 27.358157
15320 3.717452 5.581759 48.741652
15321 3.562815 5.349573 51.039079
15393 3.852773 5.784944 50.349708
6128 50.300944 0.000000 26.906994
6126 50.813163 0.000000 26.089827
6127 51.308472 0.000000 26.941580
11953 81.487580 5.127688 54.123395
14309 81.546054 5.242882 53.978848
12739 26.715076 0.000000 68.981625
5552 26.839701 0.000000 66.342743
12740 27.502491 0.000000 67.405366
13491 4.601717 6.909485 80.400686
16673 4.358406 6.544153 80.482862
8124 4.258518 6.394172 82.020690
13144 86.672844 2.778064 53.882736
10519 86.391820 3.006889 53.794194
12422 86.101791 2.939447 54.006718
639 17.566994 4.878692 10.408101
3830 20.000000 0.000000 10.000000
4139 51.824647 0.000000 71.243265
4138 52.666234 0.000000 71.344259
3378 52.171467 0.000000 72.059529
8177 71.735819 12.293004 51.826793
3040 71.645869 12.199178 51.965689
8176 71.933068 12.100491 51.920875
5685 79.687344 9.309591 50.837427
3250 75.405772 16.830407 45.449876
10501 75.742985 16.632337 45.479538
3251 75.316634 17.038702 45.285943
13927 18.383849 6.970561 83.830544
4631 18.697725 7.648662 82.994827
10450 18.162469 8.607321 82.302837
14120 45.723630 33.576086 43.528523
14839 45.839218 32.874308 44.173208
12906 46.296060 32.955943 43.863071
17221 36.660675 28.105257 53.536301
16679 56.457638 7.729737 64.033714
14268 55.661203 7.592002 64.569804
11089 3.904936 5.863268 7.910055
10398 3.986254 5.985366 6.567227
1141 3.344723 5.022107 6.626306
14349 49.149602 11.437726 63.976035
2225 48.576539 12.536324 63.162870
16873 48.318198 11.646573 64.182681
7994 78.044808 11.796226 49.169574
993 77.934096 11.922603 49.098426
992 77.820123 11.926299 49.151713
14028 79.157823 10.014994 50.396079
16803 79.311348 9.910605 50.423810
1855 79.298515 9.981317 50.359444
8268 81.181236 9.810703 49.588869
9237 81.222075 9.851986 49.527124
8266 81.021348 9.941030 49.538356
10332 36.794625 30.153424 28.438403
10331 36.256241 29.251369 27.868826
1898 81.436524 5.655268 53.620815
1879 81.741682 5.527068 53.596564
1897 81.625766 5.677214 53.504226
6715 31.752261 0.000000 31.846701
12820 32.239878 0.000000 30.950193
5818 8.151806 12.239949 36.609944
601 8.092670 12.151156 35.665551
1514 64.288715 14.148135 53.693359
5569 63.588622 14.999354 53.191335
5570 63.377910 14.355160 53.941529
10047 56.239403 9.576013 62.294709
10256 55.856521 8.633405 63.429701
14486 56.848565 8.466161 63.101091
624 46.565994 0.000000 40.192119
623 45.783446 0.000000 39.917310
15055 46.284152 0.000000 39.231354
2689 80.512080 2.089714 57.652156
2687 79.925391 2.265628 57.769411
2688 79.990639 1.985342 58.017354
38 31.809668 41.704373 42.349088
37 31.221770 41.541630 42.805944
1556 31.788888 40.665898 43.398992
17222 79.833681 8.472807 51.601880
11872 79.621081 8.633718 51.547107
12533 79.621511 8.527155 51.653562
11394 79.521860 1.590650 58.646829
6924 80.036883 1.706151 58.273701
13485 79.473129 1.879310 58.382246
14549 9.737686 0.000000 90.782014
6220 9.166667 0.000000 95.416667
6219 8.831129 0.000000 91.139215
15257 73.020347 16.748735 46.724343
1125 72.790044 16.811466 46.776700
8484 53.759447 1.211614 71.907451
14779 54.331776 1.710861 71.121540
5526 53.365528 2.019100 71.296117
14175 47.829610 0.000000 60.150573
15157 21.431940 0.000000 40.612957
10276 20.504760 0.000000 40.304151
9161 20.958061 0.000000 38.111340
5832 81.167039 7.026766 52.382687
5831 80.959927 7.190512 52.322334
12715 80.885154 7.114259 52.436049
14687 46.791442 22.056946 30.740684
15802 47.563964 21.359409 30.894665
13355 46.936560 20.516664 30.300329
1756 11.544470 17.334039 67.552864
1755 11.932902 17.917271 67.310639
14979 11.873039 17.827386 65.793446
8712 42.903319 11.156289 67.380895
6246 41.175269 0.000000 51.970077
4923 41.471310 0.000000 52.001053
10336 41.290529 0.000000 52.450665
16246 46.650081 0.000000 60.916434
10851 46.137311 0.000000 61.267162
14366 46.225653 0.000000 60.519676
12399 73.506457 10.209678 53.026884
16660 73.539454 10.017986 53.202269
1231 73.789559 10.035834 53.059351
6764 78.388605 11.515857 49.278325
212 78.259712 11.515266 49.343363
16268 78.515155 11.359589 49.371474
11806 79.413725 5.977765 54.309395
11805 79.473808 6.081682 54.175332
12307 79.194053 6.112534 54.284327
9487 76.980182 6.974608 54.528327
8087 76.907539 7.149719 54.389361
8089 76.669909 7.125953 54.531967
9578 47.128796 0.000000 55.372176
15020 47.476095 0.000000 54.921067
13015 47.517088 0.000000 55.681228
10468 77.987878 13.265008 47.727788
7815 77.823176 13.275034 47.800103
1636 78.152671 13.058633 47.851973
4938 83.565740 11.260048 46.945822
11338 66.773373 20.189418 46.403706
2781 66.384554 20.321290 46.466112
2780 66.755294 19.896812 46.705644
1698 84.070535 11.004819 46.948908
11501 41.738942 36.369684 32.980576
11503 42.706797 36.631905 33.551823
4489 64.894737 26.315789 41.210526
16133 65.297678 25.669657 41.655834
16132 65.596842 25.789474 41.386316
10773 41.373277 0.000000 68.723732
13159 61.471554 19.213166 50.031844
11008 61.296877 18.553384 50.779625
11007 62.114800 18.147652 50.776800
6335 65.644503 0.000000 44.373356
10868 65.335831 0.000000 46.553600
10867 64.830914 0.000000 44.908259
5999 82.283241 0.000000 50.826530
17101 82.914771 0.000000 49.804122
14769 4.360275 6.546959 20.669658
20988 47.179923 3.552293 72.854193
15173 82.704311 1.609873 57.036362
15994 82.409735 1.381902 57.411848
15993 83.159972 1.355386 57.063273
13770 77.418420 10.271017 51.009502
13769 77.603103 10.148532 51.039768
3434 71.351804 10.632106 53.681360
5456 42.607084 0.000000 65.050343
9680 42.185210 0.000000 64.450880
10407 21.518067 0.000000 81.144060
9320 22.018845 0.000000 82.744649
6403 18.488456 27.760444 27.255851
2371 18.900751 28.379506 25.218075
6401 18.341333 27.539539 25.201988
651 6.294666 9.451451 13.786529
650 6.084241 9.135496 12.196932
10916 5.865786 8.807486 13.575261
13057 5.785894 8.687529 51.426784
17060 5.844746 8.775895 50.047389
9501 5.657888 8.495327 50.640344
11212 80.826072 8.587778 50.990598
14150 80.630994 8.728172 50.947603
11213 80.657348 8.642754 51.019929
6103 82.032802 10.934572 48.038092
14274 82.006166 11.062202 47.923653
17022 81.673429 11.199712 47.952374
5459 24.224004 2.897610 13.076906
5484 24.597029 4.257082 13.716123
20752 25.038416 1.857059 13.137609
5422 58.298385 25.775295 45.049737
2110 58.320626 24.829985 45.984872
14322 34.105419 43.082698 39.821510
16645 34.052405 44.046241 38.883510
15242 81.608610 9.003282 50.183410
14306 81.349014 9.114743 50.201635
8945 81.548837 8.952448 50.264181
6943 29.950517 10.955261 18.623360
678 29.935226 9.075461 17.989741
8851 29.172673 10.941688 18.229919
4402 44.713817 0.000000 54.264724
8168 44.443775 0.000000 54.012847
8167 44.768143 0.000000 53.665624
8701 33.668044 47.617679 32.690709
7251 78.465154 13.062732 47.691629
7250 78.295741 13.265797 47.573066
2624 28.998314 9.430777 17.639606
1361 6.341316 9.521496 66.454636
1359 6.469006 9.713223 66.885332
1360 6.600512 9.910679 65.815066
15658 83.666996 8.219906 49.938376
12897 83.531348 8.210157 50.015959
9612 83.833985 8.058254 50.016696
11923 32.132540 0.000000 26.420188
8661 32.084727 0.000000 25.319922
10897 32.641028 0.000000 26.182019
12641 39.640080 0.000000 70.557724
14067 39.288255 0.000000 71.376358
6834 39.081368 0.000000 70.620502
10100 80.046598 8.478232 51.489991
16784 80.196155 8.457284 51.436181
5296 79.962864 8.576998 51.432993
8240 87.398215 0.953274 55.346666
8239 87.404441 1.184517 55.112079
14384 86.632716 1.167799 55.514676
4352 37.616100 0.000000 34.960185
4350 38.018794 0.000000 34.174518
4351 38.229696 0.000000 35.197579
16749 37.768483 30.815782 50.269161
7753 38.355242 30.300061 50.492018
8648 38.176376 31.167283 49.713361
7605 45.457815 35.397867 41.837828
14508 45.164096 34.926933 42.456092
9272 45.811184 34.552049 42.507807
6874 5.530988 8.304786 51.797963
7129 33.818644 33.714318 28.136190
2962 33.588471 32.261932 27.537459
8999 32.850930 33.644698 27.629149
7749 13.175370 19.782838 44.993918
7750 13.129749 19.714337 46.904437
7751 13.631798 20.468166 45.598476
7452 1.901261 2.854747 7.984253
7451 1.737944 2.609525 10.243698
7903 2.513220 3.773603 12.316823
12597 0.000000 0.000000 60.869565
10430 0.498301 0.000000 60.221392
16457 0.319041 0.000000 63.642039
3977 84.177569 0.000000 43.933938
17292 72.422997 6.850862 56.930789
17314 71.940427 7.133464 56.889189
3671 71.951821 6.805624 57.211660
3173 32.715285 0.000000 25.064505
4675 32.461232 0.000000 23.732500
4674 33.149422 0.000000 24.356679
8660 31.999891 0.000000 24.184441
1953 10.258001 15.402404 49.027809
3639 10.092709 15.154217 48.843943
5292 26.087759 14.367807 17.828359
21216 26.129577 15.225946 18.135029
21203 26.492537 14.750183 18.158080
11104 2.318490 3.481216 29.132904
3803 2.424933 3.641040 32.553560
11084 44.094723 29.300795 48.622543
13746 44.676950 28.691931 48.940903
16374 44.540495 29.482560 48.217710
3580 75.514750 14.724541 47.503359
14973 75.627810 14.773725 47.397596
14972 75.291012 14.969443 47.370082
6241 76.271091 9.571494 52.283389
6242 76.070961 9.623184 52.331713
3115 46.590336 7.502625 69.194705
6273 19.731524 29.626913 40.076219
6274 19.959174 29.968730 41.756025
6272 20.281746 30.453072 39.757028
5587 62.500000 0.000000 68.750000
5585 62.834945 1.032296 67.549199
5586 61.977644 0.833453 68.176892
11459 47.597679 23.398619 31.590580
135 3.519954 5.285217 28.665017
14512 3.692361 5.544085 26.872777
136 3.306428 4.964607 26.402495
14629 31.202689 0.000000 82.130026
10492 32.236371 0.000000 80.766914
5540 31.766488 0.000000 82.668597
16561 56.032029 13.418300 58.552267
16557 56.238473 12.430747 59.437585
4072 81.002239 11.478038 48.009365
9794 80.970743 11.397313 48.105919
13551 0.936501 0.000000 8.778725
2077 1.680376 0.000000 10.864717
6409 1.180730 0.000000 13.612538
15448 10.298333 0.000000 64.972528
9018 90.784735 6.750422 47.850460
9017 89.955729 7.331364 47.683440
14149 90.021433 7.163237 47.818883
12700 59.253933 14.427475 55.931130
3623 59.419518 13.350632 56.926259
17129 60.283384 13.577148 56.267583
2294 81.677913 8.198523 50.954322
2293 81.840222 8.063793 51.008033
9683 81.918216 8.103635 50.929153
5596 78.109710 8.005388 52.931752
16275 78.290847 7.870751 52.975954
17299 78.296007 7.957085 52.886955
3965 78.973800 8.925022 51.579153
10271 78.934410 9.034066 51.489695
5769 78.759573 9.054311 51.556848
12368 77.208052 6.998390 54.390586
3013 77.143731 7.166930 54.254037
17126 32.540976 0.000000 48.950622
2865 33.414846 0.000000 48.553537
17210 88.392548 7.019214 48.777492
7492 87.763734 7.338338 48.772457
3217 88.248272 6.969664 48.899230
6660 21.753361 13.799034 15.471759
3711 22.380555 14.619467 16.058560
10629 23.023764 11.991724 15.505126
3805 2.559993 3.843834 35.868354
4124 2.304781 3.460632 38.239010
15702 2.687982 4.036009 38.976224
7359 49.680220 0.000000 42.001031
4057 50.022100 0.000000 40.821952
4056 50.435272 0.000000 41.702836
14826 18.597572 0.000000 79.115335
14612 18.158683 0.000000 82.268000
1821 38.045995 44.135200 36.797667
13084 38.620872 43.098742 37.547723
7502 38.648019 43.754750 36.877486
9569 83.808817 4.291552 53.799748
8977 84.098570 4.156101 53.790457
21572 84.001282 4.256976 53.738126
16811 38.721430 34.576931 46.027777
9071 38.265678 35.271378 45.560511
14998 38.293403 34.553656 46.265089
11336 76.315125 10.429397 51.402611
9057 76.278136 10.372204 51.478356
9021 49.819120 0.000000 71.919238
2263 49.014222 0.000000 71.969002
2262 49.451597 0.000000 71.110014
10911 37.624307 13.952307 67.221588
11595 78.936093 10.941768 49.579243
11594 78.744625 11.009237 49.607441
5462 71.736851 0.703334 63.427537
17219 72.061785 0.378265 63.590465
8246 29.317392 3.204982 15.725955
2061 28.465517 4.901959 15.865111
854 29.177217 5.225082 16.328561
278 19.920206 3.012971 10.963422
279 18.555486 6.635619 11.487404
277 20.339988 3.555998 11.354141
7550 37.205340 15.452741 65.929136
1681 31.347875 0.000000 34.397151
14774 31.193939 0.000000 32.765404
6716 32.111388 0.000000 33.579388
4382 79.515245 10.660657 49.571060
3593 46.908291 0.000000 52.409019
3065 47.332817 0.000000 52.329253
3064 47.105675 0.000000 52.969107
6007 88.281500 4.837325 51.017087
6008 88.456665 4.630253 51.136784
4878 88.963096 4.576158 50.937719
8468 60.658444 18.315792 51.336670
15473 60.495952 19.396253 50.336375
6939 36.390813 0.000000 21.222532
6937 37.362845 0.000000 22.077987
12971 26.790968 4.667207 81.932642
6791 27.569662 4.909947 81.300312
6860 26.769829 6.244496 80.364346
13796 45.300786 0.000000 57.784645
13797 45.499202 0.000000 57.248710
4933 57.436920 0.000000 53.223471
6955 57.328916 0.000000 51.260496
4931 58.225084 0.000000 52.125299
13520 9.751918 14.642519 29.223167
11630 9.732432 14.613261 30.329395
12736 9.971569 14.972326 29.446217
8236 43.954931 0.000000 56.302460
10343 43.692916 0.000000 56.723762
11225 43.649393 0.000000 56.208184
13949 55.885295 20.679940 34.829068
6138 55.939921 23.733025 35.873058
13948 56.789059 23.214357 36.124910
14884 73.587788 7.335252 55.863518
13656 73.205283 7.301795 56.088262
10802 73.646047 7.053094 56.116830
17228 34.451303 0.000000 54.953011
7125 34.047046 0.000000 54.165802
6288 34.887710 0.000000 53.789803
12631 43.034839 0.000000 24.874714
9773 42.269997 0.000000 24.039452
1752 43.337462 0.000000 23.891050
2111 59.309459 23.879695 46.441696
21222 58.837648 23.766569 46.790840
21233 59.506439 23.198595 47.024987
21228 57.868749 24.650050 46.390925
21229 58.305993 24.261299 46.561443
11732 46.641065 36.460459 40.182548
8247 47.025459 36.891332 39.559047
8249 46.202251 37.466069 39.395339
6028 76.694369 10.840309 50.801667
17276 76.777045 10.879848 50.720750
16257 76.563017 10.980185 50.727326
11534 50.261649 27.098683 34.154686
12512 50.587524 25.521761 33.792508
1510 49.738726 25.565692 33.382738
10342 50.437972 0.000000 39.537519
14567 9.857935 14.801704 25.997811
12153 10.209235 15.329181 25.837967
16875 10.017295 15.040983 24.619193
1919 10.908605 16.379287 43.634250
2655 10.591014 15.902424 43.873461
2657 10.709922 16.080964 44.841323
9732 20.011947 0.000000 56.920400
5637 20.448692 0.000000 53.657453
8059 86.721920 0.000000 55.038389
8060 86.666667 0.000000 56.666667
8058 85.938672 0.000000 55.569885
7352 5.001191 0.000000 28.694648
2573 5.391137 0.000000 24.678189
16065 6.007662 0.000000 29.736759
10255 54.764741 8.675415 63.933539
14014 54.754926 7.454784 65.160298
3842 49.623715 0.000000 48.666009
8893 49.825767 0.000000 49.445498
8892 49.306457 0.000000 49.466588
16011 70.580546 19.129795 45.560802
4415 46.276318 0.000000 70.812060
4623 45.823025 0.000000 70.524664
4416 46.310805 0.000000 69.986766
2520 77.277091 12.537480 48.811438
3874 77.122937 12.561390 48.864581
2521 77.315218 12.442799 48.887150
8770 37.894520 0.000000 24.468117
3366 35.936578 22.224121 25.368922
6599 35.899527 20.875758 24.901391
14220 28.857554 14.090847 19.121029
1274 29.794418 26.077912 23.581154
1275 30.527686 26.274605 24.013286
10960 75.619028 8.348728 53.833409
10961 75.637207 8.470416 53.702510
2805 31.327466 12.202986 19.727327
4996 32.245771 12.167194 20.174561
12243 31.859609 10.459667 19.412874
7345 38.181572 37.593206 43.278415
8833 47.609485 15.546157 60.633554
8499 48.044750 16.328165 59.633132
6082 47.099776 16.605659 59.827847
9577 56.634756 10.511730 61.160380
9576 55.549914 10.736085 61.478222
5680 54.416584 0.000000 29.278300
7510 54.039061 0.000000 30.437965
5055 83.762159 7.771303 50.339846
5056 83.461923 7.928344 50.332766
13756 88.489693 7.088363 48.659702
14188 88.006388 7.440930 48.548435
13754 87.891308 7.390034 48.656923
13519 27.821335 33.840298 52.215195
13911 28.764752 32.965908 52.618750
14078 28.598516 34.204853 51.461685
3621 45.543010 27.566164 31.951037
14897 46.167965 26.681821 31.969029
3619 45.615353 25.863173 31.420113
16289 25.748188 13.468579 17.359131
16215 26.192226 11.651623 16.976103
1204 77.378407 7.179533 54.124084
1203 77.670629 7.027188 54.130470
3587 77.610509 7.189648 53.997908
2405 74.839225 5.156006 57.419226
6178 7.513186 11.281060 27.319488
15407 7.517816 11.288012 26.313504
10008 78.953726 11.195391 49.316550
10007 78.955528 11.280430 49.230525
1068 8.121548 12.194517 41.531402
9007 7.909423 11.876010 41.689808
12521 8.016459 12.036726 42.524851
5312 41.664086 23.921419 28.797876
6817 42.736219 23.714773 29.265129
4505 42.219609 22.395646 28.567555
3263 3.907608 5.867279 74.452347
17164 4.085535 6.134437 72.294188
13332 67.663301 0.000000 47.854181
1870 67.575898 0.000000 50.254984
4993 66.801942 0.000000 49.242838
14532 46.628771 20.016096 56.649503
15500 46.775008 19.107786 57.485602
9333 47.394626 19.343590 56.939753
11248 83.453962 10.400748 47.861871
17335 83.714620 10.297540 47.834852
7717 83.466290 10.493644 47.762717
35 87.527941 5.786806 50.443437
33 87.613240 5.604414 50.583362
34 87.973292 5.515656 50.492182
11564 28.830931 36.495749 49.052290
9604 29.678870 36.466917 48.657182
8978 84.641798 3.998460 53.676642
5064 84.854451 4.050875 53.517849
8976 84.485757 4.161785 53.591175
11238 75.538564 15.312409 46.902997
12926 75.663194 15.102697 47.050603
8330 75.906440 15.005538 47.026236
3601 5.609886 8.423252 62.146449
1668 33.899620 31.035613 51.983542
6980 34.349736 30.357381 52.437393
6979 34.453687 30.996457 51.745703
6756 85.759891 2.345198 54.772511
1292 85.439162 2.227104 55.051088
10950 86.113851 2.096058 54.844921
6051 52.499807 14.438406 59.297252
7988 52.132316 13.592263 60.327987
6049 53.122354 13.305854 60.119663
12107 6.290340 9.444955 16.236828
4690 6.475600 9.723123 15.255639
4689 6.106907 9.169530 15.024063
10249 18.705498 28.086333 60.002355
10248 18.201523 27.329615 60.471464
5385 18.329558 27.521858 61.875997
9037 76.734820 8.940494 52.683156
1451 76.758651 9.033719 52.577922
9036 76.536797 9.087186 52.635328
16168 28.712559 0.000000 44.743064
9385 28.377834 0.000000 47.024717
9951 27.655785 0.000000 45.170293
16609 0.719967 0.000000 64.677677
10752 89.638237 3.066339 52.111476
10753 90.498524 2.667084 52.080987
10754 90.341325 2.914231 51.912192
16044 8.895706 13.356916 39.571774
15767 9.054216 13.594919 39.671730
12278 9.019075 13.542154 38.893440
10661 17.558755 26.364498 38.065075
10662 17.890640 26.862824 36.120705
10660 17.351643 26.053517 36.462355
11978 83.678377 6.411423 51.742978
1831 83.438811 6.541392 51.732661
2691 83.432501 6.461906 51.815382
14340 33.114287 34.881385 28.172645
14339 34.060862 34.987213 28.681173
10786 39.373373 1.489561 78.822264
15879 38.438523 1.531435 79.247772
15809 39.166667 0.000000 80.416667
1770 22.811388 0.000000 13.845955
2020 22.933064 0.000000 15.859017
2019 22.125584 0.000000 13.751730
9630 62.846792 3.262566 65.310775
2257 61.992579 3.191110 65.809410
9628 62.564391 2.495220 66.220089
6161 76.449825 9.414441 52.351232
8862 44.475405 0.000000 67.280447
15907 45.092416 0.000000 67.368410
4520 44.595046 0.000000 68.141300
17166 79.186569 9.927031 50.469758
10751 38.718487 35.293593 45.311870
9736 39.162561 35.346392 45.036981
10750 38.682029 36.043673 44.579268
979 18.500000 27.777778 62.944444
980 18.791893 25.170431 65.408452
978 19.447327 25.735073 64.515528
5932 3.330216 5.000325 44.441471
2695 3.157458 4.740927 46.919339
2697 3.562762 5.349492 46.416815
3490 6.500308 9.760222 47.280214
3489 6.285220 9.437268 46.930345
15435 37.128462 13.223826 68.198719
7549 36.769716 14.531948 67.068662
512 84.128235 8.097145 49.830641
16271 83.829865 8.311186 49.765570
15659 83.776460 8.248700 49.854821
15596 81.823563 6.985823 52.095410
6983 81.911033 6.844960 52.192679
10305 82.116053 6.848018 52.087107
6113 81.015581 11.086976 48.394146
10760 80.989088 11.202245 48.292008
9542 80.725878 11.307279 48.318475
10828 22.013281 33.052975 39.537591
4746 22.484976 33.761225 40.040616
7607 22.480093 33.753893 37.944154
12005 77.191431 11.491308 49.901485
12934 77.355093 11.477185 49.833791
7399 24.307413 0.000000 65.823163
7398 23.666195 0.000000 64.978847
13559 24.286731 0.000000 63.429367
16016 5.715318 8.581559 41.172074
16539 6.847477 10.281497 27.010723
15 6.767079 10.160779 27.966224
17 6.983870 10.486292 27.808522
14795 7.020353 10.541070 26.979808
5022 0.000000 0.000000 78.260870
16266 82.844280 0.795528 57.781537
3818 83.602303 0.859720 57.338269
13532 82.891172 1.091173 57.462150
21294 10.739773 16.125785 30.392664
5185 87.984057 1.928841 54.077202
5140 88.106266 2.092386 53.852389
6708 87.527732 2.147628 54.086358
5355 7.854947 11.794214 26.639210
5354 8.034704 12.064120 26.168241
15738 7.843401 11.776878 25.753380
6299 5.174633 7.769719 72.261549
6298 4.981688 7.480012 73.611480
8009 5.246618 7.877804 73.565010
17179 43.584316 37.769548 34.369417
10712 42.658093 38.191715 34.046888
12041 70.390766 7.228589 57.568800
15566 69.630041 7.345792 57.831841
12040 70.242691 6.819897 58.051937
3825 42.895510 31.104615 31.805592
9973 42.620059 32.579743 32.159084
7244 43.537561 32.270883 32.514984
12552 79.159642 0.000000 44.834067
5320 58.712071 12.056866 58.575042
3624 58.581956 13.122161 57.573739
3841 49.279655 31.385433 35.091177
455 48.377869 31.379520 34.638314
3840 48.983834 32.731392 35.391471
9008 8.016577 12.036902 40.727251
15104 77.109187 8.434518 53.002453
12692 76.950779 8.552806 52.963252
12105 76.906501 8.480947 53.057321
11004 79.511317 11.084823 49.148434
13915 79.258000 11.218467 49.141314
14072 79.412607 11.059692 49.222944
8248 46.703938 37.869080 38.741082
9600 79.144347 9.550107 50.868170
3610 78.942960 9.634702 50.884184
9601 79.094917 9.503776 50.939262
16233 10.087001 15.145647 37.245854
17323 10.331165 15.512260 36.939773
15921 10.189113 15.298968 36.238398
5803 4.849663 7.281777 72.656715
8127 41.557793 31.176546 48.013381
16077 41.500473 31.907446 47.310410
15770 41.052404 31.829032 47.612937
3838 66.727311 0.000000 51.849322
3185 2.560556 0.000000 4.902496
2076 2.131051 0.000000 7.855496
3184 1.820665 0.000000 3.792292
1943 38.674759 31.998569 29.992903
7322 39.257899 30.556973 29.804422
7952 32.707475 23.160422 24.066158
7951 32.962203 21.712095 23.711229
14063 32.153715 22.492037 23.566706
7099 7.175920 10.774655 28.502969
17086 20.854399 31.312912 31.642854
3703 66.513260 16.207171 50.519992
13067 67.134334 15.787139 50.629907
9233 86.666667 0.000000 43.333333
21661 86.269488 4.974751 44.791336
21671 86.633190 5.220850 45.055138
7414 50.660312 0.000000 61.012694
3264 50.132716 0.000000 61.526663
9423 50.118837 0.000000 60.663218
13990 29.481132 0.000000 83.613757
7335 28.333333 0.000000 85.833333
14204 6.265202 0.000000 92.846284
15224 5.424255 0.000000 92.959782
9212 5.933035 0.000000 88.732541
12365 0.591842 0.000000 34.605633
8639 0.996808 0.000000 38.373042
4461 80.281553 7.864880 51.986478
1366 80.334670 7.928245 51.896491
4460 80.122428 7.997266 51.933523
7116 17.752419 0.000000 85.184793
7115 17.347310 0.000000 87.862470
4366 16.714047 0.000000 86.485457
3089 49.320405 0.000000 61.222696
16627 48.810090 0.000000 61.301851
6451 49.077094 0.000000 60.582326
16175 76.272356 13.123626 48.727072
3149 40.774693 38.456496 33.193360
14132 40.298818 39.764463 33.390975
14133 41.417500 39.742841 33.943116
8930 86.076629 0.000000 50.141100
8929 85.562722 0.000000 49.701974
4201 86.123413 0.000000 48.967524
9295 48.951425 35.254275 36.215386
9294 49.578431 36.531911 36.954342
13605 49.889715 35.416351 36.738502
17325 77.977094 6.111493 54.893849
1029 77.850298 6.283992 54.784575
2445 77.665268 6.223600 54.937543
14956 24.481556 10.010322 77.738890
798 23.566477 10.457893 77.748410
6542 12.644915 18.986358 19.660191
8733 12.211110 18.335001 19.040081
8732 12.262773 18.412572 20.928932
7724 41.507257 0.000000 43.882303
11789 42.129089 0.000000 43.933934
13715 41.729357 0.000000 44.765673
12956 64.780209 4.195383 63.410318
3340 64.864556 5.022536 62.540163
10105 83.249139 4.998899 53.371532
9955 82.975950 5.135675 53.371214
9954 83.013670 5.017729 53.470418
16928 43.896583 7.591719 70.452398
5095 44.823004 7.540121 70.040836
14269 44.121055 8.757492 69.173223
12696 48.645594 0.000000 31.071955
11193 49.589605 0.000000 30.525830
5657 49.410535 0.000000 31.724119
3245 54.745030 0.000000 64.694713
3247 55.541966 0.000000 64.218341
13375 55.478950 0.000000 65.509947
7180 9.801971 0.000000 33.491375
7226 8.930422 0.000000 34.852521
7181 8.991799 0.000000 31.128707
2861 7.009983 10.525500 33.770692
2860 7.230456 10.856541 33.847039
4445 7.084111 10.636803 32.895697
13471 3.076674 4.619630 56.780111
10605 3.401417 5.107232 55.783061
2464 3.208148 4.817039 54.633773
7968 46.603625 30.800232 45.867155
7970 46.232099 31.645814 45.206490
1862 45.982603 31.223126 45.754349
13441 70.914426 15.814081 48.712892
2430 70.700456 15.826507 48.807438
14557 71.005175 15.610337 48.871465
15206 68.303901 16.518924 49.312607
15207 67.885510 16.513697 49.527034
10405 21.877808 0.000000 78.641177
3409 38.214737 46.315789 34.530526
8376 37.968564 45.334482 34.080664
13835 37.054121 46.110720 33.881930
6149 1.529829 2.297041 60.992150
2676 1.186684 1.781808 64.348632
6704 1.520922 2.283667 64.300763
5916 77.406113 10.442732 50.843769
11226 77.556196 10.401906 50.809594
7741 77.429973 10.493633 50.780887
4679 83.953144 2.834509 55.186085
8100 83.601422 3.001927 55.194360
9798 83.553133 2.844388 55.376202
10826 35.015270 0.000000 77.059678
10827 35.651573 0.000000 76.170128
6550 35.727692 0.000000 77.031968
3571 38.629682 0.000000 37.575487
3570 38.179065 0.000000 36.744399
8756 38.781746 0.000000 36.555731
7363 0.390895 0.586930 65.207413
11307 0.364933 0.547947 61.175725
16588 0.000000 0.000000 65.217391
8853 29.241170 12.433982 18.761101
5870 29.947283 12.561144 19.156502
10507 74.587865 17.844571 44.843652
15464 74.684699 17.923640 44.716087
2869 74.225600 18.232270 44.636697
12732 8.112665 12.181178 43.343159
1069 8.250510 12.388152 42.376504
8749 82.426576 4.897915 53.883899
8748 82.172528 4.938341 53.970457
4205 80.027054 10.113917 49.862442
4204 80.183505 9.990085 49.908172
9946 80.215390 10.044883 49.837377
2216 91.684706 5.032524 49.120090
6287 91.005625 5.485913 49.005788
6286 90.932075 5.387853 49.140722
3057 54.391562 2.607488 28.064075
8360 54.074074 0.000000 27.037037
1174 30.263764 0.000000 23.487528
1173 29.595530 0.000000 22.098259
14370 30.374020 0.000000 22.206463
925 8.599230 12.911757 73.373055
14646 8.316937 12.487894 75.334689
12165 8.753755 13.143777 74.403400
12638 40.002753 0.000000 47.785792
17174 40.703527 0.000000 47.604058
12639 40.447280 0.000000 48.678014
16193 39.110264 36.087234 44.321546
9781 32.359468 14.155230 20.893425
841 32.653718 15.570201 21.511736
843 33.361916 13.788888 21.272658
10668 32.710975 0.000000 30.247602
12164 33.231020 0.000000 29.884967
10873 33.229237 0.000000 30.782148
3947 34.648468 0.000000 75.546441
15070 34.140666 0.000000 75.181722
14085 34.795400 0.000000 74.478198
14429 68.286186 21.215887 44.619804
13964 68.839936 20.829072 44.730130
10 3.180675 4.775788 42.192082
9 2.972270 4.462867 44.521558
16458 50.000000 0.000000 75.000000
6736 50.232822 1.177006 73.705406
12846 49.373948 1.189358 74.122479
10782 60.808743 4.702540 64.888386
10784 61.417678 3.928417 65.358815
4871 61.714214 4.727098 64.411068
6248 56.492518 26.216275 45.511250
21223 57.372327 25.472955 45.815408
1429 13.987612 21.002420 47.071729
13115 13.470361 20.225767 48.014527
12192 42.673916 42.531343 36.089168
10624 43.129474 42.631579 35.761053
16184 42.427368 43.157895 35.585263
9416 55.492486 16.802834 55.434120
9420 54.718460 16.511209 56.113050
13711 55.688998 15.656086 56.483759
11922 33.470006 0.000000 53.148696
14500 33.723488 0.000000 51.448380
1140 46.273513 0.000000 59.704392
16379 45.839685 0.000000 60.208649
6617 81.581225 3.900079 55.305408
2139 81.558080 3.896920 55.320143
2138 81.593163 3.884232 55.315302
12578 31.069960 0.000000 53.253307
15953 31.729537 0.000000 54.514753
7076 22.500000 33.783784 22.500000
3306 22.950000 34.459459 22.950000
7075 23.308706 33.913962 22.947702
4304 9.110559 13.679518 27.197305
9476 8.879296 13.332276 27.270373
4303 8.993138 13.503210 28.035760
12593 22.908362 0.000000 65.629116
12592 23.330177 0.000000 62.891245
8889 50.473652 0.000000 69.554629
14328 50.730539 0.000000 70.389679
8890 49.950647 0.000000 70.284746
952 78.413760 7.536480 53.249103
3951 78.684582 7.459683 53.190566
3950 78.462256 7.626982 53.134263
2409 73.117294 11.775080 51.654498
16205 73.369818 11.544167 51.759379
16683 73.414721 11.686621 51.594332
11608 52.806553 34.621665 38.940437
4861 52.958947 35.263158 38.222105
12144 5.456745 8.193310 71.864922
16728 5.380759 8.079217 70.871077
6475 9.310540 13.979789 46.457420
6476 9.273995 13.924917 45.717879
3994 69.183888 0.000000 47.583444
1871 68.366296 0.000000 48.797014
3992 68.504177 0.000000 46.523287
17093 76.629445 14.332587 47.338358
10062 76.337430 14.546140 47.270599
4744 39.357300 0.000000 45.562734
11782 82.252924 11.208226 47.654103
4297 18.305990 0.000000 49.563111
4295 17.427780 0.000000 49.491272
4296 17.737144 0.000000 46.295585
360 5.037009 0.000000 79.414318
8599 4.598947 0.000000 84.004948
8601 4.187452 0.000000 79.885658
3331 28.671145 0.000000 25.774299
14386 38.992382 44.619909 34.354620
14388 37.752741 44.204733 33.596547
7556 40.398742 0.000000 57.056270
7557 40.094274 0.000000 56.734466
7555 40.494918 0.000000 56.415914
8869 4.434925 0.000000 68.098564
12686 3.829710 0.000000 64.652295
1663 74.507754 8.419160 54.318544
15199 74.461725 8.636057 54.124445
12077 74.243665 8.586292 54.283289
5048 35.207585 39.063468 43.293676
5047 34.965138 38.764928 43.713738
12024 35.425026 38.425752 43.823309
989 43.156232 0.000000 56.362148
988 43.118236 0.000000 56.865246
16022 42.864604 0.000000 56.617403
16815 52.051114 3.058377 70.913008
9440 51.462936 2.440174 71.825918
5525 52.458732 2.139964 71.628530
10085 51.050607 0.000000 71.181768
3377 51.396726 0.000000 71.934939
10582 50.621408 0.000000 71.914995
16045 71.855953 13.189460 50.869374
2161 71.981868 12.952635 51.043479
5366 72.135986 12.994420 50.924592
6185 45.148745 0.000000 56.084596
5493 45.467470 0.000000 56.266386
15786 45.172877 0.000000 56.504963
39 9.845905 14.783640 50.832097
40 10.064950 15.112538 50.970418
41 10.040223 15.075410 49.823375
14443 67.942544 20.256777 45.751694
15649 67.696575 20.717812 45.413183
2372 19.475808 29.242954 25.045391
17203 19.132903 28.728083 26.858993
17283 19.704897 29.586932 26.645871
7716 70.331481 1.781917 63.050561
6734 69.339174 1.899759 63.428755
7715 69.696855 1.317737 63.832518
2858 28.665582 0.000000 38.295154
2857 28.986037 0.000000 36.496035
8938 29.792149 0.000000 38.088649
3972 41.675172 0.000000 56.551345
6005 41.547009 0.000000 56.087650
7937 41.828847 0.000000 55.953274
2277 55.642068 0.000000 44.618196
2276 55.019526 0.000000 46.239042
14871 54.770619 0.000000 44.673852
7878 65.483623 0.000000 36.781974
7836 65.745925 0.000000 38.658407
6195 64.916116 0.000000 38.695520
11361 31.721561 0.000000 18.146927
11363 31.074600 0.000000 16.716768
3558 31.947492 0.000000 17.212051
671 37.041224 0.000000 47.365811
6208 36.704362 0.000000 46.254335
16019 50.429176 0.000000 50.228616
5906 50.180710 0.000000 50.901424
14315 49.995513 0.000000 50.191339
6792 28.415457 3.421606 82.367244
6793 28.379264 5.246931 80.558190
11119 78.823642 8.362518 52.217299
9386 78.590551 8.440382 52.255902
7589 78.755316 8.293916 52.320133
1794 46.701626 0.000000 57.336029
9306 46.397139 0.000000 57.117187
16635 46.707733 0.000000 56.773225
10516 42.241900 0.000000 46.705129
10515 42.649266 0.000000 45.865753
8339 42.858300 0.000000 46.697217
8919 76.857007 12.307651 49.251538
12481 76.852584 12.217587 49.343903
9307 77.085745 12.128469 49.316530
5825 32.675507 30.293558 26.425508
3415 33.465601 30.055907 26.741418
5404 47.162315 1.511009 24.084323
20753 47.407407 0.000000 23.703704
20887 46.807607 0.863292 23.691280
14400 4.626892 6.947286 6.561179
10399 4.214842 6.328592 5.311112
16701 18.741896 28.140985 33.901100
7378 18.534746 27.829949 32.643763
16057 18.221183 27.359133 34.172040
12557 80.442088 5.185856 54.587914
7579 80.162069 5.219188 54.694558
7578 80.388171 5.075822 54.725017
3656 2.697956 0.000000 96.897732
6605 4.166667 0.000000 97.916667
2142 8.212847 12.331602 34.216666
8233 8.047788 12.083766 33.809534
600 8.056384 12.096672 34.756659
17235 60.653630 9.116570 60.547499
13674 90.101240 1.620100 53.327660
15372 90.136822 1.763159 53.166667
13436 89.482147 1.807722 53.449397
11384 26.081036 30.278087 23.123121
10690 26.632914 30.632474 23.517071
8772 26.803764 29.674955 23.283642
15689 7.762370 11.655210 59.971669
13265 7.932787 11.911091 59.419523
15940 7.747383 11.632708 59.308767
7734 94.705713 0.000000 49.462202
2418 95.550882 0.000000 50.403790
698 39.535140 0.000000 22.053708
2246 40.522994 0.000000 22.577050
699 39.843692 0.000000 23.019651
13807 40.800372 26.510579 53.062724
16351 40.076429 27.016393 52.918377
13808 40.501777 25.944989 53.778177
5211 81.994276 10.016575 48.976271
9339 82.268991 9.851037 49.004617
5210 82.145767 10.000347 48.916769
11359 8.632100 12.961111 34.378930
11044 8.571059 12.869458 35.079161
9547 8.772183 13.171447 34.851477
16201 0.959518 1.440718 28.189962
16851 1.104990 1.659144 32.073452
9672 1.315704 1.975532 29.747817
9289 77.038611 14.524635 46.941535
13198 76.928686 14.442237 47.078977
9290 77.324471 14.210409 47.113145
6139 55.078505 24.198919 35.597493
4087 54.092028 24.541738 35.218413
4086 55.088397 26.843497 36.483083
11729 10.574046 0.000000 31.608671
13381 10.881852 0.000000 36.355245
3747 28.249884 0.000000 62.908002
7648 28.789321 0.000000 64.455377
15703 27.812936 0.000000 65.212461
12776 57.646442 21.680359 49.474740
2047 57.572989 22.676988 48.513841
753 56.781406 22.705339 48.881253
16543 8.229931 12.357253 30.478661
11437 8.073666 12.122622 30.838961
16625 8.243425 12.377515 31.270997
5098 83.191851 10.814137 47.579123
3609 83.234597 10.690975 47.681036
7719 83.491871 10.559061 47.684444
7572 37.183323 0.000000 75.325387
5025 37.671126 0.000000 74.035356
3552 38.079990 0.000000 74.764933
5158 46.856396 0.000000 48.120931
5159 47.205521 0.000000 48.664166
5160 46.705255 0.000000 48.942256
1795 15.920614 23.904826 61.026047
5040 16.459155 24.713446 60.219028
4599 20.332166 30.528778 30.953128
3056 19.834727 29.781873 30.391673
13025 19.793574 29.720080 32.384861
16970 19.432437 29.177834 31.658491
173 47.630605 2.815075 24.752723
15219 48.148148 0.000000 24.074074
17186 29.382035 3.735967 81.569279
14253 29.089419 5.749983 79.699558
4635 83.531091 4.865535 53.364054
15077 83.473106 4.989982 53.268475
7910 71.102399 0.000000 37.582349
7911 70.358311 0.000000 37.102340
7909 71.111111 0.000000 35.555556
6176 69.628494 20.940782 44.224030
12868 21.474681 32.244265 55.096840
16390 21.274923 31.944329 53.333037
2119 43.522236 0.000000 30.641262
124 44.407615 0.000000 30.817676
123 43.843398 0.000000 31.722165
1631 41.074569 0.000000 75.603826
1632 40.234413 0.000000 75.871723
1633 40.811139 0.000000 74.859502
17176 13.159589 19.759143 22.124560
21296 13.287979 19.951921 23.540165
21297 13.500182 20.270543 22.415602
16587 12.789052 19.202781 23.877423
21346 12.914576 19.391256 25.007948
21338 13.082378 19.643210 24.679331
3231 89.848389 5.292207 49.778307
3230 89.275320 5.671057 49.685612
16775 89.325439 5.517803 49.813960
8562 27.670951 4.862236 15.454600
1122 26.790684 4.754983 14.978751
3995 26.771136 7.045167 15.731609
11636 38.377681 17.736631 25.095139
10003 38.587785 19.033745 25.632130
10005 39.056805 17.936655 25.501309
3188 19.028571 28.571429 61.885714
10861 19.557143 29.365079 60.826984
3186 19.255737 28.912518 59.771153
14957 79.828905 11.308965 48.765273
8325 79.978035 11.141331 48.858510
14958 80.112594 11.145495 48.787062
7585 77.118901 8.644502 52.787404
14515 77.116751 8.534520 52.898570
14496 77.332771 8.495555 52.829564
16314 35.677963 6.779631 20.096599
13761 36.308340 5.107752 19.855051
5589 35.283742 5.240978 19.387117
7558 68.573398 17.109690 48.586502
10364 68.917970 16.985117 48.538913
7559 68.639676 17.320416 48.342426
12001 25.289030 0.000000 81.755193
12000 24.280439 0.000000 82.767803
12681 24.757130 0.000000 79.744926
16472 86.432994 0.000000 51.060325
14126 85.625507 0.000000 51.228864
3383 39.998426 0.000000 54.648563
2756 39.862682 0.000000 55.484564
3382 39.510240 0.000000 54.955240
2732 78.054307 15.140866 45.816840
2440 78.482123 14.789738 45.954411
2439 78.511038 14.905858 45.823717
3945 74.572201 10.888033 51.814978
12155 74.564827 10.767541 51.939278
5407 74.772897 10.729082 51.873741
14107 78.307543 10.875520 49.959833
7219 78.235471 10.988038 49.883239
15854 78.113844 10.998634 49.933445
5708 14.863995 22.318311 20.669145
21298 14.445405 21.689797 20.237307
16435 14.362920 21.565946 22.002492
9238 83.250299 3.669245 54.701936
11043 83.268301 3.510604 54.851735
4828 83.668384 3.504882 54.657421
13924 77.723310 13.959194 47.165192
862 77.563077 13.945610 47.258906
861 77.941137 13.705750 47.309975
6663 3.888854 5.839120 19.831318
11754 3.852333 5.784283 21.819170
11738 51.476535 0.000000 30.721272
12476 51.075117 0.000000 31.950198
11194 50.439375 0.000000 31.036153
9299 56.904737 0.000000 65.504026
97 56.494408 0.000000 63.855925
11100 57.597541 0.000000 64.569278
11780 10.084210 15.141456 51.997917
16069 80.309237 11.263687 48.570431
15934 80.129074 11.301425 48.622736
1126 28.925945 0.000000 57.036823
6545 28.751996 0.000000 59.331591
11586 27.828783 0.000000 58.165546
9292 0.780096 1.171315 16.741918
9291 0.991953 1.489419 14.673400
2909 0.475291 0.713651 11.408576
400 75.264155 16.810180 45.540932
3252 75.035207 17.113403 45.351880
401 74.822869 17.150914 45.420501
6164 40.361945 0.000000 31.953796
11237 39.741275 0.000000 32.408715
2069 75.905250 13.879967 48.153528
2073 80.486644 11.301427 48.443950
15283 80.207420 11.508503 48.376279
7249 49.634674 28.774721 46.379167
14432 50.495713 28.246571 46.477326
8974 49.982576 29.350320 45.629042
9506 10.427558 15.656994 54.428829
9504 10.146198 15.234532 54.189355
9505 10.166986 15.265745 55.200470
14513 18.569239 27.881740 58.529638
14468 18.401948 27.630552 57.080650
16536 18.061822 27.119853 58.973972
7524 81.594075 3.907185 55.291870
7523 81.574832 3.917691 55.290976
6618 81.571942 3.910570 55.299549
12369 50.441038 34.447336 36.691482
21162 51.018674 35.297732 37.263482
12312 38.272643 16.289672 24.560782
13400 39.032430 16.708456 25.080131
7467 82.269109 8.679022 50.177744
5004 82.033734 8.763317 50.211053
13074 82.240607 8.608512 50.262576
150 73.920882 15.459852 47.564247
15665 73.811089 15.422941 47.656092
12006 74.063612 15.262748 47.690183
15154 75.024186 0.000000 61.480117
13390 40.186473 0.000000 79.233702
8288 14.247663 21.392887 60.398154
5938 13.810596 20.736631 59.036057
8289 13.703879 20.576395 61.788033
16932 75.887892 8.173361 53.874520
5449 76.133533 8.166017 53.759051
5448 75.864775 8.328508 53.730776
17025 43.942452 0.000000 46.960071
13509 43.405463 0.000000 46.785164
5973 43.819817 0.000000 46.077116
16734 78.976455 2.989489 57.519294
8474 79.305064 2.727145 57.617596
8621 79.480098 2.938040 57.318973
11572 79.967889 10.014901 49.991139
17190 79.834145 10.131054 49.941742
10448 79.771197 10.092340 50.011969
5930 72.102013 17.322297 46.609374
5929 71.924660 17.595967 46.424107
16114 71.731366 17.588510 46.528218
4929 78.826347 11.510072 49.065245
6614 78.589901 11.638060 49.055351
8540 78.727684 11.468800 49.155889
902 28.704160 0.000000 83.602870
7336 27.500000 0.000000 86.250000
6755 44.613647 0.000000 51.949449
11969 44.658202 0.000000 52.534635
1778 81.431919 7.983379 51.292679
1777 81.492126 8.040621 51.205276
12500 81.258307 8.124429 51.238294
17208 41.506786 0.000000 53.750071
5519 41.530391 0.000000 53.261014
2497 80.603466 9.553140 50.135574
17003 80.683860 9.435625 50.213009
2498 80.853124 9.418769 50.145251
13090 6.084355 9.135668 81.085541
2415 5.730232 8.603952 81.350555
6519 82.094466 9.882691 49.060193
6310 82.385102 9.700472 49.097276
5291 25.334549 17.133752 18.372814
21158 25.651597 15.759013 18.073550
21159 24.983857 16.567363 18.008860
7843 7.828620 11.754685 27.540206
16317 7.993546 12.002322 28.220552
2516 8.033614 12.062483 27.180092
16858 20.112665 0.000000 80.265853
10832 20.570555 0.000000 77.493312
12654 21.029569 0.000000 79.422890
9197 4.292846 6.445715 30.895049
6125 3.937044 5.911477 29.337389
9198 4.008461 6.018710 31.901702
9169 45.255327 0.000000 51.156836
17217 37.688081 31.594644 29.365057
11678 37.805093 32.943864 29.872853
11730 11.376958 0.000000 29.982701
1727 12.294745 0.000000 32.914904
1726 11.431852 0.000000 33.495704
13791 76.465493 10.415717 51.341120
11035 58.793478 11.057332 59.534872
21055 58.696790 10.391397 60.249817
21067 59.053428 10.520509 59.942257
13749 74.018072 7.102042 55.881820
4648 8.991370 13.500555 69.420404
13800 8.903756 13.369002 71.396058
16338 39.635636 39.112601 41.030469
13077 39.728059 39.530855 40.565585
6516 39.292761 39.864550 40.449205
10596 78.655900 6.788714 53.876547
10598 78.614124 6.923713 53.762302
14031 78.401840 6.912916 53.879251
5634 75.089453 16.120674 46.318479
16333 74.989854 16.073161 46.415839
1964 75.338375 15.853230 46.461729
1489 9.514286 14.285714 80.942857
1488 10.042857 15.079365 79.884127
9217 9.390483 14.099824 79.468208
20992 3.333333 0.000000 98.333333
7021 77.675069 7.679966 53.474819
7022 77.395919 7.797574 53.496668
7023 77.452006 7.662483 53.603852
20754 4.500000 6.756757 4.500000
20755 4.045018 3.653111 3.238995
21507 3.814068 3.948776 3.221976
20789 3.830935 5.752155 4.350048
21505 4.050000 6.081081 4.050000
21508 3.600000 5.405405 3.600000
7797 11.045271 14.508918 79.953938
7798 11.100000 16.666667 77.766667
7799 10.571429 15.873016 78.825397
8629 77.191764 11.384266 50.008468
20720 77.154136 11.355552 50.056024
20714 77.256532 11.289007 50.071438
1981 76.912583 11.464310 50.067934
20688 77.055075 11.422172 50.038869
20689 76.934675 11.508586 50.012568
11174 77.943435 4.120369 56.903793
13425 77.577702 4.439439 56.767271
13424 77.427071 4.182868 57.099413
11099 86.338869 3.714806 53.112044
9258 86.937276 3.520526 53.007316
6230 86.592668 3.771290 52.928605
11981 8.006647 12.021992 63.939802
2930 7.885823 11.840575 63.209584
2929 7.755294 11.644586 64.412250
8102 81.002099 7.929038 51.561983
12573 80.820280 8.051170 51.530639
3990 80.804065 7.977142 51.612848
11887 78.122750 15.841459 45.081325
16956 77.673954 16.133725 45.013164
17008 78.124420 15.718862 45.203209
15424 45.224257 0.000000 60.353536
16890 45.475801 0.000000 60.007360
14969 45.469430 0.000000 60.576985
16639 45.038191 0.000000 69.863328
11223 44.656441 0.000000 70.467811
10284 44.502228 0.000000 69.965066
6110 40.970698 0.000000 30.043920
2186 41.420274 0.000000 29.213989
11203 85.833333 0.000000 57.083333
10502 75.669880 16.557414 45.591089
14712 52.864462 0.000000 61.771927
8287 59.278853 0.000000 43.510088
9908 59.324312 0.000000 45.475344
13294 58.490454 0.000000 44.842655
4900 28.601341 2.649434 15.182932
7087 64.153459 13.478401 54.431392
11603 63.236007 13.607417 54.760972
16189 43.761835 36.265696 33.957394
3481 43.043270 35.118466 33.216084
8381 71.489476 5.481821 58.767959
5107 49.814849 6.840965 68.244770
11263 48.997090 7.142284 68.352029
7568 49.490419 5.914531 69.334345
7606 46.115499 34.943271 41.964036
7831 46.750006 34.437886 42.152673
6079 46.488654 35.276111 41.444286
6929 61.194843 16.521855 52.864202
14581 61.770399 15.647075 53.452079
6930 62.052804 16.205510 52.751883
633 58.302025 2.961077 67.884949
631 57.796699 4.200316 66.897135
632 57.275000 3.389668 67.969443
2074 80.510172 11.198261 48.535455
4476 5.177554 7.774105 56.611009
12561 5.237511 7.864130 58.467715
10087 5.486966 8.238688 56.619083
13597 35.569762 0.000000 54.425821
13154 36.131604 0.000000 53.820108
4559 36.146927 0.000000 54.881706
12767 7.271781 10.918589 61.250975
9054 77.687816 12.168363 48.975561
418 77.623532 12.291740 48.884202
417 77.474346 12.317584 48.932925
4037 42.783973 0.000000 52.906213
13772 42.946012 0.000000 53.097493
4038 42.746817 0.000000 53.305999
3403 77.780967 7.355293 53.746868
10875 78.004177 7.357428 53.633126
8214 77.729257 7.511006 53.616854
10155 44.592064 23.066783 54.614119
6180 44.994872 23.676463 53.802425
12065 58.702409 0.000000 38.570101
15006 58.190465 0.000000 37.574417
1224 59.076795 0.000000 36.877579
16128 78.273932 7.212893 53.642928
11545 78.220150 7.355611 53.526958
4892 51.672284 33.155722 36.876997
4891 51.942200 31.731373 36.537647
5094 45.731218 7.483890 69.643017
5093 45.529756 6.362964 70.865795
5633 9.937168 14.920672 61.676755
5518 10.028111 15.057224 62.728323
9511 10.271699 15.422972 61.614236
15050 80.386122 10.828138 48.967973
8327 80.252321 10.983870 48.878985
8326 80.118986 10.981388 48.948137
14931 6.332140 9.507717 18.195215
12274 6.615380 9.933003 17.946727
15842 6.396964 9.605050 17.236948
17167 1.428040 2.144204 33.181067
9709 67.596362 0.000000 35.357470
9708 67.761227 0.000000 36.658000
14943 67.126929 0.000000 36.866251
12861 72.500000 0.000000 63.750000
12856 71.666667 0.000000 64.166667
8261 72.461676 0.000000 61.691239
3862 46.224243 0.000000 46.472192
14529 46.682880 0.000000 46.330661
3860 46.376542 0.000000 47.086346
4379 68.419706 14.529529 51.246088
15899 36.926657 18.920916 24.763993
11638 37.776162 18.944630 25.196643
11637 37.540264 17.506630 24.599840
10162 41.753625 0.000000 53.349625
2068 75.602893 14.118942 48.065492
2067 75.850590 14.037545 48.023122
4592 75.580168 14.259640 47.936016
20 6.319297 9.488434 31.890795
12564 6.366440 9.559220 33.010124
12563 6.520627 9.790732 32.207123
16073 42.596780 22.142760 56.536707
10035 43.221527 22.121215 56.245900
10034 42.656586 22.966137 55.682604
9177 84.095565 0.000000 48.038629
8491 84.462518 0.000000 49.338794
3564 83.656433 0.000000 49.580751
4318 69.681345 8.189985 56.961152
3880 69.297011 7.943495 57.400056
15447 69.982277 7.705329 57.295828
9251 76.446261 10.653112 51.113105
7513 76.429667 10.542917 51.231707
7512 76.598761 10.507134 51.182978
9408 80.161089 7.589504 52.322362
9678 79.937025 7.712266 52.311509
5328 17.523656 26.311796 45.087444
15564 18.019358 27.056093 44.771073
3342 17.820510 26.757522 43.298479
12905 46.358736 32.207160 44.581264
12106 99.166667 0.000000 50.416667
11520 100.000000 0.000000 50.000000
4209 97.112038 0.658264 50.785058
15764 43.154971 0.000000 60.721486
15763 42.876941 0.000000 61.345779
10484 42.669493 0.000000 60.702842
11301 81.430073 3.985707 55.295270
1940 72.001377 4.306887 59.688118
13075 72.472761 4.355492 59.403772
4681 71.959323 4.650429 59.365259
16521 62.325376 14.615848 54.206848
14580 62.675280 15.281808 53.365270
12092 57.410067 0.000000 30.855536
7604 56.440187 0.000000 30.844652
14889 57.777778 0.000000 28.888889
12462 2.720134 4.084286 57.734441
5233 2.533720 3.804384 61.039651
5232 2.933916 4.405280 59.366901
726 77.713137 15.270827 45.857334
5671 77.915215 14.993410 46.033989
16377 50.600747 0.000000 38.297363
163 0.883518 0.000000 77.000657
162 1.234814 0.000000 74.359619
224 1.374401 0.000000 77.634979
16516 85.604637 7.375771 49.814535
13401 85.663489 7.460369 49.700426
6727 85.301046 7.600156 49.741720
5398 73.313983 14.884431 48.443693
5399 72.978027 15.140997 48.354848
5397 73.123035 14.901369 48.522212
15898 37.205634 20.178566 25.322279
11337 1.525928 2.291184 67.119141
15318 1.513973 2.273233 70.276885
7913 1.884284 2.829255 67.186523
6329 73.834881 19.421166 43.641972
933 74.531168 18.896436 43.819083
932 74.022105 19.473684 43.495789
10270 79.108895 9.011923 51.424618
10269 79.146197 8.905454 51.512542
14426 44.293139 34.773411 43.045246
16663 44.766938 34.131928 43.450471
14427 44.696712 34.819808 42.797016
14988 83.947840 5.042881 52.978156
11231 83.686502 5.091039 53.060619
16699 83.948428 4.943452 53.077391
3876 43.603200 0.000000 60.649688
1808 44.084819 0.000000 60.451265
3877 43.829486 0.000000 61.194835
7511 76.645535 10.397931 51.268903
8109 68.979952 0.000000 63.370582
15925 69.166667 0.000000 65.416667
13473 68.333333 0.000000 65.833333
11753 14.134576 21.223087 56.782329
344 13.678365 20.538085 56.696281
2248 75.409855 13.563439 48.718070
2249 75.113687 13.741787 48.687628
2250 75.261842 13.547778 48.807753
12616 48.061624 4.521117 25.536344
4258 48.654112 2.249324 25.076081
9876 84.645658 8.649951 49.018570
13957 84.442519 8.813976 48.955951
12687 1.742889 0.000000 63.090155
13913 1.788152 0.000000 68.260652
16653 1.237224 0.000000 66.243760
8882 49.783335 3.483941 71.620908
6456 48.966545 3.427016 72.086285
8883 49.596218 2.334414 72.865142
12850 9.507614 14.275697 14.316487
1156 9.107695 13.675218 15.224189
15928 9.509010 14.277793 16.101578
504 86.499950 10.031587 46.708406
5365 85.710009 10.553969 46.580473
505 86.285098 10.060206 46.787185
16386 49.140951 17.582434 30.425426
12883 49.540182 15.702304 29.998958
5795 94.570269 3.568548 49.142749
2519 95.882922 2.719612 49.336207
11985 95.750438 2.985286 49.136509
388 77.328760 2.473082 58.860065
15396 77.352667 2.806480 58.514380
389 76.830366 2.666792 58.915358
14849 28.833030 18.973973 20.734848
1207 28.795511 17.632971 20.269535
1206 28.074910 18.641031 20.244918
13869 4.950000 7.432432 4.950000
11846 86.267356 2.589966 54.273767
2181 86.820985 2.558264 54.028686
12489 5.400000 8.108108 5.400000
20757 5.115167 4.902263 4.190037
20756 4.658782 4.037250 3.673795
15025 74.972082 10.564832 51.938562
13455 74.761394 10.627753 51.980922
6198 74.903204 10.469972 52.067956
11448 74.947861 12.125845 50.388099
1161 74.840013 12.304903 50.262785
10308 75.167942 5.528933 56.881567
2403 74.770417 5.457939 57.151395
6725 75.246952 5.235026 57.136262
12392 53.366608 25.879110 35.301048
492 52.469831 24.724271 34.468098
13645 52.670576 26.915090 35.298013
6678 63.938880 24.300801 43.705458
13344 63.689523 24.017453 44.113768
6679 64.563311 23.419004 44.275921
13618 31.390527 0.000000 46.006510
426 35.561865 0.000000 42.619204
8388 35.137373 0.000000 41.352374
8206 35.918845 0.000000 41.397000
3858 85.059280 6.692427 50.771240
8907 85.015865 6.812028 50.673228
5317 84.753712 6.869565 50.746710
8830 14.166667 0.000000 92.916667
8641 15.000000 0.000000 92.500000
20993 14.393683 1.994600 90.806564
8642 14.861430 3.459738 89.106088
8643 13.569995 4.581006 88.629415
5705 89.191062 3.528289 51.872651
8824 88.461697 3.715908 52.049528
11898 89.017813 3.400081 52.087612
14353 74.263341 14.833869 48.019627
1713 74.054396 14.912084 48.045806
3557 74.271726 14.715990 48.133431
1804 26.970085 40.495623 42.566244
1314 26.980528 40.511303 39.001212
1313 26.456859 39.725014 40.720046
12387 73.064236 13.912066 49.541904
20758 73.077880 13.787667 49.659605
6514 72.823596 13.887793 49.686521
20759 72.896532 13.950793 49.586991
20805 72.742331 14.041545 49.573247
9871 9.524243 14.300664 39.039037
15844 9.618635 14.442395 39.737650
9082 73.983638 7.797943 55.202440
8844 74.246678 7.630155 55.238875
8843 74.186465 7.837744 55.061186
7442 27.639634 6.856426 16.103007
1598 8.444634 12.679631 25.994134
3922 8.394679 12.604622 24.905810
5865 8.219443 12.341506 25.604793
8391 3.014556 4.526361 19.134391
12816 2.433900 3.654504 17.340762
13227 2.769856 4.158943 20.941889
9498 79.626009 8.436288 51.742272
11840 79.810699 8.394310 51.691946
6783 75.870219 0.000000 58.569676
6784 75.107744 0.000000 59.840607
6782 75.275838 0.000000 58.025264
3527 81.617058 6.400673 52.784397
1577 81.895809 6.353131 52.692611
11627 81.616406 6.521160 52.664115
13411 16.152737 24.253359 22.278398
17259 15.707671 23.585092 23.757041
1880 81.876396 5.350112 53.706340
1881 82.067393 5.405574 53.555324
9743 70.285870 7.973955 56.875136
15094 11.034727 16.568659 49.999997
13200 11.167096 16.767412 48.638466
5529 83.260040 6.974368 51.388638
3267 63.413186 10.640213 57.642554
1568 64.446711 9.796112 57.970736
686 24.531223 26.825119 21.198376
684 25.268818 27.223740 21.699914
2165 21.681814 0.000000 18.651787
1325 20.758796 0.000000 16.023136
14197 21.521041 0.000000 15.875157
16821 77.174973 9.131455 52.271927
946 77.355465 9.016432 52.296819
16946 77.332576 9.112823 52.211776
13038 32.677133 43.761118 39.856554
696 33.190066 42.772527 40.589667
11444 82.683891 10.680334 47.967040
5326 82.844147 10.482780 48.084664
14327 61.471957 11.530909 57.721582
12443 60.467498 11.520424 58.234307
21057 61.163595 10.835103 58.572264
12442 61.010682 9.996444 59.488219
21058 60.510031 10.806996 58.927182
15791 34.806416 25.429489 25.871228
2189 33.904700 25.489779 25.440446
4195 34.346917 26.551976 26.015267
4365 17.316692 0.000000 83.587448
16864 68.676021 16.495680 49.149814
2453 68.183320 16.910835 48.980594
11069 7.165560 10.759100 69.406329
17085 7.361357 11.053089 69.834648
3317 7.425486 11.149379 68.664849
4122 72.482893 16.537093 47.204924
4121 72.772553 16.355097 47.242271
4699 72.611542 16.575238 47.102416
8075 87.224396 6.512448 49.868842
9857 87.526599 6.477721 49.752501
8787 37.466278 6.911706 74.348244
13112 37.974307 8.080676 72.924090
16553 36.971797 8.619438 72.886044
3574 92.106945 3.763743 50.179021
1395 92.817888 3.586216 50.001254
12608 91.693586 4.117871 50.031218
11312 21.611455 32.449632 45.844724
11311 21.025093 31.569209 45.406269
10706 21.104463 31.688383 47.534195
16881 73.207444 13.315020 50.067943
9635 73.325262 13.377702 49.946290
16531 73.069938 13.507278 49.944246
4375 42.431230 20.542297 58.221545
12795 41.856706 20.607888 58.443151
9244 42.295316 19.813977 59.018551
3537 10.055614 15.098520 34.912487
3641 10.069678 15.119637 35.696851
3535 10.242884 15.379705 35.278922
16005 40.730973 0.000000 53.031691
9991 40.552599 0.000000 53.663938
7289 40.313608 0.000000 53.142153
5914 77.212350 10.506889 50.876430
10675 77.077110 10.512182 50.938751
10674 77.233638 10.399545 50.973236
12490 5.111323 7.674660 6.398136
5869 30.811057 11.102920 19.102801
14371 31.402263 9.034318 18.709559
676 30.595694 9.616370 18.500098
13722 3.703704 0.000000 1.851852
20760 4.339376 3.780698 3.428661
11926 9.278792 13.932120 36.229572
11925 9.356731 14.049146 35.255534
17132 9.217766 13.840490 35.460725
13992 63.398465 0.000000 51.774611
13994 63.805098 0.000000 49.457680
6383 64.236706 0.000000 51.234584
11645 79.165751 13.666695 46.736763
11621 79.005014 13.913477 46.570103
11620 78.636886 14.051237 46.616269
10866 64.328632 0.000000 47.086016
12253 79.383020 9.338674 50.960478
12535 79.350908 9.301709 51.013536
308 65.780603 22.989711 44.096998
6680 64.821211 23.678860 43.886856
309 65.393820 22.853478 44.426759
11924 61.503644 0.000000 36.836586
4960 60.782864 0.000000 38.450381
10568 60.686802 0.000000 36.658507
9105 80.513614 10.677854 49.054661
7048 80.775707 10.525240 49.076381
6667 80.653508 10.672790 48.989783
12765 40.262644 0.000000 37.703523
16842 39.857156 0.000000 37.001736
12766 40.429445 0.000000 36.808584
13734 62.646837 21.952473 46.702155
14423 62.448122 21.411694 47.342834
14424 63.403307 20.966493 47.310887
700 2.228046 0.000000 42.956470
5724 2.434975 0.000000 38.893469
701 3.014308 0.000000 42.507891
16409 79.700167 10.522291 49.617104
8705 79.895992 10.449297 49.592257
9162 44.203059 9.692335 25.329077
13045 44.739796 11.571587 26.223236
10251 45.315056 9.601423 25.854802
9802 7.666523 11.511296 53.119847
3913 7.891235 11.848701 52.602498
3915 7.713191 11.581368 52.156567
14746 77.254815 10.298193 51.064102
13771 77.447985 10.168885 51.096953
17118 35.346802 31.655778 28.214775
2963 34.567018 32.619733 28.145880
6583 35.413708 32.946352 28.677989
5618 26.767355 0.000000 18.679940
3677 26.002033 0.000000 17.946085
12949 26.405450 0.000000 17.333309
10844 7.526056 11.300384 36.196002
5009 7.392357 11.099636 37.114175
291 19.618986 0.000000 78.213439
289 19.147974 0.000000 75.877541
290 20.139648 0.000000 75.346497
3625 5.558410 0.000000 57.668177
9115 6.238093 0.000000 59.762780
7259 35.167549 45.412018 36.958795
11454 35.346712 46.010928 36.269705
12379 34.724895 46.676747 35.914129
13248 75.878843 0.000000 48.520225
4482 76.421076 0.000000 49.700618
1815 75.543169 0.000000 50.743879
11531 7.506404 11.270877 30.115020
14169 7.405814 11.119840 29.415668
7950 33.632588 22.587804 24.338033
15307 75.935451 4.114702 57.913457
8672 76.365182 3.876677 57.936855
17029 76.406633 4.160649 57.631874
16799 81.532014 9.155375 50.069463
16140 81.664079 9.049329 50.109583
16139 81.681307 9.109385 50.040851
11040 77.535647 8.900230 52.323046
948 77.382288 8.930387 52.369538
21249 83.549378 10.588106 47.626617
7718 83.772613 10.337278 47.766078
21250 83.736497 10.430227 47.691094
7834 66.328337 0.000000 36.902568
2347 66.093268 0.000000 34.983777
8689 79.618802 12.964768 47.212866
8690 79.177990 13.281881 47.115842
3338 79.338647 13.050109 47.267517
3836 63.844965 7.296238 60.773983
3834 63.685789 8.141568 60.007395
7526 69.254484 18.929539 46.424290
13281 69.507029 18.590818 46.637077
7527 69.638758 18.680173 46.481768
16307 8.677423 13.029164 51.223760
15709 8.567689 12.864398 52.267893
17034 8.785955 13.192125 52.015727
1164 5.712623 8.577511 63.344643
17310 42.695985 0.000000 55.811711
16023 42.620902 0.000000 56.342022
16545 42.380705 0.000000 56.046463
11374 34.883942 17.188765 65.352076
14475 34.724232 18.596331 64.022957
16221 33.961618 18.241898 64.759051
11651 83.760945 4.033059 54.082435
16305 83.504002 7.233615 51.007151
3025 83.761743 7.075214 51.036840
10147 83.728178 7.186660 50.942064
11960 42.290288 28.318978 50.507559
2107 42.897433 27.584492 50.939207
2613 42.822409 28.516297 50.043982
16220 84.166667 0.000000 57.916667
14316 49.961709 0.000000 67.095274
13373 49.517551 0.000000 67.670923
15374 49.402852 0.000000 66.908773
9769 8.467188 12.713495 41.843483
1070 8.325052 12.500078 41.267932
5602 68.939925 15.833724 49.680480
4879 69.330001 15.465999 49.853534
7776 69.245569 15.799224 49.562193
7212 27.356140 0.000000 56.125418
1308 27.532794 0.000000 54.015315
15797 28.221402 0.000000 55.556200
14934 82.468817 4.583388 54.177620
2893 82.261440 4.730918 54.133631
11774 82.160709 4.648558 54.266440
4627 7.301922 10.963847 25.950064
4628 7.440533 11.171972 25.340723
1013 74.976072 13.521429 48.977014
15441 75.125183 13.527939 48.895941
1011 74.863108 13.690357 48.864398
2968 29.747454 0.000000 50.381898
2970 30.704553 0.000000 49.846456
7302 30.410502 0.000000 51.877655
9072 37.796156 35.968512 45.097441
7615 37.826154 35.225000 45.826698
14039 86.244077 6.554143 50.317264
15621 85.819587 6.779310 50.304118
8581 80.006719 3.454514 56.538672
13239 37.848051 28.074533 28.272845
4910 38.593802 27.253070 28.372173
17107 37.748034 26.435964 27.677193
444 82.157999 7.034514 51.879452
11199 82.170553 7.148884 51.758691
2407 81.901257 7.218141 51.824012
12275 63.761221 25.713449 42.380227
12941 64.007833 25.936223 42.033924
14259 63.039478 26.667450 41.786143
12875 11.214707 0.000000 26.372416
13466 82.416360 9.587049 49.195184
13502 82.367728 9.530932 49.275673
21458 82.515590 9.483912 49.248809
13465 82.690229 9.389172 49.256325
21457 82.548739 9.425130 49.291076
9554 4.499474 6.755967 68.443185
9403 4.283828 6.432174 70.266062
7932 38.762979 0.000000 77.373240
2619 39.294817 0.000000 76.157624
7931 39.659141 0.000000 76.966440
11666 77.012185 16.985145 44.491778
11668 77.633740 16.537253 44.629339
7190 77.245228 16.939024 44.421424
5030 51.237495 0.000000 61.404197
2921 50.668737 0.000000 62.106086
3370 81.927238 9.225790 49.801365
13760 82.082831 9.200912 49.748472
17053 81.862244 9.328194 49.731356
1502 6.703073 10.064674 67.245309
1387 6.914600 10.382283 66.808717
1503 6.789186 10.193973 66.178151
12151 80.431424 11.961398 47.810929
7170 80.187505 12.208014 47.686026
17298 80.067630 12.167240 47.786778
20690 75.812694 12.050245 50.031358
16860 27.759871 13.190935 18.272517
21164 27.048686 14.576582 18.378345
21165 27.611562 14.366939 18.589972
7581 81.063809 1.356035 58.110704
7582 81.691223 1.390356 57.762642
7583 81.154298 1.613504 57.807734
14733 28.327022 24.701554 61.110234
9581 29.272021 24.751642 60.587595
16375 28.232800 26.429461 59.427710
3519 80.384556 7.662675 52.137385
3517 80.219273 7.802037 52.080524
2879 68.833908 0.000000 39.866118
13456 82.573637 4.662338 54.046181
3352 76.929930 12.995368 48.526672
10948 77.195066 12.788140 48.601539
9531 77.172208 12.908325 48.492662
11967 7.138209 10.718031 29.544631
13954 7.167875 10.762576 30.461715
11688 66.869828 0.000000 35.191184
2346 66.666667 0.000000 33.333333
11687 67.407407 0.000000 33.703704
14087 67.394307 16.735601 49.550509
5934 67.614002 16.356347 49.820296
7143 34.391953 0.000000 71.454982
348 33.684178 0.000000 71.261652
10286 34.221725 0.000000 69.995320
463 83.604101 7.433292 50.757224
13985 83.672115 7.306201 50.850436
9657 83.904093 7.262946 50.777745
4344 79.382071 10.276993 50.021694
7536 45.126912 0.000000 24.587271
7537 45.779066 0.000000 25.369504
7538 44.749230 0.000000 25.550037
6101 74.136643 11.750418 51.169510
386 73.844947 11.851136 51.214539
385 74.074795 11.636777 51.314189
4077 81.260723 4.054411 55.311173
9691 81.350976 4.049195 55.271268
9692 81.286986 4.097943 55.254467
17268 81.146437 12.559372 46.854850
21252 81.497620 12.299589 46.939301
17135 60.418368 12.492407 57.285916
3622 59.548635 12.285660 57.927737
9615 74.546707 13.969896 48.742781
879 74.743659 13.855131 48.759184
16785 4.860371 7.297854 31.519997
8550 4.905870 7.366172 29.709010
11117 4.596582 6.901775 30.237202
12757 82.134387 9.632635 49.290539
13503 82.301520 9.494452 49.345294
14748 39.760284 9.980778 70.129099
14750 40.330093 8.434077 71.392442
3180 40.790943 9.373914 70.221241
3037 28.150652 38.539744 26.909061
3036 27.363550 38.351166 26.452713
8062 27.502051 39.618729 26.944063
1119 87.791572 3.887372 52.212955
1117 87.902098 4.026033 52.018892
16048 35.754581 0.000000 71.925042
16258 35.242489 0.000000 73.344990
15964 34.876763 0.000000 72.456299
14143 78.109454 10.015319 50.919938
7769 77.968801 10.111730 50.893757
9194 77.989990 10.045024 50.949936
13608 52.138422 0.000000 53.595191
4534 51.885846 0.000000 52.656935
4533 52.440015 0.000000 52.369797
5749 64.139566 19.427584 48.483205
16007 64.998762 19.168795 48.312655
9275 64.160005 20.043358 47.856596
8411 80.252643 10.827880 49.034971
8410 80.378863 10.680496 49.119392
15135 67.187384 23.155872 43.227280
3031 66.765895 23.812677 42.780563
10722 66.426927 23.760527 43.002249
6366 58.920000 0.000000 51.165540
16952 59.093429 0.000000 52.770117
13119 74.123229 18.159350 44.760876
14842 74.470906 17.782318 44.964447
4313 87.266862 7.594780 48.764194
12612 86.839791 7.871848 48.700384
4312 86.947375 7.707383 48.811222
7744 88.039543 8.621244 47.350364
7745 87.886383 8.643173 47.404992
7746 88.501217 8.267109 47.474016
11134 5.990647 8.994965 68.584414
16278 6.138498 9.216964 69.284296
14318 6.277385 9.425503 67.817933
628 9.221605 13.846254 39.934384
630 9.351348 14.041063 39.130473
9812 9.185917 13.792667 39.044410
448 52.882250 0.000000 47.514223
2840 52.323002 0.000000 47.184691
8743 22.226499 20.548958 17.956053
6947 23.349421 19.445699 18.150128
21166 22.992862 18.652773 17.707804
8030 23.865729 16.512335 17.431472
21167 23.736658 17.980550 17.855852
13 66.199177 19.521856 47.359034
12 65.652354 20.088247 47.065488
4573 21.671429 32.539683 56.592063
4572 23.152873 32.297742 56.093524
4763 22.200000 33.333333 55.533333
10912 14.647862 0.000000 10.156545
20762 14.074074 0.000000 7.037037
20761 14.814815 0.000000 7.407407
8693 12.157143 18.253968 75.649206
8453 12.520915 16.614654 77.108273
7757 12.975536 17.189747 76.305296
1032 79.757873 12.744908 47.363410
1033 80.194408 12.435208 47.455153
1034 80.047159 12.655935 47.307829
3228 9.691488 14.551783 67.381644
11457 9.347967 14.035987 68.300008
7804 5.751926 8.636526 22.546137
7805 5.759441 8.647810 21.372277
462 83.544427 7.556059 50.664172
4803 83.479767 7.676273 50.576167
8591 74.486481 12.894555 49.849310
8007 74.572095 12.697475 50.003780
3255 74.812512 12.653053 49.928038
14622 1.129242 0.000000 28.062602
14621 0.843331 0.000000 31.360407
8573 0.517613 0.000000 28.127551
1368 80.182918 8.049790 51.850701
1367 80.369565 7.994603 51.812620
11568 77.507883 8.808565 52.428685
11328 74.031190 13.042361 49.929001
20763 73.961524 13.185196 49.820856
11329 73.737362 13.230643 49.887446
6500 88.782803 7.365242 48.235992
6499 89.334106 7.115283 48.210549
3801 88.639465 7.573796 48.098898
1720 44.043693 0.000000 59.231520
1721 43.932728 0.000000 58.776041
1719 44.318349 0.000000 58.706777
15314 30.137813 0.000000 30.376990
2654 61.384211 28.947368 40.331579
2652 61.120528 23.161577 38.273069
2653 60.166603 23.745346 37.990502
1496 79.866787 8.241087 51.817278
9894 80.061926 8.161220 51.799656
11839 79.954418 8.273158 51.741360
2888 49.828743 0.000000 66.355547
14442 68.262699 20.215506 45.632928
3561 34.361483 26.171858 56.621229
10095 33.611254 27.307256 55.859810
3562 33.564420 26.109380 57.082301
12928 88.381916 0.000000 51.803632
15505 89.206132 0.000000 51.834627
15506 88.748363 0.000000 53.390918
4381 79.514882 10.583873 49.648102
7134 37.621969 38.270525 42.880220
1776 81.664569 7.902283 51.257530
16096 52.177555 5.601409 68.304212
1166 51.611035 4.792507 69.397183
13177 52.512360 4.392746 69.346681
5179 81.270431 3.180081 56.181524
16530 81.193842 2.981209 56.418888
5180 81.698541 2.972581 56.175176
31 44.292144 31.055411 46.767462
32 44.418150 30.272151 47.488502
9512 81.458374 9.317371 49.944125
9513 81.416204 9.408506 49.873983
16972 52.515881 23.441249 50.277369
14702 51.923289 23.007329 51.008019
2579 52.895296 22.195621 51.334535
2202 42.252571 0.000000 34.368381
11817 42.112184 0.000000 33.480983
15349 42.775780 0.000000 33.594392
15818 54.886796 0.000000 70.189845
15597 59.452750 21.500129 48.751996
490 1.950642 2.928893 48.008930
489 1.764150 2.648875 51.476706
5461 2.157346 3.239258 50.738705
4328 45.283875 25.594786 51.737681
9496 45.712967 25.621207 51.496689
15007 45.329070 26.254900 51.054310
10104 83.285916 4.884009 53.468149
3076 83.572397 4.744192 53.464865
8864 10.632228 0.000000 18.957082
8863 10.383631 0.000000 23.008525
4715 9.347533 0.000000 18.482315
12772 77.149778 10.219078 51.195813
16475 77.286370 10.192877 51.153745
14745 77.103045 10.313605 51.124559
6027 19.045000 16.524311 73.936665
995 40.112571 42.626619 37.274469
7501 39.301765 43.891169 36.414057
21515 39.554722 42.907177 37.272554
21531 39.919723 42.379063 37.618696
21530 40.251294 41.882077 37.950394
14798 68.963075 16.744558 48.757161
8153 8.640708 12.974036 25.241004
15798 53.767128 32.767259 40.316410
16939 53.800007 31.909457 41.158629
4418 54.469939 31.636363 41.097031
12976 80.909479 9.468262 50.067531
3837 81.043474 9.357683 50.111222
6558 77.881664 11.211295 49.836662
4193 77.933990 11.112752 49.909141
16637 78.057615 11.098757 49.861337
9654 73.032090 10.559979 52.913415
9260 72.778722 10.538367 53.061733
13420 73.071763 10.403696 53.050019
13881 67.688788 17.739310 48.398557
117 68.185848 17.525510 48.364040
119 67.793539 17.984774 48.100472
16056 67.489962 23.216403 43.015400
3032 67.080976 23.860220 42.575432
11408 39.299362 40.835764 39.473719
2469 39.281397 41.421371 38.896509
2468 38.834918 41.442146 39.098953
128 40.157947 43.420000 36.457606
8069 40.914654 42.196289 37.304188
126 40.906093 43.045671 36.458237
9250 27.485714 41.269841 44.946032
16211 28.014286 42.063492 43.887302
2786 28.019514 42.071343 41.913276
114 79.006915 9.843410 50.643289
85 79.141821 9.731276 50.688082
1483 79.187572 9.783544 50.612886
5451 25.270580 0.000000 13.428986
5452 25.925926 0.000000 12.962963
5450 26.147385 0.000000 14.259495
16008 91.696553 5.559336 48.586828
303 91.592237 5.744797 48.453340
17082 90.899665 6.086547 48.457534
1118 87.191579 4.197460 52.202553
8521 5.465242 8.206069 16.525744
8522 5.209570 7.822177 14.874395
12018 12.823063 19.253848 32.974690
7795 12.939778 19.429097 31.156850
16463 12.461812 18.711430 31.904703
4335 76.821654 12.562134 49.014477
13341 77.090003 12.399332 49.043268
11288 76.975416 12.563948 48.935780
4008 79.890226 8.866730 51.179290
14898 79.937855 8.925908 51.096239
9473 90.100020 6.613802 48.329574
302 90.776961 6.306495 48.298718
16605 74.304624 5.689902 57.152096
7310 73.852139 5.933509 57.134488
11591 78.892611 2.353010 58.198332
3643 79.377190 2.443331 57.865630
15769 78.876842 2.615269 57.943695
14379 23.394774 0.000000 60.051575
15191 23.459714 0.000000 57.991943
17193 24.125481 0.000000 58.580861
6081 45.755643 35.912854 41.173412
10350 45.240740 36.672170 40.670788
10349 45.065678 36.246385 41.184530
570 80.724541 11.796455 47.829478
5437 80.923003 11.737555 47.789205
5438 80.570961 11.971889 47.730659
16500 9.174218 13.775102 57.794666
16501 9.435667 14.167669 57.486917
15515 9.282101 13.937088 56.878097
4334 76.512968 12.736869 48.993910
4336 76.690831 12.741118 48.900725
10088 78.085203 10.095362 50.851941
11962 41.334907 26.113725 53.192708
14825 41.229446 26.930014 52.428333
8500 42.790467 0.000000 28.549561
2184 41.908750 0.000000 28.376075
9067 42.389928 0.000000 27.727900
6504 11.856407 14.628805 79.428362
6506 12.827944 12.324038 81.249666
12819 12.602398 14.885106 78.798810
12093 58.518519 0.000000 29.259259
14890 58.103832 2.862984 30.005289
10594 81.323295 12.594181 46.731578
21575 81.436486 12.411912 46.857433
523 81.816004 12.172022 46.907804
21607 81.618075 12.261226 46.917475
11267 74.237123 9.206528 53.665704
7980 73.881058 9.391836 53.658243
4685 74.052776 9.131469 53.833012
10906 67.669863 21.049154 45.094866
10908 67.165386 21.586691 44.809029
202 67.208115 21.264061 45.110618
12650 70.382978 0.000000 53.630997
3456 62.920545 26.305890 42.207531
7438 40.279684 0.000000 58.182114
13553 40.072003 0.000000 57.959553
7736 5.580373 8.378938 37.225562
1973 5.784830 8.685931 36.042975
7223 5.498355 8.255788 35.592247
195 82.839806 7.512897 51.059687
196 82.746879 7.635350 50.983576
194 82.593557 7.640880 51.054701
14830 61.204611 3.594776 31.799366
4750 60.534107 5.148537 31.981516
10433 61.407086 8.287979 33.463440
2399 19.242869 28.893196 36.937186
2062 18.924017 28.414440 38.955877
2400 19.482758 29.253390 38.494067
16142 68.987471 0.420276 65.085568
10445 69.634041 0.446331 64.736202
14894 69.272440 0.866964 64.495949
1835 74.946605 12.968642 49.545086
13474 75.089730 12.966246 49.475923
1833 74.891173 13.087333 49.453993
2164 22.699056 0.000000 19.587140
14989 22.916238 0.000000 17.828221
16678 23.587912 0.000000 20.032550
15476 44.847267 1.050615 76.524701
16093 44.044779 0.592181 77.384837
14434 40.899531 0.000000 62.107907
15067 40.669651 0.000000 61.438225
11214 41.185477 0.000000 61.313854
12477 44.249602 0.000000 51.792245
7318 73.900702 13.935425 49.100289
17202 74.112290 13.890265 49.039699
13196 73.865597 14.080447 48.972674
13834 36.132543 45.595052 33.249424
21516 36.123342 46.339948 33.492874
9045 77.721509 0.000000 54.865199
1810 78.235721 0.000000 55.821795
1809 77.392906 0.000000 56.690632
5076 12.672676 12.952262 10.649441
6611 35.729925 16.325049 65.793663
10815 35.155622 15.818951 66.587419
16762 35.967707 15.109359 66.891678
11309 10.558753 15.853983 45.994677
16354 10.387525 15.596885 47.118073
11310 10.691380 16.053123 47.117566
15155 35.957076 28.197289 53.795976
17294 36.528984 27.218175 54.490115
16223 33.130101 0.000000 50.244074
15726 79.271653 10.521896 49.831755
1591 79.449867 10.437021 49.827608
4767 79.349523 10.553132 49.761553
8424 5.406751 8.118245 32.213258
12451 5.107951 7.669597 33.032234
11633 5.431886 8.155985 33.879812
7960 84.231362 9.906076 47.968336
16826 84.438048 9.670844 48.100461
560 19.794910 29.722087 23.285649
330 19.251738 28.906514 23.462474
14679 81.994143 9.818040 49.175070
12756 81.951923 9.779349 49.234910
12755 82.171372 9.685602 49.219027
2635 5.285470 7.936142 48.283674
12090 5.206503 7.817572 46.921904
15728 5.026142 7.546759 48.493845
5341 83.979168 5.854517 52.150045
6411 84.365264 5.795889 52.015684
2258 83.907705 6.017712 52.022417
10380 43.287096 0.000000 63.631016
11530 43.417154 0.000000 62.997320
16181 39.530434 36.244792 43.953746
7397 39.590305 35.427423 44.741997
1087 43.746695 23.442538 29.679713
981 44.861620 23.267641 30.178935
983 44.136321 21.610744 29.264538
2543 1.076349 0.000000 61.865601
17091 51.045794 0.000000 30.059717
3471 48.028471 18.429616 57.537719
13617 47.398849 18.359110 57.923106
8498 48.050757 17.483494 58.473643
14019 82.976036 0.264713 58.247004
14017 82.500000 0.000000 58.750000
11145 55.746788 0.000000 42.165237
17252 55.309247 0.000000 43.361365
11146 55.043566 0.000000 42.164977
15548 62.327831 0.000000 66.541265
9922 61.484533 0.000000 67.160695
9920 60.459177 0.000000 65.772126
8092 60.651106 0.000000 67.753908
8094 59.635671 0.000000 66.516932
17039 57.140927 0.000000 39.945677
6119 56.470989 0.000000 39.618431
16981 57.303716 0.000000 38.512561
16461 76.757632 12.043780 49.565360
15430 76.944953 11.914750 49.600859
16580 76.937385 12.010847 49.508449
9788 31.653085 36.711681 28.051532
9210 32.402226 37.404759 28.656898
9787 32.410696 35.954922 28.178337
15103 77.082940 8.343919 53.106267
12104 76.873450 8.385845 53.169044
606 77.066629 8.247577 53.210861
4922 82.367110 4.503114 54.308828
5131 82.670322 4.440283 54.220115
13083 82.380497 0.962338 57.846451
356 86.877303 7.388851 49.165109
6376 87.376365 7.156388 49.148273
14437 86.948266 7.466034 49.052367
6886 9.160548 0.000000 23.601457
13353 8.103246 0.000000 17.902362
4723 50.371581 0.000000 66.515498
1373 50.537582 0.000000 67.250791
2376 81.346732 3.370934 55.952329
9846 80.851954 3.395133 56.175495
13148 44.601502 0.000000 56.415706
6187 44.838359 0.000000 55.991963
6186 44.911410 0.000000 56.461472
10110 39.050433 10.987099 69.476697
10157 39.561199 11.399479 68.808521
10111 38.782622 12.048429 68.548212
14521 34.074074 0.000000 17.037037
14249 35.319877 0.000000 18.157362
14522 35.026334 0.000000 18.813047
14742 9.922131 14.898095 49.054056
12855 9.733943 14.615530 49.139635
5142 82.978058 0.000000 53.321572
5998 82.237910 0.000000 52.533531
3566 83.156639 0.000000 51.349962
14098 92.462609 0.000000 52.916925
12120 92.466568 0.000000 51.484087
9477 93.305460 0.000000 52.139087
12768 47.788187 21.600368 54.483938
7218 78.172634 11.088755 49.813839
565 78.347081 10.985159 49.830316
8237 44.277358 0.000000 56.368419
6642 80.308633 8.491126 51.346067
4952 80.544169 8.395087 51.324433
6643 80.396351 8.532108 51.261184
12076 3.997897 6.002849 64.654066
16324 3.895332 5.848847 66.489021
9138 4.184346 6.282801 65.185911
3478 27.514163 6.658655 79.577605
14805 78.348446 12.151143 48.662483
3635 78.082423 12.332961 48.613494
13185 14.189205 0.000000 24.362293
15138 13.276653 0.000000 20.202478
7158 46.051459 0.000000 57.983946
12712 45.473055 0.000000 48.376466
10966 45.046682 0.000000 48.831934
14682 45.035072 0.000000 48.098060
16395 21.496421 32.276908 29.793510
14240 81.202307 13.017430 46.368400
4029 80.904568 13.125703 46.408888
15567 81.374245 12.779812 46.520286
12288 75.647377 12.954088 49.209270
11186 75.437151 13.055763 49.212606
13429 75.593144 12.886651 49.303890
7413 51.183674 0.000000 60.440151
8632 81.880840 1.685473 57.372422
15174 82.373296 1.880071 56.931401
8633 81.692079 2.019835 57.132106
3172 33.212416 0.000000 26.204268
2627 33.089058 0.000000 27.062540
17241 80.726565 13.038619 46.585060
21576 80.963726 12.774861 46.730501
2340 70.585742 15.131268 49.560730
4575 70.711321 15.246687 49.382406
2285 70.335465 15.461489 49.355317
7191 77.532632 16.842105 44.374737
10854 78.234737 16.315789 44.550526
10855 77.608222 7.765546 41.390038
5125 39.424926 0.000000 53.601429
5123 39.845461 0.000000 53.319589
5124 39.684812 0.000000 54.122555
9318 37.500000 0.000000 81.250000
1559 37.587037 0.000000 80.317692
4906 38.410768 0.000000 80.078556
7096 84.867489 7.714689 49.843851
6728 85.013746 7.713835 49.771578
9574 80.425360 9.446516 50.331358
8070 46.185976 0.000000 71.616797
6691 30.058065 32.656592 52.281719
926 30.052137 33.492307 51.448132
14079 29.415290 33.316869 51.942169
15429 33.820677 20.933741 23.881274
5343 79.020491 5.670466 54.813618
599 79.231252 5.661335 54.717377
5342 79.014451 5.779267 54.707728
14444 0.811949 0.000000 68.869102
13966 51.344692 35.653283 38.638718
8769 51.089823 35.077569 39.342442
13758 51.720833 34.594545 39.510444
7109 81.832788 7.766468 51.309371
7955 3.021326 4.536525 73.784811
2472 3.512364 5.273819 72.079392
5844 3.313778 4.975642 70.488038
7652 32.369213 0.000000 18.531114
6898 88.340109 8.672160 47.149114
12099 88.064211 8.947368 47.011579
12098 87.750516 9.081724 47.033936
12328 43.977764 5.636922 23.865977
16263 43.394629 7.155513 24.080101
14484 44.148123 7.449504 24.554747
20668 9.448998 14.187685 56.487117
20669 9.335117 14.016692 56.214163
2228 18.782537 28.202007 51.908733
2226 18.285602 27.455859 52.482001
2227 18.504602 27.784687 53.804859
7731 70.844009 12.329180 52.236486
11179 70.955754 12.484020 52.025619
5773 70.636946 12.588879 52.080059
3638 76.458060 11.815584 49.943570
6447 76.749917 11.773946 49.839322
9225 76.496064 11.949088 49.790931
6945 35.941176 32.838502 49.158072
12534 35.385302 33.552572 48.721225
12528 35.425836 32.658705 49.595718
6438 49.041976 0.000000 70.149981
5253 49.047037 0.000000 69.059547
8891 49.735462 0.000000 69.370767
12516 78.804657 10.411786 50.175473
2270 78.945440 10.308350 50.208621
21358 78.884411 10.386921 50.160486
11295 24.314286 36.507937 51.298413
8222 24.318530 36.514310 48.940534
12811 23.790221 35.721052 50.167141
373 49.083827 31.553932 43.872601
4703 91.788811 5.864825 48.234905
1272 91.122416 6.315449 48.117028
871 91.029416 6.280881 48.198130
2183 87.467316 2.330074 53.933938
9535 37.001774 0.000000 57.370514
13523 15.438736 10.914155 81.355563
8286 15.175159 8.939234 83.464248
5755 16.090472 8.534696 83.411533
11577 9.630438 14.460117 34.542351
11482 9.695646 14.558027 33.818758
8707 9.529120 14.307987 34.073688
8699 6.721485 10.092320 43.881526
1100 6.597918 9.906783 42.586159
9718 6.434680 9.661682 43.861786
3939 78.956563 11.105967 49.404645
2112 26.565581 31.453175 23.756698
6563 27.158651 30.961519 23.889511
157 39.649745 2.910320 77.261897
3389 40.284518 1.455418 78.400868
8438 80.678965 3.006228 56.651283
8440 80.326478 3.226124 56.607411
791 24.166667 0.000000 87.916667
11286 23.579580 1.758465 86.449986
792 23.333333 0.000000 88.333333
11059 72.275991 16.112404 47.733488
7405 72.325280 16.227322 47.593810
14362 72.036468 16.378759 47.586628
8361 46.374684 0.000000 57.661751
7159 46.346531 0.000000 58.198990
8396 42.418973 0.000000 61.493437
11339 64.965748 17.964094 49.535068
13697 64.935919 18.571762 48.941707
5748 64.162723 18.755360 49.144523
9826 33.631464 33.544295 49.606429
3018 33.006322 33.653088 49.810098
11188 27.386038 18.151814 19.737573
12777 26.633480 17.490601 19.141110
11187 26.411975 19.462324 19.686941
14466 46.711423 14.255992 62.374040
7481 47.248567 13.471160 62.891085
8314 47.308230 14.303919 62.027661
16417 7.761999 11.654653 18.267475
16467 8.053220 12.091922 17.388977
12728 7.676887 11.526858 16.713460
16027 72.767586 1.595692 62.018920
8578 71.947994 1.604381 62.420018
4528 77.502315 12.452982 48.783408
4527 77.782101 12.269460 48.827220
13093 77.706533 12.411862 48.722459
4850 38.358358 0.000000 55.628374
6523 77.647094 10.040340 51.126073
931 86.586279 0.295262 56.411303
929 86.228767 0.167011 56.718439
930 87.021714 0.153980 56.335009
20751 25.185185 0.000000 12.592593
14838 82.503566 8.932529 49.806755
15098 82.693191 8.820817 49.823767
3743 82.653322 8.904613 49.759822
6131 75.208492 10.364982 52.020407
13522 72.972409 9.056525 54.448214
13589 70.374533 13.212127 39.586904
14636 69.629630 0.000000 34.814815
9459 8.002249 12.015389 53.438651
13162 8.118870 12.190495 52.531359
6897 88.876482 8.262853 47.290643
8703 88.766316 8.421053 47.187368
8171 85.539852 9.692675 47.527707
10427 85.453287 9.649878 47.613828
3373 85.958230 9.375688 47.635822
13687 74.867845 16.452774 46.096850
2233 74.651489 16.530867 46.126857
13688 74.900793 16.328630 46.204645
8884 18.038648 27.085057 49.542105
7858 18.139682 27.236760 51.057895
10141 18.498807 27.775987 49.483779
6786 81.425679 4.017840 55.265303
6785 81.426841 4.062197 55.220320
7754 38.026420 29.899709 51.057182
10353 38.277656 29.173976 51.658022
7752 38.622970 29.430100 51.228985
5992 75.867335 9.219057 52.838057
5176 75.959323 9.279833 52.731226
14735 75.734203 9.367248 52.756283
8579 82.001629 6.994336 51.997856
5091 77.746796 14.671935 46.439995
11850 21.372774 32.091253 23.349126
1251 21.106580 31.691561 25.466199
15577 21.810389 32.748332 24.218352
3856 85.358505 6.503745 50.810499
3857 85.354661 6.615140 50.700915
1513 65.137779 13.949477 53.467684
14819 64.465107 14.761664 52.991021
5737 8.377597 12.578975 18.237640
16835 48.830634 10.570998 65.003114
5731 47.892706 10.826369 65.216451
12742 48.581269 9.636239 66.063490
7044 0.454636 0.000000 90.954037
2447 0.929460 0.000000 88.106909
2833 0.797407 0.000000 92.379265
16519 8.063310 12.107073 51.669404
4358 3.846361 5.775316 44.728707
3349 3.786831 5.685933 42.785144
14317 3.605717 5.413990 44.161862
1707 48.270636 0.000000 33.479843
1629 47.292156 0.000000 33.991577
1708 47.697599 0.000000 32.735477
4019 87.208552 6.292886 50.096545
4020 86.734516 6.515573 50.110653
1765 86.986856 6.290108 50.210173
1085 7.294638 10.952910 46.109470
6977 47.592579 0.000000 60.812741
6978 47.798552 0.000000 61.406008
6976 47.348729 0.000000 61.423039
16767 70.039973 12.704055 52.263255
5774 70.287152 12.806841 52.036776
13033 69.824790 13.072295 52.002237
16163 70.836092 20.093778 44.468082
10259 70.917061 20.267215 44.253988
15518 70.453368 20.511916 44.240888
16411 79.567867 5.871364 54.338831
11807 79.648963 5.924775 54.244818
10744 37.434986 36.491283 30.869090
14369 37.828199 37.587604 31.430772
16459 38.201394 36.632217 31.299226
5896 90.016676 4.846872 50.139943
13632 38.627161 0.000000 66.837818
14907 38.798311 0.000000 65.747681
8717 72.654962 0.000000 38.394899
12234 71.909723 0.000000 40.366598
13137 46.163913 5.262344 71.650437
15829 45.335366 5.244480 72.082593
16286 46.052613 4.204309 72.765181
10882 47.455320 37.323942 38.911074
10881 48.231403 36.825534 39.021939
1090 47.836597 37.766818 38.277117
2286 70.186806 15.751458 49.139387
2284 69.912021 15.752278 49.275959
13492 76.987062 10.301403 51.194764
4796 8.910043 13.378443 52.825262
15356 8.941644 13.425892 53.784001
15213 77.651001 5.306687 55.862505
12603 77.291965 5.288443 56.060286
15214 77.712996 5.090055 56.048357
14004 77.067106 11.058041 50.397348
845 77.100443 11.126762 50.311890
14350 76.887786 11.202814 50.342090
20926 76.062242 17.431918 44.519529
20927 75.789175 17.735384 44.352293
2535 75.685203 17.944391 44.195063
20930 75.466542 18.017089 44.231623
15635 70.132257 13.900692 51.019278
8136 69.790374 13.890147 51.200776
16014 70.261452 13.567795 51.287911
890 84.346792 0.000000 45.208455
10241 25.152329 32.456028 54.935352
13971 25.624594 33.364202 53.790137
10242 24.450816 34.092627 53.647873
7850 11.753695 17.648190 54.100950
12894 11.718401 17.595197 52.573857
16216 11.400525 17.117905 53.777863
12544 8.590409 12.898513 57.050965
395 8.406782 12.622796 57.241587
394 8.483818 12.738465 57.888175
9475 84.512659 8.862445 48.872363
4805 84.534477 8.940294 48.783527
15348 84.279116 9.046471 48.804925
7975 34.394903 0.000000 29.901076
15016 33.968436 0.000000 28.922493
10067 14.474575 21.733596 68.368530
2713 14.890803 22.358563 65.924225
2712 14.438373 21.679239 65.816327
17026 13.742857 20.634921 72.473016
16630 14.458495 19.569524 73.181659
17092 14.271429 21.428571 71.414286
12239 34.823778 4.818892 77.764400
12993 34.476918 6.485153 76.269903
7047 33.800616 5.616084 77.477992
4943 81.518233 5.511530 53.723842
6086 74.264431 16.285080 46.566420
11064 73.968197 16.423718 46.575760
9994 74.254834 16.152740 46.703690
15353 81.723590 3.879254 55.255072
8461 81.698473 3.857580 55.289326
12705 81.786875 3.837400 55.265325
6701 73.369912 8.083288 55.223673
11544 73.287062 8.279478 55.068711
14498 73.025469 8.270429 55.208566
15127 39.391814 11.231244 23.435912
2252 38.957926 9.766918 22.731346
7208 38.350242 11.559531 23.024445
13508 6.178659 9.277265 65.844439
1823 37.472023 45.304787 35.913897
20788 77.122904 11.472017 49.955059
20791 77.203326 11.428628 49.958280
4500 77.410820 11.246275 50.037069
20764 77.307206 11.366921 49.968109
13813 15.950490 16.747714 75.260293
16578 16.812079 16.328332 75.249300
13814 16.333555 17.930377 73.884915
4740 81.659589 9.190433 49.970582
4741 81.833041 9.149612 49.924718
4742 81.618712 9.282399 49.898963
14323 12.751893 19.146986 14.500301
12324 12.600000 18.918919 12.600000
12326 12.302295 18.471915 14.079260
16161 18.483334 4.873238 10.864455
12981 80.795771 4.068428 55.529618
2390 80.754252 4.217631 55.401025
15046 80.446526 4.232775 55.539730
7313 50.735773 0.000000 56.626281
7314 50.960404 0.000000 55.904047
7315 51.295221 0.000000 56.484817
6918 23.894202 33.047960 22.952072
11074 24.698438 33.112306 23.375617
9069 24.539689 32.124177 22.967195
13928 74.630832 17.170704 45.496709
402 74.985682 16.925655 45.564578
16652 3.892070 0.000000 18.866937
15268 3.375348 0.000000 14.032624
16672 4.204556 0.000000 14.996135
1442 8.966373 13.463023 51.811021
1441 9.110283 13.679103 51.162601
7319 8.913371 13.383439 50.937836
9930 85.756827 8.321796 48.791469
21253 85.441357 8.571691 48.699059
21254 85.411294 8.510982 48.774860
3865 85.145597 8.800410 48.617991
21260 85.437855 8.635318 48.637119
21259 85.407583 8.708538 48.578962
125 44.725955 0.000000 31.866385
1972 6.060833 9.100350 36.480278
1971 5.852522 8.787570 37.536666
4836 71.848615 14.432416 49.628844
20765 71.634804 14.683549 49.484366
10768 71.442808 14.688510 49.575397
4187 62.086316 28.421053 40.507368
17041 61.914210 22.174208 38.341117
15782 41.812929 0.000000 63.900690
5277 41.473317 0.000000 63.339193
16120 42.019021 0.000000 63.038045
11535 14.941118 0.000000 89.662407
10588 15.792424 0.000000 89.420454
12248 80.989677 8.454963 51.041743
13885 43.038065 5.938399 23.496520
2889 49.300157 0.000000 66.148127
7964 9.862281 0.000000 37.947644
11085 8.943184 0.000000 39.546340
7299 77.981912 11.277518 49.720249
13094 78.151626 11.216412 49.696559
5200 77.975974 11.367501 49.633145
5830 81.251038 7.102798 52.264580
2878 69.601247 0.000000 38.539110
16235 69.632269 0.000000 36.611245
10871 12.425456 0.000000 80.308869
626 11.924898 0.000000 83.062712
625 11.803119 0.000000 79.577383
14669 35.549643 25.445269 26.248096
3883 35.070229 26.460843 26.346575
17000 35.813170 26.499578 26.730945
11768 36.818253 0.000000 74.548170
15014 37.301789 0.000000 73.255018
14356 15.300000 22.972973 15.300000
14758 16.863424 21.833625 15.702309
14757 16.557243 20.604945 15.140068
817 28.871703 37.548457 26.939488
8514 29.619501 36.606291 26.999646
12801 28.870423 36.374078 26.547780
7624 82.137769 9.368936 49.552810
9112 82.214115 9.391798 49.491753
9422 81.982785 9.498465 49.500644
16836 78.543416 11.244953 49.472094
5019 78.333569 11.392638 49.429186
4041 6.101498 9.161409 37.987054
11556 41.379729 23.870584 55.415681
9550 41.528350 22.922740 56.290163
15225 42.039835 22.981519 55.975582
6267 51.390964 11.715493 62.577310
1391 50.964200 10.841086 63.665972
4724 50.822018 0.000000 65.953996
16326 50.222372 0.000000 65.745096
1790 11.740493 17.628368 17.020933
13619 11.513981 17.288260 18.540202
5471 11.877525 17.834122 18.413180
11201 84.560431 6.801865 50.911118
1963 4.370232 6.561910 27.236491
11118 4.625416 6.945069 28.352766
5972 4.621540 6.939249 26.220619
10230 49.642267 0.000000 45.712821
20909 49.642194 0.000000 45.036163
20920 49.849320 0.000000 45.152281
13563 50.233571 0.000000 45.957708
20921 50.403604 0.000000 45.372995
20919 50.614557 0.000000 45.514434
11944 0.000000 0.000000 13.043478
53 0.000000 0.000000 8.695652
52 0.517915 0.000000 11.121976
8342 37.800454 0.000000 71.969238
8343 38.350563 0.000000 70.645998
8344 38.590891 0.000000 71.632238
7283 25.626627 20.468926 66.697291
6995 25.568196 18.361936 68.835604
9972 26.698507 18.472644 68.159630
2890 49.713789 0.000000 65.720515
6264 73.501526 9.169397 54.070671
4687 73.879451 9.027281 54.023967
4686 73.686532 9.279165 53.868289
15229 24.915571 10.311338 15.891461
9755 24.494860 13.080735 16.603315
4108 25.604344 11.045637 16.480369
6906 51.557935 24.148895 50.047988
6907 52.034654 24.693325 49.264655
6825 72.211887 14.640079 49.239337
10479 72.260481 14.730575 49.124454
10481 72.027543 14.862424 49.108943
8899 40.807912 0.000000 67.589442
8901 40.212681 0.000000 68.028623
12397 34.503578 45.034834 37.668342
12396 33.990739 45.115157 37.844358
16644 34.499483 44.097752 38.608408
13886 9.807357 14.725761 73.464026
12860 9.451738 14.191799 74.499960
11955 9.743834 14.630381 75.598039
14059 72.129244 13.552867 50.368958
15918 72.449892 13.464125 50.297465
12950 72.146235 13.740851 50.172291
8692 11.628571 17.460317 76.707937
3946 74.581123 11.001956 51.696481
14456 74.588959 11.101742 51.592677
9637 74.387724 11.163775 51.631199
12667 33.503258 0.000000 67.818851
15547 34.483087 0.000000 66.949030
15546 33.939454 0.000000 68.795470
17227 75.630874 8.874617 53.301072
5132 75.328190 9.034374 53.292496
207 75.422593 8.836733 53.443134
470 74.171839 0.000000 41.279870
2281 73.461844 0.000000 42.277356
315 37.970688 0.000000 63.158510
4826 38.136241 0.000000 64.161383
313 37.450649 0.000000 64.225645
7161 80.187366 0.000000 45.157547
16310 79.827565 0.000000 44.066620
8473 80.540255 0.000000 43.717097
9356 49.745067 0.000000 56.675904
2358 49.925290 0.000000 57.390467
1467 49.358109 0.000000 57.400359
3421 63.433375 23.705758 44.553849
15222 64.346942 23.092870 44.710566
2828 14.989370 20.247634 72.237433
5561 23.703704 0.000000 11.851852
20864 24.536977 0.000000 12.816665
20868 24.253241 0.000000 12.872712
5406 74.781107 10.844295 51.754307
17156 74.993066 10.799513 51.693155
12097 74.781589 10.965152 51.633089
14413 4.969197 7.461257 83.762299
1944 8.868297 13.315762 28.734587
1946 9.068262 13.616010 28.876413
1730 15.660391 23.514100 63.195736
9555 15.177747 22.789410 63.896111
14542 15.386486 23.102832 65.366016
1309 81.696236 9.818646 49.323417
8418 81.654470 9.758039 49.404968
8417 81.881078 9.671669 49.378120
2155 17.457216 14.442339 76.814610
16579 16.657577 14.505726 77.150980
8531 17.362544 12.427957 78.878343
7107 81.983767 7.630207 51.370280
7108 82.076602 7.675854 51.278169
6066 45.276367 30.627695 46.703494
3654 44.709804 31.223350 46.390524
30 44.853595 30.437621 47.105144
7540 16.467439 24.725884 35.603598
6754 16.184250 24.300676 38.235735
17002 16.812868 25.244547 37.096770
10604 28.264746 27.013670 23.127925
7759 27.875097 28.111340 23.298625
7760 28.637828 27.708142 23.545725
12998 41.403492 0.000000 55.295723
16130 41.528589 0.000000 54.750542
1254 41.722834 0.000000 55.109332
16774 72.272308 17.062930 46.783853
2671 71.919187 17.311728 46.711366
3412 72.103979 17.044958 46.886008
6136 32.139260 18.378001 22.189504
6135 31.346633 18.362181 21.787923
13727 31.498248 19.614665 22.280807
13391 76.003144 11.010260 50.977157
10619 5.557710 8.344910 19.104329
9227 5.779308 8.677639 20.092866
9228 5.807834 8.720471 19.038323
4473 44.665939 0.000000 64.110465
4472 44.198006 0.000000 64.828098
3493 44.103031 0.000000 64.095084
15722 81.077976 12.891977 46.556143
506 87.024595 9.575349 46.902778
14982 87.469052 9.173985 47.082315
13661 59.988995 5.548689 64.451265
7870 58.844135 5.906477 64.665549
13011 59.286836 4.829577 65.522175
10623 42.184349 41.058547 34.764671
14258 41.041378 41.122981 34.214642
10187 73.466419 14.986394 48.265410
1877 73.735281 14.817712 48.299829
1876 73.527856 15.051875 48.169145
10531 87.848572 2.996348 53.076369
13664 88.184555 3.093812 52.810816
14470 87.456181 3.250934 53.017724
6818 24.274415 34.979473 23.785372
11075 24.072513 34.048977 23.374566
10124 82.340166 8.265274 50.556377
4541 82.555636 8.188247 50.525747
4522 82.374930 8.325981 50.478228
13236 78.124356 5.946455 54.985420
1209 78.272366 6.013220 54.844584
811 40.591608 15.599249 25.490354
13527 41.561829 15.566299 25.964492
15291 41.225512 13.992943 25.272406
3751 75.542371 11.229800 50.987785
758 75.345820 11.269332 51.046489
3749 75.549015 11.112193 51.102187
8548 40.076141 12.011593 67.938325
10158 40.409201 10.746501 69.038152
2898 40.961467 11.555662 67.952049
9083 36.633443 0.000000 38.189503
1990 36.074159 0.000000 37.724807
2341 70.089366 15.380870 49.559066
1459 47.500232 0.000000 62.019971
15663 47.134992 0.000000 61.914346
396 8.291228 12.449291 58.143965
5494 19.425633 9.110390 81.167683
7038 20.194498 9.094393 80.799264
7235 19.559430 10.896903 79.312486
10041 84.511980 7.894450 49.841665
10042 84.361413 8.045532 49.765716
2144 4.788956 7.190625 9.756940
2143 4.431154 6.653385 8.056495
11088 4.212107 6.324486 9.459465
9830 48.522433 0.000000 47.377871
9831 48.785177 0.000000 46.559142
9832 49.075742 0.000000 47.188423
12140 47.971858 0.000000 55.034255
14360 85.084415 2.467146 54.988179
7132 84.493478 2.554185 55.196521
5894 90.550308 4.481408 50.238957
5895 90.790313 4.522111 50.078210
15120 36.955665 32.523094 29.308023
7978 46.858459 0.000000 50.297496
221 46.550357 0.000000 49.724892
8219 47.029390 0.000000 49.475240
9699 17.412542 26.144958 52.178839
9700 17.749986 26.651631 52.838473
9701 17.720993 26.608097 51.065696
9424 49.947911 0.000000 59.808935
6450 49.596353 0.000000 60.541998
6449 49.358551 0.000000 59.821647
14106 84.760602 0.000000 51.913865
3565 84.142900 0.000000 50.847378
12486 84.938046 0.000000 50.365052
14631 67.276137 18.244984 48.098702
1450 76.790103 9.122230 52.473596
4317 7.575778 11.375042 44.715187
13747 7.461670 11.203709 43.840226
8564 7.355879 11.044863 44.945132
15205 35.013423 41.599883 40.851805
13950 34.656102 41.419403 41.211127
3848 35.108055 40.844914 41.560214
16547 3.662640 5.499459 14.272858
10943 3.190496 4.790535 15.038929
6662 3.749524 5.629915 17.038344
12903 73.888159 13.327711 49.714881
6600 73.780934 13.502397 49.593633
14281 7.132018 10.708736 54.469349
538 6.882968 10.334786 55.050107
6015 7.078890 10.628965 55.626292
13415 81.652481 10.734429 48.428596
21459 81.893676 10.533382 48.509246
21460 81.896516 10.593918 48.447230
15166 73.929502 16.595087 46.423567
6085 74.259001 16.425069 46.429006
4521 44.713016 0.000000 69.121169
10283 44.044008 0.000000 69.743043
7914 2.287584 3.434811 66.935853
7912 2.208262 3.315709 64.205174
4637 35.631361 0.000000 23.254843
14358 36.069826 0.000000 22.856528
14401 36.266041 0.000000 23.946772
782 35.116197 0.000000 58.131761
14365 35.646150 0.000000 57.029176
8928 35.791163 0.000000 58.248322
15357 49.650414 0.000000 55.957372
15681 49.233425 0.000000 55.718214
21461 49.569394 0.000000 55.411543
12463 38.129046 0.000000 72.798976
708 6.446286 9.679108 74.108502
707 6.477230 9.725570 72.739717
16353 6.190646 9.295264 73.897224
14635 44.737341 30.702533 32.592614
9199 44.408050 32.017657 32.865905
13537 70.385016 21.496127 43.289869
3613 70.247124 21.860162 42.994416
11653 69.829272 22.066861 42.996437
12261 87.407407 0.000000 43.703704
21663 87.361073 4.848714 45.295158
10614 45.091594 0.000000 55.580494
6057 45.410763 0.000000 55.702300
13039 80.145813 9.943622 49.973528
4203 80.007415 10.058724 49.927510
12416 75.913240 4.405099 57.633876
7173 38.347672 18.832715 61.974616
580 38.246490 20.010203 60.846542
1760 26.100760 32.242938 23.787278
13631 25.485158 33.179820 23.791459
1758 26.278489 33.227810 24.204105
6294 84.320407 5.516161 52.318119
7447 84.212630 5.430250 52.458005
5150 84.683105 5.274859 52.378314
6358 7.774798 11.673871 62.405688
5654 7.527061 11.301894 62.790397
2928 7.640025 11.471509 63.598499
12749 41.756548 0.000000 66.349965
5457 42.256481 0.000000 65.826075
2375 2.115534 3.176477 75.581093
8028 2.258819 3.391620 77.326930
8029 2.556043 3.837903 74.555331
11905 49.659779 0.000000 73.546759
13224 50.181718 0.000000 72.683786
15368 50.605257 0.000000 73.380666
13704 22.685408 0.000000 77.708570
7945 37.334854 30.337793 50.964442
3952 37.256815 29.523187 51.818882
12880 37.799312 29.340540 51.730464
3061 34.460054 39.316094 43.414563
5046 34.839228 39.575126 42.965685
16107 34.356495 40.240413 42.541099
7001 76.210611 10.575265 51.308854
2606 75.948054 10.661870 51.353441
243 76.127851 10.500302 51.425272
14435 79.562923 10.199859 50.008480
11904 79.501914 10.179095 50.059769
14560 79.651249 10.098858 50.065419
6693 20.904146 21.789383 17.707937
4017 37.303902 0.000000 38.562439
15544 37.128022 0.000000 37.448739
6355 13.314226 19.991331 30.753782
1180 13.624372 20.457015 31.477438
6356 13.631664 20.467964 29.683631
9757 51.187464 22.728371 51.655168
4642 78.589344 13.843975 46.847509
1402 78.202520 14.154501 46.730084
1401 78.257450 13.985673 46.871616
7881 73.053991 0.804456 62.667744
4755 73.588209 0.419759 62.785717
4754 73.796516 0.855214 62.245673
15613 86.285990 5.386584 51.465034
9670 1.587998 2.384381 28.028614
13501 1.614768 2.424577 31.207603
665 67.655321 19.189571 46.963579
666 68.119683 18.972023 46.949164
664 67.713545 19.435289 46.688503
16887 79.042057 5.316995 55.156659
2996 79.267149 5.253753 55.107419
2998 79.106981 5.388495 55.052627
10458 80.230232 10.113207 49.761564
5191 0.456199 0.000000 80.499484
8696 0.000000 0.000000 82.608696
9829 82.524263 8.130296 50.599442
4539 82.703840 8.072317 50.567691
9856 87.176018 6.791247 49.613952
9658 74.215569 8.432047 54.451737
12119 73.951528 8.659512 54.356064
12924 78.496659 14.021003 46.716647
11162 78.181105 14.301695 46.593451
14421 38.847171 33.539665 47.003210
13515 39.196186 33.062992 47.305852
8271 39.130733 33.788894 46.611950
12810 9.743290 0.000000 60.966429
12809 8.929758 0.000000 56.674796
12012 10.172849 0.000000 56.375368
3221 79.006305 8.477164 52.011206
4384 78.874336 8.451059 52.103322
4383 79.145931 8.347315 52.071372
9334 89.518151 5.669705 49.565550
3232 90.002277 5.343906 49.649612
9153 77.018570 16.051866 45.422797
12548 76.510867 16.400523 45.327642
21060 49.655742 5.106740 70.060283
21059 50.127766 5.234102 69.696781
866 83.381439 8.210330 50.090740
5087 83.246847 8.355434 50.012787
11063 80.129792 0.617676 59.316811
10328 79.720199 0.932693 59.206275
1114 79.530676 0.650163 59.583848
4322 43.847539 0.000000 55.346026
87 43.867569 0.000000 54.905901
416 44.049087 0.000000 55.082681
12541 77.351946 6.674719 54.642633
21387 77.456611 6.537638 54.727519
21388 77.565053 6.588519 54.622366
8962 77.180331 6.599221 54.804015
307 66.122236 22.302242 44.614338
16214 66.709786 21.770363 44.852974
2550 81.302432 6.224470 53.118090
2551 81.015942 6.281915 53.203832
21390 81.209674 6.182858 53.206122
380 81.494042 6.008063 53.238908
21389 81.382547 6.111646 53.190969
2549 81.223767 6.104472 53.277540
9074 76.039500 12.703232 49.264315
14331 76.014771 12.616252 49.363746
9073 76.236192 12.529591 49.339784
5779 80.577904 6.588585 53.115875
14944 80.556885 6.712968 53.001876
13192 43.087819 33.019718 45.403353
4843 43.476422 33.197972 45.030619
15180 78.626495 15.292987 45.378472
14291 79.122683 14.891698 45.532069
9490 79.037019 15.080399 45.386011
14245 67.189080 12.927749 53.464783
8002 67.783928 12.784250 53.311002
8001 67.334961 13.303064 53.016152
15179 48.967728 0.000000 67.465388
716 6.189180 9.293063 23.790440
238 6.032107 9.057218 22.393307
2259 83.521495 6.207769 52.025275
17309 83.789534 6.188906 51.910139
5762 83.451647 6.352665 51.915159
4179 86.578503 8.316365 48.386068
3500 86.810938 8.276937 48.309317
5990 86.307939 8.569159 48.268303
16921 42.913341 1.730949 22.033077
14041 86.511934 6.521902 50.215610
16927 86.309664 6.719208 50.119241
14502 86.079468 6.740470 50.213056
1193 2.039820 0.000000 16.675954
9741 9.793253 14.704585 19.092808
172 9.670664 14.520517 20.774069
171 10.068769 15.118272 20.374574
17338 79.223870 5.557186 54.825322
5346 56.692856 31.189453 40.432930
3599 55.933783 31.636253 40.365219
13107 56.775589 30.373886 41.207945
16273 76.972893 0.000000 50.831601
12401 77.850957 0.000000 49.879161
11504 77.521802 0.000000 51.923647
3588 9.678486 14.532261 53.700205
6653 9.679527 14.533825 52.667762
7777 69.589265 15.767813 49.421786
16420 9.664636 14.511466 51.687174
11779 9.871138 14.821529 51.838175
1718 8.047194 12.082874 45.471126
816 8.233281 12.362284 45.766237
280 8.217216 12.338162 44.751235
7609 22.012788 33.052235 37.417266
14119 13.289526 19.954243 50.410433
1430 13.803602 20.726129 49.198299
8208 71.217084 17.500439 46.873519
7644 71.021353 17.786534 46.685003
15117 70.847296 17.757816 46.800778
17106 67.041826 18.919130 47.541037
14630 66.909725 18.729291 47.797117
14632 67.411607 18.458307 47.817431
7112 77.851094 7.970677 53.095805
7111 77.803104 7.882041 53.208525
3055 19.280827 28.950191 30.068577
8118 18.987059 28.509098 32.089413
12644 77.128569 14.915317 46.505483
12645 76.816402 15.029848 46.546921
2873 77.206043 14.749734 46.632494
3396 78.059098 7.206721 53.756524
3398 78.335992 7.063810 53.761130
6740 7.877479 11.828046 47.231983
1716 7.870931 11.818215 46.168507
11349 7.681524 11.533819 46.896082
16857 7.047685 0.000000 8.049761
178 7.091981 0.000000 12.670220
177 6.100984 0.000000 7.584934
12009 36.638876 31.165520 50.483877
2499 36.525980 32.126440 49.578444
12529 36.022551 31.919530 50.037275
2205 82.210188 8.538842 50.347525
5003 81.997845 8.695167 50.297215
3808 49.912461 0.000000 65.018721
17251 54.505541 0.000000 43.456715
13150 65.770288 11.872776 55.230208
21061 65.441877 11.418181 55.849462
21062 65.998989 11.331856 55.657317
1335 78.589152 10.363332 50.331729
5565 78.447265 10.490569 50.275308
16727 78.403486 10.443813 50.344000
15774 30.640134 14.008341 70.657583
13211 29.775502 13.685665 71.412898
7758 30.740268 12.298397 72.319171
662 76.568746 11.552376 50.151698
965 76.399264 11.583033 50.205752
4012 76.600535 11.443656 50.244633
6933 6.526463 0.000000 76.664711
17271 6.084559 0.000000 73.988475
4307 6.980096 0.000000 72.840088
7092 81.773888 8.679522 50.424854
7091 81.766912 8.610864 50.497069
16047 81.965282 8.544155 50.464660
9441 9.368325 14.066554 71.446509
14447 9.025447 13.551722 73.022510
14538 9.431915 14.162034 73.059742
14393 63.014753 0.000000 35.483387
16115 63.764119 0.000000 35.898828
8626 63.081721 0.000000 37.351873
4025 44.338826 2.171897 75.656518
7791 44.665331 2.769356 74.895210
7790 44.069056 2.988990 74.973493
7957 21.713187 0.000000 69.405439
12356 22.369210 0.000000 71.035724
181 21.440404 0.000000 72.206889
5987 83.883162 0.000000 52.535847
10534 84.566247 0.000000 53.552887
6985 73.107759 17.413712 46.014995
4593 72.796899 17.743490 45.840317
3393 72.754919 17.619509 45.985412
1581 68.856128 19.189613 46.363133
5741 68.612575 19.538030 46.136144
14782 68.435098 19.468598 46.294384
14550 8.954812 13.445663 57.910074
17012 9.093557 13.653990 57.030585
959 36.689098 40.188015 31.727158
1532 36.204643 38.804908 31.024356
1531 35.499816 39.965564 31.058441
21361 35.396138 45.482674 32.843799
21534 35.612976 45.981020 33.118168
176 6.098366 0.000000 12.083063
12546 83.484877 2.264507 55.990790
20659 83.335011 2.448126 55.881920
20667 83.161852 2.389241 56.027444
5305 24.184827 30.404136 57.473046
11449 25.390503 29.871931 57.402945
15588 24.605711 31.509123 56.156513
1714 73.832514 15.011258 48.057474
1715 74.036799 14.812052 48.154736
16378 50.383133 0.000000 52.617533
12672 50.333389 0.000000 51.695788
7896 50.873683 0.000000 51.941426
2905 58.844627 7.817249 62.752620
14518 57.846454 8.146268 62.922359
2903 58.334653 7.030704 63.794939
6809 18.652278 0.000000 73.372021
6020 18.079418 0.000000 76.703445
6601 74.013914 13.342749 49.636952
17234 74.187635 13.139760 49.753282
6223 37.030527 33.875043 29.795653
6222 36.112852 34.881254 29.671884
10180 37.179512 35.236836 30.323623
16082 18.529209 27.821636 44.445597
9881 18.718839 28.106366 46.051348
16210 19.061451 28.620797 44.128016
13741 77.535094 11.648589 49.572216
295 7.786141 11.690902 74.302303
2834 8.027486 12.053282 72.782972
2836 7.667759 11.513152 73.260265
11532 7.306519 10.970749 29.919698
8080 27.572200 35.332322 50.846245
8081 27.908665 36.537764 49.471366
8079 26.899184 36.737063 49.776608
10843 7.742341 11.625137 36.242263
15437 7.654840 11.493754 35.147562
11209 30.585299 42.550872 42.113928
13250 30.876380 43.479080 41.039251
7381 30.298332 43.909870 40.897055
2725 86.258754 8.882020 47.979721
11447 85.772578 9.135729 47.968846
7636 8.912726 13.382471 32.540041
7151 9.070605 13.619527 32.017720
3085 8.903976 13.369334 31.718874
5061 49.484721 16.888986 58.351765
5063 49.561431 15.911627 59.291745
312 50.198313 16.043784 58.841015
16601 37.712975 3.038292 78.102183
9523 37.947143 4.274205 76.747949
14566 37.100254 4.402681 77.042789
5756 78.118270 10.265108 50.665492
3024 78.286250 10.158676 50.688041
16217 78.251138 10.246647 50.617538
10738 78.326360 10.590378 50.235851
9795 81.186295 11.216290 48.179346
2058 81.466771 11.035443 48.220136
7383 31.111111 0.000000 15.555556
20838 30.617078 1.226669 15.717020
20768 31.080544 1.462690 16.027348
7647 75.309390 14.366249 47.964690
8301 75.316549 14.493668 47.833564
8302 75.040216 14.610614 47.854667
1596 83.428235 9.507193 48.769182
1597 83.756344 9.293779 48.818756
1595 83.662128 9.436809 48.722690
13426 77.008356 4.443730 57.047648
16613 76.658113 4.670662 56.995610
12448 76.424529 4.485342 57.297909
11315 31.090005 36.176421 27.591751
8515 30.362192 36.876776 27.461063
14147 23.533344 22.706673 65.503948
14725 23.745153 21.034766 67.071623
6996 24.555016 20.756882 66.944853
3187 18.763873 28.173983 61.295933
12783 71.943795 6.074845 57.947182
8057 71.406149 6.414263 57.876248
15062 78.801215 13.019437 47.566936
15063 79.078600 12.925657 47.522117
15064 78.681585 13.202664 47.443341
9090 80.812779 10.270380 49.312960
9092 80.654275 10.302365 49.360195
8646 80.896586 10.142263 49.399302
13382 72.965271 16.961145 46.539258
8243 73.323389 16.613078 46.708614
8245 73.362517 16.738445 46.563558
15080 76.919227 4.184934 57.351267
11670 77.366608 3.939874 57.372882
6071 85.526237 7.861437 49.367583
16123 85.674578 7.872952 49.281887
16122 85.351972 8.030089 49.285895
4822 80.892719 8.890305 50.654446
10219 5.185185 0.000000 2.592593
20813 5.222611 3.582172 3.804168
20862 5.518256 4.224812 4.165990
1501 6.614599 9.931831 66.743814
13685 87.500000 0.000000 56.250000
12079 87.867178 0.147701 55.918562
3504 77.043494 4.699136 56.774418
3505 76.587184 4.907774 56.793726
4845 44.033778 32.604881 45.345625
8061 44.504827 32.788083 44.926715
7298 43.862551 33.397154 44.638173
14113 74.621768 7.220479 55.461417
14114 74.732011 6.995728 55.631271
12340 74.957984 7.071660 55.442276
4106 82.131189 0.782747 58.150876
4107 82.551765 0.535526 58.188056
11672 77.747099 3.968864 57.153618
11175 78.169376 3.855208 57.056249
9519 6.643926 9.975865 51.013378
14647 6.856231 10.294641 50.229865
13370 6.664430 10.006652 49.767508
17331 17.576046 23.994369 67.193614
1572 16.914286 25.396825 66.120635
13231 16.997218 23.451453 68.026487
14585 82.955678 7.082502 51.432576
42 83.174726 6.911102 51.494624
404 66.719784 18.552226 48.069330
8447 80.164913 6.699961 53.210882
10980 20.700000 31.081081 20.700000
713 20.580111 30.901067 21.532148
10979 21.150000 31.756757 21.150000
1268 71.399922 2.379282 61.918378
1266 70.662176 2.373091 62.293448
1267 71.214464 1.932042 62.458795
16642 79.788982 12.435015 47.658059
7733 68.108381 7.995392 57.942422
3879 68.588146 8.256953 57.440717
361 67.847823 8.615955 57.451518
8485 53.726563 0.589954 72.546175
12605 82.298760 9.422144 49.419054
9421 82.056678 9.530206 49.431925
883 29.469707 20.282024 64.962840
881 29.529452 18.730326 66.486218
6260 78.268564 9.906389 50.949422
17095 34.205892 0.000000 27.001466
16745 34.127143 0.000000 27.979227
12818 33.645517 0.000000 27.095411
6521 88.924483 4.784842 50.748131
11292 88.341837 4.945105 50.879032
9610 72.042861 16.641793 47.320135
12330 71.801066 16.957927 47.124582
11801 71.642912 16.907999 47.253637
5615 8.470975 12.719182 53.268494
13988 8.680831 13.034281 53.028589
5635 75.147582 16.194752 46.215263
1104 75.458144 16.023641 46.231264
1103 75.156740 16.312604 46.092713
13557 30.597613 0.000000 57.357228
1908 31.282057 0.000000 58.371695
12945 30.423683 0.000000 59.602841
2809 81.863481 4.204051 54.860004
9399 81.607286 4.279867 54.912210
8746 19.505596 29.287682 56.029843
16626 19.710697 29.595642 57.507233
2931 11.661096 17.509153 40.723642
5113 40.399098 0.000000 51.762188
5114 40.772908 0.000000 51.179005
2153 40.829116 0.000000 51.875082
12666 72.284999 8.868800 54.979832
1189 72.719444 8.754836 54.876687
1191 72.436823 9.058102 54.714429
4109 26.734065 9.245204 16.445686
3997 25.969433 9.033250 15.992789
17050 41.064836 4.866860 74.595855
12051 41.826113 4.637667 74.444639
7454 78.554587 10.650133 50.061923
4981 78.445392 10.726346 50.040232
20771 78.460141 10.682134 50.077113
4982 78.340863 10.723840 50.095005
20825 78.325671 10.767490 50.058907
20806 78.254270 10.807431 50.054626
1107 79.961744 6.452466 53.560210
21423 79.831256 6.550174 53.527648
21407 79.751535 6.547672 53.570013
11623 75.759758 10.944318 51.164859
11918 75.741992 10.833833 51.284337
11624 75.976745 10.768309 51.232550
6824 72.133054 14.531266 49.387676
20784 72.002902 14.484480 49.499584
20790 72.182380 14.399369 49.495042
10103 72.463890 14.383707 49.369964
20773 72.356125 14.318514 49.489105
20774 72.562309 14.214272 49.490359
17180 42.278143 0.000000 54.724424
3144 18.086442 10.578746 80.367454
8533 17.308071 10.004543 81.331417
12730 75.244575 9.899531 52.468282
3406 74.967165 10.002650 52.503765
4266 75.140616 9.811700 52.608180
16042 76.202672 12.256568 49.629839
9226 76.428388 12.089705 49.684011
17074 76.386339 12.211947 49.582672
9415 11.018959 16.544984 60.549019
8161 11.423591 17.152539 61.110241
8160 11.430934 17.163565 59.123368
15604 48.502468 1.250274 74.497241
9641 48.745511 2.374455 73.250416
3528 81.350871 6.445244 52.872875
12523 81.359828 6.555740 52.757790
5550 81.108786 6.598042 52.840967
2159 71.825340 12.869759 51.204701
14460 72.047626 12.606959 51.356621
2160 72.154573 12.718968 51.191027
2364 4.808467 7.219921 32.996696
14228 42.185104 5.525407 73.376516
11882 37.881002 10.046391 22.285949
5352 36.534564 0.000000 41.371008
5079 11.164606 9.983454 8.906793
4493 12.417008 4.213536 7.611612
11106 8.616881 12.938260 55.630192
3774 8.523098 12.797444 56.389236
3042 8.737945 13.120037 56.113426
1780 26.368640 25.825029 60.964826
1782 27.250614 26.079181 60.269433
9068 26.166987 27.366040 59.523101
6987 82.402307 12.771481 46.014595
12142 82.668361 12.441809 46.211568
10314 83.075487 12.271846 46.178139
3358 75.324054 13.205952 49.118815
3752 75.510212 13.088381 49.143425
15592 79.526579 7.139845 53.089726
12658 79.528783 7.242813 52.985552
12659 79.317613 7.275539 53.058379
6163 67.564842 0.000000 52.779068
15936 71.531121 17.883003 46.333554
11183 84.443009 7.572650 50.198273
17116 84.315735 7.726981 50.107424
11184 84.122587 7.744516 50.186446
8546 80.380956 6.262586 53.540673
1105 80.224880 6.368880 53.512312
2100 80.182478 6.293130 53.609338
5607 74.552253 9.072384 53.642417
14583 22.863280 22.143873 66.402343
11051 40.300314 0.000000 63.910834
11049 40.641657 0.000000 64.549063
11050 40.041374 0.000000 64.888137
1797 15.409954 23.138069 61.829892
9556 14.933489 22.422656 62.658671
5718 4.460025 6.696735 38.828698
5074 4.491717 6.744320 40.714579
4978 17.708002 26.588591 60.908214
13348 17.577086 26.392021 59.316657
3931 17.215787 25.849530 61.237673
5444 85.502139 10.436292 46.802202
16329 85.570223 10.516919 46.687453
9014 84.850839 10.959531 46.604090
8414 31.892723 26.474906 24.762505
14238 31.808026 25.613260 24.433228
2706 31.211895 26.645164 24.478787
15867 44.295118 0.000000 55.015759
976 44.401066 0.000000 54.531603
4401 44.661040 0.000000 54.896186
6885 81.465288 8.795061 50.463500
16949 81.572868 8.686367 50.518513
6883 81.630135 8.714364 50.461854
3002 81.764977 0.000000 42.313243
3003 82.173773 0.000000 43.814973
3004 81.300820 0.000000 43.726298
6495 72.290815 15.073326 48.766193
6494 72.036246 15.133399 48.833344
7665 72.357373 14.889633 48.916791
14763 24.198498 0.000000 60.970989
5886 14.855211 0.000000 86.693930
5887 14.094984 0.000000 89.866561
5888 14.022787 0.000000 86.657086
12857 51.533811 0.000000 40.211489
4058 50.793056 0.000000 40.553310
6675 1.853618 2.783210 42.734718
4683 1.582708 2.376438 42.994335
11508 1.754967 2.635085 45.370391
5874 28.213997 39.767457 27.349562
4624 45.662415 0.000000 71.257680
8482 76.340773 16.373985 45.439255
12547 76.864460 16.017948 45.533804
15868 83.090885 5.327818 53.121412
1182 82.748226 5.411964 53.208511
15982 83.007514 5.237647 53.253358
13967 44.116625 0.000000 55.428972
13968 44.196184 0.000000 55.879760
12844 43.887508 0.000000 55.811243
5126 43.725617 0.000000 65.484915
3491 43.679941 0.000000 64.680329
15955 5.865275 8.806720 10.501030
12103 76.677795 8.540182 53.112380
12691 76.744858 8.628411 52.990531
3686 76.461321 8.721727 53.038891
3132 9.405716 14.122697 49.072433
1155 9.101094 13.665306 16.914882
1157 8.744676 13.130145 16.047376
9109 92.477713 4.421014 49.335709
9108 91.683431 4.757480 49.396047
542 78.800489 9.361119 51.229276
588 78.851397 9.253840 51.311208
10757 78.996583 9.246338 51.246124
14043 83.737376 5.185973 52.940154
9623 31.905523 7.654893 76.384691
7680 31.139786 7.072442 77.350593
9624 32.058730 5.956673 78.008005
10845 41.453748 32.630213 46.610283
17055 40.990442 32.586417 46.885776
4257 49.477970 3.041281 25.751732
6197 49.549376 1.163938 25.162279
8886 40.537235 32.497245 47.201640
10115 8.951077 13.440056 48.558993
16859 9.131542 13.711025 48.526527
182 9.059374 13.602663 47.809603
13469 50.150526 37.368421 37.518947
14046 50.852632 36.842105 37.694737
13470 50.227056 36.388691 37.230962
3702 66.786910 15.639537 50.951368
13013 66.403850 15.457747 51.324871
15446 67.133795 15.036339 51.381727
3092 75.697549 13.226743 48.911256
459 75.952080 13.106288 48.904566
7844 75.740915 13.334304 48.781904
13305 63.029999 11.436502 35.323355
13306 63.843276 12.672453 36.141565
2412 63.385870 5.980627 33.684484
12473 52.475599 0.000000 56.026580
656 53.165326 0.000000 55.522289
11042 52.968951 0.000000 56.763581
14755 81.560040 4.031777 55.184171
14777 81.676230 3.989286 55.168609
10910 54.100256 8.187358 64.754327
10909 53.704112 9.112290 64.026541
12555 53.360186 8.310254 65.001343
540 78.610978 9.476178 51.208857
541 78.645992 9.378271 51.289355
5294 7.341773 11.023683 24.504660
4626 7.268105 10.913070 25.190078
9599 44.345894 0.000000 37.991530
7265 44.402861 0.000000 39.139312
16149 23.870176 0.000000 18.152052
12625 6.710831 10.076322 45.323463
16344 6.891064 10.346943 45.944959
8647 78.484951 9.684708 51.063132
9740 78.695602 9.567332 51.075300
5121 78.639567 9.672641 50.997903
15041 79.690313 10.450725 49.693668
14174 79.876659 10.383819 49.667468
15729 78.289811 12.559227 48.283309
7595 78.377411 12.402780 48.396112
1235 78.584379 12.352764 48.342694
14617 20.508848 23.456498 66.265622
14592 19.691683 23.161809 66.969188
15189 20.629098 20.996592 68.667863
12017 13.108130 19.681876 34.083836
1181 13.226244 19.859225 32.295468
4705 92.121854 5.770107 48.163195
1229 92.978947 5.263158 48.242105
8400 76.439379 15.688493 46.076128
12487 76.119776 15.937165 45.987010
8401 76.277147 15.719230 46.126477
9996 78.569305 9.570303 51.135474
13114 9.464118 14.210388 17.910749
15783 41.234099 0.000000 64.228751
11491 41.986029 22.168402 56.816415
11870 17.060268 25.616018 59.343691
271 16.722817 25.109335 57.969398
6090 45.604461 19.607615 57.570547
14534 46.153449 19.744978 57.158552
16541 45.598381 20.425022 56.755362
7306 32.221512 34.832142 27.709859
7305 31.749986 35.744547 27.777927
9330 50.001275 4.460315 70.534587
3868 77.986588 11.019629 49.976058
20776 77.889884 11.035159 50.008865
16782 71.851852 0.000000 35.925926
8718 72.592593 0.000000 36.296296
12233 71.867454 0.000000 38.047963
430 43.417483 27.683442 50.580133
3532 43.893279 27.712404 50.313244
12985 43.439856 28.407534 49.844131
8664 81.418721 9.753811 49.527074
15855 81.523666 9.757791 49.470618
12803 6.003614 9.014436 29.498184
5836 5.803870 8.714519 29.495673
8625 5.951729 8.936530 30.485082
9003 93.105634 2.648751 50.795783
8470 94.497849 2.260351 50.488465
14100 92.871289 2.980298 50.581077
7560 34.113893 7.053283 19.405690
5591 34.825454 6.825930 19.685762
5590 34.380988 5.572288 19.046066
16323 66.990909 24.482197 41.997867
3177 67.595348 23.995658 42.182673
1283 67.001053 24.736842 41.737895
832 83.843633 11.316533 46.750333
12836 21.567526 20.992358 68.202886
788 21.554486 23.580660 65.618517
572 81.000077 11.586385 47.901990
571 80.697239 11.725050 47.914605
10696 41.305171 10.157578 69.179679
3179 41.679759 8.893628 70.257599
9571 75.818407 10.607111 41.441371
6064 76.209753 8.386099 40.897448
517 74.814815 0.000000 37.407407
2015 40.321053 44.736842 35.057895
127 40.237173 44.132813 35.704468
2013 40.943571 43.703768 35.780742
8017 78.752679 9.462909 51.151288
9271 35.367155 41.044524 41.230854
15183 81.329060 9.584272 49.741614
14918 81.372294 9.498635 49.805720
16886 67.155600 21.909383 44.490908
16885 66.582254 22.190538 44.496145
13946 97.777778 0.000000 48.888889
10082 98.569308 0.000000 49.836426
11998 97.680794 0.000000 49.856520
12568 78.418646 10.778920 50.000978
12569 78.327616 10.798938 50.026454
11778 79.803397 11.508341 48.578453
11777 79.745568 11.649206 48.466361
11931 79.578273 11.692180 48.506991
2345 89.614268 7.148584 48.037133
8462 89.125827 7.365088 48.064634
2343 89.876437 6.876038 48.178867
985 8.036454 12.066748 50.816507
986 8.162396 12.255849 50.191144
984 8.029106 12.055715 50.086745
6999 9.948169 14.937190 38.877379
11714 10.108862 15.178471 38.932578
14216 10.090928 15.151544 38.217685
9861 66.501959 21.160464 45.567396
15948 66.762493 20.579487 46.018687
5421 30.150293 32.037423 25.743609
11297 30.699092 31.810169 25.942332
9823 30.307366 31.224881 25.551568
8126 42.052571 30.535400 48.407779
8125 41.619008 30.455373 48.704668
16492 42.101483 29.844016 49.075398
16155 66.772078 14.812702 51.786446
13706 67.492975 14.427772 51.811313
10094 32.801002 28.601153 54.969745
4525 32.359238 30.023070 53.767288
11331 31.816132 29.418625 54.643890
9714 63.705435 1.258389 66.887635
4114 64.178944 0.784501 67.125243
13547 64.648308 1.346257 66.328243
4814 36.865117 37.357804 44.172280
7370 37.327262 36.665286 44.634418
4812 37.289670 37.411079 43.906675
6474 48.641679 0.000000 52.269628
9711 48.350682 0.000000 52.869301
6279 48.196952 0.000000 52.257811
5120 78.832712 9.560083 51.014001
8774 81.826552 7.610702 51.468411
3312 82.145815 7.478371 51.441243
36 31.299494 42.617315 41.690321
4160 43.418964 0.000000 58.493184
4813 36.834635 38.082952 43.461648
14880 36.418068 38.727219 43.025020
4984 36.415816 38.055240 43.698797
7486 72.041545 9.701506 54.268020
12402 82.121336 8.341768 50.589223
15203 82.311168 8.200731 50.635484
1895 45.956426 0.000000 32.973282
12283 46.453584 0.000000 31.973171
16736 46.837582 0.000000 32.920979
15477 44.474743 0.000000 47.140745
11081 44.586644 0.000000 47.908191
6845 44.052454 0.000000 47.881168
9806 42.426335 0.000000 69.244136
11414 42.329195 0.000000 68.505660
11443 42.887531 0.000000 68.567612
12571 10.464091 15.711848 20.093844
12303 10.854065 16.297394 20.027775
12572 10.661041 16.007568 18.585881
15023 72.361306 12.489665 51.317192
9518 72.648984 12.404481 51.258623
17081 72.420012 12.601699 51.175694
3689 9.766541 14.664477 41.312483
3690 9.581507 14.386647 41.310427
3688 9.641243 14.476341 42.069935
14809 85.698663 3.456700 53.690512
15164 85.496562 3.355730 53.892634
2990 86.052155 3.233639 53.737049
1680 60.118611 26.698684 43.215311
1678 59.246207 27.342574 43.006979
1679 59.900359 26.302514 43.721004
8783 1.156274 1.736148 82.140577
8782 0.499773 0.750410 87.745145
17153 0.993339 1.491499 86.886556
643 71.660698 0.000000 61.974157
645 70.988294 0.000000 61.731032
12389 71.666104 0.000000 59.857367
7342 72.843991 15.862496 47.699646
7341 73.095726 15.758843 47.677536
10227 72.857064 15.986084 47.569398
6920 23.035521 33.008458 22.509577
13434 22.050000 33.108108 22.050000
2042 54.319129 0.000000 61.266239
2041 54.139614 0.000000 62.451429
11019 53.584578 0.000000 61.504875
1350 82.036812 5.902069 53.073623
379 81.722458 5.976302 53.156493
1351 81.987298 5.819843 53.180688
13354 70.932698 19.286976 45.227388
7428 71.301346 18.924155 45.406248
7429 71.299302 19.139824 45.191385
12426 6.433550 9.659985 65.149589
5956 6.676489 10.024758 64.454666
16479 50.992776 0.000000 54.993046
21463 50.793032 0.000000 55.512717
21462 50.560038 0.000000 55.271925
4361 87.316918 5.227515 51.108798
4360 87.835811 4.938037 51.139119
7073 87.810090 5.097075 50.992783
10472 80.451814 7.726848 52.039518
10361 9.109821 13.678410 50.249631
6912 77.896261 8.416183 52.627270
2682 78.117388 8.337748 52.595221
2684 77.962601 8.495660 52.514544
17007 28.774618 0.000000 50.988189
4696 29.073328 0.000000 48.763730
7201 2.595292 0.000000 52.170477
11610 73.630745 16.311360 46.856956
9872 98.333333 0.000000 50.833333
17020 8.688634 13.045997 49.539470
17146 8.544512 12.829597 49.611501
3985 8.560642 12.853816 50.409454
2995 80.425461 9.072027 50.706170
8112 80.382053 9.039678 50.760255
16304 80.550993 8.978603 50.736922
3910 83.670461 9.681537 48.473551
16513 83.538742 9.854905 48.365869
5010 50.774706 12.951231 61.648465
17265 57.109012 0.000000 67.001738
5822 56.350974 0.000000 67.635854
13376 56.243533 0.000000 66.258220
5216 74.215549 11.858137 51.022230
11921 74.424944 11.641342 51.134544
3334 21.293225 0.000000 87.370259
9319 21.677312 0.000000 85.149801
10221 79.546468 5.191843 55.029731
6584 52.849454 15.218369 58.341686
7236 42.382247 32.045162 46.731670
636 42.309044 32.747388 46.065342
10846 41.894869 32.675278 46.344612
9674 2.147732 3.224822 56.396170
9675 2.351154 3.530261 53.265846
5460 1.962826 2.947186 54.001361
11890 77.728217 8.550660 52.576681
11569 77.732173 8.654528 52.470731
13806 32.288108 0.000000 27.541394
14895 31.635911 0.000000 26.847329
13050 2.747783 4.125800 52.661744
8779 2.959398 4.443540 49.733569
13051 2.556478 3.838555 50.185929
4614 30.359293 6.888743 17.473598
424 29.590680 7.781493 17.386577
1822 38.211470 44.738050 36.111478
12468 42.689157 0.000000 51.786645
82 42.447734 0.000000 51.522039
81 42.798950 0.000000 51.218173
11283 66.718726 0.000000 58.065689
3839 66.707902 0.000000 54.682882
10437 67.624666 0.000000 55.524878
10715 77.028028 5.726689 55.753570
11334 76.596412 5.859243 55.836691
11333 76.830618 5.549837 56.029304
2947 71.438121 15.204504 49.061231
7168 71.291588 15.153553 49.185500
7761 71.605831 14.963684 49.218436
9282 55.555556 0.000000 27.777778
681 55.149032 2.755420 28.492071
683 55.929827 3.022499 28.971406
11364 79.992622 10.975031 49.017683
9193 79.852176 11.132077 48.930703
822 79.733267 11.119381 49.002866
17027 81.062204 5.528670 53.934699
9669 80.991756 5.452858 54.045811
14310 81.276976 5.401337 53.954774
15823 29.063035 11.447076 74.009960
11499 28.061599 12.902882 73.053415
16904 28.228079 10.926370 74.948664
3181 41.261147 8.030919 71.330476
16187 78.652357 12.853740 47.807227
16186 78.769030 12.876500 47.726109
13666 7.906541 11.871684 30.282218
8968 8.107358 12.173210 29.918397
12425 6.526085 9.798926 63.849783
10896 45.869505 0.000000 62.716159
6637 46.337588 0.000000 62.422382
6636 46.215378 0.000000 63.147679
550 83.319500 6.078858 52.255314
11407 39.533429 40.168000 40.025117
9245 86.496678 6.708509 50.036443
8076 86.893413 6.560828 49.985905
342 86.414697 6.842812 49.942997
7740 77.282021 10.558957 50.789474
4353 82.983557 7.762107 50.738352
8380 82.920188 7.380823 51.151702
15538 83.095920 7.382410 51.062248
14847 29.741586 18.632341 21.075363
12084 29.766468 27.921986 24.181255
7989 29.369091 27.281034 23.769130
11647 29.051450 28.387573 23.978787
8449 25.499855 0.000000 73.615022
5922 24.738861 0.000000 72.294551
3739 25.725195 0.000000 70.697676
3391 40.522382 0.000000 27.115152
16739 40.996857 0.000000 28.163036
1583 69.113866 18.839265 46.584963
9503 72.988137 6.537453 56.961941
5799 72.945318 6.183264 57.337893
5798 73.418221 6.196861 57.087831
16438 63.307481 6.146431 62.193682
14389 28.543384 42.857934 30.925798
21520 28.769688 43.197730 29.831766
21517 28.350000 42.567568 28.350000
17279 82.730240 10.036027 48.588817
16129 82.928360 9.984645 48.541190
10382 82.626111 10.177700 48.499067
8016 78.945304 9.349177 51.168822
1202 77.438269 7.014944 54.258906
6319 77.500034 6.852289 54.390841
4010 77.728760 6.865334 54.263420
11381 75.835205 14.531258 47.536608
6903 6.198817 9.307533 52.714912
1784 6.193999 9.300298 54.084783
12726 32.806578 44.741342 38.810628
13505 81.254284 0.000000 55.162377
3555 80.607142 0.000000 54.572669
6480 81.405883 0.000000 53.557190
10981 9.577031 14.379926 38.230310
10359 26.655603 35.327577 25.091885
8752 25.754045 35.433726 24.676453
11419 26.167043 36.336635 25.183621
13247 75.004936 0.000000 49.549794
12137 74.649697 0.000000 51.841897
5790 78.786861 11.856482 48.738231
4862 78.680044 11.872534 48.775571
2662 71.693789 15.330289 48.807486
6377 71.478902 15.607186 48.637756
2663 71.390984 15.497204 48.791807
8815 48.715687 22.557592 53.062007
8816 47.975046 23.130149 52.859198
8817 48.268988 22.114890 53.728501
8310 56.033575 11.917693 31.985380
7816 56.363742 15.456141 33.328766
11579 56.913859 13.092734 32.816810
17204 27.616183 28.315263 57.848331
869 82.931073 7.950014 50.576500
17326 15.469276 23.227141 48.996928
14627 15.283956 22.948883 50.723682
14626 15.832892 23.773111 49.769777
17321 78.707864 7.219437 53.419411
16174 78.567693 7.390002 53.318762
13276 78.418738 7.356677 53.426597
6826 71.918717 14.788310 49.237543
11264 17.113464 25.695892 38.130505
6753 16.688253 25.057437 39.215096
8111 17.155800 25.759460 39.813230
9488 76.753146 6.943940 54.672543
8154 2.768890 4.157492 69.302884
8489 2.742183 4.117391 66.454852
12057 2.362876 3.547861 69.693665
14891 78.658064 10.616923 50.043428
20777 78.647723 10.584190 50.081364
2043 7.018968 10.538991 38.012460
15594 6.860644 10.301267 39.066686
2044 7.109050 10.674249 39.140772
16212 85.207800 4.172741 53.219186
836 85.402393 4.239261 53.055303
1683 31.406229 0.000000 36.103202
2774 30.596506 0.000000 35.026360
7826 46.463779 0.000000 53.518432
9607 46.851978 0.000000 53.560612
9608 46.563851 0.000000 54.089104
2770 30.415518 0.000000 46.234899
284 28.823270 0.000000 15.885889
10156 28.822390 0.000000 17.462954
285 27.961941 0.000000 15.785974
16195 60.562464 28.663180 41.026925
15383 61.198104 28.429108 40.943411
15384 60.242006 29.421811 40.427765
4398 82.452317 7.067488 51.699286
4400 82.196901 7.257749 51.636542
6596 17.888860 26.860150 28.369845
5542 17.664530 26.523318 30.501563
5544 18.272054 27.435516 29.667401
1064 12.664253 19.015395 29.856935
16072 84.697451 7.710625 49.932939
12562 6.616926 9.935324 33.388155
1494 71.392335 4.482412 59.816939
1938 71.800718 4.032089 60.063520
5466 79.892662 9.240272 50.804156
10483 79.741397 9.364074 50.755864
12595 29.758976 0.000000 33.429964
12596 29.764473 0.000000 35.739434
14415 45.146182 0.000000 57.317535
14414 45.010399 0.000000 56.888406
5492 45.326360 0.000000 56.823956
9427 42.212721 0.000000 62.240598
9428 42.669066 0.000000 61.988392
3544 42.531554 0.000000 62.708196
3545 42.957587 0.000000 62.340057
2767 13.646535 0.000000 81.669747
2766 13.190552 0.000000 78.567642
1912 14.209494 0.000000 78.109124
12893 11.414573 17.138999 52.231890
15608 11.409374 17.131193 50.861640
16127 11.148159 16.738977 51.817394
12720 67.446568 15.895786 50.365034
3659 65.782043 0.000000 56.421337
14865 66.457184 12.555947 54.202905
10164 67.105160 12.489223 53.945707
14246 66.525932 13.073673 53.650288
4262 1.049875 1.576388 58.040006
16720 1.295509 1.945209 55.609735
4260 1.048549 1.574398 54.540073
1485 48.706730 0.000000 58.615565
2555 48.253680 0.000000 58.854044
9854 48.369542 0.000000 58.169960
7662 81.503177 4.391694 54.852325
16244 12.081882 18.140965 44.120271
3706 12.174712 18.280349 45.558098
5943 12.439611 18.678095 44.358997
7041 79.417164 9.711824 50.569882
5017 79.512715 9.686716 50.547239
5018 79.394243 9.765621 50.527491
17075 37.067673 0.000000 24.751969
17073 49.364426 9.534876 65.773376
1016 11.347221 17.037869 65.681923
15038 11.057521 16.602884 68.067508
2605 85.042467 0.000000 45.304097
2582 84.774183 0.000000 43.889482
2526 85.448640 0.000000 44.075587
225 1.789245 0.000000 73.467040
14445 1.284042 0.000000 70.699370
13173 2.398321 0.000000 70.080564
4231 74.122860 18.612569 44.307388
13024 73.534334 19.239033 43.974561
8872 73.429057 19.109592 44.156770
7138 85.832590 4.919791 52.158994
7137 85.451666 5.033205 52.235929
4356 85.642619 4.860701 52.313129
13718 66.237137 7.609165 59.264658
9472 65.871524 8.408996 58.646833
14066 39.574917 0.000000 72.000782
11011 38.895659 0.000000 72.382353
15013 41.784880 19.993489 59.094077
12465 42.026049 19.163398 59.804414
1539 42.298554 0.000000 38.973938
6196 50.275284 1.693022 25.701419
9533 50.370370 0.000000 25.185185
8393 3.354641 5.036998 17.935797
11249 83.858815 10.139549 47.920904
12279 84.038807 9.957988 48.012651
2943 42.863541 0.000000 59.252839
9647 72.419455 10.595689 53.183988
1021 79.763605 14.024721 46.079452
9176 80.019854 13.762945 46.213365
1022 80.208452 13.727676 46.154370
9146 63.922680 0.000000 44.993293
8960 63.135844 0.000000 47.286157
9939 80.315710 9.341297 50.491507
6984 82.342287 8.892870 49.927093
14023 82.583725 8.812167 49.887159
4234 82.340244 8.970176 49.850731
16311 81.745263 13.684211 45.429474
7601 81.974863 6.714402 43.223327
16984 81.252789 6.974274 42.948828
15171 21.767740 0.000000 62.398458
15923 20.920605 0.000000 62.407135
11282 21.668975 0.000000 59.642294
11991 41.704101 9.478062 24.008245
5250 41.741822 11.002252 24.534661
15216 42.462206 9.870693 24.518043
6257 83.438097 5.578579 52.696794
8384 83.696146 5.551406 52.594969
9401 83.402114 5.703758 52.589481
3497 81.926467 11.678180 47.346908
16765 82.174600 11.453177 47.448070
14846 82.233963 11.521733 47.349764
15890 27.474213 22.557321 21.248694
3665 27.070966 21.650422 20.745073
4319 26.700482 23.390937 21.139423
8415 32.339114 26.902751 25.128173
13213 32.150839 27.996570 25.398277
9559 32.846743 27.466221 25.569623
12580 75.203832 11.819860 50.566404
9583 75.350229 11.664608 50.648613
13243 75.417088 11.728000 50.551728
17044 79.181750 5.468257 54.935399
12673 78.946875 5.518864 55.002180
2997 79.357169 5.337753 54.978324
14708 43.714808 14.339562 63.788695
737 43.022469 14.279595 64.194890
736 43.672939 13.366586 64.783578
5573 33.692236 0.000000 30.686660
12061 33.796388 0.000000 29.809667
5574 34.152250 0.000000 30.566564
5980 34.505349 28.329405 54.389591
909 85.658068 6.060970 51.103936
908 85.637353 5.958213 51.217152
5122 86.009854 5.848145 51.141080
10044 38.619876 45.268027 35.376767
8375 38.916842 45.789474 34.706316
11453 79.302694 9.125877 51.213650
4893 71.423205 15.803435 48.469159
16731 71.180960 15.883190 48.510447
2045 7.253228 10.890733 38.088105
5008 7.167606 10.762171 37.025604
10622 7.720441 11.592254 23.743248
12554 7.800326 11.712201 24.796883
14785 8.009069 12.025628 24.019988
3107 78.905985 7.441424 53.098142
13191 78.919453 7.346605 53.186322
6470 32.141874 0.000000 57.585687
6471 31.494894 0.000000 56.465795
8323 59.802875 0.000000 59.008368
3629 4.223812 6.342059 25.570154
2607 75.717813 10.727588 51.402777
241 75.913312 10.565925 51.466853
9491 78.968925 15.257707 45.242573
9032 79.445977 14.862071 45.400078
16983 79.341565 15.043660 45.270514
2900 67.316365 0.000000 63.691349
3287 66.666667 0.000000 66.666667
6370 66.489024 0.000000 63.695240
6779 44.951052 38.106963 39.379404
10749 45.449729 38.255224 38.981656
14035 44.774313 38.902072 38.671870
6166 32.079406 33.090767 50.836439
10168 31.612473 34.185895 49.973683
14074 45.683218 23.290512 53.844589
14075 45.963664 23.959554 53.034654
6181 45.322772 24.098118 53.216398
8436 23.372297 35.093540 41.618258
11590 79.427233 2.164979 58.119239
7316 46.567240 14.949931 28.261947
7317 46.203276 13.082064 27.457965
3889 45.639848 14.893889 27.779589
3121 34.145613 0.000000 32.335329
3119 33.744427 0.000000 32.645367
3120 33.588797 0.000000 31.680169
10213 21.387538 14.825390 74.466015
10214 22.218680 14.680056 74.195924
6686 21.474001 16.712995 72.533291
15048 38.476898 17.622101 63.121828
7172 37.679382 18.523863 62.617922
14878 37.806487 17.262506 63.816988
1246 27.359920 10.456934 75.852648
10799 78.197170 9.743540 51.148132
10801 78.315840 9.731615 51.100733
7681 19.629238 23.402458 17.607638
21169 19.262727 22.476300 17.115971
7682 18.308890 24.612122 17.350282
5436 20.182499 20.168134 16.807238
21170 20.144010 21.713689 17.302664
6621 78.866354 4.877516 55.684430
9026 79.024770 4.626550 55.856439
6622 79.304510 4.703569 55.639472
21578 81.217486 12.585081 46.793590
11949 22.962963 0.000000 11.481481
6237 21.026265 3.749884 11.761844
6239 21.832793 3.670006 12.138508
10880 47.784702 36.338442 39.732869
6363 48.512713 35.783387 39.924473
15531 10.943890 16.432267 47.837123
15530 11.017811 16.543260 46.425603
17051 40.826142 33.521669 31.575787
10344 83.839779 2.392034 55.685684
12385 82.184140 2.762643 56.142524
12384 82.169584 2.983097 55.929128
12621 79.655776 10.931518 49.229663
558 34.979232 42.374711 40.093298
14321 34.528883 43.182646 39.509729
13951 34.574808 42.300658 40.369638
14050 9.066487 13.613343 40.331199
8650 8.936507 13.418178 40.255173
1525 8.974955 13.475908 40.952567
5105 49.867068 22.547492 52.496427
15864 56.823978 26.208661 37.139473
5167 55.980074 26.614979 36.852825
5169 56.928640 29.127644 38.163825
5783 83.260989 4.019014 54.346473
10001 83.628584 3.932288 54.249488
8584 83.392229 4.098164 54.201623
14574 27.986097 21.405723 21.121154
9800 10.862397 16.309905 52.583595
13817 10.929938 16.411319 51.266291
6609 36.384502 16.631079 65.160039
13328 28.163752 22.474016 21.565723
4748 22.944538 34.451259 38.524169
10719 2.469136 0.000000 62.086452
8676 1.978628 0.000000 58.536818
13677 3.784322 5.682166 86.982077
13676 3.442788 5.169351 89.478913
8953 3.986350 5.985510 88.326917
6184 36.815036 46.573269 34.972640
3408 37.654982 45.961979 35.164568
5672 78.072475 14.763499 46.185500
6960 78.468789 14.450844 46.300311
11690 64.298904 26.085223 41.739240
12940 64.819933 25.355634 42.209044
20691 75.948429 11.970613 50.043202
79 27.662426 38.626538 47.503623
80 28.209189 37.587182 48.270636
2615 52.387388 0.000000 48.114244
2029 52.038778 1.129426 72.850055
2031 53.026054 1.012865 72.473095
10654 45.354285 38.419681 35.470897
7122 45.490659 36.994045 35.064347
7121 44.550288 37.368537 34.718867
11743 69.765077 10.379893 54.727188
10780 70.336511 10.074944 54.746726
17112 70.172339 10.479999 54.423352
8637 39.288516 12.622477 67.720643
16282 45.849883 0.000000 57.118010
15124 46.140938 0.000000 56.964188
9305 46.087345 0.000000 57.429243
11676 69.920234 17.786435 47.235662
7461 87.121678 8.707896 47.722558
13705 67.160735 14.188672 52.216771
16612 35.680910 10.251214 71.898080
8459 35.041358 11.030424 71.437867
15765 35.222858 9.717046 72.661808
17254 41.214729 0.000000 47.540808
17173 41.122464 0.000000 46.631226
15870 41.653471 0.000000 47.136306
16222 9.560894 14.355697 22.324158
8430 9.290177 13.949215 21.262368
652 9.212215 13.832154 22.765300
14845 8.283613 12.437857 14.027460
12662 8.706942 13.073487 14.464238
11036 8.596315 12.907380 12.624343
12179 45.323783 0.000000 43.968417
15467 44.776605 0.000000 44.652771
10355 44.702917 0.000000 43.632107
3973 41.675610 0.000000 57.195003
7430 41.381012 0.000000 57.640587
3971 41.341845 0.000000 57.037377
3592 47.112411 0.000000 51.711145
9079 38.659529 0.000000 59.298861
7530 39.123231 0.000000 59.355127
7529 38.781837 0.000000 60.055328
15587 7.696884 11.556883 41.827586
16040 7.799581 11.711082 42.678064
9205 51.215607 0.000000 41.419886
9653 72.918149 10.819629 52.710477
21063 73.121900 10.652044 52.776354
10599 73.235964 10.734201 52.637082
9652 73.293981 10.499199 52.843312
21065 73.319327 10.588941 52.740806
8173 85.905329 4.336260 52.706740
835 85.647342 4.288743 52.883297
14509 86.150847 4.120771 52.799685
9116 7.054938 0.000000 62.206452
9114 6.232798 0.000000 64.663254
3775 8.336879 12.517836 56.554685
2046 58.425030 22.656698 48.108130
2048 58.534133 21.596366 49.114971
17230 42.523864 21.330270 57.386468
4377 43.063380 20.464692 57.983153
16177 43.152839 21.289019 57.113273
6493 72.060358 15.258133 48.696430
4288 72.212835 15.255027 48.623300
12302 75.928812 9.491588 52.534514
5177 75.830836 9.431007 52.644144
1606 76.089983 9.326504 52.619178
11920 6.450539 9.685495 50.508488
886 6.484558 9.736574 49.233241
10211 80.039503 7.327250 52.645671
13064 80.014948 7.254071 52.731202
10209 80.259508 7.209997 52.653039
3591 46.682674 0.000000 51.929811
9384 69.980941 14.740715 50.254074
3903 69.995706 14.495042 50.492610
7902 70.338387 14.437931 50.378437
12843 43.560375 0.000000 55.702055
7069 8.377333 12.578578 47.033969
7068 8.237291 12.368305 46.764696
2417 95.833333 0.000000 52.083333
3680 95.500495 0.269989 51.979494
3679 94.619903 0.287660 52.402101
7364 0.738027 1.108149 61.339138
2677 0.796489 1.195930 64.866952
14836 1.115349 1.674698 61.265540
17103 32.302280 0.000000 60.421124
8572 32.659142 0.000000 61.374122
15859 31.990146 0.000000 62.023599
14861 60.702648 23.183617 46.441875
14863 60.086727 24.331624 45.600681
9617 59.881813 23.812992 46.222288
14483 20.789427 0.000000 70.657894
8163 19.799941 0.000000 72.514508
16482 20.090948 0.000000 69.029778
551 83.062342 6.103158 52.359568
6360 83.093747 5.983151 52.463992
8583 83.067345 4.163644 54.298520
7593 78.088976 12.601345 48.341566
10890 77.987960 12.766421 48.226832
10550 42.946615 0.000000 54.347378
13844 43.218586 0.000000 54.101471
591 11.795102 17.710364 55.794120
593 11.829173 17.761520 57.626412
8800 12.212742 18.337451 56.045346
143 36.521793 8.904044 21.225943
12823 37.414735 8.524863 21.546147
12824 36.742383 7.050463 20.718996
15073 78.008088 11.193066 49.791697
7480 78.116968 11.173877 49.756465
11573 22.099499 33.182431 30.508795
15543 74.563514 15.998402 46.703843
6425 33.259752 41.676857 41.651590
12583 32.598205 42.541898 41.116457
1471 32.815894 41.259254 42.291540
12177 45.285385 0.000000 42.901398
12178 45.926238 0.000000 43.292271
5687 33.139007 23.864524 24.516390
13857 4.783351 7.182208 68.100757
4990 77.119899 14.117506 47.308427
16575 76.881315 14.215984 47.329142
9875 77.226145 13.933891 47.439102
4284 31.775534 9.322780 74.780131
7830 2.526931 0.000000 12.761912
6202 16.286617 0.000000 17.626451
3966 17.123633 0.000000 21.284354
3763 15.879211 0.000000 21.000369
4950 58.566432 24.127698 37.317740
13244 58.248435 25.776347 37.707741
14111 60.736144 24.384951 45.222592
14112 60.510570 25.252171 44.467291
14110 59.871280 25.278282 44.760800
13745 31.851116 0.000000 65.624534
13743 32.370142 0.000000 66.264860
13744 31.603368 0.000000 67.142147
1749 19.998891 0.000000 37.782686
16938 73.847193 11.106365 51.958932
16146 73.620304 11.319263 51.859265
16145 73.581222 11.178494 52.019717
3943 76.841714 5.958345 55.614840
6333 77.050080 6.039174 55.429746
2982 76.728658 6.157268 55.472246
10724 66.127367 23.628550 43.284138
15134 66.909708 23.049660 43.472436
14033 29.088963 43.677122 38.957544
10698 29.110684 43.709736 36.003569
15364 81.323609 10.583007 48.744605
5212 81.584057 10.402752 48.794816
4568 30.635372 41.245067 43.396002
5616 8.388386 12.595174 54.167356
9595 8.282630 12.436382 53.616862
3293 46.964083 0.000000 47.151459
13081 46.510157 0.000000 47.729388
526 9.820893 14.746085 31.563223
527 10.109303 15.179134 31.947248
525 10.031136 15.061765 30.635335
3647 32.068766 3.011676 80.950929
3648 31.302198 2.996375 81.349530
14723 80.000000 0.000000 60.000000
14724 80.525904 0.000000 58.370991
4479 80.833333 0.000000 59.583333
7211 42.211491 0.000000 67.767610
7210 41.657527 0.000000 67.910121
8923 41.987655 0.000000 67.104640
4071 81.364278 11.303549 48.003008
5261 42.001563 31.250769 47.717199
5262 42.503198 30.592214 48.125595
12497 70.565105 13.596894 51.106956
12832 70.709435 13.279164 51.352840
12498 70.984904 13.322109 51.172117
6387 70.894610 15.993163 48.543538
16373 70.928966 16.138941 48.380436
10184 53.649504 22.604544 50.548099
2581 53.900580 21.281161 51.747268
4798 26.165370 0.000000 50.791949
1306 26.830396 0.000000 52.415020
6639 25.915590 0.000000 52.947913
10414 9.403205 0.000000 86.007604
10611 8.414308 0.000000 87.130687
10577 8.795319 0.000000 83.472862
12915 41.968315 0.000000 78.261808
13930 42.500000 0.000000 78.750000
9022 49.375122 0.000000 72.704225
4867 48.958143 0.000000 73.330423
10852 48.617751 0.000000 72.776141
12760 4.337108 6.512175 76.231121
13678 4.359688 6.546079 77.873514
472 4.645847 6.975746 76.292248
11849 20.707617 31.092519 24.275955
1612 20.372796 30.589783 26.556588
4192 10.197445 15.311479 43.311746
4191 10.081171 15.136894 44.335052
15796 10.324829 15.502746 44.121845
10322 89.682606 6.385900 48.766411
10323 89.679203 6.518042 48.635839
10324 89.077470 6.802324 48.652139
7418 7.511875 11.279091 31.209744
11533 7.338833 11.019269 30.761478
7321 7.333294 11.010952 31.665567
3015 84.898684 8.485942 49.056230
324 85.171728 8.378468 49.027289
323 84.825561 8.617862 48.960740
9001 69.677230 15.458005 49.687922
7045 32.825836 6.557444 77.023080
7046 33.023579 4.663331 78.820216
1255 55.517464 2.432514 69.806322
7670 55.937344 3.078814 68.949435
12506 55.124678 3.384467 69.049809
16636 80.117200 0.000000 57.264531
7893 76.221511 17.425423 44.446396
4973 76.371562 17.449993 44.346776
16327 75.699021 7.114567 55.028808
3196 75.694049 7.283552 54.862140
15453 75.337598 7.291153 55.032756
13210 75.780489 12.597062 49.500096
14330 75.995931 12.525018 49.464491
13430 75.787816 12.703259 49.390130
675 5.127212 0.000000 53.297734
17119 4.180116 0.000000 54.690064
17114 4.284168 0.000000 49.729925
4253 80.939679 4.845085 54.680231
4254 81.250785 4.816878 54.552912
4252 81.004312 4.971721 54.521151
9562 80.200256 9.674569 50.215628
13048 80.145584 9.636662 50.280909
9560 80.332712 9.552568 50.271524
16131 41.338412 0.000000 54.343159
7346 41.188825 0.000000 54.910006
6829 40.991610 0.000000 54.492962
14182 34.701288 37.497555 29.837330
16028 35.092067 38.749853 30.449735
6392 35.783760 37.538640 30.392247
9532 82.970628 9.644308 48.860734
5206 83.062411 9.508383 48.950903
7478 4.137121 6.211893 45.034928
10135 4.418813 6.634854 45.100973
8110 16.623185 24.959737 41.619979
9588 17.219747 25.855476 41.792807
6575 89.757207 4.824217 50.292355
10030 90.221132 4.453507 50.431473
4974 76.583491 17.426645 44.264183
5920 48.355020 19.336797 56.466356
3472 48.035561 19.111173 56.851935
8232 84.233799 9.681651 48.191768
9412 84.635913 9.436349 48.236258
7497 0.000000 0.000000 21.739130
8575 0.615494 0.000000 24.693010
8574 0.000000 0.000000 26.086957
10683 9.107322 13.674657 53.178476
20692 9.037201 13.569370 53.926054
5015 9.148172 13.735994 54.026847
9843 0.653053 0.000000 20.314160
6408 0.608780 0.000000 15.673902
6407 1.300984 0.000000 18.559955
9747 79.746798 9.587950 50.529063
10834 79.641023 9.597430 50.572461
15526 79.824653 9.478607 50.599588
7367 43.792813 21.263011 56.819320
7365 44.374605 20.394801 57.397502
7366 44.434445 21.249354 56.512174
466 48.466127 0.000000 53.478250
465 48.090747 0.000000 53.414205
4316 7.680609 11.532447 45.675666
1084 7.477985 11.228206 45.599738
1083 7.483021 11.235767 46.553235
2027 28.691316 16.927847 68.709567
2026 29.592764 17.114948 68.071555
4988 28.631133 18.607430 67.058396
868 83.071743 7.975932 50.480221
5805 83.057406 8.067883 50.395346
17072 73.116308 12.596858 50.832391
3982 72.880555 12.858187 50.688677
16243 72.761391 12.743713 50.862848
17064 74.972616 13.124192 49.376376
6416 76.311108 11.093995 50.739356
6417 76.069666 11.250397 50.703520
6418 76.106042 11.134102 50.801743
17043 85.261955 3.940030 53.425052
12475 85.083955 3.871165 53.582986
15552 85.539464 3.761665 53.464841
9304 88.011063 4.169279 51.821020
2668 87.364633 4.333293 51.980057
1974 79.803415 14.702237 45.381353
5445 80.094878 14.636658 45.301267
2602 79.841321 9.107750 50.962481
5467 79.874243 9.170965 50.882743
2600 79.693672 9.227206 50.916731
4564 19.687160 0.000000 18.611998
10990 18.632396 0.000000 18.405998
7859 54.322801 7.538921 29.671861
3059 54.722334 5.255051 29.111099
7638 9.079380 13.632703 32.871924
15839 9.084054 13.639721 33.710170
6226 9.243273 13.878789 33.227231
8524 77.024114 11.493553 49.982897
20778 77.003884 11.562329 49.924166
20779 76.872161 11.657442 49.894820
15877 59.193991 0.000000 62.515398
11133 58.381110 0.000000 63.575607
9517 72.643908 12.602291 51.063153
16771 73.019940 12.467159 51.010403
3547 42.519488 0.000000 42.815223
5878 41.836309 0.000000 42.205572
5877 42.461460 0.000000 41.464445
16903 31.622178 0.000000 19.180524
14605 32.333538 0.000000 19.411751
5628 67.625580 7.668318 58.511224
1542 68.012804 6.943525 59.043129
9027 68.423979 7.391668 58.388951
14807 33.728314 41.942645 41.151256
694 33.672151 42.934644 40.186345
11735 56.100732 0.000000 60.478833
1695 54.882385 0.000000 62.062912
12792 36.622953 12.495710 69.180318
4486 37.497290 11.891366 69.348098
6571 13.250788 0.000000 89.935940
16756 12.500000 0.000000 93.750000
13866 12.376129 0.000000 90.109278
13714 37.604167 28.665149 52.504102
14833 6.794614 10.202123 70.497871
8904 6.905908 10.369231 69.583832
9705 88.079508 7.505370 48.447371
9706 87.646335 7.824562 48.344446
9707 87.588150 7.756424 48.441744
1781 27.443212 24.493538 61.760362
12527 10.372173 15.573833 53.148813
5524 52.807981 3.179841 70.412989
2501 48.713529 17.670105 57.955460
8128 26.834108 39.297252 26.503039
8130 27.000000 40.540541 27.000000
159 69.061595 20.900650 44.547652
8909 74.162166 12.798025 50.108094
11330 73.844890 12.993311 50.071251
9865 73.998102 12.763887 50.224298
8435 76.080949 12.957079 48.989490
6106 76.073335 12.879050 49.071403
6108 76.272456 12.810911 49.040050
14697 34.140188 0.000000 33.257734
15666 34.611090 0.000000 32.961275
17158 72.411378 12.888527 50.892896
16641 16.385714 24.603175 67.179365
5488 46.517187 0.000000 43.778409
13246 45.903119 0.000000 44.362355
16340 44.984790 29.642516 47.835446
14205 45.093163 28.873631 48.550914
13337 45.563022 28.984530 48.204974
3645 52.293429 10.553678 29.661089
3644 52.901777 13.259090 30.866165
9483 53.215374 10.242930 30.018583
7842 6.278239 9.426785 64.478944
7840 6.129759 9.203842 63.731491
4488 37.975467 12.628206 68.371432
14418 73.931747 11.228224 51.794675
9034 67.329796 17.318477 48.999306
9033 66.903114 17.457746 49.073239
15836 67.378192 17.010303 49.283591
10352 76.659992 11.017646 50.641341
13408 76.439374 11.128756 50.640428
12231 84.622404 7.120164 50.561514
11272 84.693242 6.993842 50.652543
10000 84.938675 6.947702 50.576013
8038 76.884465 8.134591 53.415042
8039 76.620950 8.305171 53.376049
8040 76.629848 8.155524 53.521396
7435 87.408277 0.000000 54.266288
294 88.183444 0.000000 54.719599
1167 51.441187 3.706008 70.569692
17163 78.946622 7.038709 53.480942
5960 79.008316 7.138498 53.350205
3549 86.013979 5.963071 51.023977
8827 85.653181 6.181588 50.985640
16380 45.941456 0.000000 52.273972
16863 45.598826 0.000000 52.542772
15999 28.529175 33.449016 25.403110
15262 28.399810 32.480235 25.015823
10075 27.817634 33.380231 25.024434
204 86.173126 5.304283 51.603850
205 85.741246 5.464575 51.659338
7166 47.780685 0.000000 75.321428
7164 46.956522 0.000000 75.714633
7165 47.247427 0.000000 74.781948
129 79.482498 10.001576 50.247174
7009 79.406495 10.124330 50.162298
10703 79.258012 10.148875 50.211970
15420 36.879840 33.867709 47.658503
15406 37.328231 33.790588 47.511506
703 36.934421 34.465760 47.032564
6629 80.536455 10.976316 48.744480
13475 80.392526 10.981825 48.810930
6541 80.671089 10.818592 48.835045
4987 28.591837 20.176058 65.507847
1456 28.537059 21.668381 64.041421
4032 27.698118 21.603607 64.525730
11362 30.982343 0.000000 17.829356
6982 82.225052 6.696104 52.184674
9768 82.429970 6.705222 52.073088
11153 69.474406 16.091964 49.154741
11154 69.036717 16.447292 49.017902
7778 69.136996 16.124539 49.290838
15281 25.901884 0.000000 59.802796
15919 24.968105 0.000000 59.194124
4063 37.335027 0.000000 30.705821
11703 37.105386 0.000000 31.741468
4064 36.622990 0.000000 30.683193
3163 80.797574 10.036491 49.554685
4128 80.861831 10.076931 49.482076
3559 32.647488 0.000000 17.223134
3560 32.856622 0.000000 18.384931
16554 34.259218 0.000000 48.162890
15411 33.992251 0.000000 49.772726
475 24.312408 36.505117 27.433810
476 24.389203 36.620425 30.236213
474 24.969720 37.492072 27.501115
15212 82.622715 7.478675 51.202489
8378 82.835040 7.312266 51.262902
8905 45.730782 24.309851 30.960571
6800 76.253389 12.621649 49.239034
6107 76.267720 12.713261 49.140166
13396 76.059067 12.791199 49.166476
13947 97.191579 2.105263 49.296842
10250 96.489474 2.631579 49.121053
17016 26.506499 39.799548 30.146419
8103 26.991152 40.527255 31.668727
1570 43.281619 39.689996 38.629505
16144 42.877910 40.317772 38.202955
1571 42.900599 39.707584 38.802409
11197 80.996899 9.742392 49.749416
3009 80.800163 9.876430 49.713612
9729 43.605079 0.000000 58.879040
14610 43.257017 0.000000 59.040463
10584 16.814796 0.000000 61.801199
7610 17.863524 0.000000 62.065944
6526 17.190444 0.000000 65.183321
13506 80.544825 0.000000 55.925469
9209 80.984635 0.000000 56.736545
2631 88.490542 2.473287 53.278968
2630 88.180537 2.730283 53.176718
10447 87.765495 2.670152 53.444431
9613 8.277476 12.428643 43.283258
282 8.203557 12.317653 43.939573
15777 77.935452 8.620127 52.403527
11570 77.730320 8.764283 52.361793
16102 29.985028 19.752361 21.570050
7739 30.746147 19.623062 21.907553
15365 41.603837 42.055588 37.100438
8947 51.317514 6.146056 68.189041
5108 50.561920 6.584436 68.128019
8948 50.835917 5.790082 68.786170
16361 78.911593 5.179856 55.359167
16360 78.916846 5.046121 55.490409
15732 55.099422 0.839303 71.610147
1257 55.229019 1.697250 70.686543
16792 72.162732 18.559942 45.340132
6317 71.969791 18.832839 45.163432
7309 71.795779 18.806700 45.276604
5665 25.946772 38.959117 39.143570
1312 26.469989 39.744729 37.343974
13831 34.052747 0.000000 56.984271
781 34.884092 0.000000 56.759082
783 34.383285 0.000000 58.249563
392 48.103327 0.000000 37.510332
393 48.566913 0.000000 38.331389
391 47.752959 0.000000 38.636241
14139 31.050000 46.621622 31.050000
14140 32.419718 46.045138 31.542890
12289 13.791805 20.708415 23.327348
21207 13.953610 20.951366 24.587433
21198 14.238156 21.378613 24.010305
3900 13.404870 20.127433 24.816728
7390 13.015411 19.542659 26.154394
21171 13.510733 20.286387 26.207311
3447 41.873057 0.000000 72.994533
3448 41.357065 0.000000 73.914076
3446 41.147330 0.000000 73.141344
5408 38.468436 41.274264 39.450244
11406 39.021403 40.651451 39.797196
12989 35.538183 35.600853 46.594455
3257 35.737388 34.623728 47.472954
3596 36.123889 34.914203 46.988939
20931 52.922230 0.000000 44.784308
20932 53.318476 0.000000 44.448688
1045 45.749521 0.000000 58.938330
1389 45.805656 0.000000 59.554378
3128 45.378318 0.000000 59.400858
4869 48.306615 0.000000 73.572451
8569 48.050216 0.000000 74.421571
8568 47.538507 0.000000 73.873972
10190 73.295759 3.334750 60.014035
8507 73.952031 3.342101 59.678542
12169 84.510334 10.307388 47.427137
691 84.326448 10.287089 47.539400
12118 84.914475 9.955003 47.577804
16191 82.182100 7.878684 51.022387
9838 82.177015 7.806901 51.096784
16185 82.365697 7.764224 51.045163
15087 48.064605 0.000000 60.743628
15661 80.083036 4.250624 55.703608
14789 79.690171 4.289261 55.861364
6651 80.014111 4.082742 55.906120
11387 85.981764 9.941496 47.057681
5442 85.501367 10.318439 46.920559
10978 85.557456 10.171601 47.039500
9123 50.971289 8.980717 65.524657
14224 51.774556 8.660503 65.443558
2735 51.396531 9.696456 64.595582
12114 79.936230 6.205587 53.820092
4393 79.679192 6.354118 53.799932
8731 79.685485 6.225058 53.925975
13929 74.513327 17.111395 45.614830
3917 74.920080 16.856271 45.666833
970 36.371450 39.384090 42.390801
972 36.709413 39.497404 42.108392
10736 36.277423 40.095223 41.725970
3944 74.375158 11.048739 51.752634
4941 90.000000 0.000000 55.000000
15126 89.934237 0.188814 54.843879
11046 78.393210 8.130377 52.664888
5996 78.304751 8.102991 52.736530
9151 78.500668 8.024016 52.717626
15618 90.721999 0.683125 53.955193
11618 91.712051 0.500276 53.643199
12458 91.265646 0.769117 53.597291
16917 69.891209 18.353044 46.682999
3322 69.770963 18.249301 46.846968
16918 70.169515 18.013104 46.884126
2692 72.826372 19.507924 44.059382
11280 72.825942 19.270656 44.297102
8873 73.345057 18.979812 44.328680
12157 79.549212 13.869467 46.342057
12158 79.280924 14.153359 46.192025
12159 79.160831 14.110576 46.294897
15822 19.113058 28.698286 58.069944
2629 88.983562 2.498478 53.007243
11026 88.627662 2.781260 52.902128
1769 22.222222 0.000000 11.111111
1768 21.481481 0.000000 10.740741
2385 56.988754 0.000000 34.365527
16777 57.774293 0.000000 34.841487
8053 56.803795 0.000000 36.116492
15533 78.547405 9.873448 50.842976
6633 78.594106 9.773744 50.919430
16064 78.735604 9.760266 50.862171
3395 72.735864 17.511927 46.102629
2825 72.897968 17.295869 46.237851
9368 73.015128 17.338798 46.136299
16882 79.729390 7.017535 53.110752
2916 79.887977 6.921703 53.127387
13136 79.922841 6.982524 53.049073
4937 83.320490 11.319437 47.008999
15237 83.727658 11.061688 47.063421
14170 9.513200 14.284085 42.816030
11376 9.466721 14.214296 42.038679
14171 9.337707 14.020581 42.689810
3563 34.354375 24.987087 57.810738
7426 81.357855 9.677206 49.634189
8665 81.504407 9.650600 49.587546
10610 81.336859 9.748861 49.572961
14536 13.715406 20.593702 15.343879
3274 14.239414 21.380502 15.423838
14363 13.950000 20.945946 13.950000
13679 4.339734 6.516116 79.377690
15302 4.560317 6.847322 79.347252
8045 75.205497 8.789446 53.599016
5133 75.055407 9.029241 53.434026
11277 74.871016 8.941731 53.613819
11888 78.440215 15.712830 45.051350
12660 77.821854 16.157835 44.915080
5931 72.305274 17.313820 46.516229
15945 85.108282 5.208815 52.231835
7136 85.494667 5.131589 52.115946
2452 67.780986 16.948587 49.143972
2454 67.605198 17.419284 48.760698
11560 54.564941 0.000000 67.356106
4079 53.809107 0.000000 68.261403
4078 53.589366 0.000000 67.022203
1199 74.354265 15.399386 47.408082
14806 74.048968 15.656355 47.303505
152 74.074392 15.489204 47.458111
8952 4.196020 6.300331 85.936243
13623 73.549355 18.214137 44.992972
14091 73.957265 17.982563 45.020822
14101 46.928722 35.540316 40.959783
6080 46.257460 36.127369 40.707774
1865 96.346859 0.214831 51.611525
1864 97.500000 0.000000 51.250000
9646 96.677354 0.307651 51.353365
17220 37.372311 27.923726 53.362195
8293 38.069598 27.678610 53.258912
15580 77.433424 12.085271 49.185931
12744 77.185472 12.248040 49.146976
13087 77.264501 12.106747 49.248896
8753 25.634193 34.222970 24.213345
6819 24.991192 35.086599 24.179434
4002 11.802056 17.720805 36.034303
4644 12.116646 18.193162 36.640373
15910 12.123627 18.203645 34.999873
5420 29.728216 32.687025 25.748887
6034 30.339523 32.682928 26.053177
2256 61.707867 2.383436 66.760247
15884 61.428429 1.547586 67.736652
16710 62.275137 1.689010 67.171732
12847 4.458248 3.591634 94.175651
6604 5.150105 3.911661 93.509375
4710 4.228571 6.349206 91.530159
11585 60.460491 0.626298 69.142831
16643 60.597547 1.383614 68.316229
10207 59.710888 1.016048 69.127492
2097 3.926386 5.895475 46.744303
2096 4.250388 6.381965 46.824086
14478 83.556736 8.420406 49.792806
16368 83.308640 8.522899 49.814259
16369 83.493923 8.374473 49.870191
2964 34.504190 31.249067 27.658034
9387 78.355609 8.517984 52.295693
15483 78.134750 8.579537 52.344508
5369 78.299102 8.443398 52.398608
13174 74.598622 11.840288 50.848560
6410 74.667971 11.940586 50.713488
8157 74.390539 12.056368 50.736306
4983 43.751080 0.000000 50.459584
2530 44.028134 0.000000 50.013630
7694 44.108858 0.000000 50.571185
13568 78.269869 13.850126 47.001089
7722 77.993134 13.988942 47.000502
567 78.210618 13.776477 47.104438
16960 26.779010 34.665281 51.910548
11296 25.665076 35.422124 51.709915
16947 26.122750 34.099342 52.805184
6710 9.217778 13.840508 61.417067
4569 9.147396 13.734828 60.575188
15841 53.922929 0.000000 36.126129
5331 52.979822 0.000000 36.050025
5330 53.612056 0.000000 35.045115
13457 82.360297 4.809608 54.005433
14858 82.671849 4.745758 53.913571
15215 42.502120 7.951326 23.898852
2388 27.586705 26.018018 22.457352
4176 28.266176 25.474418 22.616069
2389 27.903709 24.795062 22.208610
1462 75.536830 11.881152 50.338552
15332 75.486353 12.004967 50.239851
12763 75.311898 12.060110 50.271880
16550 30.905374 0.000000 18.970744
9873 31.538001 0.000000 20.289849
16551 30.213034 0.000000 18.818281
286 30.255621 0.000000 17.589634
12223 32.300568 47.528914 31.977412
46 31.500000 47.297297 31.500000
45 31.950000 47.972973 31.950000
7748 73.028806 1.966729 61.516902
7747 72.369511 1.983390 61.829871
10835 79.509375 9.636377 50.599299
14016 79.477417 9.593877 50.657821
10836 79.640490 9.534282 50.635939
13546 64.018964 1.974354 66.014190
6588 53.482675 0.000000 27.762231
16787 54.179425 0.000000 27.819214
2133 79.063436 10.523848 49.933911
8913 79.239228 10.467567 49.902351
5481 93.549336 4.232764 48.988336
1672 93.482864 4.416323 48.837828
5480 92.631671 4.826805 48.852533
8722 73.615229 14.641431 48.536314
14294 73.533668 14.835958 48.382372
14749 39.370959 8.789348 71.516383
11030 38.415999 9.140593 71.642266
12937 38.973687 7.681409 72.824066
12335 36.716305 0.000000 64.227260
12337 36.572101 0.000000 62.968255
4992 48.840440 0.000000 53.558615
605 48.942610 0.000000 54.103567
4991 48.577483 0.000000 54.056267
3530 67.226958 19.677981 46.688862
13274 67.287859 19.942476 46.393652
405 66.528887 18.323723 48.393509
14395 66.388564 18.013575 48.774129
9035 66.981490 17.756468 48.735031
16838 24.931610 17.132645 70.384417
16871 26.009233 15.942293 71.037149
10804 64.160545 6.446814 34.227061
17122 64.651707 13.234000 36.732775
4622 16.808152 0.000000 39.511589
5376 15.626420 0.000000 40.617624
3797 37.411890 0.000000 67.698736
2128 73.158075 0.000000 59.337757
11897 72.910632 0.000000 57.702608
11896 73.879133 0.000000 56.880313
10630 79.727041 7.513552 52.615414
3578 79.660716 7.618611 52.543412
14029 79.483467 7.628476 52.622162
8319 74.598098 8.014007 54.678930
5880 74.527439 8.224041 54.504015
754 74.196039 8.210721 54.683049
4237 7.957234 11.947798 56.735310
9344 7.743882 11.627450 56.918513
9345 7.823716 11.747321 57.700007
8530 75.293713 12.419166 49.921559
3254 75.068975 12.484809 49.968219
20693 75.252287 12.345799 50.015712
14802 75.541213 12.259733 49.957401
20694 75.409676 12.283386 49.999492
1567 64.149309 9.162507 58.753676
519 38.517698 0.000000 67.898231
10439 90.602504 2.985804 51.709958
5706 89.793122 3.203534 51.896701
17185 44.319275 0.000000 62.278562
3867 78.161857 10.897113 50.011062
17317 28.865137 39.736625 27.664865
818 28.897260 38.757795 27.354976
10999 53.834093 4.695029 68.383230
7293 53.384762 5.633354 67.668632
16950 53.018640 4.993472 68.492215
4730 81.713203 11.429223 47.702746
2191 81.370548 11.734639 47.568353
2190 81.379080 11.611947 47.686901
3959 38.001523 22.625686 58.350927
3960 37.314767 23.393639 57.925583
4549 4.415884 6.630456 36.872942
4551 4.659061 6.995587 35.695596
14736 4.365176 6.554318 34.914469
1295 80.910920 2.521862 57.020156
6251 80.233649 2.645655 57.234875
12404 72.909492 12.161951 51.371140
15001 72.604824 12.253914 51.431421
3402 77.837777 7.198790 53.875122
3311 82.255894 7.524274 51.340255
13035 76.219532 13.644222 48.232367
9313 59.692401 11.171470 58.971158
21083 59.844445 10.566455 59.500756
21082 60.215977 10.511538 59.369962
8416 81.865303 9.617647 49.440084
14561 81.751505 9.629854 49.484763
6124 3.665290 5.503439 30.988263
15010 80.092634 9.603575 50.340504
13300 80.043752 9.568705 50.399850
10152 44.622270 0.000000 42.552282
14571 76.533853 13.943146 47.775984
16833 76.410905 14.103201 47.677243
16797 76.259346 14.141577 47.714609
5082 74.786328 16.649930 45.940256
4247 44.575024 0.000000 51.321849
12207 44.533267 0.000000 50.601202
4248 44.925677 0.000000 50.895798
8532 16.527349 12.460056 79.263809
2448 1.450471 0.000000 88.260735
10297 83.843241 0.237447 57.840696
3819 83.508755 0.541662 57.703419
482 19.889836 0.000000 62.441855
13043 20.510360 0.000000 59.622647
16573 25.176102 0.000000 76.661094
770 62.793490 24.654188 43.924413
771 62.180309 25.591522 43.292732
769 61.893883 25.324721 43.703013
9070 25.223811 31.044789 22.949820
14326 45.907000 0.000000 42.171271
5796 93.418924 4.157049 49.129332
7152 93.071495 4.211208 49.248834
5794 94.238980 3.587754 49.289169
15286 54.061641 28.997916 43.942266
3276 54.932747 28.588240 43.916798
15285 54.197770 29.820715 43.050579
5329 52.843448 0.000000 34.662739
16638 53.881790 0.000000 33.829350
9154 32.220762 44.929114 38.915576
12495 48.805809 0.000000 64.943301
9203 48.399429 0.000000 64.678989
6439 48.729229 0.000000 64.165808
13638 74.126516 3.724514 59.208503
3618 73.557676 4.073366 59.143723
1015 10.783813 16.191912 66.734505
16805 46.586810 13.494607 63.198493
8425 74.562285 13.685529 49.019643
15965 74.672781 13.503064 49.147043
13240 74.827637 13.514367 49.058300
406 46.881995 27.366326 49.165311
407 47.323536 27.741153 48.569337
408 46.704367 28.376148 48.243292
2820 83.764163 6.961965 51.148992
2819 83.602078 6.947825 51.244189
11426 83.871830 6.804839 51.252441
4085 54.289048 27.298728 36.235000
9528 53.606455 28.172875 36.184795
8553 54.511072 29.526658 37.087913
16512 65.154339 19.943293 39.218286
1728 12.031656 0.000000 36.616998
5413 81.577030 9.551311 49.650623
5415 81.708839 9.533455 49.602592
6766 2.114286 3.174603 95.765079
3440 2.642857 3.968254 94.706349
4883 2.531817 3.801526 93.004363
3881 11.573082 17.377000 42.265213
8354 11.916487 17.892623 41.565003
8329 81.514338 5.816304 53.420711
11322 81.261607 5.914321 53.448961
6351 81.350104 5.789979 53.529179
4419 54.434508 32.497563 40.252685
11195 53.602110 33.848003 39.317094
6204 58.407623 0.000000 48.500396
15639 59.278853 0.000000 47.507428
6364 59.140877 0.000000 49.528764
15675 47.500000 0.000000 76.250000
15603 48.333333 0.000000 75.833333
13427 35.403636 43.137810 39.117234
10058 35.883763 43.127721 38.887270
13428 35.365765 43.862247 38.411008
15241 81.458284 9.137659 50.124061
17260 48.278244 0.000000 44.230894
16439 48.836939 0.000000 43.583314
15874 48.874676 0.000000 44.649272
12743 82.179032 5.165019 53.740300
7779 81.299920 10.231288 49.108521
16213 81.431294 10.218512 49.055622
10992 81.183383 10.363410 49.034535
4492 10.714578 5.851652 7.305889
20780 12.592593 0.000000 6.296296
16083 11.954056 0.000000 8.370823
20799 11.851852 0.000000 5.925926
8529 76.938177 10.113508 51.407290
6767 76.976725 9.990147 51.511500
4171 77.182543 9.950886 51.447892
9102 60.901488 29.030627 40.489598
4188 61.525785 28.674585 40.533848
9103 60.682105 29.473684 40.155789
4006 11.035538 16.569878 71.607909
6553 10.806969 16.226680 70.122814
10944 10.547559 15.837175 72.053769
3097 37.779466 0.000000 28.939295
3095 37.252156 0.000000 28.634905
3096 37.645514 0.000000 28.285974
5566 78.627142 10.430045 50.245954
16182 47.430412 0.000000 28.495343
6682 46.768452 0.000000 28.700872
11092 46.864939 0.000000 27.900391
4212 25.995463 4.675801 82.321791
4213 26.194233 5.842491 81.054550
7617 77.400622 11.069199 50.219422
15996 12.559411 18.857974 17.773494
5470 12.140440 18.228889 17.291417
8066 77.384638 5.925103 55.376652
14359 77.242073 6.115697 55.257150
15270 47.229983 37.788240 36.198475
14492 48.024135 37.337600 36.445488
9676 70.886471 14.787179 49.754798
2342 70.463866 14.971453 49.781642
11470 70.781410 14.616767 49.977911
5821 55.544803 0.000000 68.219984
5823 56.464067 0.000000 69.034819
9782 55.664021 0.000000 69.597613
2559 4.983940 7.483393 42.370748
2642 4.729271 7.101008 43.154456
2314 4.927486 7.398628 44.117645
16004 81.745036 8.248023 50.871210
9682 81.993185 8.151070 50.844187
3162 81.805663 8.302200 50.786666
11821 81.481481 0.000000 40.740741
3916 75.290472 16.640208 45.697916
1603 75.248865 16.527620 45.831420
8046 60.268238 3.041185 66.821655
2255 61.134973 3.113511 66.315889
10783 60.571785 3.872739 65.837496
12901 81.405762 5.952346 53.338821
11323 81.140494 6.036281 53.387436
5163 8.741699 13.125674 47.466072
5162 8.854759 13.295434 46.940531
9649 8.698418 13.060688 46.859962
8724 76.359005 9.970105 51.840423
8723 76.141342 10.073852 51.845403
1230 92.592593 0.000000 46.296296
1228 91.851852 0.000000 45.925926
21665 92.792476 2.445351 47.210540
21666 93.178797 1.898274 47.221523
14975 30.159511 1.723110 83.195412
7637 8.920667 13.394395 33.386367
9548 8.932444 13.412078 34.225826
14519 23.677083 12.644198 16.049060
7685 4.598124 6.904090 46.635591
7684 4.912095 7.375518 46.933000
16813 22.918703 34.412466 32.425712
14311 22.495700 33.777327 33.711037
3033 22.934114 34.435607 34.206744
15177 16.994794 25.517709 52.191074
8847 14.021582 0.000000 83.793225
8846 14.524434 0.000000 80.986428
11232 83.369810 5.140109 53.169845
11233 83.695911 4.981487 53.165576
2313 5.249388 7.881964 43.497532
9855 52.586424 0.000000 51.166500
14544 52.691433 0.000000 49.904479
4604 53.268940 0.000000 50.581482
8101 81.138655 7.914968 51.507790
15397 80.989238 8.001672 51.495707
6109 40.460949 0.000000 30.865986
6111 41.293017 0.000000 31.016006
3901 69.616548 14.562756 50.614408
8137 69.676599 14.241581 50.905878
3902 70.043918 14.211751 50.752078
2808 81.950733 4.088423 54.932122
8858 77.088529 13.574241 47.867920
12211 77.265488 13.351187 48.002718
6345 77.442278 13.335215 47.930311
4694 75.555556 0.000000 37.777778
468 75.129891 0.000000 39.979004
518 74.388068 0.000000 38.964758
4804 83.384882 7.808329 50.491422
839 36.246283 0.000000 79.956185
17155 36.510946 0.000000 78.716611
6093 37.242645 0.000000 78.941939
6524 77.873153 9.902646 51.150875
15255 77.687336 9.928187 51.218217
14008 81.354652 4.013584 55.305076
306 81.278898 4.003162 55.353386
15378 8.600610 12.913829 45.234468
15377 8.754595 13.145038 44.523638
1711 8.581291 12.884821 44.277269
13085 8.600329 12.913408 47.571906
15625 8.530747 12.808929 46.898540
13086 8.431289 12.659593 47.699764
738 42.996333 13.240935 65.247657
5497 42.313574 13.096808 65.733308
13723 3.295884 0.000000 5.866709
9060 2.930552 0.000000 9.307886
5441 77.712880 8.470026 52.665064
14344 79.189657 11.024021 49.370126
13208 76.416176 7.997552 53.786362
13206 76.167722 8.001486 53.906652
10426 90.735973 1.519365 53.111129
13044 45.747553 11.313569 26.641195
5580 91.574737 6.315789 47.890526
21670 91.342011 3.153583 46.721148
21667 90.945573 3.190932 46.535367
8032 50.096255 0.000000 32.438918
8031 49.781786 0.000000 33.709038
5656 49.164237 0.000000 32.973275
2567 55.566072 25.695127 46.496142
2568 55.551986 26.595910 45.601501
10052 54.575995 0.000000 50.635857
5833 54.475114 0.000000 52.054120
16783 53.854999 0.000000 51.298977
1671 94.345810 4.012115 48.810968
6477 9.146963 13.734179 46.373021
183 9.182241 13.787148 47.125751
2875 70.542812 17.987844 46.722762
7643 70.671626 18.027619 46.618541
17110 73.273177 15.174417 48.173820
6689 73.319188 15.271809 48.053326
8218 57.054014 11.458351 60.003184
15995 3.216756 4.829964 84.299292
1645 3.068077 4.606722 83.005523
12375 76.362389 0.000000 58.988625
10056 76.519093 0.000000 60.175433
12374 75.786161 0.000000 60.189632
3112 23.664349 35.532056 27.694898
3111 22.875700 34.347897 28.389084
6762 31.588508 20.843009 22.734976
11772 31.582106 22.025720 23.125618
6763 32.287932 21.129188 23.179986
15872 72.680098 15.051719 48.593180
7723 72.833261 14.809014 48.759547
17194 72.981516 14.863816 48.630563
8306 83.526666 8.682132 49.545852
14974 11.579926 17.387277 29.999506
21300 11.606988 17.427909 28.744336
21299 11.352243 17.045410 29.096211
14854 11.170228 16.772115 30.239465
11025 81.455240 4.233210 55.034937
8881 74.012451 14.706365 48.272703
5593 74.243607 14.495066 48.368636
8880 74.261424 14.603734 48.250951
16405 46.446364 0.000000 51.507027
3233 46.064607 0.000000 51.679397
11358 8.480666 12.733733 34.431699
11357 8.572917 12.872248 33.614169
749 72.433617 10.806558 52.965827
21091 72.529913 10.917119 52.807007
21093 72.351677 10.961316 52.851884
2065 39.203709 0.000000 57.875103
9651 39.677032 0.000000 57.192898
1278 84.840482 3.803798 53.772157
9793 60.896710 0.000000 54.614141
9616 74.377134 14.121931 48.675380
5164 79.798816 10.015553 50.075024
5166 79.938977 9.964977 50.055569
11523 82.809135 5.029671 53.560732
11524 82.506451 5.121066 53.620588
11525 82.763676 4.951436 53.661775
8403 78.759535 6.119799 54.494314
8402 78.720648 6.247849 54.385580
16555 78.516543 6.237669 54.497822
142 36.815652 10.296329 21.836504
10120 61.002080 26.015523 43.457422
15683 78.914734 10.497869 50.034266
3787 79.023802 10.403844 50.073851
2328 77.425997 10.908334 50.367759
7618 77.307251 11.038363 50.296973
2329 77.245354 10.990698 50.375634
9744 53.664273 0.000000 56.570533
14797 54.180409 0.000000 55.278894
8922 54.403877 0.000000 56.831392
15885 91.503627 0.000000 52.628376
7628 80.504498 4.368159 55.375224
2392 80.810691 4.321015 55.269319
15873 13.100543 19.670485 39.445967
7576 12.790295 19.204647 38.256665
7059 12.664735 19.016118 40.148595
4870 62.079151 5.507708 63.447209
6732 61.083545 5.570912 63.881745
12256 17.162520 25.769549 18.921874
8202 16.582193 24.898187 18.539943
8204 16.729344 25.119135 20.855665
2594 78.806219 5.785878 54.805226
6631 78.810466 5.663479 54.925624
7545 78.035406 12.095606 48.874596
3996 25.822049 7.518902 15.414819
4487 38.338895 11.371783 69.447398
10732 69.242986 17.503595 47.857408
9660 69.301237 17.699652 47.632030
10733 68.896711 17.885071 47.648689
11935 35.458502 14.526754 67.729468
7470 79.621751 5.292576 54.891256
12503 79.418916 5.431596 54.853514
3164 80.694001 10.147153 49.495699
9979 76.578280 12.920079 48.777861
3984 38.404722 33.748144 47.015747
3 37.883889 33.609601 47.414845
5 38.441433 32.976764 47.769542
15192 80.928698 9.525467 50.000659
2478 80.903260 9.607233 49.931530
6037 80.751018 9.643828 49.971019
11031 1.077817 1.618343 77.840744
15463 1.534484 2.304030 73.665728
9661 76.753007 10.128553 51.484815
13790 76.698482 10.265297 51.375196
15379 1.391189 2.088873 58.006362
5218 74.302240 11.960354 50.876565
5217 74.516445 11.738129 50.991910
1297 81.080079 2.771483 56.685706
13922 81.638386 2.762356 56.415689
12848 76.450443 10.091301 51.673386
11606 37.539562 0.000000 41.780804
11604 37.856493 0.000000 40.715125
11605 38.245363 0.000000 41.734619
14024 71.645383 15.839870 48.321598
5430 71.595166 15.764110 48.422543
5429 71.814395 15.632160 48.445010
11574 22.602776 33.938103 31.421101
13604 22.023682 33.068591 33.086104
13587 65.274972 0.445291 66.916777
3288 66.032826 0.525413 66.457648
14657 65.408415 0.964801 66.330026
16913 78.428605 9.647583 51.128467
9288 64.559310 3.431582 64.285331
168 63.919858 4.056414 63.979601
10635 22.001711 10.722602 78.265820
9328 22.609056 9.075422 79.610975
2988 22.756514 10.619688 77.991436
7427 74.888262 15.819005 46.721044
13098 80.036019 10.181352 49.790457
10460 80.049370 10.249363 49.715703
16460 79.860160 10.317045 49.742558
10816 78.150837 5.728141 55.190713
16425 78.429233 5.635423 55.144325
10817 78.276954 5.793555 55.062175
16156 4.069344 6.110126 34.044085
11752 26.610354 0.000000 29.035416
11751 25.729333 0.000000 29.777703
14844 25.693300 0.000000 27.443500
8022 46.859453 26.672499 32.311669
7393 81.090105 8.264917 51.181766
3894 80.857470 8.352748 51.210164
12499 81.021335 8.211360 51.269761
7247 49.175685 29.894765 45.487498
147 59.708115 9.289978 60.846674
4446 7.294136 10.952157 32.650181
11182 7.469069 11.214818 33.317908
13290 32.330817 0.000000 38.642945
4578 33.127671 0.000000 39.328067
4580 32.498546 0.000000 40.264751
11401 75.627376 14.453146 47.718712
3579 75.423182 14.666744 47.606998
11402 75.352788 14.594470 47.714541
10263 81.461011 6.934538 52.328022
10264 81.368256 6.860255 52.448756
265 76.341199 11.269215 50.548916
432 4.631852 6.954732 63.991354
434 4.570725 6.862951 62.393647
9137 4.408258 6.619007 64.091069
21116 69.779596 11.513770 53.584918
21070 70.122971 11.415419 53.511680
11400 44.538508 35.523608 42.171614
13513 44.834787 35.805711 41.741090
13514 44.305893 36.181454 41.629418
2539 41.535385 34.348771 32.205833
16985 42.137414 35.313718 32.828175
3480 42.385758 34.003264 32.515966
2145 5.067780 7.609279 8.084103
16770 5.348637 8.030987 10.089447
60 7.400000 11.111111 85.177778
16280 8.327353 8.895302 86.932126
4093 7.928571 11.904762 84.119048
12353 45.518681 0.000000 51.377267
9347 45.592361 0.000000 50.867688
4868 48.831448 0.000000 74.052541
1112 75.220430 15.634163 46.739988
9913 32.674742 0.000000 68.747020
12071 32.939337 0.000000 67.030515
2315 5.088098 7.639787 45.393122
7772 77.625724 1.941414 59.243783
12907 78.313229 1.940589 58.900856
4102 77.787862 2.225899 58.877944
9417 56.476161 15.919947 55.826053
11731 56.653017 14.803854 56.854834
10925 0.376936 0.000000 67.224169
10924 0.410659 0.000000 71.373588
13403 45.997367 5.865227 24.951804
175 47.106827 5.115627 25.256917
174 46.650605 3.493374 24.488596
2422 79.454118 5.535809 54.731596
597 79.452353 5.652209 54.615962
8576 38.480607 0.000000 62.304074
14576 38.558868 0.000000 63.225145
10026 11.561159 17.359097 48.035524
3705 11.905860 17.876666 46.743154
10025 11.609199 17.431230 46.244409
6199 75.092239 10.269434 52.174177
13861 74.985214 10.164775 52.332454
3237 75.290235 10.067911 52.276904
9897 70.000000 0.000000 65.000000
1664 70.472065 0.532376 64.231059
12122 54.121147 20.085414 52.833927
2580 53.166926 20.995727 52.399814
17178 39.656223 0.000000 41.641891
7055 40.042226 0.000000 40.595234
7054 40.393030 0.000000 41.674932
10640 32.824835 30.620944 52.936017
12091 5.393114 8.097768 45.327088
12984 53.231719 30.310725 43.043105
16668 86.518227 3.544961 53.192381
13225 64.484558 21.536240 46.199945
16230 63.849660 22.405645 45.647119
4279 61.994876 0.000000 48.612153
457 61.109732 0.000000 47.354764
4278 62.120385 0.000000 46.127512
9867 6.335583 9.512887 24.990309
715 6.055673 9.092603 24.909951
10508 74.949238 17.452573 45.055355
10509 75.073517 17.517273 44.928451
5092 77.817026 14.764344 46.312379
7007 45.957865 38.481079 38.501508
7006 45.242211 39.117521 38.222256
6966 34.478192 21.525653 24.407139
2416 54.432292 0.000000 34.557335
16786 75.370715 6.153536 56.154953
15312 75.816361 5.954497 56.131368
17014 75.705256 6.221799 55.919351
10377 35.559961 30.873805 51.315340
10376 35.102206 31.534813 50.882549
16490 35.015745 30.886470 51.574771
14156 2.987462 0.000000 66.397288
10128 3.051038 0.000000 71.578264
8681 60.256827 0.000000 63.641611
8680 61.119594 0.000000 62.629674
9921 61.302415 0.000000 64.980204
1003 79.733445 7.110355 53.015812
15742 68.005243 3.995938 61.997444
3969 68.452918 3.206827 62.563507
4494 13.373232 0.000000 9.181449
8142 33.262295 0.000000 54.883053
8140 33.901090 0.000000 55.628028
537 6.623907 9.945806 54.859775
10415 6.365182 9.557331 56.033390
13600 13.866787 20.821002 52.170105
11770 13.409554 20.134465 52.458537
11769 13.623786 20.456135 54.336479
13202 81.192546 8.066737 51.328923
4133 6.846587 10.280160 42.499776
1101 6.755836 10.143898 41.411854
5863 67.760049 5.893828 60.220254
1282 11.468372 17.219777 43.794118
1281 11.817429 17.743887 43.148273
5806 83.288102 7.940665 50.407343
5455 46.780966 0.000000 71.166018
13145 46.708078 0.000000 71.934638
8392 3.502294 5.258700 20.614978
9377 3.244526 4.871661 22.016096
4956 72.079541 19.307655 44.633267
5347 71.874742 19.655558 44.387415
10258 71.542371 19.760572 44.448481
7500 35.872274 24.105121 57.934637
1948 35.824607 25.240410 56.822046
7498 35.111837 25.110882 57.308088
1086 44.289522 24.917594 30.442320
3620 44.824617 26.266525 31.159062
10163 45.064379 24.924957 30.832200
10339 77.977080 8.223278 52.779959
5597 77.937298 8.143007 52.880201
13283 78.166662 8.085440 52.823144
8333 80.928062 0.000000 47.986744
10411 80.883881 0.000000 49.627014
7567 80.213744 0.000000 49.016954
10985 79.788813 9.055693 51.040845
13719 66.697117 6.886399 59.758156
7065 66.492656 6.285649 60.461738
15163 85.827684 3.140558 53.942460
15806 63.930758 0.349966 67.684305
7852 46.664001 0.000000 57.905111
1793 46.998824 0.000000 57.596659
12420 8.164175 12.258521 22.948070
9722 76.328924 9.713631 52.112194
21073 76.449023 9.609877 52.156002
9720 76.541864 9.628215 52.091225
14690 76.101331 9.766970 52.172598
21072 76.311900 9.638264 52.196148
5864 67.189926 5.763819 60.635455
14599 78.720744 9.164583 51.465881
10578 9.406231 0.000000 80.996098
1814 8.662900 0.000000 80.029648
6001 9.233581 0.000000 76.807713
14380 85.588543 8.792131 48.404805
20933 85.949408 8.583619 48.433093
20934 85.746603 8.761632 48.356305
13794 85.885530 8.513084 48.535638
10099 10.940559 16.427266 75.750951
8691 11.603636 17.422877 74.997984
4004 11.286446 16.946616 73.233397
12622 81.364055 10.093046 49.214833
7780 81.391172 10.131109 49.163174
7703 81.225257 10.212914 49.164245
10965 44.661807 0.000000 48.583909
9664 30.142086 38.598719 46.291639
16502 30.951229 38.464348 46.021573
9665 30.434855 39.576992 45.166004
3696 76.666667 0.000000 61.666667
17330 77.054646 0.366738 61.105573
11701 76.266552 0.345468 61.520910
327 39.597257 38.305673 32.554418
10456 78.512093 7.839762 52.896352
7766 78.490407 7.728956 53.018112
9316 78.718214 7.680844 52.952368
2247 40.661450 0.000000 23.425801
6154 41.448764 0.000000 23.237625
17199 41.278331 0.000000 24.162939
14602 86.656289 5.141766 51.524948
15503 53.191698 33.668872 39.701610
13648 52.678196 34.064141 39.562696
7924 81.568854 8.392655 50.814526
7923 81.626169 8.446395 50.732074
12830 78.644557 5.416556 55.255749
12829 78.617398 5.517274 55.168510
16032 78.467836 5.517088 55.243477
12802 6.152592 9.238125 28.878950
12804 6.185929 9.288182 30.122398
1791 12.010444 18.033700 15.566743
13969 11.857777 17.804471 13.724443
15787 78.779703 11.936094 48.662118
9431 78.986536 11.761732 48.733238
6268 36.445978 26.344634 55.406032
13380 35.857108 27.269231 54.774945
4712 56.664027 0.000000 56.145051
4714 56.198439 0.000000 57.715249
5375 55.805314 0.000000 56.511419
9836 81.953810 7.878356 51.136861
7490 81.780198 8.013669 51.088218
2134 81.723745 7.958336 51.171833
6843 83.612019 4.519109 53.670362
13539 83.358929 4.554950 53.761031
11061 52.221782 7.630715 66.250764
14223 51.387325 7.929589 66.368819
11062 51.802017 6.832827 67.259332
4934 29.379664 34.454537 26.163193
13980 29.541752 35.465232 26.580798
12955 30.125414 34.456960 26.536875
14732 71.139328 8.563664 55.858108
14731 70.622689 8.769937 55.909949
4707 70.859890 8.387631 56.174036
14044 22.534140 0.000000 61.254600
12884 22.720633 0.000000 58.619811
3854 48.769403 27.888910 47.698499
15315 49.055418 26.953580 48.491757
5222 44.804045 33.349078 44.215550
16471 44.301235 34.184369 43.630830
14668 44.176660 33.692689 44.185288
9128 7.686284 11.540967 43.686246
17339 79.036691 5.575650 54.900429
3892 80.927258 8.403309 51.124659
4958 10.399192 15.614402 39.984724
5090 78.478956 7.219280 53.534023
5088 78.545221 7.074510 53.645805
4963 72.459284 17.060828 46.692469
13864 15.540352 0.000000 45.081114
15727 14.385016 0.000000 46.416656
10628 14.523207 0.000000 42.060693
15367 51.009624 0.000000 72.636831
2051 39.227026 0.000000 33.997247
2049 38.692020 0.000000 34.583014
875 1.969220 0.000000 83.602569
877 2.629157 0.000000 79.414413
6626 2.810277 0.000000 83.958119
12265 75.995324 12.423820 49.566094
13798 76.190313 12.362474 49.530008
10874 72.946897 9.871959 39.760811
2694 72.233903 19.886191 43.976972
7376 29.179812 0.000000 74.873042
12216 29.493227 0.000000 72.248176
15331 30.267081 0.000000 73.241499
4662 43.933868 0.000000 34.809521
11519 44.493154 0.000000 33.906392
13526 42.389731 15.422099 26.330425
7860 42.155228 14.014535 25.744454
5802 4.882411 7.330948 70.886150
3882 34.659353 27.312114 26.424611
2679 35.245877 27.526629 26.789306
5942 12.798311 19.216684 44.538429
6192 12.805157 19.226963 46.150430
637 16.447844 5.360433 10.008946
15893 9.469176 14.217982 10.900598
5081 9.450000 14.189189 9.450000
1884 29.234299 25.522501 23.116142
10746 29.303675 24.471024 22.800689
10747 28.812636 25.190132 22.794632
12942 64.636866 25.093147 42.563327
10723 65.535692 24.494199 42.713461
744 36.556677 0.000000 59.486097
14606 37.115690 0.000000 59.655663
16825 36.674014 0.000000 60.386291
12827 73.118307 19.952082 43.468812
8652 72.378695 20.503328 43.286820
9948 20.294277 0.000000 65.573512
9413 84.925743 9.168106 48.359854
21257 84.967797 9.236217 48.270648
17121 47.465948 4.356523 71.906146
13138 46.843510 5.142790 71.430312
2771 74.223967 13.410443 49.464164
5928 73.956671 13.628550 49.379486
4633 78.764283 7.761417 52.848680
17138 39.273948 0.000000 37.256768
2493 39.429030 0.000000 36.171502
14399 11.896513 17.862632 22.256432
11700 12.327982 18.510483 22.827199
3439 85.295617 6.753490 50.591948
14864 71.642557 7.823545 56.347353
14867 72.244202 7.606609 56.263683
11436 71.906467 8.017007 56.021742
10809 50.779987 4.609919 69.995478
21074 50.600597 5.359219 69.335123
15754 33.214901 49.011397 32.928246
15755 33.300000 50.000000 33.300000
13809 34.002105 49.473684 33.475789
16410 70.456095 13.895985 50.862071
4120 72.673894 16.309019 47.337725
14659 72.897439 16.183389 47.351708
6624 74.713498 11.524982 51.106743
11370 74.622221 11.435238 51.242216
15963 35.400625 0.000000 70.901827
16049 36.301657 0.000000 70.474221
9754 25.319907 12.951675 16.972861
2696 3.355742 5.038651 49.180372
14420 38.679492 34.041458 46.584755
24 38.408368 0.000000 65.047223
25 38.021065 0.000000 66.390344
26 37.678648 0.000000 65.306850
17307 49.166667 0.000000 75.416667
11907 49.417324 0.000000 74.516960
921 81.702857 7.462557 51.678552
8296 70.254519 0.000000 43.592412
3993 69.380096 0.000000 45.176290
8940 69.476004 0.000000 42.808529
7290 40.068805 0.000000 52.503494
13616 39.862244 0.000000 51.659309
12027 27.309216 37.678329 48.629385
2476 6.787809 10.191905 67.973247
2477 7.042403 10.574179 67.535242
3634 49.820298 34.629478 40.425744
831 49.180447 35.234502 40.140040
3633 49.430076 34.405495 40.845061
1517 54.661196 0.000000 49.285007
2169 55.280763 0.000000 49.897958
3090 49.608280 0.000000 61.811247
4529 49.381126 0.000000 62.605804
3091 49.075297 0.000000 61.945588
15563 52.019038 26.481027 47.482973
14433 51.078669 27.081659 47.351925
16202 40.124642 0.000000 25.249703
15599 39.350538 0.000000 24.476284
15598 40.213471 0.000000 24.131740
1723 8.284781 0.000000 46.534880
8667 7.576939 0.000000 49.302427
15149 7.359648 0.000000 44.423737
15228 45.298055 33.476257 43.841239
1903 9.727033 14.605155 47.045918
1507 9.618608 14.442354 47.783887
11481 9.786099 14.693842 47.731358
2333 29.018239 0.000000 68.367113
12738 27.760684 0.000000 69.668290
10787 28.384058 0.000000 66.821709
7633 82.229484 10.523678 48.351057
8726 82.318717 10.380182 48.450079
2659 8.098741 0.000000 41.723331
2658 7.848092 0.000000 35.987898
10977 86.030764 9.819554 47.155244
17288 86.480077 9.497692 47.252771
17078 86.336747 9.662389 47.159575
3658 65.829822 0.000000 53.457000
1406 63.490596 26.702437 41.525563
12336 35.962581 0.000000 64.183309
1739 61.273373 0.000000 32.873700
11908 60.786579 0.000000 31.843299
12549 61.481481 0.000000 30.740741
14194 81.271714 8.428465 50.927250
14196 81.444500 8.286929 50.982533
14235 81.506388 8.340057 50.898409
8431 5.667302 8.509463 17.957366
720 5.834439 8.760419 16.877104
8008 74.656949 12.479193 50.179853
7188 74.816420 12.450430 50.128910
3987 67.397422 22.378131 43.900780
3988 66.690775 22.865794 43.765952
3986 67.232174 22.180086 44.181647
3238 75.566608 9.781140 52.425775
12731 75.423663 9.705665 52.572798
15450 75.689926 9.593909 52.551535
479 79.938044 5.359912 54.665706
5852 80.192252 5.331181 54.567362
477 79.982914 5.443036 54.560064
1980 76.750736 11.577350 50.035704
663 76.750493 11.501976 50.111275
12925 75.366591 15.299680 47.001725
9879 75.057262 15.492418 46.963459
4337 77.562718 9.253951 51.955436
21076 77.491055 9.311862 51.933298
16359 77.440545 9.280188 51.990259
2768 29.780050 0.000000 44.399146
4697 29.403573 0.000000 46.574343
288 29.575770 0.000000 16.093458
287 29.542485 0.000000 17.454429
13533 46.443202 12.644341 64.121413
9605 29.491070 35.427165 49.791873
13071 29.386246 34.377780 50.894720
4082 30.129190 34.429547 50.471428
13350 30.820535 0.000000 55.278964
83 42.456492 0.000000 50.953358
1399 77.736033 9.271675 51.851037
21224 77.740797 9.344470 51.775787
4484 77.615544 9.402585 51.780240
1580 21.910783 32.899073 53.465328
1859 77.631119 9.075027 52.100339
1858 77.625528 9.170314 52.007752
3320 77.466745 9.185307 52.072136
15296 77.683512 11.928501 49.217814
7995 77.923742 11.788084 49.238256
7612 39.781439 20.345198 26.665671
8979 38.878190 20.340176 26.212374
7147 8.506756 12.772907 59.462605
7149 8.386260 12.591982 58.818731
11629 9.898226 14.862201 55.319977
10650 10.048786 15.088267 56.244983
3392 40.836975 0.000000 26.155458
4315 39.969179 0.000000 26.199199
7882 33.892077 29.328228 53.696405
16203 33.917175 30.200596 52.810616
12995 33.428955 30.123555 53.131844
14404 4.669516 7.011285 65.426241
13717 4.883732 7.332930 63.978193
13003 3.080834 4.625876 12.712930
2206 82.412838 8.387513 50.397681
6713 52.302887 0.000000 37.136564
14942 52.125165 0.000000 36.019351
10368 35.300429 0.000000 22.335260
4639 34.993343 0.000000 22.973441
8607 34.589376 0.000000 21.921931
3417 77.967305 6.874693 54.134780
2621 78.016986 6.712972 54.271822
3979 80.725162 12.286106 47.339028
3978 80.469318 12.357710 47.395274
16537 80.895892 12.062978 47.477013
3142 92.536062 5.016305 48.710648
13104 35.528582 0.000000 79.732189
5622 35.287946 0.000000 80.959849
5621 34.522438 0.000000 80.930121
10348 38.586731 0.000000 25.495714
15856 37.828384 0.000000 25.605723
13935 7.062858 10.604892 10.061046
9689 7.226355 10.850382 11.696988
10975 7.493825 11.251989 10.475979
13570 83.263279 8.859485 49.500016
13571 83.008834 8.958768 49.527856
6895 83.538488 1.726827 56.502203
6894 83.941492 1.790103 56.237361
16316 83.364248 1.916359 56.399600
4235 82.296988 9.066529 49.775910
3745 82.453925 9.020872 49.743144
2220 76.083714 0.000000 56.821210
3806 76.892570 0.000000 55.790477
3807 76.605467 0.000000 57.552715
16034 38.955931 0.000000 53.550972
1071 38.617050 0.000000 54.528601
14172 68.882561 9.463760 56.085496
8504 68.138425 9.974719 55.946094
8503 68.237571 9.389977 56.481847
4795 47.025134 32.122265 44.333046
14658 46.730864 33.195320 43.406053
9833 73.331374 11.396225 51.926692
7755 73.037759 11.470973 51.998677
14036 73.304392 11.238742 52.097824
8406 79.210849 7.883032 52.503661
6665 79.071641 8.010506 52.445663
8405 79.006674 7.947562 52.541154
16624 8.393835 12.603356 30.667452
6397 8.553800 12.843544 30.034454
6396 8.331369 12.509563 29.697497
252 68.163871 14.045394 51.858625
11205 4.026400 6.045645 10.919062
11206 3.550442 5.330995 8.840782
10885 3.564370 5.351907 10.645198
17100 63.733651 0.000000 37.610623
10931 64.532861 0.000000 36.720926
3390 41.566628 0.000000 27.205119
9066 42.518577 0.000000 26.860441
12252 79.033696 14.544746 45.923862
20935 79.096683 14.591599 45.845468
269 78.786038 14.811973 45.780196
12115 79.127136 14.664313 45.757455
13976 79.448553 14.340415 45.920968
15089 48.293270 0.000000 61.368582
11227 48.532493 0.000000 62.026165
1460 47.991900 0.000000 62.068086
4380 68.543412 14.147355 51.566792
17033 78.443017 9.583109 51.185799
569 78.147850 13.691981 47.220402
3885 2.459718 3.693270 91.190500
4273 2.953028 4.433976 90.405261
4274 2.905638 4.362820 88.678672
10538 41.046093 0.000000 25.125803
13838 80.947920 13.566301 45.946173
13936 80.759012 13.566809 46.040118
4824 81.291071 13.190345 46.150929
4809 25.431744 15.286610 71.982231
4811 26.247396 13.980740 72.881582
3777 43.460770 0.000000 50.910349
4552 43.164190 0.000000 51.317698
332 43.116985 0.000000 50.748548
2508 55.196424 31.265945 41.104578
10963 75.113533 0.579739 61.862915
10962 74.536277 0.938533 61.792390
7743 21.881188 0.000000 28.255820
15896 21.780318 0.000000 30.125674
12352 21.118213 0.000000 28.015345
10193 95.787368 3.157895 48.945263
884 6.533412 9.809928 48.217471
12096 74.559417 3.367988 59.348935
12094 75.019123 3.444254 59.042740
12095 74.648034 3.616775 59.055592
2644 74.357430 18.849856 43.952579
8814 15.976058 0.000000 10.260524
20781 17.037037 0.000000 8.518519
6247 41.381045 0.000000 51.616458
11171 41.134381 0.000000 51.419728
11170 41.489090 0.000000 51.103802
14385 71.356079 17.852348 46.451761
2672 71.555136 17.565717 46.639149
971 36.786107 38.790393 42.777763
6308 81.615457 3.892220 55.296160
10521 79.239456 9.316725 51.054231
9825 85.172813 6.930120 50.476543
12201 85.523492 6.841406 50.390007
5986 85.156452 7.058236 50.356480
14526 44.975270 12.578281 64.921505
11126 44.346112 13.464998 64.348481
5301 75.982679 17.365989 44.625306
5299 75.840232 17.310206 44.752368
8437 23.854929 35.818211 42.669120
17168 23.812970 35.755210 45.218362
13512 24.357935 36.573476 43.826538
132 0.833333 0.000000 99.583333
3788 1.796390 0.000000 97.496138
20996 1.666667 0.000000 99.166667
21016 1.585714 2.380952 96.823810
21539 1.931180 1.331190 97.701889
350 71.445257 13.723323 50.540325
349 71.802992 13.419961 50.665123
14058 71.795826 13.638626 50.449823
16769 80.309434 3.621652 56.220009
9655 78.707570 10.763561 49.871890
740 78.841341 10.745264 49.823320
3583 78.652917 10.863522 49.799156
3290 78.952124 3.469241 57.051228
14837 78.566557 3.267347 57.446107
16136 79.180739 3.178701 57.227750
12611 87.243784 7.724111 48.646273
3781 72.119215 11.712290 52.216390
3779 72.430969 11.627245 52.145643
3780 72.173945 11.868566 52.032593
3473 7.023730 10.546141 74.414447
9252 7.366403 11.060664 73.283153
9253 7.070151 10.615843 72.737501
5789 81.703671 3.786803 55.357575
3543 81.804191 3.714493 55.379697
1774 43.327448 25.114395 30.026818
5116 88.088485 2.448529 53.504779
5117 87.421015 2.559945 53.726988
5115 88.086975 2.287838 53.666387
15778 31.255338 29.667802 25.507047
5826 31.848652 30.332617 26.025088
15793 31.962990 29.100643 25.672009
15226 43.709904 6.386602 71.752060
15638 44.441201 5.230344 72.543825
15370 44.622636 6.392705 71.289585
11324 2.165240 0.000000 88.209381
17087 66.864404 9.712512 56.845574
8505 67.497355 9.867845 56.373610
5417 66.725755 10.377497 56.249248
14821 15.966749 23.974098 46.241505
4090 15.665200 23.521321 44.714358
3363 30.371665 21.790815 22.442174
16041 29.953053 22.676809 22.527904
3364 30.489941 22.728505 22.813563
9078 23.486619 0.000000 13.879802
20782 23.009991 0.000000 12.402340
20766 23.572264 0.000000 12.787310
14753 74.532655 15.886720 46.831066
15381 74.829365 15.731402 46.838184
17040 75.456989 17.108699 45.145697
4859 52.191504 34.460962 37.571252
4033 26.795233 21.787314 64.793282
4034 27.685553 20.164582 65.972477
3282 78.266848 12.295969 48.558311
8737 76.201678 7.832870 54.058458
15771 75.940627 7.836140 54.185711
8738 76.239346 7.658859 54.213809
1826 35.001425 0.000000 32.684574
1824 35.479953 0.000000 32.878497
5510 48.231668 38.131201 37.714834
16944 48.369288 37.449672 38.328235
3921 48.811514 37.584187 37.972472
1866 96.666667 0.000000 51.666667
7803 80.466289 5.791258 53.969806
9389 80.457515 5.668982 54.096592
7802 80.769937 5.625679 53.983727
5036 50.961743 2.169225 26.203223
5037 51.539069 3.244367 26.849909
5035 51.851852 0.000000 25.925926
9925 67.715812 12.396808 53.732889
5913 68.271420 12.321665 53.530304
6877 35.680233 0.000000 47.305576
6878 35.059766 0.000000 47.751939
6876 35.282275 0.000000 46.395206
20980 75.322728 18.185878 44.134572
15227 43.002448 7.568658 70.922549
17005 43.100453 8.904734 69.536135
16969 42.417325 8.527730 70.255080
7810 57.452533 15.052843 56.205837
6676 57.616509 13.960139 57.217646
14970 45.788060 0.000000 60.889105
13699 85.962688 5.741904 51.271011
13963 86.395325 5.616821 51.179900
14938 6.626879 9.950269 62.611297
14937 6.717598 10.086483 61.617571
51 0.381481 0.000000 6.927563
5985 84.832211 7.258301 50.318335
5282 84.854463 7.148924 50.416696
11037 8.666184 13.012288 11.077400
11835 9.042426 13.577216 11.793898
3509 80.439538 7.450989 52.321791
3510 80.425910 7.340340 52.439364
3511 80.679524 7.274064 52.378900
84 79.311058 9.662909 50.671899
1482 79.367439 9.694134 50.612452
16912 45.912768 32.292904 44.718419
14645 54.879902 0.000000 59.065658
5374 55.210709 0.000000 57.603733
12632 55.723069 0.000000 59.048387
6276 15.560130 0.000000 71.726388
6839 15.763010 0.000000 74.822760
1910 14.860584 0.000000 74.782559
11934 90.860254 5.277177 49.287419
9110 91.651621 4.920275 49.248995
2705 82.064015 4.563828 54.399600
2704 81.853444 4.710858 54.357709
73 81.763688 4.621676 54.491858
17301 80.524212 13.811397 45.912685
9984 26.484364 39.766312 33.847418
15850 25.987131 39.019716 32.573785
16464 25.964117 38.985161 35.904746
6194 64.056779 0.000000 38.987270
8627 63.232776 0.000000 39.094219
5666 9.354641 14.046007 47.281947
17262 6.625878 9.948765 31.478953
16279 6.732208 10.108420 32.222244
16953 83.285163 7.616181 50.733621
13986 83.379097 7.470340 50.832642
17229 78.247032 0.000000 42.594811
15057 78.959385 10.739104 49.770464
3582 78.781443 10.846135 49.752297
2273 20.898471 31.379085 42.938045
1213 81.331155 6.335098 52.992989
1211 81.085889 6.493897 52.956664
9671 1.198912 1.800168 25.806204
8274 1.499681 2.251773 23.580465
12532 1.020616 1.532456 21.407718
3905 91.767872 2.830628 51.282605
3904 92.930401 2.474698 51.057627
274 91.928909 2.978705 51.053862
12851 9.500007 14.264275 12.580284
3793 9.927410 14.906021 13.370928
4545 9.976583 14.979855 11.599217
1341 77.821502 10.705209 50.373334
1342 77.619514 10.807486 50.371950
9119 8.680604 5.508565 6.174654
15455 8.100000 12.162162 8.100000
9120 9.876018 4.545027 6.451503
14084 43.808893 0.000000 71.585425
13731 44.492916 0.000000 71.188268
5554 44.266762 0.000000 72.083229
15556 42.448235 0.000000 58.006833
1546 42.487330 0.000000 57.443004
12181 42.764741 0.000000 57.701337
4986 36.430096 37.316779 44.430856
5624 36.893222 36.615486 44.901287
15557 47.309296 0.000000 42.300001
1550 47.761295 0.000000 42.801389
5489 47.161284 0.000000 43.267547
15121 33.522871 45.513343 31.917379
8495 32.674074 45.163938 31.376628
11101 35.986331 0.000000 19.141587
9231 36.151984 0.000000 20.051471
17247 81.716988 9.350486 49.781669
15579 78.371960 10.403892 50.399724
12074 19.680064 0.000000 83.139111
14613 19.145502 0.000000 81.182096
2330 79.317957 9.478785 50.852758
994 77.743691 12.050870 49.065234
3277 54.783479 27.776519 44.803965
6238 19.965356 7.335793 12.425497
13810 91.556449 3.561623 50.656591
11927 90.800780 3.712714 50.883183
14099 91.869397 3.221867 50.840212
14946 11.842889 17.782115 63.785128
11712 11.398302 17.114568 63.228232
3790 22.516173 33.808067 49.919755
3791 22.655258 34.016904 47.749339
3789 22.105984 33.192169 48.794549
3824 42.250229 29.886579 31.077346
11764 41.923105 31.440811 31.431343
8983 48.301934 0.000000 65.300099
8984 48.709123 0.000000 65.851466
8982 48.151924 0.000000 65.931917
16689 74.133991 17.520788 45.394695
11795 22.035808 25.918985 19.648926
13567 22.524694 27.160324 20.306735
12338 23.191430 25.384133 20.048631
1436 40.907333 17.691201 61.837441
1435 40.320017 18.473804 61.347713
13871 83.956932 8.748060 49.264726
13710 84.196065 8.662679 49.230625
14071 83.928190 8.841650 49.185413
5446 80.585149 14.413087 45.279925
2450 81.271501 13.895753 45.454601
12590 81.043158 14.210526 45.253684
17253 71.971058 17.857615 46.138998
13939 71.740462 17.884111 46.227774
5304 72.137726 17.584063 46.329490
13065 80.222927 7.107540 52.773889
12467 79.710485 9.008994 51.126755
11853 64.331483 20.525429 47.288304
2204 41.607326 0.000000 33.951096
4587 41.000463 0.000000 33.470089
14852 41.591818 0.000000 32.984727
16429 80.033304 10.659608 49.313080
12620 79.897750 10.802739 49.237584
11378 79.797458 10.781398 49.309091
15498 79.088627 3.964500 56.487222
14673 78.715262 4.197336 56.440836
10993 81.329264 10.349261 48.975758
2750 23.221445 24.987451 63.376839
15267 22.784446 27.532681 61.047563
13609 11.040378 16.577144 58.627427
13385 10.713422 16.086220 58.047840
13610 10.600455 15.916599 59.957651
13878 74.932620 15.179907 47.338603
1200 74.622586 15.303586 47.369818
11580 74.903929 15.053601 47.479381
11551 23.785714 35.714286 52.357143
12812 23.371691 35.092629 51.348234
7408 23.257143 34.920635 53.415873
15009 40.984819 40.982102 38.484506
955 41.491422 40.503946 38.709838
8068 41.251344 41.228607 38.104493
16499 77.478109 10.062355 51.188528
7597 75.171940 12.823380 49.577827
8455 8.303320 12.467447 37.184678
5816 8.328090 12.504640 36.454019
3046 84.263899 8.462040 49.397549
8262 84.321524 8.339059 49.491840
8264 84.593039 8.257360 49.437863
7389 80.992040 10.271790 49.221918
7702 81.180425 10.178340 49.221269
14368 83.627351 8.843388 49.334093
13765 83.934219 8.673405 49.350812
15230 83.754791 8.826220 49.287559
15343 78.199968 4.292526 56.603198
6172 78.458546 4.438267 56.328022
7721 77.965471 4.576434 56.436254
14458 80.862553 8.652466 50.907605
15628 80.682663 8.792502 50.857374
15271 9.230336 13.859363 34.815081
2731 9.374342 14.075589 34.434597
8801 60.740741 0.000000 30.370370
8463 60.127624 0.000000 31.866343
8466 19.730143 29.624839 36.679496
13027 19.639346 29.488507 34.759557
2092 65.327051 16.633982 50.685859
3701 66.084515 16.097309 50.844336
8802 53.285423 0.000000 33.069454
12086 54.411671 0.000000 32.320354
21588 79.801190 13.717481 46.368207
21580 79.648945 13.872894 46.288760
13203 73.193919 14.242869 49.145928
15421 73.456633 14.042572 49.215069
13585 73.410222 14.205365 49.075319
12459 39.444612 0.000000 52.675710
12460 38.736133 0.000000 52.553950
7020 82.700053 6.470035 43.504548
2386 57.179540 0.000000 32.621360
15034 56.333716 0.000000 32.370145
6702 73.460536 7.850935 55.410946
6703 73.704466 7.914366 55.225486
10063 76.140219 14.568661 47.346661
10064 76.488202 14.334112 47.407453
2920 50.936559 0.000000 62.928042
2919 51.342565 0.000000 62.352710
3122 51.443903 0.000000 63.299837
555 32.295271 41.817820 41.992727
14593 79.765500 2.745549 57.368956
6354 43.111826 0.000000 49.545902
6352 43.147450 0.000000 48.861450
15409 95.000000 0.000000 52.500000
9478 94.166667 0.000000 52.916667
4834 71.795475 14.704405 49.383153
1600 8.704346 13.069588 26.446233
16747 8.673948 13.023947 27.582300
3227 9.430063 14.159254 66.678122
566 78.528084 10.875858 49.849225
5386 78.219958 10.333090 50.546598
9545 78.204280 10.400137 50.487323
8357 78.051371 10.453792 50.510069
2365 4.603817 6.912637 33.855089
10307 7.200000 10.810811 7.200000
9254 7.939086 4.857716 5.587162
20786 7.305841 3.986975 4.980583
20787 6.921764 6.042149 5.472918
483 71.863900 14.208911 49.844930
11273 4.240582 6.367240 63.437856
2167 41.761761 35.516585 43.567018
911 41.636721 36.068784 43.076787
913 41.334151 36.023981 43.272920
6362 83.097395 5.866905 52.578531
12701 83.383166 5.823495 52.479099
16658 48.755759 9.912368 27.678698
16659 47.756935 10.568392 27.397742
17057 48.373076 12.263424 28.270258
16760 7.920090 11.892027 37.959451
6487 36.174059 19.191552 62.702227
12030 59.221635 0.000000 54.759790
8795 48.332799 0.000000 54.599492
21480 48.290532 0.000000 55.006406
12774 50.873489 0.000000 37.258402
12775 51.174468 0.000000 37.886376
13023 62.818447 22.442528 46.125806
16229 62.960545 22.933924 45.562870
16966 62.122303 23.377026 45.538445
2300 38.518048 0.000000 51.418898
12461 39.218782 0.000000 51.541228
7105 77.894205 0.000000 44.499849
7104 77.382540 0.000000 42.902583
13369 6.683269 10.034939 48.608987
669 6.684034 10.036087 47.570277
4490 64.366889 19.706345 38.745657
15045 65.450925 13.841292 37.334613
10805 64.934267 6.793804 34.729470
2625 28.104172 9.879096 17.341825
16528 27.152112 10.613929 17.110495
11917 2.708496 4.066811 30.708484
12493 3.087962 4.636580 31.877345
10930 2.972111 4.462630 29.167236
5454 47.212310 0.000000 71.514675
13938 47.343141 0.000000 72.277171
1936 46.349612 11.664608 65.148922
1937 46.236015 10.654870 66.216467
1935 47.035785 10.686712 65.784709
9327 79.736508 8.675403 51.447667
17010 79.872108 8.542696 51.512707
15691 63.333333 0.000000 68.333333
1920 63.180179 0.000000 65.887503
10681 45.235789 41.052632 36.288421
6372 45.937895 40.526316 36.464211
13873 78.333333 0.000000 60.833333
13097 77.953731 0.410743 60.611981
3698 77.500000 0.000000 61.250000
2665 4.920830 7.388634 19.781845
8196 4.564049 6.852926 19.692064
17282 38.446317 0.000000 38.666297
3569 37.871224 0.000000 37.791792
14691 54.899851 20.318561 52.211195
13317 55.688454 20.558775 51.576439
3899 14.043563 21.086430 26.020262
15971 14.587741 21.903514 27.203452
17329 14.644100 21.988138 24.896132
9051 82.181542 6.526675 52.376028
9050 82.446043 6.394166 52.376419
12734 82.344101 6.541563 52.279845
15084 79.335716 10.797609 49.523736
12890 77.512141 10.936513 50.296480
1158 77.712951 10.833565 50.299126
1738 61.401013 0.000000 34.942422
4371 60.536138 0.000000 34.931193
13449 81.319464 4.921178 54.414169
8992 7.789321 11.695677 80.791582
12298 7.327142 11.001714 80.834421
6502 7.308877 10.974290 82.456694
16003 46.460645 27.877550 32.513547
13297 66.668686 13.519478 53.132660
11742 83.806536 8.500071 49.588161
16067 84.089651 8.313069 49.633793
12863 84.059429 8.420217 49.541648
4888 84.530583 7.439579 50.287690
4887 84.329099 7.485539 50.342426
6437 48.140230 0.000000 70.494521
5453 47.408395 0.000000 70.797503
12447 79.495568 13.554995 46.683666
3573 92.287378 3.462252 50.390597
3572 91.240239 4.053929 50.321898
2064 18.615823 27.951687 40.964781
3344 18.080365 27.147695 41.448488
3343 18.318920 27.505885 42.907637
14872 54.012998 0.000000 44.575588
13640 54.134334 0.000000 45.792209
15289 84.126496 5.088621 52.843043
6046 84.092129 5.252921 52.695762
49 83.774672 5.292313 52.815058
2463 2.910344 4.369885 54.942170
2465 3.174567 4.766617 52.231779
12708 82.557950 10.000163 48.710862
13319 82.656055 9.845619 48.816508
16026 82.884986 9.781200 48.766526
851 68.294958 11.861992 53.978667
5648 68.767647 11.907382 53.696887
7854 8.387317 12.593570 40.363809
7855 8.512478 12.781499 40.890330
249 8.558323 12.850334 40.012955
4610 51.004585 0.000000 57.363950
10956 81.667478 3.951435 55.210875
15218 81.592945 3.985707 55.213835
16800 43.111166 0.000000 40.660897
11635 84.319078 9.353218 48.477889
16902 84.611010 9.260524 48.424710
12277 84.185376 9.531790 48.365990
627 11.109319 0.000000 82.723238
13358 11.003271 0.000000 78.530608
4321 27.449768 23.865508 21.672098
11018 7.346228 11.030373 8.848959
17058 7.650000 11.486486 7.650000
16560 15.158987 16.532829 75.871145
11057 15.048026 14.785334 77.675868
13561 15.835782 14.627956 77.439525
2821 83.430472 7.089701 51.187973
11956 9.899202 14.863667 77.889371
7504 46.395612 36.629661 35.395483
7503 46.324920 38.115541 35.854935
1917 11.153970 16.747703 44.312861
1918 11.242311 16.880348 42.923138
13577 69.802780 2.420315 62.675875
11792 89.631786 0.000000 50.317720
16592 90.045944 0.000000 51.702488
9048 77.696269 10.297705 50.843862
13029 77.711797 10.365779 50.767957
15861 77.813357 10.265469 50.817587
6696 34.087454 8.107113 74.841053
17054 82.723185 10.810172 47.817425
15863 82.555979 10.849114 47.862048
7410 82.893908 10.634212 47.908200
7857 18.544055 27.843926 50.935320
11441 39.994849 38.374005 41.590196
11440 40.326749 37.652333 42.146640
2830 40.478634 38.075107 41.647501
13689 72.555281 8.084849 55.629425
13690 72.753754 8.214661 55.400248
12228 72.340228 8.377359 55.444150
6060 38.525641 38.512946 42.185721
13777 38.183172 39.155782 41.713476
17233 38.178284 38.670318 42.201870
595 79.360306 12.552437 47.754858
7458 79.700693 12.371167 47.766115
7459 79.416082 12.632010 47.647317
1998 34.633450 0.000000 32.070982
5595 74.493483 14.389659 48.349210
9019 74.722190 14.170756 48.453978
9020 74.762621 14.274684 48.329731
14624 9.007125 13.524211 35.561660
9900 8.865827 13.312052 35.621810
7225 8.135204 0.000000 31.013162
10679 44.533684 41.578947 36.112632
10680 44.768067 40.788478 36.786700
1761 65.649981 17.813192 49.344005
1763 66.365200 17.559945 49.239895
6613 65.698731 18.301548 48.830785
14994 81.042729 8.511676 50.958448
3318 7.451622 11.188621 67.614265
15193 7.664208 11.507820 67.762681
10291 7.658498 11.499246 66.616877
7849 12.143054 18.232814 54.277136
2 12.578239 18.886245 54.356342
15086 78.806098 10.480713 50.105757
13280 78.777952 10.587016 50.013421
2307 7.226808 10.851063 51.194287
7887 7.387206 11.091901 51.625621
8020 7.397307 11.107067 50.732814
1054 79.760862 0.000000 55.891226
11873 87.850943 4.753377 51.316398
6864 88.596864 4.398337 51.298833
16253 82.004274 10.587697 48.399578
21471 81.828023 10.667536 48.407785
21466 81.758819 10.754101 48.355736
13593 81.894232 10.747917 48.294219
21467 81.662984 10.872442 48.285194
19 6.301190 9.461247 30.983636
15758 6.128639 9.202160 31.319162
3362 30.993827 21.806744 22.758559
11773 31.032034 22.703568 23.076305
6677 56.816542 13.702311 57.875716
11983 88.396103 5.499914 50.296535
6573 89.038630 5.168234 50.307283
1408 88.833833 5.405217 50.172461
1924 81.220449 4.720648 54.664407
1925 81.373511 4.585191 54.723468
1923 81.471932 4.674503 54.584857
7871 46.256530 0.000000 54.542310
9723 46.198690 0.000000 53.973458
8490 85.074027 0.000000 49.159440
8492 84.868139 0.000000 48.041514
4202 85.538710 0.000000 48.349864
245 5.470951 8.214641 48.915429
244 5.462386 8.201781 50.433518
6721 5.665426 8.506646 49.496068
1232 39.189403 26.481385 53.897432
1234 38.736049 27.426028 53.178522
11889 77.528564 8.687874 52.539156
340 85.951155 7.110471 49.906841
341 86.131102 6.904124 50.023421
5594 74.460582 14.290441 48.464978
1050 40.266498 14.034286 24.806666
916 40.279349 20.395911 59.444019
915 40.881629 19.610323 59.929252
17244 40.844209 20.487972 59.069435
141 35.840607 10.206138 21.318947
5001 34.878502 9.704042 20.670697
5023 0.546216 0.820145 77.997117
9357 49.280181 0.000000 56.508729
850 68.500900 11.191525 54.546834
21123 68.493095 11.495785 54.246172
21078 68.076750 11.574388 54.375662
6865 89.211778 4.278286 51.111547
16265 89.338981 4.039040 51.287431
9342 44.333456 38.720259 39.074293
13757 39.407477 38.117684 42.140459
14234 39.868454 37.898209 42.129666
3140 39.514480 38.626187 41.577947
12537 40.203522 37.219521 42.641499
6482 39.763648 37.399522 42.681254
10143 80.338220 6.557086 53.267247
14704 80.120846 6.605835 53.327136
14705 80.300917 6.480239 53.362822
12316 32.938738 0.000000 80.975006
5541 32.686136 0.000000 82.462952
3920 49.448421 37.894737 37.343158
3823 49.987197 36.590054 38.379757
7213 26.701908 0.000000 57.810697
10914 26.916509 0.000000 60.408687
11783 78.873797 14.131118 46.417852
11500 78.788731 14.311027 46.280297
13393 62.343984 20.707557 48.099743
15715 61.300607 21.985052 47.342659
5560 24.188622 0.000000 14.045156
11951 41.752037 0.000000 70.781559
15571 41.219052 0.000000 71.000446
217 41.428455 0.000000 70.236482
9016 90.872632 6.842105 47.714737
8420 90.170526 7.368421 47.538947
6594 89.762732 7.564624 47.546445
5043 42.761563 0.000000 49.925967
5044 42.431635 0.000000 50.341590
5045 42.398875 0.000000 49.691809
5652 49.731337 0.000000 63.326870
4530 49.087633 0.000000 63.431787
5198 77.747443 11.518484 49.596276
14981 77.609244 11.533003 49.650842
5199 77.801084 11.406058 49.681995
8615 82.933580 9.284392 49.239534
4426 83.112301 9.213356 49.221280
8613 82.966341 9.335550 49.171944
1655 92.366242 1.885506 51.929488
1656 91.118053 2.259642 52.179072
1657 91.576641 1.910482 52.299287
3683 24.955560 37.470811 30.764183
1637 24.943776 37.453117 33.758178
15851 25.483592 38.263651 31.587695
4546 0.693636 1.041495 45.702405
21080 69.129666 11.555336 53.868275
21669 91.736621 3.107610 46.903145
21688 92.263175 3.386814 47.259397
7764 28.262530 31.668258 24.676795
5522 28.993583 31.445500 24.968143
7765 28.477111 30.711503 24.465486
10863 77.727998 8.880340 52.246780
10865 77.509927 9.001375 52.234661
14698 43.831579 42.105263 35.936842
15745 44.058326 41.352722 36.576762
11158 79.504731 14.693892 45.539049
2475 90.062366 5.456729 49.506631
5912 90.755925 5.009842 49.607185
12996 1.179236 1.770625 37.884865
16178 1.239226 1.860700 35.024298
12286 0.960576 1.442306 35.061610
43 83.447044 6.717044 51.552717
5400 83.084694 6.844496 51.606312
14616 49.573603 19.434117 31.258362
13579 50.036619 17.600849 30.879392
10071 71.424244 17.206442 47.064230
11899 88.747166 3.285633 52.337498
4232 74.722177 18.055486 44.565370
10494 30.934356 40.231586 28.864296
9211 31.699156 38.907684 28.805837
11360 30.649038 39.071423 28.335303
1863 45.687728 31.999735 45.124402
2377 81.483258 3.529389 55.725452
2378 80.930224 3.625212 55.906050
9122 50.532938 10.054868 64.668608
1393 50.032458 11.178965 63.793627
16092 49.677601 10.344202 64.806653
17295 58.293913 5.079603 65.768362
2334 30.101821 0.000000 67.113277
8876 29.420678 0.000000 65.821644
7895 51.418889 0.000000 52.303123
15403 51.470442 0.000000 53.303797
13880 47.311111 17.475559 58.851410
17182 49.806200 8.556921 66.531422
10655 44.400914 38.859657 35.140723
5572 34.155724 0.000000 31.396446
13116 76.860236 14.094278 47.461510
11305 14.064755 21.118251 28.441515
15972 14.488006 21.753762 29.468216
16793 32.242857 48.412698 35.417460
12581 32.771429 49.206349 34.358730
6040 32.379413 48.617737 34.162998
12405 57.259621 0.000000 68.471900
4433 58.043995 0.000000 67.870726
3405 74.677415 10.118025 52.533150
5472 74.564442 10.023404 52.684352
1886 74.856191 9.918301 52.643685
4183 43.364054 25.228801 53.063944
4182 43.313470 24.542522 53.776201
10621 7.567255 11.362245 24.582556
12553 7.646328 11.480973 25.503478
9895 80.227186 8.093877 51.784436
3467 82.013183 12.926080 46.054402
6986 81.750147 13.256250 45.855421
14313 81.356059 13.410751 45.897809
14382 83.577294 4.426814 53.780112
20670 83.783721 4.417481 53.686241
6746 43.375673 0.000000 67.868989
5051 43.280951 0.000000 67.025945
6747 43.876983 0.000000 67.157809
10938 7.663587 11.506887 33.911476
11181 7.453614 11.191613 34.451584
5508 48.746316 38.421053 37.167368
9293 48.803445 36.868990 36.679096
14049 53.883283 0.000000 41.029045
11136 86.125116 6.150984 50.780307
8828 85.692171 6.287689 50.859938
13479 86.041273 6.063908 50.909392
9681 53.917313 7.384044 65.649916
2656 10.444938 15.683090 45.023001
3820 14.440064 21.681778 57.945413
16544 47.073844 0.000000 29.343740
2598 77.803518 11.776053 49.310412
213 78.034517 11.647805 49.323289
8729 5.125624 7.696131 60.302593
1217 5.399111 8.106773 59.751723
21395 80.442140 6.400476 53.372054
10144 80.492569 6.442255 53.305019
8179 80.722844 6.367938 53.264272
21392 80.598036 6.345506 53.349130
21393 80.734216 6.301239 53.325352
10615 45.031478 0.000000 55.046339
6554 10.569862 15.870664 68.773893
4725 10.351273 15.542453 75.942398
4727 10.222046 15.348418 73.850766
15044 81.454587 8.583736 50.680387
15573 81.276551 8.712819 50.640193
5951 81.274031 8.646827 50.707511
20998 1.479656 2.221706 96.193473
20999 0.869102 1.304958 97.633579
21541 1.057143 1.587302 97.882540
13673 1.280139 1.922131 95.150613
133 0.000000 0.000000 100.000000
767 57.037037 0.000000 28.518519
5631 56.296296 0.000000 28.148148
8542 56.819037 3.437167 29.554095
13453 40.257350 0.000000 60.029611
11694 40.805520 0.000000 59.885802
17127 40.461832 0.000000 60.734672
10137 74.292705 12.595772 50.245280
4289 56.572515 0.000000 44.382903
4290 56.924581 0.000000 45.796597
2278 56.033603 0.000000 45.962801
5272 42.785515 0.000000 47.965227
8341 42.565488 0.000000 47.453688
8340 43.046382 0.000000 47.441019
14868 10.713024 16.085621 32.748437
10245 54.006829 23.409709 49.563467
3666 27.948169 20.151270 20.684457
15395 6.410868 9.625928 75.555371
15394 6.729287 10.104034 74.230936
7732 70.707110 12.178276 52.455991
5041 70.566855 12.001734 52.702836
5246 70.985113 11.859910 52.635673
11395 7.012267 10.528929 53.006875
10188 7.204060 10.816907 52.300608
8567 7.026588 10.550432 51.887897
8925 51.597397 0.000000 42.420982
13188 52.122034 0.000000 41.020859
11844 53.726493 17.357569 55.761827
12932 53.381573 18.711819 54.578683
4589 84.645544 6.586239 51.084402
9451 84.371925 6.727906 51.079403
1270 6.643488 9.975207 56.186789
3667 87.631472 3.781985 52.398497
8280 8.301646 12.464933 11.099127
4735 8.096563 12.157001 12.407704
5031 51.748744 0.000000 60.786030
5032 51.820940 0.000000 61.727507
14546 35.507344 30.044687 52.171596
10471 34.883087 30.148203 52.380105
16110 76.547465 13.405333 48.307529
7948 76.450691 13.593570 48.167491
11990 41.514242 7.997189 23.420185
1410 72.781708 7.269971 56.331905
13657 72.774504 7.577081 56.028090
904 29.134295 0.000000 80.998866
12808 29.543251 0.000000 78.304945
4971 30.458676 0.000000 78.758840
13345 4.570756 6.862997 11.273457
3719 42.051818 0.000000 71.376452
3720 42.358402 0.000000 70.521826
1120 27.314648 2.462596 14.477368
1121 26.519439 2.787555 14.187976
12309 7.885519 11.840118 58.488015
12308 8.019772 12.041700 57.562941
8808 74.798733 8.579895 54.012158
7179 9.571426 0.000000 29.055461
11761 5.000000 0.000000 97.500000
14226 42.745863 6.321077 72.299671
9158 47.521432 0.000000 49.229749
1299 48.025531 0.000000 49.030987
9157 47.804041 0.000000 49.797589
3486 83.769636 7.514901 50.592765
3487 83.996568 7.477404 50.516835
7701 81.065690 10.283169 49.173703
15987 66.049777 10.246107 56.718758
7720 32.857592 37.077884 46.456243
14648 32.224539 37.182914 46.667634
4688 81.673925 7.377673 51.777987
6822 81.421514 7.447542 51.834253
2408 81.635321 7.294738 51.880307
7695 44.195587 0.000000 51.163093
17045 43.888727 0.000000 51.641895
3778 43.818041 0.000000 51.050179
4480 76.742584 0.000000 47.527122
4481 77.291846 0.000000 48.718941
6256 41.590564 0.000000 74.670366
4282 44.377004 0.000000 52.957174
7343 73.098386 15.626516 47.808664
7655 72.841520 15.727104 47.836409
6690 73.093689 15.497935 47.939723
568 77.874204 13.975409 47.073513
14 66.198857 19.865793 47.014913
13595 66.647704 19.371396 47.285381
17205 26.965022 27.659463 58.830366
11919 6.426008 9.648660 51.830190
6904 6.223506 9.344604 51.304253
3168 50.581580 0.000000 47.819213
3166 49.974483 0.000000 47.795231
3167 50.376592 0.000000 46.904468
7666 72.580574 14.853867 48.840992
12675 8.459330 12.701697 38.600979
10673 8.494319 12.754232 37.522695
12676 8.286876 12.442757 38.144233
6873 5.343475 8.023236 53.316885
6875 5.259406 7.897006 51.764809
2326 80.427111 6.956469 52.823018
14945 80.628074 6.805178 52.873980
13860 80.679688 6.892169 52.761095
9148 40.689940 30.949184 48.674897
9149 41.197540 30.352102 49.018776
9147 41.120738 31.081253 48.327296
10438 90.816214 3.097819 51.490976
8175 43.589704 34.659202 43.511287
14505 43.669940 34.132762 43.998135
16925 43.917360 34.304688 43.702327
8331 80.332282 0.000000 47.371437
2709 79.605136 0.000000 48.152724
9858 87.856750 6.430738 49.634457
4607 88.212628 6.370056 49.517260
4609 87.541452 6.725371 49.497177
9405 18.645069 0.000000 67.854877
13235 19.480604 0.000000 67.559503
15811 19.134332 0.000000 70.200163
6326 56.411900 3.718767 68.071564
6328 55.594128 4.080866 68.117990
2738 37.493002 30.332405 28.847192
2737 38.041825 29.312687 28.782037
10330 37.233509 29.163745 28.328281
11151 70.905208 18.617661 45.911117
11150 70.568225 18.963565 45.733359
17285 15.052166 22.600850 49.289042
2818 86.591869 0.932957 55.770176
2816 85.865486 1.151447 55.914658
2817 85.696283 0.902388 56.248569
10423 80.055076 7.939743 52.024779
5049 89.851780 2.236160 52.835713
14623 37.169333 0.000000 70.107084
11392 32.603652 0.000000 41.636421
4579 33.343809 0.000000 41.100022
5243 74.052549 15.013183 47.945530
14265 85.527109 5.259299 51.971887
1932 74.538907 15.628865 47.086053
15305 74.243986 15.889657 46.972460
15304 74.268647 15.734513 47.115429
2290 73.654685 1.973496 61.197188
1836 73.268208 2.305584 61.058006
3117 76.385843 13.279618 48.514180
14911 76.157090 13.319636 48.588499
13720 76.476993 13.098811 48.649594
6346 68.744711 10.017060 55.600567
6705 40.607743 31.725284 47.939119
15414 2.331396 3.500595 58.666647
14759 2.534757 3.805942 55.611170
9992 40.136005 0.000000 53.872192
4485 77.842196 9.282816 51.786803
20897 77.846274 9.246039 51.821578
20890 77.921308 9.223606 51.806517
1398 77.840600 9.174498 51.896027
20891 77.928305 9.153864 51.872829
20898 77.847624 9.201524 51.865462
16292 41.450126 17.013646 62.244277
14346 70.669550 14.423132 50.227670
5613 71.109451 14.272854 50.158147
9494 45.601226 34.200846 42.964340
9273 46.098776 33.760517 43.156334
7156 73.329051 12.846514 50.476114
6261 72.982503 12.969151 50.526629
7154 73.220873 12.716118 50.660730
13419 34.075062 36.096050 46.830323
2765 33.459740 37.087581 46.145461
14161 33.376250 36.158235 47.117482
13218 81.915753 9.725964 49.306433
15410 82.098029 9.579512 49.361894
12579 30.140108 0.000000 53.967286
13552 51.670497 0.000000 32.777834
16649 50.706478 0.000000 33.240728
2719 50.787113 30.346494 44.229603
2720 51.160989 30.966913 43.421625
16036 7.394280 11.102523 63.992750
17125 73.262112 15.052010 48.301882
17109 73.007400 15.289860 48.191150
3438 85.608881 6.684516 50.504359
5509 48.044211 38.947368 36.991579
1933 74.784505 15.531615 47.060601
14752 74.784419 15.643688 46.948459
1934 74.521181 15.767804 46.955837
15398 3.152901 0.000000 27.086233
14153 3.180906 0.000000 31.146547
6892 9.195634 13.807258 43.345485
9025 9.370650 14.070045 43.517199
4137 71.588046 17.249160 46.939568
17096 34.790310 0.000000 27.907244
16646 35.461969 0.000000 27.752675
1819 77.120943 13.348590 48.077590
3726 77.242561 13.198071 48.167450
4654 77.392812 13.171830 48.118593
3118 76.301560 13.462336 48.373422
3353 76.628230 13.224233 48.448428
16325 4.150218 6.231558 66.996873
9139 4.413787 6.627308 65.446578
4876 89.865822 4.146016 50.916927
922 81.927844 7.310838 51.717929
1999 77.804703 10.486581 50.600581
2000 77.642334 10.562243 50.606028
2001 77.773920 10.453945 50.648642
7224 5.195328 7.800794 35.045422
14841 43.768436 0.000000 59.183667
17165 48.327999 0.000000 45.148333
15720 48.558369 0.000000 45.825400
4440 47.949686 0.000000 45.942819
15853 43.793310 0.000000 60.110957
1806 44.086362 0.000000 59.774010
3239 18.313748 20.005293 15.818637
3240 19.672420 18.534885 16.008326
3241 18.956942 17.854087 15.423882
4 38.104974 32.801770 48.112941
16039 38.533512 32.223176 48.477845
9579 47.075628 0.000000 55.965199
6882 46.976937 0.000000 56.459583
13716 42.343920 0.000000 44.988309
15095 90.510455 4.017754 50.723001
4877 89.659585 4.411274 50.754522
11375 9.320754 13.995126 41.998299
11038 9.234138 13.865072 41.492267
8460 9.159284 13.752679 42.423168
16901 85.071723 8.958952 48.496227
13186 84.727001 9.084943 48.542471
6546 29.673408 0.000000 58.308661
1128 29.891099 0.000000 56.115415
13151 83.943296 4.335525 53.688492
20671 83.778282 4.367843 53.738648
1477 5.254342 7.889402 19.282662
14773 46.698203 0.000000 53.000165
7474 0.644090 0.967102 35.570907
9553 0.869038 1.304862 38.580183
9248 70.018403 21.338561 43.630899
2211 69.282044 21.994575 43.342408
2213 69.615682 21.441195 43.729523
6265 81.482011 3.940227 55.314828
1455 27.621301 22.993288 63.173068
1457 28.441684 23.158447 62.597553
2801 87.743835 3.479119 52.645484
13826 88.003841 3.533729 52.460817
16809 87.385793 3.712606 52.590785
9247 70.271954 20.867494 43.975661
5402 48.235348 0.000000 46.691028
532 9.141234 13.725577 37.417353
2035 8.995992 13.507495 37.393012
4815 8.997724 13.510095 38.077020
6752 16.239950 24.384310 40.394354
15300 43.286187 0.000000 52.589257
12372 43.097641 0.000000 52.305906
7417 43.377561 0.000000 52.122817
5498 42.318502 14.166363 64.660220
2911 81.899151 8.421187 50.620816
2913 81.672602 8.505094 50.650100
3161 81.855748 8.361177 50.702588
7594 78.182238 12.444578 48.451858
3281 78.458854 12.253613 48.504707
4458 77.250046 11.952593 49.410431
6994 81.851528 6.135341 52.932759
3475 82.088553 5.988412 52.961323
11354 82.127984 6.083001 52.846925
345 13.165002 19.767270 56.437385
1469 48.825273 0.000000 57.834043
9449 48.441749 0.000000 57.457071
1260 7.283813 10.936656 63.216675
13347 7.149263 10.734629 64.405255
1284 65.964934 20.772857 39.899829
1285 66.298947 25.263158 41.562105
6846 44.316098 0.000000 48.420267
8383 83.670811 5.665593 52.493336
8385 83.910076 5.531887 52.507543
8018 83.962485 5.606259 52.406892
301 91.633507 5.836418 48.340992
8961 76.839173 6.762426 54.811225
2201 76.903745 6.593720 54.947814
14481 4.583192 0.000000 75.754705
14482 5.343361 0.000000 75.094711
8541 57.472565 2.287856 29.498139
8931 57.625142 5.139130 30.523901
2491 39.324638 0.000000 35.049817
2492 39.933009 0.000000 35.472662
7032 68.833811 0.000000 61.064304
2902 68.157463 0.000000 63.539320
2901 67.981315 0.000000 61.026350
7947 76.669647 13.547040 48.104589
9369 76.352182 13.783710 48.026415
11988 87.451700 7.729245 48.537175
16141 81.866066 8.977346 50.080644
16780 81.838191 8.912924 50.159067
17336 74.468159 14.770969 47.980181
4454 74.229299 14.960055 47.910335
13123 74.405725 14.920044 47.862173
12418 75.466969 4.326561 57.935628
11697 75.524632 4.035297 58.198351
10225 72.623774 16.218111 47.453784
7403 72.349191 16.350192 47.458862
10226 72.595793 16.102948 47.583053
10301 34.703782 0.000000 59.198756
8545 78.269468 10.681287 50.173297
20695 78.397705 10.644830 50.145673
20713 78.314898 10.697432 50.134422
11957 63.506749 16.777325 51.452523
12062 63.894566 16.078435 51.958204
318 64.333862 16.252007 51.564810
16595 45.677000 3.758987 24.090243
12327 44.702463 3.767141 23.605690
12329 44.929848 5.698374 24.362482
5242 73.869449 15.086154 47.964035
11208 78.531424 10.708200 50.015380
3967 16.759145 0.000000 24.709987
5763 15.491314 0.000000 24.570901
2910 0.000000 0.000000 4.347826
6394 36.459382 36.332506 30.328415
6393 36.839155 37.591760 30.937634
2850 48.225011 0.000000 62.767120
1458 47.601839 0.000000 62.820669
8143 85.957895 10.526316 46.484211
2135 81.552407 8.095740 51.119961
2292 81.613115 8.148701 51.036593
7608 22.480324 33.754240 35.818881
14312 22.014600 33.054955 35.307680
3375 86.434321 9.005369 47.768465
7463 86.527965 9.077897 47.649043
5165 79.905600 9.918818 50.118463
3129 45.020858 0.000000 59.564274
3127 45.053105 0.000000 59.067157
8067 77.717825 5.814132 55.321142
7255 72.195317 17.831768 46.052742
10794 72.025702 18.135814 45.833199
12360 71.808587 18.127799 45.949780
6695 34.640074 8.995960 73.675007
9609 72.388655 16.464830 47.324378
14485 43.307072 8.801416 24.584407
9163 43.132295 10.689122 25.125625
4692 68.534082 18.529633 47.184796
4691 68.549400 18.773300 46.933227
4995 83.820833 6.533982 51.549067
1832 83.600557 6.542663 51.650516
13356 10.104611 0.000000 77.602676
10413 10.237772 0.000000 82.056083
15672 75.558874 15.062985 47.142515
899 44.671287 24.741388 52.898227
16943 84.240397 4.905323 52.969574
14217 79.502884 9.116846 51.122595
12200 70.846486 13.615621 50.947521
9329 23.131552 7.864752 80.561607
13149 66.476879 11.971047 54.778542
16846 65.741469 12.605293 54.511367
16290 39.241256 0.000000 56.830737
14727 42.202991 1.230437 77.666837
12913 41.666667 0.000000 79.166667
11176 0.000000 0.000000 47.826087
4606 0.246629 0.370314 45.215677
10261 0.000000 0.000000 43.478261
16277 24.473465 35.690295 24.121601
6657 42.327590 15.325806 63.495073
13763 42.048700 16.428811 62.530410
6655 41.556179 16.095340 63.110475
12332 24.898506 0.000000 45.463121
9266 24.345012 0.000000 47.152854
11861 24.033413 0.000000 44.917834
12796 82.541119 7.418358 51.303664
3310 82.444909 7.362817 51.407366
14851 3.311820 4.972703 74.753158
3261 3.711998 5.573571 73.388117
16662 73.741679 15.373251 47.740537
12007 73.943914 15.254079 47.758710
14959 40.385113 0.000000 65.491031
11996 91.500777 6.233701 48.009676
1549 90.783101 6.616333 47.985500
5815 6.490529 9.745539 79.134294
2798 6.953428 10.440583 77.458262
15843 9.699647 14.564034 40.520995
5287 9.508970 14.277733 40.572897
13096 7.393722 11.101685 56.684458
673 5.908660 0.000000 49.999085
15168 5.012948 0.000000 47.564452
15161 5.721853 0.000000 44.791835
2222 76.353069 0.000000 54.915087
16206 78.031876 9.613160 51.361289
745 77.904124 9.702945 51.335290
17120 77.932855 9.618075 51.405880
14856 73.738520 15.219599 47.895922
12058 73.661368 15.196339 47.957781
1176 5.542983 8.322797 84.270741
1178 5.751307 8.635596 82.547094
1362 5.392219 8.096424 83.226865
11346 78.451480 11.989746 48.772524
10593 81.494401 12.594169 46.646037
11367 89.409373 5.098012 50.192204
145 76.761041 1.676057 59.941747
4839 76.473508 1.378630 60.383237
146 77.146533 1.372807 60.052554
6151 21.533839 0.000000 26.250791
6263 22.321505 0.000000 27.200564
10090 7.633541 11.461773 69.009096
10092 7.906879 11.872191 67.981355
15325 46.779055 0.000000 62.142676
6813 80.478608 7.043137 52.710516
13879 75.095961 15.180376 47.256463
10127 3.676317 0.000000 69.350712
445 82.305072 6.861666 51.978937
14963 10.287571 15.446804 42.261109
11410 10.441682 15.678201 43.001053
9156 10.533120 15.815495 41.818864
11490 13.050000 19.594595 13.050000
11489 14.911323 16.737888 13.029378
4666 15.056838 14.649576 12.406728
5005 81.793255 8.852587 50.241933
4732 28.196744 0.000000 19.183453
5620 27.502902 0.000000 19.083628
5694 27.651186 0.000000 18.064415
10667 32.617800 0.000000 28.887480
14896 31.820281 0.000000 28.175361
14608 78.264919 9.635055 51.222850
10800 78.329910 9.668181 51.157196
4964 72.607750 16.823632 46.855670
93 7.121901 10.693545 14.557616
9688 7.392943 11.100515 13.338629
9690 6.960993 10.451942 12.925569
17300 53.740685 0.000000 37.522838
10769 53.072447 0.000000 37.310253
3246 54.801751 0.000000 63.350649
8870 5.359635 0.000000 67.246943
10280 5.583030 0.000000 71.520461
8871 4.912785 0.000000 71.675801
9230 35.378354 0.000000 20.224037
15750 34.367454 0.000000 19.206095
15642 45.163610 0.000000 40.666888
7274 45.099330 0.000000 39.543493
12470 42.415030 0.000000 52.029181
16404 42.160759 0.000000 52.298206
6216 42.167714 0.000000 51.826726
14510 41.631829 0.000000 72.256662
11317 16.598534 24.922723 23.184186
2489 76.788721 9.529231 52.066879
2488 76.622439 9.691335 51.987755
6714 51.702897 0.000000 38.041609
1689 5.619962 8.438381 70.508257
4197 9.247764 13.885531 44.965458
16880 9.115037 13.686242 45.607558
4367 16.523441 0.000000 83.551504
2918 68.310927 21.984718 43.837834
942 68.973698 21.464111 44.027576
10059 85.311196 3.251515 54.089636
10060 85.135809 3.149886 54.279059
10061 85.612579 3.056128 54.134526
12967 52.558296 8.438106 65.274308
9907 89.191218 1.535161 53.867695
7586 76.916113 8.794871 52.738278
6991 76.941427 8.892743 52.627651
2789 42.832367 36.630454 41.916732
8908 42.329839 36.841279 41.956960
15170 42.682871 36.232383 42.389949
6760 5.534100 8.309460 47.100695
6722 5.688666 8.541541 48.192120
20903 5.724860 8.595885 47.341666
5824 32.200077 31.396482 26.555067
16074 31.405417 31.564822 26.213794
10557 31.692731 32.498704 26.668434
3741 46.432910 38.799611 37.945134
1089 47.149822 38.252449 38.134387
3742 46.888086 39.137135 37.379685
4164 88.446557 8.015239 47.753467
9697 88.739076 7.922686 47.699853
1846 88.097276 8.325600 47.617436
6968 16.723392 0.000000 51.583521
14021 47.373408 7.560062 68.745674
4024 43.795514 1.585277 76.515381
17270 43.125894 0.917193 77.518942
12394 44.309911 19.509560 58.315975
16763 43.718671 20.412164 57.708089
9982 43.618482 19.551898 58.619309
1896 45.063597 0.000000 32.937514
1894 45.597693 0.000000 31.956458
10714 78.062446 11.386566 49.570825
11001 77.896538 11.495883 49.544352
14999 30.716743 4.763303 16.944551
13252 31.214020 5.899942 17.571691
12045 31.533280 3.920925 17.072308
6058 43.791461 0.000000 66.318521
13450 81.401244 5.023857 54.270497
5412 81.731255 4.959006 54.170407
4598 51.067585 21.576587 32.718796
13574 8.432522 12.661444 15.361486
1635 78.321840 13.052954 47.773073
3153 32.345508 33.890634 49.902722
1883 28.983289 26.605167 23.351165
3934 86.638506 0.000000 49.746814
4851 74.092258 6.817043 56.130011
2470 3.927172 5.896655 70.983245
5269 59.057173 1.991921 68.477501
8047 59.973097 2.115748 67.895588
12849 76.197613 10.237250 51.653707
15756 75.961459 10.365053 51.643852
9633 76.045934 10.220640 51.746173
16965 89.453197 7.838668 47.426895
6595 88.987826 8.102703 47.395282
8663 81.627135 9.638956 49.537837
14181 33.597833 37.467026 29.275436
1017 32.832362 38.770267 29.326680
15510 33.975477 38.739742 29.888073
3371 81.775804 9.251424 49.851422
3372 81.989590 9.123213 49.872869
11916 22.500000 0.000000 88.750000
3332 22.092939 0.000000 86.854525
13775 22.928610 0.000000 86.273116
5244 72.273916 18.950771 44.893320
5245 71.767589 19.404213 44.692589
7311 71.889981 19.164009 44.871836
8597 4.172566 0.000000 72.339423
3646 51.883381 13.146140 30.319355
11791 9.023477 13.548764 43.241488
2016 8.952972 13.442900 42.525264
16159 8.878034 13.330382 43.228833
8879 43.740236 0.000000 25.704434
2603 43.437682 0.000000 26.680962
11775 42.759079 0.000000 25.862589
161 0.842865 0.000000 72.996047
3949 34.411117 0.000000 76.841252
13898 33.859140 0.000000 76.494089
6867 6.518297 9.787232 59.327715
4339 6.524221 9.796128 60.494475
12872 6.744817 10.127353 59.527172
16608 72.975630 18.271441 45.222473
6772 72.596598 18.540562 45.142598
15133 72.914944 18.177289 45.347062
12536 40.133990 36.700112 43.196192
14683 44.696581 0.000000 56.883194
11739 52.435720 0.000000 30.222093
8458 51.801642 0.000000 29.573187
4338 6.707340 10.071081 60.739152
5754 16.930257 8.098968 83.427805
1839 16.673862 6.528422 85.128119
1841 17.421697 5.667394 85.616090
15152 84.199877 4.769045 53.126247
13907 84.631110 4.708569 52.971168
12320 38.333333 0.000000 80.833333
9753 78.189294 10.809349 50.085195
20705 78.251557 10.739770 50.123712
3866 78.038946 10.882053 50.087592
20698 78.022848 10.842799 50.134934
20697 78.143259 10.786944 50.130640
228 37.575284 19.745340 61.447272
4327 45.831359 24.928781 52.130611
4265 85.306294 5.640268 51.700945
5778 85.118299 5.834506 51.600510
16313 35.112274 8.010238 20.223546
1709 48.528144 0.000000 32.298580
690 83.608045 10.677788 47.507511
20941 84.002208 10.438897 47.549560
20940 83.841860 10.617850 47.450602
10581 83.429386 10.906268 47.368133
622 45.861354 0.000000 41.029968
8251 50.141552 25.667374 49.236182
9040 49.391247 26.011612 49.266753
17117 10.151685 15.242771 72.306496
6555 10.338542 15.523337 70.694762
15551 86.022354 3.678176 53.306969
6909 86.394780 3.451794 53.347364
13682 6.905125 10.368056 58.407104
4542 6.981035 10.482035 59.220656
1660 42.737835 18.914286 59.697882
10363 69.133146 17.052687 48.363687
7645 74.990808 14.499338 47.990759
15866 74.666562 14.724045 47.927950
6203 57.559745 0.000000 49.335612
6954 56.712528 0.000000 49.942990
2030 52.500000 0.000000 73.750000
13308 17.971429 26.984127 64.003175
16447 75.821613 8.483175 53.597535
208 75.535389 8.633020 53.590652
14124 46.744644 11.040745 27.048890
14123 46.258806 9.350661 26.243173
533 9.293181 13.953725 37.619501
9585 80.178647 9.250545 50.650881
16076 79.977585 9.340254 50.661613
2187 33.039797 26.265457 25.266295
8413 32.435994 25.802832 24.810340
15803 73.268735 10.237033 53.118362
10818 73.006171 10.305486 53.181123
7157 93.885060 4.404309 48.648756
528 17.885427 2.849329 88.205108
2243 17.500000 0.000000 91.250000
2242 18.333333 0.000000 90.833333
14762 79.106341 7.311735 53.127783
4073 73.808982 14.633769 48.447107
12131 74.009313 14.586743 48.394014
729 44.377051 15.353985 62.442136
4967 16.955994 0.000000 90.221786
2241 17.860034 0.000000 89.253543
3896 69.855027 19.103707 45.949675
9540 18.272744 0.000000 86.814544
5021 78.366826 11.292485 49.512809
5945 78.204480 11.339328 49.547093
11131 78.376517 11.205353 49.595184
12649 71.203752 0.000000 54.665094
6018 8.449690 12.687222 55.744561
20622 8.554676 12.844859 55.187124
20624 8.463953 12.708638 55.260146
6017 8.275224 12.425261 55.859803
20620 8.377118 12.578255 55.330743
9591 70.412032 15.720158 49.058106
2431 70.522033 15.790322 48.932871
9592 70.136965 16.008377 48.907132
13592 81.510920 10.914583 48.319043
11915 69.107368 23.157895 42.265263
13172 68.405263 23.684211 42.089474
16817 68.940160 23.055870 42.450994
2207 82.450552 8.452422 50.313849
4729 82.654082 8.297599 50.367062
7162 80.818830 0.000000 45.073572
15376 81.516336 0.000000 45.275146
529 18.776476 2.301605 88.307856
4013 47.420030 0.000000 30.148212
17077 47.753180 0.000000 31.012962
4014 46.938657 0.000000 31.041044
2636 57.266126 5.331724 66.029882
11290 56.850234 4.447907 67.122528
14109 29.899736 0.000000 75.752895
12222 28.806769 0.000000 77.478022
16381 5.868743 8.811926 47.551256
15113 5.867918 8.810688 48.747609
15112 6.074973 9.121581 47.915777
5267 76.209773 11.256882 50.626975
7829 75.987070 11.383557 50.611525
6775 13.251273 0.000000 67.450327
6774 12.339185 0.000000 67.640106
13296 66.882415 13.890250 52.654652
4084 31.185714 46.825397 37.534921
12510 31.278485 46.964692 35.499876
5715 76.793827 9.388736 52.204962
5716 76.677803 9.340767 52.310990
5717 76.860160 9.268907 52.291744
9619 6.244872 9.376685 72.351522
10889 72.699345 15.437459 48.197431
5426 72.617332 15.332991 48.343010
7974 7.680703 11.532587 26.959524
16975 7.708639 11.574533 26.233819
16204 32.794319 27.280750 56.294810
2862 76.559896 13.819245 47.886988
8859 76.784845 13.724242 47.869612
9390 39.387488 0.000000 60.858393
13454 39.921240 0.000000 60.839698
10161 39.534693 0.000000 61.775076
3611 78.780750 9.660399 50.939566
3612 78.939549 9.560956 50.959708
15412 79.432198 9.097192 51.177612
13437 89.686043 1.589765 53.565623
731 48.809958 0.000000 48.046933
732 49.075521 0.000000 48.745195
730 48.543192 0.000000 48.871965
11616 50.140244 0.000000 37.601843
13331 82.645111 5.309851 53.362283
1184 82.404405 5.505573 53.286719
2360 50.448626 0.000000 57.399040
7202 31.945955 23.745026 23.880071
15946 31.718295 24.741688 24.098130
14239 32.411382 24.561046 24.384520
9096 78.831542 12.568250 48.003411
6807 78.615946 12.636393 48.042998
6806 78.869103 12.462475 48.090511
192 57.902955 0.000000 57.607537
2585 39.002109 0.000000 43.471106
2586 39.123825 0.000000 44.430366
2172 38.387062 0.000000 44.002385
6312 82.603950 9.655171 49.033198
2140 81.564665 3.882336 55.331449
2114 81.541125 3.874050 55.351513
15294 81.601258 3.862143 55.333366
10279 17.216451 25.850527 53.735942
7588 78.685675 8.226003 52.422933
7587 78.523114 8.370597 52.359476
10408 80.607919 5.416905 54.273718
5784 83.090810 3.964500 54.486130
5785 83.437351 3.860929 54.416534
11255 48.990105 13.930590 29.133939
2748 65.412669 19.352434 47.921879
14267 65.853960 18.682021 48.372317
3218 87.539627 7.332222 48.890632
2157 18.220029 14.503018 76.372464
1317 17.552463 16.312670 74.894786
5427 72.822982 15.088863 48.484557
7817 55.722688 17.426748 33.664451
5764 16.404345 0.000000 28.324325
5765 15.121446 0.000000 28.376284
3222 79.213297 8.416921 51.968014
10254 79.247265 8.500362 51.867505
3223 78.999160 8.577628 51.914214
2108 31.545625 0.000000 60.912798
13082 30.789166 0.000000 61.228964
1907 31.179135 0.000000 59.889153
2599 77.529371 11.923793 49.299597
8906 45.887242 22.546153 30.451490
8241 46.168471 20.693366 29.975126
982 45.176401 21.121650 29.621710
15637 45.202075 4.014213 73.380735
6971 44.226537 4.128960 73.753643
21000 44.825173 3.393146 74.190875
21009 45.216372 3.336888 74.051589
714 20.056756 30.115249 21.610362
712 20.361850 30.573348 22.998276
5645 44.860684 27.008452 50.534198
14250 44.797087 26.327735 51.247394
9883 49.476363 34.091225 36.090559
9884 49.854056 32.863306 35.870509
3158 62.614734 5.327991 33.081588
3157 62.227707 10.013452 34.448333
9551 40.921731 23.334523 56.181276
15238 40.599974 24.355353 55.320305
10989 75.786721 1.409680 60.695550
10964 75.324166 1.074063 61.262780
10917 76.149782 1.050309 60.873750
16733 83.710522 1.124183 57.019431
2632 76.219400 11.549933 50.328817
12900 81.656622 5.852007 53.313830
381 81.784501 5.866103 53.235780
21450 81.641417 5.927490 53.245874
10387 70.037545 17.133444 47.830650
5601 69.979904 16.957064 48.036027
12022 70.358314 16.784734 48.019324
14376 74.780759 14.834923 47.759863
14377 75.031636 14.758513 47.710910
6428 74.712190 14.996377 47.632531
7186 74.918318 11.841557 50.687442
14279 74.870724 11.742620 50.810276
9317 75.100590 11.672120 50.765913
3498 87.094354 8.022673 48.422128
6426 74.886065 14.957310 47.584700
11797 45.726993 0.000000 67.386735
12891 14.859380 22.311381 42.322894
5948 15.314951 22.995421 42.898382
11116 15.167351 22.773801 40.712858
12331 72.159316 16.732773 47.170837
13483 80.590767 4.927747 54.771942
13482 80.686192 5.024379 54.627501
6460 37.559497 23.235137 26.517049
3365 36.676818 22.637952 25.876847
3875 36.604583 24.049372 26.310732
8967 8.162044 12.255321 28.950904
2514 8.248505 12.385143 27.859022
17090 33.187231 0.000000 45.633922
8842 74.583948 7.651621 55.048753
13940 74.580648 7.426533 55.275716
7444 39.122374 24.199278 27.619546
4909 38.805527 25.738598 27.973717
9961 39.735005 25.202580 28.259961
14539 3.693540 0.000000 10.428076
11836 76.796302 13.821092 47.766936
10385 77.026331 13.741009 47.732085
9458 86.239880 9.499901 47.370659
7431 41.073043 0.000000 58.132620
15186 41.154674 0.000000 58.725524
5208 40.781348 0.000000 58.674228
702 2.823801 0.000000 47.047837
7241 2.013715 0.000000 47.355742
3869 80.705613 11.417176 48.218601
9541 80.440932 11.524599 48.243411
11124 5.420290 8.138574 54.948048
11880 40.121608 23.861725 56.053610
10720 14.302752 0.000000 67.651082
17277 13.601135 0.000000 71.191309
11581 75.132888 14.822231 47.596503
10018 79.981732 8.123530 51.877480
4783 73.276191 9.779228 53.572897
4781 72.920890 9.920993 53.608641
3253 75.000840 12.415514 50.071651
7189 75.089405 12.254912 50.188130
14325 13.217949 19.846771 14.945260
15306 23.068725 0.000000 72.481038
3642 79.836000 2.533958 57.545508
4918 80.409206 2.376442 57.416579
7621 24.864257 0.000000 25.765696
13832 24.868030 0.000000 23.816405
11298 25.631264 0.000000 25.331685
16487 66.559913 22.584836 44.112623
11709 79.068477 12.381443 48.071938
8337 79.040208 12.475291 47.992129
3106 78.696028 7.579945 53.064461
21085 66.211212 11.441917 55.441035
21084 66.503111 11.522248 55.214674
21140 66.790215 11.592688 55.000612
21125 66.983256 11.663188 54.833521
4468 27.377408 0.000000 16.698586
15912 28.150212 0.000000 17.710065
15943 23.672010 0.000000 15.784388
16148 24.584637 0.000000 17.428032
5851 37.344007 1.620569 79.705807
7029 61.018575 0.000000 42.367792
7030 61.262234 0.000000 44.694116
7028 60.195590 0.000000 44.047534
13541 71.560971 7.359421 56.852734
16569 71.849607 7.463444 56.604288
8298 56.530966 20.891102 50.822523
5172 55.846339 22.231830 49.822769
11389 1.733280 2.602522 88.307437
6681 2.294067 3.444544 84.875024
16730 71.168716 15.735377 48.664530
14524 71.152417 15.617436 48.790738
16600 0.350051 0.525601 56.941655
1407 88.635879 5.643173 50.033245
15939 71.904661 8.963691 55.075015
15251 72.116514 8.688705 55.244349
11664 75.277698 10.965105 51.385081
1349 75.027323 11.040308 51.434990
11022 75.247446 10.852376 51.513048
4711 3.978902 5.974328 90.384525
13256 4.424770 6.643798 88.396554
11518 83.508488 8.065279 50.172412
12912 83.636077 7.918041 50.256003
11516 83.811527 7.907294 50.179035
4999 7.429559 11.155494 66.689375
4673 7.600970 11.412868 65.619651
2197 88.537970 7.176144 48.547695
15021 25.915003 38.911415 45.284159
13019 26.428571 39.682540 47.063492
9098 26.443063 39.704299 43.986283
11692 64.594145 26.204260 41.472464
11691 65.020104 25.553292 41.911102
12770 77.087927 10.192359 51.253485
12351 76.895144 10.252576 51.289599
16104 46.472064 0.000000 61.706920
16105 46.921562 0.000000 61.498369
9845 10.760165 16.156404 24.612281
13909 11.146222 16.736068 25.165283
1009 11.087085 16.647276 23.344861
6640 16.939743 19.871072 71.639185
1608 16.276069 19.577689 72.264699
1319 16.921171 18.031165 73.490218
1010 11.570975 17.373837 23.947292
1008 11.433279 17.167085 21.905527
2462 65.723387 20.435398 46.682473
2461 65.079783 20.765784 46.673559
15079 76.882168 3.897141 57.657878
8635 43.745734 31.670307 46.425155
11514 38.648561 24.232564 56.418923
11513 39.347663 24.005337 56.296826
14342 38.837873 24.991565 55.564507
9659 69.374253 17.888392 47.406593
16171 69.712576 17.498164 47.628050
975 31.788872 0.000000 23.009428
973 31.106654 0.000000 22.487696
974 31.466542 0.000000 21.579087
6075 32.566527 0.000000 76.803002
11279 31.625722 0.000000 77.696814
5577 32.273448 0.000000 75.643652
4264 85.525513 5.417910 51.813915
15043 85.120717 5.480310 51.953852
11986 34.588185 31.720854 50.953333
9546 69.598420 16.650674 48.533465
6492 69.928526 16.564201 48.454972
3297 81.249133 7.790790 51.576852
8150 0.712307 1.069530 52.838540
4261 0.710624 1.067002 57.479190
16332 37.188549 0.000000 42.816030
5353 36.950269 0.000000 41.848932
2151 13.872950 20.830256 69.952468
3733 13.335484 20.023249 71.207147
6811 46.533141 0.000000 64.401263
8917 45.920345 0.000000 64.696205
14912 46.091071 0.000000 63.910894
11386 84.948294 11.039008 46.475806
9012 84.271604 11.464110 46.388624
331 43.411102 0.000000 50.331115
2528 43.679575 0.000000 49.881046
11048 84.998591 11.149778 46.339776
9801 10.770517 16.171948 53.992657
9799 11.100922 16.668051 53.242230
10639 71.369998 11.741778 52.561481
6350 71.664689 11.455909 52.700291
7221 71.725023 11.640733 52.485115
16291 39.738139 0.000000 56.346540
15905 18.834268 7.937511 12.060325
1422 18.079482 11.226556 12.778184
8998 11.700000 17.567568 11.700000
8997 11.250000 16.891892 11.250000
7986 11.405924 17.126012 13.500322
5787 89.490362 7.326802 47.920690
6454 88.885337 7.641833 47.907856
10009 30.426483 37.982021 27.861254
2939 29.645040 39.136513 27.854979
3795 8.682529 13.036830 28.493432
16746 8.490811 12.748965 28.146835
6395 8.521725 12.795383 29.084801
491 1.526156 2.291526 48.649007
11121 1.393160 2.091832 52.626340
13366 50.613379 32.210994 42.450106
15106 51.466532 31.633905 42.601196
13364 50.950390 32.834592 41.657379
6905 51.002946 25.428252 49.044847
14374 66.685016 24.514801 42.118177
13377 55.484808 0.000000 66.828461
2938 29.889825 40.304018 28.366150
6481 39.665006 36.858253 43.272385
16424 80.990775 10.805596 48.688211
6628 80.670320 10.976155 48.677709
6627 80.822914 10.810299 48.767434
13652 31.462931 0.000000 23.521685
10607 31.486297 0.000000 24.458606
13339 30.932939 0.000000 23.468256
9013 84.255344 11.364979 46.495984
16358 84.466068 11.137099 46.618729
7349 33.551425 44.911801 38.267575
1585 78.270580 11.093637 49.759980
13774 45.569770 0.000000 75.542343
16671 44.720919 0.000000 75.993620
7024 74.581778 6.310782 56.392018
1653 74.209720 6.258784 56.630098
13060 74.643777 6.034740 56.637337
5504 75.344057 11.164363 51.152444
757 75.186932 11.298109 51.097127
8702 75.132391 11.234668 51.187901
3038 28.055353 37.194859 26.413564
5944 12.494516 18.760535 45.744922
6191 12.517073 18.794405 46.955390
17177 58.943389 0.000000 60.343756
8679 60.041274 0.000000 61.372854
14672 71.589005 18.154030 46.033313
1024 12.006619 18.027956 39.958408
12136 11.731593 17.615004 39.165795
9235 87.362105 9.473684 46.835789
21664 86.936607 5.908650 45.435884
9234 86.660000 10.000000 46.660000
7661 33.616355 0.000000 33.449712
14951 6.203180 9.314085 55.239631
167 63.694601 3.340089 64.809270
15292 64.296237 2.704499 65.144678
3796 8.720950 13.094520 29.388778
5387 78.386336 10.225369 50.571237
14064 78.552511 10.113394 50.600237
5149 8.136471 12.216924 49.417559
15704 41.398630 0.000000 67.296308
1329 43.640244 0.000000 37.571314
4802 18.208435 27.339993 46.298101
9656 33.541090 0.000000 23.761466
7794 33.906796 0.000000 23.147166
5309 34.250530 0.000000 24.283836
435 43.729542 0.000000 57.350021
8235 44.026226 0.000000 56.823395
15895 44.133675 0.000000 57.335620
17269 45.208443 34.188643 43.172947
9849 57.769340 14.050387 33.563449
9847 57.354878 16.724099 34.246564
9848 58.316093 17.642355 35.032951
1316 73.668037 9.614651 40.035697
8719 73.333333 0.000000 36.666667
11757 23.310337 35.000505 44.049318
12684 23.244235 34.901254 46.564202
3814 11.666667 0.000000 94.166667
3816 10.833333 0.000000 94.583333
9429 11.492848 0.000000 90.435950
5303 72.355251 17.563921 46.240890
5667 9.548308 14.336798 47.134911
8822 57.917587 30.629328 40.381249
5344 57.355125 30.868655 40.422914
16012 58.089665 29.977714 40.947476
5307 55.149918 0.000000 29.886661
4151 77.042826 12.704394 48.761489
12787 76.772833 12.893237 48.707454
9978 76.863854 12.730694 48.824648
14815 34.540723 21.244109 61.464286
6486 35.357555 20.202380 62.098640
264 35.275299 21.468111 60.872771
4424 20.991219 31.518347 56.568970
11373 20.343757 30.546181 56.915348
4422 20.514858 30.803091 58.070466
9263 77.715779 8.199788 52.934122
5598 77.893586 8.058178 52.986971
4583 72.356661 9.765940 54.045963
3515 72.479340 9.474339 54.276517
4055 48.735257 36.940618 38.654813
1026 49.338134 36.667841 38.626424
2503 73.848296 12.711511 50.351629
11539 73.537708 12.878230 50.340038
14671 73.697450 12.651530 50.487094
5677 80.531228 7.236503 42.675370
1320 79.809630 7.497373 42.401440
5676 80.341053 14.736842 45.077895
11087 13.539620 12.998690 80.218501
15714 32.612142 0.000000 27.020691
1096 5.256760 0.000000 7.151007
6574 89.307123 4.897269 50.444272
13823 83.737645 11.769081 46.350328
13822 83.950565 11.495075 46.518147
1639 24.419445 36.665834 35.770247
8255 24.407927 36.648538 38.484041
9206 24.929994 37.432423 36.680795
10068 65.637163 15.932752 51.232733
2952 34.026495 0.000000 45.435996
2951 34.831412 0.000000 45.256959
6337 34.528500 0.000000 46.658492
299 75.791835 8.921033 53.174128
3925 75.538354 9.047119 53.174657
12339 75.148908 7.162795 55.255589
7386 75.311319 6.937812 55.399591
15452 75.523537 7.031306 55.199895
13560 80.713984 8.857931 50.776219
16303 80.519434 8.923873 50.807486
3786 79.166059 10.275861 50.130834
8687 40.982404 38.374938 41.095485
8686 40.960276 38.994972 40.485894
5902 5.719699 8.588137 55.036634
5900 5.786654 8.688669 56.539548
5901 5.988084 8.991116 55.175039
15650 78.957723 1.765484 58.753889
16106 78.994014 1.470624 59.030898
5571 84.838230 8.817917 48.754150
6692 21.305924 19.495500 17.144963
21181 20.741442 20.732169 17.274533
21182 21.170631 20.494141 17.409864
7954 2.961421 4.446579 76.263179
7899 3.136321 4.709191 77.237078
5156 12.748453 19.141821 62.663693
5155 12.292346 18.456976 64.233201
10217 12.714738 19.091199 64.827618
4823 81.892245 12.751873 46.289252
4825 81.534090 12.890527 46.329538
16820 10.348410 15.538153 41.144941
17049 40.615056 2.909046 76.780517
14455 75.223957 12.980034 49.395007
3027 33.845428 9.904780 20.221006
14446 81.029509 7.270070 52.207905
1987 81.310095 7.189985 52.147778
3479 43.291197 33.693084 32.865395
7169 79.890500 12.513078 47.529159
16854 6.666667 0.000000 3.333333
10306 7.407407 0.000000 3.703704
16856 8.263487 0.000000 8.462586
13142 9.604350 14.420946 31.326618
15416 9.430393 14.159749 30.680979
6815 9.424276 14.150565 31.800039
1555 42.119535 43.054617 35.842560
14991 46.944203 0.000000 38.965997
12116 79.089820 8.619297 51.827173
5759 79.248888 8.590426 51.776539
11555 75.794845 2.042921 60.057614
11554 75.463275 1.761572 60.505029
10988 76.116125 1.708602 60.231627
4233 82.135970 9.100512 49.822403
4739 82.178929 9.016451 49.885067
11405 74.222276 16.575080 46.297207
16421 73.916302 16.833008 46.192008
11404 74.009196 16.659230 46.319513
14012 94.001415 0.000000 48.383707
7735 94.559521 0.000000 48.214661
4801 17.894123 26.868052 48.065170
12224 18.373667 27.588088 47.866237
5286 9.405917 14.122999 41.347571
14211 80.211014 7.474443 52.412576
9862 65.843517 21.806247 45.250188
9860 65.993830 21.273163 45.708649
14718 10.906442 16.376039 38.629067
7135 11.190419 16.802430 37.829786
15545 10.921677 16.398915 37.262496
11316 16.954710 25.457522 24.448472
11318 16.440565 24.685533 25.085580
14026 77.316476 9.800163 51.531798
6769 77.143879 9.877069 51.541115
14628 30.204900 0.000000 83.594459
16025 87.142829 0.000000 50.699017
14739 87.612224 0.000000 51.822246
14738 86.914688 0.000000 52.079585
2515 8.241361 12.374416 26.653320
1599 8.467268 12.713615 27.113641
12154 74.593961 10.607338 52.085074
12250 4.122949 6.190615 36.071491
4645 12.077514 18.134406 38.305639
1985 81.578646 7.004917 52.198755
16620 69.070356 12.574720 52.877527
16621 68.499089 12.836058 52.901562
8985 68.807187 12.311308 53.272787
11818 43.800201 0.000000 28.585710
15389 43.165217 0.000000 27.648304
15623 79.004284 11.342833 49.143682
16456 79.177854 11.179697 49.220196
16753 74.477173 13.337062 49.411015
7996 13.691373 20.557617 50.919782
11483 79.927065 9.499138 50.527830
9587 80.054247 9.374968 50.588534
11484 80.125260 9.412535 50.515423
12943 73.866989 8.492553 54.565460
1264 3.590455 5.391074 78.791839
12438 3.821151 5.737464 79.261036
12439 3.951763 5.933578 77.385592
10223 22.108071 9.820026 14.324104
11521 20.579595 12.088542 14.315282
13534 8.822832 13.247495 38.754539
248 8.609771 12.927584 39.123634
247 8.729857 13.107894 39.687323
4734 7.836358 11.766303 13.741548
4736 7.658213 11.498818 12.087799
10814 34.737739 15.205527 67.410398
14615 34.048654 15.113329 67.847231
14219 34.869999 14.010346 68.540644
16398 87.193195 9.264744 47.129394
15743 86.965983 9.326769 47.180912
16714 87.532944 8.954762 47.269811
12038 70.997605 7.152764 57.341281
8056 70.883353 6.797596 57.753930
4036 7.191415 0.000000 77.687059
4306 7.892778 0.000000 74.754855
16075 79.785365 9.416224 50.681678
13843 42.151844 38.909083 39.976086
8711 42.580428 38.187119 40.484480
15090 42.645922 38.658600 39.979780
1363 86.391712 5.747893 51.050503
14968 8.046009 12.081095 60.186447
17250 79.408016 8.664346 51.622982
16151 26.666667 0.000000 13.333333
4535 27.407407 0.000000 13.703704
4469 27.004750 0.000000 14.966545
9009 7.805487 11.719951 40.849696
16400 7.694984 11.554030 39.993099
7464 7.593417 11.401526 41.002364
1465 89.064267 0.361000 55.106505
1466 89.800882 0.380396 54.718783
1464 88.970554 0.557875 54.956290
16529 33.450360 0.000000 18.256359
10580 90.329564 5.943488 48.885787
5752 89.622718 6.286038 48.896317
2260 83.604212 6.048811 52.143034
8916 45.759852 0.000000 65.364346
8915 46.240652 0.000000 65.249537
8942 69.546800 0.000000 40.603819
6380 41.844137 0.000000 75.359652
16260 28.681923 39.731729 45.887578
16831 28.752911 40.936672 44.645936
16830 28.068581 40.649274 45.275786
14215 54.063926 0.000000 38.439565
10770 53.127620 0.000000 38.716949
10743 82.980150 0.000000 42.892089
4049 23.194406 5.285117 83.112395
14939 23.841306 3.522808 84.553016
16682 24.092299 5.429479 82.518941
311 51.002878 15.885944 58.596731
7688 50.295331 17.100086 57.735148
10682 9.307684 13.975502 53.248509
13840 75.945502 14.832873 47.179543
1560 84.903113 8.404754 49.135285
21175 13.251150 19.896622 27.436537
6357 13.149073 19.743352 29.155523
21176 12.972045 19.477545 27.841328
11698 75.041244 4.234799 58.240344
9322 51.467556 0.000000 68.169996
9323 50.969369 0.000000 68.876810
1374 50.755364 0.000000 68.027979
7820 77.654195 11.431647 49.729824
9075 12.302565 18.472319 24.527613
352 36.543422 40.788835 40.898665
354 36.929772 40.360941 41.133812
5433 36.703561 41.149949 40.457121
9990 83.687512 12.115420 46.028709
12213 83.851579 12.105263 45.956842
9249 26.957143 40.476190 46.004762
10884 3.868938 5.809216 12.468801
10886 3.323833 4.990740 11.629147
7591 31.324507 0.000000 76.691484
1146 5.710503 8.574329 30.614275
17004 77.346800 12.233040 49.081327
8116 77.590890 12.071508 49.120976
8115 77.517793 12.205064 49.023834
6543 12.714517 19.090866 21.616422
649 6.529177 9.803570 12.537897
7821 6.789297 10.194139 11.292904
2099 80.180575 6.182961 53.720569
16477 80.410032 6.163003 53.625818
564 78.461612 10.983263 49.774948
3499 87.250616 8.015764 48.350912
6368 20.085714 30.158730 59.768254
16839 48.991821 15.548087 59.940455
5062 48.807835 16.638411 58.941033
2787 28.551409 42.869984 40.261641
4294 30.140781 15.930799 20.375346
2804 30.776211 14.366856 20.172268
4293 29.995160 14.714944 19.897656
5673 80.448128 5.920630 53.849386
9543 90.134983 5.764668 49.162076
5751 89.506592 6.211394 49.029098
14411 89.320531 6.167459 49.166108
15950 44.874930 0.000000 23.017474
10691 45.925926 0.000000 22.962963
13764 45.536508 0.000000 23.681654
10539 41.792927 0.000000 26.037770
15549 37.713378 0.000000 60.938319
15550 38.171004 0.000000 61.023425
1642 31.770453 38.380538 45.695855
1640 32.368433 38.758938 45.018086
1641 31.775146 39.590704 44.482132
403 67.133381 18.005999 48.409305
13040 80.201034 5.938050 53.955495
15812 80.189930 6.062112 53.836861
2864 76.591855 13.702100 47.988271
12782 72.450395 6.136943 57.631722
14516 4.716994 7.082573 66.822521
15096 4.932196 7.405699 65.330778
6814 80.736766 6.971486 52.653160
13859 80.922538 6.831057 52.700843
9989 83.549005 12.062316 46.151119
4226 45.371877 0.000000 45.891688
4225 45.871811 0.000000 45.335389
5507 45.848478 0.000000 46.198074
6559 77.837733 11.308193 49.761632
137 3.203108 4.809472 28.149839
3964 3.315495 4.978221 30.239337
15733 55.855089 0.902420 71.169133
16453 15.010763 6.425864 86.062329
2232 74.402750 16.738034 46.043853
1222 74.120960 16.905221 46.017394
6031 81.492420 3.867359 55.382564
6032 81.567338 3.844654 55.367832
14900 38.633653 0.000000 42.723769
14901 37.922315 0.000000 42.839378
16616 53.708764 0.000000 52.688525
3010 80.621491 9.922036 49.757296
9173 80.412227 10.058351 49.725478
11650 79.053593 8.710873 51.753620
14768 78.900193 8.717198 51.823989
969 6.284404 9.436042 70.023309
16385 6.135831 9.212960 71.386078
12371 6.423967 9.645596 70.773901
14715 62.973711 7.022196 61.483926
1613 63.954902 6.447352 61.568750
5707 89.967793 3.326462 51.686315
14681 39.653949 20.327223 59.825475
12918 39.699864 21.234773 58.894060
5627 66.771774 8.017794 58.588301
991 67.311697 8.347911 57.987893
10424 79.898618 8.077408 51.965206
1901 9.910588 14.880763 47.022183
6311 82.739457 9.515210 49.105546
6099 83.053463 9.360764 49.103144
1300 12.751297 0.000000 40.057096
1302 11.727361 0.000000 40.340509
21178 33.271354 12.711764 20.868694
21177 32.809202 12.944608 20.715155
10417 28.074336 0.000000 49.332732
14990 22.204228 0.000000 17.546812
7248 48.807351 29.362475 46.204487
16383 48.426390 28.878700 46.879226
12128 68.138624 17.255309 48.658123
11413 25.441609 36.669360 24.931702
5195 25.826850 37.157694 25.286937
4994 83.928597 6.377671 51.651653
11838 67.124845 7.313619 59.116645
12036 71.853637 16.183460 47.873538
12423 72.109868 15.893108 48.036064
2544 72.201674 15.999728 47.883435
1651 32.024757 0.000000 29.569481
8210 66.432477 14.537844 52.231379
3182 60.005682 0.000000 38.173604
3183 59.268264 0.000000 39.411509
1223 59.388924 0.000000 37.929930
17274 32.121576 4.402664 79.532145
11083 43.513300 29.967131 48.246252
11082 43.975196 30.114338 47.867949
13026 19.265999 28.927926 33.357932
14986 19.001681 28.531052 35.354168
1759 26.944938 32.125723 24.170335
1375 60.479333 17.451843 52.291038
1377 59.597148 17.556565 52.627305
5146 60.413702 16.673614 53.102862
4667 17.153573 10.387918 12.035963
4668 16.601548 10.046080 11.646119
2959 84.779384 7.384106 50.218818
6209 84.670962 7.538224 50.118757
16693 4.438535 6.664466 66.988021
3285 78.844830 8.832029 51.736724
3283 79.014083 8.816314 51.667828
3284 78.800248 8.943578 51.647354
2115 81.529700 3.894332 55.336923
8784 0.546680 0.820841 82.548133
4663 27.125275 33.352545 53.051465
6105 26.548673 32.925147 53.767592
4664 27.391625 32.064326 54.207796
7026 34.352718 34.301419 48.487921
13598 34.888219 34.268014 48.253609
9965 34.472719 35.054969 47.673617
1989 36.482090 0.000000 37.067088
13752 55.104618 19.139888 53.288663
13751 56.106282 18.194326 53.734338
21469 51.974753 0.000000 55.615504
21470 52.369223 0.000000 55.258850
3845 51.507591 0.000000 55.276024
3844 52.032449 0.000000 54.768380
6290 35.713722 0.000000 53.062142
1380 35.990952 0.000000 51.579137
1379 36.549061 0.000000 52.692146
13384 10.721343 16.098112 56.600309
16723 11.052743 16.595710 56.840073
12124 11.009362 16.530573 55.049984
900 44.101571 25.755203 52.168256
15846 44.731951 25.613420 51.994991
1528 78.253099 5.588587 55.279275
3568 81.093610 13.745531 45.693918
13238 5.734022 8.609643 71.272963
1687 5.871231 8.815662 69.928149
9077 24.346172 0.000000 15.541472
21079 67.616645 11.668225 54.511785
14076 67.092628 11.985192 54.456509
21086 67.358944 11.552741 54.756234
14157 14.057212 0.000000 50.793457
7002 15.437519 0.000000 50.113028
16581 76.695946 12.169354 49.470504
4069 80.612380 8.195185 51.490429
14662 80.864943 8.110070 51.449348
8023 47.690751 26.738785 32.749391
14716 48.153866 28.305457 33.502650
4110 48.559785 26.873713 33.228839
17184 44.786789 0.000000 62.071204
11080 44.602986 0.000000 62.764967
11831 52.274510 0.000000 39.565510
4076 75.507092 2.390187 59.853877
647 76.123194 2.294412 59.641696
1012 74.720011 13.684690 48.941620
14462 0.551715 0.828401 92.031619
4470 14.519031 21.800347 46.296984
4088 15.075396 22.635730 45.501398
5947 14.733263 22.122017 44.136210
7081 77.436998 15.802843 45.462855
10333 77.947385 15.373832 45.637102
7082 77.840846 15.621065 45.442891
13432 69.662777 9.793729 55.365089
805 69.867963 9.392838 55.663787
807 70.191641 9.544886 55.349748
8855 42.972906 0.000000 53.450467
15054 77.018978 1.949163 59.539399
646 76.689966 2.225355 59.427437
648 76.417358 1.982751 59.806587
27 34.637703 18.018823 23.319120
13829 34.153721 19.471659 23.560923
2433 89.338427 5.884135 49.440767
2435 89.005522 6.197574 49.293468
12938 88.596974 6.290537 49.404685
10019 77.574343 1.079988 60.131760
11527 78.226248 1.117843 59.767915
6656 41.618414 15.065341 64.110387
14554 33.800359 30.916522 27.195381
14555 33.044024 31.230513 26.921773
13367 49.721918 0.000000 28.440129
9181 48.845018 0.000000 29.062041
10903 49.122752 0.000000 27.928441
13079 85.119036 5.343758 52.091380
7507 84.742392 5.558183 52.065063
15110 78.750991 11.266071 49.347167
6925 80.086686 1.435219 58.520003
10136 84.721048 5.424352 52.209700
17223 82.514810 12.292238 46.438065
15385 82.111271 12.461938 46.469964
2126 73.912389 0.000000 58.833533
12966 79.567817 4.757023 55.454311
16955 79.786267 4.810196 55.291861
8805 70.327077 17.551722 47.267188
497 77.911892 10.868787 50.164399
20699 77.932702 10.909806 50.112933
2118 70.432379 11.795971 52.976044
5042 70.877809 11.658447 52.890990
9935 49.927803 0.000000 52.308534
815 8.408837 12.625881 45.010258
14528 45.007780 39.964915 37.491230
15382 86.750118 9.388264 47.227288
13299 71.111560 8.008903 56.427308
13542 71.359990 7.649267 56.663088
1220 73.821087 17.139299 45.933018
1221 73.851664 17.009430 46.047729
15710 31.668586 27.410523 24.961997
8311 55.772188 8.674666 30.774758
11219 56.579090 9.671981 31.510315
3034 23.407763 35.146792 34.574631
5809 23.909057 35.899485 35.071772
6104 81.743518 11.046020 48.071175
12052 41.811038 2.946581 76.144953
10443 42.878746 2.095267 76.463265
12050 42.799465 3.207605 75.389455
1051 40.918021 12.242934 24.535907
5251 41.859885 12.500353 25.092560
15351 50.270653 0.000000 71.133406
9522 37.330088 5.518508 75.810930
15880 36.516083 5.607185 76.129167
16540 50.277893 0.000000 68.696571
1564 54.562275 6.424392 66.288046
5557 80.539718 8.638534 51.082968
9043 80.516828 8.722647 51.010217
1002 79.743836 7.209808 52.911064
14916 79.746372 7.326436 52.793052
16593 79.528784 7.345493 52.882770
7086 64.934013 12.675978 54.844340
9379 64.854754 12.015685 55.544923
7653 80.881291 1.122621 58.435611
12550 80.230377 1.163733 58.719915
7654 80.542956 0.881206 58.846434
10402 39.839783 0.000000 72.480277
11010 39.276487 0.000000 72.966113
16071 85.073751 7.523708 49.931893
16493 85.475515 7.332290 49.922621
6726 85.222697 7.543408 49.837700
16990 20.614286 30.952381 58.709524
12435 23.751942 9.381782 15.000104
8966 42.172379 0.000000 53.405467
5688 33.124924 24.999570 24.887319
5689 33.818666 24.013780 24.905922
11391 83.978328 10.949391 47.050495
17211 16.327858 10.458082 81.367531
11713 11.849875 17.792606 61.641567
5153 89.504078 2.529021 52.716411
17263 36.348101 4.617228 77.204105
1043 76.089377 8.329350 53.617633
14778 54.347312 0.725289 72.100330
10572 73.347148 6.688071 56.631667
1472 32.994700 40.032087 43.430531
17104 33.512238 38.994763 44.210124
7203 33.575457 39.737906 43.434628
10419 5.516455 8.282965 42.088760
2755 40.201820 0.000000 55.970243
6464 9.542589 14.328212 59.835800
13641 9.470801 14.220421 61.076064
13392 29.090796 32.559964 25.387866
4935 29.216724 33.515897 25.769156
2288 42.273513 0.000000 53.557307
13868 78.456909 10.560348 50.200637
2354 80.921650 0.585378 58.953212
3531 81.374430 0.865139 58.446781
11505 78.049016 0.000000 52.988410
14177 73.240103 0.000000 48.098469
4640 73.302927 0.000000 45.935673
16577 73.968113 0.000000 47.072894
1854 9.771778 14.672339 43.622920
4190 9.974662 14.976970 43.535192
11943 9.885646 14.843313 42.804543
4917 10.112257 15.183569 69.442442
4915 9.911773 14.882542 68.265396
3171 46.241229 18.868325 57.992192
3170 46.439414 17.762306 59.000225
9893 46.833122 18.314617 58.250507
12598 81.160663 5.778269 53.635622
4948 21.168699 31.784833 51.444164
1579 21.716555 32.607440 51.735141
15417 21.634507 32.484245 49.994688
1807 44.440070 0.000000 59.901691
11211 44.388199 0.000000 59.322163
8144 44.734796 0.000000 59.447233
2597 77.716257 11.736414 49.393721
7867 77.882171 11.584341 49.462989
7869 77.933707 11.631720 49.389795
7737 41.948165 0.000000 53.017244
2847 41.700891 0.000000 52.922442
2849 41.919518 0.000000 52.586718
11180 31.341363 0.000000 51.282126
5588 40.187399 1.218279 20.499387
20792 40.000000 0.000000 20.000000
1355 38.850182 1.068657 19.780954
3204 43.935542 35.275614 42.721339
3202 43.555603 35.555802 42.630841
3203 43.849264 34.854418 43.186095
11366 18.539032 0.000000 59.273150
16752 18.326310 0.000000 55.692722
9734 19.152693 0.000000 57.238960
7640 78.096395 11.964672 48.975166
8520 77.911424 12.011381 49.020895
16845 78.150435 11.828242 49.084712
3849 34.816622 40.438774 42.112476
15759 34.257921 41.187582 41.642270
1383 81.775848 11.696087 47.404293
3019 56.444250 1.203584 70.573088
15646 56.970849 1.707490 69.805378
16527 56.243377 2.136151 69.740025
2269 38.697638 4.706217 20.915989
1353 38.141316 3.041363 20.083432
16238 37.468853 4.960501 20.386274
734 46.361490 0.000000 48.439132
16994 46.228377 0.000000 49.229172
735 45.876484 0.000000 48.763979
2728 49.930835 28.540316 34.469343
14711 49.601239 29.966879 34.779590
13155 50.477938 30.075908 35.254246
11020 75.001239 10.920877 51.567583
1348 74.744037 11.122529 51.494330
13562 50.640305 0.000000 44.760365
10229 49.986834 0.000000 44.600668
16451 50.405479 0.000000 43.694275
13933 81.825655 6.040892 53.040240
8151 1.129821 1.696428 50.646629
5197 26.410347 37.165854 25.581403
15582 78.157992 8.880271 52.031853
4832 78.376030 8.742319 52.060924
4831 78.326546 8.865506 51.962356
3346 77.562196 11.344941 49.862616
7819 77.507850 11.455948 49.778671
12333 2.870805 0.000000 33.509645
2066 38.642959 0.000000 58.410573
1447 38.688514 0.000000 57.393758
674 6.110295 0.000000 55.012203
4970 29.900301 0.000000 81.424193
865 83.213771 8.221206 50.163687
867 83.112609 8.351651 50.083693
223 46.098233 0.000000 49.967630
9346 45.682173 0.000000 50.237602
16738 45.778444 0.000000 49.537143
13413 71.692619 2.739278 61.411673
6342 71.425589 3.216494 61.067495
16779 8.350891 12.538875 28.747812
1150 74.810160 9.559166 53.026195
2743 74.637752 9.752907 52.918464
16556 10.237322 15.371355 37.742950
6758 83.243167 5.485867 52.887063
48 83.469094 5.348650 52.911454
50 83.475469 5.455021 52.801790
10386 69.644458 17.319665 47.840787
6851 81.289160 11.477661 47.866281
4000 36.473751 25.394678 56.343052
3999 37.247301 24.584019 56.767747
5537 36.948284 25.597897 55.902363
20615 9.385928 14.092985 36.656369
21220 9.407597 14.125522 36.330549
9095 4.964478 7.454171 36.380292
7333 5.048013 7.579598 38.502893
7222 5.279451 7.927103 36.887058
15824 0.996077 0.000000 55.120149
2541 0.886170 0.000000 58.305841
1701 0.486581 0.000000 55.667282
5630 55.356559 0.000000 28.726003
12245 66.287501 15.063085 38.159758
8535 45.676200 0.000000 69.874398
4847 46.203921 0.000000 69.120107
13222 45.829450 0.000000 56.231527
5491 45.662029 0.000000 56.717733
657 52.688621 0.000000 54.545483
655 53.504736 0.000000 54.132654
8209 66.145283 14.183747 52.729428
3385 81.904955 0.983089 58.063451
620 82.426918 9.901436 48.875204
8317 8.444493 12.679418 9.789441
634 42.221800 33.418556 45.437126
635 41.850251 33.335556 45.705983
3081 27.705142 32.378438 24.634591
3080 27.068936 33.290569 24.620227
14284 76.384432 15.835661 45.956288
12963 76.262472 16.047094 45.805623
12488 76.002374 16.140706 45.841966
16922 9.284985 13.941419 51.379749
7142 9.294291 13.955392 52.324979
7141 9.469169 14.217971 51.546307
7098 7.383438 11.086243 28.715402
4091 72.383901 11.462933 52.333653
6422 72.697461 11.384967 52.254918
4028 0.774223 0.000000 44.559768
8640 0.596616 0.000000 41.015782
9134 22.077535 0.000000 43.126042
15706 38.809161 10.135028 70.450256
10841 37.918399 10.540567 70.489693
2123 38.117390 41.088546 39.811671
2124 37.893362 41.945339 39.066035
1135 1.547427 0.000000 31.830416
9686 38.578980 21.287157 59.402066
9685 38.162763 21.821479 59.075317
13518 38.149968 21.086517 59.817413
2531 80.404722 9.674141 50.113824
9561 80.428514 9.580464 50.195699
1805 27.497200 41.287087 40.739128
15935 80.257038 11.141634 48.718706
5915 77.399705 10.365767 50.924015
9046 77.556432 10.329241 50.882214
16941 27.535209 40.309227 45.882859
830 48.925944 36.175858 39.324994
4924 41.635176 0.000000 51.587629
10228 77.292573 10.697613 50.645402
8368 77.200676 10.839004 50.549819
11855 28.542857 42.857143 42.828571
13372 49.621566 0.000000 68.479131
1372 50.111944 0.000000 67.870112
11070 0.620877 0.000000 47.754297
5203 7.886115 11.841014 75.371757
21443 7.643880 11.477298 75.339888
21440 7.602996 11.415910 76.228759
6795 48.413068 0.000000 36.460006
6794 49.183444 0.000000 36.078041
2244 48.883999 0.000000 37.199530
5392 44.976525 0.000000 71.670752
4625 45.189388 0.000000 70.692414
5663 6.026396 9.048643 50.690485
746 78.084093 9.656308 51.291989
12862 39.647947 0.000000 46.696846
16987 39.196630 0.000000 47.884986
11006 82.461502 5.004174 53.760071
6432 82.732838 4.844972 53.783764
13944 73.584789 15.138034 48.054434
8860 76.977396 13.529156 47.968617
13016 47.977161 0.000000 55.803044
4027 1.282009 0.000000 47.578812
4026 1.371612 0.000000 42.971687
13894 77.045566 9.563010 51.904644
2490 76.839989 9.619556 51.950830
13893 77.019043 9.475461 52.005542
12391 72.348112 0.000000 59.815305
14292 69.796821 16.060075 49.025455
16822 69.696111 16.356587 48.779001
14829 69.374614 16.399785 48.896508
9520 6.627662 9.951445 52.281596
6321 83.144990 9.138486 49.279881
963 83.201431 9.040682 49.349562
6498 83.377658 8.993918 49.308259
2925 39.861616 0.000000 34.482495
9570 83.460731 4.334267 53.931033
17113 83.096667 4.439245 54.007982
15785 83.232367 4.318140 54.061358
16372 45.622323 28.216447 48.944175
14206 45.171396 28.223801 49.162277
1625 45.561186 27.542605 49.649259
1733 0.561088 0.842474 39.540253
4605 0.500647 0.751723 43.384730
16297 42.778717 0.000000 55.286409
6591 43.003601 0.000000 55.591057
1702 0.000000 0.000000 56.521739
13262 43.282261 0.000000 32.655981
15350 42.333425 0.000000 32.506320
17181 42.951156 0.000000 31.543390
5405 74.985768 10.682037 51.814397
1097 5.215669 0.000000 11.564172
12244 59.424511 0.000000 64.579407
11013 58.620289 0.000000 65.454769
15828 82.321716 10.927399 47.900815
8981 82.402411 10.762626 48.025406
12127 76.133023 16.804316 45.112368
5224 45.446059 32.737501 44.506732
13195 0.591280 0.000000 4.641880
105 70.874774 16.884348 47.661381
15388 7.797729 0.000000 54.346761
15439 7.910467 0.000000 59.577011
15438 6.991559 0.000000 57.178664
13130 78.060316 9.761047 51.199034
747 77.888471 9.795175 51.250794
14304 82.946971 8.374060 50.144080
14703 82.724910 8.521247 50.107777
11397 82.726811 8.437264 50.190894
1638 24.416200 36.660961 33.028303
112 21.848297 0.000000 48.481398
16166 21.207379 0.000000 50.934246
7220 72.002251 11.376199 52.611299
15474 72.279854 11.112802 52.736158
2505 74.150000 12.551098 50.361352
2626 32.909976 0.000000 27.897315
11715 10.253746 15.396015 38.497060
3550 38.478119 0.000000 75.403789
13635 38.728259 0.000000 75.945924
13127 38.194879 0.000000 76.262062
3636 77.821159 12.512271 48.564637
9827 77.998197 12.479713 48.508709
9828 77.733374 12.658444 48.462211
9042 48.963604 25.424140 50.068633
8252 49.883877 24.982977 50.050102
3765 20.259669 3.359744 86.507061
5396 19.282554 4.056221 86.298446
5395 19.639746 1.848837 88.329442
15003 44.966089 15.555601 61.945799
10354 44.899227 16.565839 60.967982
15002 44.287814 16.309686 61.530097
9188 25.811715 0.000000 37.203162
4386 25.730922 0.000000 39.351582
17318 24.989694 0.000000 37.962284
2221 75.505119 0.000000 56.074045
5875 80.783760 11.928445 47.667747
5876 81.169522 11.664498 47.739077
3445 20.353110 1.375450 88.446620
3443 20.833333 0.000000 89.583333
3444 21.032803 1.668668 87.813262
10793 82.514069 3.550416 55.188999
10877 82.291310 3.662250 55.188433
13277 82.239262 3.591024 55.285754
11163 77.821556 14.471649 46.603102
1403 77.869010 14.303014 46.748178
8958 9.677218 14.530357 48.440853
13254 39.803381 43.654627 34.438681
15052 6.088786 9.142322 67.215459
14751 68.799997 16.145262 49.438594
8254 24.385817 36.615341 41.171430
8888 24.912368 37.405958 39.552570
1354 39.413903 2.836624 20.651547
1113 75.219188 15.789703 46.584914
14277 59.276368 10.066820 60.284929
21066 59.447075 10.566485 59.699411
10002 21.213209 3.523706 85.866165
3766 20.576297 5.414341 84.292096
9221 19.651319 0.000000 87.960190
9220 20.504571 0.000000 87.653733
11911 20.000000 0.000000 90.000000
1911 15.134651 0.000000 77.850009
6039 31.714286 47.619048 36.476190
8377 30.960409 15.790849 20.738557
9376 3.468594 5.208099 24.545081
7987 10.918963 16.394840 13.651314
14314 10.673229 16.025869 12.305687
3794 10.380921 15.586969 14.040100
6531 43.104642 15.238321 63.194120
14504 9.948811 14.938154 17.121788
13602 78.505850 10.342681 50.394051
9492 26.435912 0.000000 80.519412
12173 82.662817 6.395574 52.266622
9767 82.551225 6.549364 52.168474
12613 22.822946 21.475076 18.562673
4841 23.582364 21.978363 19.109977
5059 73.294699 17.612871 45.722167
5057 73.189041 17.514286 45.873679
5058 73.555860 17.292652 45.912125
14329 62.472688 6.276128 62.481251
7939 76.903608 10.591005 50.946601
4228 76.802990 10.561191 51.026753
10676 77.039431 10.443225 51.026616
14656 82.647214 7.193846 51.475353
14586 82.861035 7.020916 51.541546
16936 20.250000 30.405405 20.250000
670 37.667766 0.000000 47.260694
17337 40.317251 0.000000 49.836983
16980 39.728460 0.000000 50.579007
12640 39.635579 0.000000 49.181797
13055 35.305646 0.000000 65.455004
15978 36.110488 0.000000 65.486488
16349 35.456697 0.000000 66.873345
6841 8.819442 13.242405 28.023290
3414 33.815032 28.871421 26.521699
16583 34.580239 28.333082 26.725036
4196 34.053502 27.688042 26.246869
6371 46.640000 40.000000 36.640000
16179 83.379195 1.568117 56.740717
16431 83.022832 1.788288 56.698508
6910 85.877933 3.559921 53.497553
13352 39.795927 0.000000 33.456091
9673 40.423204 0.000000 33.963440
15937 71.522790 9.176261 55.053168
15938 71.675532 8.859975 55.293399
1030 78.147823 6.171174 54.748743
7214 55.047040 29.710781 42.735989
15078 54.449493 30.900291 41.844062
21226 54.281360 30.448774 42.380097
68 53.483368 31.207782 42.019326
21244 53.618473 31.627247 41.531889
21240 53.263976 32.173038 41.162801
1259 7.052532 10.589387 63.600748
4684 6.879439 10.329488 64.839271
12212 25.650000 38.513514 25.650000
5196 25.915249 37.778784 25.537960
14548 25.200000 37.837838 25.200000
8501 43.190357 0.000000 29.562531
11270 38.712579 0.000000 21.647271
1905 37.999933 0.000000 20.854142
11269 39.012554 0.000000 21.052486
3407 74.667820 10.303067 52.352721
21128 74.669274 10.212535 52.442615
21096 74.821273 10.148123 52.431093
8078 39.023197 0.000000 50.360496
10024 47.700887 28.048512 48.072997
7053 40.903113 0.000000 40.536595
13480 68.684116 17.413928 40.140896
12238 25.769416 17.707332 18.781250
12236 24.952752 18.751203 18.720527
1957 83.127175 2.834366 55.599213
12383 82.683937 2.793972 55.861265
1955 83.229459 2.618960 55.763691
13336 46.068236 29.121541 47.815220
17334 40.313708 0.000000 50.894226
9499 40.802287 0.000000 50.348864
496 77.999556 10.754428 50.235040
5911 91.648203 4.612519 49.558767
15030 61.042996 15.995449 53.467058
6179 7.534635 11.313266 28.204407
5335 47.296632 13.059317 27.997068
1078 75.495995 11.493681 50.746828
1079 75.728219 11.415895 50.708579
5890 37.797114 0.000000 26.629204
10840 37.116871 0.000000 25.836123
15141 78.684174 13.629583 47.014700
10870 78.544060 13.587238 47.127145
6033 48.355900 0.000000 69.526561
5254 48.487809 0.000000 68.623978
2700 73.215467 10.107738 53.274420
3156 52.701029 31.873713 36.964461
11123 5.117170 7.683438 54.899242
336 4.829137 7.250956 54.741188
9632 75.893985 10.197528 51.845282
2236 75.638697 10.340897 51.829414
8217 58.060797 10.870753 60.087978
3404 77.553823 7.349991 53.865747
8987 77.321889 7.343405 53.988307
12698 40.976193 0.000000 49.339994
765 79.333795 0.000000 43.107539
2299 38.304831 0.000000 50.294751
8138 31.366105 0.000000 71.873764
15130 30.698646 0.000000 70.517026
8139 31.792044 0.000000 69.743929
857 47.671262 0.000000 64.267481
6810 47.129558 0.000000 64.395060
5691 47.387258 0.000000 63.675860
1239 80.116205 0.000000 42.114790
190 74.128030 9.824840 53.101320
188 73.846936 9.866859 53.199806
7999 47.335318 0.000000 49.992883
7998 47.197943 0.000000 50.655795
218 77.352648 12.986201 48.324489
16117 77.081756 13.154203 48.291765
9530 77.227848 12.973455 48.399647
8527 92.552020 0.000000 48.053012
14013 93.333333 0.000000 46.666667
3190 81.778939 10.266562 48.833701
3189 81.884765 10.151420 48.896046
619 82.007264 10.158499 48.827710
13374 20.585415 14.734330 74.958228
6685 20.626985 16.729418 72.940360
16582 82.608264 5.879524 52.810465
16945 82.773156 5.915341 52.692166
11355 82.420400 6.017976 52.765806
6896 83.984672 1.571265 56.434828
7515 28.772265 29.810674 55.773383
15012 29.726116 29.112167 55.995663
13970 42.335820 0.000000 53.273093
15569 42.162339 0.000000 53.120285
15386 61.897485 0.000000 58.793472
15805 61.863758 0.000000 55.977392
10119 62.912463 0.000000 57.488958
12198 71.234374 13.372361 50.997079
351 71.447364 13.471243 50.791604
12199 71.075939 13.629869 50.818532
6388 83.864895 1.357065 56.709130
14920 77.183405 10.679476 50.718142
12066 77.400312 12.724568 48.562551
9062 77.641238 12.549747 48.617084
13895 77.574589 12.681827 48.518196
5767 78.544577 9.185236 51.533290
2009 52.704536 0.000000 65.446496
6928 52.779543 0.000000 66.561367
12762 52.058437 0.000000 66.005161
7807 62.685431 21.193112 38.400022
7809 62.643761 15.394062 36.448103
10435 61.811024 15.096814 35.932751
16998 33.333333 0.000000 16.666667
10781 33.186007 0.000000 17.263239
260 32.592593 0.000000 16.296296
10601 73.903696 7.952467 55.087732
7619 24.060008 0.000000 26.075097
17257 82.815560 9.907087 48.675226
15693 82.577997 10.068585 48.632348
8282 7.903232 11.866715 10.865946
10974 7.766062 11.660754 9.295136
15459 40.195417 28.431751 51.442109
12973 39.980531 27.872742 52.109120
16350 40.521461 27.447783 52.264039
3116 76.055634 13.516022 48.442645
16916 73.275529 11.076261 52.274898
6423 73.003634 11.310858 52.176014
16414 72.969970 11.146327 52.357542
11652 83.469149 4.198278 54.062949
12150 43.709281 1.747607 22.436594
14590 43.703704 0.000000 21.851852
13655 71.628065 13.150112 51.022706
11642 72.878049 16.095592 47.449288
16879 53.374216 3.963350 69.345579
411 85.592741 9.078339 48.116213
20942 85.308348 9.218919 48.117688
20924 85.510111 9.038738 48.197168
14405 85.350638 9.321739 47.993620
20949 85.167652 9.384912 48.021877
20943 85.285559 9.287550 48.060383
410 85.144908 9.256130 48.162160
4989 77.204024 14.164774 47.219049
2536 4.580347 6.877398 32.075274
10561 7.793680 11.702223 77.132556
7690 55.857942 32.424569 39.614036
14082 55.065263 33.684211 38.749474
4581 55.131932 32.903895 39.497235
5970 83.332545 8.076551 50.249099
9614 8.433178 12.662430 42.841439
17071 32.199905 46.988768 36.864291
8714 43.482893 10.014632 68.233906
8713 42.623461 10.281362 68.396627
21456 82.486125 9.407746 49.339783
887 50.182672 0.000000 48.663548
6446 52.040497 32.866131 41.080755
7916 51.545536 33.989608 40.203634
7915 51.278470 33.405253 40.922107
6016 7.045248 10.578450 56.740011
1269 6.866326 10.309799 56.408802
1913 7.815404 11.734841 38.957319
14208 7.921640 11.894355 39.858067
14209 8.067299 12.113061 38.788573
6515 75.939651 11.589879 50.428705
5266 76.110223 11.415369 50.518104
10337 78.030636 8.287750 52.688644
10338 77.825847 8.355257 52.723464
7440 48.888889 0.000000 24.444444
10198 47.824023 0.000000 24.865477
2481 76.437405 8.593942 53.178761
15976 76.643233 8.430222 53.239731
10969 29.726689 44.634669 32.021695
21367 29.102176 43.696961 31.083069
10970 29.122546 43.727546 33.156985
4646 8.709087 13.076708 68.783066
7477 9.067919 13.615494 67.722683
15076 28.933653 41.515867 28.291610
16828 28.800000 43.243243 28.800000
15075 30.026353 41.582988 28.860312
8944 81.732313 8.788386 50.336669
8943 81.463680 8.919611 50.339629
16719 48.176951 32.834179 35.022257
454 47.488275 31.617605 34.272800
12693 19.982959 27.011020 18.986149
12694 20.440979 25.254604 18.630273
2032 19.488266 26.361660 18.522566
14775 87.055781 4.882964 51.584263
2775 30.651527 0.000000 33.538146
11000 4.943625 7.422861 27.842158
16889 86.520913 8.539438 48.191566
12342 86.041738 8.813534 48.156784
6567 58.624697 19.568998 51.099085
6014 59.581453 19.471777 50.718025
6013 58.590181 20.582528 50.101799
840 36.901232 0.000000 80.244311
14927 41.126291 0.000000 44.722949
13899 41.393457 0.000000 45.581843
8549 40.763460 0.000000 45.654102
16284 67.796195 23.256076 42.822571
469 74.715849 0.000000 42.415095
2282 73.821011 0.000000 43.436726
5714 38.400550 38.067437 42.694221
4300 27.999314 42.041012 32.009920
1198 74.310905 15.566635 47.262346
13820 74.584113 15.466158 47.226319
14270 78.407961 16.090409 44.689520
8397 78.936842 15.789474 44.726316
14523 33.906260 0.000000 17.873741
9434 49.666380 0.000000 58.897966
1486 49.048389 0.000000 59.158647
1468 49.210054 0.000000 58.323107
2141 37.323962 38.795618 31.580922
4421 52.620726 18.043607 32.318884
15801 11.963685 17.963491 48.239652
1634 78.532712 12.810722 47.910111
8561 68.739055 15.394721 50.220356
9059 68.260601 15.525920 50.328253
8971 44.020413 36.033415 41.920345
8969 43.770559 35.820110 42.258790
8970 44.209145 35.374328 42.485725
13221 6.706798 10.070267 71.781829
21441 6.825794 10.248940 71.057546
21442 6.707266 10.070970 71.108951
13251 31.769955 6.968520 18.205495
15862 32.600739 5.874167 18.256467
1413 32.025444 4.944267 17.659163
2542 1.373541 0.000000 58.654783
155 39.225019 4.828543 75.554118
21001 38.642204 4.260859 76.413778
21002 39.141520 3.776658 76.648805
9336 38.196555 5.384700 75.511637
8600 3.674223 0.000000 84.135424
15831 82.417947 7.648259 51.135119
13943 82.343154 7.580035 51.240807
10864 77.627376 9.001654 52.175657
16829 29.994288 0.000000 61.656118
7649 29.151160 0.000000 62.368151
6547 29.450114 0.000000 60.408068
8715 45.036778 8.651960 68.820999
8963 77.063889 6.797794 54.663464
4790 69.192890 14.630163 50.758762
8135 69.283609 14.253975 51.089966
12241 13.936230 20.925270 43.471164
8445 13.517731 20.296893 43.823249
8188 22.436412 0.000000 36.786743
2984 23.377219 0.000000 37.774990
8189 22.730339 0.000000 39.294084
8024 83.233831 7.246245 51.129593
5235 81.437427 4.161313 55.115812
15916 19.625534 15.256443 14.893162
16648 18.019330 17.884003 14.965038
1280 11.699213 17.566386 44.699335
16037 48.525366 0.000000 50.285109
12869 48.051055 0.000000 50.379654
1298 48.290266 0.000000 49.650832
4508 73.262496 14.066713 49.287972
1977 10.636396 0.000000 69.437482
13357 10.862095 0.000000 74.059324
1978 9.884716 0.000000 73.166233
13295 12.165535 18.266569 42.445698
7057 12.519746 18.798418 41.833416
1025 12.275163 18.431176 40.848784
11705 74.302932 10.685769 52.152079
13286 74.503904 10.498383 52.239167
13279 84.071186 3.333647 54.627426
20636 84.447216 3.191762 54.581438
20637 84.352893 3.330091 54.490132
8785 36.468389 7.733665 74.024407
13147 36.055513 9.144237 72.818863
4979 17.356770 26.061216 62.910905
4083 31.874169 46.232960 37.783723
1076 31.454130 45.162913 39.064859
10590 24.891525 37.374662 42.365498
2149 13.966194 20.970261 67.420609
17142 13.388570 20.102958 40.780643
6916 13.579372 20.389448 38.721853
15118 73.781004 12.320032 50.777147
8156 74.093572 12.184592 50.756438
14824 73.891326 12.414408 50.627515
13918 68.160502 20.550632 45.348567
13302 31.685388 0.000000 39.610632
9573 80.539842 9.445545 50.275088
13388 9.440101 14.174325 55.594813
8585 9.280825 13.935172 55.402446
20672 9.299337 13.962968 55.855655
10797 77.787338 8.954758 52.142618
5883 71.187322 17.820961 46.567557
5881 70.986572 18.108802 46.379804
1931 72.170454 19.545318 44.349909
4955 72.398335 19.217401 44.564214
4456 77.179521 11.901039 49.497300
16708 77.023089 12.059798 49.416598
2897 41.667596 11.882437 67.271883
4706 70.575317 8.194500 56.509647
12627 70.848087 7.802439 56.765715
5391 57.776639 1.094212 70.016375
8480 57.500000 0.000000 71.250000
2022 58.333333 0.000000 70.833333
4200 86.167329 0.000000 47.506394
13233 79.722597 6.869226 53.262607
14800 79.762011 6.932163 53.179899
16108 79.543489 7.018622 53.202615
4491 64.192632 26.842105 41.034737
11512 63.490526 27.368421 40.858947
12474 63.860814 26.759491 41.283342
4329 89.236065 0.000000 46.063137
4330 88.679827 0.000000 47.568125
4945 45.072902 0.000000 58.394078
13017 44.931362 0.000000 57.820177
8035 29.407806 41.314347 43.940435
8036 29.264036 42.468923 42.856590
14930 28.796379 41.928115 43.631767
2028 35.480695 0.000000 37.801888
1000 35.170129 0.000000 38.912144
898 34.807867 0.000000 37.791666
10287 34.816066 0.000000 68.419260
8387 34.753780 0.000000 40.040511
3351 34.424003 0.000000 38.745802
9310 6.065645 9.107575 56.416989
16511 68.121902 20.839077 45.079133
10907 67.666696 21.336651 44.808665
13586 42.192998 29.124681 49.749695
1154 41.683924 29.742920 49.385375
2685 76.390322 15.529668 46.259641
11851 76.426081 15.376728 46.394855
16341 76.750927 15.227420 46.381889
3280 78.530931 12.113807 48.608614
10130 4.430911 0.000000 11.136634
66 52.751671 32.381222 41.210561
67 52.595432 31.681826 41.988776
3455 30.833333 0.000000 84.583333
3006 31.666667 0.000000 84.166667
15373 89.397265 2.013374 53.285981
5139 88.760367 2.044668 53.573104
14199 24.840831 0.000000 27.948674
14660 42.489135 0.000000 53.549425
1966 75.412517 15.930186 46.347625
16667 93.787704 1.454810 51.649883
1439 14.637296 21.977923 55.300779
1437 15.004700 22.529579 52.859033
10528 11.798993 17.716206 34.499616
4003 11.502842 17.271534 35.498790
8488 2.973741 4.465077 63.323242
16283 2.597177 3.899666 63.940266
1764 87.505409 6.045774 50.195475
8207 87.663823 6.073110 50.088906
7118 77.068142 15.086153 46.364690
7119 76.676044 15.426807 46.219744
8015 52.672055 21.648865 33.545099
8014 53.071713 23.621956 34.401968
11946 53.461927 21.970977 34.047299
15308 45.237047 0.000000 61.843457
14971 45.375065 0.000000 61.185816
10850 45.681219 0.000000 61.576341
4405 69.424193 4.605360 60.677938
10366 7.036165 10.564812 22.406880
14237 7.321470 10.993199 22.525799
9443 7.185663 10.789284 21.359164
12968 84.094101 10.779065 47.163105
3887 45.148496 16.207911 27.971483
3888 45.931030 16.906432 28.595357
2612 42.528013 29.312238 49.394443
2965 42.532383 29.893484 48.810430
5543 18.057139 27.112821 32.149646
13070 17.379039 26.094653 32.728397
13544 17.661967 26.519471 34.427746
8194 47.198245 0.000000 36.421490
8193 47.767791 0.000000 36.776694
3270 81.337090 3.920937 55.406597
305 81.206178 3.971560 55.421380
3271 81.263937 3.891561 55.472578
8671 7.703767 11.567218 58.575461
7533 7.632123 11.459644 57.919802
7520 86.308077 6.991301 49.847670
6870 27.695875 18.530822 67.602710
11379 79.692940 10.762443 49.380324
14184 79.452834 10.888534 49.374160
2485 39.569893 0.000000 43.575294
2486 39.296112 0.000000 42.623714
2484 39.965843 0.000000 42.658817
5988 48.898063 0.000000 34.189153
10517 49.477336 0.000000 34.919840
6796 48.650768 0.000000 35.361926
13862 74.791057 10.385495 52.208591
16789 79.429927 11.446409 48.827181
935 79.256203 11.625906 48.734367
936 79.543396 11.469212 48.747620
494 51.629827 25.627028 34.348714
10454 39.882836 0.000000 62.307401
10159 39.448344 0.000000 62.776695
7563 76.236426 14.961116 46.905709
14141 75.936143 15.254035 46.762639
7561 75.891375 15.147346 46.891819
8786 36.754213 6.530571 75.085792
1682 32.127663 0.000000 35.370408
12951 30.360340 0.000000 32.071852
9446 30.940242 0.000000 31.159184
11166 85.648505 7.583583 49.584581
10839 85.309522 7.698743 49.638797
6170 79.042157 11.838522 48.628561
8107 5.584475 8.385098 72.710679
7412 37.074381 0.000000 40.730741
7660 41.652654 18.118609 61.036945
12464 41.487044 18.950379 60.287149
1434 40.988185 18.576857 60.910474
9888 84.601384 0.000000 46.640018
12931 52.712356 19.771443 53.852608
6010 52.350069 19.253898 54.551814
12511 14.205536 21.329634 44.910309
3586 95.956875 2.092690 49.926780
12430 96.808943 1.868801 49.724859
8195 47.889081 0.000000 35.833515
9557 74.268482 7.412107 55.446239
2727 49.058070 28.428119 33.995599
12591 35.795323 41.004560 31.552180
14883 36.523151 41.581036 32.108061
11278 38.440909 0.000000 76.761743
11200 84.259761 6.971570 50.891578
13737 84.312773 6.851215 50.985547
15799 77.525647 5.747375 55.484055
3430 77.648539 5.605215 55.564911
10455 78.400725 7.984082 52.807572
11816 82.275968 12.207354 46.642454
6959 47.395612 0.000000 68.260613
4848 46.711138 0.000000 68.363267
3594 36.513305 35.089012 46.619246
705 36.936473 35.143527 46.353093
14579 22.500802 33.784987 41.859256
6935 22.045297 33.101047 41.678153
16154 40.945568 37.832942 41.656441
2831 40.616207 38.432941 41.220523
12242 14.425284 21.659586 42.887293
3730 9.802767 14.718869 23.438956
11615 9.455535 14.197500 23.758337
9810 9.311200 13.980781 38.395266
9811 9.158055 13.750833 38.241165
3105 77.082489 14.730088 46.713937
16445 80.146437 10.472908 49.443401
11377 79.950078 10.622477 49.391862
11510 79.994179 10.528141 49.464241
6862 49.061353 0.000000 54.676407
604 49.322011 0.000000 54.102354
7689 3.616727 0.000000 46.304450
270 78.743154 15.051205 45.562166
13477 79.309573 14.646842 45.683725
15167 4.742508 0.000000 42.037271
15169 4.293286 0.000000 45.530859
4286 72.497504 15.049899 48.686299
4287 72.387439 15.256440 48.534584
1162 74.562427 12.443266 50.263077
15069 34.460566 0.000000 73.891211
13417 69.031714 19.942812 45.521389
9790 87.718780 7.999475 48.133135
14248 88.183097 7.774362 48.126315
14118 87.724607 8.085430 48.044181
9301 4.849428 7.281424 50.246021
246 5.189656 7.792277 49.986496
6065 45.440316 29.804603 47.445435
8106 5.452591 8.187074 74.258827
8658 72.327530 20.262599 43.553374
8659 71.957360 20.709853 43.290757
4392 71.595030 20.812070 43.369602
1954 10.301094 15.467108 50.117412
14511 10.247132 15.386085 51.213531
14814 79.318543 8.193938 52.138597
11120 79.065086 8.283058 52.176116
16606 81.430094 3.900125 55.380927
6055 81.457016 3.916994 55.350581
16751 81.394580 3.935130 55.363645
4018 37.865979 0.000000 38.877577
6116 41.705329 0.000000 62.500249
8399 78.360565 7.936425 41.823112
3275 55.628089 27.372075 44.786508
6940 75.698036 0.000000 45.053217
8517 76.523689 0.000000 44.108145
10335 76.208936 0.000000 46.304513
10070 42.303168 0.000000 56.593390
1547 42.553056 0.000000 56.882450
2926 42.231024 0.000000 57.147042
11165 85.280171 7.819473 49.532622
11167 85.581337 7.727536 49.474068
6070 85.235341 7.944891 49.429494
9100 71.956958 12.257660 51.751604
11325 71.675101 12.468890 51.681091
16611 77.777004 9.475231 51.626792
10633 81.511769 3.939040 55.301136
13594 66.634572 19.123795 47.539795
12716 56.469474 32.631579 39.101053
6244 57.171579 32.105263 39.276842
5168 56.021001 29.578128 37.860017
2404 74.357706 5.386666 57.429095
5611 71.081546 14.051272 50.393904
11480 70.721209 14.129484 50.495782
4585 22.572895 29.586375 59.097591
9662 76.818912 9.996230 51.584318
15800 65.883459 0.000000 50.679162
10939 64.941426 0.000000 49.317106
12999 66.024232 0.000000 48.031118
8284 14.510829 11.645973 81.086967
9998 14.052432 14.007492 78.952285
8316 85.444338 6.986090 50.284755
4391 26.479121 31.745317 54.983377
7516 27.714962 30.648669 55.463201
7491 81.997890 7.937090 51.056027
13821 74.831012 15.383441 47.185669
4483 77.810068 9.367636 51.717963
10807 77.998693 9.243473 51.747937
2792 38.699514 40.323980 40.285939
6295 84.353065 5.644335 52.173488
12282 73.943559 9.558438 53.460224
7696 73.622340 9.655153 53.524022
44 83.439861 6.827285 51.445958
880 74.991321 13.709661 48.780968
878 74.840449 13.894975 48.670906
5575 80.846072 12.667389 46.896907
5274 80.373819 13.026416 46.773648
5273 80.499877 12.801920 46.935340
12773 15.737422 0.000000 86.576828
11881 39.880815 22.986285 57.050322
11879 40.586304 22.738070 56.946040
8486 34.796213 47.988244 34.565661
4349 35.418223 47.571989 34.671327
4348 34.704211 48.947368 33.651579
7326 38.419378 14.670361 24.094919
13217 38.856181 12.954585 23.741967
7207 37.785244 13.445273 23.369898
2034 19.004579 25.561318 18.014208
6381 64.976022 0.000000 52.177584
6234 32.923159 0.000000 31.411341
201 67.207236 21.030573 45.344779
4099 36.026633 36.502237 45.447945
14720 36.460960 36.560298 45.172662
14923 36.014179 37.238658 44.717013
7420 7.704883 11.568893 30.720167
11438 7.886571 11.841699 31.283802
10129 3.923991 0.000000 7.228466
6359 45.272263 0.000000 30.956205
12284 46.114332 0.000000 31.032188
14086 35.484813 0.000000 74.426628
11767 36.438046 0.000000 73.771024
11766 35.986799 0.000000 75.096421
4123 75.426316 18.421053 43.847368
9572 76.128421 17.894737 44.023158
13171 75.108519 9.386299 40.679897
12617 47.624591 6.689129 26.039776
7544 71.332424 12.711893 51.609183
7542 70.888185 12.947951 51.595009
7543 71.099267 12.624868 51.812874
16850 40.378909 22.053890 57.734602
15705 40.900336 21.933326 57.594573
10842 36.999566 11.088102 70.401027
17243 75.890628 13.043379 48.998264
5546 77.637001 9.711472 51.460316
2511 77.714016 9.592539 51.540861
7671 77.828219 9.608321 51.467961
10857 58.392623 27.914943 42.860830
10856 57.613907 29.111576 42.052359
4927 57.555871 28.412553 42.781099
15277 7.676517 11.526302 32.811321
6258 83.180312 5.602020 52.802222
9402 83.127070 5.736572 52.694156
14422 82.871346 5.752831 52.805743
11122 36.931868 0.000000 36.414000
2158 36.354970 0.000000 35.991878
13759 36.789579 0.000000 35.583502
371 82.269660 0.000000 45.685217
370 81.597604 0.000000 46.897937
4670 75.874423 14.316541 47.731931
4669 75.993159 14.180220 47.809020
20795 9.629630 0.000000 4.814815
9243 8.967734 0.000000 6.212461
20796 8.888889 0.000000 4.444444
20702 74.808254 12.549466 50.033858
11515 39.102351 23.132443 57.293249
20797 71.448906 14.796419 49.464331
3792 10.274605 15.427335 12.568107
2441 78.892821 14.523452 46.015614
2011 79.308627 14.257484 46.073945
7528 69.401468 19.008164 46.272094
9166 69.150986 19.378104 46.027025
12840 69.009652 19.269200 46.206705
3802 88.405345 7.834991 47.954501
5814 6.908002 10.372375 79.187377
15583 7.326965 11.001450 77.487590
14967 8.193959 12.303242 50.905012
772 8.285297 12.440385 50.299499
13103 74.757923 7.791654 54.821593
15346 75.009257 7.556233 54.931583
12313 75.087652 7.713348 54.735112
12697 49.673882 0.000000 36.838374
10518 50.001609 0.000000 35.688570
6729 50.470637 0.000000 36.483218
11626 81.581971 6.670168 52.532177
10262 81.676136 6.765090 52.390077
5349 5.635551 8.461789 26.020420
10764 5.458932 8.196594 24.661920
16330 74.497425 6.866371 55.878050
13748 74.346096 7.162460 55.657330
5961 79.273020 7.075651 53.280763
5959 79.073463 7.223840 53.232205
1962 4.314645 6.478445 28.871116
2793 38.646810 39.620950 41.016024
3139 39.041939 38.854212 41.585964
2794 39.138523 39.400413 40.990925
15682 62.502710 24.353574 44.370718
1856 79.290018 10.057295 50.287639
5733 41.540622 0.000000 49.386720
9563 41.274802 0.000000 50.069035
11675 67.262745 8.132176 36.339387
12067 68.040715 8.650856 36.901092
14587 4.059348 6.095117 43.229189
12788 21.872815 0.000000 38.587307
15156 22.205371 0.000000 40.662659
10937 7.864178 11.808076 33.340921
8234 7.863302 11.806760 34.399559
10739 81.857422 11.810193 47.249286
10740 82.179983 11.668635 47.229704
10709 82.521942 8.669741 50.060618
10707 82.747776 8.585945 50.031581
6836 42.949445 26.737398 30.378276
1775 43.912371 26.489510 30.777192
15053 7.168779 10.763933 23.638740
7676 6.880130 10.330525 23.439579
8305 6.995949 10.504427 24.318401
12602 41.429598 33.967144 45.284090
15655 41.427034 33.321652 45.931510
6961 54.922261 22.854218 49.661797
5994 78.122690 8.984460 51.945211
11511 80.124782 10.418276 49.508915
9816 80.306915 10.343867 49.492332
11432 96.175968 1.208706 50.702102
4163 15.218319 22.850329 36.754726
4162 14.886087 22.351482 35.009412
2853 14.636002 21.975979 37.329035
11262 33.988030 0.000000 59.936581
2702 8.815926 13.237125 40.835329
17192 47.980266 0.000000 31.806809
17076 47.276811 0.000000 31.915074
5848 26.714190 0.000000 31.456837
10375 46.761906 23.335601 53.260110
14077 46.353004 22.913686 53.886898
10373 47.025121 22.363706 54.101370
16514 39.331596 0.000000 25.409733
9340 39.223930 0.000000 26.295104
3495 79.330169 13.419228 46.902268
13670 5.807930 8.720615 46.522590
17009 6.048109 9.081245 46.587775
96 57.333492 0.000000 62.755635
8104 27.472745 41.250368 29.942903
9842 0.000000 0.000000 17.391304
15497 79.048037 3.728425 56.743829
16744 78.611042 3.724815 56.965939
1371 41.080459 0.000000 66.687220
21302 15.442132 23.186384 16.667177
21301 15.750000 23.648649 15.750000
21316 16.442356 23.174427 15.938262
21315 16.956001 22.891110 16.100740
9236 27.809573 8.470394 16.725428
4786 85.721100 9.775060 47.354615
14103 79.200710 10.674816 49.714155
6859 25.936980 7.338908 79.685263
6858 26.612965 8.049765 78.635702
3050 74.258337 5.980002 56.884849
4129 80.685379 10.211808 49.435291
9395 80.494235 10.342848 49.399692
5536 80.511347 10.259288 49.474779
7641 34.038292 37.179314 45.764361
12886 34.579140 37.290733 45.382406
12888 34.045891 38.140984 44.797930
7927 10.672904 16.025381 15.485935
7928 10.886447 16.346016 17.003424
7926 11.130801 16.712915 15.325842
8975 49.538723 30.439018 44.761182
3512 48.722330 30.998419 44.609417
16113 4.757143 7.142857 90.471429
8766 5.786151 4.389407 92.713128
16112 5.285714 7.936508 89.412698
1323 20.032969 0.000000 13.659052
14178 78.995468 15.363239 45.123664
13782 45.137457 0.000000 59.949755
15344 16.125177 24.211978 51.458458
10394 16.414591 24.646533 49.320832
329 19.071031 28.635181 21.945876
1499 18.595934 27.921823 21.791396
5766 18.714268 28.099501 23.483750
1497 79.661124 8.337698 51.823402
9497 79.783807 8.336508 51.763252
3983 38.824723 33.056836 47.497746
16226 38.896781 32.421059 48.098130
6619 5.201730 7.810405 65.229320
21303 9.851536 14.792097 33.839419
16480 9.849668 14.789292 34.700368
21304 9.747176 14.635400 34.340426
3258 35.335071 34.368073 47.930023
9966 34.924652 34.882359 47.620432
4833 28.400214 23.519672 22.032158
8141 33.141502 0.000000 56.864392
13830 33.554864 0.000000 58.486928
16322 32.679898 0.000000 58.796337
1659 43.464915 18.687880 59.560975
4616 44.077146 17.504607 60.439315
6789 44.218821 18.574590 59.297425
5995 78.141062 8.182249 52.739038
8497 0.274222 0.000000 85.401269
7042 0.000000 0.000000 91.304348
15504 0.000000 0.000000 86.956522
5382 7.070250 10.615991 49.434841
10735 6.868059 10.312401 49.011087
15761 45.833333 0.000000 77.083333
11015 75.375230 10.163472 52.138750
8552 54.796052 31.649906 37.937445
14409 55.439115 30.895443 38.007740
2823 72.736072 17.279876 46.334808
5302 72.529651 17.288941 46.428944
9852 78.186972 9.223856 51.673434
7569 50.663975 35.784668 37.248282
12671 51.770952 32.249543 41.832732
2217 80.659800 9.170969 50.489960
644 70.833333 0.000000 64.583333
14469 78.557121 11.151192 49.559097
5860 78.566350 11.063173 49.642589
11612 56.040859 0.000000 35.625783
8164 41.728657 0.000000 57.745828
2927 42.115619 0.000000 57.768526
17201 41.809130 0.000000 58.302867
10474 84.857853 3.334543 54.233196
10475 84.936686 3.472246 54.055939
20638 84.562910 3.486408 54.228650
7725 40.884409 0.000000 43.776507
7726 41.313307 0.000000 42.939457
8742 74.728581 13.245080 49.377385
20807 78.180317 10.847859 50.051134
20803 78.115849 10.877544 50.053654
2800 48.968026 33.230215 42.252542
375 48.623872 32.668947 42.986448
8434 43.861844 23.848517 54.196712
14083 43.899176 22.976821 55.050615
15781 8.658535 13.000803 38.165972
13854 1.561135 0.000000 55.010131
8677 2.106942 0.000000 54.917664
6323 23.343793 29.715699 21.567224
14333 22.432195 31.184055 21.600388
7483 47.936812 13.514997 62.503082
2224 48.781444 13.652540 61.943085
8834 47.895099 14.509223 61.528718
5050 89.246772 2.240856 53.133517
5154 88.678401 2.251425 53.407123
7521 86.013920 7.207931 49.777901
7095 51.204002 5.923604 27.574561
7093 50.812005 4.294272 26.835995
3477 27.448415 8.495364 77.771933
11299 25.533925 0.000000 23.414867
471 4.933330 7.407403 74.943365
6597 17.331654 26.023504 29.017112
1984 17.058432 25.613261 31.076979
9187 26.582061 0.000000 38.898726
9189 26.753068 0.000000 36.558494
1291 7.422212 11.144462 41.194528
3631 7.450939 11.187596 40.213411
16778 44.841928 0.000000 65.756200
13659 23.409869 0.000000 51.490716
16348 24.207706 0.000000 50.662395
15250 24.294690 0.000000 52.508486
11930 9.516766 14.289439 29.430224
838 36.006347 0.000000 81.142211
9745 53.903502 0.000000 57.481168
10011 53.712489 0.000000 58.361002
9746 53.363575 0.000000 57.545875
6625 74.843815 11.603671 50.962818
2240 71.213684 21.578947 42.792632
10215 41.623057 0.000000 55.623558
10172 41.927764 0.000000 55.429035
13626 81.273070 5.517718 53.840229
13627 81.559025 5.371465 53.843651
343 13.229670 19.864370 58.652326
16254 44.368733 0.000000 66.451509
3736 83.861903 3.743058 54.322248
4830 83.593173 3.683287 54.516443
10171 42.230448 0.000000 55.210428
16295 42.464094 0.000000 55.503600
7938 42.147420 0.000000 55.738693
2772 74.230768 13.268063 49.603285
5927 73.982071 13.475812 49.519677
1102 75.496759 16.123821 46.111676
8831 12.552872 4.726519 88.992319
13440 11.557030 5.603786 88.612095
21003 12.436569 2.691818 91.087205
21004 11.743844 3.383929 90.740765
2827 15.707969 18.966986 73.160063
10876 82.161251 3.769705 55.145900
5367 72.291288 12.793090 51.048473
15892 76.216044 10.824222 51.056932
17102 81.569258 9.377046 49.828948
5975 43.675650 0.000000 45.154018
9917 44.276325 0.000000 45.357663
4932 58.307532 0.000000 54.012820
11763 41.687221 32.965804 31.821223
14543 15.613229 23.443287 66.866301
13128 83.646417 9.023161 49.144607
12290 83.351823 9.198273 49.116617
14926 83.461714 9.066006 49.194071
9453 6.483323 9.734719 26.080219
11240 6.601815 9.912635 25.052396
7084 77.515383 9.948692 51.283668
240 6.262456 9.403088 21.629152
239 6.345250 9.527403 22.818082
15145 6.507429 9.770915 22.008836
7204 85.849366 2.897891 54.174528
7374 82.458183 12.977275 45.780656
4229 76.686677 10.537767 51.108357
17258 59.955016 8.715575 32.879795
8534 59.468980 10.881074 33.357888
12044 43.834078 0.000000 41.061643
12043 43.198678 0.000000 41.882074
9713 82.093979 4.123447 54.825439
9360 82.252626 3.990929 54.878767
4914 82.334593 4.094912 54.733696
14186 71.548575 12.068403 52.145241
5610 71.869530 11.959376 52.093899
74 81.674280 4.534491 54.623835
7663 81.594872 4.452971 54.745140
6576 81.872098 4.394363 54.665194
12184 88.832751 7.195857 48.380571
15636 88.227311 7.634421 48.244289
2394 26.011772 0.000000 65.187603
2393 26.026737 0.000000 62.442102
3748 27.112160 0.000000 63.341572
14638 21.526964 32.322768 34.892057
98 56.351466 0.000000 62.045383
2522 67.926011 0.000000 43.259420
12747 68.637438 0.000000 44.210088
12746 67.794044 0.000000 45.518703
15210 57.388960 0.000000 69.895235
15211 56.576024 0.000000 70.388330
7252 78.611688 13.060510 47.620586
2776 78.866791 12.891884 47.661828
11811 69.926864 20.938132 44.077498
15835 87.113302 8.198225 48.236926
14808 87.680120 7.913343 48.238683
9791 87.208671 8.265133 48.122267
5263 84.133386 9.051008 48.873248
2826 15.147479 18.341794 74.066125
369 63.061142 24.932099 43.512398
3265 49.755318 0.000000 61.153164
7611 40.715375 20.307106 27.119954
3717 40.342098 18.811407 26.435247
13683 82.182312 8.470079 50.430295
13684 82.153663 8.404623 50.510141
10145 84.013992 7.020962 50.965021
3026 84.057915 6.900893 51.063249
10356 11.494780 17.259429 34.075461
15489 11.462953 17.211641 32.735758
10357 11.218540 16.844654 33.683988
13141 77.622772 12.819217 48.356578
10891 77.793293 12.801012 48.289541
219 77.473791 13.012013 48.238080
22 34.261523 33.456980 49.378802
7025 33.754381 34.370307 48.718132
12344 22.090159 3.557517 85.393846
14772 21.870831 1.753105 87.309727
11285 22.722147 1.768737 86.868421
423 28.840886 7.614115 16.955943
853 28.386565 6.613595 16.395610
13464 16.594675 24.916930 27.954867
7874 16.769881 25.180001 29.428073
13462 17.048157 25.597833 27.602837
743 37.052027 0.000000 58.587043
742 36.442509 0.000000 58.387900
848 83.584947 8.486107 49.712934
16726 81.120212 8.003116 51.428775
13315 80.630436 7.582427 52.094773
6503 6.829385 10.254332 84.211862
61 7.308003 10.972977 83.886149
17319 60.131784 13.494694 34.559625
10434 60.805427 11.336926 34.177910
4333 11.765267 17.665566 33.028002
4332 11.701224 17.569405 31.649459
15493 45.756850 1.935521 75.184118
16790 45.300790 2.736148 74.610721
14686 14.775998 0.000000 32.494934
14639 47.365477 35.889999 40.391373
4650 47.695076 34.792988 41.324681
4649 48.117839 35.316456 40.589308
16402 79.813665 9.779907 50.303481
9739 79.871535 9.800941 50.253491
130 79.710811 9.887229 50.247478
13059 75.015538 6.092694 56.393444
3800 88.005615 7.987809 48.001395
4863 78.673860 11.804393 48.846872
86 79.261071 9.622241 50.737601
1524 45.979259 0.000000 55.850894
1522 45.722064 0.000000 55.799627
1523 45.970433 0.000000 55.441317
3313 78.502909 3.001317 57.744227
15988 78.823364 2.824380 57.761113
13314 80.689009 7.653927 51.993915
5811 80.733807 7.729159 51.896208
5810 80.506059 7.795142 51.944034
1067 78.033818 9.139642 51.834309
1066 78.219018 9.112801 51.768577
677 30.879408 7.913892 18.075030
11989 79.222032 6.977009 53.404998
12032 29.458048 7.735244 77.527997
6349 28.968588 7.126860 78.381719
14254 29.561407 6.388874 78.824034
1947 35.113443 26.230672 56.186375
5982 35.157154 27.281495 55.112646
5981 34.413569 27.285869 55.480061
14495 24.750000 37.162162 24.750000
10464 43.350896 0.000000 57.648972
14803 76.319480 14.337102 47.488821
14804 75.979513 14.553835 47.441855
15360 76.183177 14.304354 47.589753
9636 73.527211 13.161535 50.061698
9866 73.690558 12.933608 50.208180
8457 51.924415 0.000000 28.452327
9974 51.198424 0.000000 28.099045
4913 82.068465 4.238921 54.722607
587 46.757930 0.000000 67.232342
1241 46.665407 0.000000 66.648063
6153 47.177773 0.000000 66.849385
9837 82.144648 7.734792 51.185149
13263 39.436765 0.000000 65.278052
1607 15.550850 20.956705 71.246913
6433 83.038012 4.670477 53.805847
11488 13.500000 20.270270 13.500000
4046 14.858516 18.156690 13.475436
13245 57.604647 25.882081 37.421057
15735 82.703387 8.359764 50.280182
5760 79.449328 8.460591 51.806285
6568 57.636951 20.696177 50.464651
6569 57.666427 19.629321 51.517836
8986 77.270128 7.504988 53.852443
8365 77.501670 7.507824 53.733833
13805 75.150079 15.548179 46.861233
6900 82.626195 6.716108 51.964078
16988 82.756222 6.560073 52.055256
12508 73.361805 17.116538 46.185443
9367 73.232452 17.075234 46.291464
16894 73.567831 16.853932 46.345299
8595 3.845978 0.000000 76.118320
3769 30.814214 46.267588 34.657823
14964 30.948056 46.468552 32.431561
3767 30.333642 45.546009 33.446552
8132 26.850907 0.000000 43.178217
9950 26.662378 0.000000 45.694435
9080 26.121875 0.000000 44.236147
353 36.621126 40.195294 41.453948
8205 37.050327 39.624705 41.810507
790 23.795370 0.000000 85.647115
6100 73.914312 11.973968 51.056902
242 76.101866 10.397151 51.541518
10713 6.957187 10.446227 40.381574
14559 77.760973 8.285968 52.825259
5271 42.768749 0.000000 48.571354
15495 42.407952 0.000000 48.218266
1626 44.903357 27.794393 49.726134
16 6.923673 10.395906 28.974223
2886 74.403142 9.271872 53.517285
8745 18.931582 28.425799 56.579442
3687 76.177576 8.866521 53.035825
2482 76.262745 8.731143 53.128754
13301 9.440420 14.174805 38.521855
17141 54.959445 18.625692 33.682078
16906 54.363549 16.709815 32.746143
21261 54.347247 18.187671 33.230118
2885 74.542652 9.353649 53.365671
2887 74.706499 9.150669 53.486931
6130 75.475593 10.222017 52.029964
14489 8.172095 12.270413 55.084372
12828 8.306084 12.471597 54.947917
9594 8.221931 12.345242 54.443885
13498 76.713472 14.955920 46.672388
7337 76.958076 14.709078 46.797175
7539 73.528762 17.149648 46.068822
15266 73.718900 16.867907 46.255775
15337 75.977742 16.761596 45.232771
8483 75.836729 16.709617 45.355309
8793 80.574127 12.480089 47.220368
3980 80.327222 12.565879 47.257944
3699 40.987382 0.000000 65.152197
4829 84.152450 3.498178 54.422099
15908 52.385147 0.000000 72.901562
3007 32.500000 0.000000 83.750000
8465 20.101351 30.182209 37.791801
2845 76.662888 14.858229 46.795469
2846 76.353741 15.154550 46.653424
6833 39.614408 0.000000 69.766614
8898 40.269753 0.000000 69.960596
3541 81.999772 3.596689 55.399829
10904 49.470393 0.000000 26.978003
14052 49.936230 0.000000 26.023722
486 82.009154 9.310273 49.675840
21432 82.043605 9.338644 49.630215
7626 81.903380 9.419564 49.619327
7625 81.855671 9.508227 49.554429
21431 82.017595 9.394712 49.587096
12853 9.560344 14.354871 49.139815
1949 35.812007 26.293520 55.774183
11863 74.101404 10.547101 52.391650
13131 74.274223 10.577404 52.274907
11707 74.069450 10.724540 52.230011
15137 72.060437 11.548290 52.409943
5192 0.432207 0.000000 75.673948
755 73.763347 8.318123 54.791886
756 74.011786 8.065701 54.920340
6911 77.127150 15.300679 46.120445
8389 77.526390 15.050739 46.171016
11496 77.247778 15.348029 46.012734
11741 83.829875 8.400305 49.676357
8328 74.814526 9.235135 53.348367
13135 75.571839 15.449258 46.749373
16876 76.833252 12.148252 49.422974
11071 1.130095 0.000000 51.422203
3301 58.671135 18.548591 52.097293
3302 57.782775 18.514568 52.575530
3303 58.753731 17.536497 53.069101
521 38.459484 0.000000 68.892395
13167 38.538138 0.000000 69.634932
12452 37.962455 0.000000 69.845138
1712 8.745484 13.131358 43.673348
2018 8.771378 13.170237 42.806535
1710 8.590747 12.899019 43.306283
919 92.542098 4.047109 49.677795
11737 52.061560 0.000000 31.486283
8804 52.663075 0.000000 32.273019
2592 30.196886 27.840007 57.033710
13433 22.749874 32.117055 22.069916
21173 21.731011 19.959513 17.512023
15620 73.023188 8.484458 54.995463
14499 72.609085 8.522750 55.164185
363 67.056761 9.031250 57.431338
17065 24.377587 29.513801 22.016890
13856 4.978892 7.475814 66.646146
15871 0.722034 1.084135 9.465917
20621 0.353559 0.530869 5.040951
5186 6.017126 9.034724 20.949155
2971 39.173131 0.000000 27.242719
2973 39.107727 0.000000 28.289099
16705 31.141970 39.461865 44.927688
8407 46.370510 0.000000 56.538688
325 38.741309 37.374012 31.816201
1243 38.900207 36.141413 31.485194
13249 38.191708 0.000000 39.702322
10412 81.603529 0.000000 48.554240
9010 78.481256 10.785594 49.962992
8292 78.585216 10.778239 49.918375
9011 78.414108 10.881401 49.900663
12902 0.312440 0.469128 52.765174
12088 37.503285 1.452993 19.235489
12089 36.914036 3.223186 19.530339
12504 79.669435 11.486218 48.667578
937 79.372681 11.651587 48.650421
3725 24.115771 0.000000 34.047357
6646 24.160521 0.000000 31.983870
3723 24.934693 0.000000 33.210151
7825 8.830941 0.000000 72.430940
6000 8.512086 0.000000 76.620682
1339 8.611212 12.929748 63.564535
1338 8.573589 12.873257 62.531872
9704 8.385584 12.590967 63.519369
10032 90.999393 3.974851 50.521478
7083 77.721805 9.819917 51.309360
5547 77.765646 9.715034 51.392429
10081 74.068125 17.197311 45.751430
7003 73.678814 17.587963 45.555041
7005 73.650837 17.448266 45.708868
8832 48.442463 14.999788 60.763980
1386 7.022892 10.544883 65.616729
16188 45.863253 0.000000 52.821903
7288 46.172766 0.000000 52.630393
7287 46.068085 0.000000 53.053455
4478 80.462445 0.306631 59.461840
750 71.947774 11.209209 52.805695
21068 72.163323 11.008784 52.898546
15425 19.166667 0.000000 90.416667
12414 4.244599 6.373272 14.519870
16546 4.180257 6.276662 16.501988
21092 72.732735 10.856683 52.766093
21064 72.931887 10.710317 52.813029
21094 72.834013 10.781312 52.790900
6687 20.653615 18.783795 70.870613
16433 36.416818 10.229814 71.551548
8304 34.220910 12.106878 70.770560
8334 34.127719 13.636887 69.285617
8335 33.298276 13.312621 70.024928
710 80.404210 11.746903 48.039245
709 80.684488 11.628284 48.017844
11465 80.340666 11.899740 47.918027
4223 39.283158 16.772590 63.569059
4222 39.849664 17.194152 62.863821
7103 88.077063 3.283951 52.674234
6305 59.980000 30.000000 39.980000
16315 59.562092 26.092600 38.469882
6303 59.006212 27.458715 38.646858
3940 9.997099 0.000000 47.346541
7519 10.653812 0.000000 51.913660
2796 80.542497 9.772090 49.946889
13133 80.329022 9.867358 49.958263
6530 42.624222 16.006871 62.665011
13340 42.465553 16.825972 61.924425
13672 16.200522 24.325108 47.730592
14676 44.326089 0.000000 49.617461
2529 43.976162 0.000000 49.413081
12991 22.035011 0.000000 34.202673
12990 23.128315 0.000000 34.805347
12301 27.747839 0.000000 33.067728
5846 26.792021 0.000000 34.018065
17052 84.102940 8.214456 49.725860
13865 16.590877 0.000000 47.691887
5410 32.579915 9.714168 73.986161
4285 31.681119 10.977050 73.171413
8669 86.752492 7.345300 49.271108
6375 87.294583 7.085478 49.260145
14051 78.539671 1.648478 59.080038
12484 78.418892 1.402264 59.386888
5843 6.323462 9.494687 78.282054
16884 76.563302 8.979298 52.730072
5182 5.676919 8.523902 38.718494
13199 11.270563 16.922768 47.099502
15991 11.324225 17.003341 45.415887
2729 49.415669 27.000359 33.698954
7273 45.053399 0.000000 38.409345
10774 45.726238 0.000000 38.840042
9933 76.739498 15.523604 46.091123
7828 75.894593 11.361171 50.680171
15615 75.909408 11.272676 50.761347
15175 79.178424 6.246178 54.158364
8185 33.742628 22.295099 60.811291
4657 34.465648 22.502360 60.242314
14459 71.716422 12.744666 51.384379
9099 71.936299 12.466726 51.552658
5389 58.282741 1.866357 68.990406
11812 18.753370 12.771722 13.629669
11813 19.194963 10.353390 13.045160
2715 17.479723 13.976444 13.394017
3416 34.399509 29.785191 27.118223
11522 20.193230 10.943660 13.740854
15792 20.067482 9.732417 13.274636
1509 9.517854 14.291072 48.467833
10304 39.634913 0.000000 39.564992
11939 39.225790 0.000000 38.437936
8556 39.981871 0.000000 38.591119
12515 22.322539 0.000000 63.924219
7959 22.002373 0.000000 66.607850
4127 21.039361 16.442846 15.995149
1544 68.873246 6.835234 58.721308
14094 69.573680 6.815700 58.390644
9956 69.070801 7.215988 58.241395
13000 78.869220 11.646456 48.907287
11913 4.777193 7.172963 24.394071
11912 5.132873 7.707017 24.534398
9558 73.642235 14.146477 49.018259
12724 73.358307 14.391407 48.915048
17281 26.666667 0.000000 86.666667
12021 25.833333 0.000000 87.083333
14337 26.926791 0.000000 83.058734
14193 46.517962 0.000000 52.514630
8934 76.386199 8.483968 53.314449
13974 63.898679 0.000000 59.195100
4436 62.953140 0.000000 60.410638
16899 87.007368 8.683307 47.804326
9918 44.377709 0.000000 46.273229
4427 83.307704 9.096596 49.240455
9778 40.375947 26.253765 28.930477
9779 40.065408 27.774238 29.281525
11221 74.591748 3.864517 58.835745
14553 29.271628 23.279519 22.387894
808 29.700629 21.969209 22.166061
9524 28.952755 22.248953 21.885279
10765 76.614116 14.749974 46.928218
15466 44.843410 0.000000 45.606961
4224 45.348434 0.000000 44.969597
17237 3.798621 5.703634 52.299221
13260 4.036791 6.061248 53.422285
11965 4.140744 6.217333 50.948956
16455 78.176410 8.771125 52.131899
10431 78.420665 8.605033 52.176030
14801 77.304793 5.500824 55.841278
321 81.092403 9.265943 50.178590
16564 81.237691 9.251837 50.120065
8710 42.443220 37.466942 41.273981
14873 41.892639 37.571020 41.445089
8313 46.765322 15.034209 61.568096
11202 76.670199 12.464563 49.187873
12409 80.976325 8.979147 50.523711
21368 42.240788 38.090556 40.750960
8709 41.904552 38.153237 40.856334
21378 42.510953 37.826641 40.880056
21553 42.421280 38.103120 40.648136
11382 75.711560 14.503332 47.626385
2218 80.803564 9.067681 50.521470
15116 78.454384 9.501355 51.261951
9118 72.291815 12.351970 51.489770
12980 47.554923 26.983810 49.211744
2171 37.539700 0.000000 43.978660
14794 36.765156 0.000000 43.902327
10795 47.144455 0.000000 60.886797
13583 46.984254 0.000000 60.403802
1006 45.590040 16.688253 60.500038
6083 46.311233 16.725598 60.102060
13535 45.637512 17.673733 59.489837
11619 91.124439 0.442691 53.994647
57 90.221041 0.611579 54.277289
21183 9.586569 14.394248 36.144816
16931 9.667150 14.515240 35.465214
8759 74.271508 11.444161 51.408641
8761 74.450321 11.255295 51.508289
5827 74.541747 11.338958 51.378830
189 74.042766 9.677782 53.291157
16426 43.384058 0.000000 75.993921
14236 44.148587 0.000000 75.539432
14936 43.905971 0.000000 76.468508
12626 70.608627 7.550155 57.137982
14319 6.511219 9.776604 67.595213
11368 82.561439 3.833065 54.882382
9239 82.891415 3.817410 54.733065
2717 82.587384 3.957655 54.744695
8826 85.259056 6.428197 50.935847
16392 14.656049 22.006079 40.979725
10139 14.161247 21.263134 41.503456
12543 8.753411 13.143260 57.027434
9338 33.332166 28.128067 26.032729
2188 33.587304 26.931590 25.761872
16334 21.449495 5.388863 83.881000
11287 22.958981 3.543334 84.973632
9679 75.882391 10.488653 51.559663
5371 37.746076 0.000000 27.581377
14893 38.279045 0.000000 28.509207
6293 83.990109 5.716911 52.282317
13168 43.599484 0.000000 61.878557
14766 6.948756 10.433568 32.067720
4447 7.151784 10.738414 31.939023
9259 72.753282 10.738619 52.874001
7919 43.456920 20.309469 28.491513
4506 43.129037 22.030082 28.900536
3653 44.162904 31.828575 46.058144
4844 43.620046 32.433033 45.724511
10636 60.993543 17.277958 36.250332
15891 76.211341 10.708342 51.175279
14476 34.618651 19.949342 62.721383
4968 16.101593 3.115944 88.830143
1840 16.929923 4.071734 87.459232
15897 20.941011 0.000000 30.551655
1786 19.916368 0.000000 31.730475
7240 20.095542 0.000000 28.040387
5642 43.213619 32.276743 46.084171
9667 9.794614 14.706627 58.850013
14057 43.685602 17.118324 27.543203
10490 43.016363 16.203776 26.904039
2904 59.383626 6.732683 63.568771
15068 84.726589 6.391329 51.238985
9756 85.068613 6.257709 51.201727
15511 84.848352 6.434309 51.135080
11982 88.787937 5.810371 49.789850
16485 88.404510 5.892639 49.899213
16484 89.038548 5.560697 49.914468
11452 19.389141 0.000000 54.679145
16549 19.615208 0.000000 52.184482
2466 5.246222 7.877210 29.232372
8551 5.163006 7.752261 31.069563
16119 3.356053 5.039119 78.124069
13253 3.741149 5.617340 76.643468
3262 3.527492 5.296534 75.766373
9796 78.675318 8.843802 51.809696
3926 78.498220 8.856058 51.885976
3482 78.738439 8.719557 51.902504
2797 80.448715 9.754374 50.011514
2795 80.630084 9.658354 50.016945
4682 35.322982 30.255244 27.736487
2131 26.488131 29.196049 57.530690
8356 77.878710 10.547409 50.502689
2881 9.017680 13.540060 58.799947
14403 9.261490 13.906141 58.662377
11995 77.492637 13.667498 47.572516
12607 77.427324 13.620242 47.652476
10470 77.677606 13.462908 47.684826
16597 62.166528 0.000000 64.135854
4437 63.049597 0.000000 63.227274
11900 64.548705 0.000000 43.125250
6193 64.445788 0.000000 40.916682
16855 65.185453 0.000000 41.739981
2773 74.486716 13.193075 49.550374
8590 74.490308 13.046539 49.695260
2423 79.674836 5.397995 54.759189
6147 1.944457 2.919604 59.537147
10642 77.805101 9.129855 51.958465
21095 77.763743 9.200634 51.908294
1400 77.673238 9.226507 51.927647
11827 79.976387 7.164147 52.840495
15676 6.609362 9.923967 38.843243
15595 6.786423 10.189824 37.864663
17189 81.764820 10.468914 48.638207
15363 81.586289 10.492605 48.703758
15554 81.912986 10.303914 48.729290
2882 8.762156 13.156390 58.916535
2880 8.863256 13.308192 59.823673
1882 28.599354 26.027744 22.966916
8965 28.034981 26.360579 22.795563
13493 8.863340 13.308319 24.582494
16031 9.140283 13.724149 24.129029
654 8.893425 13.353491 23.290506
2751 24.531996 22.670581 65.040750
12754 80.546128 9.046770 50.671120
13555 2.782120 4.177357 15.956823
12249 2.185906 3.282141 13.974235
3843 49.377394 0.000000 47.879991
9414 49.704943 0.000000 46.838155
23 34.132229 32.622705 50.278558
6169 78.735489 12.059388 48.560808
4911 39.461866 26.723985 28.630020
12567 39.195505 28.121657 28.962264
16029 25.759644 0.000000 45.845409
1926 81.066339 4.681581 54.780568
2033 20.151078 24.261937 18.154764
7531 39.256005 0.000000 60.078790
1215 38.899110 0.000000 60.776707
14966 45.462555 0.000000 47.562865
733 45.992272 0.000000 47.849069
11060 71.946896 16.286524 47.723742
12752 83.652679 9.962894 48.200803
17059 83.887621 9.883173 48.163133
10618 3.954317 5.937413 62.862813
11841 42.378275 0.000000 63.539344
1321 80.000000 0.000000 40.000000
20800 11.111111 0.000000 5.555556
13662 4.113521 6.176458 75.340587
5002 34.383864 8.299161 19.955553
16766 7.500399 11.261860 53.304775
12166 7.539492 11.320559 54.219475
1676 48.744859 0.000000 40.346949
16030 7.551746 11.338958 70.366642
14271 40.489291 0.000000 35.904622
15334 40.027586 0.000000 36.271821
1035 5.695308 8.551513 45.301093
11785 77.978383 0.000000 40.890626
15209 77.777778 0.000000 38.888889
11786 78.518519 0.000000 39.259259
3968 68.893200 2.530211 63.020659
6171 78.941084 12.009141 48.508308
4889 84.238806 7.602492 50.270502
17255 83.939816 7.759474 50.262859
6975 84.067740 7.613197 50.345320
9993 74.242615 16.026282 46.836384
11609 73.945442 16.164530 46.846585
16768 74.612294 17.426341 45.250086
14089 74.264286 17.680744 45.169432
17225 74.409044 17.459199 45.318819
7437 87.944023 0.000000 53.160388
6942 76.054546 0.000000 42.837919
9172 80.576568 10.031099 49.670586
2088 84.916444 3.041660 54.497077
20640 84.544347 3.044534 54.680248
4501 84.813735 2.869960 54.720303
20641 84.413060 2.976649 54.813844
2081 84.131279 3.142638 54.788579
12070 33.780964 0.000000 66.119495
12072 33.176824 0.000000 65.293365
15462 80.921545 10.515413 49.013299
6539 80.798397 10.665052 48.925084
1 12.459657 18.708193 52.651601
8200 12.058888 18.106438 52.714457
3324 81.532483 6.100808 53.126850
21394 81.532882 6.049205 53.178305
2859 77.929781 14.132841 46.888136
12972 39.509976 27.897053 52.320062
1233 39.382006 27.189434 53.092373
13285 82.380124 10.167114 48.632657
8728 82.406113 10.232532 48.554179
17144 72.942228 10.976109 52.541801
2871 77.508024 14.459434 46.772095
5068 25.221626 0.000000 47.594479
589 78.682842 9.273464 51.375842
1311 81.521735 9.962977 49.266193
1310 81.732861 9.873976 49.249720
16517 81.548496 10.017040 49.198695
13931 84.504427 5.061566 52.681159
7448 84.391399 5.246405 52.552650
6479 81.509207 0.000000 51.891217
6478 80.732324 0.000000 52.928631
6871 80.826299 0.000000 51.278825
4619 85.083601 0.341332 57.116526
4292 85.826267 0.373131 56.713362
5333 47.350360 15.082453 28.697637
14440 80.250123 10.680999 49.183258
12647 80.006641 10.816730 49.169133
12646 80.132693 10.676331 49.246646
6668 58.402417 28.229329 38.601575
11056 15.672264 12.736075 79.415057
5772 80.937630 12.247828 47.271109
12609 4.031743 6.053669 81.267990
1132 85.358926 2.618573 54.699346
16619 77.758197 10.568805 50.541528
759 75.129566 11.420290 51.003507
8964 74.982824 11.401891 51.095296
14862 61.110598 23.497248 45.923956
16967 61.463891 23.686186 45.558183
15369 45.609132 35.528254 34.635475
8359 53.333333 0.000000 26.666667
8050 41.815421 0.000000 76.824577
8049 40.963399 0.000000 77.233815
6731 51.278590 0.000000 36.192484
12710 51.769994 0.000000 34.985164
7706 75.095026 11.557497 50.883433
16010 75.302485 11.515042 50.822201
11749 37.219714 42.163709 32.650372
15944 36.478067 42.731363 32.468578
3427 73.283041 12.204951 51.141324
9312 73.360628 12.337778 50.969570
10524 76.284164 7.477591 54.372849
15502 75.972128 7.657262 54.349016
13447 76.009211 7.466934 54.520993
6648 46.029681 0.000000 27.334890
9485 45.331040 0.000000 28.232562
2316 44.961048 0.000000 27.347136
5431 16.679075 0.000000 43.586798
7124 34.309872 0.000000 52.592220
6289 35.153243 0.000000 52.065839
11639 40.112908 0.000000 66.431619
17130 12.232231 18.366713 46.908190
8673 75.936052 3.883931 58.144159
8920 77.030649 12.264045 49.208366
6331 78.615623 8.602218 52.081368
561 80.381229 13.840510 45.955035
6672 63.184649 16.382496 52.008797
10498 62.651948 17.233081 51.423712
6673 62.329905 16.756780 52.061510
12407 42.094528 6.418010 23.184461
9372 75.669696 7.842330 54.314980
9374 75.689727 7.661719 54.485756
7940 76.996522 10.620248 50.870871
14921 77.091341 10.648789 50.794892
2179 77.223837 7.663183 53.717235
2178 76.986499 7.664342 53.834744
4643 1.646627 2.472414 4.533459
20802 1.166493 1.751491 4.635323
16695 0.000000 0.000000 0.000000
1059 75.831552 15.928322 46.139974
14438 86.986920 7.568065 48.930907
14436 86.496291 7.784452 48.959618
14285 48.841223 0.000000 66.717380
11332 32.120199 28.268600 55.643032
14151 31.234899 28.706766 55.647078
7877 58.705440 0.000000 33.405341
13989 58.633009 0.000000 35.443839
15501 34.608878 24.236588 25.375223
2380 39.219895 42.186075 38.161791
2321 39.813660 41.292489 38.759389
996 39.760306 42.100380 37.977367
615 66.167821 1.121873 65.793094
613 66.845749 0.620514 65.955991
11140 5.081425 7.629768 62.626145
4886 5.248020 7.879910 61.272474
5084 74.425071 16.895170 45.875399
5083 74.455415 16.996344 45.758952
1426 79.173200 6.869941 53.536589
13009 60.971233 0.000000 49.819952
6887 8.519972 0.000000 27.231017
6888 7.817812 0.000000 22.258978
7678 30.350605 6.336443 78.481918
10872 41.232008 29.042569 50.312385
1152 41.260641 29.667711 49.672300
9392 40.907515 29.638871 49.877732
9820 73.384617 8.412635 54.886645
179 21.055458 0.000000 74.862521
11141 65.886070 22.160486 44.874318
14520 65.189490 22.570563 44.812122
10862 19.911318 29.896874 58.809906
14563 74.140867 9.379446 53.540741
4031 80.644783 13.219378 46.445011
15236 9.936685 14.919947 47.712721
14741 9.846459 14.784474 48.382588
3526 81.602513 6.288015 52.904441
5771 81.146781 12.002150 47.412457
5641 52.198245 4.950821 27.747746
5640 52.206567 2.128280 26.812001
10049 23.947075 0.000000 56.427604
10051 24.784721 0.000000 56.848930
11303 44.591112 0.000000 57.792411
11302 44.478257 0.000000 57.334180
14416 44.808982 0.000000 57.339317
2788 28.025620 42.080510 38.816983
8577 71.152288 1.402044 63.020410
776 82.612547 5.780278 52.907668
6759 82.926726 5.603250 52.927784
5885 79.361646 11.244224 49.063708
9606 79.619249 11.104187 49.075084
821 79.475629 11.260757 48.990168
7575 72.094734 15.458293 48.478881
16196 59.532085 29.881632 40.322444
6669 58.575789 31.052632 39.628421
16232 58.850873 30.337147 40.207079
10766 73.273097 10.377614 52.975460
7592 30.636546 0.000000 76.435767
3907 85.129122 6.043537 51.385858
9223 85.352229 5.847207 51.470832
3249 85.535097 5.886213 51.340352
9191 34.577739 0.000000 50.934797
9192 34.848116 0.000000 49.292680
9190 35.439464 0.000000 50.436937
7603 40.898481 36.140956 32.484179
2538 41.414332 35.410216 32.498768
4571 9.090147 13.648870 59.692354
6463 9.532320 14.312793 58.561127
16883 79.206255 9.585179 50.802108
1031 0.960623 0.000000 80.839867
17080 8.369972 12.567526 69.733593
13776 8.443566 12.678026 68.313272
12161 83.027299 9.845613 48.630892
4239 75.625336 15.557895 46.613879
9859 84.483509 8.549066 49.200630
9877 74.981545 15.452167 47.041608
16495 42.838763 0.000000 52.492896
10646 42.894570 0.000000 52.052646
6771 72.451688 18.462329 45.293365
2811 54.970194 16.223150 32.887406
13006 78.864389 10.212346 50.345248
1336 78.743854 10.251094 50.366728
16124 78.873077 10.153027 50.400281
6047 84.008308 5.405927 52.584513
6036 80.787697 9.569992 50.026589
2496 80.719204 9.554051 50.076793
15652 86.152084 4.690026 52.229242
4355 85.891644 4.635769 52.413773
1256 54.712526 2.624018 70.017095
15338 53.809178 2.859455 70.233097
14696 70.708609 10.170476 54.465049
12577 71.079499 10.245353 54.204652
6325 23.195942 28.192178 20.985966
11895 23.938058 25.901120 20.594102
5966 8.861364 13.305351 49.343511
10114 8.777638 13.179637 48.721427
11275 77.522919 13.476031 47.749033
10452 84.378332 1.888372 55.920573
10453 85.065286 1.762901 55.702693
8191 75.629657 8.187326 53.989658
2339 38.813592 29.912352 50.650940
2091 39.202092 29.957397 50.411600
2338 38.723610 30.575142 50.032478
12220 8.777746 13.179798 67.049309
7554 9.151280 13.740660 66.105189
9549 8.763673 13.158668 33.918144
10511 95.085263 3.684211 48.769474
21672 94.587429 1.944923 47.941374
10512 94.383158 4.210526 48.593684
2610 79.434172 8.876447 51.397591
2608 79.307899 8.887945 51.449217
2609 79.511857 8.776264 51.459031
14859 82.899735 4.589239 53.956304
12202 54.205181 15.085825 57.796499
6585 53.335358 15.789711 57.526820
10576 53.615417 14.867278 58.310147
9448 48.865454 0.000000 57.038195
6849 53.296823 29.279805 44.042503
6848 53.236646 28.621734 44.731321
12615 72.863223 14.630310 48.923448
13204 73.135701 14.416844 49.000889
12723 73.070067 14.576843 48.873546
9582 77.634168 9.475868 51.697572
4553 43.163200 0.000000 51.832598
1692 19.633672 29.479988 49.283897
6670 20.169780 30.284955 49.021871
10231 49.469592 0.000000 44.528383
20907 49.262957 0.000000 45.186660
4094 9.095318 9.183631 86.259526
4092 8.457143 12.698413 83.060317
4388 60.015766 0.000000 39.974439
3099 34.550893 44.321526 32.034515
21369 34.353604 45.071162 32.185499
21362 34.907940 45.102399 32.473069
6035 30.986229 32.553533 26.333441
3469 31.201994 33.298981 26.689558
3529 67.176357 19.414322 46.978086
12952 39.171143 30.711405 49.672312
9300 56.132719 0.000000 65.069292
5223 45.134541 32.432721 44.967575
16716 44.946295 32.055590 45.439207
11866 67.727177 21.577497 44.537337
2649 33.725326 0.000000 26.349424
5515 78.706462 10.072971 50.563725
12588 78.866208 10.023871 50.533001
1590 79.625460 10.349081 49.827840
5720 79.674690 10.387311 49.764956
5719 79.522973 10.447311 49.780755
10351 45.660702 30.880549 46.258219
1861 45.418294 31.666342 45.592844
15217 45.097897 31.406332 46.013313
16518 19.261809 0.000000 49.843393
17030 18.779993 0.000000 52.380852
9406 18.137152 0.000000 70.870291
11699 12.002470 18.021727 23.756372
1536 8.731462 13.110304 75.830452
1538 9.095700 13.657208 74.456293
16143 68.530872 0.788088 64.945688
3174 68.008521 1.375965 64.618399
3175 67.703665 0.694338 65.453135
3821 49.358132 11.681670 28.569062
6118 56.593054 0.000000 37.894420
16503 57.549722 0.000000 36.730536
5348 5.799730 8.708303 27.296096
1533 5.525257 8.296182 27.257197
11268 5.676806 8.523732 28.398481
7384 75.088508 6.858764 55.590123
10389 75.196041 6.642777 55.752560
7385 75.453408 6.709975 55.556611
775 82.325470 5.837973 52.993454
9375 3.052998 4.584081 23.907145
10929 2.901553 4.356686 26.275111
7990 87.149433 8.949086 47.467248
17322 86.628060 9.312941 47.363716
9107 30.434392 0.000000 62.728390
13351 40.381320 0.000000 32.959525
16391 37.780911 40.463762 40.605319
12482 76.206875 12.447242 49.436873
5867 27.045756 0.000000 24.125527
7782 26.935924 0.000000 21.942837
3695 27.848549 0.000000 23.855305
5905 49.691181 0.000000 50.886993
3771 49.399437 0.000000 51.567570
6612 49.213522 0.000000 50.899405
15887 57.701526 28.679882 38.401164
5336 81.471520 9.919254 49.335067
7541 17.072161 25.633875 34.933330
3810 50.685640 0.000000 64.906297
11875 51.434738 0.000000 64.345198
10995 51.409171 0.000000 65.427253
10196 10.743799 0.000000 40.985816
3941 10.641257 0.000000 44.588978
10197 9.872456 0.000000 42.454566
21396 77.135117 6.465737 54.960239
11607 82.094433 0.000000 54.254717
5523 29.793351 30.737894 25.132394
5419 29.677267 31.782115 25.422078
21258 84.812953 9.395142 48.188986
21262 84.794561 9.463992 48.129263
10503 34.010363 0.000000 73.219744
8539 78.437671 11.649372 49.120143
6616 78.344180 11.794938 49.021177
7728 78.284474 11.658502 49.187603
4881 69.650835 15.070707 50.088805
8874 69.747202 15.210338 49.900851
21577 80.649769 13.001730 46.660383
21585 80.506740 13.133678 46.599818
12606 20.819800 0.000000 48.024785
810 29.460840 21.004381 21.724879
809 30.193836 20.814779 22.028239
1095 61.294641 26.287867 43.038525
1094 61.588211 26.513371 42.666011
16080 78.888737 10.830022 49.714780
11984 26.367422 35.945057 50.835287
11261 25.875944 37.065176 49.959787
16365 35.801557 0.000000 34.005754
617 3.738045 5.612680 81.031721
618 3.473191 5.215002 80.835322
1885 75.034611 9.723302 52.749669
1887 74.752897 9.830724 52.782996
5761 79.429582 8.561463 51.715184
3581 75.199730 14.902745 47.482488
1352 82.271437 5.748990 53.109543
17313 55.028255 7.882327 30.138942
682 55.480097 5.647482 29.620660
8178 80.553257 6.502282 53.214587
5781 80.396818 6.611944 53.183035
13556 83.249577 3.351461 55.020399
7350 83.674893 3.334332 54.824887
14276 85.252066 9.519713 47.844735
13106 39.939957 0.000000 63.168136
15931 75.588072 17.172436 45.016355
8451 41.719762 0.000000 59.965927
8452 41.459741 0.000000 60.591604
8450 41.297076 0.000000 59.970746
16234 68.930331 0.000000 36.115476
1131 68.264633 0.000000 35.651611
3030 66.374607 24.460838 42.327398
11784 79.122170 14.034545 46.390335
12341 85.786747 9.035144 48.062448
11498 27.044847 14.430071 72.033075
15542 27.901212 14.833406 71.201154
2779 66.275455 20.137364 46.704772
3211 65.895571 20.664392 46.367158
12117 84.781185 9.909639 47.689859
10069 81.899360 7.819348 51.223152
233 14.494711 21.763831 33.188682
234 13.997134 21.016718 32.356134
232 13.918274 20.898310 34.425621
12599 29.394709 0.000000 40.249349
16169 29.074502 0.000000 42.472702
9268 28.330269 0.000000 40.524810
14062 1.054698 1.583631 92.789258
21005 1.002357 1.505041 94.826924
13993 62.789517 0.000000 50.047608
5853 68.870014 18.643190 46.903159
5854 69.225630 18.399016 46.969770
12291 68.981563 18.738985 46.751495
14813 54.166210 0.000000 70.823302
15692 53.146819 0.000000 70.333987
7456 53.970365 0.000000 69.577362
3664 27.183990 19.882080 20.212728
3732 12.804747 19.226347 72.366175
3734 12.930900 19.415765 70.088260
12112 83.718959 6.685316 51.448519
1133 85.778213 2.653089 54.455151
2426 28.099717 0.000000 20.576178
7072 27.273744 0.000000 20.351442
2425 27.945232 0.000000 22.107231
15643 85.290709 7.321310 50.026015
13022 63.667418 21.987218 46.157085
13021 63.536970 21.497016 46.713001
17152 29.254212 30.178531 24.676557
11648 28.741678 29.542875 24.208617
6840 16.052704 0.000000 77.656196
4065 12.685714 19.047619 74.590476
4066 13.214286 19.841270 73.531746
6520 81.834026 10.042692 49.030252
12280 81.674893 10.069709 49.082775
12170 81.920707 9.919769 49.109958
13543 80.046166 9.800090 50.167027
5722 79.842009 9.879961 50.189155
10643 77.970583 9.006229 51.999474
15172 77.962791 9.089439 51.920076
12518 79.923071 6.736765 53.294962
8010 79.907136 6.639495 53.400298
2366 4.889850 7.342118 34.500888
17216 47.144831 0.000000 40.923187
11169 89.512951 4.642831 50.596050
9087 80.553629 7.514965 52.200706
9089 80.821647 7.430092 52.151654
4765 80.371422 7.266358 52.540664
4766 80.545648 7.121160 52.598895
4764 80.619321 7.193166 52.489981
4396 48.835942 34.809528 40.737691
4397 49.261454 33.832934 41.502506
11456 68.406148 23.349652 42.423925
8837 67.703158 24.210526 41.913684
7861 42.732907 12.447476 25.511463
8819 43.702704 12.020831 25.854289
5006 50.353868 29.856309 44.936901
1563 55.285107 5.276880 67.075290
10998 54.723564 4.431034 68.202753
5882 70.818249 18.077573 46.495225
7499 35.144841 23.930145 58.473504
1587 77.808565 5.900616 55.189201
779 79.608826 5.776071 54.413740
10299 79.402739 5.879640 54.413111
10252 45.864753 7.967923 25.585695
13402 46.676168 7.309839 25.772260
17019 62.140529 24.027814 44.877894
5558 7.882786 11.836016 45.252802
488 82.166689 9.290317 49.617048
116 78.984625 9.787707 50.710193
2198 89.042876 6.943961 48.527657
9065 89.597976 6.695486 48.498831
598 79.222229 5.773074 54.610039
8935 79.004216 5.889588 54.602414
12637 6.871429 10.317460 86.236508
10169 8.982881 5.026080 90.477454
5418 67.371423 10.512113 55.791663
187 68.096928 10.597560 55.343378
11468 67.197614 11.214270 55.175709
9097 78.862807 12.643176 47.912778
4372 85.103004 4.471108 52.972919
4374 84.935849 4.363196 53.164516
21144 74.960748 10.087684 52.421855
7835 66.650449 0.000000 38.933813
6 79.983538 7.599299 52.401333
2098 79.936681 6.328884 53.696447
9276 63.296425 20.368988 47.962431
8791 87.920582 6.889239 49.143581
8790 88.564651 6.557268 49.153849
3216 88.087659 6.924572 49.024674
11563 28.631271 35.395939 50.253030
13484 12.705741 19.077689 43.033821
15984 12.382503 18.592347 43.158440
6787 81.506099 4.009951 55.232989
8708 87.798214 6.213761 49.880918
15256 88.151116 6.149323 49.768970
2912 81.721348 8.560295 50.570471
7469 79.892709 5.253538 54.794854
12960 2.531519 0.000000 35.630299
960 37.522501 41.203727 32.482092
4463 78.987240 6.002523 54.497854
4464 79.206063 5.885352 54.505731
17308 10.449838 9.037328 85.728716
4430 10.470403 11.313998 83.439486
16170 8.985714 13.492063 82.001587
13287 64.760865 6.732673 60.880162
1615 64.828017 5.874509 61.705608
7067 65.659535 6.133881 61.030218
2558 57.730684 0.000000 46.019445
2557 57.711916 0.000000 47.646007
13126 57.149025 0.000000 47.010944
14784 8.015460 12.035225 25.178649
3991 80.648954 8.093911 51.573518
4070 80.449176 8.192232 51.574987
7272 7.468798 11.214412 55.524866
16199 7.623677 11.446962 56.179948
5861 78.597451 10.967050 49.723258
1584 78.373557 11.114353 49.687754
214 78.130448 11.522084 49.401170
5321 31.426518 15.931268 68.339542
5323 32.366651 14.595361 69.206718
7085 32.298123 16.173244 67.661522
1334 42.125498 0.000000 50.762824
9094 42.159063 0.000000 51.318153
11385 84.288497 11.589744 46.254418
13624 80.428098 6.045050 53.734856
5697 73.793364 10.610214 52.482494
5696 73.536977 10.846787 52.373878
14202 73.487545 10.711577 52.533939
14214 53.562257 0.000000 39.819907
17084 53.007435 0.000000 41.134550
5205 83.324089 9.350639 48.977966
3043 8.930732 13.409508 55.691446
16272 36.482912 35.816431 45.906296
14721 36.918719 35.872194 45.632574
9774 73.182924 7.575202 55.825760
16270 72.827831 7.822052 55.756211
3308 42.900880 0.000000 75.525452
16788 42.611956 0.000000 76.419502
4141 71.394476 16.250919 48.035592
13216 45.566193 0.000000 64.209936
13215 45.725774 0.000000 63.454576
7891 58.032989 0.000000 42.139242
7889 57.512451 0.000000 40.953279
7890 58.412865 0.000000 40.315286
1088 47.582081 38.618109 37.552232
8231 84.437137 9.466136 48.305829
2790 43.324931 36.241249 42.060044
1421 43.101055 35.915579 42.497978
12983 62.370767 19.810732 48.984073
10567 78.793018 6.002050 54.595439
10549 8.688300 13.045496 65.786161
7553 8.938964 13.421868 65.656232
12054 8.903561 13.368710 64.645434
6926 76.552697 11.310383 50.401958
13524 76.754524 11.200608 50.410930
6927 76.667125 11.324781 50.330331
12069 84.360526 8.223864 49.587649
8096 84.378600 8.119498 49.683083
9264 77.532583 8.346142 52.879220
15465 75.174241 17.601721 44.793557
12126 75.712921 17.241010 44.885288
10319 74.309431 0.000000 44.772281
8878 74.837503 0.000000 46.038988
6598 36.517489 20.102261 24.952797
3207 35.951257 19.274500 24.394037
10741 81.761663 11.975384 47.131809
11451 26.035416 28.570787 58.382934
7206 37.229285 11.912775 22.581596
8250 50.703282 24.637093 49.986629
21433 81.998455 9.442585 49.548745
6593 89.136484 7.904483 47.519370
4957 10.226960 15.355795 39.412136
8716 78.802298 5.895263 54.697693
3693 3.638994 5.463955 57.028866
13259 3.720862 5.586880 54.603554
13778 6.368031 9.561608 77.005682
16910 81.498101 9.229114 50.012607
16565 81.358298 9.251387 50.060212
4186 81.183734 9.618608 49.779907
13293 5.335886 8.011841 26.002020
1534 5.252158 7.886123 27.462262
478 79.723481 5.514536 54.618209
6527 18.242244 0.000000 65.126102
9971 26.831603 16.461753 70.105983
13785 27.767622 16.730170 69.369289
9030 79.805811 4.407159 55.685529
6398 80.106477 4.429757 55.512575
12188 42.199183 3.460935 22.252083
5500 41.137059 3.976898 21.892836
12406 41.633890 5.224586 22.556732
3846 51.516084 0.000000 54.319228
10626 50.954827 0.000000 53.978929
2432 70.840257 15.584968 48.979318
11655 69.224033 22.582186 42.783215
8355 41.103831 21.603755 27.745966
15933 40.847354 23.043448 28.097145
12566 41.524122 22.494092 28.252594
801 80.080576 9.849558 50.100304
800 80.248189 9.787117 50.079002
11571 80.109784 9.898692 50.036518
8256 78.842329 9.829227 50.739780
115 78.850562 9.892042 50.672785
9144 7.618926 11.439829 72.233110
2835 7.888431 11.844491 71.821219
13660 60.439840 6.531248 63.242301
8991 17.658842 0.000000 28.272132
10700 17.322237 0.000000 31.862952
11390 1.674592 2.514402 91.367825
3884 1.963712 2.948517 92.127274
535 81.619226 3.921275 55.265191
680 81.664705 3.905770 55.257971
6630 81.644447 3.931018 55.242828
3697 77.435007 0.000000 59.668674
7598 77.031005 0.000000 58.455669
1811 77.871165 0.000000 57.657934
11472 33.047102 0.000000 42.754310
11473 33.888452 0.000000 42.644909
11474 33.533388 0.000000 44.117460
6522 77.792876 10.031432 51.062099
4116 64.814316 0.787064 66.804991
4820 80.718896 8.931341 50.700280
12565 41.785730 21.506189 28.054426
4459 76.332721 8.902714 52.922023
14754 20.256766 30.415564 33.188387
1431 21.012077 9.063779 80.421118
1433 21.845727 9.028087 80.040021
945 21.186823 10.877398 78.518313
1592 8.749106 13.136796 31.354760
1594 8.581035 12.884437 30.972648
16542 8.592126 12.901090 31.833225
9749 94.901915 1.350356 51.197336
4210 95.401277 0.954150 51.344257
14965 7.649490 11.485721 20.506197
8105 10.274609 15.427341 15.777355
16162 70.870507 19.866631 44.678248
9246 71.054325 19.530832 44.922474
17128 71.312669 19.484558 44.839623
15590 36.358807 0.000000 45.089733
12502 35.603952 0.000000 45.132387
14886 35.980786 0.000000 43.868038
7409 83.031134 10.640203 47.833590
6378 42.175877 0.000000 75.927049
6379 41.405795 0.000000 76.258661
3335 70.355664 16.057665 48.748445
3336 70.565180 16.101669 48.599639
2681 36.044110 27.739060 27.259162
7061 36.673906 26.483638 27.156004
10201 32.629090 0.000000 79.071415
3873 9.321016 13.995520 54.053421
3871 9.474493 14.225966 54.392027
3872 9.490930 14.250645 53.424179
10708 82.551647 8.737433 49.978006
6913 37.749178 0.000000 56.017284
6914 37.277390 0.000000 56.420353
6915 37.288260 0.000000 55.521752
8614 82.750352 9.427819 49.187577
9814 29.479542 0.000000 31.161423
6780 2.222222 0.000000 1.111111
6781 2.962963 0.000000 1.481481
10397 33.841039 48.526353 33.079795
10657 35.849850 42.273088 39.759714
10658 36.246256 41.433336 40.402103
5695 36.347305 42.040976 39.743331
8634 58.196948 23.798593 47.079135
13488 7.022567 10.544395 57.605417
13489 7.104585 10.667545 58.202600
13095 7.187331 10.791789 57.190155
14300 76.596152 8.789173 52.903962
14299 76.468786 8.941408 52.815258
5584 4.356393 6.541131 52.608449
11914 5.010546 7.523342 26.075921
3595 36.041380 35.731321 46.212257
4098 35.563359 36.465193 45.716662
14914 35.108478 12.406661 70.026693
14097 39.162042 32.592391 47.793995
12209 39.293355 32.089358 48.231875
12208 39.599167 32.331712 47.836372
9968 82.988992 6.242358 52.256904
3773 48.932728 0.000000 51.603637
2784 74.224387 14.393454 48.479959
4075 74.031172 14.474092 48.495848
10463 67.628372 22.509089 43.654216
577 9.118168 13.690944 63.520594
7552 9.173935 13.774678 64.695067
6157 9.412587 14.133014 63.413237
9117 77.496454 8.253098 52.990422
6535 92.825452 0.854907 52.731512
10569 93.429131 0.556016 52.728863
6533 94.146424 0.620929 52.305238
9140 42.340948 0.000000 74.523558
6218 42.115525 0.000000 73.761585
3461 42.894875 0.000000 73.638755
13887 78.914362 10.875493 49.656451
14102 79.039666 10.757525 49.711885
10684 40.249031 30.715887 49.128882
16870 39.678193 30.753627 49.376523
14531 40.166078 30.000751 49.886209
7905 33.732732 28.394526 54.710713
7292 52.734458 6.471532 67.154768
13066 48.200409 33.724252 42.141819
13046 47.615366 34.100527 42.057690
6053 47.786989 33.268438 42.804799
8048 60.851692 2.264180 67.307710
16160 73.263881 1.222251 62.144586
13161 31.828540 33.719731 27.142940
10118 32.130093 0.000000 67.939497
6990 80.069275 5.581581 54.378199
7361 80.319922 5.492114 54.342433
7362 80.200641 5.608346 54.285725
4112 65.918069 23.373504 43.644089
7709 70.298849 3.804123 61.042648
7708 69.579164 4.028339 61.178051
7584 76.876597 8.685633 52.867383
9000 32.534129 32.458677 27.075804
5743 68.175984 19.855958 46.036194
10050 24.533824 0.000000 54.650039
1382 81.366693 11.962927 47.341764
11294 25.413117 36.448376 50.808617
1289 7.278041 10.927990 41.890664
9031 7.298669 10.958963 40.930339
11239 7.126871 10.701007 41.188718
9053 41.402732 0.000000 48.740881
5734 41.902656 0.000000 48.645238
9452 6.731690 10.107642 26.071288
7194 70.627745 3.315028 61.367785
4407 75.085105 13.158245 49.286045
4408 74.948786 13.337523 49.174747
4409 74.817151 13.308213 49.269904
3989 80.558867 8.053827 51.658685
6581 80.564114 7.950018 51.759975
14272 80.782969 7.896418 51.704201
9298 69.689399 0.000000 49.105382
3459 42.636638 0.000000 72.828220
3460 43.494404 0.000000 72.630879
14603 6.214811 0.000000 69.596377
5285 9.323414 13.999120 40.672857
14474 82.903149 8.463630 50.076332
4343 9.980366 14.985534 36.405779
3640 9.880413 14.835455 35.648671
4342 9.786347 14.694215 36.438798
13668 75.591099 13.570729 48.620151
2306 75.244724 13.783351 48.580503
4678 84.637824 2.716968 54.961403
1461 75.793607 11.750122 50.341324
4865 76.014815 11.643719 50.337230
17162 41.025579 0.000000 36.464611
2368 40.914414 0.000000 37.505188
254 77.292919 14.476516 46.862548
8896 77.673779 8.112337 53.042661
16538 89.213025 0.193628 55.199666
12080 88.806689 0.108522 55.488025
3998 36.564331 24.307587 57.385940
14503 36.653286 23.127657 58.522573
16006 40.964519 0.000000 72.386726
11149 70.906149 18.794302 45.733829
13164 8.254770 12.394549 51.661440
13371 31.300143 36.297479 48.016152
3152 31.948211 35.093139 48.897662
12670 80.792715 9.957538 49.636147
8267 80.989269 9.887223 49.608256
10788 25.127794 28.460077 22.041102
11686 25.102304 29.372870 22.332318
11469 25.762171 28.742558 22.452357
15461 80.174093 10.525573 49.376855
7787 80.338415 10.450196 49.370146
7789 80.247752 10.549133 49.316442
7623 9.820209 14.745058 42.087493
5971 83.000574 8.249365 50.242099
7246 83.174440 8.077073 50.327630
10429 22.630600 0.000000 68.251194
7400 23.498291 0.000000 67.121344
4951 80.624849 8.442571 51.236561
4953 80.782562 8.301841 51.298576
16681 24.767527 3.404537 84.208295
15794 31.456362 28.526394 25.227470
16483 30.960585 27.917351 24.776770
16165 30.739834 29.065475 25.048720
4389 60.078082 0.000000 41.958713
12059 73.563406 15.348954 47.853994
17097 73.335863 15.538682 47.777848
12060 73.379527 15.374038 47.920824
11858 85.255789 11.052632 46.308421
14345 79.317794 11.034044 49.296024
1844 80.819484 6.546619 53.037092
17018 74.119651 0.000000 50.591540
11450 25.166438 28.760452 58.627568
5306 24.005105 29.048492 58.919907
15980 95.389782 0.496514 51.808098
14619 8.185817 12.291017 69.205725
3401 78.577166 9.974029 50.727414
15534 78.491107 9.970952 50.773523
12141 78.680745 9.870137 50.779620
4603 53.379601 0.000000 49.285055
2614 52.813354 0.000000 48.666535
2711 14.785358 22.200237 64.402124
10705 20.657295 31.016960 49.105781
10704 20.564403 30.877482 47.290415
12047 8.932157 13.411647 60.653686
13313 80.881959 7.506055 52.045460
16478 50.490563 0.000000 54.616676
10954 73.927044 17.158813 45.860506
8372 77.482544 7.866306 53.384555
8989 77.183692 7.963775 53.436416
15253 80.422715 10.170548 49.607924
9817 80.456455 10.218983 49.542570
15924 80.273896 10.294632 49.558126
10573 73.714150 6.762262 56.373901
10571 73.258729 7.000168 56.363468
5609 75.322979 11.391238 50.935881
13703 22.891903 0.000000 75.189751
16982 23.541003 0.000000 76.504559
4431 11.512956 8.039578 86.195904
4432 11.592953 10.151437 84.041935
4497 42.088373 0.000000 31.289916
6374 41.532404 0.000000 31.994854
10311 33.574223 0.000000 20.407154
12517 78.799730 10.352418 50.237364
4738 82.086555 8.995486 49.952240
10529 81.867997 9.054716 50.002231
8426 74.385787 13.691578 49.101836
17001 41.252734 30.207557 30.685483
9789 24.861800 0.000000 51.091099
4602 8.259693 12.401942 61.741555
8199 8.530219 12.808137 61.414424
12319 90.256786 5.001897 49.864708
8875 29.717210 0.000000 63.600295
9106 30.513420 0.000000 64.572093
20703 77.560558 11.113778 50.094829
20704 77.428663 11.173096 50.101400
8370 80.758232 9.319159 50.292406
319 80.919983 9.296676 50.234036
9409 80.298301 7.608492 52.234749
12082 18.440709 27.688752 35.789283
17239 53.463426 0.000000 47.999722
2457 37.578664 31.761075 49.417832
5483 25.502443 3.902545 14.050769
2762 11.111859 16.684473 28.520923
2760 10.799594 16.215606 27.796594
2761 10.807139 16.226935 29.294026
14530 61.222415 13.836817 55.538138
14932 60.066854 14.665886 55.286021
1697 55.598936 0.000000 62.829521
658 92.462543 2.460986 51.305282
660 92.310622 2.322689 51.519677
7600 93.781489 1.952528 51.154775
13952 34.165786 42.144605 40.730358
1627 45.433534 26.896611 50.359725
15008 45.886272 26.080608 50.950175
15973 46.060636 26.698709 50.244275
292 89.166667 0.000000 55.416667
10022 40.604778 0.000000 74.057126
11341 40.452731 0.000000 73.238941
9454 6.627398 9.951047 27.059105
4314 39.775546 0.000000 26.970045
14597 9.205048 13.821393 56.255132
20673 9.157168 13.749501 55.733651
20674 9.235594 13.867259 55.811721
6158 9.612046 14.432502 61.997109
6156 9.313495 13.984227 62.318065
21097 73.653280 10.551701 52.611107
906 73.789112 10.428339 52.666677
21099 73.833431 10.488216 52.584580
5997 78.226181 8.211784 52.666914
10620 7.454128 11.192385 23.606343
7074 87.297374 5.382871 50.963059
11293 87.787101 5.251595 50.849603
11625 87.268806 5.537639 50.822420
2231 19.581544 29.401718 52.630229
2229 19.030807 28.574785 53.228060
2230 19.274088 28.940072 54.601173
16808 25.761502 0.000000 16.375998
13041 26.467693 0.000000 16.018177
16448 36.782945 0.000000 29.072872
16450 36.117244 0.000000 28.507838
16834 36.657138 0.000000 28.100397
4856 77.818636 4.844598 56.241239
2976 77.456121 4.761006 56.506172
7008 79.367737 10.216236 50.089679
1551 48.285484 0.000000 43.198747
2961 48.883892 0.000000 42.412876
7133 37.951980 38.463747 42.521799
3215 37.499429 39.029321 42.181935
20775 78.008828 10.951347 50.033288
575 86.780851 9.630907 46.969037
5776 82.387000 7.004572 51.794924
446 82.498584 6.871797 51.872039
12885 82.655546 6.900176 51.765151
14564 74.239456 9.468555 53.402248
12479 83.323865 11.956158 46.369953
3210 83.147210 8.737212 49.680446
13220 82.945049 8.906960 49.611609
11720 79.114782 7.408796 53.026404
11718 79.322443 7.375839 52.955564
11719 79.121585 7.506461 52.925240
2037 8.849154 13.287018 37.762613
2036 8.904038 13.369426 36.953761
15780 8.715803 13.086791 37.231371
6561 79.461131 8.931084 51.329420
3895 79.607589 8.806715 51.380684
10811 20.206859 30.340629 43.449592
2275 20.519641 30.810272 41.312780
8932 10.716111 16.090257 42.619293
7698 73.414157 9.890906 53.392124
2699 73.096623 10.007478 53.434203
14501 19.869436 29.833987 53.974060
4617 84.658072 0.196682 57.474085
4618 85.438340 0.179693 57.100958
9371 85.064962 9.982110 47.475427
11711 76.743650 7.663753 53.956758
10942 76.701901 7.828819 53.812402
13207 76.454409 7.831016 53.933948
12449 75.839128 4.714986 57.360735
12417 75.406732 4.628353 57.663653
9712 47.944147 0.000000 52.859022
14655 43.447781 0.000000 71.101941
10282 44.059485 0.000000 70.629979
14465 46.180146 14.248291 62.647388
1376 59.602035 18.485594 51.694903
1115 79.120915 0.551262 59.887730
5085 78.596150 0.632824 60.068468
10268 78.795270 0.324135 60.277906
3750 75.765259 11.061909 51.044400
16685 4.107194 6.166958 78.045501
8099 83.135007 3.023689 55.405784
4236 8.102935 12.166570 55.887302
16200 7.901878 11.864682 55.672675
8803 52.249884 0.000000 33.640712
16423 23.358197 0.000000 83.636417
5937 88.912364 5.992700 49.545126
2271 79.110675 10.181838 50.252642
2272 79.092327 10.252352 50.191232
951 38.941304 28.063581 52.437704
949 39.080214 28.669438 51.761786
13804 77.903141 12.634052 48.401744
131 79.619076 9.999899 50.180562
16043 81.391980 9.891414 49.402705
10566 82.839413 4.043862 54.532387
10565 82.949614 4.094555 54.426543
14407 47.204663 8.870467 26.556197
8162 11.847750 17.789414 59.580501
7984 12.290172 18.453712 60.012894
15392 82.473578 4.281272 54.477658
4268 82.766723 4.225665 54.386748
905 73.886414 10.276729 52.769788
907 73.551912 10.460512 52.753072
5394 73.702340 10.233499 52.905098
9267 23.822636 0.000000 49.014725
111 22.879339 0.000000 48.855421
11611 73.947122 16.015949 46.994474
4921 82.269559 4.420522 54.440277
4267 82.569241 4.362104 54.348913
5649 40.883316 9.427422 23.580990
16814 41.120897 10.619492 24.096739
653 8.932974 13.412875 21.827404
12197 8.624710 12.950015 22.506284
5567 49.011894 20.940149 31.479016
4597 50.019127 21.705796 32.237593
10830 87.939357 0.000000 48.522056
2948 87.819359 0.000000 46.978451
8263 84.642194 8.133387 49.537382
7155 73.562361 12.567799 50.638453
13934 73.998711 12.084611 50.903948
13921 79.576701 0.000000 51.731703
11306 80.100736 0.000000 52.300768
5340 79.362355 0.000000 53.191603
12494 52.778834 12.388785 61.209409
10491 51.760668 12.675250 61.431741
6266 52.413897 11.424653 62.356974
5946 78.044470 11.458532 49.507775
9314 80.435121 4.062049 55.716329
13855 1.781531 0.000000 51.409171
15574 35.102617 0.000000 81.942921
16888 77.278557 6.831849 54.522041
13047 47.124597 34.694969 41.708037
7832 47.269758 34.021988 42.309111
4325 12.728548 19.111934 58.296435
14335 12.262753 18.412542 57.968522
7010 79.545588 10.103531 50.113571
15962 46.175871 27.425670 49.458968
15405 86.513394 7.895542 48.839866
5909 86.537656 7.981841 48.741350
20928 86.249757 8.112579 48.754430
723 16.445481 24.692914 31.505614
507 42.695426 0.000000 65.938156
509 43.219449 0.000000 66.157087
5052 42.635427 0.000000 66.883393
573 86.124960 10.052505 46.874963
21319 25.207069 14.023231 17.273270
21307 24.061541 14.841074 16.972848
3760 47.634538 0.000000 58.134837
4161 47.672224 0.000000 57.414172
7879 48.029914 0.000000 57.796084
16535 30.239038 28.484968 24.605014
14390 52.076025 0.000000 49.181489
16853 52.024257 0.000000 50.545810
12270 51.416876 0.000000 50.075191
310 50.721887 15.121538 59.502397
4059 5.009820 7.522253 76.924083
4060 5.336041 8.012074 75.877744
4061 5.142862 7.722015 75.304245
10901 25.086838 0.000000 52.942673
4799 25.493605 0.000000 51.499955
11132 78.190767 11.271585 49.621760
6189 71.206264 16.257348 48.123263
11972 70.974880 16.358141 48.138060
21674 84.796923 5.784656 44.324752
8902 7.085133 10.638338 68.535185
6770 12.755652 0.000000 82.662681
5856 6.954475 10.442154 26.179393
12711 49.762265 14.995974 60.107898
14535 50.123633 15.354523 59.568306
8129 26.550000 39.864865 26.550000
1388 7.142239 10.724083 66.303627
5740 77.677058 15.055367 46.091048
8390 77.850076 14.844295 46.215822
14158 32.857499 0.000000 36.294145
3197 33.478479 0.000000 35.739004
5477 33.537938 0.000000 37.027704
17111 84.275973 11.707830 46.142475
13961 76.169005 9.862508 52.043127
914 40.295253 19.452571 60.380349
14680 39.648391 19.331310 60.825164
11528 43.328653 0.000000 62.467749
9912 10.502479 15.769488 57.555537
1527 9.145151 13.731458 40.842140
10006 79.118912 11.142717 49.286684
641 17.724093 26.612752 56.254562
15966 17.481882 26.249072 55.002213
11869 17.242939 25.890299 57.043804
8512 20.069646 30.134604 24.801288
6564 27.737005 31.325614 24.299932
13395 75.869189 12.958472 49.093975
13550 57.678247 29.857647 41.273372
6608 12.633617 18.969395 27.769197
21308 12.597865 18.915713 26.310520
21309 12.385129 18.596289 27.137524
9880 19.257127 28.914606 45.813217
15419 19.436796 29.184378 47.582748
1419 42.858293 35.605744 42.929503
9365 42.292801 36.168861 42.648570
1526 9.050308 13.589051 41.669567
3126 6.635592 9.963352 21.165370
1049 6.478418 9.727355 20.238096
2936 95.201589 0.000000 48.782953
2935 96.023050 0.000000 49.431882
10055 75.833333 0.000000 62.083333
2397 2.262536 3.397202 25.952487
8611 1.921942 2.885799 23.508601
12273 6.966486 10.460189 17.474780
95 7.261969 10.903857 16.216823
94 6.855378 10.293360 15.713039
14788 63.479480 0.000000 40.885652
5582 90.370370 0.000000 45.185185
5581 91.111111 0.000000 45.555556
14452 90.198908 0.000000 46.245455
8773 27.197809 30.123884 23.630158
1757 11.763348 17.662684 68.924624
4005 11.548896 17.340685 70.958563
9455 12.055780 18.101771 70.101290
5873 70.378231 14.788849 50.007247
17311 70.276615 14.664764 50.182264
3449 73.538061 11.955118 51.263896
3450 73.604430 12.088923 51.096773
9311 73.685591 12.210585 50.934409
15423 44.924891 0.000000 60.416137
15422 45.113708 0.000000 60.817443
11111 76.760867 11.410518 50.197638
13654 76.770505 11.330750 50.272667
934 74.724211 18.947368 43.671579
14831 25.438581 38.196067 37.801884
6052 47.071833 33.608119 42.822357
4962 47.463686 32.642218 43.593297
3023 78.414379 10.139879 50.642792
9726 70.385928 0.000000 63.171026
13291 32.199358 0.000000 37.009274
12813 31.516016 0.000000 37.865752
12068 67.866384 16.355398 39.379539
13334 75.063528 11.973248 50.483015
11259 75.138296 12.011637 50.407204
3429 77.881656 5.497497 55.556178
16759 27.709146 16.380774 19.309371
13109 6.107103 9.169824 27.485513
13110 5.923952 8.894823 28.508816
12217 80.469832 8.581152 51.175351
12594 28.803219 0.000000 34.445329
13182 28.657227 0.000000 32.027204
9964 34.715046 35.572417 47.034488
12604 76.894440 5.249031 56.298500
2978 76.973485 4.972207 56.536078
2977 77.357941 5.034223 56.281772
6750 50.461838 0.000000 27.798430
6340 53.090104 0.000000 58.433158
5339 78.887306 0.000000 52.202342
1147 52.300920 33.489331 40.326719
8148 85.508062 7.121561 50.117286
16617 85.687263 6.943587 50.205838
8149 85.904283 6.924670 50.116264
6580 80.363006 8.077896 51.732523
8315 85.367840 7.109424 50.199547
5817 8.277462 12.428622 35.802452
387 73.801442 11.701613 51.385964
2214 92.472188 4.642988 49.116275
12214 84.553684 11.578947 46.132632
6832 39.004011 0.000000 69.744080
15541 35.597006 37.201517 44.962778
659 91.522332 2.724387 51.511723
6501 89.480087 6.897731 48.355328
9815 28.538168 0.000000 29.511456
9813 29.424725 0.000000 29.551072
16038 48.792408 0.000000 49.539687
9159 49.013649 0.000000 50.218431
10031 90.180703 4.300043 50.605305
1754 43.713889 0.000000 22.851641
14591 44.444444 0.000000 22.222222
1498 18.513693 27.798338 20.156160
3483 78.558943 8.729759 51.982039
10570 93.810035 0.279027 52.815677
5281 72.471233 5.774762 57.983847
13298 71.988153 5.680033 58.320211
1813 7.940232 0.000000 79.080256
4035 7.292266 0.000000 82.189017
14625 15.562254 23.366747 52.167790
3005 31.905090 1.553202 82.492700
415 44.118582 0.000000 54.716746
977 44.174063 0.000000 54.283358
10761 81.234361 11.110086 48.261623
2940 29.150507 40.285731 27.990402
9261 47.722830 0.000000 27.545748
9262 47.092584 0.000000 26.881776
21398 79.415634 6.609923 53.675651
21399 79.236548 6.616692 53.758417
4394 79.679868 6.485040 53.668541
21400 79.590633 6.601354 53.596728
17287 36.487160 0.000000 26.136260
5370 37.148875 0.000000 26.847988
10971 36.575204 0.000000 27.139878
13708 85.152989 3.579720 53.840206
4149 77.240749 12.654797 48.712174
4150 76.979493 12.848768 48.648637
11094 10.065021 15.112644 66.581121
11095 10.320070 15.495600 67.581327
11093 10.477693 15.732272 65.690604
4412 1.839230 2.761606 64.447444
11369 74.890742 11.329623 51.213676
5907 86.436192 8.119747 48.654037
12630 86.606879 8.103229 48.585229
10537 5.033829 7.558302 61.583109
9366 41.835139 36.978011 42.067442
14874 41.406464 37.697426 41.561645
11856 41.346408 37.138417 42.151240
9650 40.054991 0.000000 57.424933
16103 80.808265 7.042814 52.546011
5152 85.180171 5.045128 52.359741
14793 74.980515 4.541116 57.964085
7894 76.606929 16.995049 44.684492
20944 76.712570 16.787453 44.839474
2495 11.477589 0.000000 44.227953
5029 55.216559 12.982550 59.396188
8347 54.847868 11.933463 60.630670
9575 55.923597 11.675488 60.351038
1225 59.891472 0.000000 36.616858
7033 11.311791 0.000000 56.089874
12129 68.595192 16.827227 48.858349
2305 74.933929 13.951518 48.567566
2701 8.656230 12.997342 41.361203
2017 8.835349 13.266290 41.781993
12376 86.968561 4.759514 51.751446
2669 86.880629 4.625650 51.929410
9999 14.412709 14.936179 77.842530
11058 14.855832 13.170868 79.388045
6671 62.936569 15.867901 52.647947
6837 88.122491 5.776454 50.156524
17028 45.675009 0.000000 55.305338
16807 30.552765 15.683651 69.024283
15280 75.585096 14.372519 47.820560
3146 18.807811 10.815577 79.769701
3145 18.739150 9.040745 81.580640
14940 46.585593 0.000000 63.555704
6812 46.937797 0.000000 63.845986
5416 66.572459 11.040788 55.661941
14122 46.146064 0.000000 56.136713
4977 14.419498 0.000000 37.202170
6068 82.420817 0.000000 42.322579
2234 74.564138 16.699863 46.001368
14121 46.228286 0.000000 55.645285
15724 86.552959 1.635278 55.086607
6552 85.993161 1.801994 55.199623
6235 33.231181 0.000000 32.503893
16563 71.444774 12.834085 51.430693
12831 71.130535 13.023403 51.398306
1475 79.681878 4.947784 55.206330
14305 48.101522 0.000000 57.137508
6122 57.923252 17.430372 53.590572
7080 77.246726 16.073846 45.286717
11497 76.962563 15.672253 45.830794
15150 76.669591 16.011845 45.637347
15431 76.477769 16.010996 45.734108
8555 40.374903 0.000000 39.525755
4652 77.683117 12.973024 48.172444
14007 86.177631 4.390296 52.516498
17183 86.486957 4.435288 52.316798
17332 80.249863 8.663867 51.202538
8739 76.495325 7.661618 54.083058
1588 77.937160 5.799028 55.226593
1586 78.016720 5.866385 55.119388
16197 81.222700 5.647548 53.735455
13941 74.917624 7.390453 55.143344
10656 81.724951 6.847400 52.283277
4364 86.826077 5.792362 50.788808
11235 87.213971 5.695227 50.692092
2146 86.762109 5.935113 50.677897
2467 38.694883 42.275902 38.334380
5409 38.244027 42.194123 38.641670
6901 82.859693 6.713748 51.849692
2673 82.907631 6.584141 51.955460
2675 83.162923 6.522820 51.889196
10298 79.425036 5.770692 54.511019
14540 76.174793 9.179927 52.723496
13383 76.383478 9.072256 52.726933
1604 76.312751 9.195856 52.638572
2822 66.210226 9.512118 57.373257
8798 84.173950 6.362702 51.543960
9821 84.055892 6.518497 51.447039
16242 79.727056 10.002770 50.123699
10422 79.819823 8.020075 52.061994
9931 79.988759 7.876795 52.120948
3539 81.809665 3.329689 55.762149
5181 81.734862 3.166100 55.963303
12363 5.537860 8.315105 69.839263
15586 7.583403 11.386491 42.809719
1290 7.489994 11.246237 41.935864
5791 7.366005 11.060067 42.890325
10138 13.881449 20.843017 40.098195
2855 14.392687 21.610642 39.480160
433 4.845091 7.274912 62.612398
5923 24.484228 0.000000 75.144456
5921 23.787659 0.000000 73.772190
3853 49.213017 28.280357 47.084854
15361 2.433309 3.653617 41.440684
10905 49.815569 0.000000 27.610400
14640 26.023957 23.572163 63.392287
16496 23.777933 0.000000 80.867813
16497 24.161888 0.000000 78.019320
1535 5.451411 8.185302 28.363903
7673 83.164233 5.420396 52.992067
14372 75.552132 5.600967 56.617366
13061 75.091232 5.815079 56.633490
4882 1.971555 2.960292 93.905217
4177 28.659673 24.454971 22.473342
2023 58.200716 0.000000 69.393027
15721 49.064619 0.000000 45.843684
2055 45.075242 0.000000 62.537801
2057 44.893132 0.000000 63.269354
1149 75.028129 9.373398 53.103165
13117 75.039529 9.216600 53.254418
1057 75.282383 9.201936 53.147671
13010 60.076240 4.567387 65.389926
13012 59.724839 3.883391 66.250306
585 47.057384 0.000000 67.623773
2295 26.464846 1.351735 85.414491
12920 25.375189 1.609669 85.701127
12642 80.142154 11.854218 48.062851
11549 80.422958 11.635313 48.141573
1018 32.077588 40.101352 29.392544
377 32.493589 41.275478 29.991529
1019 33.241893 40.001041 29.941293
13504 82.684024 9.313885 49.334789
11819 82.590652 9.288338 49.407048
21472 82.424089 9.393742 49.384820
2678 0.902057 1.354441 67.960938
3350 74.167015 16.736751 46.163005
16603 3.385363 0.000000 79.886233
10257 55.167576 9.761100 62.645351
10232 42.574475 33.579520 45.099663
5744 42.701694 32.864529 45.751760
3367 36.095012 47.091383 34.814020
4347 35.406316 48.421053 33.827368
15671 75.771186 14.807907 47.291692
924 8.173056 12.271857 73.892350
12871 34.161157 2.508037 17.915755
12134 33.864669 4.272678 18.355136
13102 34.746645 3.768512 18.628237
953 78.187959 7.589443 53.308988
954 78.354319 7.471389 53.343980
3069 39.007941 25.752478 54.717799
210 58.299540 26.568086 44.255576
211 57.509225 27.696085 43.521606
2007 79.412476 7.806806 52.479149
2005 79.499685 7.707433 52.535017
2006 79.611799 7.717586 52.468797
91 88.284749 5.123634 50.728868
13170 78.317102 13.455102 47.372892
11252 78.533992 13.406767 47.312831
297 7.364340 11.057568 75.812002
11418 40.226402 0.000000 43.674089
5531 40.479803 0.000000 44.677266
13739 71.029315 0.000000 59.493156
11755 35.707361 0.000000 68.180621
10285 35.088076 0.000000 69.721776
13740 77.331770 11.751344 49.571019
14980 77.447847 11.636138 49.628302
9715 63.413902 0.570859 67.721619
5871 70.061977 15.123785 49.830103
4047 22.591031 7.210865 81.486409
4048 22.326289 5.367359 83.464129
12656 73.925448 11.396767 51.629112
12657 73.700779 11.597598 51.540415
16896 73.660469 11.462107 51.696197
1747 19.683408 0.000000 40.003817
1748 19.020033 0.000000 38.006605
12359 71.489396 18.360435 45.876507
11933 79.501492 11.663856 48.573734
2733 52.112114 9.287437 64.647218
2734 52.024087 10.354125 63.623477
6402 18.016403 27.051656 26.653771
12679 17.803302 26.731685 25.317795
3637 77.897135 12.370936 48.668126
5847 25.789978 0.000000 32.294783
4613 72.207120 9.377341 54.509722
3466 82.273269 12.601685 46.249079
6872 81.569583 0.000000 50.222596
1344 6.339581 9.518891 10.896069
794 20.141578 30.242610 51.967464
1691 19.856849 29.815088 50.752658
12010 36.095799 30.989538 50.931573
10378 35.507641 31.738475 50.475966
1690 19.316509 29.003768 51.257962
15830 80.462882 11.411999 48.345148
13320 40.962776 33.318792 46.166501
8566 6.825669 10.248752 52.673233
539 6.828721 10.253334 53.848767
15845 57.877139 0.000000 39.311887
12386 79.915332 12.867139 47.162328
3496 79.475813 13.188637 47.060268
10233 79.922955 9.296947 50.732278
4331 12.028261 18.060452 31.846454
14770 11.918305 17.895353 30.887507
8861 43.969672 0.000000 68.001443
10476 3.613925 5.426313 82.929472
616 3.421999 5.138136 82.420266
13639 54.159992 0.000000 47.212236
15558 14.029069 21.064668 30.449398
16795 90.999358 5.894135 48.600292
15883 75.329480 4.933815 57.396511
11681 33.337550 30.952761 52.347511
12357 71.144958 18.147093 46.262281
10362 69.280556 16.698234 48.644789
7918 74.205279 4.365593 58.527402
3616 73.655402 4.465564 58.702270
7856 74.123658 4.107942 58.826122
9568 83.802262 4.163340 53.931366
5521 41.420478 0.000000 52.899054
11547 75.844813 9.710646 52.357238
21110 75.961754 9.741823 52.267559
21111 75.823664 9.795418 52.282954
16013 4.562931 6.851247 84.004332
889 50.338561 0.000000 49.500795
888 50.751928 0.000000 48.754544
7071 26.391334 0.000000 19.718836
15402 25.873146 0.000000 20.695720
3678 25.495802 0.000000 18.696993
220 77.229336 13.134735 48.237462
3890 78.810399 6.569647 54.018583
15716 79.140639 6.398123 54.025159
1909 31.855145 0.000000 59.329466
4701 77.263216 12.389022 48.966981
16454 8.459000 12.701202 51.489345
1358 58.704718 10.514277 32.853613
4928 78.862259 11.570982 48.986318
15509 78.679929 11.717031 48.931287
693 6.516653 0.000000 80.593429
9727 70.354387 0.000000 61.307152
47 31.390477 47.132849 33.334989
9331 47.822186 19.835639 56.233432
13099 76.585422 9.173900 52.524215
2956 31.436621 23.179773 23.437175
13919 17.341962 26.038982 43.547576
2154 40.945234 0.000000 52.457477
12073 20.631317 0.000000 82.144267
8299 87.387829 0.728597 55.576760
16408 15.851157 23.800537 53.709491
2356 15.275640 22.936397 54.486298
6452 63.481876 18.053193 50.187815
11958 63.031954 17.640177 50.826206
317 63.943516 17.077755 50.933409
2645 73.660278 19.354940 43.795567
2471 3.788088 5.687820 69.078981
16964 4.181219 6.278107 68.792728
3707 37.150046 38.894721 42.491362
3708 37.233030 38.155975 43.189354
9126 7.792241 11.700061 44.544111
12300 27.615617 0.000000 30.547325
14361 71.840106 16.632681 47.430634
15109 71.711755 16.567474 47.560081
16288 25.027898 8.096108 79.381847
7256 72.561682 17.541260 46.160357
16615 69.006149 3.677108 61.816140
4774 8.974344 13.474990 26.337347
10530 82.081421 8.906036 50.044348
7466 82.291885 8.751472 50.093834
13755 82.312623 8.825506 50.009357
5872 70.015967 14.933193 50.043891
6733 61.470331 6.408186 62.850241
16118 76.909027 13.146069 48.386271
2842 7.261788 10.903586 35.084663
14164 17.835023 26.779314 62.538610
20901 0.200530 0.301095 95.008013
2957 85.111395 7.184577 50.252541
10921 48.859959 20.174903 55.374942
10789 49.620436 19.524956 55.645301
4517 47.397862 0.000000 51.126638
4518 47.600646 0.000000 50.501428
4516 47.817653 0.000000 51.056009
1744 48.157254 7.454936 68.458982
8622 79.680144 3.104409 57.052414
5138 51.111111 0.000000 25.555556
6253 73.483602 5.230126 58.022843
237 73.674535 13.992021 49.156720
14666 46.303162 20.909484 55.918026
14533 46.072847 20.445026 56.498106
10837 55.934287 0.000000 50.558252
2219 80.859281 9.106953 50.454299
13827 77.992638 7.733163 53.262785
8373 77.746264 7.789449 53.329629
15903 77.957838 7.629901 53.383550
16125 38.172082 24.616713 27.283406
7525 51.842310 0.000000 48.024279
4594 72.455163 18.095162 45.659161
12575 72.485257 18.245361 45.493765
7308 72.111145 18.452479 45.473496
4680 71.386563 4.995960 59.305763
2566 71.996220 5.043464 58.953382
12737 9.295336 13.956961 77.618058
4751 60.000000 0.000000 30.000000
2588 13.166414 0.000000 59.434824
2587 12.698992 0.000000 63.874080
3744 82.550358 9.026517 49.689277
4855 56.540341 0.000000 41.332227
4853 57.070447 0.000000 42.675353
10608 31.533322 0.000000 25.609772
10609 30.903971 0.000000 24.647558
1873 50.913993 13.333281 29.896979
13002 50.485068 15.592021 30.434677
16525 51.515702 15.661402 30.973098
4747 22.925845 34.423191 40.700371
2868 73.868626 18.628615 44.418444
5171 55.362391 23.336807 48.958661
752 55.926170 23.619904 48.393391
9269 27.983611 0.000000 42.817182
3286 65.833333 0.000000 67.083333
21365 32.615618 44.233021 31.037405
3828 32.273345 43.517951 30.628150
21370 31.866166 44.336798 30.697237
3827 31.639835 45.405639 30.939995
21556 31.770983 44.810455 30.807373
21521 31.364564 44.726296 30.576138
2628 33.513269 0.000000 27.975538
11538 79.873009 10.965091 49.087439
20675 9.756772 14.649808 57.878348
20676 9.616203 14.438743 57.575179
13184 58.706402 28.981634 41.636183
9902 58.514188 28.500610 42.213796
12121 53.363231 19.863750 53.434771
13316 72.216289 12.025161 51.854670
3109 18.910191 0.000000 41.497780
2195 19.983165 0.000000 42.427863
7944 82.613670 11.339321 47.342504
15299 78.873438 13.753604 46.795923
3354 76.695553 13.056673 48.582494
11102 37.727934 0.000000 77.063629
11103 37.269028 0.000000 77.990821
6414 81.562326 3.934437 55.280465
15047 81.571493 3.940569 55.269744
17037 81.545596 3.946630 55.276625
16091 78.218448 16.122853 44.751800
13363 77.878791 16.474572 44.569558
10083 81.640292 3.656506 55.519691
9229 84.885016 8.176940 49.372374
4903 85.024948 8.196337 49.282993
4905 84.691484 8.365325 49.280568
5073 4.743513 7.122391 39.618957
4126 20.368485 15.807507 15.448142
8398 79.087294 7.747738 42.123644
13525 79.638947 15.263158 44.902105
12652 59.062472 15.491868 54.961404
15930 81.374916 8.779845 50.523917
16722 81.277101 8.886687 50.465875
1052 39.854307 12.604419 24.124425
1847 87.620670 8.714019 47.466932
1845 87.601207 8.629824 47.560943
2723 39.475425 44.627440 35.590220
12148 43.653458 3.812599 23.096324
12149 44.524506 1.860473 22.881791
2803 87.593720 3.375790 52.823974
3514 72.758048 9.533388 54.078055
8951 76.953649 13.901449 47.607825
14391 51.356556 0.000000 48.939887
14569 9.684232 14.540889 27.389524
14568 9.527138 14.305012 26.117946
17024 80.740741 0.000000 40.370370
9486 77.917669 10.466036 50.564663
5757 77.931397 10.381874 50.642045
10126 93.289784 0.000000 50.651030
13368 71.796506 11.807331 52.282609
1240 46.312686 0.000000 67.302484
10497 46.106521 0.000000 66.641586
16418 44.960925 0.000000 61.411568
5141 88.811147 1.815265 53.777347
8685 88.467930 1.708310 54.056016
5939 30.201805 8.267310 76.623520
12033 29.236659 9.537205 75.834929
10711 42.443951 39.602142 34.409489
15340 51.573489 17.389444 56.806423
5213 75.228162 12.689306 49.683924
7801 75.486437 12.502768 49.741511
14207 5.002036 7.510564 40.544446
1014 10.930512 16.412180 64.611775
3060 34.027586 39.072263 43.874871
14473 12.747568 19.140492 50.856917
14471 12.979880 19.489310 48.903788
14472 12.526153 18.808038 49.470930
5788 81.608987 3.810111 55.381585
6803 81.516503 3.824993 55.412931
6805 81.613690 3.764841 55.424550
15606 52.935392 29.103161 36.159049
3154 53.219766 31.113711 36.970749
15784 9.699280 14.563483 42.854497
8825 9.973195 14.974767 42.110931
326 38.428390 38.640732 32.081559
6045 27.150087 37.237390 25.975095
6741 27.668423 36.227843 25.898083
8757 77.074812 9.645226 51.807723
8758 76.905232 9.777655 51.759952
12892 76.880124 9.698451 51.851789
11023 6.342857 9.523810 87.295238
6227 7.105503 5.259681 91.182307
11024 7.862502 5.425214 90.638110
14848 29.517688 17.411747 20.556955
347 33.410621 0.000000 70.318782
8084 32.481753 0.000000 70.677754
9914 33.201966 0.000000 69.271575
1665 70.452629 1.128432 63.644126
12514 71.157479 0.878148 63.542234
9445 6.899020 10.358889 21.249091
7674 6.761928 10.153045 22.228906
16236 37.226319 33.309542 48.043989
8762 37.656998 33.050020 48.088431
5834 55.215160 0.000000 51.329869
5835 55.145970 0.000000 52.813479
20910 1.597114 0.000000 96.201153
20911 1.083439 0.000000 96.854771
255 77.489119 14.226003 47.015211
679 81.625056 3.904891 55.278677
534 81.595941 3.917659 55.280452
7631 73.176521 18.811984 44.580944
2899 41.830256 10.784222 68.289866
4708 70.326930 8.592748 56.235195
5289 70.092334 8.990789 55.954053
7388 80.764134 10.380329 49.227224
7049 80.634845 10.532581 49.139464
14441 80.496301 10.539293 49.202018
11815 82.334871 12.024765 46.795774
4420 52.353481 15.246381 31.253785
2040 53.031276 16.081384 31.870739
15142 78.928685 13.338704 47.183615
10527 65.999111 10.885618 56.103941
3086 35.965705 23.506783 25.810611
3782 65.713874 5.298550 61.839215
14060 71.808513 13.841661 50.240241
5612 71.454843 13.945222 50.313411
6091 35.434205 42.194844 31.767985
3098 35.581532 43.496898 32.275233
16599 20.901774 31.384045 29.271094
3073 38.158975 0.000000 59.112518
10677 38.134392 0.000000 58.067896
20631 1.925762 2.891535 14.155002
20623 1.791534 2.689991 12.435086
20618 1.495422 2.245378 10.824066
706 6.730912 10.106474 72.847336
3138 73.473684 11.820726 51.430611
7904 2.713979 4.075043 10.306892
11663 2.412486 3.622351 7.829998
10192 17.021726 25.558147 45.386591
10379 43.199341 0.000000 64.438725
11842 42.768277 0.000000 64.035508
15983 83.215104 5.100463 53.286885
7258 35.021636 44.756435 37.687990
13884 35.560451 44.275455 37.900045
8845 10.500714 15.766837 28.736526
8183 10.180481 15.286007 28.426048
4770 10.252237 15.393749 29.694059
15426 36.560755 34.462831 47.222329
11929 9.453919 14.195073 28.291302
3220 9.212969 13.833287 28.112592
5475 18.897605 12.690350 77.848157
62 6.847047 10.280851 85.492357
8027 82.779684 4.515117 54.090526
9359 37.780583 0.000000 68.714557
1961 4.065748 6.104727 27.167801
7509 53.048416 0.000000 30.973280
5393 74.014138 10.062140 52.920729
10785 74.338023 9.890593 52.930505
2512 77.515567 9.698817 51.533701
10420 5.585286 8.386315 43.748183
14764 84.049002 10.310588 47.654601
21605 83.898121 10.353722 47.686864
21621 83.998108 10.284603 47.706059
20677 9.989789 14.999684 58.209504
20678 10.130552 15.211040 58.213922
7262 69.791781 8.812306 56.282991
17286 69.543819 9.222134 55.996734
4376 42.935193 19.662505 58.850236
6384 42.264438 11.236752 67.619793
15559 42.297558 12.079449 66.759693
21037 43.913556 3.586104 74.453532
21006 44.339931 3.373311 74.453350
6720 53.132440 0.000000 51.884667
5428 52.935500 0.000000 53.202719
5311 35.003958 0.000000 24.823648
4638 35.527165 0.000000 24.162213
5690 35.767215 0.000000 25.440237
58 89.653443 0.573417 54.599288
7198 88.918544 0.749709 54.790269
15535 2.063772 3.098756 40.749351
3746 27.927580 0.000000 60.889407
12791 28.706147 0.000000 61.181044
5258 81.247458 10.028550 49.337693
8428 9.376884 14.079405 19.644589
9091 80.589250 10.412576 49.282387
10919 76.590775 0.705776 60.998131
4840 76.880849 1.054325 60.504197
14307 81.346147 9.036081 50.281810
320 81.151129 9.155950 50.259329
1575 82.196175 6.296664 52.598952
10791 82.482498 6.114467 52.638170
16465 82.533505 6.233378 52.493636
2637 57.776788 6.217604 64.887784
4965 57.312286 7.363942 63.972551
12055 19.347546 29.050369 20.672252
328 19.553663 29.359855 21.796102
21475 82.010035 10.325685 48.658972
21492 81.896757 10.444000 48.597178
21481 82.127088 10.202994 48.723259
11388 86.441010 9.664937 47.104893
5443 86.023241 10.012054 46.966314
16081 44.909508 0.000000 46.496818
5506 45.409621 0.000000 46.743291
6004 88.994071 0.923657 54.578384
8238 88.193212 0.958530 54.943906
15979 93.681053 4.736842 48.417895
15525 14.557380 21.857928 49.791661
1428 14.295343 21.464478 48.411781
7997 14.087396 21.152246 50.361539
5390 57.556628 2.289820 68.929576
15731 80.999282 5.645759 53.848954
13194 72.506683 4.718361 59.023579
13958 79.709988 9.712638 50.422655
10181 79.875227 9.640777 50.411969
10183 79.759212 9.747812 50.362834
15066 40.353836 0.000000 62.258217
16419 40.137348 0.000000 61.558882
8026 82.968926 4.376209 54.134952
4269 82.868153 4.301768 54.259854
5278 40.901657 0.000000 63.623430
6540 80.950581 10.653017 48.861040
7401 76.044283 8.817113 53.151928
7402 75.924074 8.748739 53.280475
2483 76.193137 8.656411 53.238364
927 30.629384 32.657125 51.995526
11217 30.561492 31.612885 53.074756
13726 31.270061 31.898936 52.434135
8351 79.727900 10.240417 49.885393
9489 78.553304 15.484041 45.223823
12789 13.040292 19.580018 67.830912
438 12.548872 18.842149 69.047311
9464 11.872852 17.827105 28.868678
21310 11.753462 17.647841 28.019775
13872 86.897855 3.359503 53.188210
9696 89.156360 7.763314 47.650743
9474 84.860898 8.705058 48.855788
3315 78.455551 2.788683 57.980753
7942 82.993956 11.177191 47.314654
21635 82.761837 11.340614 47.267127
21636 82.824325 11.272375 47.304190
3607 82.892896 10.911765 47.630875
8508 73.758602 2.973617 60.144108
2686 74.167980 2.594435 60.318980
2303 74.518844 2.952822 59.784803
12878 81.338204 10.837644 48.482416
13414 81.703583 10.593276 48.544339
4784 85.830859 9.807009 47.267755
14289 58.500744 0.000000 43.230587
6420 31.340524 0.000000 42.576378
2769 30.828329 0.000000 44.267207
15018 30.245816 0.000000 42.102662
100 72.520319 0.000000 48.157509
16339 83.168040 10.092734 48.313153
12751 83.403117 10.032699 48.255709
5325 83.012445 10.280486 48.203011
15391 84.444007 9.960428 47.807608
7961 84.681479 9.706092 47.943462
20945 84.921769 9.636010 47.893469
20946 85.025991 9.496519 47.980989
910 85.379497 6.129106 51.175017
3248 85.278912 6.082942 51.271519
20947 84.776434 9.811571 47.790400
14001 48.579386 23.913273 32.252813
1512 48.944948 25.495635 32.962520
20948 84.483144 10.032067 47.716329
14917 94.814815 0.000000 47.407407
21675 95.398523 1.329941 48.142132
2934 95.555556 0.000000 47.777778
21673 95.134680 2.023394 48.241130
8290 78.630598 10.691285 49.982725
8291 78.749677 10.671737 49.942753
6529 6.824618 10.247174 35.670739
2843 7.040492 10.571309 34.758546
14799 6.825307 10.248209 34.252651
14578 33.147372 34.433267 48.958614
14641 0.437053 0.000000 37.581500
16017 15.241529 22.885178 25.833966
12725 73.159843 14.636642 48.768800
14032 29.071429 43.650794 41.769841
9480 75.700225 12.234139 49.903515
7800 75.488503 12.386458 49.856903
6931 61.409827 17.157639 52.120290
21184 28.665812 13.401465 18.795594
14221 28.099608 14.583461 18.906097
21185 29.030375 13.328556 18.953597
999 35.549942 0.000000 40.161045
8467 61.743634 17.694055 51.416434
3419 77.900527 7.038978 54.003719
7973 53.866033 30.314505 37.027747
3206 54.127461 32.320722 37.826531
14229 83.419650 5.252331 53.032592
2955 31.248243 24.335189 23.727739
13768 87.296005 8.761232 47.582004
4165 87.842649 8.399184 47.671092
15311 76.146753 6.036891 55.883696
11335 76.287791 5.757226 56.093121
6024 48.613986 0.000000 27.230954
6022 48.065432 0.000000 26.516905
6023 49.032878 0.000000 26.167509
251 68.452241 13.530622 52.229727
11216 68.767228 13.683095 51.919608
1273 90.547362 6.655121 48.064543
6332 76.899864 6.237407 55.306424
2200 77.092711 6.327435 55.119882
12437 40.358073 0.000000 57.660804
7564 30.801905 44.591293 39.963164
5468 52.659590 0.000000 45.497258
13266 8.169558 12.266604 59.131405
21306 24.672755 14.440245 17.144979
8903 6.864949 10.307731 68.733897
21264 84.049060 10.171004 47.794295
21267 83.928529 10.292991 47.732452
21511 2.250000 3.378378 2.250000
21647 2.188274 2.006515 1.762307
21650 1.875882 1.920201 1.577368
14997 84.021421 10.116480 47.862693
21266 84.300419 9.932796 47.907062
21265 84.223059 10.031115 47.847324
1927 80.758906 4.772640 54.843134
967 6.600803 9.911116 69.343607
6339 52.842129 0.000000 57.665806
6338 52.485215 0.000000 58.336014
12472 52.302802 0.000000 57.250402
17197 83.114890 9.710936 48.721908
2722 39.618947 45.263158 34.882105
12251 3.881124 5.827513 37.288517
9926 4.172930 6.265661 38.077501
12380 3.583185 5.380158 36.353609
8272 3.314686 4.977006 37.742497
13942 3.637785 5.462139 38.632023
1837 72.888741 2.651683 60.901295
13516 73.511313 2.632636 60.609075
13517 73.105686 2.984957 60.459215
13324 10.622671 15.949956 61.936665
556 32.345610 40.881695 42.904619
21312 10.057514 15.101372 32.986331
7163 10.037194 15.070862 33.895128
21313 9.945156 14.932666 33.400543
10968 29.692377 44.583149 34.758929
10935 32.616376 0.000000 53.804960
7012 79.335006 7.582443 52.742471
7013 79.224352 7.731256 52.648837
7011 79.075750 7.715745 52.738664
12367 0.000000 0.000000 30.434783
15684 52.505703 20.704703 53.021741
9758 51.614907 21.430535 52.740581
17150 51.961202 20.323045 53.676031
20950 84.365093 10.168111 47.639174
10983 23.880157 35.856092 32.569227
10631 79.831000 7.532158 52.544810
4238 8.151217 12.239065 56.670423
21196 12.635882 18.972795 28.831963
21195 12.810974 19.235696 28.690989
21186 12.434682 18.670694 29.010729
1063 12.217570 18.344700 30.247789
17061 74.880288 6.794632 55.758429
8609 74.887455 6.609522 55.940141
16690 76.244436 9.049859 52.818873
6525 17.637685 0.000000 68.234016
13538 83.238562 4.502499 53.873718
2513 77.588860 9.584029 51.611956
4462 79.194919 5.996595 54.399949
4471 14.817036 22.247801 47.750474
7657 42.477071 0.000000 75.174450
3309 43.123514 0.000000 74.536540
14667 29.931398 23.615997 22.829826
12919 39.748054 22.126242 57.977605
184 9.016108 13.537700 47.056036
13693 8.983859 13.489277 46.273481
912 41.305310 36.592242 42.718510
5256 40.928612 36.592388 42.906714
7580 80.119151 5.108821 54.826495
12574 72.850268 17.873346 45.683646
11640 47.071044 0.000000 54.787153
11641 46.835925 0.000000 55.197457
10089 46.643047 0.000000 54.757818
11833 15.511644 23.290756 38.573619
7267 15.731744 23.621238 40.530844
9509 0.260284 0.390816 48.939950
1703 0.000000 0.000000 52.173913
15342 1.255459 1.885074 66.705451
9361 81.999924 3.979419 55.016640
10879 81.808616 3.984135 55.107573
10878 81.961711 3.887420 55.127837
12729 7.553839 11.342101 15.022253
15748 8.032977 12.061527 15.565442
6802 76.464549 12.543315 49.211867
9642 76.483524 12.633441 49.112163
414 73.230977 16.145946 47.222420
20951 84.185688 10.301171 47.595684
12393 13.616931 20.445842 64.178109
10216 13.191572 19.807166 63.341135
7286 46.341535 0.000000 53.029190
5240 76.790716 7.495537 54.101609
5239 76.844702 7.323911 54.246414
5693 77.085416 7.335084 54.114873
4368 77.567236 6.693296 54.516393
21401 77.718106 6.575138 54.559234
21402 77.777622 6.620635 54.483933
11017 6.904626 10.367307 8.411595
11592 78.904436 2.063255 58.482464
6400 79.694197 4.571566 55.576764
9029 79.455173 4.494585 55.773334
14137 24.727344 0.000000 30.487008
15160 8.169706 12.266826 53.234718
7415 50.620413 0.000000 59.935852
10918 75.842671 0.679379 61.398606
510 83.983004 8.069087 49.931342
511 84.331982 7.896601 49.929512
10563 50.374267 14.699693 60.098474
8166 44.431376 0.000000 53.490268
12190 44.174186 0.000000 53.841507
6956 44.119262 0.000000 53.372298
13816 70.416333 16.948514 47.826371
7767 85.111638 1.155137 56.287889
7768 85.237695 1.370644 56.009138
6390 84.542234 1.370379 56.357134
4113 65.283033 24.227614 43.106642
3815 9.685921 5.828768 89.322443
11274 75.142024 2.120000 60.306869
427 35.180645 0.000000 43.918500
2575 6.391830 0.000000 25.542369
3605 7.077899 0.000000 30.550487
4259 48.822175 4.203855 25.810971
1144 5.556614 8.343264 29.469202
1145 5.450870 8.184489 30.710508
8543 78.087440 10.766406 50.179108
3776 43.503224 0.000000 51.554969
7416 43.650076 0.000000 52.009248
15911 12.454373 18.700260 33.888937
15909 12.105389 18.176260 33.361264
10888 72.775652 15.539722 48.056913
11383 25.531047 29.824912 22.697219
8429 8.987432 13.494642 20.238688
13062 69.617372 12.357413 52.821544
10117 69.956619 11.952247 53.057492
9844 10.624388 15.952534 22.855999
3731 10.180624 15.286222 23.154015
12152 10.384962 15.593036 24.454294
1745 47.890472 6.729142 69.318893
17089 77.435174 14.784761 46.482867
11987 86.886215 8.041301 48.507550
10383 82.831041 10.119871 48.454488
14928 17.100000 25.675676 17.100000
21201 17.520207 24.430844 16.895575
21187 16.650000 25.000000 16.650000
7574 71.925995 15.690650 48.330662
8229 64.413483 24.831765 42.936662
5813 6.459594 9.699090 80.999229
1177 6.006746 9.019138 82.801767
16486 6.389786 9.594273 82.848094
15762 77.123161 10.093591 51.334734
3044 8.768392 13.165754 55.242102
20679 8.847184 13.284060 55.440467
5014 8.951665 13.440939 54.714894
3713 83.844377 9.059573 49.009179
5265 84.131537 8.949831 48.975451
8228 64.183930 24.565650 43.317820
4111 65.066721 23.944517 43.498178
20904 9.192743 13.802917 36.847540
0 12.924342 19.405919 52.521179
7475 0.446104 0.669826 32.668186
9882 18.883147 28.353074 47.756921
10140 19.013646 28.549018 49.744194
7019 83.443428 6.316333 43.825053
6067 82.962963 0.000000 41.481481
3716 40.955160 17.201122 26.205553
11343 42.053734 17.167848 26.743760
12395 33.977134 46.285602 36.679545
12221 10.192721 15.304385 45.186756
5086 79.081653 0.799206 59.659168
10327 78.943214 1.129754 59.397509
4417 46.894718 0.000000 70.320435
16192 82.053997 7.981139 50.983882
21476 52.674692 0.000000 55.338301
20912 52.283827 0.000000 45.539389
704 37.387920 34.440895 46.830704
13877 80.328616 13.390097 46.432205
21581 80.317614 13.303051 46.524839
14162 80.333010 13.191313 46.628991
7344 69.311888 9.022393 56.312640
9693 26.100000 39.189189 26.100000
14644 26.026349 39.078602 29.238582
14562 41.850033 0.000000 51.177751
5658 41.906908 0.000000 51.666218
6182 36.882259 19.471235 62.068164
14876 36.987693 18.209283 63.278661
14135 90.553508 4.963895 49.754387
1834 74.718333 13.132505 49.495196
12064 74.779749 12.963837 49.633324
13634 78.057798 3.180069 57.787852
14011 94.074074 0.000000 47.037037
2589 13.952465 0.000000 63.236809
15144 71.594977 14.450452 49.737609
1473 79.953004 4.879152 55.139467
1812 8.089949 0.000000 83.200275
6661 4.220255 6.336719 18.649175
13289 4.578569 6.874728 18.161679
5039 6.022741 9.043155 19.709631
12453 2.358827 3.541782 47.493460
12454 2.581726 3.876466 44.479638
11507 2.142409 3.216830 44.325310
333 43.090822 0.000000 50.156581
9232 42.776075 0.000000 50.557369
11178 74.566433 4.450552 58.261781
15482 24.932905 0.000000 19.521851
21010 40.944952 3.903915 75.619705
21027 40.436426 3.865520 75.912401
21008 39.489849 3.843378 76.407854
21007 39.943113 3.857990 76.166596
15773 33.858856 1.292025 81.777255
8082 33.510772 2.868676 80.373070
5918 32.841435 1.722772 81.854788
3506 77.325366 9.646118 51.681553
8675 77.408357 9.680051 51.606090
9315 84.416581 0.421622 57.369665
10309 73.109812 8.037939 55.399117
6361 82.805119 6.039112 52.552290
16761 82.850413 6.121428 52.447244
10281 72.450682 10.365701 53.398592
8988 76.915827 7.980914 53.553192
9988 41.746381 40.691765 38.394353
21500 82.287551 9.945337 48.900942
21489 82.217959 10.012112 48.868897
21477 82.359559 9.867453 48.942900
4998 7.246744 10.880998 66.802283
15826 79.607505 7.480348 52.708419
14286 79.844989 7.389053 52.681063
14663 80.947021 8.157486 51.360846
5941 30.039765 10.092456 74.877569
10132 56.766922 29.609819 41.977111
2509 55.967820 30.838569 41.146682
15187 40.897341 0.000000 59.182553
14430 41.213027 0.000000 59.328448
4301 71.113689 17.084409 47.341663
11800 71.487858 16.853910 47.385308
11799 71.261335 17.155241 47.196936
6579 45.597398 11.642752 65.546906
13667 75.942767 13.339785 48.675492
14009 80.609983 10.094318 49.590596
4050 3.394974 5.097558 4.938216
14343 39.494768 24.827441 55.400348
9124 40.653395 0.000000 42.762980
8270 39.616788 33.720152 46.437734
14042 39.969669 33.686099 46.295381
12100 39.702004 34.148477 45.966373
21189 11.903318 17.872850 29.998869
8184 10.041464 15.077273 27.190120
7921 10.435689 15.669202 27.120072
15626 77.859844 10.996582 50.062499
20706 77.829981 10.958809 50.115241
20707 77.742210 11.026889 50.090978
697 38.939550 0.000000 22.467605
11902 38.075716 0.000000 21.808413
12961 46.982294 16.675433 29.044066
13500 47.558710 18.014535 29.778195
2730 9.236799 13.869068 34.052233
7153 92.271545 4.645602 49.213980
16968 77.663557 10.469235 50.688517
14899 77.827607 10.369789 50.706037
4403 45.000964 0.000000 54.496102
7275 45.315050 0.000000 54.647484
7808 63.464645 19.230428 38.136055
21478 51.590211 0.000000 55.926058
20809 73.774267 13.316217 49.783333
9507 0.551996 0.828822 49.175247
13312 80.444019 4.627388 55.145975
12247 80.275802 4.792727 55.064579
16954 80.111728 4.714580 55.224842
4039 42.552498 0.000000 53.104559
6989 79.904099 5.554981 54.487415
10084 80.156695 5.454570 54.461628
16452 83.257521 10.220442 48.140577
14255 45.552560 0.000000 29.172423
7457 45.809790 0.000000 30.101595
16634 44.978191 0.000000 29.962929
2985 24.252896 0.000000 38.972031
14652 24.139358 0.000000 36.531827
7195 71.004637 2.821166 61.673694
15591 38.438067 23.646117 57.111203
4153 45.557498 19.118913 29.145347
8242 46.661686 18.799868 29.591199
1326 78.740043 10.192740 50.427046
14915 75.825444 12.386316 49.688576
13982 75.733403 12.369224 49.751706
13981 75.952066 12.252751 49.758963
17226 74.838606 8.042912 54.529743
1661 74.808567 8.225400 54.362091
104 0.809955 1.216149 23.882646
2829 40.145143 38.879595 41.008955
2317 44.574002 0.000000 28.124645
16308 44.723273 0.000000 28.972563
13582 83.036715 4.908659 53.568075
6434 83.035414 4.800072 53.677421
1208 78.419243 6.070018 54.714290
579 38.909384 20.339574 60.185395
14166 76.227003 4.817330 57.064351
6324 24.307526 28.321769 21.584912
6647 45.388577 0.000000 26.380710
1828 29.321799 23.297056 62.018748
1827 30.209898 23.428841 61.442781
215 40.703980 0.000000 70.756810
8897 39.946615 0.000000 71.064551
2517 94.940646 3.057266 49.469354
12431 95.447169 2.648059 49.625709
7100 7.281980 10.933904 29.219674
13842 29.399710 21.796863 63.481485
1829 30.280460 21.944986 62.892839
9698 89.407084 7.481667 47.807309
1548 90.041591 7.036320 47.935848
21479 82.443389 9.356028 49.412922
21473 82.392204 9.311525 49.483062
21474 82.460053 9.319889 49.440764
6063 76.706583 5.498958 40.184444
4255 37.296646 0.000000 51.956575
4256 37.248209 0.000000 53.222957
3062 33.940937 39.985249 43.004297
2616 3.502416 5.258884 42.437171
3891 78.891388 6.396170 54.151739
15204 82.283134 8.131102 50.719200
15202 82.512189 8.057641 50.678207
2838 57.406940 23.736865 47.535928
751 56.643980 23.686298 47.968025
7056 82.085920 8.278307 50.670454
14790 82.246263 8.059420 50.809389
3453 82.459049 7.904576 50.857994
3452 82.498278 7.976632 50.766253
16589 72.162394 0.000000 52.677035
1293 85.112835 2.115693 55.325774
1294 85.746773 1.997679 55.126937
9724 45.915614 0.000000 54.386722
8836 45.863950 0.000000 53.846118
409 85.008418 9.433840 48.052517
12139 48.318696 0.000000 55.396828
21464 48.538776 0.000000 54.995049
8349 82.579604 5.676898 53.027624
9684 82.198944 7.979263 50.913286
2641 81.720667 3.823131 55.312712
14780 67.970755 19.778932 46.215912
15508 67.812305 19.639384 46.434824
14781 68.284046 19.356011 46.482610
12102 37.108802 0.000000 45.115427
5683 45.007915 0.000000 53.985985
7266 15.972319 23.982461 42.370114
8776 33.558393 0.000000 77.911363
6074 33.013488 0.000000 77.469675
3556 79.944674 0.000000 53.971120
11689 80.180763 8.618845 51.282155
629 9.424702 14.151205 39.847883
3268 64.310434 10.849648 56.984286
413 73.077929 16.374722 47.069939
12834 81.914709 5.754874 53.282016
5227 87.522367 4.614787 51.619415
5228 88.041741 4.503815 51.470811
5226 87.532933 4.745910 51.482877
5530 39.805069 0.000000 44.593671
2814 51.264211 0.000000 58.176019
3225 50.681605 0.000000 58.178109
11665 75.512759 10.897474 51.335249
5505 75.313360 11.068439 51.263813
11029 37.449481 9.616532 71.649111
3381 71.623152 20.511792 43.656120
2693 72.247180 20.111696 43.744602
1414 32.684758 4.222561 17.748492
3764 19.719962 5.630989 84.503399
5495 19.998093 7.330947 82.662675
4630 19.254817 7.483773 82.881334
15920 86.613571 1.404838 55.286972
5797 73.414850 5.892113 57.394570
3160 82.044985 8.213879 50.755414
13615 35.212203 35.148324 47.210426
10600 73.632127 8.146580 55.029210
2086 28.283295 28.850067 23.748720
9537 80.623161 4.467069 55.216884
9538 80.285879 4.540710 55.311810
11674 66.492990 7.746111 35.825950
8838 67.102305 16.040690 38.892702
357 86.476145 7.675698 49.078554
20953 86.150204 7.850189 49.066859
20963 86.241468 7.751818 49.119696
9393 40.561259 29.973264 49.716133
9394 40.672681 29.294642 50.339723
134 0.846097 0.000000 95.711601
20913 0.410876 0.000000 95.935760
4074 73.929227 14.446676 48.574263
6566 74.124109 14.218184 48.705543
2785 74.183953 14.309817 48.583896
12429 8.448002 12.684688 49.192239
774 8.415511 12.635903 49.987719
3942 11.115342 0.000000 47.930013
6365 59.876901 0.000000 51.084166
4341 72.450063 6.494453 57.274020
20708 9.301841 13.966728 54.737268
5016 9.134529 13.715510 55.066068
3088 35.358128 24.392483 25.801761
6228 5.814286 8.730159 88.353968
16319 51.321902 10.823007 29.265013
9725 50.756077 8.601223 28.242246
1874 50.339993 11.203260 28.900682
3148 40.319858 37.146777 32.529806
1242 39.492405 36.936435 32.046035
17147 2.263642 0.000000 25.371792
9200 44.183917 33.383018 33.208504
12887 34.630940 38.258584 44.387688
8152 0.882670 1.325330 48.321809
8338 79.280792 12.308897 48.038398
8336 79.157424 12.474691 47.934122
6711 9.339494 14.023264 60.508675
6112 81.009040 10.993017 48.491469
2075 80.746995 11.103367 48.512033
16363 80.994927 10.908627 48.583001
1906 37.158766 0.000000 20.988881
11072 0.538938 0.000000 51.660655
14477 34.436741 47.061070 32.889707
15165 34.415649 46.026955 32.534801
14192 46.304305 0.000000 52.089205
15475 55.867360 14.531796 57.519993
1648 17.640935 20.054949 71.104529
1647 18.337690 20.302474 70.508379
13232 17.637776 21.976411 69.182725
2623 28.346249 11.292812 17.933631
7668 71.037039 9.422480 55.049578
3465 81.628958 13.074506 46.097941
8605 21.548143 32.354569 36.920737
12424 68.878433 22.624907 42.913251
12180 69.732199 21.890422 43.221588
11565 82.063401 8.831686 50.127782
15333 40.421123 0.000000 54.336356
6828 40.679006 0.000000 54.620974
2757 40.375695 0.000000 55.120469
14870 17.638797 26.484679 42.028654
11937 82.847156 8.865137 49.702420
4653 77.570969 13.148093 48.053275
13611 73.730704 15.690176 47.428781
6236 32.538888 0.000000 32.304040
6723 75.733784 5.019980 57.108108
7284 26.701120 20.282257 66.346900
16152 22.078319 30.192998 21.093428
7629 33.515463 0.000000 82.249902
16491 19.220835 0.000000 85.956489
9539 18.705041 0.000000 84.090839
13613 73.626016 17.976801 45.192214
13642 73.680384 17.759496 45.382552
1218 5.512561 8.277119 60.942821
3068 38.995882 0.000000 29.397318
15442 17.731399 26.623722 40.055921
14905 75.028706 12.838554 49.634255
6869 37.695185 26.134943 54.991329
6868 38.174249 25.185301 55.702389
9456 12.408839 18.631890 71.246795
14810 11.859476 17.807021 72.345109
15685 43.350276 41.936266 36.346660
8725 76.273677 10.098678 51.754384
16741 79.432904 6.237327 54.039984
1307 27.797247 0.000000 51.665349
7479 27.075568 0.000000 49.990266
437 43.578697 0.000000 57.974221
4901 28.888889 0.000000 14.444444
20844 28.720475 1.288588 14.789337
20811 29.065532 1.081074 14.892764
12838 30.370370 0.000000 15.185185
12837 29.629630 0.000000 14.814815
20810 29.487326 1.467348 15.232290
21676 88.457995 4.140171 45.607674
21684 88.085074 5.254234 45.792197
12004 31.299369 37.866715 28.259301
10010 30.966227 37.122723 27.844980
236 73.936160 13.780214 49.237925
9460 7.789924 11.696582 53.802051
16849 81.537701 3.937592 55.289619
8283 81.556708 3.926916 55.290803
6318 71.729681 19.157892 44.958110
7312 71.526778 19.455770 44.761386
11073 74.789519 17.423875 45.163942
2325 80.372371 6.873373 52.933568
151 74.217873 15.260474 47.615329
8823 58.790963 29.551305 41.023662
8821 58.368391 30.514238 40.271052
13998 71.212903 9.068634 55.315846
7088 41.138211 25.610573 53.794711
13738 70.334344 0.000000 59.077827
6243 57.873684 31.578947 39.452632
6245 57.705437 31.281972 39.834028
7667 70.868245 9.791489 54.764597
14527 44.298276 40.549939 37.260373
20908 48.884396 0.000000 45.349635
20914 48.661360 0.000000 45.243160
5490 78.370037 8.229587 52.577165
2683 78.218610 8.385523 52.496787
586 46.576400 0.000000 67.738007
8593 82.447619 11.188069 47.576933
5097 82.651636 11.180889 47.482111
6684 46.145677 0.000000 28.443718
13078 69.349066 5.199036 60.121232
15961 21.647983 29.228217 20.556988
3553 84.160365 7.893917 50.018006
5958 6.754150 10.141366 63.270002
9960 9.397418 14.110237 45.115936
9941 54.129301 0.000000 59.239282
10444 54.373297 0.000000 58.097039
13767 48.325751 17.661560 30.044175
10027 48.060552 18.977239 30.349697
7922 10.800271 16.216623 26.206937
9348 45.296250 0.000000 50.542157
5357 33.842710 0.000000 24.881105
2650 33.458281 0.000000 25.471708
8559 87.751170 1.756999 54.365659
15960 75.091954 3.127465 59.323430
16346 75.682067 2.956621 59.199389
9738 80.013820 9.749976 50.233364
4554 42.942013 0.000000 51.641552
5496 41.632630 13.989692 65.180003
20710 78.714794 10.432103 50.200069
15900 22.156740 33.268378 46.618051
14903 21.625954 32.471403 48.049170
10745 38.102271 35.566775 30.894871
7632 73.012482 18.728795 44.746236
4954 72.620290 18.857413 44.813585
9957 73.145998 18.409710 44.998881
16596 72.493881 0.000000 56.466398
14577 33.252587 35.276332 48.062098
11477 14.833495 22.272515 30.884852
17256 14.368483 21.574299 31.269457
3124 76.104116 8.563562 53.375817
1042 76.022731 8.478057 53.502099
1041 76.318354 8.354497 53.477972
2758 70.713485 9.300174 55.333784
2667 86.733511 4.510047 52.118688
13999 70.916829 8.930014 55.602642
7762 21.081139 0.000000 33.323398
16441 21.654485 0.000000 32.074649
16655 29.564826 0.000000 18.876359
4733 28.891604 0.000000 19.065007
11744 69.983124 9.947551 55.050940
2759 70.521674 9.680254 55.049229
4096 81.085060 8.985653 50.462831
7898 2.941481 4.416639 79.804111
12492 2.831428 4.251393 33.766562
14410 88.776252 6.576285 49.029012
3981 72.496253 13.049255 50.689569
8654 71.915789 21.052632 42.968421
13588 70.836171 11.050988 39.098065
7465 7.443041 0.000000 26.328340
15833 71.513022 10.462225 39.240432
8481 76.185248 16.342381 45.548653
16866 49.568812 0.000000 52.104749
5904 49.850222 0.000000 51.577510
8624 71.167799 19.737447 44.658916
14904 17.428319 23.387957 16.502349
21314 17.845907 21.735214 16.160780
12939 15.035944 22.576492 17.053546
3273 14.850000 22.297297 14.850000
6436 37.604375 42.914126 38.240773
6315 37.211756 43.970700 37.379451
15997 75.392987 7.678115 54.617714
9373 75.391118 7.853069 54.443519
2527 86.116908 0.000000 44.415687
8662 86.821827 0.000000 44.907753
5178 86.191214 0.000000 45.925788
9049 82.196938 6.419463 52.475649
12113 81.922697 6.590684 52.441377
2620 78.291726 6.712242 54.135183
3418 78.195203 6.891441 54.004066
14298 76.692628 8.855146 52.789685
17139 40.165827 0.000000 68.967394
10559 39.525409 0.000000 68.749385
7353 4.074868 0.000000 27.604235
17303 4.544362 0.000000 32.147947
1384 87.807025 5.789480 50.301218
1385 87.243706 6.052608 50.319487
1139 46.766148 0.000000 59.432505
3079 47.192193 0.000000 59.139962
4410 47.091946 0.000000 59.817067
1369 40.443895 0.000000 67.051199
15061 13.244649 0.000000 47.222566
3135 13.507157 0.000000 43.229078
2564 72.531219 5.074527 58.654789
5820 72.515227 5.418585 58.318383
2565 72.104059 5.339686 58.602945
9468 71.693248 10.892600 53.249883
3435 71.339453 10.902457 53.416913
11033 71.735407 10.621643 53.500032
13897 52.261208 0.000000 44.706065
12663 86.103305 7.296030 49.645022
12665 85.953205 7.499350 49.516548
6012 59.517408 20.481493 49.739321
13158 60.449977 20.341907 49.412762
7329 9.617666 14.440940 36.690505
21190 9.682360 14.538078 36.132106
6757 86.081187 2.457645 54.499304
1996 34.722001 0.000000 31.038971
1997 35.164846 0.000000 32.009298
1420 43.352268 35.227841 43.060797
4311 43.159685 34.776301 43.609080
3508 77.484051 9.581670 51.666722
15088 48.561980 0.000000 60.665752
14308 81.229748 5.294426 54.085406
15723 81.157603 5.188791 54.227219
16911 77.186285 7.815342 53.583700
2177 76.946432 7.824121 53.694839
13333 66.937449 0.000000 46.788261
10727 11.085686 16.645175 18.541588
10728 11.322568 17.000854 16.963720
15114 40.991800 35.338475 44.130286
442 40.527324 35.378574 44.322386
4011 76.436703 11.460477 50.309711
425 29.819680 5.898368 16.873997
16584 68.500562 20.652087 45.076980
11865 68.160248 21.058100 44.840717
10575 5.751178 8.635402 78.317213
9634 73.452587 13.405474 49.854827
20794 73.572124 13.403541 49.796994
20793 73.386384 13.544052 49.749211
20812 73.673608 13.357587 49.792251
2782 32.369237 39.810735 43.964836
15415 42.030211 0.000000 25.017211
6144 6.865121 10.307989 47.854340
4561 36.730446 0.000000 55.203532
10666 51.666667 0.000000 74.166667
13663 50.833333 0.000000 74.583333
14494 50.980946 0.000000 73.924547
12539 40.493714 6.095111 22.276529
7089 40.906643 24.967898 54.553813
15239 40.250132 25.312325 54.537297
5619 27.028666 0.000000 17.646343
2312 36.015700 38.773499 43.179878
3226 50.927897 0.000000 58.988287
14594 51.177327 0.000000 59.644748
16474 83.741484 2.022695 56.104540
1740 91.463392 6.160083 48.102061
3861 45.885618 0.000000 46.985306
15404 5.929710 8.903468 26.106147
10177 6.216407 9.333944 26.125765
896 34.537620 0.000000 36.923995
897 35.057449 0.000000 36.817157
12172 82.757352 6.248344 52.366732
10663 86.982865 7.023833 49.477710
10553 76.407234 15.253729 46.527401
10555 76.046972 15.450829 46.510234
10997 8.921500 13.395646 44.689220
15035 8.781825 13.185924 45.369998
16401 8.951269 13.440343 45.489939
6748 83.383254 8.358764 49.941250
2562 44.011752 37.892270 40.063961
2561 44.487761 37.963462 39.754694
16992 43.911575 38.586473 39.419153
9648 72.080090 10.618950 53.330386
748 72.038944 10.886015 53.083627
15279 22.944648 34.451424 36.326402
10053 78.540028 5.721359 55.002905
4199 9.086376 13.643207 44.825570
1333 42.071304 0.000000 50.158213
4816 74.298933 13.866313 48.970354
4817 74.468560 13.853163 48.898704
10649 82.801531 8.638370 49.952226
2208 42.271113 0.000000 37.740353
13692 48.268361 0.000000 50.986958
12081 18.109586 27.191570 37.807732
2604 44.388537 0.000000 26.524755
11942 10.074756 15.127261 42.616224
2563 44.628355 37.131686 40.517005
6778 45.090373 37.343121 40.074349
1183 82.505569 5.586434 53.155195
12285 82.835874 5.504460 53.072099
13089 3.149314 4.728700 60.744058
9764 3.348387 5.027608 62.252143
11427 83.598536 6.848593 51.345290
11871 83.951590 6.666497 51.351042
8269 39.613279 33.068453 47.091839
3049 80.713873 9.729830 49.903503
9584 75.277714 11.620242 50.729280
8666 6.641819 0.000000 47.161513
8668 6.837833 0.000000 52.166775
9479 93.333333 0.000000 53.333333
13458 80.929979 7.583930 51.943496
12269 50.846313 0.000000 49.721222
12610 4.066259 6.105494 79.476242
7027 33.880620 35.209552 47.814929
6949 24.363253 17.990816 18.172569
6948 23.954307 20.026021 18.645819
2429 53.952402 26.595139 46.402065
7150 9.234781 13.866037 31.433007
2362 9.190644 13.799765 30.556825
2361 9.047812 13.585303 31.192462
4731 28.884841 0.000000 20.601427
4556 41.452381 27.609739 51.636461
6406 7.513290 11.281216 60.931311
16934 7.439803 11.170876 60.167032
13558 25.085722 0.000000 61.678762
10253 45.076368 7.712464 25.106434
10895 45.543043 0.000000 62.278011
10849 46.006788 0.000000 61.994496
15789 5.850000 8.783784 5.850000
7145 96.724407 1.314498 50.321984
8147 85.710138 7.119071 50.018741
9944 5.952544 8.937754 73.669882
10244 5.655294 8.491432 74.772912
10243 5.884170 8.835091 75.133292
14488 82.874780 3.527848 55.031234
9240 82.891873 3.675855 54.874532
11055 58.721240 0.994756 69.643629
2024 59.166667 0.000000 70.416667
2402 73.333333 0.000000 63.333333
14117 78.618031 8.156274 52.526555
11047 78.564412 8.083508 52.626203
14130 78.787780 8.012856 52.585241
14275 81.604649 11.374268 47.812033
13134 71.738514 15.028004 49.087711
14525 71.871578 15.086349 48.962776
2548 91.439510 0.214531 54.065500
11617 92.163163 0.243222 53.674953
2989 86.246755 3.339027 53.534256
2991 86.651446 3.102933 53.568241
1179 13.547894 20.342183 33.326212
16647 16.568566 19.005381 14.613075
14364 14.400000 21.621622 14.400000
12798 37.824843 40.964890 40.081723
9904 38.211273 40.367686 40.486310
4857 78.281850 4.682770 56.171622
10606 3.286083 4.934058 58.220319
11810 76.343488 7.286295 54.534675
20644 84.343886 4.132178 53.691747
14598 84.154444 4.244727 53.673807
20645 84.363945 4.037157 53.776833
11112 42.251623 41.888733 36.943567
443 40.049034 35.433998 44.506051
9063 40.074429 36.105785 43.820894
11964 45.425267 0.000000 49.152892
15319 1.930725 2.898986 70.134640
6278 48.465116 0.000000 51.617001
16897 23.467830 7.899195 14.364347
16335 87.740886 6.885973 49.236698
16523 82.761646 6.958759 51.653459
8506 33.173140 29.515246 53.868669
11832 52.818771 0.000000 40.051555
2185 42.288347 0.000000 29.396847
4496 42.637243 0.000000 30.444696
4495 41.782992 0.000000 30.234229
11168 88.784681 5.010052 50.592597
9370 85.320396 9.927270 47.402604
8172 85.902383 9.528428 47.510852
6485 1.545846 2.321090 83.692924
16494 42.594184 0.000000 52.691109
7493 72.811468 18.530145 45.045591
14661 80.700528 8.251793 51.389692
12896 86.854892 1.942223 54.628389
957 41.714017 39.715455 39.387821
21384 41.280367 39.986322 39.333508
21558 41.499259 39.620740 39.590010
956 40.886773 40.261930 39.254422
6271 40.901569 39.659031 39.850526
21372 41.270486 39.629720 39.695407
21235 56.245733 27.094135 44.755904
21230 55.762068 27.961373 44.129632
16963 77.536593 10.482347 50.738874
2459 37.139344 31.428768 49.970131
15159 72.134108 13.348720 50.570877
14902 80.201767 5.816011 54.077289
8258 80.200640 5.700157 54.193823
15821 4.327948 6.498421 61.439630
8279 11.516943 17.292706 25.979246
8277 11.141890 16.729565 26.901082
8706 9.496037 14.258314 34.782166
5184 5.910677 8.874891 38.765633
4042 6.109572 9.173532 39.636693
3576 72.729826 13.210330 50.411547
7354 73.028708 13.109726 50.362810
15959 72.770957 13.361728 50.239432
2436 43.275358 22.954850 55.384516
3784 66.485949 5.576347 61.175102
10165 52.082000 0.000000 59.141687
2813 51.872201 0.000000 58.204270
7656 72.575458 15.973481 47.722816
10525 58.210662 0.000000 31.148910
2384 57.965040 0.000000 32.987186
4700 72.917915 16.367044 47.157632
2419 82.304729 10.724177 48.112734
6102 82.066561 10.812697 48.143210
12655 4.783672 0.000000 19.768645
7351 4.446764 0.000000 23.740296
13444 77.910579 10.732773 50.301205
9639 14.527265 21.812711 18.508320
16436 14.025121 21.058741 19.780035
5368 78.452428 8.301897 52.463587
3137 73.166282 11.920047 51.484892
6120 39.579525 0.000000 20.492553
20814 39.259259 0.000000 19.629630
3028 33.527635 8.296692 19.526616
12444 78.225755 7.681380 53.198061
5857 7.104455 10.667350 25.485425
15097 7.147221 10.731563 26.483218
12314 75.115414 7.868781 54.565644
3272 14.528951 21.815241 16.639142
10020 77.350151 0.738439 60.585747
5991 76.058788 9.155255 52.806196
5698 73.827218 10.767821 52.307802
10932 72.882647 7.994637 55.556045
20815 15.555556 0.000000 7.777778
2714 15.648395 17.743957 13.732935
6606 43.800044 0.000000 53.312699
6607 43.710069 0.000000 52.829470
12428 8.514294 12.784225 48.362959
9141 36.317531 0.000000 66.749666
7823 90.480567 2.241264 52.516211
7822 90.016227 2.577349 52.411960
13978 81.065821 4.272390 55.190427
13979 80.926700 4.398823 55.133428
1878 73.788282 14.922883 48.168054
3617 73.032566 4.405288 59.074024
4413 2.107578 3.164531 61.681304
334 5.056121 7.591773 53.285815
4451 3.736511 5.610377 61.176927
16848 61.319215 12.689671 56.638032
13789 62.244623 12.799997 56.064891
3670 71.941713 6.452574 57.570117
21552 29.052880 43.622942 29.999962
2025 29.673284 15.429166 69.718763
13101 76.419159 9.214778 52.566428
17296 83.082505 8.608225 49.841914
6749 83.088954 8.516454 49.930553
16079 83.271455 8.476163 49.879633
9938 80.169142 9.459453 50.446516
14336 42.144562 7.680087 71.239952
5435 18.712289 21.855743 16.634107
21317 18.801660 20.437558 16.206537
109 68.087022 18.392682 47.545415
108 68.547704 18.034948 47.673165
8011 68.514761 18.276567 47.447776
8444 13.169473 19.773983 42.948488
8003 54.287996 21.978980 34.462998
12373 39.291172 0.000000 40.627238
8213 10.936999 16.421920 35.866440
8212 11.220086 16.846976 35.006612
13165 10.956904 16.451808 34.509154
7369 38.805126 0.000000 35.591981
7368 38.373628 0.000000 35.994245
13343 69.185881 17.298479 48.091282
14792 80.041504 9.037535 50.932675
10986 79.992686 8.980269 51.014408
6827 40.821600 0.000000 55.063081
8887 40.044256 33.116384 46.828372
7573 36.328433 0.000000 75.805816
8670 7.554178 11.342610 58.690465
1686 42.856451 17.296232 61.258246
4615 43.572202 16.874779 61.322245
1658 43.202012 17.919391 60.461683
14176 42.723205 0.000000 58.255282
3850 42.439873 0.000000 58.480623
820 79.586920 11.279141 48.916120
15751 79.703227 11.296189 48.840901
6231 86.727160 3.899050 52.733471
14005 86.463550 4.148310 52.615766
6029 76.496214 10.920559 50.820414
15181 75.703218 7.472604 54.668315
15607 75.370793 7.499167 54.807937
7128 15.341773 23.035695 58.296791
7127 14.797322 22.218201 59.272019
11204 15.123939 22.708618 60.546097
4310 42.561080 35.313499 43.370647
7014 42.243171 35.041513 43.801861
8937 30.824350 0.000000 38.878191
2209 42.955552 0.000000 37.103657
1345 6.616816 9.935160 9.639854
4166 6.451855 9.687470 7.969709
3454 31.051475 1.588387 82.884287
11726 30.442054 3.257634 81.518081
2914 79.926602 6.833730 53.196136
2369 41.608366 0.000000 37.116226
7992 45.736218 0.000000 37.697447
8995 75.500483 9.443171 52.797144
2753 75.222799 9.513704 52.865383
15399 75.481170 9.326901 52.923187
13397 44.327040 0.000000 50.139422
8312 47.292159 15.037936 61.300947
11434 71.641298 8.375466 55.795509
12230 72.122154 8.213532 55.717177
12229 71.884578 8.539657 55.509515
21522 37.512632 46.842105 34.354737
5828 41.657723 0.000000 35.998706
10858 42.311625 0.000000 35.444776
8644 42.293617 0.000000 36.566608
3054 43.200803 0.000000 53.079566
3052 43.450516 0.000000 52.837107
5502 40.669187 2.564619 21.188612
5361 43.233956 0.000000 53.595099
3053 43.490480 0.000000 53.242318
8273 2.951488 4.431663 36.797499
10224 23.171110 6.393148 13.714474
11736 43.547494 0.000000 53.799965
21295 10.931204 16.413220 30.037611
21318 11.037687 16.573104 29.485511
1801 58.321845 27.278934 43.532865
612 7.893035 11.851404 35.431199
12434 24.034931 10.530947 15.524271
8158 4.897361 7.353395 69.253999
17171 43.839980 40.313207 37.726490
4136 71.386543 17.534795 46.754399
12358 70.828455 18.348629 46.218795
2863 76.364832 13.885928 47.917770
15136 18.750822 0.000000 88.539128
15865 18.967510 22.782016 67.711447
17289 18.290727 22.369269 68.462998
6291 19.051928 20.578565 69.874892
961 82.937267 9.201970 49.320195
5924 82.193869 5.670721 53.226673
5219 79.636084 9.861093 50.311004
5221 79.593331 9.817723 50.375794
9444 7.034133 10.561762 20.174771
11415 79.230135 9.391111 50.984431
14552 8.768552 13.165994 57.835222
7562 76.158837 14.901719 47.003961
12733 10.320325 15.495983 21.609729
6316 71.526925 19.158774 45.058605
13321 46.969085 0.000000 54.181994
6565 74.392377 14.006517 48.783287
11961 3.052239 4.582941 9.368201
1143 2.748322 4.126609 6.957186
621 82.337841 10.048815 48.772216
4152 44.447253 19.493084 28.714824
11492 27.223161 39.566146 46.782708
12946 27.941446 39.584684 46.405009
4775 9.233262 13.863756 26.208270
16629 9.348807 14.037247 25.060462
4776 9.068376 13.616181 25.317072
16231 22.434947 0.000000 32.169845
13849 31.502830 37.332188 46.879065
13932 7.048750 0.000000 67.319039
4305 7.901897 0.000000 69.870102
14714 64.362362 8.452353 59.358014
15657 63.513972 8.967737 59.266309
16469 75.808947 13.559953 48.522013
8412 70.686824 15.544258 49.096786
14464 46.179462 14.983768 61.911517
15954 67.438482 20.133293 46.127332
10927 61.331091 15.261982 54.057210
5145 60.504943 15.872717 53.858938
10926 60.755882 14.967527 54.639564
6348 28.429222 8.754772 77.021862
11820 80.990746 0.000000 42.163756
10702 26.650010 24.203732 62.447059
12174 40.000000 0.000000 80.000000
15810 39.250905 0.000000 79.915304
14517 32.235985 0.000000 22.551156
12797 82.745002 7.252082 51.368165
12257 17.550000 26.351351 17.550000
256 17.618421 26.454086 18.978862
6745 8.211269 12.329233 40.602066
14684 44.368933 0.000000 56.860086
4898 83.768285 8.607758 49.499491
3001 83.712963 8.722426 49.412370
10687 47.617924 0.000000 53.900179
10688 47.794470 0.000000 54.359184
10689 47.373315 0.000000 54.292408
6232 86.288810 3.958619 52.893017
7565 86.100485 3.908340 53.037509
13566 75.488865 10.786445 51.458336
6917 13.759153 20.659389 36.604560
14653 14.297544 21.467784 35.759362
2021 22.202991 0.000000 15.791753
15664 87.476570 7.222753 49.031739
13742 32.497853 8.144537 18.961057
6790 44.895031 17.600088 59.934797
11345 44.981446 19.530406 57.959340
3169 45.641917 18.672648 58.487721
3039 71.320122 12.334988 51.992616
3041 71.468100 12.438803 51.814708
16370 80.610376 9.338942 50.346532
8371 80.814180 9.213555 50.370142
1226 78.325320 6.213975 54.617151
3083 55.439065 0.000000 32.252189
12764 32.684443 0.000000 44.234444
6419 31.797537 0.000000 44.283645
7260 37.265043 0.000000 54.411887
6788 44.947440 18.593504 58.914183
8134 40.532133 0.000000 59.298765
122 46.539745 0.000000 55.389185
14954 33.049175 0.000000 20.677508
16758 74.706055 5.751099 56.890122
8019 7.550674 11.337348 50.938618
7886 7.554034 11.342393 51.878207
1928 80.913387 4.618885 54.919803
11409 36.054504 45.347497 36.579903
7693 36.396072 44.145931 37.611887
6313 36.667483 44.409888 37.211960
11228 84.175299 4.537658 53.370155
21348 84.308839 4.448707 53.392425
12255 84.504160 4.452522 53.290946
15986 84.227844 4.423155 53.458499
21349 84.184543 4.472966 53.430290
2344 90.307442 6.706980 48.132592
11906 50.249440 0.000000 74.158711
11790 41.861090 0.000000 43.155298
7847 8.161274 12.254164 65.598371
7848 8.399738 12.612220 64.578769
7846 8.175932 12.276175 64.402913
596 79.278387 12.496269 47.852041
16837 79.519749 12.248155 47.979722
594 79.614651 12.312199 47.868163
6880 50.710056 22.051648 52.571273
5104 50.266459 21.501444 53.343825
6879 51.109420 20.931729 53.492629
8592 74.770500 12.819944 49.781986
10459 80.229195 10.186562 49.688654
15254 80.242707 10.245789 49.622612
12975 80.063954 10.314193 49.643516
844 76.936211 11.271981 50.248641
11110 76.938713 11.362371 50.156910
11422 62.259621 7.966250 60.895973
17070 78.412028 9.886123 50.897977
107 70.604087 17.211106 47.469640
1623 70.725029 17.318698 47.301469
5897 83.973092 9.915006 48.088533
8146 78.826895 7.296344 53.282912
8443 44.246664 13.566429 26.640953
8818 43.161504 14.158038 26.295379
4043 54.797307 0.000000 47.922162
1516 54.071710 0.000000 48.608899
14461 7.529830 11.306051 19.246648
2718 82.868844 3.945210 54.616423
11537 79.760624 10.950848 49.157889
661 76.571311 11.644933 50.057767
3524 30.099718 24.682130 60.243329
4771 81.478609 8.657774 50.594264
12714 85.069965 6.601304 50.857112
10771 52.360740 0.000000 38.309013
10756 72.251648 0.000000 41.798117
5350 72.064134 0.000000 43.795165
10755 71.675819 0.000000 42.379059
6712 51.576249 0.000000 37.089131
1332 41.784463 0.000000 50.627880
4097 81.194108 8.979550 50.414417
4095 81.025309 9.084662 50.393599
16812 72.139445 13.148391 50.768738
6586 99.259259 0.000000 49.629630
858 98.518519 0.000000 49.259259
21679 98.702403 0.443614 49.498925
15058 79.872259 12.077064 47.974730
8777 34.185760 0.000000 78.179184
3521 53.276601 0.000000 64.780713
10358 52.988485 0.000000 63.722679
10522 79.046408 9.445822 51.021529
10595 40.997043 0.000000 56.886995
9207 81.888786 0.000000 55.927670
9208 81.576812 0.000000 57.768230
4414 7.717879 11.588407 51.205525
2434 89.935187 5.697566 49.329143
4651 48.513125 34.284395 41.424758
14095 70.163455 6.350959 58.560963
10820 70.099307 5.851802 59.092693
8012 68.936441 18.103027 47.410650
3191 81.644703 10.295275 48.872079
5027 54.274774 14.074749 58.773790
14678 30.780478 0.000000 68.199968
17098 31.400926 0.000000 68.708513
8755 49.469474 0.000000 53.444560
8000 67.933309 13.087963 52.932295
15032 47.952438 27.194507 48.802079
15295 48.362246 27.515862 48.275499
293 88.333333 0.000000 55.833333
5209 40.376594 0.000000 58.683214
12262 46.327695 0.000000 45.760574
5100 46.431263 0.000000 44.830046
5102 46.907497 0.000000 45.397085
3520 53.405032 0.000000 65.894246
16328 80.626065 12.140152 47.534675
10592 25.402242 38.141505 43.728133
13387 25.420368 38.168720 40.811775
7387 35.406025 36.255260 29.776014
15536 35.026305 35.046795 29.183735
14183 34.352565 36.234811 29.242475
12859 6.600025 9.909947 16.643994
15858 79.090814 13.120040 47.321433
11253 78.886403 13.162315 47.381321
17278 79.197004 12.955389 47.433154
8145 44.800616 0.000000 59.956366
11320 44.545627 0.000000 60.459107
5314 42.330440 25.384555 29.618277
11828 45.132457 29.256032 32.308487
11829 44.523071 27.837753 31.531507
5106 50.191195 7.557963 67.338882
10295 44.662774 10.783474 66.874356
13125 45.253745 9.697039 67.666391
8181 45.450493 10.677143 66.586933
2337 39.633496 34.713819 45.434719
1741 40.049281 34.109707 45.831543
2336 40.056041 34.738304 45.198937
12882 44.638853 0.000000 49.893633
12881 44.961830 0.000000 50.223437
6177 7.661009 11.503017 27.710914
11190 10.686671 16.046053 35.280688
16086 10.465464 15.713911 34.707608
11191 10.423583 15.651026 35.863207
5936 88.532686 6.070707 49.656879
15760 46.666667 0.000000 76.666667
13590 46.121915 0.000000 76.115544
15244 83.679631 11.000500 47.148684
15837 84.093955 10.661032 47.281329
14428 3.477738 5.221829 53.431745
14160 13.710792 0.000000 16.618452
3608 83.130078 10.676265 47.748020
8594 82.701592 10.920254 47.718029
12366 0.000000 0.000000 34.782609
10406 22.368345 0.000000 80.212812
1081 16.472504 0.000000 68.875018
6275 15.351277 0.000000 68.182597
13696 16.111909 0.000000 64.997644
7771 77.830803 10.201677 50.872720
9195 77.858441 10.124814 50.935840
3948 35.199673 0.000000 75.856758
4936 28.677799 34.401015 25.794438
3700 76.601084 12.062989 49.624406
2707 30.447794 27.371583 24.338634
8918 8.271493 12.419659 32.290760
10847 8.458802 12.700903 32.267635
10583 17.516286 0.000000 58.732624
7917 50.842674 34.504822 40.039336
13996 50.520769 33.986821 40.718808
6992 77.143338 8.850898 52.568582
7548 77.331117 8.818271 52.507353
16150 76.501731 5.182071 56.561881
12748 76.410898 5.467404 56.321679
14879 76.025102 5.390775 56.591283
6148 1.761801 2.645347 57.294847
15022 73.764390 18.546930 44.552328
17170 59.132947 25.479441 44.928606
11308 10.826362 16.255799 45.748157
15686 11.050446 16.592261 45.335381
15981 10.929861 16.411203 44.774395
1020 79.913715 14.032525 45.996585
14402 36.372021 0.000000 25.045596
2754 75.317490 9.620750 52.710884
16301 73.353105 0.000000 55.387170
12954 53.074038 7.451732 66.003797
8852 28.564563 12.461832 18.432072
21192 28.201603 13.510111 18.599669
11721 76.785665 10.403945 51.192819
6551 85.421048 1.885738 55.401853
13197 74.049326 14.044703 48.916589
10695 73.844981 14.191612 48.871706
8276 1.217680 1.828349 19.019057
12845 86.400580 1.859485 54.938366
12911 79.471481 12.718583 47.532957
3337 79.457720 12.850351 47.407939
4570 9.318906 13.992351 59.639253
9362 82.240326 3.859583 55.016394
8281 8.103086 12.166797 9.829930
16052 8.590358 12.898436 32.660589
6666 80.525660 10.825045 48.901300
10513 34.376426 0.000000 62.975420
13399 42.091536 23.818490 55.111924
7090 41.570035 24.713563 54.476706
10013 76.048052 9.047597 52.919329
11152 86.675519 8.552398 48.101290
12343 86.176042 8.826377 48.076776
11412 24.951719 36.088105 24.493198
8651 8.811751 13.230858 40.168439
1165 5.513152 8.278006 65.172349
2089 39.666038 29.254338 50.883389
14136 40.161183 29.275002 50.615132
2090 39.674121 29.992087 50.140861
874 70.598640 19.575537 45.105568
873 70.352045 19.663838 45.140475
12427 8.609768 12.927580 48.928622
1772 70.117123 18.528122 46.394788
13214 70.341800 18.240628 46.570231
1773 70.458250 18.315316 46.437244
16824 41.404292 0.000000 71.575603
9215 5.051797 0.000000 15.743896
6658 22.544710 10.974918 14.927003
4507 73.497367 13.906396 49.331014
13997 71.411745 8.722902 55.562503
17231 23.234931 0.000000 79.193070
16895 22.875012 0.000000 81.845345
16675 48.235114 24.437040 51.420966
15081 48.427129 23.509824 52.253102
3292 47.391868 0.000000 47.799187
5401 47.962903 0.000000 47.563544
11646 47.728787 0.000000 48.417631
169 63.118987 3.982340 64.454184
3299 5.511944 8.276192 6.995396
3298 5.987006 8.989498 7.509006
11716 33.323078 36.155020 28.701160
11012 57.851211 0.000000 66.269704
12994 81.055731 3.947322 55.520865
13327 80.863135 3.876118 55.688438
1195 53.083802 10.225756 63.222117
12556 52.807099 9.287995 64.299167
16033 81.290106 10.980994 48.362972
1023 12.377858 18.585373 39.141586
10167 51.657753 0.000000 59.857385
12587 51.496898 0.000000 59.002066
13510 43.524524 0.000000 47.603005
12345 68.754152 13.046647 52.563230
5732 47.648712 11.891206 64.272547
7482 47.810994 12.616815 63.465071
16801 47.137135 12.640629 63.778163
170 9.934007 14.915927 21.945917
1396 93.326301 3.174376 50.159299
5012 50.190257 14.047355 60.843469
7934 85.625004 3.848538 53.335111
9450 84.122894 6.768094 51.163692
15512 84.479806 6.576899 51.176621
15440 58.792893 3.991917 66.607645
5268 59.353044 2.997540 67.322940
16046 75.075099 8.390161 54.063899
15026 75.349406 8.374107 53.942816
17333 75.059493 14.150702 48.305401
14665 75.020391 14.029092 48.446683
7920 10.518064 15.792889 25.646310
398 43.929515 0.000000 42.221797
397 43.336363 0.000000 43.068439
20816 13.333333 0.000000 6.666667
9130 44.000222 36.736508 41.226645
21434 43.720612 36.743240 41.359711
21435 43.964701 36.431461 41.549757
5866 26.173710 0.000000 22.745796
5238 76.542152 7.487674 54.233763
5381 7.282471 10.934641 48.578327
10293 44.251080 11.690462 66.172307
14381 62.283774 3.963506 64.890643
8623 71.292949 19.786499 44.547240
14995 70.292872 0.000000 41.294260
15178 10.650070 15.991097 21.234027
3368 36.072826 46.268944 35.648375
15507 72.441639 16.814136 46.948231
15265 47.850926 0.000000 56.774428
9093 47.480853 0.000000 56.860322
13014 47.688942 0.000000 56.301222
12466 41.395735 19.798249 59.484086
13030 77.200493 13.816019 47.569919
15975 76.863600 8.272224 53.287704
3540 82.255187 3.279149 55.589978
15418 82.114220 3.160220 55.779510
12268 45.360129 0.000000 49.871580
12083 79.306751 7.174205 53.165245
8954 4.522825 6.791028 86.030002
12109 44.872254 11.648281 65.903943
10651 9.759899 14.654502 56.791444
8309 55.233165 10.633590 31.157568
1965 75.693903 15.647763 46.489638
13601 14.078725 21.139226 53.266685
12779 53.907728 25.144834 47.876158
2428 53.436299 26.261360 46.994229
11173 78.539393 3.983311 56.743009
5499 31.593731 12.646250 71.544238
4513 32.543871 11.310162 72.406592
6003 88.264780 1.192778 54.673639
16121 87.324151 1.429881 54.906613
17062 8.310842 12.478742 48.641090
1666 69.905606 0.858368 64.187971
10102 80.169947 8.395166 51.511465
10101 80.031914 8.419018 51.556606
376 33.684922 41.166701 30.550973
3192 34.180374 42.275677 31.167988
3193 34.830343 41.093342 31.099255
3356 8.633213 12.962782 60.156360
3355 8.744182 13.129403 60.723158
6765 78.155976 11.653623 49.256735
8478 42.388494 26.739100 52.039913
16366 42.883622 25.993572 52.538624
9168 42.926795 26.746938 51.762917
1939 72.381746 4.014011 59.791101
9622 72.229333 3.670854 60.210808
11254 78.736424 13.363372 47.255053
8441 43.886932 15.431120 27.082029
3199 34.062165 0.000000 36.431837
2070 34.583310 0.000000 36.030306
5202 34.300557 0.000000 41.263250
428 34.739250 0.000000 42.633236
8848 46.492572 24.327505 52.401882
15015 47.229030 23.735747 52.626002
9104 74.419057 15.224709 47.550538
16180 74.505942 15.046981 47.685001
10146 83.963580 7.140223 50.870847
13100 76.388525 9.322462 52.473953
3108 78.914724 7.541779 52.993317
2320 44.901314 0.000000 36.104148
9735 39.240786 34.512608 45.832486
17115 35.668004 11.134548 71.020316
16432 36.092454 11.754626 70.187393
495 77.807457 10.857277 50.228137
11854 65.049511 19.924274 47.531046
11852 65.025768 20.336049 47.130731
9471 78.472197 13.246708 47.503947
15102 82.163692 9.765604 49.142785
5532 40.073189 0.000000 45.642278
6509 23.665308 0.000000 30.050835
6511 22.652063 0.000000 29.686728
15696 80.044770 8.319944 51.649351
12873 80.224380 8.305261 51.574243
8688 41.436623 38.289225 40.954174
5474 74.240461 10.111347 52.758311
12315 74.879538 7.886140 54.666204
3325 81.587543 6.170981 53.029076
3936 87.298586 0.000000 49.253924
1737 17.957422 0.000000 38.678466
16367 5.812450 8.727402 85.059906
7051 80.981151 9.184609 50.315631
12683 23.778430 35.703349 47.768719
14929 92.500000 0.000000 53.750000
12682 20.962059 31.474563 22.484251
12982 63.387929 18.873223 49.413939
5750 63.283566 19.657241 48.681319
5758 46.614954 32.049391 33.979924
1779 46.736759 30.436544 33.503749
10500 43.018928 39.091575 39.359869
21320 9.708594 14.577468 34.801231
13461 46.804784 0.000000 25.145960
9324 47.172003 0.000000 24.252943
21231 52.213800 34.319564 39.539216
12075 52.151522 35.096340 38.792803
21232 51.830228 35.037912 39.011936
2741 36.747137 3.360670 78.262401
2742 35.803417 4.023276 78.070993
2740 36.174068 2.461972 79.448532
257 17.395161 26.118861 20.506777
15990 18.900000 28.378378 18.900000
16364 41.725263 43.684211 35.409474
13255 40.651037 42.649870 34.527925
2014 41.023158 44.210526 35.233684
5151 84.847795 5.052904 52.518146
11003 80.277263 9.831974 50.019563
2533 80.382053 9.740679 50.058554
473 4.878769 7.325480 76.256445
13680 4.661988 6.999982 77.818282
15017 31.042659 0.000000 40.741733
4227 76.900812 10.426856 51.112311
1201 37.862942 34.459027 46.575043
12135 33.451525 6.272345 18.814454
784 51.771050 0.000000 69.857263
14588 78.178392 15.531717 45.363555
16548 70.527532 15.506373 49.214354
4577 70.832743 15.314190 49.254125
6532 43.174625 16.215446 62.181026
727 43.764139 15.262642 62.840026
12403 81.937949 8.480482 50.542063
9952 27.347422 0.000000 47.564141
14222 28.601542 15.433836 19.440239
10725 78.413714 5.002630 55.785510
7495 78.609437 5.094310 55.595877
16571 51.167559 23.686124 50.706410
20817 77.783030 11.085468 50.011932
2525 85.647172 0.000000 45.288700
9889 85.436631 0.000000 46.722339
1261 5.556158 8.342579 76.375356
1263 5.450310 8.183649 78.133198
16415 5.811608 8.726138 76.703951
1053 78.764037 0.000000 56.773323
13028 76.684041 9.759850 51.888370
9529 77.371068 12.822352 48.479292
4404 68.778269 4.338203 61.268324
10627 50.908581 0.000000 52.969377
12483 46.557131 0.000000 35.915787
1630 47.260996 0.000000 35.289974
2891 82.055754 4.882379 54.084861
2892 81.949426 4.799239 54.221249
1245 15.998361 9.539305 11.175769
10915 84.701022 6.015113 51.628361
16320 84.932565 6.022088 51.505607
21690 95.700195 1.468414 48.339080
21680 96.059333 1.385823 48.491146
15886 52.520613 25.242747 48.471704
16692 53.034606 23.997781 49.460918
16929 68.721830 19.800352 45.818933
16618 69.080278 19.669283 45.770908
13916 68.638428 20.094404 45.566288
13620 96.867307 0.000000 49.811956
13621 96.296296 0.000000 48.148148
13304 11.781600 17.690089 20.173268
10953 23.699345 18.236243 69.895848
3976 24.556365 15.670379 72.035768
12016 12.748040 19.141201 34.518347
13614 73.256377 18.150972 45.202689
16712 61.026200 27.399040 42.060461
15523 60.309485 27.998190 41.819070
15522 60.719930 27.241111 42.371683
557 34.961953 43.193818 39.282012
16526 55.857840 1.674384 70.395022
12707 82.253085 10.182723 48.680552
21482 82.121495 10.153832 48.775267
9748 93.153014 1.873676 51.547944
6562 79.487345 9.004831 51.242492
12805 79.694594 8.929840 51.213933
15499 79.565501 9.031541 51.176677
640 17.992752 27.016145 54.346724
4411 1.788403 2.685290 62.191762
10721 14.596014 0.000000 71.388715
14260 82.517476 0.000000 57.974216
3072 37.617003 0.000000 58.849833
9611 83.986628 7.898202 50.100585
7897 51.413324 0.000000 51.234436
9196 4.319998 6.486484 32.947611
7216 55.172075 30.477661 41.905824
3704 11.894173 17.859119 45.473053
15713 75.085468 8.216066 54.232984
12927 75.102580 8.039100 54.401571
10191 16.715910 25.098965 47.322108
6084 46.882661 15.796171 60.746702
1005 46.217994 15.827466 61.047710
6854 55.862326 0.000000 55.136076
6853 55.083784 0.000000 54.380396
827 77.076859 11.765123 49.684682
3673 76.825586 11.915040 49.660252
828 76.905269 11.775830 49.759759
4659 33.639418 23.543101 59.613646
8186 33.045983 23.234657 60.219117
6590 43.309308 0.000000 55.380035
11411 43.226031 0.000000 55.879944
3603 39.164046 29.299059 51.089619
15323 71.488463 14.143597 50.098028
2078 1.267224 0.000000 5.503676
16488 46.759783 26.481492 50.112134
14278 60.022327 10.016327 59.962493
15472 45.748510 30.864554 33.152151
7285 22.914225 0.000000 41.692904
2101 83.194835 9.579086 48.813918
12879 38.295958 28.443427 52.380151
9986 9.869643 14.819283 37.166104
2806 30.594567 12.890692 19.589884
16962 46.719832 4.365279 72.270440
4425 83.208891 9.211758 49.174585
2192 81.037478 11.857110 47.612294
5747 65.512248 1.562908 65.679405
5746 65.744940 2.176598 64.948755
13545 64.899831 2.091779 65.456214
2872 77.494729 14.613985 46.624037
9870 79.411956 6.714808 53.572499
15327 41.978012 18.434838 60.557721
3328 25.416575 20.879506 19.661163
6284 26.211882 21.235620 20.177403
21011 9.055716 2.517494 92.952131
21012 9.769440 1.998734 93.114547
21026 8.552803 2.654936 93.066007
21013 8.126328 2.677037 93.257122
4629 18.948340 6.140908 84.378781
3422 63.164915 23.363311 45.030868
8422 5.664670 8.505511 32.923053
8423 5.622122 8.441625 31.664379
13528 9.563601 14.359762 43.726062
422 9.670304 14.519976 44.296563
1643 2.767276 4.155068 82.448415
12786 2.470155 3.708941 81.801983
8227 76.872123 14.345222 47.204371
14922 92.869646 0.301834 53.263041
9940 53.835015 0.000000 60.348140
8307 78.291820 12.861911 47.979317
11300 81.485430 3.986405 55.266893
14710 81.522977 3.963144 55.271405
12922 81.545659 3.975781 55.247414
3724 24.972253 0.000000 35.628953
12440 79.749220 7.951492 52.165947
8192 20.354400 10.912541 78.899346
944 20.496940 12.784612 76.954133
10542 6.225824 9.348084 41.181483
15852 9.516503 14.289043 45.249169
11803 9.530849 14.310584 44.622016
15303 4.839739 7.266876 78.656741
13153 5.005069 7.515119 79.819107
13309 17.442857 26.190476 65.061905
13310 18.173410 24.581781 66.306932
17280 39.720282 0.000000 37.798216
13637 78.620625 10.505626 50.173556
9152 78.624166 7.895199 52.784823
2949 87.591350 0.000000 45.354150
891 83.818712 0.000000 46.525075
15354 83.035894 0.000000 46.199611
7052 81.218074 9.037651 50.344274
16721 81.364995 8.903094 50.405505
17232 76.550996 9.889146 51.825467
15093 10.747338 16.137144 50.517862
10189 7.181141 10.782494 53.379774
7888 7.390352 11.096625 52.709192
8086 59.259259 0.000000 29.629630
21193 11.741152 17.629357 30.694966
21194 11.602986 17.421901 30.939491
5917 32.713225 3.333824 80.306230
2109 59.171659 24.684839 45.704647
16844 76.731101 9.825410 51.799214
806 70.400824 9.154773 55.635660
14701 7.344151 11.027253 20.297826
1110 79.165891 9.867943 50.539244
1109 79.279985 9.834564 50.515609
12509 9.519051 14.292870 64.829719
3229 9.802674 14.718730 65.729489
13478 76.882628 9.875847 51.672964
14406 48.166835 8.264035 26.835341
16993 49.127630 7.490159 27.058038
12618 48.531432 6.053692 26.281596
2661 71.569295 15.262755 48.937335
1988 35.770081 0.000000 36.633603
7330 35.776080 0.000000 35.310912
10346 40.701480 0.000000 56.782240
8657 32.577262 0.000000 73.700811
8083 31.992146 0.000000 72.878282
346 32.934650 0.000000 71.910923
15757 65.327957 14.492669 52.828860
12063 64.659413 15.398889 52.256005
11517 83.675569 8.058253 50.095904
3538 81.923728 3.472341 55.562322
14817 7.931574 0.000000 91.664985
11428 7.434671 0.000000 87.299178
923 8.422430 12.646291 72.189324
6652 8.227098 12.352999 71.232372
12540 7.207032 10.821370 31.197126
13349 17.503504 26.281537 57.899185
15516 82.601802 3.043064 55.652991
21 34.839495 32.454460 50.093337
12292 48.253828 0.000000 42.356760
2867 33.711831 0.000000 46.947963
6489 79.151785 8.068600 52.347439
4208 79.398322 7.977519 52.315343
8955 79.236461 8.129069 52.244571
419 77.438500 12.408517 48.859824
5775 70.466800 12.492802 52.261305
3488 6.497712 9.756325 46.050042
668 6.686578 10.039907 46.518515
7131 83.942343 2.689714 55.336425
20643 84.250631 2.706108 55.165870
20648 84.263718 2.810134 55.055197
4942 90.480888 0.000000 53.118880
15878 10.448948 15.689111 49.116442
15699 76.216452 12.129874 49.749770
3661 76.091593 12.086849 49.855268
15977 76.345168 11.952565 49.862899
12267 76.447726 9.998923 51.767215
8596 3.582199 0.000000 73.038437
11727 33.180553 16.397475 66.995851
15042 33.219996 14.871486 68.503644
11693 40.979883 0.000000 60.655817
14816 33.784556 21.047359 62.039316
15633 84.451615 6.494357 51.273341
2113 81.491370 3.893479 55.356942
12348 81.497863 3.908015 55.339146
13914 2.277192 0.000000 65.983022
7018 41.411875 35.381554 43.877127
5255 40.960629 35.992332 43.491362
3410 36.810526 47.368421 34.178947
21523 36.605016 46.729443 33.863413
15408 6.387203 9.590394 63.134202
5033 75.778603 11.483333 50.615883
1699 84.433607 10.641336 47.131220
11435 71.383517 8.196036 56.104010
4550 4.715162 7.079823 37.649897
1684 42.503524 18.238565 60.491435
15261 47.007687 0.000000 41.752734
15260 46.517970 0.000000 41.440175
5234 2.837574 4.260621 61.682823
8616 34.493240 2.292152 80.458936
8618 34.134298 3.907950 79.020993
14948 10.423770 15.651307 37.814376
5237 81.503926 4.094492 55.149450
1817 75.207338 0.000000 52.988794
3269 81.408090 3.866852 55.425236
3522 54.019290 0.000000 65.251714
3516 53.902577 0.000000 63.846975
12933 78.962599 12.676358 47.829666
1685 42.220788 17.703241 61.168662
2703 8.680761 13.034176 40.492596
12680 17.272012 25.933951 25.778878
12678 17.560065 26.366463 27.123373
21444 7.524878 11.298616 74.484272
21445 7.579810 11.381096 74.984616
5111 56.682643 28.112736 43.517830
11313 24.712921 30.323002 22.454020
14425 76.594780 13.991183 47.697436
8674 76.190509 3.642364 58.258739
9923 76.840279 3.561274 58.015025
536 81.587081 3.929646 55.272884
15111 81.598124 3.938664 55.258335
1950 24.404090 0.000000 41.217032
2983 23.575993 0.000000 40.259904
2590 30.808322 26.496718 58.072624
2591 31.080324 27.520278 56.912040
4647 8.603952 12.918847 70.459136
10546 78.576448 4.775255 55.931745
4858 78.137440 4.923098 56.003259
9436 50.326931 0.000000 58.992930
4717 9.568478 0.000000 14.139935
2680 35.308160 28.815096 27.249507
15143 42.385823 11.301979 24.956471
7901 70.386303 14.174450 50.618225
1669 33.985749 31.830219 51.145076
16665 8.120260 12.192582 37.639169
15687 71.203165 12.194655 52.191567
8073 81.535064 3.927960 55.300580
10586 70.700348 20.707947 43.921171
1983 16.760007 25.165176 33.281115
154 72.776338 0.000000 50.040115
153 71.895586 0.000000 50.413415
3420 64.102671 22.753151 45.172761
15776 72.819904 13.719468 49.856860
5482 89.607999 0.000000 53.410597
10496 45.918521 0.000000 65.950305
16002 46.840386 29.080905 33.104134
15445 47.276095 28.083619 32.989893
6142 81.536500 3.918786 55.309046
14463 81.554946 3.918545 55.300063
12346 69.025534 13.226365 52.247641
16219 69.307150 12.784659 52.548981
15125 45.999812 0.000000 56.617810
481 18.878345 0.000000 62.279270
6838 88.015369 5.978510 50.007827
8077 87.467295 6.271924 49.988157
12206 84.298379 6.196985 51.647628
14993 83.999485 6.218270 51.775769
14992 84.444641 6.015888 51.755775
21118 63.860560 11.453443 56.604823
21105 63.545037 11.244288 56.971949
14654 62.274544 11.900749 56.950078
21054 62.470466 11.105780 57.647882
21104 62.974039 11.361528 57.140091
13584 49.254550 0.000000 46.428445
6121 79.282384 8.980227 51.369601
6560 79.296979 9.053219 51.289238
10758 79.085226 9.120744 51.327523
9510 85.254541 6.285695 51.080749
583 76.443569 6.126472 55.645617
21405 76.472270 6.287870 55.469707
4502 76.503651 6.447686 55.294041
21406 76.664450 6.294341 55.367140
1753 42.490373 0.000000 23.053174
11867 42.702684 0.000000 22.131941
13394 18.679267 28.046948 37.379951
12526 10.609581 15.930302 53.222815
13576 25.842288 0.000000 34.818935
1798 46.067022 36.847668 40.081973
1800 45.663653 36.726804 40.404643
15889 73.545055 4.875977 58.346619
13193 73.048007 4.780969 58.690247
15317 51.809016 29.581665 44.484246
14338 78.084907 9.533547 51.414466
1670 94.581014 3.728822 48.976942
4726 10.730570 16.111967 73.739865
358 5.859592 0.000000 78.214504
7711 14.617558 21.948285 61.562518
3236 75.546588 9.991799 52.224915
5260 42.448449 31.321313 47.423141
7237 41.946891 31.971697 47.022886
9963 9.442801 0.000000 64.810677
16248 8.780855 0.000000 62.317434
15347 69.276813 21.474442 43.865677
8295 71.099345 0.000000 44.036920
2414 62.962963 0.000000 31.481481
939 62.176498 0.000000 33.181795
14038 62.222222 0.000000 31.111111
13166 81.548877 4.768134 54.452659
13991 23.182815 0.000000 24.198092
16264 6.528008 9.801813 44.894089
16135 9.449020 14.187718 50.647238
4538 4.122659 0.000000 34.450871
14154 3.766349 0.000000 31.127165
11114 42.840290 41.839249 36.698767
11113 43.021296 40.953260 37.495139
15744 43.568074 41.157441 37.017365
5730 47.084525 11.725644 64.720367
8097 36.111391 16.026951 23.392670
7325 37.319304 15.629023 23.864117
8098 36.537073 13.945364 22.912343
6190 71.426408 16.063338 48.207395
4894 71.413918 15.939120 48.337982
1258 7.174098 10.771920 62.482270
1921 64.037120 0.000000 65.170627
829 49.557711 35.603266 39.582276
17218 84.667149 3.258001 54.405166
2958 85.088142 7.311304 50.137314
6210 84.888645 7.519925 50.028233
9980 50.769540 33.034936 36.385404
9981 50.173906 31.489511 35.572960
8409 80.125650 10.824371 49.101979
21098 73.464316 10.611348 52.645882
21106 73.392880 10.598751 52.694211
15849 25.457865 38.225022 34.717847
9182 48.257718 0.000000 30.094677
4142 71.696417 15.949843 48.185999
11210 33.333333 0.000000 83.333333
15432 76.654557 0.000000 52.905295
3909 75.783701 0.000000 54.001474
2251 75.506861 13.402684 48.830482
12839 30.314722 0.000000 16.371536
4596 50.513910 19.613779 31.788343
12433 26.957724 22.832021 63.666285
10603 27.457924 27.269045 22.809554
9730 8.075462 12.125319 18.846931
7853 46.952130 0.000000 58.180546
13902 73.596835 10.999640 52.190943
13900 73.865276 10.878645 52.177838
13901 73.787234 11.010728 52.084644
16481 33.174899 4.692773 18.150143
12870 33.272801 2.822114 17.576165
9770 19.418744 0.000000 44.676986
9771 19.825544 0.000000 47.525039
6944 18.847715 0.000000 47.045308
8108 69.634816 0.000000 61.136256
1265 3.199422 4.803937 80.501547
7496 78.472354 5.261885 55.496676
7494 78.271609 5.202322 55.656672
10325 32.228866 0.000000 42.792603
16997 44.061208 0.000000 61.754706
17261 44.525260 0.000000 61.590870
7395 46.615531 22.138655 54.531441
16430 46.068585 22.394089 54.549224
8133 25.921601 0.000000 42.550808
4385 25.637588 0.000000 40.994526
8131 26.333454 0.000000 40.964644
9388 80.413299 5.566756 54.221028
17149 51.824182 17.929669 31.882671
21321 52.183807 16.701889 31.653632
21322 52.604944 16.628383 31.839723
14869 10.968254 16.468850 33.213331
14866 51.126693 27.292017 34.651588
7257 34.573132 45.940241 36.727253
20819 76.794306 11.691279 49.899877
5089 78.707831 7.096550 53.542438
1427 78.860490 6.930816 53.632008
15888 72.848956 13.512844 50.049165
7356 73.086160 13.237589 50.206093
8226 78.192683 12.725147 48.165787
8225 78.408675 12.678113 48.104872
14068 78.082316 12.901440 48.044501
9927 78.867661 9.749168 50.807252
4143 71.762771 16.071962 48.030581
17036 72.023468 15.782317 48.190167
89 43.924589 0.000000 54.481174
11788 8.850223 13.288623 25.584830
16852 35.942772 0.000000 26.507738
16973 36.044452 0.000000 27.481801
13404 78.110103 8.504849 52.431595
1771 70.216333 18.611745 46.261477
10065 14.800000 22.222222 70.355556
5118 78.859078 9.957028 50.603476
5119 78.706486 10.001012 50.635744
6623 79.218751 4.894174 55.491556
12964 76.043645 16.315503 45.646359
14179 75.639206 16.453261 45.710683
10984 35.795587 8.442426 20.709121
3864 85.139688 8.701009 48.720446
8877 75.352359 0.000000 47.295422
1593 8.773888 13.174006 30.395548
2944 8.893607 13.353765 31.014998
5147 69.774829 18.751184 46.342650
15176 70.003529 18.448289 46.531498
2351 17.724944 26.614030 21.907203
9772 62.698913 8.699441 59.942403
11421 61.645825 8.903950 60.264234
6448 76.976314 11.647709 49.852486
3084 8.750003 13.138142 32.193264
4326 45.300818 24.822675 52.502094
17145 65.990475 25.121865 41.857775
16403 52.238334 19.805788 32.714495
14108 51.420523 19.684892 32.265331
574 86.588207 9.658653 47.037585
6221 8.333333 0.000000 95.833333
12669 7.500000 0.000000 96.250000
17284 7.251974 10.888850 71.110800
1789 11.578001 17.384386 15.350334
21683 93.784932 2.601591 47.758795
21682 94.032585 1.751408 47.599511
2308 7.293652 10.951430 49.929028
4759 7.498502 11.259012 48.896656
12962 75.923515 16.302795 45.719144
4211 97.026403 0.436375 51.049987
10848 8.423453 12.647827 31.550453
1286 71.271610 18.766233 45.579195
8697 71.233016 18.628984 45.735879
13728 52.741915 28.492404 45.108146
6850 52.631017 29.425487 44.229579
15278 7.874435 11.823476 32.301393
3384 81.507766 1.146065 58.098905
14818 63.788154 15.581457 52.508885
5768 78.583656 9.073383 51.625716
9797 78.625547 8.960410 51.717856
12317 68.879798 1.370983 64.187746
4656 66.326051 16.731543 50.088700
4600 8.017691 12.038576 62.068358
4601 8.120481 12.192914 62.832904
12446 79.304059 13.814474 46.519682
6391 83.542139 9.171727 49.048032
15451 15.328571 23.015873 69.296825
10632 81.514744 3.950571 55.288106
11054 45.010342 20.404309 57.070115
2318 44.054448 0.000000 27.485252
7406 22.728571 34.126984 54.474603
2130 25.862494 30.791042 56.246920
4880 69.222759 15.231346 50.142043
13497 78.346282 3.587889 57.235382
11671 77.829005 3.745999 57.335752
10982 75.281404 6.410198 55.942690
10388 75.585179 6.473569 55.727368
826 77.135221 11.625399 49.795366
1415 32.349910 2.779486 17.100523
4198 9.224608 13.850762 44.172595
9024 9.389148 14.097820 44.353211
15322 48.052762 28.441462 47.503715
12559 20.184391 30.306894 35.414870
21468 81.684177 10.910168 48.236834
21483 81.617777 10.978830 48.201303
16740 15.778084 0.000000 61.486997
1970 12.464306 18.715174 35.574747
1425 79.151136 6.740777 53.676914
15673 19.805421 20.830242 69.246217
12318 91.012699 4.588734 49.900328
13733 61.976608 22.907510 46.081279
17245 61.697570 22.489599 46.639126
14417 70.340720 0.000000 56.582627
13892 73.861086 15.243270 47.810944
13891 73.721029 15.302086 47.822098
968 6.402222 9.612946 68.706178
15234 42.052879 0.000000 47.695270
14545 91.796248 0.000000 47.481546
5935 67.784042 15.937636 50.154405
16267 67.881321 15.606571 50.437161
5962 44.100084 0.000000 58.279624
5963 44.389603 0.000000 58.173268
2953 34.366607 0.000000 44.001177
15553 81.773907 10.324866 48.777855
4800 17.715416 26.599723 46.589182
9303 88.592042 3.852886 51.847241
2960 49.228064 0.000000 41.173226
10340 49.558018 0.000000 39.963791
11540 73.387139 13.093171 50.200166
4515 32.451738 12.976632 70.784522
6431 75.360701 8.202241 54.109206
5432 36.886590 41.639292 39.875774
13435 86.551895 7.258046 49.458748
7460 53.991963 16.172986 56.814860
12677 84.641726 1.615101 56.062421
10591 24.870419 37.342971 45.102541
1654 74.152060 6.535320 56.382115
13001 79.024110 11.512577 48.963855
5884 79.225393 11.397577 48.978329
3399 78.703941 9.933869 50.704226
16224 10.995725 16.510098 62.538760
12410 9.007092 13.524162 49.139064
16568 9.526822 10.030996 85.195561
8427 47.311273 0.000000 53.604869
3319 77.480499 9.096768 52.153886
2966 43.018246 29.894324 48.566659
5739 42.965974 30.657993 47.828362
15610 11.171749 16.774397 50.718717
17056 67.116726 19.157301 47.265179
4808 67.608776 18.923768 47.252920
8487 35.434762 46.714943 35.520961
3012 46.348916 0.000000 33.937295
17108 73.148123 13.611356 49.800971
14584 23.449346 20.267992 67.987067
10951 22.614173 20.626668 68.045619
7355 73.273753 13.033046 50.317044
13189 78.972964 7.858065 52.647595
13190 78.850484 7.813979 52.752965
943 21.410081 12.752766 76.529441
21484 82.452057 9.767134 48.997070
15276 40.385557 0.000000 46.669050
16343 86.702526 7.266172 49.375298
13080 86.398921 7.494073 49.298973
15274 86.344073 7.449709 49.370805
12806 79.658317 8.865063 51.296913
15584 50.629143 20.437738 54.227253
516 74.074074 0.000000 37.037037
3484 78.798801 8.592898 51.999109
9803 7.564900 11.358708 52.633718
10957 75.650972 12.343049 49.819122
16336 76.604646 6.729649 54.961298
12218 76.282004 6.889500 54.962608
4503 76.357897 6.687062 55.127302
17214 8.896861 13.358650 43.897529
1762 66.247138 17.193139 49.666099
21323 14.963312 22.467436 18.907608
16604 8.962326 13.456945 34.991362
14637 70.370370 0.000000 35.185185
6997 24.324778 19.298411 68.519902
12008 78.937752 6.251230 54.273643
8404 78.965691 6.121755 54.389278
8369 77.430552 10.694188 50.579842
21583 43.776364 36.462688 41.612667
21436 43.476065 36.905212 41.319850
21639 43.598374 36.665071 41.499077
10947 73.264253 13.847427 49.506599
15197 73.354401 15.771389 47.535639
17328 73.333999 15.660760 47.656580
17123 73.568821 15.554148 47.645887
1852 8.677857 13.029815 35.745109
12584 6.755065 10.142740 29.906663
11874 42.039702 35.760050 43.184338
3114 45.905031 8.591428 68.447465
3321 70.046813 17.901116 47.057576
14713 65.865309 0.000000 40.528709
5322 31.505256 14.306917 69.926148
10480 72.164080 14.901223 49.001836
14744 51.061010 31.610606 36.056837
11371 20.670737 0.000000 18.668881
13649 91.251239 1.279228 53.093874
10425 91.436094 1.387230 52.893336
3974 23.468092 16.118719 72.131116
3975 24.393284 13.541061 74.248756
15198 73.105051 15.878517 47.553079
5157 12.296549 18.463287 62.132403
5241 73.877349 15.164461 47.881701
3652 44.575917 31.984469 45.695588
3323 69.638320 18.144135 47.018561
14045 69.493386 18.035355 47.199917
13307 71.456257 11.914892 52.345065
13069 18.124818 27.214442 23.282689
2350 17.505183 26.284059 23.866072
15644 53.717063 15.101973 31.887489
5161 8.869455 13.317500 47.813828
12123 10.613285 15.935863 55.428486
4118 63.356501 4.581961 63.735206
4872 62.612393 4.689505 63.999609
106 70.986270 16.992147 47.497726
4302 71.357352 16.775654 47.528895
13962 86.832767 5.502867 51.075247
11704 25.385421 38.116248 46.525829
14707 36.241125 0.000000 31.710089
16680 35.690324 0.000000 32.149883
16632 35.461921 0.000000 31.232882
10040 61.666667 0.000000 69.166667
10039 61.160685 0.731825 68.687101
15519 60.833333 0.000000 69.583333
1543 68.696365 6.318193 59.327306
2553 77.911058 10.033950 51.000487
13581 48.719116 19.161695 30.740403
10029 48.201947 20.374674 30.885740
11291 84.382331 7.169438 50.632227
10767 84.074303 7.344034 50.611470
9929 13.537165 20.326074 66.487922
8479 42.365643 27.489807 51.299882
4359 87.298753 5.082677 51.262864
20955 79.396744 14.282932 46.004413
20956 79.582067 14.090301 46.104576
20976 79.243919 14.439923 45.923678
8432 90.454436 0.000000 50.144622
1994 90.951015 0.000000 48.592653
1899 35.934741 22.914043 59.095672
3442 3.049456 4.578763 92.053769
4466 82.791465 2.521704 56.080042
10372 48.265467 0.000000 48.218155
5753 88.929809 6.627355 48.901113
12668 7.076005 0.000000 92.337499
3956 76.540841 12.189698 49.527692
3071 37.662429 0.000000 59.903624
10697 38.237538 0.000000 60.144320
15401 7.909222 11.875709 66.689644
8502 7.895405 11.854963 65.325644
6429 75.376306 8.028371 54.275448
6430 75.648271 8.017418 54.150429
9435 50.117379 0.000000 58.148429
8006 80.452092 8.351085 51.414518
12478 82.922055 12.123605 46.403243
834 83.162950 11.814211 46.592500
4135 6.949754 10.435066 41.541213
180 20.644976 0.000000 73.117662
15820 11.675163 17.530275 49.635222
12895 11.710057 17.582668 51.118356
15695 12.070160 18.123363 49.907898
4969 15.833333 0.000000 92.083333
11218 57.093441 7.315761 30.982869
16269 56.278947 6.294926 30.235684
16674 80.906012 6.099143 53.441752
13056 34.579521 0.000000 65.161786
7908 35.241503 0.000000 64.076063
10913 13.642066 4.359667 8.272802
553 77.981886 9.928779 51.070349
1214 38.515611 0.000000 60.678162
13802 48.876245 24.469170 51.068238
14885 81.282927 4.216226 55.138094
10086 73.465557 10.356100 52.900765
17136 89.816727 0.829296 54.261511
3113 46.737334 8.576611 68.046146
9987 9.719915 14.594468 37.107227
12496 77.113175 11.326765 50.105321
846 77.158950 11.198673 50.210653
7699 91.276278 4.187812 50.169861
2884 12.453060 0.000000 77.673926
16684 12.943462 0.000000 74.750793
281 8.387472 12.593801 43.915616
718 6.012108 9.027189 18.327420
10726 77.198754 0.000000 53.898019
17207 49.751944 9.206526 27.941745
16058 38.464839 0.000000 31.410177
9962 40.657196 24.642311 28.534487
13481 73.355956 18.815153 44.488054
14996 69.595989 10.832465 54.358708
14987 69.081436 10.732806 54.715744
15449 75.806869 9.627093 52.459845
20958 77.551707 15.931877 45.276338
20957 77.239537 16.201145 45.162886
9028 68.853060 7.691548 57.874230
1951 25.031022 0.000000 40.086150
5819 73.017116 5.146098 58.340198
2670 71.750319 17.285959 46.821596
4565 88.148148 0.000000 44.074074
2950 88.393940 0.000000 45.747064
7227 41.314423 22.258670 57.061859
2367 39.937693 4.420608 21.440909
12138 74.285337 0.000000 54.219890
3908 74.885003 0.000000 55.263678
4016 37.516744 0.000000 39.665033
7650 30.336114 42.781157 29.414182
7651 31.264174 41.422054 29.425631
2129 27.059170 29.967805 56.472643
3426 72.954364 12.317365 51.193135
2411 73.074746 11.625709 51.825292
6572 13.177493 0.000000 85.899384
6932 12.168980 0.000000 86.467729
15815 34.043999 47.475811 35.454713
13573 34.297884 48.119424 34.683515
15717 74.345309 11.541149 51.274655
5562 36.309084 0.000000 47.418061
5564 35.760256 0.000000 48.696791
11393 31.899939 0.000000 41.270420
10410 80.918516 5.353003 54.182386
3513 48.264000 32.113017 43.722870
5359 75.664485 3.750616 58.413390
12204 82.079798 5.608615 53.345878
1346 6.152681 9.238260 9.207800
3300 5.655554 8.491823 8.731130
14290 57.617488 0.000000 44.155255
11455 35.778468 44.812305 37.253649
15293 48.815182 0.000000 59.940012
4975 13.102832 0.000000 36.538532
15949 45.185185 0.000000 22.592593
15352 81.660929 3.885235 55.280415
10077 33.032673 19.466491 63.997707
10079 32.976229 20.896875 62.594113
11431 32.113624 20.758442 63.163988
515 3.536534 5.310111 67.723571
15428 48.736457 0.000000 50.935090
5898 83.692718 10.158463 47.985019
15336 91.790140 5.374323 48.725232
3674 85.732824 8.216904 48.908467
21269 85.510916 8.397773 48.838371
21270 85.445957 8.376543 48.892101
21271 85.531586 8.276210 48.949721
13606 80.526917 11.117137 48.608287
13607 80.404840 11.129392 48.657058
12769 84.657439 8.514235 49.148531
4904 84.825287 8.370492 49.208494
15496 72.405073 7.886855 55.902722
15941 7.579682 11.380904 59.345711
12633 56.665542 0.000000 59.215701
4713 57.121972 0.000000 57.767203
21272 85.490141 8.014638 49.232277
1561 85.191226 8.193234 49.202959
3955 76.354735 12.310246 49.500076
3957 76.449308 12.339872 49.423135
1337 78.761517 10.305923 50.303013
2651 34.104525 0.000000 25.974267
7280 34.842529 0.000000 26.703225
7193 9.643221 14.479311 54.847975
9710 67.103719 0.000000 60.970518
16933 67.779988 0.000000 58.343352
12957 54.363158 34.210526 38.573684
8117 82.354197 3.442624 55.376835
4793 82.727508 3.226958 55.406061
4792 82.819855 3.381790 55.204901
12258 45.288824 0.000000 52.871386
12260 45.014594 0.000000 53.214862
1624 70.864286 17.410802 47.139644
4658 34.392971 23.753336 59.026425
2166 35.202851 22.710401 59.665464
7697 73.734869 9.777854 53.344934
13983 75.846290 12.222656 49.841977
1007 82.851130 9.170956 49.394308
11052 77.489092 10.581308 50.663564
10686 62.765035 18.924554 49.674004
15578 72.467638 14.544192 49.207445
8867 72.696705 14.493104 49.144050
13736 72.431257 14.704959 49.064708
2778 79.096431 12.789200 47.649795
6283 75.948806 6.889135 55.129573
6282 76.092500 6.631448 55.315671
12240 75.733420 10.495150 51.627645
9380 64.074696 12.738957 55.210956
16100 45.622647 14.799855 62.374022
10967 44.668083 0.000000 49.244027
14675 44.318260 0.000000 49.000973
13987 83.453639 7.343746 50.922091
13735 72.641267 14.671023 48.993672
5703 65.695865 0.000000 59.515729
16520 61.586952 14.473277 54.718773
1432 21.673662 7.218459 81.937492
16796 87.426672 8.341341 47.936982
14138 82.678842 7.532307 51.120740
1500 18.963034 28.473024 20.469281
9621 72.673772 3.328140 60.331646
5053 57.511416 0.000000 56.543607
13359 84.419124 8.508400 49.273530
12014 7.709116 11.575249 54.975836
6884 81.571717 8.800006 50.405335
14002 48.358920 22.135819 31.550688
7468 82.502811 8.596842 50.143156
1843 74.917673 9.644636 52.886883
9150 78.716746 7.947937 52.685742
16138 63.166964 11.916610 56.487992
688 32.085066 0.000000 78.524099
6483 1.213084 1.821448 88.822513
813 39.867209 17.251353 25.678305
10004 39.418921 18.953089 26.020839
7983 72.074507 3.308584 60.650854
296 7.289166 10.944694 74.631619
16610 80.740018 11.018190 48.600783
1941 38.544470 33.397679 30.393662
1830 83.289680 6.674465 51.674021
2690 83.192940 6.616504 51.780410
6162 76.519623 9.505132 52.225551
273 16.431899 24.672522 56.600019
4737 16.177571 24.290647 58.816071
1448 38.120395 0.000000 56.868446
13418 37.545449 0.000000 56.889770
13431 75.822313 12.789169 49.286886
7 79.759425 7.723617 52.388947
16306 40.292954 0.000000 29.863480
3397 78.121740 7.052109 53.879969
14832 28.914382 13.321017 72.208471
16868 50.139527 19.966851 54.943418
359 5.649509 0.000000 83.531379
21100 75.679643 9.847676 52.302655
21101 75.487741 9.925521 52.320683
21107 75.355631 9.939080 52.373165
15816 15.913160 23.893634 25.572820
13786 28.787220 15.154545 70.436690
13226 64.354330 21.107956 46.693771
7614 37.381565 35.176867 46.097174
12835 81.786168 5.711954 53.389249
2120 44.103646 0.000000 29.757112
15390 37.858579 0.000000 31.617288
21234 59.860093 22.730277 47.316946
8990 43.835166 16.003308 62.063106
140 79.907854 11.729829 48.304514
13438 65.231718 0.000000 40.107860
102 0.462644 0.694660 22.082276
7268 0.201751 0.302930 20.669001
7269 0.272874 0.409721 24.277489
21108 62.025482 10.832303 58.144124
16442 65.816070 0.000000 42.443346
11458 48.095408 25.273921 32.463920
9216 5.960267 0.000000 16.411374
15680 49.542622 0.000000 54.792629
13867 50.040085 0.000000 54.466354
16732 30.964960 0.000000 74.184092
13799 7.708311 11.574041 83.616159
14334 75.041525 14.311299 48.153627
10278 74.851300 16.762045 45.795543
1601 75.183784 16.430708 45.960969
10562 7.339346 11.020040 79.106585
14827 6.878148 10.327549 80.938302
9270 27.277644 0.000000 40.814008
2545 72.453482 15.714259 48.043286
2546 72.570172 15.808612 47.890494
5533 17.777778 0.000000 8.888889
8812 15.321849 3.201057 8.726876
20821 16.296296 0.000000 8.148148
4807 67.530625 18.674693 47.541320
11883 38.518174 8.217928 21.995657
16867 76.619295 9.263027 52.418063
15894 76.824090 9.204360 52.374390
16574 35.862318 0.000000 30.393500
3441 3.171429 4.761905 93.647619
16757 10.646099 5.743546 88.927661
8454 13.240929 15.284133 78.080119
13596 35.569593 0.000000 55.737375
5623 34.321411 0.000000 82.055465
15575 34.166667 0.000000 82.916667
3548 42.813425 0.000000 43.996800
4189 0.740741 0.000000 0.370370
20650 1.261458 0.000000 2.640229
20651 0.997177 0.000000 2.794069
6404 7.663811 11.507223 61.500142
5655 7.405642 11.119583 62.028629
5479 88.066265 4.325228 51.637315
9580 88.672422 4.006942 51.652840
21325 10.383800 15.591291 31.675222
21326 10.274294 15.426869 32.382695
11442 42.786712 0.000000 67.769868
2802 87.163409 3.626397 52.788273
10526 65.205808 10.899278 56.486919
21109 64.822312 11.503876 56.073465
8037 8.215261 12.335227 57.422499
13267 8.085687 12.140672 58.361391
15825 81.319662 3.960396 55.375813
13773 43.025563 0.000000 52.745222
17206 34.387420 39.952707 30.497961
2560 5.251336 7.884889 41.437178
4557 41.731375 28.184957 50.921170
384 46.979672 29.857079 46.623228
383 47.689919 29.396324 46.729321
9943 78.404552 9.092110 51.696522
6269 78.444676 8.977558 51.791127
12974 39.599370 28.570730 51.601014
15882 84.832111 7.076568 50.500300
3851 42.618848 0.000000 58.829585
5964 8.777882 13.180003 50.222306
6820 24.859318 34.105024 23.786632
13846 81.976971 8.619358 50.383537
13421 42.291350 0.000000 77.336629
1552 47.698705 0.000000 43.807249
4780 13.660798 0.000000 39.817514
3296 81.332594 7.850221 51.475632
14541 80.425440 13.700247 46.073333
14373 75.461947 5.882043 56.381101
3316 7.276630 10.925871 68.362073
6603 6.666667 0.000000 96.666667
21014 6.658737 2.239852 94.428540
5859 78.748828 10.931852 49.682803
8439 80.796653 3.194528 56.403951
12281 81.763022 9.939877 49.168672
16462 74.081748 8.784685 54.165656
12388 72.774615 14.124892 49.473675
6512 72.557680 14.119257 49.587784
20822 72.659234 14.124992 49.531266
3070 39.633520 25.568477 54.589195
7295 77.132303 8.750710 52.674388
7148 8.590824 12.899135 58.427867
6615 78.509865 11.764959 48.968344
6038 31.852110 47.825991 33.970676
5838 50.386695 0.000000 63.104730
6174 49.984815 0.000000 62.413567
3243 27.086729 28.584889 23.062133
1356 58.386073 6.315755 31.296183
1357 57.875905 8.615256 31.806833
10078 33.849660 19.699716 63.355754
8042 75.843837 6.554557 55.516970
8041 75.695568 6.792372 55.353052
5700 85.794883 0.624801 56.477133
5701 86.570688 0.694236 56.019726
16923 34.969018 0.000000 55.263788
11677 37.937057 34.274157 30.381823
17038 41.859812 42.384180 35.043838
12441 79.572328 8.105588 52.100143
4207 79.493429 8.036850 52.208398
8936 30.649954 0.000000 36.950265
21273 82.018086 11.862318 47.116776
21251 81.717669 12.097049 47.032020
4693 68.997601 18.338845 47.144016
12695 48.999712 0.000000 30.040706
8894 49.507681 0.000000 50.184709
6445 87.959975 0.000000 50.231208
8608 74.943780 6.359984 56.161766
12176 72.281576 15.481414 48.362316
11808 72.557885 15.242285 48.463530
9274 46.429694 34.082861 42.668210
8557 87.141844 1.683677 54.743717
11439 8.068172 12.114372 31.799693
2739 38.332589 30.525291 29.331216
8519 45.224043 0.000000 63.742976
8518 45.104762 0.000000 64.413712
13365 50.052240 33.521035 41.419324
13111 49.769315 32.746932 42.335663
9864 43.463595 25.923170 52.319109
1914 7.583018 11.385913 39.077738
6044 26.489049 38.219021 25.971458
15153 84.259039 4.617316 53.248547
21350 84.016100 4.735834 53.251380
21351 84.053294 4.645212 53.323496
8419 89.468421 7.894737 47.363158
21685 87.729441 4.762579 45.450659
5711 51.167837 0.000000 67.303597
4148 52.003174 0.000000 67.242985
11546 77.961656 7.503043 53.508626
5862 67.897498 5.369452 60.676429
13416 84.145394 9.287968 48.630047
15458 50.826392 23.616285 33.277419
13052 41.677848 0.000000 54.226825
6556 38.507395 0.000000 26.453211
4240 75.992568 15.353381 46.634981
1044 46.054209 0.000000 58.532212
1390 46.117101 0.000000 59.066679
4323 43.604072 0.000000 55.145302
8072 8.293087 12.452082 49.621542
5363 42.157334 0.000000 52.734860
12908 68.179143 19.190302 46.700936
1219 5.690861 8.544836 59.413190
5364 42.388168 0.000000 52.485192
8956 91.047017 0.000000 46.905959
88 43.661543 0.000000 54.663477
7851 46.610209 0.000000 58.456694
11733 46.878887 0.000000 58.784754
2406 81.841900 7.142201 51.929707
1838 72.647042 2.323424 61.350732
16755 79.334619 15.361217 44.956112
1792 47.067375 0.000000 56.962241
12958 61.609518 0.000000 38.712421
4778 44.006330 0.000000 63.547953
439 12.652172 18.997256 66.931266
10699 77.007358 9.158618 52.328544
6517 76.997720 9.252052 52.239836
2059 81.779122 10.916206 48.183317
7635 82.140761 10.671129 48.247820
14985 16.200000 24.324324 16.200000
21197 16.257944 24.411328 17.559844
6215 47.959907 0.000000 58.462957
12304 11.276016 16.930955 20.128524
13612 10.987484 16.497723 21.582786
3242 26.304040 29.188167 22.871679
10206 4.531598 6.804202 43.800475
10205 4.674216 7.018342 44.728450
12889 52.334726 0.000000 61.157314
12699 41.048378 0.000000 48.319458
15235 41.545808 0.000000 48.012993
5327 17.222967 25.860310 46.931761
9719 17.423956 26.162096 48.381542
6459 37.390172 21.550733 25.871480
2095 4.044233 6.072422 48.719633
1952 25.170940 0.000000 42.019444
15083 38.068674 0.000000 19.709059
20823 37.037037 0.000000 18.518519
20824 37.777778 0.000000 18.888889
9751 14.293860 0.000000 58.605344
9752 13.606728 0.000000 55.070745
16718 48.101972 34.262389 35.460361
10116 48.738109 33.834692 35.636007
9419 54.926505 15.366875 57.154506
12355 8.050315 12.087560 70.407986
4718 80.350689 8.316036 51.500304
16670 75.611218 0.320917 61.873153
6536 27.230456 34.326376 25.045911
6664 26.436954 34.304838 24.641988
10360 26.913804 36.265598 25.533346
6537 27.431319 35.298289 25.469990
21017 5.154253 1.830756 95.590286
21044 4.738712 1.844546 95.784253
9214 6.657918 0.000000 89.297881
5362 42.365057 0.000000 52.901517
16427 13.080290 7.582878 85.869394
1959 41.790973 26.104775 52.973634
15151 42.335979 26.041637 52.764332
11877 41.859457 26.798273 52.245200
1736 18.208391 0.000000 35.131558
4406 68.661171 4.990196 60.674228
13712 67.993693 4.732279 61.266143
16862 78.081634 10.357758 50.591068
4241 37.175559 25.027142 26.921818
4242 36.295254 25.342031 26.586523
14709 84.332015 0.928696 56.904367
13179 91.820347 5.222083 48.862522
13049 92.611275 4.699034 48.990630
13721 81.876920 6.240749 52.814550
3785 78.981448 10.346835 50.152094
6183 70.584368 18.406207 46.283203
1116 79.600823 0.349981 59.849257
15099 82.974033 6.784691 51.721507
316 64.818397 16.477495 51.096829
4837 65.180532 15.702140 51.691892
7036 62.936674 0.000000 54.343735
11947 69.608138 14.842652 50.338437
6922 11.762499 0.000000 51.780485
13124 44.386617 9.841788 67.955062
12709 51.266868 0.000000 34.076064
6730 50.856008 0.000000 35.319636
16470 50.348348 0.000000 34.492313
15914 73.465809 1.618785 61.646692
15082 47.701396 24.149429 51.975724
11758 22.841845 34.297064 42.916288
8456 51.129628 0.000000 29.134955
13335 6.145136 9.226932 61.512538
14357 83.100638 8.679057 49.761944
5384 33.694253 0.000000 38.373037
5478 32.957922 0.000000 37.779195
15146 8.761237 13.155011 77.527380
7436 87.329914 0.000000 52.959643
4220 79.812134 10.627266 49.456040
16958 6.252877 9.388704 62.380722
12979 15.998185 4.271682 9.421563
4959 10.434634 15.667619 38.862632
14947 10.659552 16.005333 38.109989
11622 75.988715 10.886227 51.108529
10514 34.662172 0.000000 63.907699
9777 89.370180 3.838144 51.472927
9776 89.313908 3.670864 51.668511
6137 81.633952 4.863712 54.314448
1394 94.189975 2.937746 49.964328
165 25.002670 24.235029 20.571600
14439 24.953112 25.455297 20.953170
12020 25.698340 0.000000 84.145338
11999 24.704974 0.000000 84.955353
16711 60.418400 28.301304 41.461194
13439 48.071941 35.774364 35.948834
21199 14.632939 21.971380 23.228163
11476 15.443314 23.188159 30.206201
11478 15.161963 22.765710 32.615933
12629 58.730474 9.616223 61.008924
9164 58.359510 8.851953 61.959441
148 59.294018 8.580152 61.764259
12600 30.259936 0.000000 40.012117
453 47.651468 29.826520 33.757965
4641 6.601025 9.911449 68.172711
2176 74.746409 12.022072 50.592701
2175 74.483216 12.140611 50.605640
13140 77.480383 12.823583 48.423402
5841 39.184100 37.095951 43.274903
368 62.450487 25.836887 42.912032
14614 51.744542 8.100462 28.569725
12491 78.088801 0.000000 59.937503
8230 84.030982 9.718397 48.256394
2969 30.062151 0.000000 48.280502
15147 61.269362 24.857018 44.483444
16872 61.373800 24.264194 45.024641
15275 86.181336 7.461305 49.440565
20681 9.596356 14.408942 57.158062
11628 9.627350 14.455480 55.970006
20680 9.573654 14.374856 56.778709
21686 88.872601 3.271001 45.525544
16861 27.231483 15.570857 18.800837
5476 79.104623 0.000000 54.941821
3911 84.045682 9.440187 48.527532
14347 83.793760 9.516532 48.577071
4217 72.979996 14.271453 49.224277
3928 42.769238 24.551864 54.038965
4181 42.822813 25.281785 53.281527
14487 50.238578 5.953889 68.920868
15220 73.686170 13.702668 49.440544
235 73.701256 13.842070 49.293460
20785 71.820449 14.576212 49.498987
9039 10.444526 15.682471 48.168112
5319 84.802974 6.752781 50.838979
5318 84.504447 6.922155 50.818699
13960 72.867424 15.593585 47.957109
6688 73.056088 15.394554 48.062007
2212 68.918014 22.033964 43.484996
10670 77.241490 9.509051 51.860695
10669 77.275441 9.584167 51.768528
7742 77.368943 10.582222 50.722724
4154 44.960145 17.699081 28.373866
9694 65.934446 13.738383 53.280656
9695 65.801037 13.211255 53.875015
16302 45.118212 1.952641 75.486301
7187 75.139271 11.755762 50.662847
10671 77.446457 9.443301 51.824027
15998 52.009092 30.465834 43.499155
14201 73.241369 10.915210 52.453190
8727 82.104128 10.446546 48.490943
13275 78.183443 7.484344 53.416450
12294 8.819015 13.241765 46.173804
16342 31.211898 40.466253 43.887332
16999 29.250000 43.918919 29.250000
13261 44.171167 0.000000 32.808293
15690 6.845016 10.277802 82.654105
11380 75.994421 14.327763 47.660699
5974 43.241303 0.000000 45.932552
2643 74.218620 18.760755 44.111174
2413 63.703704 0.000000 31.851852
12721 43.378098 0.000000 54.874321
15162 43.451330 0.000000 54.372872
15484 12.253259 18.398287 73.532624
3411 72.291398 16.785599 47.051917
777 82.363870 5.931194 52.880940
1082 17.138697 0.000000 71.494486
7357 50.088572 0.000000 42.811001
9204 50.812074 0.000000 42.609837
14408 55.767368 33.157895 38.925263
15208 43.894461 0.000000 53.774005
2570 35.952994 39.917156 42.066430
14595 71.289200 18.229988 46.107182
1296 81.550785 2.544071 56.677992
5425 81.557949 2.300380 56.918345
17067 81.994452 2.366199 56.634209
4475 4.926946 7.397817 58.239456
13724 87.275111 3.159627 53.199658
13725 86.805556 3.229176 53.364817
1301 12.477975 0.000000 43.799944
14618 20.162967 26.272497 63.619747
14198 21.517789 0.000000 13.889585
20826 21.452325 0.000000 12.228154
20827 21.044170 0.000000 12.342845
5324 85.925926 0.000000 42.962963
7102 88.239185 3.342244 52.534822
1557 37.658416 0.000000 79.441175
4370 59.654491 0.000000 35.130331
4509 73.380280 13.877956 49.418026
4216 73.066783 14.059034 49.393515
8180 80.791185 6.445887 53.152075
6632 75.204362 12.292223 50.093304
10778 75.346642 12.141900 50.172637
9763 3.516183 5.279554 59.618919
3691 3.937807 5.912622 58.291199
3194 75.991117 7.077688 54.919676
3649 41.308394 0.000000 55.866333
7243 41.136811 0.000000 53.928550
4677 2.496835 0.000000 74.797120
10318 3.165095 0.000000 75.805465
12505 79.966741 11.315346 48.689968
1505 55.364436 0.000000 33.646277
3082 54.705851 0.000000 33.321101
5592 8.185818 12.291018 24.728607
15847 53.818432 12.441143 31.052117
8750 76.375255 8.165845 53.638362
10941 76.664240 7.992129 53.667759
17048 26.286416 16.026783 18.480127
10612 43.527676 37.901266 40.296995
9129 44.025447 37.246375 40.703655
1262 5.199523 7.807092 77.631038
1138 46.495081 0.000000 59.016541
20892 78.072827 9.065146 51.889375
11602 63.184604 12.771922 55.623004
2510 55.176559 32.087148 40.292485
11045 8.469298 12.716664 35.935015
4524 31.491087 30.731016 53.492709
7659 41.868531 17.305232 61.743198
1799 45.570680 37.457642 39.719561
21414 79.074823 6.671753 53.784164
21415 78.983645 6.669641 53.831867
13956 78.020995 5.143281 55.841079
4560 36.678548 0.000000 54.038723
15901 47.881111 0.000000 53.825370
467 48.172966 0.000000 54.034222
13463 16.760653 25.166146 26.314718
5026 38.514357 0.000000 73.519653
2297 25.730382 3.185830 83.945793
1092 82.998735 10.130978 48.359523
15245 82.778413 10.327344 48.273122
14280 71.792921 2.051535 62.049953
3684 68.524305 5.696847 60.035304
3386 82.130891 1.159154 57.774241
9593 8.112834 12.181432 54.005274
2056 45.388457 0.000000 62.999813
21377 29.838217 44.802127 30.544118
21380 30.150000 45.270270 30.150000
21564 29.682160 44.567807 29.929153
21374 29.397868 44.140943 30.562209
4119 31.717042 42.559763 30.030922
378 32.975915 42.401960 30.607810
222 46.382426 0.000000 50.437557
14953 3.554821 5.337569 91.080105
11185 4.414092 6.627766 59.610095
8589 4.323012 6.491009 58.131855
3829 30.959115 43.959975 30.118229
5065 85.029817 4.110664 53.370317
9219 8.793837 13.203960 81.171185
9218 8.797377 13.209275 79.303651
5183 5.812876 8.728042 39.949261
7781 81.518133 10.101256 49.129576
12935 0.617369 0.926981 19.416017
14651 33.339481 0.000000 28.896243
14367 7.007423 10.521656 53.950974
14251 75.983329 11.821515 50.174999
16622 77.127302 11.838959 49.585551
17236 7.907960 0.000000 64.737961
9213 6.580675 0.000000 85.273904
15719 85.844563 7.656480 49.413582
16084 9.370346 14.069589 27.219490
6435 37.968187 43.312958 37.659635
5230 81.454758 7.532223 51.732866
1700 84.764595 10.529389 47.077784
16591 16.919268 16.677650 14.013292
11138 77.327930 8.021756 53.306258
608 77.230918 8.139714 53.236687
607 77.092872 8.129939 53.315494
20959 86.133103 8.302321 48.622825
20929 86.239425 8.183945 48.688159
12750 10.380219 0.000000 27.271538
5020 78.185854 11.421449 49.474203
7868 78.035330 11.523625 49.447186
13965 68.658966 20.727404 44.922386
15468 66.223079 20.718462 46.149280
15443 20.298009 30.477490 50.354528
9526 70.631017 12.831551 51.840109
14073 79.554902 10.909605 49.302035
13628 44.985986 0.000000 52.690375
3912 83.924769 9.607729 48.420279
7110 77.627327 8.026876 53.151433
12078 16.140886 24.235565 29.411029
14507 15.672864 23.532828 27.767053
71 66.592334 2.137865 64.563830
12186 67.502349 2.043530 64.203252
3348 3.710236 5.570926 40.801974
2617 3.400823 5.106341 40.240496
4591 75.816489 14.168919 47.908668
9934 49.526439 0.000000 52.737002
20869 26.546306 1.408584 13.742212
20835 26.106525 1.751161 13.636399
20831 27.840592 1.639584 14.466278
20850 27.656633 1.346037 14.276547
15627 80.900923 8.720565 50.820253
5583 4.674524 7.018805 52.101329
16743 71.621004 12.645252 51.531601
7380 29.797834 43.155435 41.902493
4566 29.967910 41.907706 43.066432
14783 69.945110 13.523045 51.490877
3428 77.636049 5.482629 55.693864
6089 77.939209 5.334891 55.690169
4827 38.750223 0.000000 64.004922
13113 34.915802 0.000000 78.278779
12087 54.528370 0.000000 31.069227
16818 53.662669 0.000000 31.690550
5989 48.043617 0.000000 34.690998
12601 55.087068 14.243349 58.198874
14093 8.751724 13.140727 33.052096
1787 18.562505 0.000000 31.695732
1788 18.907295 0.000000 28.231953
7375 28.371632 0.000000 74.079728
12215 28.651535 0.000000 71.174430
4052 83.896334 9.367077 48.675389
11550 24.993873 34.866753 52.601444
6307 6.732742 10.109222 36.834614
6528 6.936859 10.415704 36.888929
7039 9.753995 14.645638 45.529658
420 9.648118 14.486663 44.991154
3400 78.566360 10.036767 50.670016
10021 78.046565 0.813063 60.162842
4661 43.618638 0.000000 33.761324
8198 8.346085 12.531660 62.582607
15725 8.206946 12.322741 63.455519
16978 6.135871 9.213019 32.572256
12753 5.877817 8.825551 31.860802
11265 71.033564 16.471409 47.995337
11669 36.647260 43.862948 32.929992
11750 37.462539 43.088745 33.079822
8980 38.018952 20.291290 25.766475
2506 46.070862 0.000000 35.447035
7991 45.747705 0.000000 36.394905
13490 4.588254 6.889270 82.077466
3714 83.879848 8.951122 49.100003
14018 83.333333 0.000000 58.333333
283 28.148148 0.000000 14.074074
20830 28.326140 1.423842 14.637209
10151 45.230103 0.000000 41.792043
16078 28.495769 0.000000 53.250572
14497 77.312271 8.394107 52.941363
11495 76.743095 15.676902 45.935874
13694 19.361896 0.000000 34.945323
14949 79.818306 9.609144 50.472094
11485 79.993125 9.531625 50.462280
10046 79.223742 8.689972 51.689467
4698 72.762857 16.592458 47.009522
7254 43.658223 0.000000 73.551749
15290 30.956485 0.000000 25.965028
10659 30.251020 0.000000 24.896160
6719 75.673975 11.899550 50.251563
16874 50.155549 9.287782 65.625156
12815 37.960376 0.000000 52.529065
13242 79.327296 11.420032 48.904900
2455 52.511855 27.004167 46.712901
2427 53.059612 27.382658 46.060153
12689 6.414074 9.630741 34.097170
12688 6.191848 9.297069 33.905246
761 48.368452 30.443636 45.341694
762 47.903294 31.546148 44.470659
947 77.197379 9.022323 52.369965
4357 85.347559 4.840284 52.481096
9766 73.928908 11.517753 51.506275
8760 74.167952 11.360607 51.544057
9765 74.048921 11.532182 51.431825
14142 5.931184 8.905682 33.447409
10506 5.718261 8.585977 34.472656
10505 5.998639 9.006966 34.950440
13156 51.330192 30.176186 35.713766
12189 42.605892 4.656025 22.853403
9391 38.965152 0.000000 61.598536
10547 8.418273 12.640050 65.740319
10548 8.445104 12.680336 66.978562
1065 78.245399 9.000167 51.868133
21225 77.700144 9.397640 51.742890
4054 84.223292 9.153786 48.725414
837 85.872891 4.093645 52.965816
16819 83.259212 7.372490 50.990531
6159 83.179229 7.493168 50.909724
3195 76.062543 7.246134 54.715348
10289 80.904499 5.901574 53.640275
15129 45.223740 13.234933 27.019103
15031 48.130466 26.309504 49.598953
7613 40.147772 21.941568 27.380428
7445 39.987118 23.657544 27.871521
7264 43.757680 0.000000 39.886576
7263 44.466427 0.000000 40.288061
4787 17.614852 0.000000 74.066180
1724 9.047114 0.000000 44.312079
3738 25.883771 0.000000 67.927833
3740 24.934991 0.000000 69.519178
11673 78.693660 11.640221 49.001309
164 25.991931 22.930000 20.631655
1484 48.533440 0.000000 59.353586
3077 47.584323 0.000000 58.795752
4852 74.525793 6.583170 56.147350
21363 41.940642 38.557918 40.433203
13152 5.281957 7.930867 23.167067
6322 79.527183 7.836589 52.391983
10803 64.444444 0.000000 32.222222
11762 3.893746 3.693914 94.355519
21019 4.342346 1.955796 95.871075
5447 79.932010 14.912834 45.106249
1492 41.314482 18.810574 26.921162
8476 8.059441 12.101263 32.812242
13995 50.180542 35.025748 39.848955
10290 80.876257 6.014337 53.541520
17293 81.101725 5.898499 53.544740
8656 31.628145 0.000000 74.922348
6281 39.408192 0.000000 78.929567
1558 38.385139 0.000000 79.225441
590 78.897252 9.143103 51.399128
9997 13.754672 16.009107 77.097548
21687 89.399553 4.320095 46.138368
4709 3.700000 5.555556 92.588889
9202 48.197790 0.000000 64.154293
5692 47.929658 0.000000 63.523923
10400 48.494785 0.000000 63.458116
7407 23.891240 33.233856 54.787290
17017 6.005101 9.016668 70.645795
4574 22.788331 30.937077 57.637821
12469 42.636645 0.000000 52.256278
6821 81.173960 7.515817 51.889688
3835 63.092600 7.825139 60.620736
10149 53.002658 0.000000 43.928379
7473 7.485749 11.239863 47.713732
6472 32.397746 0.000000 55.686440
1875 49.937912 13.573854 29.489050
2724 86.341728 8.945041 47.875150
12205 81.925777 5.562713 53.468836
855 47.962380 0.000000 64.831442
21113 76.121309 9.673190 52.256483
4089 15.402899 23.127476 47.211980
21278 85.417499 8.771874 48.510605
21274 85.267629 8.918269 48.438998
11862 35.954663 24.547187 26.151545
8617 35.153804 3.188564 79.231345
2359 50.227121 0.000000 56.687002
12623 50.478684 0.000000 55.918831
1582 68.711096 19.093046 46.532312
7016 41.517967 34.594319 44.612103
16915 42.076175 34.101022 44.826790
7017 41.904943 34.823630 44.189075
15140 80.089799 10.370328 49.574402
8704 79.937466 10.499780 49.520987
7785 45.718967 34.061013 34.201801
10959 44.869776 34.455909 33.908706
1027 49.900898 35.886168 39.127497
3822 50.440905 35.543931 39.200072
5800 87.288872 8.324162 48.023078
2726 86.775435 8.603193 48.000487
11157 79.887372 14.349789 45.692175
562 80.159308 14.068905 45.837372
11959 31.157876 0.000000 62.584482
9597 23.801173 35.737497 30.120637
2291 74.110024 1.673798 61.269517
8586 79.295376 7.930509 52.413873
6861 48.709956 0.000000 54.563456
592 11.425754 17.155787 57.246611
9903 38.198171 39.743990 41.117180
6062 38.591440 39.035417 41.629828
12110 44.296510 12.517576 65.321651
4514 33.402644 11.688481 71.598509
8303 34.346987 10.566197 72.249743
6908 85.042650 10.224905 47.243545
1287 71.581042 18.427129 45.763923
4660 43.055599 0.000000 34.793364
6505 11.934260 11.927785 82.093157
12953 39.125623 31.587826 48.817775
20972 79.775847 13.936252 46.161888
20983 79.848200 13.853179 46.208868
15037 66.695065 19.640498 46.992329
15952 44.727682 0.000000 60.960615
11423 44.295680 0.000000 61.068566
10887 1.393058 0.000000 23.827658
2993 80.371687 9.152258 50.652746
13917 68.573543 20.387838 45.305003
11108 68.988153 20.248016 45.237659
14840 42.159404 9.591542 69.319164
11159 79.515126 14.584860 45.642992
12412 35.229475 39.627079 42.718557
13223 18.537060 0.000000 44.367730
5801 86.879066 8.650402 47.901414
21654 32.825210 49.287103 33.667932
9703 43.464126 0.000000 70.358296
9702 42.936632 0.000000 70.102169
10236 72.482203 13.635753 50.109510
14700 7.479038 11.229787 21.500615
9775 73.166556 7.813686 55.595223
12167 7.340727 11.022112 53.841644
21327 11.168004 16.768775 29.335527
12807 28.323484 0.000000 80.405279
2309 7.052036 10.588642 50.689757
9834 85.680229 9.989685 47.160211
14835 91.770115 2.276165 51.836501
10218 79.329965 7.765687 52.561565
12413 4.391784 6.594270 12.826670
13521 9.881212 14.836655 28.369296
1424 16.282860 15.085390 13.164865
3159 61.859640 4.537366 32.440763
15539 83.319034 7.276390 51.056817
8025 83.502207 7.147188 51.094561
13121 74.582416 14.886056 47.807850
7004 73.286434 17.802255 45.536725
14396 72.880548 18.028909 45.512788
7958 21.047109 0.000000 67.673086
8649 38.623217 31.402353 49.254636
20915 2.186883 0.000000 95.631804
7271 7.245825 10.879617 56.122181
5148 69.907999 18.801573 46.225626
8374 77.566389 7.945318 53.263542
1662 74.789558 8.411123 54.185687
2532 80.531374 9.655790 50.068867
8610 1.927081 2.893515 26.861809
8792 88.277359 6.588479 49.266253
917 92.157395 4.058611 49.858633
2363 8.993255 13.503386 30.413348
12191 32.400000 48.648649 32.400000
12582 32.850000 49.324324 32.850000
1039 10.363136 15.560264 58.706044
14354 23.871169 12.009996 76.042409
9733 19.497036 0.000000 59.629380
7839 43.959797 0.000000 74.240564
3307 43.632803 0.000000 75.101250
11830 91.174237 2.648393 51.761840
21018 5.745122 1.636697 95.489105
21021 5.921249 2.441070 94.595865
7658 41.373366 17.741109 61.554467
9731 44.277036 0.000000 65.633862
7320 7.496104 11.255411 32.235850
14247 54.725646 0.000000 65.990654
5067 26.238634 0.000000 48.172402
9602 79.266102 9.439959 50.917550
16167 20.196405 0.000000 50.361566
12210 39.683161 31.513803 48.613103
10955 81.714982 3.912950 55.225646
11976 78.630751 5.998179 54.680447
11975 78.574068 6.106948 54.599911
7372 82.771742 12.630229 45.971270
9953 82.725163 5.149463 53.482806
12322 39.012635 0.000000 58.715302
16832 70.285610 12.349580 52.495265
16218 69.819814 12.552392 52.525149
13063 70.113108 12.168223 52.763055
16176 69.555670 12.950419 52.258795
8700 32.896262 48.095374 32.463890
7506 88.206969 0.535484 55.360496
4997 31.559186 14.462394 20.595570
12545 9.820929 14.746139 39.679032
6508 62.319666 27.990197 40.821979
9133 40.561366 0.000000 76.603050
12031 35.628456 0.000000 21.568706
11787 11.292790 16.956142 69.539047
9287 37.197329 27.098335 54.275902
9983 26.987296 40.521466 35.446854
16085 35.573613 5.692327 76.515174
5646 68.965277 11.282232 54.223848
4721 10.300379 15.466035 30.831871
14877 37.103723 16.901298 64.529940
16088 75.076433 11.145586 51.305052
7966 37.991164 24.434618 56.545365
5127 72.811897 0.000000 54.096323
15711 51.459671 0.000000 70.474324
7599 94.535958 1.976589 50.753456
5539 37.055735 26.294305 55.151533
7185 74.984943 11.916184 50.579429
156 38.700783 3.040190 77.606378
12056 19.350000 29.054054 19.350000
2994 80.276443 9.142827 50.709808
15201 74.239851 8.891842 53.979341
785 51.178005 0.000000 69.709199
9283 54.814815 0.000000 27.407407
13753 77.447702 12.597016 48.666536
7391 81.321808 8.179559 51.151357
2349 17.151313 25.752722 22.461396
14145 40.301190 21.262601 58.565541
9840 40.856755 21.276817 58.273529
12398 6.870547 10.316137 57.487216
1271 6.676815 10.025248 57.362400
1381 81.590502 11.909711 47.283128
11128 8.394249 12.603978 35.132733
1098 4.495913 0.000000 6.859059
20652 83.899851 2.555180 55.492340
20653 84.166656 2.574551 55.339546
2162 23.367946 0.000000 21.909706
2163 22.436201 0.000000 21.553765
15488 47.371649 33.179478 34.734591
6146 71.088969 13.813616 50.628086
11479 70.762500 13.876504 50.728369
10048 57.379087 9.347599 61.953510
15330 84.792233 4.279917 53.319687
1440 9.112216 13.682006 52.113681
14040 86.717021 6.311907 50.323271
362 67.646553 9.240251 56.927232
3546 42.952656 0.000000 63.102741
12522 81.342105 6.672038 52.650238
14734 75.664473 9.303464 52.854996
5926 9.900000 14.864865 9.900000
21202 14.798843 22.220485 22.151241
6327 56.082175 4.595231 67.359086
7811 58.430832 14.198938 56.571447
6866 6.315980 9.483453 60.326411
15788 6.349518 9.533811 61.293425
12377 9.118360 13.691231 35.813479
15273 9.104612 13.670589 35.189957
13599 34.858849 33.448692 49.088435
12735 50.696794 28.890536 45.732176
4899 84.010053 8.537484 49.448952
9378 64.085338 11.884340 56.061107
21112 64.523784 11.301894 56.424912
1506 56.169000 0.000000 34.000855
584 76.205239 6.417875 55.473088
2085 27.873658 30.108241 23.962874
14558 9.076833 13.628879 13.500573
8554 40.672697 0.000000 38.516295
12917 51.205884 0.000000 47.882597
8477 41.959470 27.364375 51.628525
14925 76.753094 13.658570 47.951225
10602 70.508191 21.129735 43.595040
6188 18.188763 27.310455 21.410622
13410 50.029284 0.000000 56.111492
14053 31.674509 0.000000 64.041048
14677 31.087452 0.000000 66.115511
12108 6.015611 9.032450 16.098348
719 6.146934 9.229630 17.161977
6296 53.597846 0.000000 71.604092
20832 29.939690 1.868597 15.592088
7827 46.128416 0.000000 53.458063
9728 43.760731 0.000000 58.375617
16566 68.595877 18.965806 46.717290
12619 22.010067 13.342777 75.638847
2986 22.831970 12.473421 76.098121
10292 81.011223 7.838488 51.648063
1610 19.817604 29.756163 28.445082
6816 72.811878 0.393340 63.200328
10178 37.131991 0.000000 60.721092
10179 36.449052 0.000000 61.570494
5383 80.741170 11.200677 48.417537
3668 88.275593 3.600784 52.257818
11680 42.957326 0.000000 35.995928
268 78.380894 15.156402 45.637994
4498 77.316235 11.195270 50.135417
20736 77.353063 11.225912 50.086331
12168 24.655105 20.514971 19.159038
3326 24.384748 22.320411 19.625071
4842 23.291252 23.884478 19.599157
5839 50.840893 0.000000 63.776846
5516 9.738826 14.622862 63.118867
5170 56.135860 22.743727 49.165599
4671 75.817207 14.265271 47.811860
11399 84.971736 7.920065 49.586147
10923 84.934583 8.042019 49.482647
1860 77.799227 9.041362 52.049984
9663 29.548490 39.933075 45.252747
13658 80.318821 9.002519 50.829068
9076 11.914316 17.889364 25.223324
15700 40.945599 15.918253 63.593029
2507 45.984406 0.000000 34.737182
1628 46.585745 0.000000 34.886475
21328 9.587958 14.396334 35.022392
21486 51.300048 0.000000 55.816816
21487 51.146815 0.000000 55.493134
1849 79.612109 9.660647 50.523638
7358 49.423418 0.000000 43.084293
15875 49.275919 0.000000 43.923800
10466 73.320177 9.422356 53.908133
10465 73.484205 9.532654 53.715711
5952 25.548691 0.000000 14.846964
5559 24.690598 0.000000 13.759104
8604 21.540289 32.342777 38.974556
10392 21.516244 32.306672 41.170798
12455 23.198814 14.221286 74.165085
16772 22.409690 16.504465 72.274186
5829 41.054234 0.000000 35.454342
1851 8.790971 13.199656 36.389562
1853 8.597802 12.909613 36.593627
11977 83.670309 6.326634 51.831885
21237 56.748076 26.580894 45.018487
21359 78.994352 10.376813 50.115634
7242 40.785005 0.000000 54.092002
11097 7.412785 11.130308 59.280316
11096 7.219409 10.839953 59.006006
4215 72.741605 14.312730 49.302155
9804 42.955081 0.000000 69.325760
2494 12.159798 0.000000 47.722460
11276 77.327067 13.517785 47.805164
10384 77.242964 13.678756 47.686084
10057 36.513810 42.622469 39.078004
6300 25.539029 9.514541 77.706430
11658 24.754911 11.355995 76.255193
11613 79.148961 7.837120 52.580562
7130 34.730294 33.890949 28.650833
16524 26.174130 26.293140 21.842681
920 81.921572 7.400022 51.631792
1247 27.218039 12.459353 73.919168
3387 40.833333 0.000000 79.583333
1766 1.351190 0.000000 85.232643
9183 47.882775 0.000000 29.232189
4944 45.405826 0.000000 58.724753
15958 10.230274 15.360772 18.731079
2152 40.547805 0.000000 52.462014
7174 76.059173 13.978256 47.978179
3101 76.139570 13.819545 48.096851
4453 74.021460 15.122473 47.851675
20646 84.520112 3.932266 53.803746
5538 37.518653 25.371847 55.843454
4373 84.605507 4.563626 53.129057
1205 28.302725 17.054076 19.830370
70 66.082765 2.804840 64.150973
9463 65.178292 2.786058 64.622010
7229 41.912924 21.374451 57.647712
11424 13.515814 20.294015 18.940658
6544 13.102789 19.673858 20.280225
5786 90.000205 6.974761 48.018161
21410 78.245911 6.606562 54.263875
21411 78.408204 6.593262 54.196043
456 60.211483 0.000000 46.279148
10792 82.166631 6.184331 52.726169
6094 37.936587 0.000000 77.767977
852 67.650326 11.995971 54.166870
11940 85.999421 7.878909 49.113502
10320 18.725562 28.116460 55.165403
20833 42.571541 0.000000 21.620686
20746 42.222222 0.000000 21.111111
20834 42.985223 0.000000 21.771490
3729 41.984615 0.000000 21.607407
17159 82.162261 2.148480 56.768242
21022 13.406572 2.328366 90.966020
21023 13.884229 2.225993 90.829667
21036 12.932337 2.436676 91.094719
21238 77.587705 9.362858 51.833926
5777 84.869668 5.828944 51.730393
16562 38.948954 0.000000 41.671410
15444 38.571201 0.000000 40.677230
14843 84.752139 6.199900 51.417831
16704 84.587359 6.361824 51.338135
8797 84.397420 6.356811 51.438123
5556 80.773131 8.536638 51.068260
458 60.098180 0.000000 48.595704
21114 76.201408 9.662479 52.227154
17137 75.234608 13.357253 49.012086
3359 75.085886 13.353967 49.089736
10644 34.177308 0.000000 37.549007
10685 62.492832 18.552052 50.182980
16691 62.091771 19.333570 49.601211
13446 75.925705 5.675485 56.355986
15184 75.478361 11.796987 50.452035
10186 13.239955 19.879812 60.989863
11746 82.001986 11.174632 47.813200
6490 78.991600 8.214451 52.281535
6488 78.917312 8.149544 52.383650
16281 22.711213 0.000000 25.784746
6150 22.029041 0.000000 25.344937
5187 6.246705 9.379437 20.497698
3125 6.426120 9.648829 21.107830
2870 74.324792 18.290516 44.528797
11065 40.540787 36.018982 43.674606
1036 5.976459 8.973662 45.253055
13651 82.742796 9.076522 49.543003
6507 61.780926 28.184577 40.896775
21025 48.008258 4.109955 71.881805
21024 48.450597 4.113516 71.657072
2267 38.009407 6.634025 21.213834
4854 56.146901 0.000000 43.089214
7547 77.315069 8.904384 52.429177
13575 8.394400 12.604204 16.702912
4768 79.515323 10.510010 49.721819
7439 48.481595 0.000000 25.440656
7441 49.629630 0.000000 24.814815
9309 5.879438 8.827985 57.878001
8120 5.982043 8.982047 59.150412
8119 6.171333 9.266266 57.636326
6042 71.278953 14.606519 49.739398
6043 71.180893 14.457137 49.937960
11938 38.893517 0.000000 39.612669
11823 27.425922 0.000000 28.185309
16422 76.659151 12.377681 49.280366
4362 86.509611 5.981460 50.757753
2421 82.623430 10.526915 48.150843
8571 33.318120 0.000000 61.527447
8570 33.083722 0.000000 60.090423
7953 2.617979 3.930900 76.829275
7900 2.719660 4.083574 78.711575
16590 55.721537 24.663496 47.451072
16735 6.717541 10.086397 24.143582
9868 6.467100 9.710360 23.983081
16009 37.578507 0.000000 57.772250
4794 83.199000 3.191431 55.205877
2079 83.660632 3.162762 55.003759
940 62.969794 0.000000 33.509301
10066 15.082277 22.646062 67.696242
12411 9.125618 13.702128 49.386482
3134 9.270524 13.919705 48.876492
7985 12.755558 19.152489 60.457936
10579 90.354210 6.063976 48.752855
11351 3.810080 0.000000 42.018196
11728 32.237343 17.726702 66.136900
14565 33.123287 17.941833 65.478582
15105 52.294389 31.075552 42.746178
14191 70.778610 16.765009 47.828921
11909 43.539386 0.000000 35.579228
13205 43.603832 29.072406 49.096606
3357 75.204157 13.187280 49.197455
10536 4.868985 7.310789 61.101938
14203 79.605107 9.483178 50.704785
4140 52.203178 0.000000 70.464772
12713 49.305212 0.000000 65.335082
5651 49.389930 0.000000 64.328363
14857 8.069560 12.116457 54.841528
6518 76.990667 9.338112 52.157216
8352 74.649388 0.000000 57.417555
6981 81.997930 6.687497 52.306851
9321 22.491819 0.000000 84.417309
1148 53.104504 33.043294 40.371411
3809 50.157826 0.000000 64.076971
16694 11.406197 17.126422 55.468267
1048 6.273366 9.419469 19.352325
14025 74.433877 12.400729 50.369932
1796 15.643542 23.488801 59.656691
10142 35.579058 38.924455 43.247091
12415 4.738020 7.114144 14.678903
15024 4.901989 7.360344 13.099929
16054 35.494025 1.627143 80.624218
16053 34.807687 0.868553 81.726735
20647 84.538978 3.855132 53.871524
2420 82.398437 10.584077 48.206121
15051 63.731221 0.000000 33.884536
16261 92.184885 5.440075 48.462042
9041 48.642570 26.568201 49.083946
7675 6.613230 9.929774 23.103678
6462 6.992237 10.498854 43.353762
7738 30.898705 20.748846 22.358718
20836 32.892306 1.391760 16.909609
20820 33.744082 1.324918 17.313238
20837 33.310631 1.384698 17.116420
4439 47.645660 0.000000 44.998451
7590 77.226030 2.205014 59.179766
6644 5.996269 9.003406 62.859696
3074 83.860788 4.602393 53.462610
11894 24.167336 24.055760 20.094236
15609 11.336545 17.021839 49.648261
13644 82.334408 7.309971 51.515515
4399 82.542254 7.134788 51.586950
10900 45.856462 21.779239 55.270751
14812 78.807359 12.289286 48.294745
17011 79.056526 12.195614 48.263927
6724 75.640865 5.313486 56.860768
14165 76.119278 5.105236 56.830020
15741 5.750258 8.634021 73.322374
10246 87.290427 9.029255 47.316502
10247 86.986464 9.148543 47.349076
15922 50.971031 19.370035 55.125079
8946 36.116658 0.000000 60.498106
9184 84.007716 4.438112 53.553592
9786 46.485086 0.000000 65.929647
10467 46.826968 0.000000 65.155458
4949 21.142577 31.745610 49.508810
6041 71.540609 14.315903 49.899477
508 43.187810 0.000000 65.291592
12758 16.694431 25.066713 54.411276
12759 16.414263 24.646040 52.962501
4309 16.144109 24.240403 55.184348
4363 86.433404 5.924195 50.853179
1365 86.329786 5.875920 50.953311
1364 86.768561 5.680535 50.929504
6160 83.003448 7.505614 50.985156
12761 4.704197 7.063360 74.630762
12986 40.593693 0.000000 62.968752
259 31.752646 2.284187 16.636957
7382 31.140920 2.854368 16.520964
8324 78.488082 6.757706 53.991495
21412 78.548743 6.642150 54.076837
21413 78.634078 6.665197 54.011099
7616 37.357179 35.920557 45.364932
14694 87.184910 7.026073 49.374446
367 63.314161 25.191741 43.125987
11509 56.762994 21.824756 49.771923
3630 7.215284 10.833759 40.164374
4902 27.757392 2.965446 14.866190
21329 13.939086 20.929558 21.513178
11659 65.712799 7.240715 35.267558
16251 80.162067 0.000000 50.702724
13270 80.001623 8.693787 51.296708
5297 80.082265 8.592345 51.357931
5257 40.556547 36.598612 43.086516
10996 51.386283 0.000000 66.437546
814 8.433151 12.662390 46.116726
8694 78.468055 6.373748 54.385851
2449 81.926340 13.399798 45.623632
7813 77.639379 13.301460 47.865549
14572 30.503475 28.567038 56.152658
10267 62.102050 27.571217 41.350187
1405 62.638466 27.411730 41.241625
2132 78.908543 10.563570 49.971595
9142 37.151396 0.000000 66.586163
9349 36.904170 0.000000 65.430345
12551 79.628126 0.000000 45.468678
13630 79.742747 5.979546 54.143101
16742 79.705839 6.093650 54.047337
5704 66.336899 0.000000 61.001125
5702 65.677159 0.000000 62.758449
3256 35.862664 33.733444 48.301490
72 81.969579 4.478242 54.532490
12970 72.364179 15.606925 48.195379
6798 80.352678 8.776717 51.038167
7792 33.219146 0.000000 22.671218
14332 82.433310 11.007078 47.765260
7279 35.512387 0.000000 26.882281
16840 32.843632 0.000000 34.839285
12321 32.975458 0.000000 33.532727
21379 6.767637 10.161617 69.432266
9808 70.956795 10.610390 53.900602
15698 37.389537 32.639331 48.633262
2458 36.989207 32.365999 49.107032
11189 10.626203 15.955259 36.733853
14664 75.399386 13.843543 48.442921
1537 9.179885 13.783611 75.921697
6856 7.754395 11.643236 82.362043
6855 8.261270 12.404309 80.885901
5276 41.166865 0.000000 62.743990
16919 69.461848 6.326329 58.936420
14244 90.824228 5.135219 49.447532
3029 32.873246 10.106047 19.801937
3413 71.949021 17.009396 46.999084
14262 83.617495 10.920144 47.260188
692 84.010738 10.598652 47.385381
6011 51.474755 19.845965 54.396812
3507 77.463504 9.522285 51.736440
13625 68.598129 22.028468 43.650439
14596 89.032474 6.701532 48.775529
17099 73.454461 12.458195 50.802116
13870 14.930342 22.417931 38.971687
16794 90.320077 6.216606 48.617140
9064 90.232864 6.400718 48.476450
8799 84.542579 6.192267 51.530252
21324 15.296108 22.967129 18.137923
21331 15.379780 23.092763 17.418197
10288 80.655862 6.032481 53.633555
12793 36.281041 13.843419 68.002217
7535 77.552788 9.333872 51.880400
21077 77.583224 9.280886 51.918222
21115 77.636321 9.278235 51.894327
7639 77.856112 12.133537 48.926273
15926 6.089058 9.142729 76.884223
13906 84.588631 4.879367 52.821438
13132 74.393428 10.431227 52.361628
11884 31.173824 22.119576 62.271393
11885 31.111565 23.777655 60.642784
14881 30.347549 20.430285 64.375510
11848 78.578766 0.898538 59.811180
13896 48.311639 0.000000 60.058114
13888 48.155524 0.000000 56.616660
13833 24.877042 0.000000 22.299492
15480 25.309200 0.000000 21.548005
10347 38.734559 0.000000 24.742396
6659 21.163293 12.957745 14.896575
11601 62.299996 13.684213 55.152105
6988 82.134920 13.102670 45.816768
9335 38.568597 6.514381 74.194806
14875 77.086948 3.178659 58.274688
13903 77.502814 3.347607 57.897638
7171 80.375533 12.199464 47.600570
6706 40.092546 32.390581 47.530755
5845 2.875874 4.318129 71.525302
8155 2.446727 3.673764 72.284577
7596 75.406353 12.663636 49.620523
5201 33.940679 0.000000 39.808448
17297 34.959342 44.013816 38.462499
12936 39.575735 6.199250 74.006683
16900 39.936528 7.364203 72.660168
15697 36.876991 33.200062 48.328243
10182 79.926976 9.674735 50.352102
9737 79.977369 9.707633 50.293975
4080 52.916715 0.000000 67.757110
13322 78.847852 8.083791 52.484199
11471 33.764418 18.342946 22.990410
14950 20.824364 7.077409 12.768959
13636 79.323112 7.475930 52.855038
10634 79.122699 7.603216 52.827831
3813 21.375710 0.000000 23.820336
15263 17.742138 19.636391 15.409987
711 80.691834 11.522658 48.119902
8788 45.068717 21.218656 56.225767
10898 45.183255 21.999870 55.386503
8789 44.505407 22.103833 55.621360
799 80.234737 9.727656 50.145247
3615 69.999962 22.309468 42.668242
11631 22.047273 33.104014 50.436294
6155 41.469442 0.000000 22.167334
15589 35.989786 0.000000 46.265883
3914 7.884575 11.838701 51.499605
4716 8.237068 0.000000 13.284530
1370 40.726503 0.000000 66.092811
13237 5.866619 8.808737 71.979976
16709 14.352581 16.708096 76.098905
11814 81.842774 12.420071 46.646122
9425 31.139901 32.766101 51.631183
8959 62.989719 0.000000 44.678835
12923 81.564336 3.953467 55.260412
12049 69.906737 20.032876 44.993722
10694 73.707130 14.351766 48.780317
8721 73.811917 14.402766 48.676873
11 2.819183 4.233008 41.874569
2815 51.602077 0.000000 57.319432
8294 71.054245 0.000000 41.898493
12232 71.093194 0.000000 39.721710
4531 48.799391 0.000000 62.705763
9002 61.949966 0.000000 42.543015
13792 62.229907 0.000000 44.139047
16240 79.844373 13.447174 46.617193
1216 38.488568 0.000000 61.391033
10597 78.885298 6.771510 53.779069
10493 30.657143 46.031746 38.593651
17063 73.969870 1.280746 61.733038
2395 25.132377 0.000000 64.233195
20893 77.999435 9.112023 51.879147
11271 39.193816 0.000000 54.338318
8 79.811307 7.612462 52.474272
17242 79.398022 8.261748 52.030979
14493 12.453515 0.000000 55.653099
21419 78.115351 6.610514 54.325201
7930 69.421063 10.211597 55.067660
6285 90.255259 5.846559 49.019965
5850 76.585573 10.674363 51.022177
11304 44.270261 0.000000 57.794449
5066 84.623420 4.223144 53.460923
3136 73.220821 12.063360 51.314167
5465 80.088957 9.103434 50.842984
2304 74.847291 2.505448 60.068401
11177 74.605325 4.154096 58.539087
17134 75.639208 12.507803 49.660085
12310 0.186523 0.280064 31.500943
13793 62.827230 0.000000 42.651755
6936 21.550434 32.358009 43.499807
12794 35.738905 13.172919 68.944456
1850 79.657633 9.682736 50.478764
8854 23.172673 34.793803 49.289801
13068 67.698660 15.453986 50.681230
10396 16.937136 25.431134 48.823699
9625 76.395764 10.777038 51.014303
9626 76.479903 10.823138 50.926087
9397 78.280811 11.924326 48.923344
16412 56.732516 2.720118 68.910903
9916 51.427611 0.000000 44.651551
8926 51.897840 0.000000 43.523233
16153 40.843289 37.278824 42.262253
1127 29.188983 0.000000 54.743525
4157 69.991588 11.226250 53.766730
21117 69.611846 11.449456 53.733172
21204 31.480296 13.322069 20.176397
14394 69.316762 13.362750 51.965506
2348 65.925926 0.000000 32.962963
6857 8.150588 12.238120 82.535776
14213 54.472509 0.000000 39.547779
13032 69.625802 13.458239 51.715402
15641 69.443218 13.853794 51.410743
15272 9.091762 13.651294 34.497438
10416 6.445730 9.678274 57.406262
10729 79.479138 11.820497 48.428113
11932 79.361769 11.819002 48.488295
13389 13.125479 19.707926 65.599493
15527 38.009040 32.149287 48.814044
15753 32.229839 23.509842 60.351728
15287 8.801433 13.215365 54.511707
464 83.839711 7.388028 50.684729
1508 9.455135 14.196899 47.882452
17187 79.021821 13.519485 46.956085
10166 52.257877 0.000000 60.129628
7946 76.775752 13.361567 48.237196
1818 76.995924 13.323188 48.165527
11868 30.233263 3.117471 16.154749
6344 77.762237 13.118525 47.987238
14069 77.879880 12.938775 48.108346
253 77.681197 14.209858 46.935334
6707 40.153598 31.604409 48.287188
20709 9.397203 14.109914 55.017949
20715 9.488754 14.247379 54.963191
7077 92.085550 1.341507 52.614376
7786 45.798545 32.582207 33.749147
5659 52.406710 0.000000 42.342040
12969 84.651429 10.360444 47.303481
8348 48.687028 29.881988 34.294216
8924 51.130117 0.000000 43.610041
3176 68.096640 23.294204 42.634182
6415 81.575378 3.925270 55.283116
3151 32.614482 34.470951 49.187337
5940 30.985968 8.830071 75.668115
14212 46.423902 0.000000 26.157938
13460 47.448720 0.000000 25.834785
6891 9.058076 13.600715 44.028648
9143 7.433034 11.160711 71.790303
9909 8.474329 12.724217 54.778157
16173 45.396409 22.701159 54.577935
14634 45.142549 31.844880 33.175620
6412 84.612730 5.825635 51.862174
6304 59.277895 30.526316 39.804211
5576 80.718806 12.870180 46.757547
13973 91.836165 1.023603 53.057290
10701 92.082483 1.150065 52.807544
4308 15.887399 23.854954 57.425245
4206 79.685698 7.863497 52.285791
10777 82.620880 0.000000 56.618190
3906 84.923789 6.222874 51.309009
4441 47.297221 0.000000 46.116311
7050 80.880449 10.392273 49.157110
12085 29.510343 29.021335 24.419276
1820 76.851476 13.518107 48.042636
20625 8.667487 13.014245 55.104700
20626 8.741769 13.125779 54.859090
903 27.875900 0.000000 83.497069
15486 46.545989 33.615956 34.467108
7965 40.645211 0.000000 55.719505
3650 40.927982 0.000000 56.232757
4757 30.279150 29.655971 55.174798
6399 79.925394 4.637305 55.395360
16225 66.008636 15.227840 51.752614
8190 75.912641 8.008100 54.027571
16164 30.009208 29.612077 24.865426
7963 11.154472 16.748457 39.249904
2841 7.090798 10.646844 35.925491
3376 51.702600 0.000000 72.573244
13883 36.145523 43.682000 38.201556
9515 5.699437 8.557714 15.191770
3632 7.348987 11.034515 39.131431
16109 79.484072 6.921730 53.329312
2084 27.520059 29.242229 23.497692
4586 41.034006 0.000000 34.456725
2203 41.652914 0.000000 34.945671
11352 29.981091 26.985424 23.976692
833 83.589077 11.635531 46.558295
7875 59.448894 0.000000 32.071870
13146 73.644047 14.274199 48.889504
12947 73.446034 14.483482 48.779017
9482 52.693597 7.750441 28.927695
4665 28.088257 32.520877 53.402474
7824 8.750855 0.000000 67.137730
2327 77.356674 10.884569 50.426209
13088 77.322342 11.990861 49.335977
11614 9.668246 14.516886 24.832118
13181 75.889252 11.788531 50.255055
9761 76.006698 14.100282 47.882268
13201 68.375403 8.823969 56.979505
2239 71.753002 21.030041 43.072427
9381 8.429750 12.657283 39.520036
7167 70.986345 15.349538 49.141940
9717 6.275330 9.422417 45.353627
1722 46.169302 28.248444 48.638657
14761 21.600000 32.432432 21.600000
10589 33.554078 9.858393 73.354709
77 4.535046 6.809379 54.226438
11076 70.651469 4.051827 60.618387
6881 47.301137 0.000000 56.371632
15036 8.643961 12.978921 46.108916
2974 46.293169 30.346085 46.476985
10175 25.900000 38.888889 48.122222
10173 26.361657 37.863732 48.917576
10174 26.814172 38.717695 47.836501
7756 13.493843 17.928998 75.306152
4340 6.509377 9.773839 61.752978
793 20.664541 31.027839 50.924865
4636 83.777579 4.853401 53.252956
92 88.150642 5.326962 50.592389
10296 88.528139 5.284773 50.445872
8558 87.967313 1.478198 54.536667
17006 49.774969 0.000000 43.773737
3554 84.510857 7.714379 50.022478
15100 70.220059 16.296742 48.576932
16249 70.261632 16.437801 48.414945
16552 7.885378 11.839907 50.547131
2137 11.851797 17.795491 26.900986
8278 11.476454 17.231914 27.737508
3492 43.665841 0.000000 63.943559
16498 44.547427 39.722874 37.963690
14190 34.003757 0.000000 64.463426
14189 33.446633 0.000000 63.322790
1816 76.097123 0.000000 51.861943
15746 51.575945 25.901024 48.285102
14570 53.073251 0.000000 68.988586
15436 40.242583 4.791130 75.082787
11086 76.890968 10.747372 50.796396
16147 76.982779 10.779791 50.718039
4378 68.912867 14.211272 51.318083
12235 69.101548 13.786084 51.649356
10072 46.902026 9.621565 66.917800
502 73.124278 9.332944 54.095583
3213 37.830077 39.151677 41.894132
2844 76.299314 15.055214 46.780074
12023 70.307746 16.610819 48.218697
6386 70.609414 16.285722 48.393285
11997 70.698348 16.431940 48.202454
12821 70.234656 18.760125 46.103787
958 37.954288 39.960689 32.284053
1968 12.452825 18.697935 37.331423
1969 12.890327 19.354845 36.069526
8345 53.798745 12.146181 60.942301
8346 54.486287 10.958717 61.787181
15904 77.315253 9.204423 52.128746
13904 77.395077 3.659437 57.639365
13496 77.949589 3.464725 57.557016
20654 84.287449 4.364007 53.487905
16111 84.452351 4.357234 53.412234
14882 31.292800 19.070310 65.264219
1979 9.640674 0.000000 68.659265
1619 69.385531 20.430861 44.855943
1620 69.178709 20.361258 45.029027
9631 75.807527 10.351477 51.734408
21028 7.383480 2.952839 93.352468
21015 7.269492 1.995802 94.367456
6229 6.471909 4.786321 91.972938
1487 10.766672 12.877870 81.725917
16097 6.445982 0.000000 42.285221
11396 82.482213 8.522305 50.228067
1163 5.849787 8.783464 64.371223
1324 20.760627 0.000000 13.347868
16893 79.363890 8.777356 51.531921
186 67.904578 11.232831 54.803647
185 68.484265 10.831108 54.915928
12237 25.639884 19.134323 19.191671
6076 7.605050 11.418994 22.643054
6077 7.886819 11.842070 22.810665
6078 7.768403 11.664269 21.671651
6534 93.060397 1.013912 52.454875
11936 82.871737 8.761804 49.793566
4455 74.164561 15.099791 47.802828
20841 73.229435 13.661414 49.710207
4051 1.481481 0.000000 0.740741
20842 1.551434 2.329480 2.616538
20843 0.909612 1.365784 1.699999
5670 7.914377 11.883450 61.267146
1646 18.333240 18.326935 72.488118
5372 37.170827 0.000000 27.765087
15790 50.997922 0.000000 46.914890
13851 73.718955 16.650674 46.473198
13852 73.445373 16.818148 46.442347
1915 15.507984 23.285261 34.408738
16298 78.715745 5.175386 55.461566
1249 20.851468 31.308511 27.421826
16239 79.483433 13.805533 46.438945
21488 82.222295 10.054939 48.823859
12037 71.147159 7.437853 56.981130
17305 44.237067 26.438734 51.416294
2876 70.257457 18.136581 46.716554
4249 29.600000 44.444444 40.711111
10204 84.141707 7.216933 50.704997
12799 41.272960 6.740535 22.881078
20716 75.535756 12.195169 50.024758
20717 75.635726 12.156800 50.013180
5099 65.285229 0.000000 34.730643
16116 64.490510 0.000000 34.341625
11660 65.185185 0.000000 32.592593
10367 34.890212 0.000000 21.436109
6373 7.313425 10.981119 36.124465
4919 81.037195 2.201834 57.277367
1569 43.392743 39.145497 39.118987
11826 43.489702 38.524360 39.692265
14125 10.445681 15.684206 17.117577
4930 79.080291 11.399533 49.048922
3772 49.140157 0.000000 52.333127
6744 8.130091 12.207344 39.832466
9382 8.276730 12.427522 39.129304
4769 59.662949 16.643252 53.508631
4582 54.394887 33.380663 39.388513
2660 7.109629 0.000000 39.535050
3604 6.641564 0.000000 34.694396
13675 3.444545 5.171989 32.588324
17133 12.834253 0.000000 12.503968
11589 80.569117 1.806267 57.907368
8655 1.960306 2.943402 21.050852
8754 49.147562 0.000000 53.112416
6473 48.764441 0.000000 52.936890
10015 61.263476 27.616464 41.724181
10442 75.522604 11.355471 50.871872
5236 81.354180 4.134182 55.184594
4053 83.991767 9.224822 48.770070
10648 82.853607 8.692973 49.871531
11321 81.057219 5.992516 53.472882
14256 33.729460 0.000000 80.967540
7551 36.411438 15.610035 66.168636
15011 49.385737 5.153859 26.409103
4972 75.913023 17.922549 44.103017
16729 12.337538 18.524832 48.207924
3577 72.440888 13.283221 50.483052
7941 76.803754 10.715250 50.872158
5096 83.006856 11.038023 47.447511
3534 44.361183 27.720952 50.070736
3533 44.339873 27.056119 50.746889
90 87.719752 5.423245 50.711456
602 8.228660 12.355346 35.017447
21417 80.364011 6.408275 53.403312
1106 80.090816 6.521466 53.426604
21416 80.257818 6.426279 53.438386
15324 71.836468 14.028804 50.038934
484 72.171089 13.921898 49.978636
15917 18.665556 14.946772 14.310053
14984 9.205818 13.822550 47.776481
6367 9.301294 13.965907 48.138576
15881 6.328220 9.501832 42.557014
2148 86.401350 6.104646 50.688574
7160 80.430871 0.000000 46.112459
8332 80.937331 0.000000 46.452883
6852 55.091070 0.000000 55.956985
14582 82.422841 7.851512 50.929216
16137 82.311393 7.858382 50.978063
2280 82.512170 7.752241 50.983922
216 41.054785 0.000000 69.648780
10772 41.790669 0.000000 69.252758
13163 8.331949 12.510433 52.581445
5337 81.317243 10.055898 49.275425
7301 29.459572 0.000000 52.534854
13072 88.046500 5.575326 50.395849
20718 73.546268 13.265548 49.948053
8493 79.223400 11.825808 48.550666
3075 83.828410 4.722727 53.358345
21352 83.987623 4.612522 53.389054
21119 64.195029 11.372331 56.518782
11430 32.097421 22.210234 61.718846
938 62.229624 0.000000 35.172753
10520 87.045001 2.846693 53.627960
2156 18.138608 12.576331 78.341788
5264 83.819757 9.165732 48.915224
21205 12.090103 18.153307 29.294765
8052 36.604370 21.261565 25.382286
2199 76.715776 6.534957 55.100620
11973 84.326823 4.292350 53.539947
5373 29.249204 16.084029 19.980583
10326 79.582725 1.287112 58.920238
8093 59.827253 0.000000 68.323693
11014 58.831690 0.000000 67.217687
10613 43.507947 37.258498 40.950270
14003 76.918591 11.106774 50.422824
16001 46.076961 29.180291 32.755518
14467 17.913134 26.896597 57.537210
6654 9.484373 14.240800 52.483152
14287 79.934567 7.432663 52.592621
4390 59.083938 0.000000 41.505695
9242 9.949371 0.000000 10.514378
2518 96.594859 2.154219 49.546197
642 18.210348 27.342866 55.698235
4536 4.758753 0.000000 36.750301
4980 78.494291 10.626372 50.115856
20696 78.509801 10.579701 50.154819
9785 47.152446 0.000000 65.932932
15269 1.474267 2.213614 45.510048
16250 70.675897 19.395295 45.247361
13713 67.255843 5.139746 61.227193
15000 67.678617 20.220346 45.920125
6801 76.453308 12.449297 49.311600
8211 65.625716 14.923855 52.248363
9325 46.180990 0.000000 24.395111
14047 50.644296 36.179227 38.462446
9822 30.518470 30.184259 25.310593
13633 80.767177 4.546317 55.065548
8224 78.507456 12.506903 48.226862
3327 25.195857 22.609388 20.126855
14116 81.774099 3.933636 55.175381
14295 72.877095 19.689598 43.852165
11901 65.205129 0.000000 43.318038
5011 51.073292 13.979076 60.470299
7714 51.558940 14.766206 59.439558
4243 54.963978 0.000000 38.008621
1767 1.430055 0.000000 81.705719
12287 75.851269 12.871532 49.189962
12013 8.646154 12.982214 64.647110
13905 2.001146 3.004724 73.049185
2437 43.305594 23.775427 54.548001
2438 42.714478 23.777986 54.840997
4961 60.875769 0.000000 40.346731
11347 61.749809 0.000000 40.616642
10869 78.434589 13.565167 47.203974
10928 42.266308 0.000000 66.420446
15470 43.565040 0.000000 52.444923
11144 82.205986 5.264911 53.626831
13330 82.400660 5.282786 53.511601
11258 75.105662 12.119305 50.315744
20845 70.958486 15.126869 49.378761
20954 83.674333 10.798407 47.353628
6073 33.382710 0.000000 76.014081
12685 4.010498 0.000000 59.691286
21418 80.111114 6.452712 53.485278
4695 76.296296 0.000000 38.148148
6538 27.972288 34.356752 25.426943
16473 9.655281 14.497418 46.357221
1677 48.479294 0.000000 41.492760
2810 54.465878 14.376447 32.020296
2812 55.339409 13.977047 32.324061
21574 81.961588 11.977026 47.030203
21276 82.293766 11.668464 47.172985
21029 7.737161 2.722389 93.406308
10440 77.214656 10.928118 50.453626
766 56.028356 0.000000 28.993976
12909 38.503830 28.423683 28.717001
15651 1.523288 2.287219 36.920498
8088 76.598659 7.308524 54.384838
8367 77.382320 10.803316 50.494721
15537 77.236395 0.000000 40.674013
1288 71.657940 18.543507 45.608979
16247 87.193833 4.974609 51.423500
530 18.351132 5.055241 85.764138
15313 74.506715 9.921795 52.814926
15737 3.037197 4.560355 67.122741
514 3.148481 4.727449 68.736170
21560 29.194666 43.835835 29.722764
21561 29.472582 44.253126 30.001649
20916 2.610250 0.000000 94.663464
12271 50.784782 0.000000 50.828301
16810 69.850426 3.460252 61.611075
263 36.003603 21.694409 60.282095
6993 80.600365 4.702929 54.992186
1197 53.445026 11.188510 62.077789
11661 54.387693 0.000000 71.846431
8123 4.123674 6.191702 84.337887
3536 10.253850 15.396171 34.254982
10395 16.675907 25.038900 50.820359
2374 1.813935 2.723626 79.335126
2373 1.616532 2.427225 76.935409
21030 9.975269 2.450096 92.559820
5855 67.500000 0.000000 66.250000
9302 4.973811 7.468184 51.768177
16706 30.708241 40.292353 44.313234
4567 30.117112 40.711590 44.189142
1750 41.691174 0.000000 50.041464
20721 76.030399 11.941679 50.031180
7360 40.179474 0.000000 21.558182
14080 65.689763 25.033262 42.096823
7060 36.967308 27.858051 27.760385
5414 81.785415 9.432071 49.665789
12203 82.253857 5.445852 53.421773
6280 39.070393 0.000000 78.109169
1746 48.595402 6.305728 69.390265
14726 48.596612 0.000000 74.927083
14263 83.224086 11.261636 47.115060
3833 77.779333 6.709921 54.393703
9462 65.486666 3.507050 63.746110
5745 66.204172 1.676141 65.220097
12634 38.238440 36.010576 44.834194
20628 8.077695 12.128671 55.386959
20722 75.710016 12.107229 50.025656
15614 73.878659 2.285540 60.772845
6683 46.327388 0.000000 29.321168
6030 76.635216 10.798637 50.872956
13629 79.954575 5.957896 54.058859
8259 79.930549 5.839725 54.189160
20629 8.215295 12.335279 55.437030
20630 8.293430 12.452598 55.393873
7814 77.958600 13.086167 47.921447
355 86.415970 7.604206 49.180205
5661 52.563994 0.000000 43.408722
6799 80.198588 8.904887 50.986914
14796 54.349796 0.000000 53.558011
1605 76.272298 9.294486 52.560070
10210 80.143502 7.350465 52.570433
10016 61.857698 26.723798 42.320630
5252 49.039508 0.000000 68.206863
11148 27.585564 0.000000 38.500467
2856 27.904761 0.000000 35.911610
6134 31.980529 17.024888 21.659552
421 9.837175 14.770533 44.520664
5403 46.329515 1.894316 23.795565
20888 46.472133 0.911133 23.539474
10692 45.452204 1.835492 23.337321
20846 46.084743 0.886924 23.337717
20847 45.662015 0.680604 23.057648
16725 81.050279 10.360530 49.103970
10275 50.657312 3.509178 71.158657
3685 69.365032 5.786089 59.525609
11342 80.360590 10.548775 49.260382
20848 74.279393 12.998783 49.848522
10532 87.367388 2.962173 53.351171
2473 85.427947 8.199091 49.078736
1562 85.190831 8.285403 49.110896
227 36.795722 20.702364 60.879073
262 36.081416 20.455009 61.483828
8446 13.675783 20.534209 42.104199
7977 46.603453 0.000000 50.922742
10404 39.800371 0.000000 73.243424
10403 40.344434 0.000000 72.456030
6165 40.922684 0.000000 31.667133
11824 40.965106 0.000000 32.505021
15688 7.620176 11.441705 60.052225
6405 7.678525 11.529317 60.588862
7967 37.920154 23.587863 57.428472
20798 74.150533 13.054486 49.857193
13959 40.202704 0.000000 71.735038
10170 10.000000 0.000000 95.000000
12717 57.195942 31.582084 39.788363
3675 85.207680 8.562639 48.824958
1411 72.349496 7.208361 56.609683
9564 73.986851 15.839814 47.150921
8933 40.465894 0.000000 34.955714
14935 33.962215 0.000000 79.571475
16035 40.810988 30.216170 49.348120
11566 32.660738 0.000000 22.299729
199 6.304878 9.466784 35.354077
14185 79.371475 10.855712 49.447695
1168 52.084735 3.825896 70.127911
17191 40.571744 37.068335 42.608724
21490 82.290278 9.306553 49.539002
21491 82.340327 9.304756 49.515775
12921 81.602165 3.956012 55.238950
21332 52.835429 17.068655 32.101576
21121 75.069340 10.035187 52.420107
21120 75.188999 10.021297 52.374182
2987 22.202069 11.982251 76.904733
2283 72.964178 0.000000 43.940082
10831 72.837820 0.000000 42.123824
20849 78.545777 10.626364 50.090121
21122 52.828854 5.674941 67.904957
11747 82.086321 11.219214 47.726406
6468 65.293358 10.089621 57.253610
12015 7.930927 11.908299 54.456003
16000 40.806497 0.000000 71.651775
16428 8.169070 12.265871 66.852938
10510 88.259934 0.309803 55.559920
4612 72.636782 9.194636 54.477778
1190 72.849120 8.928283 54.638229
7691 27.501739 41.293903 37.191024
16914 55.000000 0.000000 72.500000
5684 45.276483 0.000000 54.135892
7276 45.587413 0.000000 54.247021
10457 44.402128 0.000000 63.460100
10482 38.071679 0.000000 67.507937
17088 63.137549 1.842067 66.587316
9629 63.426422 2.603133 65.681053
1175 64.488260 17.266336 50.472268
6453 64.263608 18.038256 49.811901
10976 25.990642 31.303223 23.419294
13451 41.888570 0.000000 58.875327
12263 41.604522 0.000000 59.396875
17160 41.519030 0.000000 58.809191
6737 51.118281 1.183553 73.256123
8055 24.300000 36.486486 24.300000
14892 49.332180 14.414557 60.904938
16957 74.845386 7.254384 55.315668
15119 69.372895 18.493586 46.801472
2311 35.665279 39.583747 42.544030
2310 36.084698 39.277142 42.641232
13386 25.930718 38.935012 42.278994
8182 46.080774 9.636443 67.313534
20964 86.165601 7.750091 49.159359
4985 35.931282 38.073188 43.923098
14924 35.639098 37.777932 44.364741
10045 79.188288 8.796411 51.600649
2215 91.775184 5.112514 48.994781
16737 39.838878 26.252167 53.802142
480 19.238396 0.000000 65.139187
7043 0.546314 0.000000 87.327487
8496 0.642820 0.000000 83.711078
4474 44.736472 0.000000 64.963932
21333 9.648535 14.487290 34.957797
8957 90.372966 0.000000 47.634617
4966 3.059140 4.593303 39.637228
2266 36.299360 1.384753 18.610803
2265 35.763062 3.391753 19.010985
6941 75.211184 0.000000 43.734313
864 37.469017 0.000000 48.370714
20900 0.704874 1.058370 93.410848
9418 56.291790 17.050259 54.786796
16440 57.102477 17.262041 54.169458
16715 65.103279 22.091292 45.334977
10014 75.739172 9.160943 52.960310
13910 72.678312 17.030823 46.612991
2451 81.500802 13.580986 45.655033
2296 26.668329 3.109715 83.553011
739 79.058544 10.612513 49.847602
7404 72.118781 16.446149 47.478014
9145 7.739003 11.620125 71.010610
1347 74.817084 11.235374 51.344849
2136 12.241149 18.380103 26.228435
21337 12.236065 18.372470 27.203336
21311 11.959219 17.956785 27.847365
21334 12.101035 18.169723 27.271251
10554 76.086736 15.554496 46.386582
11759 75.747648 15.741057 46.369378
11706 74.045644 10.890497 52.075790
7642 87.093841 5.878588 50.568613
2396 2.533137 3.803510 25.283567
2398 2.616054 3.928009 27.753298
16444 73.989993 17.805705 45.181492
14767 6.869548 10.314637 33.099526
16024 42.927892 0.000000 56.100714
12182 43.079871 0.000000 57.401578
15555 43.395552 0.000000 57.092585
11215 41.427663 0.000000 61.924405
8394 41.932385 0.000000 61.715266
9467 43.743599 0.000000 54.201294
11350 3.172217 0.000000 37.826920
5957 6.865198 10.308105 63.804285
3718 42.814389 0.000000 71.057750
14187 79.556222 9.777639 50.434472
9874 0.976744 0.000000 84.487284
15667 45.800206 1.052308 76.046536
1142 2.483412 3.728847 4.544371
20851 2.018950 3.031457 2.671400
10693 73.958802 14.206945 48.799447
1404 63.098082 27.354502 41.069102
10080 74.088343 17.362216 45.576250
8085 58.931549 0.000000 31.540490
16449 36.292068 0.000000 29.605621
7505 88.179221 0.747245 55.162398
14115 81.815574 3.876588 55.211748
7788 80.447419 10.434315 49.331541
21039 15.745402 1.584959 90.540755
21049 15.263988 1.349112 91.017545
16977 93.289918 0.000000 48.929277
15233 69.753625 0.000000 63.233614
2874 70.595879 17.776577 46.907707
8740 83.540667 8.956053 49.264657
16697 80.984203 13.292053 46.202554
11963 45.016807 0.000000 49.536251
3432 70.292362 19.419292 45.415108
15869 79.166667 0.000000 60.416667
10310 2.190605 3.289196 80.333823
16924 41.819158 33.883319 45.173218
15240 40.020000 24.785064 55.180151
14730 46.561260 0.000000 72.732170
21180 9.489967 14.249199 36.477129
10638 71.294630 11.542778 52.798364
2150 13.447164 20.190937 68.831220
14180 88.333497 8.272650 47.552329
16300 42.542722 4.513757 74.210369
16717 42.867502 5.133168 73.427948
1061 76.106874 15.762613 46.168187
3476 28.304845 7.005428 78.835144
9911 10.277729 15.432026 57.743557
10461 80.299786 8.189173 51.652745
21446 7.462052 11.204282 73.914828
15752 79.146580 10.643164 49.772902
15593 84.942201 10.758308 46.759833
8308 84.331392 11.107604 46.715593
5298 79.843551 8.716027 51.353481
21206 27.918161 13.912862 18.592064
16198 57.492092 0.000000 55.058124
1576 81.901666 6.475212 52.567480
3551 37.599176 0.000000 76.135224
16677 37.736403 0.000000 50.308102
16534 37.373515 0.000000 50.896002
7139 37.185813 0.000000 49.816051
21102 76.660713 9.513339 52.146791
14061 8.685531 13.041337 48.144136
5220 79.456989 9.932308 50.329265
16802 79.441488 9.874847 50.394535
298 75.697089 9.059780 53.082616
1058 75.499752 9.190972 53.049961
12542 8.637403 12.969074 57.645933
6923 80.579866 1.540120 58.168406
16276 73.649905 17.330380 45.827337
10277 13.992130 21.009205 17.360006
8865 6.964534 0.000000 17.116670
9644 41.989666 0.000000 59.431613
6072 85.204703 8.041939 49.347668
14392 62.312041 0.000000 37.083029
1930 71.735408 19.960105 44.152231
10585 71.164137 20.502379 43.895050
10587 71.322345 20.142296 44.176389
3927 42.188556 24.601151 54.279970
1960 41.715533 25.412684 53.704137
10374 47.508046 22.713410 53.509853
10203 84.446463 7.044155 50.725569
2622 78.435212 6.499400 54.276494
13486 7.186750 10.790916 18.999558
3585 95.838775 1.915025 50.163672
10212 25.530870 38.334640 28.473596
7943 82.685737 11.454240 47.191437
14264 83.167538 11.171662 47.233397
9125 41.137380 0.000000 41.854078
2122 3.167814 4.756477 64.865311
6641 16.984041 21.685950 69.800344
21081 68.757027 11.635146 53.974705
21124 68.627589 11.568789 54.105848
7291 53.652196 6.475743 66.691683
15434 81.096056 8.758380 50.684834
13825 77.612550 13.698294 47.481733
3266 77.415888 13.927658 47.350470
59 90.488872 0.403412 54.351749
7126 71.035021 17.467886 46.997136
13554 47.304515 0.000000 57.338236
20632 2.116860 3.178469 15.371452
10716 77.391099 5.650659 55.648141
9919 67.364133 4.560137 61.753236
4595 72.424244 17.944924 45.825009
3394 72.449621 17.764200 45.993225
14850 74.075576 4.649812 58.307750
9088 80.747296 7.355115 52.263882
6224 36.192984 33.391056 29.215714
14252 68.938810 0.000000 49.558711
9618 60.138571 22.985186 46.922543
1742 40.436017 33.335773 46.412883
15631 70.055294 10.873858 54.087621
300 75.916335 8.978831 53.054023
11192 25.339750 32.167876 23.381777
6893 54.431868 23.987406 48.772672
6175 70.314870 20.392961 44.429211
17046 13.980271 18.778148 74.212939
7106 77.058108 0.000000 45.322949
6413 84.186560 6.010383 51.890326
12513 71.321363 0.415354 63.923549
3133 9.390105 14.099256 48.487557
4821 80.910996 8.800702 50.734999
11467 8.173667 12.272773 68.129375
12028 60.009423 0.000000 53.473089
15617 90.192089 0.945790 53.957220
6002 89.250397 1.074095 54.299632
1322 79.259259 0.000000 39.629630
14273 80.764778 7.809573 51.800228
21611 85.186406 9.112663 48.285021
21279 85.161789 9.083740 48.326281
21631 85.284084 9.036542 48.312379
21275 85.252948 8.984661 48.379881
21624 85.407964 8.870668 48.416479
21626 85.400803 8.902928 48.387767
4044 55.598757 0.000000 47.491834
3388 41.235601 1.423580 77.957196
8683 64.822621 0.000000 60.972767
13845 75.701897 10.619984 51.518448
8362 75.475580 10.656141 51.595413
16696 73.627623 15.633569 47.536985
14257 34.751768 0.000000 79.615781
3672 76.667718 11.927766 49.726447
11356 53.347264 0.000000 62.676924
7230 61.884916 10.285015 58.762242
7231 61.989153 9.496049 59.499878
2572 35.525953 40.389997 41.806637
2571 35.793158 40.772737 41.289911
12959 20.721908 31.113976 39.579349
20960 86.260300 8.275298 48.586277
20967 86.239796 8.338109 48.533654
14689 30.890369 30.181146 54.343489
4758 29.959452 30.961609 54.027703
7993 45.009851 0.000000 37.244245
4702 35.395185 41.615090 40.645702
559 35.401142 42.356172 39.900901
3178 67.374181 23.900526 42.388483
5134 41.742680 36.451061 42.641148
9023 75.787617 15.839424 46.250928
9945 5.990025 8.994031 72.541966
5679 54.692642 0.000000 28.271157
12877 9.924729 14.901996 15.121373
12145 7.441945 11.174091 35.400855
10779 8.338349 12.520044 34.530624
21172 13.740916 20.632006 24.991816
17175 83.443023 9.739878 48.528870
20968 86.104201 8.446750 48.492703
13876 79.919949 13.556961 46.469507
21280 85.440567 8.253321 49.018142
21287 85.564578 8.154765 49.054791
5338 78.560088 0.000000 54.001862
15060 16.162533 24.268068 23.975605
7324 39.708155 29.198503 29.577179
12910 38.839967 29.356466 29.195687
8074 81.512762 3.926880 55.312812
266 76.454944 11.283789 50.477455
3847 35.269077 40.176902 42.148383
5190 21.101589 31.684067 38.404305
5849 76.701840 10.693931 50.944455
15128 40.357227 10.946789 23.823894
2322 39.825664 40.495851 39.550821
10899 45.680471 21.129549 56.009086
4438 62.019552 0.000000 61.549205
2504 74.015957 12.490716 50.488815
21126 61.636488 10.870832 58.300053
3651 41.049250 0.000000 55.514567
13412 72.032714 2.358581 61.622704
3761 14.594533 0.000000 20.652145
3021 57.071681 0.801057 70.662301
15838 42.760148 0.000000 49.262550
2180 80.545499 7.867790 51.851593
11241 4.834288 7.258691 88.354053
4103 66.962028 4.096281 62.418609
4452 4.115615 6.179601 60.252087
3463 1.291421 1.939070 43.632503
21127 58.062397 9.604226 61.354971
12293 69.995604 18.859125 46.124213
11260 75.306497 11.958425 50.376368
6168 43.092010 0.000000 71.878255
16066 5.542354 0.000000 34.260463
16098 5.579199 0.000000 39.703468
11979 6.672286 10.018447 28.901044
8603 7.255349 10.893917 67.589737
14983 64.790486 19.802858 47.782096
8602 1.216085 1.825954 46.904005
13565 10.580317 15.886361 63.796628
2355 15.585502 23.401655 55.997553
6738 50.475151 2.354711 72.405359
20917 0.690717 0.000000 98.037426
17042 4.672358 7.015553 60.081284
14787 4.966285 7.456884 59.638597
1717 8.055996 12.096090 46.483382
14152 31.954643 27.335705 56.659638
10883 36.352321 33.977471 47.812391
5738 8.338084 12.519645 19.662832
9947 21.392440 0.000000 64.764043
1916 15.837855 23.780562 36.235865
21403 77.990516 6.611536 54.386595
6946 36.424723 33.040320 48.714279
1515 65.009412 13.344757 54.137193
20969 86.393232 7.552252 49.243580
3035 23.357548 35.071393 32.383804
2764 32.924097 37.963757 45.536230
6092 34.650644 43.181027 31.704604
3020 56.666667 0.000000 71.666667
667 6.835518 10.263540 46.942133
272 16.965070 25.473078 55.793775
9853 78.367442 9.204651 51.602423
13042 78.330239 9.317171 51.508392
10091 7.891567 11.849199 69.444398
15481 24.464470 0.000000 20.610305
16607 81.091938 8.574101 50.871355
4275 69.552776 0.000000 58.764058
15632 84.272600 6.505674 51.351520
8796 41.647315 12.924997 66.238421
6934 22.206045 33.342410 43.960850
5060 83.346581 8.579068 49.739062
741 78.888185 10.646749 49.898512
13511 82.279862 11.035488 47.813546
13622 97.037037 0.000000 48.518519
5965 8.965858 13.462249 49.879805
8187 32.979443 22.199011 61.289069
14397 50.973468 7.217663 67.288386
3470 30.578617 33.465595 26.433352
11845 86.256452 2.757149 54.111868
5013 87.468920 4.471292 51.789777
9924 76.459259 3.327035 58.440008
5889 38.435082 0.000000 27.450803
4608 87.835542 6.710281 49.365238
12471 53.480154 24.595114 48.640214
14129 81.186974 4.172918 55.229422
14054 32.601444 0.000000 62.808018
14055 32.520111 0.000000 64.559103
10637 78.664964 8.492242 52.166784
6382 64.062519 0.000000 53.445940
15284 80.175251 11.629507 48.271238
14633 15.996962 6.269316 85.725934
11115 74.622404 13.843292 48.831662
6557 77.699457 11.329575 49.809367
9896 80.158515 8.185878 51.726678
21282 77.108232 16.080496 45.349307
16930 77.731366 6.461802 54.666054
1028 78.042615 6.334346 54.638012
17195 80.988599 6.154886 53.344660
12334 3.522395 0.000000 34.327156
15968 86.148311 9.654464 47.261726
3953 36.714731 30.191048 51.421395
11708 79.321492 12.184335 48.142735
2357 15.012933 22.541941 56.883142
10936 46.324626 0.000000 58.654223
8835 45.519109 0.000000 53.683715
11971 70.710008 16.626625 48.001745
13487 7.397320 11.107087 17.819791
7277 45.634269 0.000000 54.782193
10616 45.359694 0.000000 55.177358
15471 43.854788 22.111514 55.938981
4576 71.027960 14.939931 49.531149
20863 71.094459 15.022125 49.415623
4676 32.877935 0.000000 23.228791
8840 77.035803 10.993082 50.478023
16823 6.527601 9.801202 58.285768
8121 6.289961 9.444387 58.932901
8203 16.062948 24.118541 20.097080
14355 15.744936 23.641046 17.814141
21208 15.914944 23.896312 18.964674
21200 16.112593 24.193083 18.595137
10220 4.444444 0.000000 2.222222
9052 70.247612 19.301966 45.554926
9640 48.220104 3.437759 72.448751
1530 78.394890 5.427601 55.369526
6088 78.173944 5.376933 55.530718
11654 69.557986 22.505407 42.693094
1857 79.133421 10.097855 50.325337
4537 4.021435 0.000000 37.901786
4178 86.342072 8.352186 48.468426
12185 88.166318 7.558245 48.351038
2063 18.356743 27.562677 39.435458
16294 81.376485 7.920655 51.383182
9818 73.488524 8.580547 54.666611
6735 68.430929 1.977389 63.805170
9915 59.849504 7.561733 62.505953
10535 85.246777 0.000000 54.548986
8695 78.676310 6.382892 54.272570
3606 78.604804 6.528953 54.162116
10920 48.263092 20.714755 55.132984
10922 48.592945 21.121937 54.560469
9015 68.258986 12.668249 53.189590
16669 76.014762 10.031336 51.951252
20938 86.214259 8.010321 48.874539
8364 75.571668 10.489593 51.714083
2237 75.402995 10.489837 51.798175
12171 25.215791 27.301326 60.063477
21485 82.451710 9.722584 49.041838
21493 82.548450 9.639107 49.077028
11825 43.075540 38.529077 39.894624
17023 42.715348 39.041642 39.561643
778 79.765084 5.798569 54.313091
780 79.834226 5.678355 54.398853
10462 67.903442 22.586875 43.438817
3970 67.962529 2.643885 63.372207
13157 50.770446 28.671949 34.932982
1444 11.286860 0.000000 86.636371
1443 10.399994 0.000000 86.476272
9121 10.487203 0.000000 7.473223
21154 30.002309 13.653998 19.547936
5129 73.737749 0.000000 52.957488
5128 73.206808 0.000000 51.608109
12187 43.016231 3.081623 22.534296
11683 68.837134 17.692635 47.871106
16352 6.138773 9.217376 75.380427
20723 74.019040 12.958928 50.018593
3669 71.448052 6.789316 57.479869
10813 34.155916 16.558254 66.347230
14933 59.823038 15.694481 54.378305
6123 58.885129 16.525637 54.015273
12039 71.507673 7.113073 57.125977
11493 54.060855 0.000000 66.302985
390 76.904892 2.415172 59.129967
9127 7.905031 11.869416 43.530171
7234 82.801147 9.123046 49.467258
15942 80.234643 7.383022 52.492274
14210 80.021367 7.483502 52.498331
8565 6.838685 10.268296 51.462621
13890 48.359891 0.000000 56.088049
15819 48.828617 0.000000 56.262331
5976 72.632503 19.209669 44.454870
3063 47.531488 0.000000 52.910724
6743 8.287032 12.442990 39.889536
2877 68.903724 0.000000 37.910542
7455 54.740006 0.000000 68.867052
1445 10.625120 0.000000 90.652323
12276 83.789278 9.784736 48.310841
10160 39.000444 0.000000 62.485930
9396 78.470709 11.875177 48.877594
16087 10.710874 16.082393 34.003867
7239 20.477379 0.000000 24.867743
1743 40.498458 34.035769 45.680966
9762 76.189507 13.959534 47.931753
2446 77.537625 6.401539 54.823247
15366 79.021336 9.977384 50.501970
4562 20.528426 0.000000 21.482680
8004 55.082614 21.481296 34.694579
1802 59.070090 26.238522 44.200194
2556 58.490640 0.000000 46.665213
14341 68.885129 8.969318 56.579148
15252 80.376682 10.138470 49.663051
13180 91.056963 5.592542 48.873384
12674 78.846884 5.435345 55.135778
10054 78.698481 5.581957 55.063220
9527 70.426430 13.216829 51.556739
2574 5.715706 0.000000 20.586416
9442 9.842922 14.779162 71.469156
6309 81.638294 3.871695 55.305286
721 15.806187 23.733013 31.997715
12264 75.999214 12.321590 49.666481
12266 75.803327 12.480210 49.605646
13288 4.625956 6.945879 16.369999
15259 46.620952 0.000000 42.571773
4634 78.931750 7.633205 52.893287
8560 69.182038 14.955344 50.438681
4444 11.753553 11.933540 9.850646
3464 1.397739 2.098708 40.484144
11945 0.357666 0.537036 14.526741
9850 0.273238 0.410268 17.854803
3380 71.049042 20.842976 43.611660
3379 70.944267 21.186605 43.320075
15600 45.563926 0.000000 53.103101
15772 60.178285 18.403529 36.217518
20633 8.867675 13.314828 54.213985
12354 8.589888 12.897730 20.901278
21283 83.438224 10.706642 47.563539
21256 83.269348 10.837638 47.516851
13875 78.022657 16.139778 44.832753
13874 78.596548 15.745750 44.940230
1945 8.925462 13.401595 29.589847
16274 57.278139 16.153803 55.190973
7812 58.260541 15.280380 55.574069
2674 83.133123 6.407954 52.019076
9969 83.242752 6.230566 52.141827
2895 39.091451 21.209200 59.223865
9892 45.895886 30.013713 47.008330
8494 78.326806 10.070212 50.756315
10176 78.163229 10.171789 50.736424
8122 3.847317 5.776752 83.557250
4021 17.997526 0.000000 24.807842
14352 32.171618 19.260179 64.634752
12531 92.276842 5.789474 48.066316
7488 41.620038 28.635698 30.345706
14600 78.505808 9.297316 51.440483
16055 68.205879 22.626698 43.247736
12833 68.529534 22.638404 43.074191
17240 19.360623 29.070005 28.167882
16245 18.866886 28.328657 28.820887
13591 46.422438 0.000000 75.152208
16877 76.657258 12.283674 49.375413
856 47.420925 0.000000 65.024309
12771 77.284488 10.095146 51.252514
2639 81.660485 3.848763 55.317145
20725 9.202979 13.818287 54.491696
5388 78.344988 10.314838 50.502354
8941 68.744298 0.000000 41.974301
3457 62.701404 26.068794 42.554436
3458 63.549124 25.446215 42.753777
6967 17.781499 0.000000 52.322258
15529 5.925926 0.000000 2.962963
20852 6.406816 4.934019 4.846436
15528 6.300000 9.459459 6.300000
20853 6.111992 4.731692 4.631650
3022 78.443678 10.058419 50.709683
10759 79.163094 9.156555 51.252742
10653 45.222055 39.792375 35.861888
13839 8.625678 12.951469 42.323489
2235 75.440361 10.349978 51.919492
12826 75.200737 10.515166 51.873950
15004 74.646712 1.375895 61.299373
1060 76.104864 15.665209 46.266694
5204 83.198313 9.356226 49.035262
2474 85.552289 8.050928 49.164876
21284 85.680638 7.925987 49.225768
13005 78.944833 10.226302 50.291055
2302 75.254636 2.758697 59.611226
21397 76.947429 6.470329 55.049486
21424 76.889796 6.429795 55.118877
21420 76.803268 6.386459 55.205521
14695 70.572554 10.548358 54.154817
1803 59.103721 26.843411 43.577885
261 31.851852 0.000000 15.925926
3597 75.880565 2.619643 59.437455
725 77.450414 15.332233 45.927228
17151 43.911343 28.277939 49.738111
12930 44.258565 28.476403 49.365839
768 56.301968 0.000000 29.690551
5308 55.378530 0.000000 31.010606
5038 65.841326 4.347584 62.727405
9596 23.203375 34.839902 30.405873
9410 39.033836 0.000000 74.170187
9495 12.454642 7.404401 86.360874
12643 80.153007 11.746321 48.165429
20854 25.478372 2.408279 13.541143
20855 25.259935 2.130605 13.339459
6141 81.554632 3.909349 55.309426
5103 49.469405 22.029660 53.213608
440 12.205247 18.326196 68.085341
14722 78.475859 9.403670 51.348996
10122 34.560714 48.012613 33.268557
5101 47.060266 0.000000 44.346465
21691 98.944221 0.476851 49.630902
724 77.186732 15.653510 45.737470
11771 13.061509 19.611875 54.393245
2854 14.091035 21.157710 37.998861
5424 68.086608 18.714041 47.223942
15188 21.547497 18.754848 70.452648
7784 45.020301 33.057447 33.518280
20719 78.579475 10.561328 50.138374
7453 78.626274 10.566408 50.109888
20726 78.646383 10.528532 50.137747
7278 35.270212 0.000000 25.965967
16227 70.332470 0.000000 39.140598
3753 75.670170 13.033031 49.118851
16510 63.702267 0.000000 42.875245
12997 82.505007 3.696960 55.046839
15669 10.130016 15.210234 41.673827
10994 81.067999 10.505456 48.950039
503 72.875883 9.273224 54.279561
17047 7.832980 11.761231 60.488965
21421 76.288051 6.283581 55.566110
582 76.031126 6.302106 55.676028
11005 23.850000 35.810811 23.850000
5837 77.367669 6.342011 54.967813
4467 82.578336 2.295914 56.412622
21335 10.172032 15.273322 32.622010
9354 0.000000 0.000000 69.565217
13284 82.105474 10.351567 48.585344
21496 81.899872 10.480556 48.559027
6674 1.724234 2.588940 40.234204
12382 79.017833 9.908863 50.572311
1412 72.858036 6.925814 56.638242
16059 48.339310 19.983201 55.827160
9841 41.350596 20.583933 58.720185
20727 76.404380 11.775175 50.010860
20728 76.545506 11.720711 49.994816
9411 39.232572 0.000000 75.144402
11340 39.854956 0.000000 74.148996
2618 40.005446 0.000000 75.039895
15648 43.039322 0.000000 45.016046
2747 32.714396 26.062404 57.554335
3893 80.698710 8.492492 51.149660
1077 75.567472 11.570100 50.634593
8868 72.918469 14.454267 49.072044
16158 22.514105 3.856948 12.541416
15612 75.194721 10.639332 51.752668
14913 75.651738 0.000000 41.288376
14776 76.502663 0.000000 40.615777
2080 84.107618 2.954782 54.988454
20655 84.468322 2.871333 54.891635
16183 48.269629 0.000000 28.249120
12507 54.263042 3.659559 69.205260
7209 41.872432 0.000000 68.431976
12589 78.873090 10.088825 50.464542
14027 79.018426 10.047774 50.432965
6921 12.880733 0.000000 51.373802
2611 42.990790 29.182714 49.292709
11016 34.552411 0.000000 25.438675
16446 78.596244 11.986634 48.703257
21494 82.575115 9.553606 49.149283
5629 69.456151 8.644448 56.618832
7261 70.019566 8.401324 56.580492
3100 35.728124 44.689681 32.745726
6808 78.761827 12.436885 48.169765
7058 12.924801 19.406609 41.365155
7197 89.520765 0.737532 54.501348
21032 6.258201 2.267582 94.601050
10489 41.946314 0.000000 57.341881
10796 47.369523 0.000000 60.266400
10153 44.541000 0.000000 41.430452
2238 71.299483 21.305446 43.023507
11756 22.735743 34.137753 45.309675
21422 77.318818 6.461707 54.872423
13700 42.067714 0.000000 59.926610
2012 79.665511 13.950115 46.203179
12785 78.368315 0.000000 58.537513
11463 29.526847 0.000000 25.251255
14351 31.229979 20.597296 63.767117
10485 44.279982 0.000000 74.771592
10486 44.690933 0.000000 74.069017
7196 3.001408 4.506619 86.608672
6207 3.258367 4.892443 86.820032
10477 3.427688 5.146678 85.000312
14479 72.861679 12.012542 51.544605
1153 41.731872 29.013636 50.091414
7144 33.461942 0.000000 72.628254
9132 40.030879 0.000000 77.683834
20994 10.315420 2.775570 92.063944
20995 10.748451 3.348478 91.273948
21033 11.428148 2.394504 91.889028
11834 43.768081 0.000000 59.626463
2736 31.177866 25.453922 24.065089
21034 41.499775 4.044350 75.201718
1518 53.968740 0.000000 49.949213
21678 98.194229 0.688587 49.326414
859 97.893684 1.578947 49.472632
21692 97.677200 1.056332 49.190358
9967 82.889188 6.397648 52.151360
2323 40.380105 40.423045 39.346479
10200 33.251761 0.000000 79.412560
13643 12.578564 8.759955 9.206347
876 1.948152 0.000000 78.436973
14609 43.492597 0.000000 59.405269
12570 86.917981 6.091569 50.443348
13889 48.006489 0.000000 56.316681
21353 84.020325 4.554621 53.430662
4009 79.855692 8.801881 51.261471
13448 81.077612 5.082766 54.373345
13836 36.880559 44.966269 33.414047
8780 73.714271 8.907126 54.226832
17224 73.544133 15.462980 47.749491
21391 79.917573 6.551233 53.483430
4818 74.215351 14.032638 48.845654
5130 11.210451 16.832509 36.405839
16909 8.762068 13.156258 61.567647
15985 45.834457 0.000000 53.327726
11289 46.665266 0.000000 60.132313
5713 38.847494 37.824102 42.714327
14978 30.600000 45.945946 30.600000
21381 30.600128 45.028956 30.294706
20856 32.143470 1.285807 16.499909
20769 31.529043 1.577630 16.289872
20857 31.819253 1.286906 16.338166
9111 82.575261 9.221412 49.481737
28 35.565942 17.755431 23.695530
15231 16.253801 24.405106 27.017678
5653 12.443657 18.684169 15.934072
3878 69.047198 8.471362 56.996568
20858 32.494570 1.364263 16.701584
21498 49.375371 0.000000 55.271148
21497 49.156041 0.000000 55.162207
21504 48.949516 0.000000 55.060682
20656 84.422511 4.309183 53.475252
6577 82.173832 4.334574 54.574176
5647 69.536510 11.246001 53.974498
6069 82.222222 0.000000 41.111111
21089 74.510589 10.280928 52.453497
13653 12.418786 9.344988 84.436274
15562 23.356527 6.636858 81.678242
4125 1.924281 2.889310 37.522178
1929 72.211283 19.683859 44.190815
15814 71.669487 20.231217 43.913808
2777 79.055591 12.713775 47.745716
15358 50.045135 0.000000 55.318353
8619 44.072051 0.000000 24.733546
21035 11.579523 2.880495 91.326863
9668 80.693157 5.514030 54.133877
962 83.055483 9.076217 49.386966
11802 80.328574 10.399113 49.426201
20918 51.028251 0.000000 45.379487
15902 69.370874 3.033089 62.278440
15091 43.055665 37.957017 40.477193
3433 70.123337 19.684668 45.233979
13603 78.439713 10.319712 50.450112
8914 79.386177 10.417979 49.878514
5549 80.885031 6.745688 52.805051
20970 78.753163 14.925009 45.683484
4145 59.683485 29.288707 40.840262
16406 79.945515 6.080392 53.940770
2387 27.059720 25.437785 22.000642
16650 81.124153 6.781138 52.650004
4920 58.063529 11.670509 32.918044
11220 57.382527 10.736105 32.266387
7282 25.704926 22.269256 64.856012
6969 43.550690 5.215107 73.004333
21525 38.028166 46.001548 34.938367
15568 81.723442 12.629522 46.496127
11876 36.216397 40.804657 41.046340
722 16.137492 24.230468 33.838774
14490 83.188649 3.823430 54.578422
1236 78.660208 12.205153 48.452538
614 67.003516 1.381461 65.115400
3898 13.608490 20.433168 27.824130
17324 40.507996 6.015835 73.724152
1187 70.224551 0.000000 46.339981
14765 91.056849 5.727277 48.738571
2335 29.790658 0.000000 69.603332
9101 72.245170 12.191686 51.673537
8645 52.215597 21.843714 52.026643
4722 50.857060 0.000000 66.692286
5332 49.655442 0.000000 58.032066
15734 5.300067 7.958059 87.737367
11242 5.297494 7.954195 86.235146
20772 78.379937 10.739750 50.059542
5742 68.416317 19.873062 45.898906
15668 70.979916 0.000000 50.785737
3437 85.682806 6.531436 50.620629
2268 39.214657 6.344180 21.719940
21437 82.121210 9.278352 49.651765
11725 29.940375 4.995838 80.028978
9437 62.560278 0.000000 52.118119
12706 32.429023 37.872806 45.874810
12800 28.821602 35.344297 26.180452
11027 28.312629 36.085333 26.172730
11710 79.067724 12.289407 48.164442
15310 75.267934 11.881359 50.472792
8829 13.333333 0.000000 93.333333
13671 6.750000 10.135135 6.750000
9620 6.543865 9.825623 71.451888
21447 6.665259 10.007896 70.755623
21448 6.581661 9.882374 70.651674
15827 79.508156 7.442130 52.796350
3333 21.666667 0.000000 89.166667
2746 33.550694 24.846924 58.352882
1611 20.351756 30.558192 28.839899
6347 68.837481 10.400819 55.170039
16567 12.540419 18.829458 25.252927
21336 12.771465 19.176373 25.320642
12653 58.085335 16.357350 54.583625
20729 75.111583 12.398144 50.033666
6510 23.359487 0.000000 32.123997
9358 78.894399 9.453346 51.090001
543 77.995974 10.273905 50.717834
11028 28.147343 35.285588 25.823773
16434 13.563015 20.364887 21.017524
5351 36.414291 0.000000 42.546077
1062 12.216947 18.343765 28.176133
6602 5.833333 0.000000 97.083333
20639 84.533366 3.389199 54.340729
20658 84.426465 3.368867 54.414531
9383 43.982180 0.000000 54.116268
13122 74.323355 15.079349 47.743894
6173 78.734559 4.538968 56.089213
9552 72.237438 14.263214 49.603804
4062 36.902015 0.000000 29.942663
5840 39.303438 37.603355 42.707322
6061 38.952905 38.324619 42.160604
7037 20.817354 7.251797 82.332274
6205 58.263708 0.000000 50.319351
9179 77.596692 0.000000 46.595483
21209 15.013687 22.543073 21.775764
21693 97.328728 0.908860 48.967015
3208 36.569136 17.518908 24.118364
1327 78.634948 10.279198 50.393049
8201 12.305849 18.477251 51.183572
17105 32.942642 38.935088 44.554656
15148 61.590068 25.045652 44.134269
10121 60.731842 25.695260 43.913124
6056 81.486134 3.924075 55.328935
2708 79.878548 0.000000 46.506857
10272 79.956510 12.128103 47.881514
11466 80.143160 11.941206 47.975273
17069 42.296709 39.327665 39.484653
12370 6.698887 10.058389 70.067729
6006 41.299574 0.000000 56.443743
8973 17.759579 7.400671 83.712138
11319 44.705927 0.000000 58.871748
9824 31.005723 30.797425 25.758404
2945 71.282784 15.430180 48.912998
20730 77.664799 11.063945 50.092592
2072 35.165121 0.000000 35.721487
14065 79.658004 5.657807 54.507533
7419 7.691731 11.549145 31.760380
11021 75.213973 10.745383 51.636885
9481 75.724892 12.143012 49.982399
5503 75.536824 11.003437 51.217148
5953 24.954390 0.000000 15.240021
14604 32.986850 0.000000 19.499912
13695 15.064350 0.000000 64.456733
14320 71.423488 13.045214 51.229997
16389 13.413210 20.139955 35.318774
4184 81.026847 9.657298 49.819621
21524 39.085713 43.518268 36.895357
21526 38.775806 44.110677 36.457310
2379 39.148255 42.927565 37.455380
21641 99.248809 0.000000 49.970680
21425 76.717808 6.341473 55.293281
13212 29.897725 11.902526 73.136709
13646 24.842857 37.301587 50.239683
13647 25.371429 38.095238 49.180952
8223 24.853435 37.317470 47.736969
10134 64.941468 8.841176 58.679249
6469 65.537191 9.234463 57.987707
8620 44.443625 0.000000 23.793773
12628 57.662520 10.276845 60.881618
20973 80.396172 13.411215 46.377288
20961 80.176486 13.576728 46.321452
4030 80.434801 13.458658 46.310483
13780 79.947887 13.674048 46.338334
11348 62.612041 0.000000 40.788740
13143 74.812152 14.710995 47.868218
16713 87.822132 8.843387 47.236704
1904 36.971307 0.000000 19.918742
11224 43.398776 0.000000 56.143652
7175 42.158643 0.000000 58.392227
20861 77.628125 11.185916 49.988835
16628 77.653171 11.123129 50.039163
20818 77.701125 11.149703 49.988585
14887 44.705884 0.000000 53.092156
3294 47.633518 0.000000 46.877391
950 38.643621 28.756104 51.893329
4532 51.961459 0.000000 51.712767
8386 85.742109 8.094984 49.025867
21263 85.647688 8.071664 49.096421
21616 85.814911 7.978235 49.106332
4465 83.163742 2.141764 56.274224
1958 42.270515 25.332316 53.507094
12101 45.331162 0.000000 65.041252
322 85.246780 8.429191 48.938990
6095 38.176026 0.000000 78.476490
8260 80.000069 5.701122 54.293142
13923 82.122927 2.542148 56.393846
7704 82.906091 8.199632 50.339123
20974 76.399286 17.053284 44.730019
20975 76.262784 17.211560 44.639837
5903 82.983478 8.485247 50.014529
10334 77.460227 15.615956 45.638315
8221 24.331953 36.534464 46.432277
2071 34.619174 0.000000 34.966352
7421 44.230440 17.910051 28.079267
7422 43.613048 18.681677 28.027523
1004 45.579243 15.736797 61.457845
7140 36.306479 0.000000 50.052378
11156 69.989291 16.322374 48.666658
13681 6.707200 10.070871 58.399562
6140 81.525096 3.911194 55.322347
13406 81.168041 3.846559 55.565574
6804 81.408494 3.796138 55.495819
20634 8.142005 12.225233 55.448916
554 78.054093 9.833559 51.129561
206 75.780199 8.659701 53.441541
21210 9.387632 14.095543 37.398943
17272 73.632818 0.000000 49.286155
990 66.459862 8.758755 58.002555
16976 80.568406 1.323546 58.390928
21694 92.471612 2.773831 47.159492
11745 77.388723 9.388288 51.907962
1056 75.260342 9.349154 53.011326
15517 14.106558 21.181019 54.933113
8996 75.582767 9.526958 52.672131
1545 42.811306 0.000000 57.151836
4621 17.771507 0.000000 42.322991
7228 41.365290 21.339181 57.956835
5028 54.112103 13.101755 59.829092
9131 44.476730 36.558020 41.167057
5310 34.656217 0.000000 23.650957
20711 74.703250 12.569278 50.066528
7508 84.775226 5.660454 51.946273
21385 80.874703 6.256485 53.299907
21386 81.045338 6.197909 53.273224
20977 78.286791 15.339138 45.502127
20984 78.036459 15.556500 45.409714
13008 36.462154 0.000000 18.767314
7094 50.174076 6.350476 27.201746
15619 50.181136 3.783689 26.350536
9398 81.751563 4.326978 54.792914
6427 74.649682 15.155828 47.504175
17198 12.715925 19.092981 47.765483
17275 11.972671 17.976984 51.499628
17267 82.777452 2.028479 56.580766
20965 83.472188 10.949120 47.303837
5735 41.996176 0.000000 49.483711
13445 42.372426 0.000000 48.978821
16698 89.629630 0.000000 44.814815
5075 4.744123 7.123308 41.473229
20731 74.944407 12.511044 50.004242
20732 75.031451 12.452378 50.019444
12456 75.193469 1.484907 60.916874
21408 78.856969 6.675157 53.889683
10734 44.446154 16.558092 27.736921
17266 4.840004 7.267273 45.561561
21255 83.247781 10.951856 47.413301
21589 83.029908 11.087273 47.386685
2824 73.106609 17.028120 46.401548
21129 58.180397 9.928510 60.971363
12858 58.971201 21.750160 36.728404
10202 84.203342 7.092997 50.798239
6739 7.691353 11.548578 48.033372
9869 70.499837 17.088746 47.644247
5112 80.693295 13.386961 46.253005
7331 36.380121 0.000000 34.942163
5293 25.087427 15.232423 17.616110
4144 59.665290 28.842247 41.296266
4146 59.071800 29.706729 40.727664
4449 6.409072 9.623231 30.333356
6972 29.894693 33.543824 26.117440
10958 43.976619 34.803128 33.577751
12778 52.979281 25.788208 47.696363
12390 72.231489 0.000000 58.328705
16256 33.506216 43.616190 31.277299
21366 33.121070 44.465418 31.367519
8464 60.309677 0.000000 33.365341
7876 59.479856 0.000000 33.547178
21288 82.683610 11.359319 47.287516
21277 82.481313 11.503035 47.244806
9155 10.805202 16.224026 41.292853
21528 38.251399 45.247808 35.581244
21527 38.632063 44.651146 35.988171
7233 83.038209 9.022278 49.449595
4007 80.045842 8.739839 51.228501
5534 18.518519 0.000000 9.259259
773 8.361530 12.554850 50.792078
4429 74.197612 12.271778 50.617145
15249 5.580090 8.378514 58.111543
1675 9.397030 14.109654 33.628881
21529 36.995574 46.762672 34.069757
16816 74.251348 16.932402 45.924992
16754 1.594773 2.394553 54.835892
14070 83.714785 8.910192 49.223506
7936 42.052662 0.000000 56.289361
16331 52.692608 30.111481 43.512104
5458 24.444444 0.000000 12.222222
20865 24.859297 0.000000 12.765117
11948 47.729448 0.000000 53.419062
3598 76.449341 2.505616 59.267208
7476 51.873444 0.000000 56.437132
4611 19.166642 28.778741 40.523820
3614 70.766241 21.596502 42.998781
1305 83.407166 0.000000 57.208875
12558 73.298764 17.958236 45.374424
12111 82.029358 7.432255 51.545634
10028 47.497236 19.673731 30.299971
11557 72.063162 18.311371 45.638737
7307 71.704779 18.696339 45.432575
6200 16.728247 0.000000 14.443562
3897 70.208542 18.958707 45.918063
987 43.401851 0.000000 56.565930
17066 78.770988 15.749357 44.849399
11420 55.069726 28.828491 37.134751
4788 16.652602 0.000000 74.614734
14910 91.508200 0.917888 53.327094
14909 90.582928 1.066625 53.640845
3575 72.706005 13.074029 50.559895
1123 72.920366 16.599974 46.923243
16190 9.657609 14.500915 28.540703
21339 13.698522 20.568351 22.068413
13407 81.248907 3.721654 55.650171
3260 30.821067 0.000000 20.116820
436 43.928832 0.000000 57.851592
20866 77.418389 11.300769 49.978735
4134 7.062290 10.604039 42.224144
20979 86.131542 7.991173 48.935065
20952 86.203510 7.884335 49.006026
335 4.813728 7.227820 53.224589
8421 88.888889 0.000000 44.444444
20962 79.931588 13.763403 46.257040
1622 70.454766 17.662003 47.092952
5473 74.352971 10.240233 52.573041
21090 74.302627 10.380480 52.457826
13004 78.998662 10.125383 50.365161
1318 17.613119 18.166851 73.008423
603 49.144420 0.000000 53.664303
14820 15.774468 23.685387 47.990157
6958 48.071879 0.000000 68.068668
10300 48.595360 0.000000 67.942214
11941 86.005546 7.765429 49.224033
20894 86.195660 7.585573 49.309011
20936 75.113941 18.420338 44.004271
5699 75.283145 18.398476 43.941553
14674 78.854164 4.341564 56.227012
9807 59.691204 25.982980 44.145435
16299 78.668496 5.294759 55.365698
21438 43.145607 37.493074 40.896630
13732 25.075887 0.000000 66.838171
10798 77.975694 8.911987 52.091254
7281 35.816998 41.542513 40.507445
15375 23.668101 0.000000 54.213991
21211 30.973493 13.275374 19.907446
21212 30.688926 13.594268 19.871354
15662 92.774863 0.528651 53.083388
6773 72.151942 18.851400 45.053777
12865 74.162833 11.214313 51.693056
14148 14.889614 0.000000 61.185271
16387 46.136877 39.387933 36.184620
20733 9.109336 13.677682 54.574876
10952 22.551054 18.538884 70.167051
20683 9.054552 13.595423 55.604488
20867 17.662192 0.000000 10.382035
11578 40.414590 41.128212 38.623365
8628 62.432984 0.000000 38.941154
7192 76.830526 17.368421 44.198947
17273 10.292389 15.454038 46.119943
8363 75.371787 10.604057 51.699445
3758 47.257562 0.000000 58.482273
3783 66.603859 4.836441 61.856793
21236 51.720295 35.525831 38.578496
2298 37.864970 0.000000 51.233899
7845 36.989993 0.000000 34.844282
8580 80.458247 3.378390 56.389108
1674 9.417420 14.140270 32.750165
9508 0.450638 0.676634 46.483602
15478 44.979691 0.000000 47.324995
14506 15.044491 22.589326 28.560623
8582 83.166361 4.242701 54.169876
15246 78.284597 10.406350 50.440945
20627 8.815815 13.236959 54.831948
1956 83.559708 2.682121 55.535343
20660 83.606286 2.550121 55.644186
20661 83.502634 2.502310 55.743870
3870 80.962989 11.310961 48.196233
4885 76.267060 2.812323 59.051335
21342 19.950816 19.286961 16.397966
21341 20.484407 18.388169 16.365464
11109 69.521104 19.920219 45.299308
15634 84.191722 6.636060 51.261443
7199 3.474719 0.000000 50.991994
13572 34.920093 47.102057 35.390794
14127 86.199807 0.000000 52.466571
17312 86.034098 7.633082 49.342235
20895 85.791165 7.756172 49.340490
12457 92.127410 0.561665 53.374068
16996 92.014846 0.708448 53.283421
1706 73.990628 4.983294 58.016409
4040 6.352756 9.538673 38.492593
2946 71.140712 15.388847 49.025409
14412 92.398109 0.764919 53.035262
11079 77.255994 8.213817 53.149971
12501 66.035514 24.422204 42.535617
15456 42.594514 28.328300 30.730581
12254 16.528622 0.000000 89.214700
14225 24.455045 1.715913 86.054849
12296 86.047547 0.000000 54.007783
14128 85.407748 0.000000 52.953159
997 40.687894 41.710554 37.903788
9447 48.458793 0.000000 56.766636
16388 47.342105 39.473684 36.815789
14000 6.387047 9.590161 27.182450
13850 6.547769 9.831485 28.043726
6206 3.328749 4.998122 88.025351
9958 88.681076 4.185251 51.470026
12651 71.324925 0.000000 52.434456
21695 96.960047 1.382707 48.940465
21696 96.753417 1.267833 48.798897
14919 79.267091 11.938932 48.415584
4450 6.547606 9.831241 29.662265
16209 18.848253 28.300681 42.517404
7270 7.300958 10.962400 54.967301
8850 72.898094 19.906744 43.624302
8528 92.517031 0.000000 49.828849
14860 74.485897 0.000000 48.305799
20767 24.081686 0.000000 13.063227
9005 77.307524 9.285120 52.051833
9890 48.409873 0.000000 67.346171
12295 86.770359 0.000000 53.469710
13018 44.668209 0.000000 58.293077
7929 69.196483 10.014785 55.376959
20859 22.157345 0.000000 12.373993
6650 80.408149 3.861605 55.930459
16986 50.580838 8.255106 66.446220
4283 30.853396 10.570547 73.992185
3852 42.250432 0.000000 58.919188
5295 7.151839 10.738497 24.669519
16259 36.082813 0.000000 72.892563
9006 77.217941 9.430314 51.951285
21131 77.299462 9.345335 51.995588
11536 2.764359 4.150690 47.222249
21495 82.597390 9.488985 49.202831
21191 9.754068 14.645747 35.921197
15768 35.227996 37.950543 44.397509
15540 35.110771 37.274543 45.132797
2264 35.026250 1.625339 18.054363
7763 20.465188 0.000000 35.324880
9160 21.474771 0.000000 36.056057
16614 47.046962 0.000000 73.279926
5551 81.123740 6.697284 52.734149
21428 81.667035 6.072246 53.088165
10812 19.617802 29.456160 43.805956
13937 47.843626 0.000000 72.980058
198 6.590275 9.895309 34.828248
11139 77.411165 8.085481 53.200851
8895 77.458433 8.165403 53.097214
10731 79.303391 11.992102 48.344210
7956 77.159338 9.226484 52.184621
4298 27.496005 41.285293 33.628771
20662 0.243190 0.000000 3.979317
6048 83.747470 5.422695 52.698148
13707 1.930464 0.000000 21.255519
20783 22.805886 0.000000 12.751994
20870 22.499210 0.000000 12.520763
21052 76.981792 9.414361 52.085329
3047 84.511017 8.390713 49.345387
3045 84.213543 8.574216 49.310438
6455 88.993683 7.677646 47.817835
9942 54.559945 0.000000 60.194363
8516 76.739966 0.000000 42.227688
8442 44.765306 14.982062 27.371680
3721 23.777190 0.000000 42.608384
1108 79.302049 9.776272 50.562927
6050 53.412318 14.167735 59.111938
7487 40.648433 28.943150 29.962285
14231 82.301731 11.782030 47.055322
16979 33.824207 40.939652 42.107304
1470 33.401825 40.605168 42.653315
14242 35.293877 46.558003 33.150754
11462 76.080549 3.137186 58.819402
8054 55.876087 0.000000 37.241200
2640 81.643734 3.829268 55.345036
6225 9.244956 13.881315 32.350014
11667 77.425135 16.562148 44.708722
7892 76.813956 16.995805 44.580221
12661 77.246416 16.557072 44.803163
8165 41.444258 0.000000 58.226103
9081 25.414844 0.000000 43.911868
2196 88.531884 7.275916 48.450866
5288 4.997682 7.504027 85.753666
7949 76.679475 2.988079 58.669195
20741 76.791715 11.592546 50.000004
20739 76.734522 11.629941 49.991168
20734 76.845218 11.550948 50.014892
20871 8.148148 0.000000 4.074074
3811 21.482637 0.000000 21.307616
7424 81.291618 9.656158 49.688377
6899 88.243022 8.647800 47.222041
11679 88.455037 8.397788 47.366296
13329 43.560121 28.063392 31.125170
6776 79.857331 11.978502 48.080854
2168 55.272660 0.000000 48.695954
15033 77.285880 8.300811 53.047948
11702 43.367382 0.000000 49.830585
6389 84.412776 1.153061 56.639398
21354 82.186609 7.924367 50.974405
4263 85.035025 5.642253 51.834592
21241 52.601102 33.635114 40.030700
21343 14.699994 22.072064 19.580595
6201 17.496043 0.000000 18.058000
1378 36.783744 0.000000 51.165381
1170 75.808446 9.881529 52.204366
21344 10.496655 15.760744 30.951010
21518 42.224080 38.435475 40.414049
12225 42.906534 37.671486 40.837576
21565 42.687946 37.786361 40.831880
21570 42.857274 37.520049 41.013793
1212 81.057681 6.387981 53.076790
8297 37.294671 0.000000 33.938009
1080 16.317389 0.000000 72.306677
10488 41.980658 0.000000 56.853004
3722 24.616497 0.000000 43.356281
3676 25.190756 0.000000 16.871433
522 81.853715 12.284804 46.776054
14081 65.420201 24.971718 42.293209
20663 84.213277 2.631140 55.259591
3886 2.432558 3.652490 89.022215
5229 81.234305 7.688075 51.687084
21429 78.463369 6.619152 54.142545
7294 77.335169 8.715527 52.608173
7253 44.373326 0.000000 73.413233
20872 35.555556 0.000000 17.777778
7446 62.788421 27.894737 40.683158
15807 24.209584 0.000000 22.107879
7620 24.092107 0.000000 23.978812
7120 44.709718 35.902595 34.310423
16961 50.767052 0.000000 46.101612
5910 91.444971 4.546785 49.726182
10558 38.914178 0.000000 69.047050
20876 36.296296 0.000000 18.148148
3339 6.706286 10.069498 14.129381
9805 42.545331 0.000000 69.834487
3165 80.613872 10.151247 49.531666
3727 40.957187 0.000000 21.005962
21213 12.239826 18.378116 29.182354
21697 89.597328 3.066317 45.819748
4428 74.311061 12.343971 50.488155
3759 47.303299 0.000000 57.857787
7423 80.828294 14.085911 45.485856
5270 43.139002 0.000000 48.141809
11164 8.022956 12.046480 44.404597
1196 54.108591 9.986965 62.948753
9469 71.221714 11.315872 53.061956
21133 71.058000 11.165040 53.294795
21134 71.369892 11.076939 53.227038
7796 81.037321 4.029707 55.447603
21214 18.113828 23.478465 16.875243
21215 18.599433 23.105657 16.993901
20735 73.688918 13.152386 49.990003
20860 21.804184 0.000000 12.273654
21031 16.666667 0.000000 91.666667
21268 84.442420 9.810727 47.958252
21620 84.475662 9.824604 47.927741
10665 51.550034 0.000000 73.333360
21041 42.793656 3.857499 74.741816
21040 42.270822 3.838306 75.022445
21042 41.851937 3.866726 75.203439
1751 41.479677 0.000000 50.523225
11950 42.050205 0.000000 69.978541
5275 80.000775 13.180523 46.805909
21130 74.154741 10.402912 52.509314
13564 47.782938 0.000000 65.563480
8631 81.140935 1.902771 57.524859
10036 93.911031 2.726943 50.314815
3584 94.644591 2.569356 50.105779
21668 90.402577 2.834116 46.145049
21698 90.194681 4.137543 46.475142
20614 77.885560 9.206058 51.841955
20840 18.789518 0.000000 10.995272
20874 18.265170 0.000000 10.365599
11251 11.017045 16.542109 42.095278
12381 3.255696 4.888433 34.794128
6645 77.033050 7.501185 53.974789
4908 30.801482 0.000000 83.595283
20875 10.370370 0.000000 5.185185
2116 70.313720 11.560758 53.270821
1842 75.047820 9.488011 52.978590
9500 41.158857 0.000000 50.773943
20899 0.250403 0.375981 92.348260
6634 78.449280 9.789584 50.975987
16806 78.871837 5.307271 55.251503
5792 7.180249 10.781155 42.870729
10717 77.203534 5.841224 55.551167
16020 75.343960 13.012229 49.302779
7577 13.255483 19.903128 37.402891
9819 73.113451 8.666622 54.767986
21532 40.887109 40.682925 38.832838
21383 41.238487 40.365834 38.974557
16252 79.117436 5.200113 55.235969
14146 68.782272 19.571750 46.017543
8682 63.941062 0.000000 62.209817
8684 64.885216 0.000000 64.282499
21533 38.138606 45.619840 35.265237
8866 6.715532 0.000000 21.374025
2274 21.049690 31.606142 40.396639
20989 47.705965 3.564324 72.579129
3737 84.301774 3.644159 54.201309
8320 74.389043 7.928575 54.868975
16687 43.577719 36.440255 41.734445
20724 73.884268 13.067227 49.977572
20737 73.788860 13.110891 49.981568
10672 8.438566 12.670519 36.738007
21340 19.463937 20.056656 16.410835
2851 70.779259 19.574994 45.015802
4270 51.351418 0.000000 45.938683
20906 51.666988 0.000000 45.271387
21355 83.978399 4.807305 53.198688
21289 82.798957 11.260626 47.328635
21286 82.873044 11.182310 47.369986
21634 82.915826 11.186305 47.344596
14134 79.833910 10.249698 49.823098
10940 79.886085 10.158762 49.888037
6270 41.473403 38.943759 40.280596
10208 60.000000 0.000000 70.000000
4023 43.537573 2.684506 75.544023
21135 51.276154 5.488788 68.867647
21075 51.020738 5.208103 69.276320
10987 12.278408 18.436047 66.196918
5563 36.678645 0.000000 48.619967
1565 54.240333 5.489405 67.384939
7323 40.241718 30.438536 30.256892
11137 85.715895 6.397712 50.737944
13709 85.365581 3.672161 53.641376
8322 60.930968 0.000000 60.098316
4434 59.011720 0.000000 68.870300
21174 22.345848 19.318068 17.605840
3436 70.828369 11.026417 53.548373
429 43.889937 27.128437 50.899466
431 43.561983 26.751488 51.440769
20981 77.839805 15.734081 45.330282
12585 6.602025 9.912950 30.620948
21681 96.527112 1.057047 48.615552
763 78.654319 0.000000 43.858893
18 6.463015 9.704227 31.252469
13580 50.966001 17.680435 31.370585
14155 8.223943 12.348263 20.847886
12019 25.000000 0.000000 87.500000
2791 43.112283 37.085294 41.321479
16572 77.037037 0.000000 38.518519
4785 85.364773 10.115933 47.191565
1315 74.389082 9.394895 40.323041
21573 84.068810 4.331982 53.629281
13912 29.632023 32.203774 52.948011
16631 14.619562 17.986078 74.686154
12790 71.235329 18.464234 45.899638
11864 74.020523 10.364535 52.614839
13031 70.123384 13.151467 51.773690
20738 76.649309 11.656799 50.006889
21053 76.866489 9.427004 52.130325
21136 76.777437 9.464577 52.137239
21217 24.112025 17.301129 17.817288
4423 21.142857 31.746032 57.650794
21409 78.689086 6.691284 53.957482
21132 77.353001 9.355623 51.958521
2980 72.142801 10.352051 53.566197
20740 78.721814 10.460637 50.167995
20616 78.708682 10.492310 50.142857
4155 70.372114 11.175170 53.627598
15630 70.462785 10.910074 53.847624
15766 80.847358 6.650399 52.919272
7379 18.666452 28.027705 30.906615
1423 16.719724 12.670806 12.579241
21503 48.068023 0.000000 54.506788
6167 42.349957 0.000000 72.065312
11155 41.676392 0.000000 61.165165
21360 7.031974 10.558519 24.879810
21535 40.612679 41.347633 38.304680
17291 34.451650 0.000000 55.917636
6863 48.773959 0.000000 55.454164
12419 8.343062 12.527121 22.018213
13219 13.900207 0.000000 74.798357
7730 71.094275 12.036449 52.404377
14649 39.015002 0.000000 63.236053
14556 84.526794 10.819796 46.905987
7297 43.313681 33.966537 44.342656
5109 55.881357 28.541843 43.488937
21020 3.796706 2.604680 95.494363
21045 3.409341 2.611785 95.680932
9835 85.149208 10.369548 47.045479
20937 74.836176 18.735156 43.828021
20982 74.528415 19.013161 43.703618
21465 48.806712 0.000000 54.949952
21243 54.809614 29.357198 43.208638
21242 55.286565 28.831887 43.495999
21345 10.607105 15.926584 30.718326
20684 9.875755 14.828460 58.086037
2832 0.000000 0.000000 95.652174
4720 10.529143 15.809524 30.088355
10564 8.053775 12.092755 21.837980
16416 3.628353 5.447977 85.787152
21163 24.482458 16.720813 17.809260
3431 69.955958 19.641956 45.360423
20922 51.368567 0.000000 45.310277
20665 84.291122 4.240652 53.609546
20666 84.318802 4.194835 53.641569
21155 30.411435 13.844151 19.815820
21046 35.000000 0.000000 82.500000
1621 69.678563 20.011973 45.128734
20664 84.169783 4.309564 53.601235
20880 7.700121 2.211173 4.586381
15736 35.495229 34.031281 29.080031
20881 34.312494 1.234659 17.567388
20882 34.556908 0.714999 17.516549
20883 6.686312 5.277826 5.100672
14706 84.915354 0.982903 56.558437
21145 71.751908 11.033472 53.079541
21139 71.537044 11.108727 53.111642
20884 17.989035 0.000000 10.464219
21347 83.920039 4.870938 53.164172
5345 56.556451 31.975706 39.714093
21451 81.549461 5.934976 53.284358
21137 77.418331 9.333990 51.947510
20885 78.593590 10.606774 50.085824
4632 78.948993 7.705513 52.812285
2117 70.766162 11.434416 53.171069
16099 6.263746 0.000000 38.095720
21590 79.939958 13.614032 46.402375
20873 34.814815 0.000000 17.407407
20886 38.518519 0.000000 19.259259
4015 46.614007 0.000000 30.164658
2763 33.487150 38.050248 45.168127
819 29.637030 37.817976 27.411901
20896 85.876347 7.756909 49.297161
16847 85.001403 10.590882 46.897825
9326 46.666667 0.000000 23.333333
9780 31.779082 15.681748 21.111563
6970 43.313134 4.090493 74.248850
5553 44.103425 0.000000 72.850523
21587 85.529897 8.755352 48.470944
13578 70.219773 2.903823 61.983386
21227 53.926540 31.218710 41.786801
20685 9.017870 13.540345 55.269224
21047 3.269048 1.724087 96.639664
21141 70.637103 11.310684 53.359454
21071 70.454855 11.297689 53.463585
21142 70.822408 11.234139 53.343423
4324 12.668132 19.021219 56.249546
20635 83.036054 2.322626 56.157024
20649 0.719284 0.000000 2.661999
20889 19.208160 0.000000 11.402278
21430 80.020312 6.494469 53.488880
1188 71.648459 11.224754 52.939792
21146 71.841845 11.055261 53.012761
20682 10.209272 15.329237 58.415783
16208 19.397474 29.125337 42.134573
21586 85.960683 8.041013 48.970605
21043 43.619121 3.348767 74.838324
20905 50.125983 0.000000 45.259473
21582 80.090805 13.507638 46.433452
20770 5.815226 4.533291 4.417199
4797 25.438428 0.000000 49.726139
16533 24.649535 0.000000 49.206948
304 81.150609 4.047831 55.372816
21285 85.784296 7.951979 49.147922
11172 18.291162 16.404315 74.433700
6484 1.907839 2.864624 84.638951
3812 22.202936 0.000000 23.668249
21138 51.595564 5.507190 68.689520
21364 41.791530 38.959428 40.105848
21291 72.390420 20.345631 43.438813
20985 53.599793 0.000000 44.511006
20828 27.323145 1.281968 14.088468
20829 26.892593 1.095622 13.811138
21245 54.583946 29.834367 42.843826
21218 31.999649 13.457609 20.481208
21143 69.405912 11.502410 53.783132
21050 14.879775 1.700862 90.857549
5858 6.875652 10.323802 25.045895
3682 46.265146 0.000000 55.117525
21048 43.262286 3.393741 74.971722
21051 43.042135 3.637335 74.837961
21502 82.562031 9.602099 49.107283
20642 84.595333 3.580124 54.118629
3681 45.952834 0.000000 54.929234
21219 32.353522 13.181160 20.566088
21069 71.928069 11.076805 52.948084
20742 76.281299 11.826360 50.021164
14173 69.316386 9.650718 55.681439
21427 77.373346 6.500026 54.806801
14090 74.352836 17.729912 45.075941
21246 52.825832 32.869225 40.684990
21247 52.708089 33.259241 40.353455
21147 73.996181 10.482211 52.509216
21439 6.867318 10.311288 24.236864
21449 6.576330 9.874369 70.209228
21305 53.084769 17.521246 32.376960
21056 58.266196 10.216745 60.639940
20978 78.541001 15.117939 45.596443
21356 83.993349 4.523131 53.475671
21357 84.126168 4.457908 53.474550
20743 78.760313 10.461362 50.148021
20744 78.696859 10.516991 50.124062
20657 84.369371 2.838304 54.974172
20804 3.225794 4.843534 3.700959
20808 2.678855 4.022305 3.467491
21509 2.700000 4.054054 2.700000
21506 1.350000 2.027027 1.350000
20839 30.290100 1.553184 15.662261
21651 0.737602 0.653992 0.586580
21644 1.115181 0.910517 0.860793
21512 0.900000 1.351351 0.900000
11657 85.434382 8.985513 48.288310
20966 85.731182 8.810964 48.314634
21595 86.016232 8.154893 48.828836
21596 85.981979 8.206483 48.794321
5908 85.756883 8.460632 48.652466
21591 85.993359 8.245091 48.749984
21592 86.053211 8.264905 48.700225
21593 86.026632 8.322276 48.656085
20971 78.940755 14.748223 45.766651
21594 85.966599 8.131715 48.876854
20939 86.161497 8.104152 48.806996
21597 86.006198 7.963482 49.025455
21598 85.974483 7.946891 49.057921
21599 85.950537 8.399578 48.616753
21600 85.947912 8.095201 48.922747
21038 47.850069 3.867140 72.203958
21537 2.793043 2.040397 96.561041
21538 2.605690 1.335042 97.360778
20997 2.500000 0.000000 98.750000
21540 2.287789 1.460209 97.394437
21655 1.432622 0.971374 98.311343
21656 1.146215 1.144730 98.281018
21542 0.528571 0.793651 98.941270
21657 0.822261 0.784020 98.804066
21103 76.542806 9.564141 52.154892
21148 73.910875 10.486294 52.547782
21239 57.003427 26.104826 45.367356
21290 84.702341 9.567237 48.072025
21614 84.905908 9.434412 48.103200
21638 84.834518 9.511103 48.062127
21609 83.426406 10.754722 47.521320
21632 83.533008 10.676880 47.545939
21603 83.659355 10.568368 47.591387
21604 83.778471 10.450202 47.650112
21584 84.116778 10.181111 47.750319
21606 81.722191 12.161382 46.965361
21579 83.283404 10.874664 47.472760
21608 83.141987 10.987954 47.430064
21610 85.083977 9.221302 48.227488
21612 84.957420 9.342148 48.169800
21613 85.615942 8.624043 48.559361
21633 85.901043 7.893638 49.147947
21617 84.231961 10.067050 47.806902
21618 84.408588 9.907771 47.878027
21619 84.326904 9.991591 47.834966
21622 84.545406 9.765632 47.951899
21281 85.490260 8.263426 48.983180
21623 82.193849 11.787352 47.103936
21625 85.353758 8.964253 48.349904
21627 82.394074 11.646922 47.144394
21628 82.495289 11.542521 47.198291
21629 82.621557 11.439946 47.237835
21630 85.612217 8.666088 48.519137
21637 82.883266 11.224124 47.323019
21330 14.193133 21.311011 20.883253
20613 84.084567 4.497399 53.455820
21543 35.118981 45.929424 32.853989
21544 34.876265 45.598467 32.622422
21545 34.542615 45.450883 32.406451
21546 42.009498 38.765056 40.191431
21559 41.649880 39.465664 39.669930
21549 32.713541 44.688682 31.238102
21519 32.213369 44.773089 31.016123
21375 33.681867 44.532936 31.670401
21550 33.265608 44.913735 31.589078
21551 32.943573 44.807943 31.392832
21562 33.650194 44.998831 31.809708
21554 34.159617 45.455432 32.216467
21376 33.997218 44.881916 31.944287
21555 33.963343 45.214816 32.038205
21371 31.025969 45.158624 30.550806
21557 30.925317 44.686283 30.343191
21373 41.581543 39.306539 39.863383
21547 41.804701 39.219924 39.838506
21563 33.783407 45.152227 31.927395
21382 42.722335 37.537058 41.064238
21566 42.550152 37.975810 40.711138
21568 29.700000 44.594595 29.700000
21567 30.222675 44.555047 29.948168
21569 30.676809 44.557565 30.176074
21571 41.073184 40.324252 39.098831
21426 81.123680 6.191789 53.240179
21404 77.874181 6.613383 54.442913
21640 43.441110 36.773958 41.468713
21499 82.554892 9.487280 49.225787
21501 50.973257 0.000000 55.475736
21642 3.222405 2.981870 2.604165
21643 3.512359 3.252932 2.839406
21646 2.986884 3.151800 2.542991
21510 3.150000 4.729730 3.150000
21648 2.600057 2.686459 2.194620
21649 2.739791 2.641997 2.249681
21514 1.800000 2.702703 1.800000
21513 0.450000 0.675676 0.450000
21652 0.482086 0.332417 0.351738
21645 1.481264 1.430731 1.217065
21536 40.724799 41.035218 38.561347
21658 0.546041 0.394418 99.332167
21548 41.939393 38.963373 40.027967
21615 84.950699 9.374171 48.141106
21653 1.659657 1.513409 1.333794
21689 93.494528 2.309177 47.516220
21699 89.898041 3.643070 46.162163
