10146 0.000000 4.862398 88.155100
10293 0.000000 5.250616 91.330943
9045 0.000000 6.689307 86.598570
4688 52.734076 0.000000 51.526412
4687 52.123323 0.000000 54.788519
8337 50.260193 0.000000 51.933577
10332 81.866171 27.384169 0.000000
10738 84.179255 27.794422 0.000000
3568 83.405854 26.598895 0.000000
6063 24.137931 100.000000 100.000000
6062 24.199975 98.839268 100.000000
1387 27.544109 98.858612 100.000000
7562 27.385614 55.076283 0.000000
1288 27.589882 53.321943 0.000000
1287 23.082866 54.600357 0.000000
8278 2.585804 89.620536 100.000000
4597 0.000000 88.333333 100.000000
8279 4.006429 88.130695 100.000000
9153 9.172662 20.171227 0.000000
6011 8.644649 18.714279 0.000000
4320 7.334919 19.941054 0.000000
8235 100.000000 88.149722 41.999378
792 100.000000 89.267945 42.398450
794 100.000000 88.149161 44.822028
10599 100.000000 24.128109 11.040283
9903 100.000000 25.338862 10.878745
9205 100.000000 24.479232 13.863803
997 33.984825 33.218258 0.000000
996 34.452338 34.481542 0.000000
5325 36.418260 33.473295 0.000000
6252 62.298492 100.000000 65.551632
9998 61.063803 100.000000 67.661584
6251 63.742793 100.000000 66.971445
8980 42.819501 60.564498 100.000000
404 44.061877 61.718767 100.000000
6147 40.878026 61.744591 100.000000
7686 100.000000 65.939827 94.651660
8328 100.000000 66.865465 91.054850
4312 100.000000 67.483364 92.963565
8855 0.000000 93.750000 0.000000
2529 3.509583 93.323393 0.000000
2531 0.000000 92.187500 0.000000
1091 12.745525 100.000000 46.086690
4684 15.492337 100.000000 46.569089
1270 15.520966 100.000000 42.778959
7650 100.000000 79.934751 22.918826
1807 100.000000 80.603087 19.853472
9109 100.000000 81.314454 22.461842
1888 51.728845 100.000000 12.711349
1889 54.031016 100.000000 12.951233
1887 53.319571 100.000000 10.547631
62 100.000000 6.304452 8.630685
3954 100.000000 7.052308 7.383962
4261 100.000000 7.471388 9.755932
1768 100.000000 72.759812 65.834796
1769 100.000000 71.861168 69.526660
1770 100.000000 71.140518 67.172074
7047 100.000000 19.783713 91.983542
2720 100.000000 18.693164 88.106568
1311 100.000000 19.857929 86.100815
1756 64.189913 100.000000 64.354603
9512 66.252948 100.000000 65.536735
1757 66.397427 100.000000 62.804477
3035 0.000000 7.990244 30.254125
10005 0.000000 8.491463 28.305717
191 0.000000 7.663392 27.288334
2475 50.980166 100.000000 49.094449
2270 52.947028 100.000000 48.454872
4369 51.557812 100.000000 46.998233
9605 48.698185 75.826220 0.000000
7897 53.976303 74.840936 0.000000
9604 50.054526 73.550387 0.000000
9668 85.590489 64.584848 100.000000
5841 83.712715 64.007186 100.000000
9598 85.636551 63.408888 100.000000
957 12.432158 4.968054 100.000000
956 15.837096 3.280939 100.000000
10748 16.542730 4.969938 100.000000
1431 68.684536 0.000000 6.565953
519 66.241192 0.000000 4.497182
1432 67.458957 0.000000 2.458062
4270 59.022614 39.480113 100.000000
9717 54.415077 41.068363 100.000000
4268 53.136851 39.411462 100.000000
7194 9.886538 21.303408 0.000000
7195 11.630372 21.206894 0.000000
7196 10.705910 20.365658 0.000000
7984 46.015927 5.653225 0.000000
7983 46.215022 4.900084 0.000000
7623 44.591244 4.950376 0.000000
1495 43.664265 89.706385 0.000000
1496 40.519720 90.109963 0.000000
1494 42.969155 91.651212 0.000000
9971 77.742007 59.065911 100.000000
311 79.481278 58.406348 100.000000
4160 79.474024 59.444410 100.000000
494 17.838266 100.000000 60.199139
10017 15.172508 100.000000 60.363652
4982 15.509487 100.000000 63.470836
5901 22.730224 76.226779 100.000000
8489 25.959561 75.621669 100.000000
9462 25.473891 77.195099 100.000000
4601 58.177725 64.915481 100.000000
6130 55.443052 65.571374 100.000000
394 56.262140 64.182611 100.000000
10733 100.000000 21.478696 56.925013
5507 100.000000 20.403946 56.907236
6956 100.000000 21.074722 53.965657
25 16.132187 0.000000 82.011702
26 18.632932 0.000000 82.203936
24 17.307468 0.000000 84.430248
1655 0.000000 88.498700 95.167332
135 0.000000 86.666667 100.000000
4751 49.274552 100.000000 50.793371
1115 46.902490 100.000000 52.712490
5312 49.355429 100.000000 54.006130
82 50.743927 100.000000 56.569237
8045 53.370763 100.000000 56.464085
4556 52.507331 100.000000 53.748357
561 96.307318 15.021162 0.000000
1961 96.225472 16.184714 0.000000
562 98.016225 16.021020 0.000000
6991 84.672155 60.091269 100.000000
1077 84.517734 61.520798 100.000000
1076 82.078696 60.746020 100.000000
2671 0.000000 37.842741 55.938061
2672 0.000000 38.626810 58.738823
2670 0.000000 39.524576 54.201595
2826 30.911153 0.000000 46.006018
5761 29.514392 0.000000 43.045167
5092 32.208735 0.000000 42.076091
616 100.000000 5.520043 29.991247
615 100.000000 4.992754 28.346353
8365 100.000000 5.563596 27.707081
1183 78.351168 71.241088 0.000000
3328 80.771089 69.331393 0.000000
3329 76.795311 70.099132 0.000000
211 100.000000 77.289576 16.919501
6514 100.000000 75.599582 17.952606
6513 100.000000 76.542613 13.959863
9178 8.967435 80.013074 0.000000
10647 12.438831 80.934640 0.000000
1687 10.499802 78.947403 0.000000
8158 80.392157 0.000000 0.000000
1944 83.100220 0.000000 6.079566
8159 80.864450 0.000000 5.610064
4082 100.000000 22.678321 27.472199
7852 100.000000 21.814206 29.433312
4080 100.000000 21.774518 26.739689
10152 32.777906 100.000000 97.015165
1776 31.034483 100.000000 100.000000
3009 34.482759 100.000000 100.000000
9607 100.000000 2.751808 96.146961
8162 100.000000 3.789214 92.967608
9608 100.000000 4.050774 95.887244
930 100.000000 81.307984 87.258521
226 100.000000 80.272189 87.640094
2631 100.000000 81.170654 84.925542
9835 63.708174 48.634834 0.000000
656 60.032304 50.109197 0.000000
7906 65.341067 50.581125 0.000000
4616 100.000000 42.721218 48.239677
3365 100.000000 44.200274 41.036523
9031 100.000000 44.742888 45.396992
8346 36.612973 23.170429 0.000000
5033 35.646084 22.419734 0.000000
10020 35.013902 23.476090 0.000000
6846 100.000000 88.938079 20.356170
6847 100.000000 90.443498 18.372986
6845 100.000000 89.323173 22.476295
6102 30.776563 65.826569 100.000000
7485 33.829904 64.784402 100.000000
8165 33.995051 66.409560 100.000000
9594 53.162142 48.468594 100.000000
5976 50.781239 50.236240 100.000000
6477 48.049627 48.934985 100.000000
8931 13.169081 3.683346 0.000000
8246 11.547460 2.667303 0.000000
4514 11.526349 4.348164 0.000000
2677 82.208393 61.720796 0.000000
10368 87.282694 59.802161 0.000000
10699 80.752374 59.930664 0.000000
3263 52.480177 0.000000 61.403521
884 49.616883 0.000000 60.417646
5120 51.196588 0.000000 57.757666
4297 20.516843 0.000000 98.214568
4296 23.333333 0.000000 100.000000
181 20.000000 0.000000 100.000000
1273 82.160360 100.000000 51.105272
4520 84.099916 100.000000 53.179004
1274 84.171656 100.000000 49.399454
1065 48.500174 83.382984 100.000000
6795 50.199025 84.249256 100.000000
8812 47.489432 84.568416 100.000000
9075 19.901194 23.177768 100.000000
9027 16.677190 24.682729 100.000000
9026 15.525808 23.509929 100.000000
2325 97.935772 70.421866 100.000000
10666 95.750485 69.633600 100.000000
10436 97.946678 69.085930 100.000000
3285 2.596486 80.271320 0.000000
6610 5.917352 81.914269 0.000000
8437 6.084767 80.112280 0.000000
980 41.076592 13.807936 0.000000
5538 40.397117 14.600816 0.000000
1829 41.742874 14.500635 0.000000
4914 28.686163 100.000000 87.313168
10494 30.133127 100.000000 84.361104
4915 26.721102 100.000000 85.621964
842 0.000000 20.357083 65.414479
962 0.000000 19.352513 70.275937
843 0.000000 21.096034 69.138534
9020 1.500271 2.713604 0.000000
5610 1.490704 4.374130 0.000000
5609 3.094691 4.211975 0.000000
4173 81.230550 0.000000 15.692942
5552 83.628615 0.000000 20.926236
5993 81.396393 0.000000 19.736612
6934 100.000000 93.031326 30.916024
4409 100.000000 92.217101 29.025551
9019 100.000000 93.450486 27.431771
8274 100.000000 23.118849 13.474761
417 89.770202 66.687942 100.000000
8514 91.301259 67.124833 100.000000
4836 89.759182 67.839992 100.000000
5132 0.000000 3.893263 59.702342
4458 0.000000 3.860769 56.484244
3407 0.000000 3.047025 59.649956
10346 0.000000 61.243658 33.939808
2962 0.000000 60.730639 27.197247
2961 0.000000 59.241632 38.227529
3699 88.009565 0.000000 88.946933
3698 88.613776 0.000000 92.548059
9544 85.105950 0.000000 88.921402
5593 100.000000 87.084020 80.986614
3788 100.000000 87.512721 83.189921
4353 100.000000 86.344285 83.764944
9832 100.000000 2.295801 20.757853
9797 100.000000 3.114781 21.651355
9174 100.000000 2.848772 23.951456
2294 68.789323 2.134919 0.000000
2377 70.909187 1.911065 0.000000
1529 69.724051 0.999019 0.000000
883 0.000000 95.997039 61.696507
8486 0.000000 97.109280 55.850185
4164 0.000000 94.698617 60.233130
2732 44.184603 0.000000 39.186802
1018 41.608726 0.000000 37.659873
6242 43.231554 0.000000 35.357272
6489 2.150886 22.988635 0.000000
8203 4.061696 21.898123 0.000000
5440 2.034885 21.156859 0.000000
9467 13.333333 0.000000 100.000000
8153 10.828374 1.579040 100.000000
8382 10.000000 0.000000 100.000000
5407 100.000000 1.967640 37.954187
13403 100.000000 1.710002 40.589219
7721 100.000000 1.267264 38.854187
13411 100.000000 1.263296 41.247312
6985 100.000000 88.081891 7.206239
4972 100.000000 87.064553 11.828895
6984 100.000000 86.130650 9.703723
8576 0.000000 81.911565 58.548541
5562 0.000000 79.142675 58.712295
8575 0.000000 79.079102 66.120914
6180 13.501096 62.725766 0.000000
10528 9.838916 63.990392 0.000000
1908 15.382419 63.914981 0.000000
5099 96.969697 100.000000 0.000000
8053 93.939394 100.000000 0.000000
6954 94.299479 100.000000 3.532684
4163 76.666667 0.000000 100.000000
9511 77.409974 1.590800 100.000000
1737 73.333333 0.000000 100.000000
1050 48.759254 100.000000 39.579541
1051 49.704976 100.000000 41.062327
1052 50.863932 100.000000 38.923370
7073 100.000000 38.843647 63.367928
117 100.000000 41.053775 63.742874
2227 100.000000 38.712399 73.384642
118 100.000000 41.245257 56.271659
6686 95.485674 59.026839 100.000000
9084 93.664556 58.983469 100.000000
1482 94.790691 57.724620 100.000000
3054 88.139439 67.086959 100.000000
628 88.386785 66.238076 100.000000
8384 100.000000 73.962746 78.278382
389 100.000000 74.467247 80.819296
7979 100.000000 72.732913 82.291760
10536 100.000000 72.364343 62.161933
9764 0.000000 56.501392 90.420584
9765 0.000000 57.942536 80.147587
9763 0.000000 55.967721 82.733768
9879 100.000000 14.727566 23.971361
1343 100.000000 14.882936 26.253474
1246 100.000000 14.160063 25.327764
3056 68.399396 100.000000 44.594609
7590 66.736775 100.000000 46.786756
5914 68.665661 100.000000 47.180053
7334 25.969067 100.000000 97.639538
5282 27.861233 100.000000 95.024995
804 24.359938 100.000000 95.527118
7216 100.000000 81.566239 44.754937
7298 100.000000 81.469237 41.743652
8072 100.000000 82.670001 41.647609
10388 3.141015 100.000000 65.742113
8802 6.313687 100.000000 65.106401
9758 6.457145 100.000000 60.457170
681 96.587705 50.375327 100.000000
5438 96.179436 51.768560 100.000000
7458 94.694393 51.101018 100.000000
9976 56.816865 0.000000 92.579428
4130 55.859474 0.000000 89.270856
13302 58.358536 0.000000 91.392509
487 60.434203 0.000000 92.958712
13303 58.748052 0.000000 93.123663
134 0.000000 85.574194 97.087464
1367 0.000000 84.562461 95.003776
6292 0.000000 83.333333 100.000000
3007 34.524387 98.992014 100.000000
3008 38.260230 99.116043 100.000000
4586 91.953675 100.000000 22.369203
4588 93.205321 100.000000 18.745985
5328 90.434675 100.000000 20.093487
780 27.633851 38.227815 0.000000
9936 27.787429 39.838181 0.000000
3385 30.149033 38.818150 0.000000
8929 0.000000 48.301213 29.645453
10109 0.000000 49.217694 23.036406
2480 0.000000 47.352697 27.036436
2075 42.554326 0.000000 7.894575
2076 43.980807 0.000000 11.453137
2077 41.951293 0.000000 12.128155
8717 37.605231 29.764056 0.000000
8767 40.006136 29.121662 0.000000
375 37.838557 28.097606 0.000000
4293 63.148893 36.023065 100.000000
7070 61.979086 33.905282 100.000000
7695 69.250215 34.412800 100.000000
6565 100.000000 83.116883 100.000000
6633 98.149570 82.406680 100.000000
8549 100.000000 81.818182 100.000000
9441 34.279203 97.901121 100.000000
3232 37.419405 96.845231 100.000000
3231 38.121947 98.006937 100.000000
2160 21.553876 0.000000 49.726714
3081 21.318008 0.000000 46.393620
2161 23.899400 0.000000 45.844594
2739 9.554030 98.329828 100.000000
2738 6.896552 100.000000 100.000000
7507 5.773679 98.489759 100.000000
2695 98.095509 10.158896 0.000000
3090 100.000000 10.937500 0.000000
7299 100.000000 9.375000 0.000000
3822 100.000000 24.757727 45.688051
3821 100.000000 24.104477 42.203871
9555 100.000000 25.600638 41.795089
6544 0.000000 94.632845 75.454795
1081 0.000000 93.820715 73.153665
5927 0.000000 92.668018 78.676917
7271 0.000000 97.539005 2.832673
13036 0.000000 97.204301 1.521867
7272 0.000000 96.003124 3.404144
5116 32.892284 0.000000 78.265073
5118 30.089746 0.000000 78.782027
6037 31.153596 0.000000 75.826602
1628 100.000000 18.786520 44.388043
10497 100.000000 19.008100 41.276486
10478 100.000000 19.838922 42.771633
5862 46.387611 0.000000 19.071255
10583 47.282747 0.000000 23.521572
1348 44.900106 0.000000 22.404709
1163 57.831212 30.670740 100.000000
7600 63.265129 31.537977 100.000000
2388 56.665225 32.702748 100.000000
8034 46.538182 85.782055 100.000000
4453 44.622214 84.912425 100.000000
2385 71.284707 100.000000 77.367447
2384 72.277570 100.000000 74.762515
2152 69.406542 100.000000 75.375546
3064 100.000000 1.218856 10.153823
3062 100.000000 0.000000 7.692308
3063 100.000000 0.000000 3.846154
9595 50.378319 100.000000 79.822100
688 47.209869 100.000000 80.347561
4765 48.619199 100.000000 82.969036
2177 0.000000 68.841321 68.270329
7802 0.000000 70.823011 58.977549
7044 0.000000 68.623154 59.803403
8700 0.000000 7.664821 48.674546
10605 0.000000 6.801051 51.453167
3710 0.000000 7.808060 51.884008
1598 53.513689 95.194292 0.000000
1597 52.815374 93.485451 0.000000
9724 50.624928 94.835096 0.000000
5074 71.481322 25.901611 0.000000
5073 69.165108 26.194420 0.000000
5844 70.989975 27.058711 0.000000
1502 100.000000 6.563204 4.769763
1501 100.000000 7.710933 3.120845
2102 100.000000 8.074023 6.314911
5432 70.026582 63.587882 100.000000
9878 69.273580 62.764343 100.000000
10095 71.506240 62.685796 100.000000
4162 79.761528 1.105314 100.000000
6988 82.935921 1.258065 100.000000
9509 81.795080 2.677706 100.000000
8539 100.000000 59.026994 37.867624
6341 100.000000 57.282248 42.906396
6787 100.000000 57.611749 37.148880
3655 25.673246 0.000000 90.917068
1105 23.476516 0.000000 88.641491
4953 27.031550 0.000000 87.663309
4840 35.043729 38.536231 0.000000
4949 32.633930 37.988502 0.000000
3387 32.326815 39.376640 0.000000
10116 9.777917 64.702405 100.000000
343 11.346849 66.056432 100.000000
3290 8.172591 65.962918 100.000000
1374 100.000000 86.631554 39.437317
10016 100.000000 86.913895 42.248878
1375 100.000000 85.645276 42.877285
1659 100.000000 30.180714 4.218239
1661 100.000000 30.444922 6.584485
833 100.000000 28.923249 6.740938
1235 82.557307 29.680491 0.000000
1236 80.350679 30.238371 0.000000
1234 82.683054 30.943369 0.000000
5317 18.965697 8.826447 100.000000
1462 16.051323 7.978759 100.000000
1461 20.097806 6.869233 100.000000
2775 46.711616 68.272241 100.000000
9284 43.833724 68.084825 100.000000
8026 45.893809 67.005219 100.000000
7874 100.000000 10.650893 11.737242
7873 100.000000 9.969251 13.247377
3411 100.000000 9.415775 10.734323
10158 62.383381 46.910454 0.000000
6363 66.225802 47.291096 0.000000
3215 35.230132 0.000000 9.384925
6003 36.519404 0.000000 6.295844
9942 37.275589 0.000000 9.559297
6730 67.320259 5.388373 0.000000
10532 68.847724 4.530001 0.000000
8364 66.961547 4.526705 0.000000
1180 0.000000 17.092115 65.883281
4777 0.000000 15.705076 67.884659
10100 0.000000 16.686590 69.756487
4055 100.000000 24.032194 49.646717
7124 100.000000 25.292026 48.836648
9550 29.865285 100.000000 24.406222
8791 31.638940 100.000000 20.705787
10027 29.184279 100.000000 21.743000
4647 90.970951 12.205429 0.000000
7304 89.410750 11.156419 0.000000
6007 88.759476 12.423961 0.000000
10337 40.225830 11.177861 0.000000
7255 39.682493 10.412980 0.000000
7254 38.565887 10.900280 0.000000
9547 19.718778 63.638160 0.000000
9548 17.889150 62.425591 0.000000
9257 0.000000 30.657403 39.038824
3714 0.000000 31.798218 35.307612
5534 0.000000 30.363214 35.693243
4426 100.000000 80.593869 33.264145
4768 100.000000 81.900932 31.750009
6542 100.000000 80.970183 35.608200
2500 0.000000 12.731220 89.272373
9983 0.000000 12.318411 93.672742
3492 0.000000 14.142427 91.349333
2666 100.000000 56.025082 81.228932
522 100.000000 54.314297 85.223754
524 100.000000 54.709218 80.867107
2780 57.762982 48.300078 100.000000
2779 61.030922 47.003212 100.000000
6926 61.043462 48.258868 100.000000
2788 66.116100 12.752321 0.000000
6196 65.552269 14.074291 0.000000
1057 67.627202 13.795531 0.000000
4001 83.385730 4.801108 0.000000
231 81.362825 5.474662 0.000000
6208 83.262742 6.224306 0.000000
6859 61.507581 50.467573 100.000000
6858 59.377506 49.475164 100.000000
10230 63.032867 48.961594 100.000000
4425 100.000000 79.583092 32.802187
4427 100.000000 79.582958 36.042275
7748 43.348386 100.000000 47.091618
7747 40.969239 100.000000 47.497385
10063 40.900151 100.000000 49.851488
5258 30.848436 0.000000 66.974806
1373 29.454542 0.000000 64.110390
1372 32.222956 0.000000 63.952433
4383 25.611687 16.998170 0.000000
4384 25.738570 18.077983 0.000000
8545 27.117068 17.475480 0.000000
8624 70.221087 61.866459 100.000000
1080 100.000000 64.737880 19.076475
3099 100.000000 65.864456 21.415947
3098 100.000000 64.218556 24.685049
536 41.433428 15.255992 0.000000
2479 100.000000 31.906761 6.202347
7397 100.000000 30.771631 9.087655
6949 49.436958 88.713322 100.000000
2551 51.218027 89.491815 100.000000
6950 48.543692 89.872467 100.000000
9556 100.000000 82.935102 94.183315
10277 100.000000 82.457932 97.298779
10414 100.000000 81.765185 95.623185
9534 100.000000 22.604686 56.621775
5284 100.000000 21.913307 60.172305
4242 29.576007 64.986638 0.000000
3687 33.504681 66.868009 0.000000
5580 36.419095 64.752304 0.000000
1138 88.375440 75.268825 0.000000
1639 84.497119 76.133946 0.000000
10644 86.231386 77.221482 0.000000
5758 0.000000 97.272085 93.926176
5760 0.000000 98.685704 91.042068
9048 0.000000 97.352206 89.516011
7089 0.000000 20.794122 34.093970
7087 0.000000 19.897636 36.636770
7088 0.000000 20.958228 36.853241
7539 0.000000 7.082700 15.683559
1765 0.000000 6.807825 17.692862
1767 0.000000 7.706306 17.400495
4552 100.000000 87.918498 23.238591
3269 63.283363 25.107585 0.000000
3267 65.067425 24.840945 0.000000
3268 63.899601 24.072665 0.000000
7138 39.869362 0.000000 82.559896
7139 39.390113 0.000000 85.678314
2212 36.831823 0.000000 83.694346
8926 26.140055 22.681990 0.000000
3045 25.031700 21.937458 0.000000
4509 24.259401 22.890759 0.000000
6241 45.074061 0.000000 35.960588
6609 87.891201 10.260775 0.000000
7305 89.836365 9.850221 0.000000
1422 88.177663 9.021292 0.000000
5650 39.845491 79.872913 100.000000
8957 38.675896 78.873123 100.000000
730 41.226945 78.830430 100.000000
6169 100.000000 1.982910 14.660373
7561 100.000000 0.947237 12.864781
6452 74.238764 0.000000 41.002764
7186 71.317452 0.000000 39.403025
7185 72.364514 0.000000 35.309899
10707 18.906622 26.193128 0.000000
7945 17.273512 25.222906 0.000000
7365 16.924569 26.708820 0.000000
8412 41.783261 9.511433 0.000000
8413 42.411224 8.523286 0.000000
9486 40.531921 8.718081 0.000000
7883 65.149881 83.438096 100.000000
9190 63.575990 84.302781 100.000000
10344 62.644889 83.295867 100.000000
3134 86.161113 79.071210 100.000000
3133 86.615178 78.022091 100.000000
7113 88.428933 78.791738 100.000000
10451 8.502138 17.396367 100.000000
2563 12.313899 15.762812 100.000000
2565 11.631993 17.472342 100.000000
2905 0.000000 4.209482 6.987758
2836 0.000000 5.059554 10.108359
6042 0.000000 5.756375 7.657122
1964 100.000000 81.425452 74.807807
1471 100.000000 80.332080 74.902903
1470 100.000000 81.184565 72.372153
6352 51.502105 100.000000 40.564205
9969 50.764191 100.000000 42.611078
6328 0.000000 100.000000 54.166667
6996 1.907833 100.000000 57.760682
6995 3.639696 100.000000 53.257395
1902 45.376933 100.000000 48.497864
3875 45.891909 100.000000 45.569384
2517 0.000000 42.187500 0.000000
2518 0.000000 43.750000 0.000000
2516 2.737043 42.871455 0.000000
10110 45.541964 100.000000 42.486071
13369 45.661231 100.000000 44.104475
13289 46.477908 100.000000 43.360887
6784 38.362717 0.000000 78.116052
6783 35.876679 0.000000 78.137188
382 37.694901 0.000000 75.655484
776 0.000000 11.815352 49.401478
9498 0.000000 10.612699 51.796799
4523 0.000000 11.458001 52.701237
2790 100.000000 55.684739 85.137979
1198 91.844886 60.033014 100.000000
1197 90.789386 59.809915 100.000000
4679 92.035432 59.315881 100.000000
4254 52.427608 14.251113 0.000000
6973 51.117716 14.896076 0.000000
4255 53.083810 15.146816 0.000000
3257 17.500198 66.408168 100.000000
3258 15.804303 67.495026 100.000000
341 14.485748 66.198154 100.000000
4450 53.987549 85.106666 100.000000
4452 51.818629 86.169933 100.000000
6794 51.651331 84.995358 100.000000
4526 2.398539 0.000000 31.871391
4525 0.000000 0.000000 38.461538
1125 0.000000 0.000000 34.615385
10072 12.129720 16.093714 0.000000
3605 12.116602 14.961794 0.000000
3604 10.935816 15.526115 0.000000
5000 30.669118 90.517939 100.000000
4999 29.433218 89.531959 100.000000
4905 32.356229 89.341472 100.000000
5775 100.000000 70.969358 43.490280
8025 100.000000 72.534211 41.691087
5776 100.000000 71.397097 46.099115
964 98.277075 65.926685 100.000000
3306 98.317906 67.455278 100.000000
8880 96.325684 66.533131 100.000000
9136 100.000000 66.233766 100.000000
5072 23.220420 48.462219 0.000000
8338 24.923324 46.920879 0.000000
2201 21.068152 47.257069 0.000000
7045 0.000000 70.352067 52.622459
10070 74.552379 100.000000 9.029107
426 75.782766 100.000000 5.744497
10071 72.434166 100.000000 7.457908
1298 0.000000 0.000000 80.769231
1297 0.000000 0.000000 76.923077
8638 3.214540 0.000000 77.681739
5178 0.000000 15.539155 77.998305
5180 0.000000 13.899581 80.171146
5189 0.000000 15.040223 82.223998
6778 0.000000 37.192784 44.274306
2148 0.000000 38.344039 46.011122
2147 0.000000 38.449160 40.603776
2582 0.000000 7.349301 66.651334
10012 0.000000 6.011723 66.684582
2605 0.000000 6.079212 70.656259
4813 94.186638 100.000000 97.619068
5306 94.378702 100.000000 94.829753
4814 91.150602 100.000000 95.060562
5907 96.895907 100.000000 97.085780
10010 20.103311 20.040766 0.000000
9357 21.486052 20.998840 0.000000
9356 21.840511 20.004582 0.000000
7718 51.742477 10.003087 0.000000
3086 53.002339 9.390267 0.000000
3088 51.285801 9.141977 0.000000
4443 100.000000 39.561209 10.965347
2505 100.000000 41.012820 10.684006
4350 100.000000 39.405344 16.188642
1425 17.794662 56.248656 100.000000
1424 21.751482 56.800675 100.000000
7581 18.671070 57.949727 100.000000
5458 0.000000 30.160113 4.468589
8275 0.000000 31.643763 3.724536
12813 0.000000 30.642118 2.126330
97 0.000000 29.687500 0.000000
12814 0.000000 29.721253 2.727180
9336 0.000000 85.208929 31.099001
8671 0.000000 85.296268 34.800771
8886 0.000000 86.429138 31.675679
5368 24.575005 13.649137 0.000000
5370 25.449733 12.802460 0.000000
2579 23.769742 12.734156 0.000000
7428 94.068097 14.632767 100.000000
5294 97.252070 14.786100 100.000000
10345 95.654318 15.740993 100.000000
2250 91.556427 76.040918 100.000000
5529 89.794700 75.499916 100.000000
2251 91.519083 74.906410 100.000000
7749 42.020288 100.000000 45.095663
13291 43.840443 100.000000 44.727328
13370 43.642873 100.000000 43.401908
13371 42.315795 100.000000 43.060666
7927 88.295900 100.000000 28.136369
5329 89.353841 100.000000 23.944597
8852 86.585307 100.000000 25.356590
6582 80.824373 100.000000 75.707402
4230 83.006103 100.000000 78.175176
10105 83.932495 100.000000 75.094393
806 22.460854 100.000000 97.900240
7672 20.779295 100.000000 53.164417
7671 23.994581 100.000000 52.301205
13418 23.444744 100.000000 50.024821
1975 25.929521 100.000000 47.452967
3673 22.922965 100.000000 47.223936
3790 0.000000 24.687426 16.312476
10521 0.000000 24.067975 14.137726
378 0.000000 23.098316 17.680623
1720 40.922739 100.000000 52.635952
1901 43.070572 100.000000 50.392182
9277 5.165112 76.734940 100.000000
7597 7.130059 75.688879 100.000000
7598 7.711783 77.169776 100.000000
4638 0.000000 87.500000 0.000000
13048 0.000000 87.595189 2.741545
13060 0.000000 88.116232 2.208999
13038 0.000000 88.834585 1.837630
4639 0.000000 89.062500 0.000000
5304 97.342048 100.000000 94.435301
4476 0.000000 21.845094 59.164694
8969 0.000000 20.668877 61.257574
4703 0.000000 21.555223 62.272682
3924 100.000000 90.267640 59.027962
7830 100.000000 90.538853 55.228259
4471 100.000000 91.637980 56.337818
4158 100.000000 4.198279 14.394863
8128 100.000000 4.952369 13.949282
9067 100.000000 5.082874 16.352602
7096 100.000000 34.098260 14.561260
5634 100.000000 32.489026 16.852871
8251 100.000000 33.214666 12.816720
9334 0.000000 86.253717 28.855283
7961 90.380339 20.894221 0.000000
7962 90.662954 19.459253 0.000000
10533 88.307568 19.893348 0.000000
2885 100.000000 78.293293 39.466150
5302 100.000000 79.774417 39.291443
5301 100.000000 78.391131 43.632938
913 0.000000 15.148172 71.796486
4485 20.772907 31.150323 0.000000
1879 18.420156 31.116981 0.000000
8735 18.868888 32.418056 0.000000
138 83.359846 58.147767 100.000000
2594 81.282263 58.779670 100.000000
310 81.369775 57.513710 100.000000
1149 55.843250 4.010808 0.000000
1187 55.182308 3.114278 0.000000
1150 53.854359 3.811629 0.000000
4260 22.676175 100.000000 75.373740
8283 18.363439 100.000000 76.580716
4258 19.392516 100.000000 79.891900
2224 98.317369 49.450877 100.000000
13334 99.334808 48.919114 100.000000
13345 99.190776 49.474944 100.000000
6402 72.917022 69.218626 100.000000
2415 71.936531 70.399584 100.000000
5861 70.271088 69.501157 100.000000
2978 74.927606 62.882469 100.000000
2979 75.964678 63.736088 100.000000
478 73.875349 63.793095 100.000000
13290 44.717552 100.000000 45.101650
7521 100.000000 94.147800 48.891758
8571 100.000000 94.789579 45.501919
8570 100.000000 95.366673 47.365326
4850 61.822497 71.237090 100.000000
4852 63.881617 70.729376 100.000000
9516 63.704033 71.889430 100.000000
7259 100.000000 73.780272 71.991275
2636 100.000000 73.735418 75.263475
6743 100.000000 72.240318 75.129239
8035 43.605928 86.165209 100.000000
6417 45.574180 87.019889 100.000000
4387 38.472542 3.442354 100.000000
3955 36.327643 5.206541 100.000000
4388 34.897405 3.772889 100.000000
1992 0.000000 82.522296 3.978908
13041 0.000000 82.092390 1.653617
13040 0.000000 81.153413 2.369006
5422 55.570241 100.000000 64.580687
5421 57.963223 100.000000 64.916531
2849 57.492735 100.000000 62.355645
3463 100.000000 20.881880 40.976830
10560 100.000000 19.976366 39.628157
3464 100.000000 21.000857 37.680946
3187 100.000000 69.304410 69.381394
4674 100.000000 70.282344 64.593362
463 9.075865 48.292781 0.000000
9886 6.135885 48.651588 0.000000
8965 6.690827 49.666697 0.000000
2024 67.790706 56.729610 100.000000
1914 70.320927 57.394850 100.000000
2025 66.941480 58.276640 100.000000
10179 54.501726 37.348783 0.000000
9222 55.190273 36.090450 0.000000
9515 52.422759 36.844029 0.000000
6531 24.381932 0.000000 66.508345
2168 24.493927 0.000000 70.240135
7189 21.350331 0.000000 69.568995
9613 67.251062 91.894596 100.000000
5595 67.106746 93.100757 100.000000
5594 64.612053 92.051555 100.000000
5331 53.210375 0.000000 36.385080
5567 51.226595 0.000000 38.624324
5830 50.834258 0.000000 34.169748
9997 60.314002 100.000000 65.311943
9732 100.000000 30.144209 70.064807
735 100.000000 30.605620 75.062217
3733 100.000000 29.308535 75.319050
1531 67.785417 1.091394 0.000000
1530 68.627451 0.000000 0.000000
7811 66.666667 0.000000 0.000000
669 91.762764 0.000000 50.360262
1937 91.806425 0.000000 45.675797
5090 94.877914 0.000000 51.172466
5056 42.771110 42.196690 0.000000
3554 41.951999 43.818851 0.000000
4590 45.877189 43.028236 0.000000
1673 74.342762 0.000000 4.682805
1674 72.549020 0.000000 0.000000
1672 74.509804 0.000000 0.000000
1715 4.624494 25.291575 0.000000
7708 3.624176 26.949807 0.000000
9039 5.505520 26.864494 0.000000
2103 100.000000 9.425406 5.569387
3409 100.000000 9.391732 8.188292
7024 100.000000 18.968902 25.863708
7890 100.000000 18.710509 27.982892
7889 100.000000 18.044339 26.889517
738 57.232448 11.421664 0.000000
5601 58.129762 12.354962 0.000000
10621 59.193460 11.445457 0.000000
9862 5.348111 95.443259 100.000000
240 8.074577 95.397847 100.000000
10058 5.710343 96.866768 100.000000
5133 70.588235 0.000000 0.000000
5153 72.126740 0.000000 4.344605
4766 100.000000 82.622727 27.125066
7560 100.000000 82.400197 23.780509
6888 100.000000 83.842638 22.648168
10312 47.838416 14.832156 100.000000
260 45.469768 16.562795 100.000000
3636 43.307646 15.119861 100.000000
2772 100.000000 83.218162 10.280933
5564 100.000000 81.882478 13.165758
5566 100.000000 81.540179 10.735738
152 100.000000 1.218840 28.345615
153 100.000000 1.893787 30.639377
154 100.000000 1.263801 31.900195
6437 61.371473 100.000000 32.341334
10683 63.424097 100.000000 31.029736
6438 61.896098 100.000000 29.826508
5053 80.200423 11.254561 0.000000
7012 79.862944 12.388662 0.000000
2627 81.763414 11.994500 0.000000
1684 36.182374 0.000000 23.493668
9985 38.761910 0.000000 23.512833
1685 37.601096 0.000000 26.417364
287 24.698692 10.164299 0.000000
3927 26.504015 10.297137 0.000000
3929 25.450873 9.361507 0.000000
695 4.514458 64.875006 0.000000
693 4.191609 66.776171 0.000000
694 8.253293 65.598741 0.000000
8043 31.541258 86.814310 0.000000
3323 34.252514 88.782840 0.000000
1681 36.349999 86.446255 0.000000
5228 30.238033 77.428809 100.000000
5229 31.608018 76.524212 100.000000
5227 32.435700 77.621274 100.000000
9369 60.094155 12.405208 0.000000
9370 61.574065 11.388815 0.000000
4423 59.921004 10.422454 0.000000
1523 92.461631 100.000000 38.358827
8751 94.792094 100.000000 36.128038
1524 92.583644 100.000000 34.833821
5640 77.301283 23.100298 0.000000
5102 78.837711 24.085010 0.000000
9771 79.585521 22.876313 0.000000
8618 88.540394 100.000000 31.883775
6717 86.838672 100.000000 33.791493
10406 88.397615 100.000000 35.023078
1762 70.337077 100.000000 29.270982
1480 72.736569 100.000000 29.213992
1761 72.029169 100.000000 26.743444
4809 46.053661 0.000000 55.428605
4807 45.475553 0.000000 51.552814
4808 48.043639 0.000000 53.266503
1453 95.839721 80.700733 100.000000
2457 93.408831 80.246960 100.000000
2458 95.510375 79.385457 100.000000
4043 93.983794 25.935687 0.000000
2444 94.888577 24.983832 0.000000
2443 92.639926 24.922291 0.000000
5992 0.000000 17.823176 77.745504
5991 0.000000 17.045074 75.978042
4671 0.000000 16.612715 79.815208
4250 100.000000 6.860588 14.643251
4746 100.000000 7.371672 13.251341
6214 100.000000 7.844223 15.557566
7121 26.713835 35.328451 0.000000
781 26.795418 36.803049 0.000000
4860 28.875579 35.805620 0.000000
5192 91.599222 50.785011 0.000000
10539 89.109122 51.826568 0.000000
5690 94.814162 52.100596 0.000000
8511 25.976141 92.166676 0.000000
10108 28.765340 91.126898 0.000000
9995 26.140862 89.899016 0.000000
3553 40.293720 45.406458 0.000000
6151 36.173292 45.597504 0.000000
5034 38.136351 47.012851 0.000000
5883 76.624352 39.722200 0.000000
7891 72.808256 40.070713 0.000000
7892 76.004586 41.256475 0.000000
663 100.000000 70.583941 16.177715
5418 100.000000 70.055358 21.022575
2121 100.000000 68.703751 18.715228
5405 100.000000 88.241812 67.911155
5406 100.000000 87.456488 66.540046
5404 100.000000 88.622856 64.691428
10424 71.490561 50.945908 0.000000
6660 66.719566 53.084384 0.000000
2356 74.199393 52.984328 0.000000
2985 72.607347 41.916466 0.000000
4352 17.859238 81.169257 100.000000
4351 20.703087 81.430632 100.000000
7960 18.539897 82.607614 100.000000
10690 21.681671 6.230235 0.000000
3466 23.618101 6.497627 0.000000
9009 22.760721 5.392416 0.000000
5646 69.114651 41.037768 0.000000
9419 87.739607 67.920595 100.000000
1506 86.388521 67.405098 100.000000
1853 57.518864 100.000000 73.504380
2615 58.617364 100.000000 75.656735
1854 60.379716 100.000000 73.127167
8142 0.000000 24.346845 96.034211
6906 0.000000 25.825120 96.686087
1758 0.000000 25.695219 92.591487
4211 100.000000 71.122517 85.379162
3749 100.000000 71.187639 82.098224
7053 89.979851 41.561462 100.000000
177 93.378555 40.255306 100.000000
7054 93.143041 41.589907 100.000000
7116 19.906408 83.006504 0.000000
4620 24.860748 82.899585 0.000000
4622 21.722354 80.852726 0.000000
5385 39.720588 84.289500 100.000000
4454 41.602054 85.284818 100.000000
985 38.191191 85.776385 100.000000
6018 41.546512 71.725018 100.000000
5985 42.687494 73.004197 100.000000
6017 40.280632 72.626701 100.000000
2821 100.000000 67.460269 85.654220
2683 100.000000 66.113861 86.466505
2819 100.000000 67.133877 83.117882
9480 42.593850 56.610505 0.000000
8688 36.287019 57.086225 0.000000
9873 40.184659 58.821533 0.000000
4365 94.745061 84.983729 100.000000
6473 97.258110 86.034383 100.000000
9823 94.821603 86.295410 100.000000
8782 100.000000 84.889175 73.766366
1276 100.000000 84.555525 71.379032
6622 100.000000 85.698950 70.870197
9022 0.000000 0.000000 3.846154
3794 0.000000 1.140831 8.805604
1732 0.000000 1.399351 5.497367
6932 100.000000 24.826708 4.885721
6933 100.000000 24.330543 6.341445
8306 100.000000 23.858662 5.285363
5039 38.831592 14.735281 0.000000
3967 37.767689 14.002951 0.000000
9984 37.226805 14.891996 0.000000
991 100.000000 10.495700 41.388122
1819 100.000000 11.135449 39.982129
989 100.000000 11.363609 42.321059
3363 100.000000 44.969503 33.914788
7283 100.000000 43.954291 30.764410
7282 100.000000 45.806922 26.639933
2453 100.000000 89.546702 3.298211
7364 100.000000 88.189479 3.165837
8946 100.000000 2.991955 16.512696
10741 100.000000 3.911374 18.184294
8947 100.000000 3.466685 19.720880
2941 76.559013 55.263785 100.000000
2943 74.742088 56.136216 100.000000
4074 74.213356 54.945292 100.000000
3356 68.845137 65.136636 100.000000
5433 68.870664 64.284245 100.000000
3357 70.516585 64.479306 100.000000
9849 86.110433 44.671453 0.000000
5086 89.725475 43.890842 0.000000
9736 85.934833 42.883763 0.000000
1209 100.000000 6.476644 19.310214
1211 100.000000 7.112871 19.353000
5447 100.000000 6.873492 21.045247
442 54.545455 100.000000 0.000000
443 55.741945 100.000000 3.438157
256 57.575758 100.000000 0.000000
5396 0.000000 8.137664 35.431586
7914 0.000000 8.320759 38.427438
7915 0.000000 9.082990 36.222310
9482 0.000000 8.873843 34.007433
6266 100.000000 99.053256 13.341942
5233 100.000000 100.000000 7.407407
5232 100.000000 100.000000 11.111111
4172 81.118879 0.000000 10.826315
4171 78.785937 0.000000 10.398857
8629 86.102386 43.099141 100.000000
7055 89.317734 43.110664 100.000000
531 100.000000 15.430626 37.348419
532 100.000000 16.202595 39.367646
530 100.000000 14.986187 39.675386
1586 16.970582 1.164199 0.000000
1587 15.503246 1.854626 0.000000
1585 17.402934 2.424763 0.000000
676 16.781694 92.926772 100.000000
1843 15.090946 91.725724 100.000000
5518 18.864039 91.133008 100.000000
5622 12.241361 80.033914 100.000000
4659 12.175582 81.774965 100.000000
3742 9.117020 81.038484 100.000000
9475 13.898833 100.000000 26.527816
9436 16.361870 100.000000 28.768355
4932 18.275650 100.000000 23.072209
7399 0.000000 37.982345 8.553005
9783 0.000000 36.056281 10.970271
924 0.000000 36.881031 13.044793
1966 100.000000 74.735662 86.322374
8740 100.000000 76.192681 85.785930
9332 100.000000 75.370284 88.976543
10597 100.000000 13.490780 33.057928
3708 100.000000 14.372412 33.919340
8185 100.000000 13.679465 35.300091
881 74.960416 47.687055 100.000000
3400 75.680432 49.084808 100.000000
3401 72.277394 49.159905 100.000000
7699 8.107599 0.000000 66.643472
7700 3.958174 0.000000 68.894975
7701 6.455618 0.000000 63.832146
10489 77.488699 100.000000 40.319627
9773 75.336634 100.000000 39.851536
9483 75.746846 100.000000 42.356847
6792 24.688137 5.302528 100.000000
7603 27.844883 6.522812 100.000000
5316 23.264127 7.659318 100.000000
8975 0.000000 14.456576 24.908291
1279 0.000000 13.675024 27.111779
233 0.000000 14.732299 27.539999
10430 88.304451 0.000000 63.079096
5416 87.131768 0.000000 65.444420
2450 84.863302 0.000000 60.770760
9443 41.966469 0.000000 71.888796
381 39.868301 0.000000 73.698075
8433 39.548424 0.000000 70.683482
2063 67.984422 100.000000 20.833818
8644 68.756698 100.000000 23.887894
7390 70.833727 100.000000 21.181782
2199 12.636604 74.906907 0.000000
6020 12.166629 76.484725 0.000000
7887 15.923823 76.130303 0.000000
3709 100.000000 14.191361 31.333757
328 100.000000 52.274426 24.441850
2617 100.000000 53.839917 15.241160
3101 100.000000 54.755318 22.045883
7324 100.000000 27.697554 37.671898
241 100.000000 26.912798 41.219640
7325 100.000000 26.502708 38.204328
8143 60.831334 88.875781 0.000000
4962 57.913461 90.183466 0.000000
2157 60.765263 90.511866 0.000000
4826 31.413723 100.000000 4.463462
4825 33.333333 100.000000 0.000000
6770 30.303030 100.000000 0.000000
4835 90.641225 69.102286 100.000000
2485 88.230685 68.845948 100.000000
9738 100.000000 57.142857 100.000000
1666 100.000000 58.441558 100.000000
13306 98.572936 57.679029 100.000000
13358 98.718703 57.006251 100.000000
13335 98.944454 56.462174 100.000000
657 55.130069 49.781355 0.000000
3563 53.687881 47.779335 0.000000
3707 50.278512 49.582909 0.000000
1189 100.000000 16.234966 35.906196
5836 48.454916 0.000000 32.166682
8932 48.802214 0.000000 36.313209
8204 46.641853 0.000000 34.316330
6420 0.000000 20.473009 31.522242
7240 0.000000 19.480330 32.066540
2445 0.000000 19.721994 34.112687
2870 36.151145 100.000000 71.978149
8834 39.297046 100.000000 70.617491
8835 37.435010 100.000000 68.330618
10189 34.448610 0.000000 64.055096
3396 33.444578 0.000000 66.437634
4979 54.377085 8.680542 100.000000
424 51.740575 10.244238 100.000000
5641 50.580239 8.681092 100.000000
9278 100.000000 38.961039 100.000000
4053 100.000000 37.662338 100.000000
4052 100.000000 39.720841 91.251915
327 100.000000 52.595245 31.125302
706 100.000000 54.516034 30.811425
7315 49.697864 97.300814 100.000000
6856 49.042652 96.139325 100.000000
6857 52.315069 96.632998 100.000000
7550 100.000000 98.571411 43.301029
4717 100.000000 97.669779 42.340423
2824 100.000000 98.886177 39.554554
3109 0.000000 27.042388 60.763119
6362 0.000000 28.670234 60.134947
8912 0.000000 28.098090 56.477843
4859 0.000000 91.335967 2.702464
13057 0.000000 91.086825 1.421566
13056 0.000000 90.568283 1.736798
13042 0.000000 91.818049 1.247002
13043 0.000000 92.794347 0.967861
9064 100.000000 17.741829 84.333672
9065 100.000000 18.580814 80.368919
1312 100.000000 18.930908 84.057301
10023 100.000000 80.996951 94.218501
8574 100.000000 82.147401 92.720570
4361 100.000000 8.371084 14.058576
2858 0.000000 26.452441 57.332950
4917 16.686610 90.035150 100.000000
5792 0.000000 27.462262 64.483904
10354 0.000000 4.229995 38.204502
9392 0.000000 3.580464 37.840021
8758 0.000000 3.755492 40.557497
6184 93.655503 0.000000 63.807860
6089 91.078715 0.000000 57.962484
6183 94.182197 0.000000 59.437897
3511 100.000000 26.900635 23.970610
7100 100.000000 27.743942 25.358950
5889 100.000000 26.632419 27.182520
3865 0.000000 89.619702 61.458765
3864 0.000000 88.854609 66.967845
6224 0.000000 91.031040 62.958619
9631 11.301697 23.550398 0.000000
10235 11.721588 24.797533 0.000000
4604 13.052894 23.828524 0.000000
8997 53.001925 0.000000 78.523272
13307 54.941250 0.000000 77.290043
13308 55.033706 0.000000 79.536543
2899 0.000000 81.198839 14.301765
2897 0.000000 81.913344 17.614318
2898 0.000000 82.621382 13.975584
3110 0.000000 25.441961 61.719111
8311 100.000000 7.250020 79.938494
10625 100.000000 8.094654 81.548973
5292 100.000000 7.181012 83.702659
8435 0.000000 81.250000 0.000000
1377 2.959729 82.406225 0.000000
6552 70.454132 81.239986 100.000000
1466 68.808125 81.944008 100.000000
2984 68.529631 81.061916 100.000000
8436 78.181312 29.402655 0.000000
7766 77.823466 30.795803 0.000000
370 42.291859 0.000000 18.130768
369 43.117644 0.000000 15.160023
2101 44.102073 0.000000 18.536978
9213 0.000000 86.340882 64.151894
8828 0.000000 84.555325 66.376413
10185 0.000000 85.577837 68.898020
4146 0.000000 44.056207 22.450601
9158 0.000000 43.210391 27.226385
9159 0.000000 45.020072 23.765468
224 100.000000 36.899155 50.994130
7074 100.000000 37.882258 56.334896
4799 100.000000 35.553259 59.682668
3245 83.889455 62.839742 100.000000
3244 85.620130 62.434734 100.000000
6866 3.505209 0.000000 49.218237
1596 3.317335 0.000000 53.806224
4438 0.000000 0.000000 53.846154
8711 0.000000 0.000000 57.692308
3111 0.000000 26.129342 64.429956
2087 75.794408 100.000000 2.427409
2088 75.757576 100.000000 0.000000
1920 72.755593 100.000000 1.579070
5895 0.000000 4.830382 21.046346
7318 0.000000 5.690695 20.634326
5893 0.000000 5.129325 18.910876
2259 0.000000 43.802993 82.348330
6695 0.000000 45.486246 75.944238
2257 0.000000 43.563300 75.576476
10141 50.777348 20.133783 100.000000
5203 54.185141 18.700276 100.000000
5373 55.505660 20.330167 100.000000
3132 37.855891 22.279476 0.000000
3130 38.128358 23.534116 0.000000
3131 39.867224 22.867481 0.000000
10747 10.450355 25.797010 0.000000
6628 12.123931 26.011029 0.000000
9459 96.249460 70.681780 100.000000
9146 94.831204 71.385615 100.000000
13309 95.061834 70.396376 100.000000
3391 56.303877 100.000000 69.382146
3300 54.132242 100.000000 68.847604
3778 54.420946 100.000000 70.723745
10066 0.000000 34.365527 88.979215
9671 0.000000 33.144127 94.359551
5148 0.000000 34.739400 94.332498
3938 52.501339 0.000000 75.116957
8223 49.084440 0.000000 73.587883
3939 51.811573 0.000000 71.277917
6174 21.093140 0.000000 61.564699
2914 21.547826 0.000000 65.292259
2913 19.207388 0.000000 64.451637
6236 23.465927 31.277547 0.000000
4484 22.679412 29.599739 0.000000
840 100.000000 71.408656 33.030376
2609 100.000000 72.975894 33.262473
838 100.000000 71.815809 36.235785
2138 0.000000 68.333333 100.000000
2124 3.076244 69.288060 100.000000
8951 0.000000 70.000000 100.000000
9889 26.756137 11.221048 0.000000
9626 27.653760 11.834124 0.000000
9625 27.990213 10.954242 0.000000
3412 0.000000 23.751036 63.298801
3413 0.000000 24.681744 66.380286
5435 100.000000 13.334697 30.614587
10506 100.000000 12.512000 29.599604
5436 100.000000 13.254039 28.244273
8966 100.000000 86.617440 91.174700
5919 100.000000 87.348531 88.359973
859 100.000000 87.808702 90.665989
3478 100.000000 83.998915 61.034195
113 100.000000 84.076236 58.534836
4561 100.000000 85.003055 58.556811
5 100.000000 50.470538 39.544460
3884 100.000000 47.919354 45.363817
3 100.000000 49.083181 36.426881
1891 73.305368 15.401548 100.000000
573 69.468152 14.597639 100.000000
1892 73.043977 14.097773 100.000000
2031 62.978735 65.674406 100.000000
4231 65.269259 65.380058 100.000000
939 65.026367 66.311662 100.000000
10113 88.398338 51.237326 100.000000
6166 90.623913 50.700291 100.000000
7084 89.653986 51.932091 100.000000
6650 2.572053 0.000000 22.028880
5463 1.978094 0.000000 27.799519
5647 0.000000 0.000000 26.923077
7267 100.000000 2.598705 36.164848
13409 100.000000 3.108624 36.949732
13410 100.000000 2.852373 37.633814
4439 86.565065 60.625136 100.000000
3403 86.806351 59.458983 100.000000
9273 88.287424 60.008176 100.000000
599 72.207979 92.056940 100.000000
514 74.055300 93.429211 100.000000
598 70.688856 93.341727 100.000000
5613 63.575947 14.485336 0.000000
5612 61.955337 13.823478 0.000000
27 61.572830 15.046676 0.000000
2307 0.000000 76.666667 100.000000
2306 0.000000 78.371937 94.160111
2133 0.000000 76.405748 94.740375
6468 100.000000 7.182609 24.902167
6469 100.000000 7.921338 24.766770
9268 100.000000 7.761609 26.827999
1405 83.358760 95.476028 0.000000
1404 86.606185 94.760348 0.000000
8048 84.944768 93.732609 0.000000
8383 22.391647 9.084875 0.000000
288 23.921980 9.270534 0.000000
2902 23.295959 8.360457 0.000000
5626 32.332715 100.000000 29.941518
535 28.913650 100.000000 32.122122
534 31.702818 100.000000 33.587331
844 7.365345 0.000000 86.081280
845 8.833405 0.000000 82.341123
846 10.284257 0.000000 84.725133
4072 76.027851 0.000000 21.779754
4073 74.762473 0.000000 16.652415
4071 77.445414 0.000000 19.102713
7805 92.823624 69.388137 100.000000
7163 91.611146 70.369850 100.000000
1008 88.645296 31.651268 100.000000
4463 82.904289 31.198792 100.000000
10602 89.053607 30.107302 100.000000
6929 92.936663 17.505756 0.000000
4349 93.015060 18.983195 0.000000
6927 95.201891 18.344479 0.000000
7563 32.343674 53.651548 0.000000
8818 0.000000 46.200767 25.299453
8977 0.000000 46.838332 19.483749
1865 67.310733 100.000000 7.851065
1864 69.714820 100.000000 9.179289
7654 69.864695 100.000000 5.997796
5143 61.518239 0.000000 8.848512
5144 62.096273 0.000000 14.271297
440 59.340484 0.000000 9.951794
2305 0.000000 78.333333 100.000000
7871 19.645436 20.026101 100.000000
1293 18.325517 17.830827 100.000000
1295 23.403044 17.722064 100.000000
4846 6.683782 86.524266 0.000000
6611 7.648377 87.442442 0.000000
5674 8.394305 86.622735 0.000000
401 43.881330 2.263686 0.000000
9062 44.837698 3.267109 0.000000
399 46.074179 2.515992 0.000000
7094 0.000000 83.865058 33.876961
7092 0.000000 82.532357 31.881106
7093 0.000000 82.187473 37.245533
8334 100.000000 20.714608 60.218467
2072 51.407813 100.000000 64.497850
2073 51.613136 100.000000 66.355744
2071 53.277239 100.000000 64.451920
8714 92.774273 0.000000 89.057615
8713 90.416204 0.000000 85.876717
6274 93.342424 0.000000 86.979950
7938 0.000000 22.882635 68.057198
8033 0.000000 49.145953 33.054583
8032 0.000000 51.164469 30.039341
8706 0.000000 50.325489 25.818275
1371 31.178323 0.000000 60.837174
8488 89.886389 100.000000 40.069540
8956 87.936574 100.000000 38.194563
8955 87.590768 100.000000 41.125589
9217 0.000000 8.857669 30.284123
4769 0.000000 9.828386 30.548455
6834 0.000000 9.314670 27.855824
4406 89.935826 0.000000 67.570820
10628 91.540962 0.000000 65.828499
1977 82.080479 100.000000 16.267810
361 79.949517 100.000000 15.241554
1978 79.676868 100.000000 18.054777
8464 100.000000 78.448626 53.625530
8465 100.000000 77.350025 52.444196
8463 100.000000 78.844331 49.851074
635 71.864139 13.693997 0.000000
7504 70.507347 12.634693 0.000000
636 69.658848 13.661637 0.000000
6480 91.047939 100.000000 85.960835
6892 94.013157 100.000000 82.827804
6893 89.979236 100.000000 81.525196
9847 52.370145 0.000000 5.138318
7664 51.434355 0.000000 10.226052
6375 50.045933 0.000000 4.880267
7828 20.374824 23.505984 0.000000
9896 18.381056 23.817754 0.000000
10556 19.657410 24.823075 0.000000
5881 0.000000 80.705181 25.694230
2640 0.000000 81.267389 21.563444
5880 0.000000 79.833748 22.680372
4076 74.924228 53.586773 100.000000
1324 72.880233 53.097925 100.000000
7258 75.519748 52.255682 100.000000
9802 34.670288 100.000000 67.524360
8875 36.991224 100.000000 65.253640
8952 100.000000 63.064140 45.672084
7838 100.000000 63.041569 49.979601
8953 100.000000 61.561529 49.846723
3352 0.000000 48.566665 70.985332
1231 0.000000 50.218466 69.049928
2083 0.000000 49.154866 63.744458
2449 82.515296 0.000000 61.682030
5879 81.497553 0.000000 57.416551
10578 91.552230 24.040333 0.000000
6100 89.613560 23.475617 0.000000
10292 90.430182 24.739338 0.000000
7510 63.818454 58.632746 100.000000
2026 64.731183 57.279493 100.000000
6104 67.779004 6.529118 100.000000
6103 68.661605 4.917804 100.000000
8716 71.345955 6.140868 100.000000
10429 61.708398 45.127101 0.000000
10157 58.014781 46.399960 0.000000
7939 0.000000 23.867136 71.973290
8915 100.000000 83.589514 39.013255
10355 100.000000 83.907792 41.179710
8760 50.617181 73.090476 100.000000
9342 48.629482 72.396224 100.000000
7136 50.948207 71.908280 100.000000
6737 0.000000 69.736919 26.416001
6738 0.000000 66.958002 30.038008
6736 0.000000 67.672030 36.610133
7881 100.000000 47.442105 19.107064
7880 100.000000 47.287774 27.416702
5046 100.000000 84.519714 31.931357
5048 100.000000 83.980553 35.898313
5279 100.000000 82.693331 34.608277
3254 100.000000 9.847433 75.420751
3255 100.000000 8.624208 78.036516
3256 100.000000 8.801960 73.402168
10117 0.000000 100.000000 70.833333
9549 0.000000 100.000000 66.666667
7886 19.138741 77.330106 0.000000
10132 19.384394 75.792373 0.000000
2396 65.998091 78.484393 100.000000
2397 66.947695 77.353022 100.000000
2398 68.607896 78.236957 100.000000
6539 95.121379 32.123023 0.000000
6540 97.381521 33.174478 0.000000
4003 97.595398 31.771360 0.000000
9283 32.854328 26.264684 0.000000
1014 34.742597 26.475884 0.000000
9791 34.144090 25.557764 0.000000
6234 67.161807 100.000000 93.687015
3359 67.257024 100.000000 95.947030
8992 69.865010 100.000000 94.305653
9323 0.000000 4.422469 31.431775
10558 0.000000 4.168889 34.137693
9664 0.000000 4.818237 33.728083
435 0.000000 3.658017 32.320787
8887 0.000000 87.830769 31.427212
5399 0.000000 86.748872 34.836044
8319 64.733400 23.002734 0.000000
7239 67.032330 22.919000 0.000000
7896 65.695039 21.859580 0.000000
4719 64.256201 20.666698 0.000000
7973 66.827100 20.754944 0.000000
9868 65.805419 19.711126 0.000000
3087 52.520882 8.412853 0.000000
5786 100.000000 80.519481 100.000000
9435 100.000000 80.617973 97.277961
8550 100.000000 81.435750 98.039985
8764 7.078231 88.092759 100.000000
4872 5.213781 89.259968 100.000000
2184 0.000000 30.058317 32.491993
2183 0.000000 31.152310 28.943662
7609 0.000000 29.724705 29.409460
2574 0.000000 99.074860 8.771013
3327 0.000000 97.941504 10.300483
5645 0.000000 98.516628 12.338936
5087 10.566871 10.321216 0.000000
2841 10.493499 11.712572 0.000000
6899 12.162164 11.184601 0.000000
8242 80.465184 29.012386 0.000000
199 100.000000 20.779221 100.000000
13239 100.000000 20.939625 97.626226
4333 100.000000 22.077922 100.000000
3170 100.000000 19.480519 100.000000
1263 100.000000 12.167277 9.653770
1262 100.000000 13.213958 11.416974
8693 100.000000 11.948799 12.300770
7885 100.000000 4.600589 67.992199
3075 100.000000 4.783027 71.340664
3074 100.000000 3.923777 71.775885
2651 100.000000 76.381580 81.463422
7592 100.000000 76.867419 83.082976
8741 100.000000 75.870072 83.883151
8027 48.748052 67.258930 100.000000
8067 48.156968 65.936230 100.000000
5920 50.862835 66.344066 100.000000
7326 100.000000 27.363584 34.942721
8833 100.000000 28.310315 34.835156
4364 91.735225 84.589657 100.000000
4366 92.500414 85.863505 100.000000
6132 56.359634 21.943787 0.000000
3932 56.326632 23.250004 0.000000
7002 58.459478 22.658065 0.000000
326 8.756149 8.332853 100.000000
4372 5.513851 7.893846 100.000000
4371 8.846517 6.564540 100.000000
2848 54.905760 100.000000 62.163366
9107 53.775367 100.000000 59.533258
10433 52.409808 100.000000 62.484801
9852 66.464103 93.173702 0.000000
8963 63.330248 93.832016 0.000000
8079 65.098421 94.863057 0.000000
7349 45.256383 100.000000 72.740375
7350 47.033660 100.000000 74.947512
7351 48.034397 100.000000 72.380674
2216 0.000000 38.769463 29.143767
5585 0.000000 38.780153 25.594944
655 0.000000 37.447083 29.702814
10267 37.049406 0.000000 98.439328
4951 33.333333 0.000000 100.000000
4950 33.760816 0.000000 97.204428
10231 30.476604 74.499549 100.000000
4581 32.447056 74.539274 100.000000
9339 30.853571 75.428761 100.000000
9774 16.140350 3.120814 0.000000
10411 83.263135 37.153922 100.000000
7058 92.150968 35.309307 100.000000
6394 90.051226 37.377846 100.000000
13134 32.248760 0.000000 39.302156
2470 34.174749 0.000000 38.671015
2981 0.000000 56.547530 42.970964
2982 0.000000 56.340059 34.550621
2980 0.000000 54.435677 41.888169
697 6.851319 82.631703 100.000000
8388 9.531142 82.857644 100.000000
9853 7.410632 84.064498 100.000000
3853 17.596254 100.000000 89.541059
3855 18.218312 100.000000 92.039114
5025 21.191378 100.000000 89.239724
7698 81.604606 66.865435 100.000000
4385 83.336736 67.140854 100.000000
4386 82.211739 68.031929 100.000000
6714 100.000000 1.038104 59.601099
6764 100.000000 0.000000 57.692308
6715 100.000000 0.942369 55.027779
52 95.435703 54.571020 100.000000
51 95.832762 53.162138 100.000000
2588 97.624666 53.835860 100.000000
647 18.951153 71.098978 0.000000
646 17.993252 72.855361 0.000000
6948 22.780664 72.232417 0.000000
8396 36.926255 42.366879 0.000000
6915 37.172644 40.798192 0.000000
7469 33.751604 41.884978 0.000000
7449 51.043862 100.000000 91.914471
9120 48.779205 100.000000 91.105244
7447 47.497555 100.000000 93.846368
6619 0.000000 20.597013 55.777123
6620 0.000000 21.710697 52.849628
6621 0.000000 20.755629 52.714394
1589 0.000000 33.447482 13.143132
3667 0.000000 32.443895 16.483453
3176 0.000000 33.843166 15.717784
2751 74.644322 91.128954 100.000000
2752 71.833213 90.597894 100.000000
2753 74.184105 89.919440 100.000000
2291 0.000000 9.148029 94.267811
9761 0.000000 7.176856 96.632354
2292 0.000000 8.635876 97.795096
1218 100.000000 56.141573 11.913831
4685 100.000000 35.211337 38.685242
5459 100.000000 33.629252 43.415608
9240 100.000000 33.801874 37.865452
4389 33.553863 100.000000 63.536612
7620 32.663328 100.000000 66.556147
8876 34.838162 100.000000 65.162292
10338 100.000000 11.783616 30.974345
10339 100.000000 12.618429 32.141002
6873 19.208794 59.738987 100.000000
715 15.842338 60.620830 100.000000
8006 15.443716 58.966821 100.000000
9060 24.573661 51.081784 0.000000
1048 19.938382 52.157775 0.000000
1289 23.619431 52.824736 0.000000
1207 100.000000 9.962717 35.275245
7736 100.000000 10.433571 38.169266
3272 100.000000 9.391181 37.312880
3648 79.762495 96.460011 0.000000
7153 76.881249 96.531941 0.000000
7154 76.386611 98.143582 0.000000
5340 5.713886 17.074557 0.000000
10394 7.317185 16.334203 0.000000
10393 5.659431 15.725185 0.000000
2202 84.827195 0.000000 53.042987
7232 83.260984 0.000000 55.446028
7171 81.717315 0.000000 50.552044
3154 71.277823 76.131463 100.000000
10700 71.254380 75.354427 100.000000
3622 73.358963 75.652639 100.000000
1217 100.000000 57.368239 16.091591
3100 100.000000 56.551792 24.696023
6667 79.820958 100.000000 40.764991
7622 79.652854 100.000000 43.327243
6665 81.221717 100.000000 42.482032
3620 0.000000 14.645822 20.364626
8976 0.000000 15.163810 22.525984
4010 0.000000 15.779305 19.929340
7644 100.000000 26.796568 51.682648
7643 100.000000 26.519813 48.163021
1551 100.000000 27.792678 47.770007
7986 0.000000 36.389762 19.796680
4225 0.000000 34.807892 20.878695
6645 0.000000 35.244275 23.827570
8176 46.766182 3.506319 0.000000
3044 100.000000 21.024720 88.104063
4332 100.000000 21.223629 93.416725
7248 100.000000 24.062407 38.090885
9420 100.000000 23.055061 37.084243
10731 100.000000 23.997141 35.018068
9704 38.552515 5.520548 0.000000
3650 37.110462 5.561355 0.000000
2408 38.233112 6.286437 0.000000
6761 100.000000 21.689825 10.720966
6760 100.000000 20.466037 9.996573
2706 100.000000 21.578515 8.813997
1825 86.232536 38.299653 0.000000
6418 83.126702 38.676962 0.000000
3143 85.821557 39.687090 0.000000
2953 0.000000 0.000000 92.307692
2955 0.000000 2.229295 88.637397
5195 0.000000 1.590815 86.149034
3033 0.000000 7.441539 33.039288
6313 0.000000 7.084227 30.070547
6309 0.000000 6.539842 32.372776
2215 0.000000 40.464223 25.785859
3555 0.000000 42.536081 23.923700
3068 0.000000 42.208535 19.706346
9256 0.000000 89.195671 21.413403
3066 0.000000 90.181664 19.635408
3958 0.000000 89.307504 18.734242
2760 0.000000 88.262503 20.041072
4627 23.130365 86.711213 100.000000
586 22.472670 85.396648 100.000000
1365 25.609817 85.532598 100.000000
701 100.000000 100.000000 66.666667
10135 97.354220 100.000000 69.098339
2862 100.000000 100.000000 70.370370
2175 46.947328 84.487141 0.000000
2174 43.627773 84.457903 0.000000
2918 45.477230 86.312264 0.000000
10680 42.443934 0.000000 74.827756
10262 100.000000 88.018724 38.849790
2117 100.000000 60.300239 74.519557
2115 100.000000 60.167255 71.177257
2116 100.000000 61.702317 70.577603
5944 33.025873 0.000000 88.370576
4465 32.705804 0.000000 91.537986
8104 29.444181 0.000000 90.214252
5341 62.421367 77.662320 100.000000
2976 60.575426 78.169136 100.000000
1644 60.870742 77.072609 100.000000
9085 100.000000 87.366071 32.744017
9710 100.000000 87.723714 35.795854
9711 100.000000 86.239539 36.580797
3734 77.654989 60.126203 100.000000
5851 29.128705 100.000000 56.157710
5853 25.706227 100.000000 57.708219
6852 27.769418 100.000000 59.601238
582 34.759756 6.543372 0.000000
7110 35.394639 5.615791 0.000000
7112 33.571330 5.657105 0.000000
4699 39.285057 74.736331 100.000000
7789 37.617238 74.004840 100.000000
4700 39.985174 73.618484 100.000000
2282 80.754948 32.893794 0.000000
98 83.079524 33.528597 0.000000
4060 82.952169 32.243784 0.000000
7949 3.026337 0.000000 64.904774
8829 0.000000 0.000000 69.230769
6952 0.000000 98.642440 6.219504
3325 0.000000 97.220089 8.780395
3162 20.232934 66.850947 100.000000
3163 20.201918 68.130198 100.000000
3161 18.257351 67.523232 100.000000
9687 97.236137 77.537817 0.000000
9688 95.001939 79.076648 0.000000
8220 97.785409 78.938123 0.000000
2762 5.625366 88.783130 0.000000
2763 5.186439 87.823597 0.000000
546 3.931436 88.607729 0.000000
544 3.518410 87.298161 0.000000
6300 0.000000 5.389296 33.529080
9321 0.000000 5.142292 31.759354
5729 89.296638 44.424997 100.000000
1763 89.860941 45.510480 100.000000
10588 87.155985 45.856000 100.000000
978 53.078228 43.913963 0.000000
10428 57.510279 44.531612 0.000000
10667 57.118340 42.700781 0.000000
312 79.127951 57.453490 100.000000
8358 80.368223 56.690819 100.000000
7899 80.989441 100.000000 45.237065
7900 79.037186 100.000000 48.083444
1275 81.658522 100.000000 48.474712
10187 0.000000 85.727176 4.955762
13044 0.000000 85.041178 2.296530
2519 0.000000 84.121704 4.242973
6382 0.000000 85.937500 0.000000
10031 0.000000 84.375000 0.000000
8757 0.000000 4.537711 40.623352
3084 77.829552 65.469619 100.000000
9733 79.819293 65.153784 100.000000
1045 79.294225 66.386837 100.000000
5928 0.000000 90.462490 81.546976
5929 0.000000 91.480639 84.435462
4027 37.157772 50.162275 0.000000
1822 39.419159 48.489770 0.000000
4026 35.482986 49.079869 0.000000
5462 100.000000 52.728282 96.304560
3809 100.000000 53.472463 92.097916
7099 100.000000 54.697635 92.927776
3233 41.556383 96.915864 100.000000
102 69.604219 16.457799 100.000000
7059 86.209232 34.874992 100.000000
7057 93.382213 33.617915 100.000000
438 31.645220 5.655014 0.000000
437 32.860595 6.620803 0.000000
5874 42.921279 100.000000 52.821299
2546 18.052161 100.000000 43.248295
3877 17.945043 100.000000 40.258257
4281 100.000000 67.657442 64.224736
2037 100.000000 69.340399 62.177257
4673 100.000000 68.389641 66.872104
6741 41.191707 17.891955 0.000000
4901 42.106882 16.929850 0.000000
9970 40.303620 17.020041 0.000000
9962 73.434041 73.417322 100.000000
4143 72.076093 72.371051 100.000000
9601 74.711701 72.298657 100.000000
2894 100.000000 75.789935 30.727479
216 100.000000 75.648112 34.678298
4489 100.000000 74.313469 33.957428
8778 96.994970 58.179581 100.000000
13310 98.366518 58.562982 100.000000
1660 100.000000 31.555474 3.774755
7822 100.000000 33.035472 3.396979
3425 85.199761 91.575493 100.000000
10704 82.932630 91.313345 100.000000
3587 84.857023 90.540162 100.000000
10646 46.683570 0.000000 7.247549
2206 44.867043 0.000000 7.532902
10208 45.916056 0.000000 3.810000
6036 34.505627 0.000000 74.848657
832 100.000000 27.423874 7.725604
834 100.000000 27.930163 9.820188
9904 100.000000 26.606063 10.312894
5671 3.703024 53.043718 100.000000
8256 8.018808 53.075585 100.000000
7753 6.245324 54.188935 100.000000
1797 47.491044 93.513986 0.000000
9742 44.285731 93.615698 0.000000
2468 45.769799 95.297306 0.000000
6675 33.707112 0.000000 30.149935
4087 31.338271 0.000000 32.705775
2052 31.653129 0.000000 28.112455
4133 0.000000 28.704072 84.074815
1460 0.000000 29.175293 78.461920
8428 0.000000 27.871713 80.616590
1285 94.596681 0.000000 15.595149
1284 96.389856 0.000000 22.004871
172 92.973771 0.000000 16.807349
5156 56.469479 70.317445 0.000000
5155 55.390953 72.476611 0.000000
6689 60.362827 71.205894 0.000000
5378 0.000000 56.615838 20.957482
5377 0.000000 56.978053 13.674905
289 0.000000 54.971148 20.561055
5484 78.291343 54.583649 100.000000
7965 80.512503 54.456955 100.000000
5550 78.558771 55.474682 100.000000
6600 16.359766 87.341637 100.000000
6554 13.276823 87.762122 100.000000
2597 14.707933 86.362776 100.000000
6012 10.560756 19.261144 0.000000
2868 10.477906 17.912371 0.000000
1875 0.000000 14.875092 65.973176
4776 0.000000 16.166519 64.249198
7648 32.610004 50.116885 100.000000
4046 30.468619 48.312295 100.000000
7764 36.056749 48.570764 100.000000
2321 100.000000 77.194088 78.589949
387 100.000000 75.861881 79.632456
2320 100.000000 76.604095 76.654526
157 61.641349 100.000000 3.197661
6596 64.430456 100.000000 3.426780
7814 63.636364 100.000000 0.000000
180 15.308148 1.421527 100.000000
3289 6.813328 67.256370 100.000000
2125 6.103005 68.674119 100.000000
7757 3.314450 67.445075 100.000000
9204 100.000000 24.285397 17.019042
6885 100.000000 25.397158 15.479959
9324 62.280298 56.313258 100.000000
10048 61.722646 57.880094 100.000000
5045 59.337615 57.295981 100.000000
8634 0.000000 11.240861 34.437406
8633 0.000000 12.177467 34.630276
9484 0.000000 11.811168 31.592979
9182 41.850352 0.000000 3.649771
2205 43.903845 0.000000 3.814541
5185 96.320692 1.427679 100.000000
12950 98.325279 1.269927 100.000000
12936 98.219514 2.037812 100.000000
8200 96.223329 2.692140 100.000000
12937 98.447786 2.941022 100.000000
12955 97.796088 3.481653 100.000000
7744 0.000000 10.119316 44.539624
5493 0.000000 9.802583 42.458384
1657 0.000000 9.305120 45.322508
7993 52.313979 24.463856 0.000000
10778 52.673079 23.358447 0.000000
7994 50.619749 23.561598 0.000000
7527 34.782631 58.693523 100.000000
1368 35.843341 60.200771 100.000000
9814 32.320185 59.836897 100.000000
2590 75.276138 56.988561 100.000000
2592 74.638554 57.929584 100.000000
1915 73.257155 57.160584 100.000000
2856 77.086749 100.000000 84.498972
1549 74.186316 100.000000 83.738954
3384 74.894495 100.000000 86.508854
5122 77.594661 95.978083 100.000000
2808 79.094761 94.733502 100.000000
5121 80.743648 95.847986 100.000000
5726 85.115513 0.000000 75.555107
5727 83.838092 0.000000 77.567018
5728 81.944851 0.000000 73.601517
4958 79.163520 35.923482 100.000000
5084 55.016036 88.316921 100.000000
2552 53.730982 89.301999 100.000000
6231 52.241749 88.445586 100.000000
7625 44.423178 5.925938 0.000000
7310 42.907496 6.297634 0.000000
10149 44.265441 6.725118 0.000000
8054 0.000000 8.059920 82.194482
9044 0.000000 6.263255 82.599752
6299 97.668007 71.571445 100.000000
6117 100.000000 72.727273 100.000000
5181 96.991606 72.783561 100.000000
5915 70.380071 100.000000 45.512565
10327 70.544219 100.000000 47.803483
10768 9.297275 26.887574 0.000000
4548 8.166397 28.165826 0.000000
5280 10.147689 27.973539 0.000000
10227 100.000000 89.258136 57.805324
3926 100.000000 88.975620 61.310544
8623 100.000000 88.045610 60.179556
2459 100.000000 84.357738 79.185756
8967 100.000000 84.038609 76.624165
2460 100.000000 85.227381 76.272646
292 64.952127 46.104721 100.000000
4966 61.762292 45.066126 100.000000
5226 67.119084 44.563630 100.000000
10758 0.000000 13.867493 29.826676
9485 0.000000 12.996564 32.139471
10264 0.000000 14.051938 32.549434
3212 0.000000 12.993277 20.264417
3621 0.000000 13.781413 20.812428
3213 0.000000 13.910062 18.428227
2512 0.000000 46.942496 56.314218
7357 0.000000 48.874966 56.203862
2118 0.000000 48.634534 49.603353
1546 25.908954 100.000000 43.917687
920 33.476155 28.965661 100.000000
8878 31.325558 31.391643 100.000000
2831 25.905151 30.220321 100.000000
9340 100.000000 98.254725 91.624909
1541 100.000000 99.136495 89.173660
12977 100.000000 99.115236 92.541268
8340 100.000000 90.917586 69.476102
4116 100.000000 92.204510 66.829812
8339 100.000000 91.867468 71.101804
3345 100.000000 97.159792 71.122253
10665 100.000000 97.504851 72.814123
7668 100.000000 96.807056 73.818651
4994 0.000000 58.076205 65.072914
6381 0.000000 57.148329 73.935695
8253 0.000000 59.092149 70.163423
301 36.228392 11.512715 100.000000
4883 33.717565 10.221091 100.000000
7081 37.103031 9.689266 100.000000
6155 0.000000 2.504133 19.294338
1260 0.000000 2.948003 21.890583
1671 0.000000 3.250489 19.656425
302 33.147870 13.519598 100.000000
303 31.417578 12.078707 100.000000
3823 63.948968 18.009728 0.000000
2081 64.902663 18.809148 0.000000
431 65.648257 17.942907 0.000000
7246 9.937425 47.937335 100.000000
4941 16.422087 48.085045 100.000000
5913 13.041840 49.741623 100.000000
6374 47.885013 0.000000 4.265007
6088 48.586087 0.000000 9.652224
364 0.000000 91.420313 49.834548
644 0.000000 92.068743 43.527903
3810 0.000000 89.728270 47.532236
2917 49.277757 85.255529 0.000000
4029 0.000000 78.589299 12.044940
6279 0.000000 79.876614 13.685718
4030 0.000000 79.702304 9.879233
201 46.787281 82.494492 100.000000
202 45.171633 81.597090 100.000000
200 47.820083 81.336339 100.000000
6172 0.000000 9.338814 69.274454
6173 0.000000 10.636876 67.816114
726 0.000000 10.227234 65.279370
3036 100.000000 6.381231 12.350790
63 100.000000 5.819192 10.088400
8099 100.000000 6.874405 10.996430
9378 33.936963 100.000000 87.209852
618 36.769769 100.000000 85.355583
6459 34.454348 100.000000 84.922956
4298 23.908608 0.000000 97.220374
3424 86.397434 92.506533 100.000000
5757 87.784051 93.800401 100.000000
7641 84.141364 93.479808 100.000000
4937 89.438198 100.000000 65.866868
7228 86.153421 100.000000 64.586829
4491 87.240361 100.000000 68.429937
803 23.022037 62.383308 0.000000
8180 27.484821 60.536700 0.000000
9246 20.906969 60.786738 0.000000
1943 58.579264 100.000000 36.474146
7426 57.730654 100.000000 39.670938
1942 60.429694 100.000000 37.920446
3080 19.090784 0.000000 48.491756
10687 19.943915 0.000000 44.943427
28 59.256168 15.131553 0.000000
4178 58.240180 16.133223 0.000000
29 60.331865 16.114403 0.000000
7559 0.000000 83.525680 62.898483
3182 0.000000 81.115704 66.997404
3181 0.000000 82.464920 69.419563
10296 0.000000 88.598492 16.183608
4263 0.000000 88.181920 16.056716
10162 0.000000 88.143682 16.973537
10112 86.977238 50.580251 100.000000
767 85.490324 50.046157 100.000000
769 87.719429 49.259435 100.000000
7424 40.124844 9.960305 100.000000
5015 66.616398 2.526689 100.000000
10442 65.154603 1.402361 100.000000
4404 68.186975 1.460919 100.000000
2094 100.000000 58.332029 85.961220
9744 100.000000 58.624151 81.910417
10777 100.000000 60.052305 82.129920
4573 61.102515 100.000000 13.718892
4575 62.519583 100.000000 11.378527
4106 59.838330 100.000000 11.958572
10611 59.100250 100.000000 15.006797
1709 100.000000 25.679492 55.009412
1707 100.000000 25.556706 59.937595
1708 100.000000 24.426333 57.844918
6793 42.228989 100.000000 57.261083
2799 43.082278 100.000000 59.343852
2798 44.272371 100.000000 57.083663
9776 18.109340 3.583609 0.000000
5519 21.447447 90.151695 100.000000
1409 22.644451 89.036810 100.000000
7173 23.830133 89.973250 100.000000
246 61.615334 100.000000 93.388947
244 65.183100 100.000000 92.151797
245 62.831602 100.000000 90.367654
9779 0.000000 30.494602 91.398293
9778 0.000000 31.878925 87.740051
4132 0.000000 30.415410 85.993795
9442 55.310722 38.399330 0.000000
10180 52.585817 38.166266 0.000000
10713 53.236601 39.480507 0.000000
1181 0.000000 18.387785 67.155746
7516 0.000000 17.681052 71.925064
3972 51.520270 2.655300 0.000000
2181 50.078626 3.218168 0.000000
8335 51.950224 3.547667 0.000000
2949 0.000000 10.920677 91.886722
8580 0.000000 9.672412 90.882240
34 70.867839 33.568244 0.000000
33 67.389738 33.321774 0.000000
10526 68.168196 34.722881 0.000000
9152 27.320016 3.099316 100.000000
5530 30.451919 4.076574 100.000000
9215 49.806192 18.434825 0.000000
4848 47.922001 18.650503 0.000000
1951 49.167875 19.468245 0.000000
8455 100.000000 4.781395 59.332484
8454 100.000000 5.932119 60.585446
4682 100.000000 4.824706 63.418894
5820 68.669093 100.000000 84.890884
6059 65.660026 100.000000 84.024664
9308 66.089028 100.000000 86.749055
31 53.389257 100.000000 72.729492
7403 52.339906 100.000000 75.300454
5670 54.953524 100.000000 74.287001
2068 28.326427 0.000000 19.254345
8205 26.651780 0.000000 16.805715
2069 28.693808 0.000000 15.067539
9184 94.135320 5.517991 0.000000
5013 96.120646 6.263114 0.000000
9473 96.267513 4.636694 0.000000
9974 0.000000 18.657261 60.819449
10364 0.000000 19.910824 59.415561
9469 0.000000 19.196761 57.361190
5791 0.000000 26.018354 68.803361
10485 0.000000 25.424032 73.993376
6060 62.203735 27.379763 0.000000
7177 61.583333 28.603546 0.000000
4305 63.985301 28.232262 0.000000
4005 95.448244 30.884875 0.000000
9759 28.596494 74.994239 100.000000
2191 29.143644 73.854415 100.000000
7472 96.907168 100.000000 80.067540
2766 92.930433 100.000000 78.076448
3517 33.809138 0.000000 34.321890
2471 35.866936 0.000000 35.640880
852 0.000000 35.989567 72.786582
9366 0.000000 37.839691 70.040947
5540 0.000000 36.612963 67.126684
10039 84.456274 97.631921 0.000000
9794 82.207945 97.156051 0.000000
10482 81.703130 98.690314 0.000000
2929 97.835078 100.000000 54.067640
8138 95.259766 100.000000 53.171398
9526 96.127617 100.000000 56.627410
7995 100.000000 67.784224 6.231201
10788 100.000000 66.043208 8.172754
3047 100.000000 66.736082 3.153174
5237 100.000000 65.026561 4.515091
793 100.000000 88.931617 45.975204
5541 100.000000 89.947953 47.028811
7234 100.000000 88.598437 49.694366
59 82.231937 0.000000 36.559965
2494 85.575223 0.000000 40.701077
5235 83.359448 0.000000 41.843261
136 0.000000 87.175013 95.147800
1753 41.647117 23.378264 0.000000
2130 41.671657 22.276139 0.000000
6923 0.000000 2.757337 52.757407
3435 0.000000 1.860317 52.384864
6924 0.000000 1.930201 55.920313
9559 56.868172 100.000000 13.152677
6900 56.676626 100.000000 16.815350
4818 53.462208 100.000000 33.433806
2424 50.266803 100.000000 34.062744
2423 52.065224 100.000000 36.345939
9444 43.987120 0.000000 70.125695
4740 43.476228 0.000000 67.067492
4742 46.074251 0.000000 68.321748
9272 88.298239 60.973361 100.000000
6407 89.881478 61.213333 100.000000
8105 88.601332 61.929333 100.000000
2886 100.000000 76.828871 42.940374
2920 100.000000 76.591223 47.044790
1651 100.000000 75.325549 46.104946
4481 26.905381 2.248575 0.000000
1440 26.206993 1.320228 0.000000
1439 24.908445 1.966782 0.000000
3069 0.000000 44.012027 18.696360
4145 0.000000 45.502464 18.641090
4167 100.000000 17.221136 36.942185
3567 63.213780 100.000000 73.351523
6226 65.630120 100.000000 71.529904
8687 62.697858 100.000000 70.227859
4736 7.229556 14.805214 0.000000
6329 16.779719 83.861816 100.000000
6330 17.798760 84.770410 100.000000
3381 15.709368 85.109058 100.000000
5754 0.000000 72.392233 94.731620
3652 0.000000 70.867685 93.414034
10681 53.924346 18.451538 0.000000
7457 56.377594 18.157038 0.000000
8891 55.108364 17.210921 0.000000
1386 30.967700 98.927986 100.000000
7244 100.000000 33.643426 48.770896
7245 100.000000 34.885961 43.824836
668 100.000000 24.410035 93.733544
2643 100.000000 25.848264 87.926617
8281 100.000000 25.893196 94.562750
6740 40.098881 18.845273 0.000000
5733 42.146148 18.859081 0.000000
10102 82.152425 56.241928 100.000000
9447 0.000000 96.194353 8.275278
10203 0.000000 97.618184 5.298463
10286 0.000000 96.113219 5.682929
10320 0.000000 25.028857 11.294316
4215 0.000000 24.889842 8.332356
4214 0.000000 23.710488 11.427814
2461 100.000000 85.568776 78.835648
718 22.654068 67.547118 100.000000
6548 22.383822 68.789824 100.000000
9571 0.000000 79.687500 0.000000
10269 0.000000 84.081207 13.666155
10285 0.000000 84.787931 16.593999
8530 0.000000 85.526073 13.447945
8529 0.000000 84.832678 10.718531
5250 37.171086 71.003014 100.000000
4020 34.750262 71.498266 100.000000
6257 34.740942 70.154443 100.000000
2315 13.429439 91.177308 0.000000
2801 10.621199 91.016750 0.000000
4179 12.054381 92.444508 0.000000
4180 9.003793 92.407354 0.000000
7544 66.804248 26.584650 0.000000
4247 67.174073 25.199332 0.000000
5631 64.936814 25.824958 0.000000
1663 100.000000 0.698546 19.358411
1662 100.000000 0.000000 15.384615
2268 100.000000 0.800178 16.033361
10557 38.890902 100.000000 62.572112
6249 36.312109 100.000000 62.940704
977 50.021837 42.636076 0.000000
10352 50.968657 40.851080 0.000000
10353 47.984696 41.687107 0.000000
5886 24.211507 34.806442 0.000000
5030 26.788595 33.777035 0.000000
9057 100.000000 6.621430 22.835381
5869 100.000000 5.847232 22.663107
4831 100.000000 6.046903 20.478969
6090 89.201512 0.000000 53.675960
7433 87.969343 0.000000 55.641785
7990 40.962042 0.000000 97.450377
3646 40.000000 0.000000 100.000000
5990 0.000000 18.509008 74.490481
7314 45.891271 97.071154 100.000000
9303 77.194044 6.600449 100.000000
100 79.702540 6.745853 100.000000
6440 78.487727 7.782381 100.000000
823 44.843256 79.635104 100.000000
6673 43.701432 80.691425 100.000000
4183 42.387148 79.775175 100.000000
625 93.362474 86.908476 0.000000
9087 96.890167 86.418349 0.000000
7861 96.432219 84.877310 0.000000
3472 47.668666 9.185263 0.000000
6576 46.417808 8.305726 0.000000
2754 45.674537 9.307147 0.000000
8229 95.119026 90.009566 0.000000
2625 96.738562 91.622168 0.000000
4630 98.208747 89.463704 0.000000
9173 30.156979 0.000000 56.860674
4456 31.117211 0.000000 52.638743
10784 32.614244 0.000000 54.862759
6373 0.000000 48.216238 38.877020
7908 0.000000 47.050177 36.709242
8914 100.000000 84.776184 37.739952
1376 100.000000 85.248173 40.271300
9337 53.756674 100.000000 66.629074
10237 36.848148 3.865215 0.000000
8537 36.078669 4.740559 0.000000
9703 37.845309 4.770840 0.000000
5021 100.000000 60.723996 15.439406
88 100.000000 61.856369 19.123749
7713 100.000000 59.957220 23.128923
3965 100.000000 68.736760 85.110713
7321 100.000000 68.890652 87.277531
7320 100.000000 67.782243 87.958553
805 20.781527 100.000000 96.010336
4576 0.000000 42.164348 6.976792
1783 0.000000 43.956309 7.762032
12815 0.000000 43.729241 3.674417
4892 84.812271 54.360555 100.000000
744 84.316766 55.612583 100.000000
4890 82.565068 55.025029 100.000000
3240 46.013341 88.380852 0.000000
7913 49.123891 88.834910 0.000000
2919 48.995550 87.041658 0.000000
9782 61.224510 22.424834 100.000000
10587 66.062985 22.739056 100.000000
7303 62.233159 24.104667 100.000000
5942 94.531467 14.157623 0.000000
7274 94.677528 12.816619 0.000000
4646 92.697143 13.245878 0.000000
9384 5.879617 36.568579 0.000000
2589 4.644691 38.157917 0.000000
9383 7.172381 37.950475 0.000000
8290 71.785454 17.402313 0.000000
10670 70.587646 18.388757 0.000000
6680 72.447515 18.753495 0.000000
3419 100.000000 74.080432 7.264988
987 100.000000 74.049511 11.661864
4494 100.000000 72.737710 9.630698
5193 0.000000 1.314760 83.006997
5194 0.000000 0.000000 88.461538
12889 0.000000 66.173497 8.698627
12827 0.000000 65.543854 7.620568
13075 0.000000 65.458900 11.396498
8046 0.000000 62.811844 18.321380
13109 0.000000 63.269818 13.557649
13106 0.000000 62.604656 13.658841
6848 100.000000 73.064821 25.219563
8605 100.000000 74.407135 21.721002
2409 100.000000 74.519093 25.737849
10669 0.000000 6.896446 76.929933
4095 0.000000 5.089669 80.374110
5940 56.569704 100.000000 25.827331
3693 58.499243 100.000000 23.759864
9099 56.374177 100.000000 23.022681
6385 37.254902 0.000000 0.000000
6068 39.215686 0.000000 0.000000
6002 37.868842 0.000000 3.201853
1874 0.000000 14.264697 64.188662
1873 0.000000 15.337104 62.628414
6569 0.000000 14.482127 61.294129
4114 31.957374 100.000000 37.544885
533 28.837986 100.000000 36.751420
3317 67.041188 14.896530 0.000000
1056 68.947071 14.644411 0.000000
9131 5.957691 78.251057 100.000000
2418 2.892044 77.922852 100.000000
2827 33.467681 0.000000 45.504968
7823 36.020001 0.000000 44.948105
6555 34.868445 0.000000 48.558372
1836 7.713583 6.946342 0.000000
1838 9.296360 6.860070 0.000000
6051 8.292433 5.670287 0.000000
3801 0.000000 87.984760 13.437199
8584 0.000000 87.614733 14.265713
9883 0.000000 88.007395 14.586957
7735 86.798505 20.695930 100.000000
7734 83.925645 22.059498 100.000000
8080 81.946074 20.501538 100.000000
4403 69.351186 3.154601 100.000000
6896 100.000000 91.842317 52.397539
6897 100.000000 93.158869 53.042576
10549 0.000000 9.118076 32.203880
5431 73.601706 62.239076 100.000000
7300 75.562072 61.859726 100.000000
1001 61.084878 0.000000 97.060775
2009 64.548437 0.000000 97.641808
2010 63.333333 0.000000 100.000000
8214 0.000000 16.394613 22.289549
5208 0.000000 17.929844 21.782389
5209 0.000000 17.050084 19.309934
7236 76.356912 50.611825 100.000000
525 73.018057 50.438521 100.000000
7188 55.799768 67.198230 0.000000
4279 59.572410 65.285218 0.000000
1993 53.485571 65.392685 0.000000
4849 97.375686 94.131811 100.000000
8795 95.458660 92.985053 100.000000
2141 97.905943 92.969370 100.000000
5470 100.000000 91.465547 97.178702
2142 100.000000 92.207792 100.000000
7476 100.000000 90.909091 100.000000
4845 5.296804 85.478042 0.000000
4844 7.453639 85.535668 0.000000
6617 37.573576 0.000000 95.981164
6754 79.546630 7.307228 0.000000
10426 77.944051 7.801472 0.000000
10405 79.379281 8.403687 0.000000
4567 80.393749 31.595522 0.000000
5415 39.272447 28.058720 100.000000
9154 38.611843 29.938394 100.000000
7341 93.159939 31.171981 0.000000
7359 92.585657 32.325981 0.000000
7649 100.000000 12.748319 35.038794
5498 100.000000 22.475670 21.201865
8805 100.000000 23.510868 21.246516
5499 100.000000 22.819916 22.999603
10092 0.000000 81.394996 75.506611
5206 0.000000 79.331717 77.548634
5205 0.000000 79.930515 82.033366
8057 58.428628 100.000000 67.449488
1855 58.901048 100.000000 70.457134
9125 10.471218 13.112186 0.000000
3603 10.603151 14.465205 0.000000
9126 12.022283 13.778155 0.000000
6295 100.000000 94.169799 61.446393
6294 100.000000 94.777094 57.682036
8606 100.000000 95.381493 60.082851
8722 8.793913 83.237905 0.000000
9582 11.089278 84.406012 0.000000
10648 11.791264 82.908692 0.000000
1771 9.801605 39.500098 0.000000
2716 11.181530 38.062514 0.000000
10134 9.070133 38.453414 0.000000
1824 87.027121 36.920703 0.000000
10504 83.830937 37.197756 0.000000
8827 0.000000 83.527765 72.326941
7634 84.002065 100.000000 26.337451
7635 84.963897 100.000000 23.248261
7633 82.875199 100.000000 24.536694
9051 45.765968 63.035054 0.000000
9052 44.412332 60.640307 0.000000
5578 39.958241 62.811866 0.000000
6919 0.000000 69.643780 85.005930
3651 0.000000 72.005233 84.756614
6920 0.000000 71.868872 77.334082
3224 100.000000 19.749088 15.039664
4619 100.000000 19.392614 12.448383
5354 100.000000 20.695054 12.759028
4236 100.000000 6.223044 93.457174
4238 100.000000 6.160433 90.116071
8129 100.000000 7.530687 91.106567
10552 15.973965 5.234125 0.000000
1872 15.055055 6.195742 0.000000
1871 16.933543 6.405840 0.000000
2363 2.924070 64.607649 100.000000
3542 4.967392 65.960917 100.000000
3543 2.241183 65.936062 100.000000
1153 36.988197 68.696709 0.000000
1152 39.780708 66.410059 0.000000
3656 27.335997 0.000000 92.908552
21 16.628044 96.142385 100.000000
2542 16.354958 97.908353 100.000000
2541 13.171984 98.153887 100.000000
6502 0.000000 9.694961 6.493890
575 0.000000 10.528699 8.888845
577 0.000000 11.015105 6.283490
8577 5.105870 93.766799 100.000000
5119 6.529198 91.772736 100.000000
4788 8.430082 92.840644 100.000000
7166 39.780761 100.000000 74.806099
7165 40.796793 100.000000 72.462400
8077 38.038972 100.000000 73.675726
8985 55.013269 76.679407 100.000000
10331 54.771177 75.540305 100.000000
9140 56.969447 75.920229 100.000000
7439 0.000000 15.882352 37.259375
7440 0.000000 17.091401 37.084394
7441 0.000000 16.614062 34.331735
8710 0.000000 12.565095 46.562146
778 0.000000 13.084972 48.451613
1066 20.855472 1.363691 0.000000
6940 21.733459 0.790422 0.000000
903 19.607843 0.000000 0.000000
2710 74.090136 97.461214 0.000000
5210 75.530144 95.568192 0.000000
8078 72.254285 96.273783 0.000000
3922 19.293685 0.000000 76.663193
5365 17.135132 0.000000 75.146755
8905 19.996730 0.000000 73.386810
3984 72.411909 65.757755 0.000000
3986 72.921177 67.957288 0.000000
10402 78.990684 65.959110 0.000000
5800 70.785744 85.057959 100.000000
600 68.230474 84.760874 100.000000
42 69.990461 83.947037 100.000000
9714 16.779549 18.593566 0.000000
5713 16.666518 19.954323 0.000000
9567 18.329238 19.394194 0.000000
8982 50.424538 61.370794 0.000000
9072 0.000000 55.000000 100.000000
7754 3.278741 54.531403 100.000000
8241 3.217337 56.078757 100.000000
2930 98.316060 100.000000 57.065443
2928 100.000000 100.000000 55.555556
8636 47.574611 74.967351 100.000000
1342 45.069883 75.602030 100.000000
10191 44.889907 74.221522 100.000000
3631 57.983268 86.702749 0.000000
8301 61.154301 85.466565 0.000000
9236 57.937093 84.766588 0.000000
10199 100.000000 96.094844 56.184502
10314 100.000000 96.607399 58.996982
4 100.000000 50.918987 31.920002
11 0.000000 87.286733 19.666963
10 0.000000 86.574123 18.522127
3113 0.000000 86.296216 21.462585
8359 0.000000 85.476324 19.197030
8860 100.000000 58.867954 78.096880
10455 100.000000 59.071735 74.817146
9504 74.085824 86.864097 100.000000
8820 75.479467 88.024775 100.000000
10091 73.314613 87.896385 100.000000
6395 94.183487 37.806917 100.000000
8770 100.000000 35.064935 100.000000
1834 59.557408 0.000000 16.375935
5411 73.724881 78.912183 100.000000
5410 74.203649 77.793797 100.000000
9092 76.049112 78.547325 100.000000
9584 100.000000 19.879973 30.759191
7013 100.000000 18.875334 30.109706
7739 100.000000 19.719822 27.722367
1548 71.231905 100.000000 82.915321
6058 68.262101 100.000000 81.922450
7902 0.000000 97.445316 13.700303
10450 0.000000 96.168666 15.501031
10022 0.000000 97.157369 16.466442
9439 38.763804 92.159603 0.000000
9660 35.396154 92.427389 0.000000
8800 36.447403 94.396773 0.000000
9237 54.935532 86.316811 0.000000
3629 54.994475 88.015721 0.000000
1177 100.000000 72.518227 3.485794
1179 100.000000 71.803954 7.189006
7311 100.000000 71.047406 3.966859
8420 37.211667 79.970919 100.000000
1166 34.140208 80.233995 100.000000
7703 35.966658 78.913736 100.000000
3156 69.702419 76.977948 100.000000
7293 67.542488 76.260638 100.000000
10214 100.000000 39.900106 36.039443
7773 100.000000 38.383710 35.019017
5604 100.000000 40.316050 29.181012
8542 8.796567 0.000000 72.365910
2723 6.227054 0.000000 74.695093
2722 6.758028 0.000000 70.884092
9135 65.103291 15.201963 0.000000
1392 64.486369 16.326011 0.000000
9766 66.541901 15.978062 0.000000
3165 85.065473 81.819644 100.000000
3166 85.930646 82.848982 100.000000
3167 83.671917 82.653837 100.000000
10447 0.000000 49.955261 16.598582
10674 0.000000 48.078357 20.975718
9352 100.000000 45.321665 65.013007
3885 100.000000 46.535208 55.138244
9426 100.000000 47.857251 58.438317
6129 55.874434 66.938897 100.000000
5921 53.367044 66.632095 100.000000
8148 1.977530 100.000000 18.684198
3442 5.774767 100.000000 14.521908
3441 2.687699 100.000000 13.262190
6844 1.444828 5.890031 0.000000
9230 0.000000 4.687500 0.000000
8565 0.000000 6.250000 0.000000
1581 27.015576 50.003761 100.000000
140 85.922098 22.805729 0.000000
141 87.534507 23.415964 0.000000
142 87.871659 22.459842 0.000000
1331 100.000000 56.177388 41.588220
1329 100.000000 55.175766 48.220613
1330 100.000000 54.602039 43.082481
6070 8.862242 13.881009 0.000000
2293 67.459848 3.402632 0.000000
10531 70.125602 3.244058 0.000000
10637 46.823387 17.999866 0.000000
4802 46.083532 18.799720 0.000000
2489 0.000000 58.787565 88.103938
9599 0.000000 60.158062 75.528114
6078 3.585223 34.667718 0.000000
7638 2.067162 36.040886 0.000000
10026 4.367546 35.720700 0.000000
3096 82.880759 39.370386 100.000000
8362 100.000000 96.844031 26.130413
8360 100.000000 95.598006 30.578708
8361 100.000000 95.373743 28.022162
3820 100.000000 23.439138 46.642719
4056 100.000000 22.812577 50.313383
6353 2.496431 95.536906 100.000000
6354 3.308802 96.823802 100.000000
12938 1.521078 97.033870 100.000000
9234 63.994387 100.000000 28.480843
5747 64.264323 100.000000 25.783908
9235 62.285206 100.000000 27.434585
8036 88.863066 77.611545 100.000000
3053 86.964052 76.865563 100.000000
5528 89.281241 76.457306 100.000000
10378 42.692071 98.271347 100.000000
5782 100.000000 95.671844 34.007489
5784 100.000000 94.379453 34.223840
2679 0.000000 89.171410 26.891877
1022 0.000000 88.533820 25.870971
1021 0.000000 88.259996 28.222297
3736 75.787209 59.676558 100.000000
2296 0.000000 91.858224 57.277932
6225 0.000000 93.277264 58.913709
8049 0.000000 38.387618 63.615151
7348 0.000000 37.109722 61.442118
4614 100.000000 40.472185 51.608975
5949 54.165033 15.741859 100.000000
5201 52.175131 17.365774 100.000000
261 49.910303 16.145097 100.000000
5012 23.867263 4.582381 0.000000
5011 22.912372 3.494575 0.000000
8390 21.894222 4.287341 0.000000
6163 68.260882 85.466562 0.000000
7903 66.364501 87.262547 0.000000
6161 70.024523 86.683666 0.000000
6004 28.340609 0.000000 76.832429
6005 26.397233 0.000000 75.053072
1582 29.110537 0.000000 73.719901
3379 0.000000 13.861646 41.266108
9138 0.000000 12.618575 40.598664
3380 0.000000 12.665620 43.776590
8807 0.000000 26.784383 38.906367
7855 0.000000 27.685725 36.165947
8841 0.000000 26.673206 36.585814
4922 46.944460 100.000000 60.271641
2797 45.507364 100.000000 58.514201
10220 44.296995 100.000000 61.280361
4428 89.324019 17.198980 0.000000
254 88.361220 18.311832 0.000000
4429 90.871669 18.028731 0.000000
7115 22.684041 85.534115 0.000000
8349 26.855840 87.472364 0.000000
6748 28.158565 84.910340 0.000000
5327 100.000000 24.589130 53.150406
7645 100.000000 25.775406 51.368427
4550 0.000000 90.383928 33.133126
3015 0.000000 88.911058 35.966092
10604 0.000000 90.329795 37.307557
3715 96.695369 92.015702 100.000000
1930 19.957924 78.701227 100.000000
1642 20.168990 80.073262 100.000000
8042 17.554466 79.645281 100.000000
186 7.446447 26.891089 0.000000
6314 52.798295 73.751424 100.000000
8761 50.249981 74.353625 100.000000
9361 20.350098 100.000000 40.024612
2545 20.666768 100.000000 43.219461
2349 0.000000 37.500000 0.000000
3812 0.000000 39.062500 0.000000
10025 2.777383 37.477519 0.000000
5628 43.391066 96.986611 0.000000
9494 46.207188 97.039680 0.000000
5434 100.000000 13.941575 29.310957
4117 67.876369 10.885278 0.000000
2787 65.915152 11.396379 0.000000
4118 67.522043 11.899628 0.000000
4115 100.000000 92.955483 62.884720
665 100.000000 93.609240 65.114353
10711 100.000000 65.436572 76.883602
6607 100.000000 65.534296 80.324573
9312 100.000000 64.299231 80.386801
4513 12.986214 6.012147 0.000000
5607 14.330213 7.274060 0.000000
10252 6.612619 0.000000 81.056803
6802 3.453022 0.000000 81.793401
5988 6.247531 0.000000 78.216979
7281 100.000000 45.380936 21.996704
2247 100.000000 47.297830 11.035252
1323 73.165381 51.778846 100.000000
5109 71.767119 100.000000 85.844648
3102 0.000000 89.093408 29.352226
2784 65.374217 38.671687 0.000000
5197 63.001424 40.127083 0.000000
5196 66.281244 40.206856 0.000000
2909 23.017170 70.632574 0.000000
7733 73.999673 100.000000 52.405524
1094 76.851226 100.000000 50.920136
6669 74.373300 100.000000 49.524056
5737 100.000000 29.283678 15.819939
724 100.000000 30.128890 17.263496
1777 100.000000 28.772956 18.941515
1335 13.222726 97.205541 0.000000
8201 13.844289 98.111041 0.000000
4034 15.347991 97.682055 0.000000
7107 100.000000 12.913319 93.675735
5876 100.000000 12.580831 90.864561
8863 100.000000 13.627278 91.025560
3598 0.000000 25.725959 46.841411
1716 0.000000 25.752156 43.948153
3597 0.000000 24.701148 46.164635
2192 0.000000 94.278155 13.578193
5793 0.000000 94.758849 15.949695
8921 0.000000 95.548201 13.078376
2082 66.762967 18.762199 0.000000
3221 0.000000 19.065068 51.809279
3223 0.000000 20.297616 50.791711
8399 0.000000 19.747660 48.411042
1571 42.568938 100.000000 20.366235
75 40.229947 100.000000 19.825256
74 40.557416 100.000000 23.006989
2053 29.425095 0.000000 26.081922
3246 26.793510 0.000000 26.225599
8593 28.126308 0.000000 22.956863
4957 0.000000 8.781960 48.800317
1656 0.000000 8.362744 45.919026
9935 28.486115 41.160924 0.000000
2936 29.956453 42.357569 0.000000
10311 31.522169 40.813866 0.000000
10416 36.126091 25.404915 0.000000
10019 36.420631 24.142728 0.000000
8515 34.549941 24.579648 0.000000
1233 3.997117 62.858159 100.000000
2362 0.000000 63.333333 100.000000
923 97.889868 100.000000 18.198489
7369 97.685118 100.000000 14.704265
7370 95.712661 100.000000 18.105272
5823 93.063554 61.369619 100.000000
2612 94.772894 61.266486 100.000000
5821 93.879277 62.265425 100.000000
5172 100.000000 80.426573 77.869510
3659 100.000000 81.046568 79.612267
4931 100.000000 80.030374 81.290938
9492 26.866418 27.272757 0.000000
8487 26.060249 25.802536 0.000000
10449 24.491909 27.125277 0.000000
3344 100.000000 97.580169 68.814540
3346 100.000000 96.886942 69.019998
3235 100.000000 97.405971 66.758308
9525 78.936026 0.000000 64.610725
869 79.894584 0.000000 69.016459
8526 76.957203 0.000000 65.711965
679 6.500030 60.063683 100.000000
8652 3.463552 60.918751 100.000000
680 3.224007 59.253220 100.000000
1835 61.082371 0.000000 22.697470
2647 63.012228 0.000000 20.173485
3638 63.808255 0.000000 25.697786
9374 66.143956 10.102670 0.000000
9373 66.553396 8.823230 0.000000
6877 64.096453 9.242235 0.000000
6490 37.737305 0.000000 93.529088
6492 37.558123 0.000000 91.418386
9488 40.030631 0.000000 91.902148
9955 13.323029 100.000000 70.666221
5512 9.824820 100.000000 71.236742
5167 9.996103 100.000000 74.845519
9653 27.989045 78.004726 100.000000
8945 24.960477 78.944335 100.000000
2034 39.996772 100.000000 82.697977
8421 36.369143 100.000000 82.754092
1190 0.000000 88.297097 87.064730
1192 0.000000 86.707688 92.373207
6033 0.000000 88.427815 91.110998
6994 5.048259 100.000000 56.673367
9163 6.948560 100.000000 51.969219
6992 100.000000 49.063344 49.272486
3227 100.000000 10.918197 83.260928
10523 100.000000 10.731935 86.977534
1224 100.000000 9.630815 84.879141
2446 0.000000 18.772413 34.012838
6416 100.000000 56.250000 0.000000
2225 100.000000 57.209291 4.288312
8493 100.000000 55.232989 6.604495
6503 100.000000 98.133109 68.589260
6430 100.000000 98.042849 66.732849
6504 100.000000 98.638260 66.918703
6546 0.000000 23.816058 81.697077
6545 0.000000 25.299563 78.540987
10001 0.000000 23.898455 77.180726
4431 100.000000 79.117261 80.092285
4432 100.000000 78.767394 83.206343
4433 100.000000 77.960522 81.845665
4159 100.000000 3.532824 15.190050
6168 100.000000 2.469001 12.918326
6935 100.000000 94.320894 30.957551
4467 29.912647 0.000000 93.614910
4466 32.868325 0.000000 94.425270
7725 75.804635 100.000000 54.271353
7726 73.249331 100.000000 55.292785
6406 0.000000 47.114438 63.019992
5448 0.000000 45.226359 62.674237
5450 0.000000 45.332429 69.310046
7702 33.164476 78.824210 100.000000
1165 30.968168 79.876973 100.000000
9842 100.000000 30.569751 30.266947
9856 100.000000 31.561118 31.813762
7832 100.000000 30.169615 34.437678
3913 18.538820 0.000000 53.671618
10686 59.947918 100.000000 62.833836
9953 0.000000 88.870148 6.761598
10317 0.000000 88.494148 8.656932
9914 0.000000 89.629293 8.353773
6936 100.000000 93.146245 34.272144
1534 65.308819 30.332378 0.000000
106 67.180068 31.187778 0.000000
3433 67.760983 29.946769 0.000000
3600 0.000000 14.706920 37.757487
7611 0.000000 14.318797 35.135743
7613 0.000000 13.527843 37.879974
8669 100.000000 8.882754 42.074843
9270 100.000000 8.230209 43.388762
10283 100.000000 8.069718 40.929578
4665 100.000000 2.654278 26.639500
4667 100.000000 3.244848 29.260558
1573 100.000000 2.562536 29.719097
4241 8.944484 0.000000 56.310176
4653 8.373469 0.000000 60.137357
3839 5.466927 0.000000 60.047347
6825 0.000000 85.211705 55.485397
13419 0.000000 83.994054 52.653240
6727 100.000000 58.686549 19.706715
10369 100.000000 57.887534 27.908803
2288 92.716197 77.830029 100.000000
2286 93.023592 78.914154 100.000000
2287 90.778370 78.350317 100.000000
9630 100.000000 95.709190 24.711709
9206 100.000000 94.396593 27.732428
9959 100.000000 23.201518 6.864050
13367 100.000000 23.849306 6.662697
9958 100.000000 24.006499 8.159930
4464 100.000000 14.355684 56.565008
3002 100.000000 13.596397 53.974500
184 100.000000 14.624310 52.979562
9376 0.000000 5.807802 17.774244
2893 0.000000 4.891641 16.731981
907 34.978554 100.000000 53.718414
6170 38.180011 100.000000 52.424834
4397 36.327578 100.000000 50.555864
3234 100.000000 97.196485 64.567845
632 100.000000 96.754589 66.946183
3737 100.000000 17.987042 42.454761
8175 100.000000 17.444027 39.942608
9790 100.000000 18.352547 39.954485
3581 0.000000 50.276101 42.550116
8031 0.000000 49.818130 37.238168
2119 0.000000 48.391298 43.663721
2721 3.359633 0.000000 73.692650
1033 29.566727 68.117694 100.000000
4713 27.094642 68.089522 100.000000
4714 28.503213 66.960338 100.000000
7356 72.697427 9.459975 0.000000
754 71.771001 8.564684 0.000000
753 70.786302 9.541308 0.000000
10534 46.247837 80.487356 100.000000
5058 48.733431 80.218168 100.000000
6532 36.102804 75.013592 0.000000
4194 31.452969 74.242583 0.000000
6533 31.779295 76.394537 0.000000
197 97.419936 21.607251 100.000000
8725 28.583794 26.070983 0.000000
1003 58.564755 0.000000 94.788059
13342 59.565901 0.000000 93.899609
13312 60.516593 0.000000 94.728001
2113 23.466712 81.659709 100.000000
1912 24.023320 82.985617 100.000000
2114 21.337223 82.768828 100.000000
6482 95.480666 100.000000 87.081418
6481 93.280356 100.000000 89.700327
2290 0.000000 10.490369 95.870413
6255 0.000000 11.919222 97.600109
6488 1.511032 24.607558 0.000000
5384 0.000000 23.437500 0.000000
4125 0.000000 25.000000 0.000000
6205 73.116371 0.000000 56.477132
6204 75.327498 0.000000 58.317541
8321 73.638572 0.000000 59.603577
3005 75.634493 22.207253 0.000000
10250 73.534671 22.522168 0.000000
3607 75.171747 23.391109 0.000000
6707 0.000000 5.829738 54.303138
6706 0.000000 6.872495 54.992124
4625 20.685791 16.811992 0.000000
2708 22.464861 17.170685 0.000000
6839 22.094744 15.837372 0.000000
5429 92.059878 4.839916 0.000000
3173 89.895976 5.695838 0.000000
9071 92.035872 6.358977 0.000000
5444 100.000000 94.493916 24.355350
4083 21.605701 0.000000 26.488654
4085 24.282876 0.000000 26.128597
9602 22.728729 0.000000 29.865782
9872 37.457121 61.006273 0.000000
5579 34.001557 62.937367 0.000000
3759 59.311190 81.965173 100.000000
10714 56.679017 82.072896 100.000000
2973 57.332757 81.065438 100.000000
9353 100.000000 46.755623 67.054026
5244 100.000000 46.091574 74.578338
9354 100.000000 44.450223 74.148772
8103 100.000000 48.711975 95.497175
942 100.000000 50.123513 95.355023
7576 100.000000 48.051948 100.000000
9623 0.000000 64.309839 83.778233
7729 0.000000 65.997511 84.425243
2176 0.000000 66.437219 76.252340
6868 60.927419 35.647295 0.000000
3159 59.237065 34.939761 0.000000
9221 58.287287 35.991313 0.000000
2360 83.514044 70.002474 100.000000
7354 84.066145 68.871337 100.000000
2484 86.133029 69.729428 100.000000
10045 100.000000 33.679860 24.433529
7582 100.000000 33.057674 29.182846
9841 100.000000 32.066865 27.367059
9016 0.000000 27.875537 43.019267
9909 0.000000 29.204463 39.300966
10129 0.000000 27.885624 39.189073
2757 0.000000 20.336247 17.302246
4170 0.000000 20.491740 20.063757
6187 0.000000 21.601560 17.458260
4705 100.000000 82.875013 54.444749
9689 100.000000 81.273174 55.763865
6719 100.000000 82.253050 51.625336
863 65.515364 70.106154 100.000000
7190 65.908989 69.082194 100.000000
861 67.658601 69.883476 100.000000
7803 100.000000 88.122675 93.039416
9588 100.000000 87.118996 92.866252
2080 69.955630 0.000000 48.274545
2079 68.843572 0.000000 43.649853
9911 71.605943 0.000000 46.129080
4916 24.908553 100.000000 88.894100
7266 23.654136 100.000000 86.827725
2276 45.684118 92.294304 100.000000
2289 46.707420 93.131383 100.000000
2277 44.088388 93.320221 100.000000
9994 10.991635 10.965054 100.000000
9226 9.914203 12.935828 100.000000
9649 7.291298 11.976552 100.000000
7443 0.000000 30.806582 50.306482
332 0.000000 32.590735 48.187068
2095 0.000000 31.685623 45.391449
4037 76.450022 28.442647 0.000000
77 78.727001 28.216989 0.000000
7912 77.168693 27.310435 0.000000
3869 67.274958 100.000000 98.149178
3868 68.965517 100.000000 100.000000
6379 70.409806 100.000000 97.321624
5624 100.000000 11.619127 45.201058
990 100.000000 10.674500 44.321251
1054 100.000000 1.664608 47.819679
7102 100.000000 2.659629 48.857848
7101 100.000000 1.805765 51.996049
10640 6.128693 86.724716 100.000000
421 3.032068 86.752857 100.000000
4222 5.381587 85.365779 100.000000
10398 100.000000 42.038659 82.459265
2997 100.000000 41.261387 91.250613
6389 100.000000 0.000000 0.000000
747 100.000000 1.691152 5.554927
4135 0.000000 95.947020 83.793909
3946 0.000000 96.064408 79.721949
660 0.000000 94.580271 83.266763
10496 100.000000 31.054113 86.453445
8029 100.000000 31.898692 89.160464
7630 100.000000 30.487100 92.873838
1955 86.966526 53.722454 100.000000
9636 86.480098 54.952946 100.000000
10464 13.601977 0.000000 48.309204
4571 17.275910 0.000000 45.344314
9487 15.914173 0.000000 50.870844
5596 63.482624 93.270966 100.000000
1038 61.342519 92.247752 100.000000
5544 100.000000 68.304259 79.744797
5543 100.000000 69.663323 79.321891
2820 100.000000 68.523579 82.522448
6284 59.064602 25.646430 0.000000
2548 58.238432 26.762140 0.000000
6061 60.551016 26.516582 0.000000
4285 87.684383 0.000000 71.493017
4284 86.448423 0.000000 73.529080
9398 84.825374 0.000000 69.456660
6476 0.000000 0.765091 22.123046
9187 0.000000 0.000000 23.076923
222 0.000000 0.748225 25.919330
5573 10.054286 0.000000 12.660828
10457 9.066428 0.000000 9.623360
12908 11.418546 0.000000 6.920597
9727 0.000000 4.926905 37.978143
10407 0.000000 4.563738 35.973377
10313 46.163624 13.370855 100.000000
6218 50.239212 13.254124 100.000000
10622 50.183220 0.000000 77.166942
1750 95.150589 44.846698 100.000000
8040 94.786741 43.657590 100.000000
4292 97.474272 43.236592 100.000000
7028 0.000000 30.841338 70.062943
2662 0.000000 32.432045 66.613872
4008 0.000000 31.032410 64.315815
670 91.620330 0.000000 54.471430
6601 0.000000 35.150246 3.729821
2348 0.000000 36.289731 3.417503
12818 0.000000 36.235560 1.856677
3738 100.000000 16.684479 43.299838
1627 100.000000 17.646579 45.867104
2109 86.034035 95.046425 100.000000
2108 82.440196 94.865111 100.000000
7636 86.958031 30.980878 0.000000
4356 86.970309 29.765604 0.000000
4355 84.809155 30.333232 0.000000
10441 0.000000 32.960284 89.654508
9672 0.000000 31.799550 93.191084
4038 22.102064 0.000000 42.961610
423 52.911760 11.825115 100.000000
4448 57.131004 12.189535 100.000000
9254 53.618103 13.179494 100.000000
3024 25.816693 2.931779 0.000000
2137 16.772891 32.156748 0.000000
5592 16.690945 31.101750 0.000000
1327 100.000000 6.409017 24.939942
4902 100.000000 82.000741 69.522569
8809 100.000000 82.300628 72.020864
6199 35.294118 0.000000 0.000000
6198 36.705829 0.936834 0.000000
3697 91.553081 0.000000 92.435099
10462 93.805126 0.000000 92.095208
1215 95.252642 0.000000 95.674588
1034 31.665907 68.255926 100.000000
1035 30.569086 69.101653 100.000000
4792 69.535801 100.000000 12.242568
7180 71.606844 100.000000 13.003956
7181 71.949055 100.000000 10.474802
4803 45.174607 17.890851 0.000000
6568 46.488132 17.099781 0.000000
6112 44.311369 16.745198 0.000000
6443 54.311558 100.000000 25.333214
9313 53.892656 100.000000 22.183680
2645 52.045762 100.000000 25.000840
7157 89.037102 100.000000 62.755182
6801 91.214731 100.000000 63.984061
9188 50.315884 0.000000 29.741076
9189 51.987243 0.000000 27.155166
5831 52.995561 0.000000 31.788116
9454 14.900533 9.895978 100.000000
9232 34.557716 40.101535 0.000000
3505 73.847473 16.650395 0.000000
3504 71.937404 16.050894 0.000000
4624 97.850290 79.941570 100.000000
2358 97.739845 78.609345 100.000000
492 4.766642 45.971127 0.000000
493 2.127774 46.446142 0.000000
491 2.561847 47.923181 0.000000
5101 80.170402 25.176044 0.000000
5103 77.602535 25.249185 0.000000
857 79.245914 26.036674 0.000000
4744 39.180682 84.278399 0.000000
1683 40.950941 86.351765 0.000000
8260 17.996624 37.278696 100.000000
9379 12.737826 39.126411 100.000000
9150 11.239070 37.703609 100.000000
8591 0.000000 57.936072 49.218591
559 0.000000 56.593436 60.965954
1360 0.000000 59.113731 55.254068
9466 12.239620 0.000000 97.581622
2486 64.455331 32.947915 0.000000
2380 61.617394 33.242772 0.000000
2379 63.173397 33.988848 0.000000
2580 0.000000 7.548184 71.245990
4874 4.546914 90.698873 100.000000
4881 1.747698 91.300347 100.000000
7104 86.074846 23.938197 0.000000
9108 88.190374 24.400437 0.000000
10373 100.000000 85.019922 64.085718
5040 100.000000 84.083719 66.562074
3477 100.000000 83.993185 63.863123
1861 37.815039 0.000000 19.703813
1862 35.564500 0.000000 19.199712
1860 36.904088 0.000000 16.041960
10090 84.073241 92.243767 100.000000
1897 0.000000 89.262724 74.642254
7932 0.000000 90.174877 68.651736
5870 0.000000 87.987491 72.666477
3747 94.105420 9.087590 100.000000
12941 96.650982 10.118234 100.000000
10356 94.231162 10.641090 100.000000
3617 100.000000 11.688312 100.000000
471 95.898725 12.124316 100.000000
12940 97.356174 10.992312 100.000000
7538 0.000000 6.262105 15.337061
2891 0.000000 5.330310 14.964842
2906 0.000000 4.656841 4.111127
10750 0.000000 2.074733 16.858887
6156 0.000000 1.756879 18.858833
9562 94.660840 39.991249 0.000000
550 97.101451 38.668355 0.000000
9561 93.241704 38.014584 0.000000
324 11.983802 9.035158 100.000000
325 8.081578 10.151422 100.000000
5868 0.000000 27.233745 11.713999
9396 0.000000 28.399766 11.940991
5866 0.000000 28.288187 8.663251
383 37.241052 0.000000 72.479670
8846 37.130955 0.000000 68.927264
1156 85.802388 16.491908 100.000000
1417 81.632840 16.178834 100.000000
7556 84.611810 15.004811 100.000000
4995 35.951169 32.151615 0.000000
3851 83.481938 0.000000 65.540978
867 81.871649 0.000000 67.188405
2678 0.000000 89.310670 24.893567
2680 0.000000 89.826377 25.663257
6320 0.000000 90.049841 23.965820
7241 0.000000 18.626396 31.539063
2598 0.000000 17.778046 34.050953
3243 26.503874 72.035011 100.000000
13300 25.126799 71.742301 100.000000
10792 25.724783 71.142576 100.000000
10727 22.267664 71.158068 100.000000
10796 24.107652 71.449768 100.000000
13301 23.146279 71.781556 100.000000
1007 83.536303 32.601186 100.000000
9659 81.420345 34.085313 100.000000
7694 76.836373 32.910544 100.000000
6562 81.017945 14.451013 0.000000
7496 83.189505 14.076226 0.000000
7495 81.449452 13.205500 0.000000
5826 0.000000 83.381993 17.081323
7584 100.000000 33.954210 32.010357
8418 100.000000 35.880849 27.279566
2771 100.000000 35.528347 32.892864
10422 30.128465 7.674186 0.000000
10087 32.144557 7.662177 0.000000
436 30.900118 6.664451 0.000000
937 20.442560 35.083356 100.000000
10365 24.337290 36.124948 100.000000
3434 0.000000 0.981209 55.202471
3207 27.678513 100.000000 28.284822
3206 25.186492 100.000000 32.494734
7049 41.572302 0.000000 69.000537
7050 39.511465 0.000000 68.106552
3735 75.705636 60.788182 100.000000
4343 74.132922 61.375553 100.000000
4344 73.483844 60.422336 100.000000
1870 16.153114 7.340603 0.000000
5403 17.232698 8.356071 0.000000
3164 17.837891 7.440796 0.000000
1612 100.000000 10.933982 50.973061
9267 100.000000 12.105996 51.578608
1610 100.000000 11.448042 54.476667
99 82.053482 7.735822 100.000000
391 0.000000 53.712337 77.573266
390 0.000000 53.055638 71.994817
5361 0.000000 52.251310 78.580435
3750 100.000000 69.842986 82.185182
7545 100.000000 69.920828 85.066346
1465 66.707214 81.531199 100.000000
10202 67.060085 80.440225 100.000000
8186 100.000000 14.436621 36.940047
3034 0.000000 8.403172 32.536739
10561 60.403254 61.601427 100.000000
6774 62.533421 62.359572 100.000000
2959 59.726622 62.726663 100.000000
1717 0.000000 26.789279 41.787433
1718 0.000000 25.828095 41.173635
4079 75.786650 0.000000 45.792963
9912 72.994015 0.000000 43.820577
9139 0.000000 12.413445 37.542307
7612 0.000000 13.247676 34.979534
8799 40.599254 93.845476 0.000000
8257 100.000000 5.547872 69.599126
10035 100.000000 6.356022 68.469696
4381 100.000000 6.259211 71.249191
10659 51.422614 51.623302 0.000000
658 56.533008 51.324196 0.000000
9641 100.000000 15.123959 80.837943
9238 100.000000 16.120449 79.943505
2028 100.000000 15.733359 83.390079
3756 46.066411 94.139305 100.000000
7975 41.004553 7.709310 0.000000
7363 43.064961 7.397431 0.000000
7309 41.288896 6.680682 0.000000
8769 100.000000 36.363636 100.000000
4946 100.000000 36.099318 92.701743
4051 100.000000 38.095934 91.485318
8998 1.168696 15.168499 0.000000
1108 0.000000 15.625000 0.000000
7845 0.000000 17.187500 0.000000
6154 0.000000 3.085390 27.382520
1259 0.000000 2.646694 24.249831
3573 0.000000 2.209395 26.469476
4113 34.326616 100.000000 33.812117
709 23.494621 66.089806 0.000000
801 23.780529 64.184687 0.000000
1910 18.519756 65.282232 0.000000
7730 7.551215 100.000000 27.276088
4517 11.522204 100.000000 24.058611
9198 9.354735 100.000000 21.584435
397 11.084347 86.370499 0.000000
396 13.053890 87.021727 0.000000
1354 12.503539 85.649493 0.000000
4910 21.568627 0.000000 0.000000
2628 20.161471 0.000000 4.931868
8928 42.791239 100.000000 23.322694
4607 19.031638 100.000000 82.978893
6765 21.338157 100.000000 81.228521
2235 93.721833 44.875055 0.000000
4790 95.382025 46.845848 0.000000
338 97.161901 45.605176 0.000000
339 100.000000 45.312500 0.000000
3752 100.000000 43.750000 0.000000
340 96.705647 44.117478 0.000000
3461 57.447780 76.303581 0.000000
3949 52.156109 77.220685 0.000000
3951 55.476422 78.552198 0.000000
4021 84.580476 72.039285 0.000000
4023 85.409545 73.501809 0.000000
10601 88.500693 71.900145 0.000000
7039 81.474639 88.416235 0.000000
3887 84.324351 86.319545 0.000000
1564 80.078975 86.737588 0.000000
5115 100.000000 73.918981 48.890808
300 100.000000 74.120549 45.412872
6164 47.706936 64.291552 100.000000
3377 45.716159 62.879680 100.000000
3376 49.209636 62.594030 100.000000
6283 89.843403 0.000000 60.739971
9096 0.000000 25.901645 32.982935
9097 0.000000 27.147995 33.474438
9098 0.000000 26.921422 30.037927
10755 0.000000 78.435665 23.752860
7506 0.000000 77.712761 19.722664
6029 0.000000 76.789045 24.986358
5832 52.216540 100.000000 15.463353
7465 50.075041 100.000000 15.102687
3634 50.291560 100.000000 18.417369
2178 0.000000 66.657306 68.041631
7078 100.000000 35.798916 12.572263
7077 100.000000 34.673933 16.400762
9210 45.923113 14.962180 0.000000
6111 44.400436 15.511474 0.000000
6110 46.137558 16.005127 0.000000
1703 100.000000 92.691760 57.615638
1408 100.000000 94.740280 75.797726
3892 100.000000 94.185581 78.753483
5600 100.000000 93.857769 76.627666
8210 59.096758 0.000000 4.660143
504 58.823529 0.000000 0.000000
7222 61.083719 0.000000 4.107810
2575 0.000000 99.348590 11.267154
213 100.000000 76.219592 21.726458
2263 73.305294 0.000000 18.844831
6803 5.537212 0.000000 84.186863
6804 2.559251 0.000000 86.026807
9920 100.000000 80.500544 62.791201
8729 100.000000 81.760995 62.967185
5597 100.000000 80.680290 65.445387
6146 37.022863 61.917318 100.000000
9813 33.016586 61.365989 100.000000
2055 97.745751 23.735548 0.000000
2056 95.485362 23.893969 0.000000
2057 97.428451 25.050275 0.000000
8084 59.403044 39.911568 0.000000
8083 56.840728 41.051807 0.000000
951 60.407978 41.482581 0.000000
9276 74.898690 13.044112 100.000000
1893 76.301257 14.363509 100.000000
10651 100.000000 94.151741 44.012738
9880 100.000000 93.313762 43.122999
5486 100.000000 94.430525 40.699906
8792 32.723911 100.000000 23.615337
7176 0.000000 19.068121 77.487024
4670 0.000000 17.880960 80.956765
4144 70.713144 73.521336 100.000000
8355 4.113145 14.039260 0.000000
8254 4.869026 13.005576 0.000000
4300 3.306793 13.137787 0.000000
8085 0.000000 28.262398 46.614126
9360 0.000000 26.906468 46.844238
4460 94.444500 30.710902 100.000000
3286 3.213553 78.403967 0.000000
6662 64.369975 55.687939 0.000000
10111 61.978601 57.937096 0.000000
10466 68.435372 57.319059 0.000000
4031 57.364507 0.000000 25.119458
4032 59.840937 0.000000 25.881422
6193 58.928820 0.000000 29.340555
7825 63.436389 0.000000 42.809572
6120 61.725990 0.000000 44.621107
4761 60.643257 0.000000 41.037853
9552 82.746367 78.955599 100.000000
3135 84.548092 78.430015 100.000000
9328 84.410970 79.271010 100.000000
2988 100.000000 10.864809 47.368430
6524 100.000000 11.839147 48.379938
8699 25.459852 6.686190 0.000000
3560 26.493062 7.609848 0.000000
7705 27.187185 6.724218 0.000000
8756 100.000000 61.745641 78.190561
4912 100.000000 61.556924 82.335842
3275 57.486495 1.736938 100.000000
5891 57.587106 3.637856 100.000000
5892 54.511617 3.060145 100.000000
7909 0.000000 7.806848 14.882292
6053 0.000000 8.593928 16.668871
6479 50.415145 46.745629 100.000000
9949 15.691126 0.000000 31.072407
10159 17.078127 0.000000 33.388974
3475 14.357801 0.000000 35.436389
8658 93.971201 0.000000 26.406489
5952 95.083034 0.000000 23.909190
1073 97.297710 0.000000 30.938497
10782 100.000000 73.075349 68.174625
9533 100.000000 23.156748 59.621966
9532 100.000000 23.615892 56.097631
4533 26.445073 47.796554 0.000000
6136 28.255828 46.549667 0.000000
7868 62.081546 100.000000 58.052396
580 59.453716 100.000000 56.682897
6298 59.660098 100.000000 60.065567
3911 26.613816 0.000000 57.454134
3912 25.276518 0.000000 53.796753
3910 28.303044 0.000000 53.431859
5738 92.883960 95.209047 100.000000
9637 94.876336 96.422611 100.000000
7604 91.667823 96.405671 100.000000
742 0.000000 11.720720 46.071384
5945 93.127326 11.851416 0.000000
4024 0.000000 96.546869 72.167749
407 0.000000 97.989842 65.860554
406 0.000000 95.844515 69.592592
7048 40.944108 0.000000 66.131207
3740 18.503698 0.000000 13.908225
1711 17.785100 0.000000 20.701220
3899 16.166702 0.000000 16.899097
2182 17.121650 100.000000 9.443336
10236 16.677365 100.000000 15.144579
5685 20.804205 100.000000 10.894679
5076 67.040956 48.169266 100.000000
905 65.214662 49.844401 100.000000
255 85.768653 17.682697 0.000000
5575 83.969483 18.444876 0.000000
253 86.138218 19.062749 0.000000
593 90.130428 0.548361 0.000000
8707 92.156863 0.000000 0.000000
9837 90.196078 0.000000 0.000000
5703 7.831362 3.251944 100.000000
8527 6.714235 1.571120 100.000000
10301 58.982475 0.000000 48.416610
8110 61.190376 0.000000 51.644631
6815 58.445511 0.000000 52.581374
5152 100.000000 11.180320 10.269140
7520 39.970409 0.000000 62.990672
8845 38.361535 0.000000 65.790268
5218 76.233647 0.000000 83.714797
3643 76.416907 0.000000 80.917192
10218 79.480398 0.000000 84.149916
7198 73.581834 0.000000 97.584668
10590 73.570350 0.000000 95.006713
9993 76.668417 0.000000 97.405052
5111 13.497204 53.518279 100.000000
5112 13.818716 55.535149 100.000000
5110 9.719285 54.750294 100.000000
7062 46.383857 13.380220 0.000000
9209 47.205414 14.297314 0.000000
10300 48.414266 13.444324 0.000000
7882 55.868596 14.088493 100.000000
5948 51.939944 14.540204 100.000000
4882 29.635407 10.673221 100.000000
3282 32.045550 8.919572 100.000000
10324 98.187405 13.133277 0.000000
4500 100.000000 12.500000 0.000000
3091 98.164786 11.662966 0.000000
7679 87.466445 11.399808 0.000000
5491 28.828540 13.976722 100.000000
5490 26.947697 12.568897 100.000000
8739 3.402711 100.000000 21.821089
9417 7.494512 100.000000 18.568191
8195 10.438352 33.140544 0.000000
13285 8.896941 33.005285 0.000000
3126 8.295228 33.895346 0.000000
5066 100.000000 10.873498 27.618504
8021 100.000000 10.391684 28.831043
5067 100.000000 10.077147 27.042383
5261 100.000000 7.369326 22.982854
454 31.025179 100.000000 44.335087
455 28.680112 100.000000 44.484541
13456 29.700918 100.000000 45.898235
6083 100.000000 15.577450 45.726797
7085 100.000000 14.700529 47.818442
7179 100.000000 14.564918 44.686295
5420 100.000000 78.724489 25.022038
8456 100.000000 79.897253 25.795357
1990 0.000000 82.167203 7.611647
10291 0.000000 81.120398 5.271086
1141 40.223441 39.811859 0.000000
1139 42.861375 38.612302 0.000000
1140 40.068606 38.462070 0.000000
7615 71.214022 0.000000 56.922236
7616 68.898917 0.000000 57.892327
7617 68.736354 0.000000 53.882629
3012 91.642788 100.000000 45.845126
3011 88.972758 100.000000 43.950717
4446 89.270232 100.000000 48.035220
7541 34.536866 10.603896 0.000000
7542 32.722874 10.791994 0.000000
7543 33.911436 11.618659 0.000000
4595 31.305103 10.108962 0.000000
8075 33.075856 9.748259 0.000000
10088 31.296436 8.848698 0.000000
4068 65.648802 6.841144 0.000000
4069 67.389179 6.400655 0.000000
4070 66.073958 5.961033 0.000000
4228 79.286489 100.000000 79.170462
6652 15.185418 16.186330 0.000000
2345 17.124365 16.366646 0.000000
9566 16.493342 15.204737 0.000000
9041 100.000000 58.750561 43.725145
9042 100.000000 56.951028 48.887894
4558 31.297653 100.000000 62.675336
945 30.766931 100.000000 65.511828
384 54.836436 0.000000 34.824960
8055 55.565925 0.000000 31.994500
2264 74.308908 0.000000 23.973756
8948 100.000000 2.588935 18.402253
9394 88.127754 21.242648 0.000000
6099 89.981396 22.183953 0.000000
2378 71.644691 0.856734 0.000000
8641 76.429362 100.000000 72.477611
8670 74.701045 100.000000 74.374870
9977 77.186307 100.000000 75.731469
165 100.000000 29.837673 87.508485
166 100.000000 29.093161 94.120633
164 100.000000 28.342780 88.925787
7934 65.772185 0.000000 66.742145
2883 62.469645 0.000000 65.133367
3664 64.224816 0.000000 62.432551
13286 6.115447 35.260322 0.000000
8471 5.780446 34.309177 0.000000
1441 23.785748 0.894403 0.000000
6982 22.849603 1.694018 0.000000
5941 96.380481 13.671839 0.000000
7273 96.430594 12.313222 0.000000
2603 57.413913 100.000000 30.736597
10367 57.855013 100.000000 32.657260
6436 59.631715 100.000000 30.949966
1780 100.000000 85.633912 48.726698
5798 100.000000 87.361356 48.504161
8587 100.000000 85.928602 52.433906
2332 0.000000 13.447905 6.529529
6175 0.000000 13.113850 4.340243
5633 0.000000 12.339242 6.333870
10789 78.588875 0.000000 86.804647
9546 81.853051 0.000000 88.034939
5825 100.000000 57.099346 96.952193
9697 100.000000 55.844156 100.000000
3210 100.000000 55.785317 96.991009
3811 0.000000 38.270536 4.801073
5454 0.000000 36.693437 7.217580
93 16.663319 27.978832 0.000000
6340 18.217348 27.342156 0.000000
1416 0.000000 11.535349 16.562171
10077 0.000000 10.240008 16.192652
7793 0.000000 10.574951 19.045440
9461 22.529950 77.916299 100.000000
1643 22.092761 79.188050 100.000000
10362 19.964421 77.242303 100.000000
116 100.000000 43.135461 54.398840
10351 0.000000 41.214757 51.784903
3291 0.000000 40.269392 58.497189
3293 0.000000 42.421540 54.360109
5856 0.000000 1.770840 49.094152
9011 0.000000 2.621956 49.384838
5571 10.864121 0.000000 16.430619
5572 8.592545 0.000000 18.158405
8056 57.956657 0.000000 32.687129
6192 56.512208 0.000000 28.711309
3556 40.650665 75.800309 0.000000
7461 36.499898 77.234571 0.000000
6287 41.196171 77.913804 0.000000
9991 41.934644 100.000000 28.462168
4876 43.019200 100.000000 25.730801
10144 40.970155 100.000000 25.922981
8498 100.000000 89.668129 71.295368
4128 100.000000 89.046576 75.263820
4127 100.000000 88.429189 72.519968
4459 0.000000 4.822232 53.016311
10080 0.000000 4.786923 57.330348
5521 31.743387 70.084466 100.000000
6256 32.629213 71.120756 100.000000
8269 100.000000 5.392765 20.715796
3804 100.000000 5.077862 22.090096
9869 0.000000 90.974585 4.801220
1700 0.000000 91.911386 5.989295
8674 0.000000 92.045746 4.116310
3565 83.740581 100.000000 46.070383
3564 83.250742 100.000000 42.897638
3364 100.000000 46.036516 36.906082
4538 100.000000 48.123102 32.475727
10432 100.000000 46.895557 41.195762
10167 100.000000 1.829766 26.723517
4518 87.493136 100.000000 54.629108
8595 89.141683 100.000000 57.114893
8597 90.613619 100.000000 54.974132
6425 0.000000 8.631339 25.846179
6423 0.000000 9.754591 24.636796
6424 0.000000 8.716635 22.850774
4216 0.000000 23.352489 8.521782
8858 100.000000 57.306751 81.576578
9401 100.000000 97.924090 61.738831
1039 100.000000 98.754560 62.164924
6431 100.000000 97.974791 64.468434
8395 11.900077 0.000000 86.476002
9282 13.059119 0.000000 83.496578
10042 100.000000 95.211135 68.209664
6895 100.000000 95.281566 65.374542
631 100.000000 96.189798 65.507699
9289 0.000000 7.158187 62.658769
1791 0.000000 6.989736 58.761584
5008 0.000000 5.841108 62.649192
8923 5.458880 100.000000 43.802285
4611 4.129855 100.000000 40.217218
4613 0.000000 100.000000 45.833333
6493 25.488379 41.157714 0.000000
10780 24.912882 39.662933 0.000000
10746 22.602770 41.055258 0.000000
7155 29.015248 13.163580 0.000000
9730 27.304997 12.833900 0.000000
5708 27.984281 13.934331 0.000000
9513 95.065297 100.000000 14.930482
318 0.000000 3.333333 100.000000
320 0.000000 3.379011 95.930026
5574 0.000000 1.666667 100.000000
465 11.450210 48.269166 0.000000
9349 12.573154 49.160401 0.000000
1603 14.438237 47.400975 0.000000
5616 0.000000 98.333333 100.000000
12907 0.000000 98.874590 98.931493
12821 0.000000 98.128844 98.245813
5759 0.000000 98.289140 95.445219
12809 0.000000 99.036182 97.480159
9144 82.789537 75.640092 100.000000
1168 84.826676 75.003038 100.000000
3051 84.900438 76.196326 100.000000
8098 50.951037 0.000000 64.557456
1356 48.279001 0.000000 66.421187
4929 47.655100 0.000000 62.835037
3426 55.082491 28.914375 0.000000
3826 54.575683 27.690823 0.000000
3825 52.381904 28.690981 0.000000
6786 100.000000 56.215141 36.582728
13240 100.000000 57.605754 32.976441
4755 58.326836 61.049026 100.000000
2960 58.299154 62.049870 100.000000
4608 55.817315 61.887955 100.000000
5001 3.906911 100.000000 91.318627
3930 8.509229 100.000000 89.293879
3931 7.739166 100.000000 86.149873
3979 13.548777 15.534417 0.000000
6653 13.507681 16.693017 0.000000
169 21.580004 0.000000 86.142534
167 20.004177 0.000000 83.842674
168 23.214704 0.000000 82.631269
1848 0.000000 75.591184 85.492030
1849 0.000000 77.232670 78.987878
130 0.000000 74.882841 81.088127
3547 0.000000 97.216411 38.434822
10510 0.000000 94.496358 38.706630
363 0.000000 94.552297 44.465434
5772 100.000000 46.753247 100.000000
558 0.000000 54.249078 63.739830
392 0.000000 54.903642 69.961724
6289 85.910248 4.162428 100.000000
2562 89.403177 5.433411 100.000000
6939 85.753209 5.783876 100.000000
7497 98.021002 40.440372 0.000000
9399 44.957727 0.000000 75.668831
4750 43.177349 0.000000 78.060339
1475 0.000000 3.516378 49.647919
6065 0.000000 3.336931 46.384900
727 0.000000 11.572292 64.673039
728 0.000000 11.165603 61.625718
3456 28.539037 80.899840 100.000000
3457 25.686762 80.534763 100.000000
3455 28.104468 79.466280 100.000000
5213 100.000000 79.307304 77.168555
2139 0.000000 69.133701 92.607937
10546 9.832758 37.170260 0.000000
7237 78.946708 49.007500 100.000000
6573 81.543225 47.681451 100.000000
7063 81.766551 48.897571 100.000000
2641 0.000000 82.738361 20.717708
2556 0.000000 82.141597 24.627955
4243 0.000000 83.576108 23.499040
4054 100.000000 88.406808 53.366104
5662 100.000000 89.690288 50.647939
4357 84.650961 29.060230 0.000000
4539 35.846151 96.705410 0.000000
4541 35.840823 98.464540 0.000000
10749 37.908982 97.332011 0.000000
5134 69.828016 0.000000 3.685236
10284 0.000000 90.013097 42.421241
4987 0.000000 87.371770 47.350437
2624 100.000000 92.187500 0.000000
4631 100.000000 90.625000 0.000000
5095 50.520750 87.525124 100.000000
5094 48.561063 86.627621 100.000000
9580 82.605533 0.000000 85.987709
10459 81.792921 0.000000 83.091669
9147 100.000000 79.752781 56.795976
4176 100.000000 80.199044 59.671769
849 50.256564 0.000000 15.014776
848 47.633521 0.000000 14.954306
10160 89.362824 49.866414 100.000000
10381 91.914777 49.261262 100.000000
8538 44.777566 45.929411 100.000000
2344 44.402764 43.911671 100.000000
10770 50.025036 44.465643 100.000000
2414 71.171388 71.422757 100.000000
3144 69.038271 72.262533 100.000000
8094 8.857793 69.524859 100.000000
2126 6.025008 70.279113 100.000000
4718 0.000000 39.915858 35.470136
2149 0.000000 40.147250 40.373925
9440 36.651136 90.526807 0.000000
3552 38.905882 44.335129 0.000000
9038 12.974281 0.000000 8.030461
8753 13.393220 0.000000 12.824150
674 100.000000 0.000000 84.615385
7407 95.669838 0.000000 80.257266
7406 97.175090 0.000000 78.523329
2447 0.000000 18.914455 36.343763
2599 0.000000 18.113258 35.964021
9565 0.000000 18.009974 38.328157
8501 95.104383 74.926456 0.000000
8500 95.833240 76.259459 0.000000
5318 97.761350 74.848838 0.000000
10119 100.000000 22.906089 10.878876
5355 100.000000 21.908300 13.122175
764 0.000000 22.113972 90.110884
2539 0.000000 23.770459 86.455628
10263 0.000000 21.974378 84.753112
9678 98.050974 8.610964 0.000000
1397 96.082086 9.432051 0.000000
7836 100.000000 85.118424 84.292400
5972 100.000000 85.587065 86.699758
125 100.000000 84.300415 87.350536
7358 0.000000 50.808268 55.647243
2368 21.102373 17.968918 0.000000
2366 19.456142 17.660982 0.000000
7034 100.000000 91.094784 24.255202
7035 100.000000 91.599912 26.739719
3727 100.000000 90.062402 28.063784
2945 0.000000 9.564564 58.608514
4521 0.000000 10.597065 55.235013
2427 0.000000 9.350611 54.603297
4820 25.749811 15.788163 0.000000
4819 26.915659 16.572384 0.000000
2465 100.000000 0.000000 11.538462
13138 98.520225 0.000000 7.084526
9262 97.775348 0.000000 3.555149
13145 99.027371 0.000000 3.342389
13139 99.064589 0.000000 5.104105
2994 12.302462 25.320589 100.000000
2995 10.898516 23.909394 100.000000
7862 40.609003 100.000000 76.794967
8411 43.786750 100.000000 75.965134
7167 42.225761 100.000000 74.091530
9850 55.985354 69.319654 100.000000
9628 58.424297 68.666942 100.000000
2584 58.214142 69.943156 100.000000
9 0.000000 87.319591 17.835418
6725 0.000000 87.474825 16.640016
6346 0.000000 86.953618 16.719398
8179 33.939033 59.487419 0.000000
8182 91.638544 95.519042 0.000000
7033 87.701187 96.324182 0.000000
8183 89.738191 97.532445 0.000000
8294 82.863586 100.000000 21.667060
5959 85.822074 100.000000 19.832690
8293 83.986994 100.000000 17.966981
4870 100.000000 7.066632 69.567097
4869 100.000000 7.852658 71.285165
4382 100.000000 6.961515 72.405531
5200 73.853203 100.000000 24.309235
749 76.181239 100.000000 24.602440
5198 75.753427 100.000000 21.978738
8509 37.583845 65.537260 100.000000
8405 39.816520 66.883220 100.000000
8166 36.639754 67.266226 100.000000
9558 54.193499 40.599884 0.000000
8082 56.217960 39.657096 0.000000
1277 100.000000 84.273503 69.035341
1278 100.000000 85.306487 68.742385
6775 42.772708 0.000000 63.831720
4373 100.000000 53.552473 69.862648
2002 100.000000 52.294461 70.184829
3625 100.000000 53.580343 65.507766
2172 61.072853 100.000000 49.016608
247 59.727917 100.000000 51.328992
2171 61.981855 100.000000 51.068237
2726 96.874345 100.000000 43.929192
8543 100.000000 100.000000 44.444444
2724 98.249611 100.000000 40.543281
737 100.000000 29.200074 81.536835
4726 10.404552 100.000000 57.536063
10089 8.956185 100.000000 61.546511
9952 12.216709 100.000000 60.114711
8943 30.618865 13.289453 0.000000
1095 29.697986 14.091434 0.000000
1097 31.386463 14.184520 0.000000
10537 52.397104 0.000000 86.750690
10710 51.883606 0.000000 83.622553
8889 55.153363 0.000000 85.227828
2038 100.000000 17.187500 0.000000
5275 97.415987 17.518610 0.000000
8610 44.610489 0.000000 32.898444
5834 46.207628 0.000000 30.514966
827 19.363238 66.864498 0.000000
828 17.481327 68.220240 0.000000
710 22.248606 67.874464 0.000000
4810 84.143935 0.000000 45.917413
4811 86.198816 0.000000 45.702626
2204 86.353784 0.000000 50.309203
5787 0.000000 41.553681 75.007116
6578 0.000000 41.574020 67.825920
9364 0.000000 39.288743 74.157069
2311 48.033210 16.399168 0.000000
6138 48.448662 17.558477 0.000000
5771 4.379095 17.739371 0.000000
8532 4.120925 16.612589 0.000000
6641 0.000000 95.858710 93.857217
3876 19.659927 100.000000 36.988749
6616 22.670052 100.000000 36.488124
6615 21.942076 100.000000 33.144964
6419 82.771006 40.228101 0.000000
7972 85.833153 41.209208 0.000000
5270 0.000000 14.955610 32.853730
4770 0.000000 9.627313 33.642649
9777 78.688256 90.454244 0.000000
6026 79.607618 92.016316 0.000000
10196 82.772458 90.201602 0.000000
664 100.000000 71.209316 11.436463
7693 100.000000 3.239260 63.459503
4683 100.000000 3.816616 65.291608
7758 100.000000 2.882787 66.235234
7715 97.063881 16.898058 100.000000
5295 100.000000 15.584416 100.000000
7968 100.000000 86.756301 5.324734
2975 57.815606 79.886830 100.000000
2974 55.430791 80.357332 100.000000
5589 55.742916 79.229509 100.000000
1679 4.477034 11.133642 100.000000
1680 4.188286 12.806668 100.000000
5833 54.478089 100.000000 15.828337
5803 52.694691 100.000000 17.769141
1800 0.000000 10.937500 0.000000
3683 0.898515 12.265423 0.000000
7875 1.276466 10.635337 0.000000
6260 0.000000 46.880863 95.007022
6259 0.000000 45.000000 100.000000
10204 0.000000 46.666667 100.000000
6131 58.133501 66.126962 100.000000
12822 0.000000 96.238783 96.915550
12823 0.000000 97.207966 96.780990
7473 100.000000 100.000000 81.481481
10282 100.000000 100.000000 85.185185
8093 100.000000 99.205861 82.603528
9181 45.757995 6.556479 0.000000
5496 47.538124 6.280459 0.000000
7427 92.057495 15.669906 100.000000
6679 74.636743 19.217218 0.000000
6806 74.247059 17.931486 0.000000
8013 72.344236 0.000000 86.107208
7606 73.197723 0.000000 83.138647
9055 75.614754 0.000000 86.216407
44 51.394544 67.524906 100.000000
2776 49.468539 68.470920 100.000000
299 100.000000 75.472544 42.325069
7379 0.000000 25.640233 25.852525
7378 0.000000 25.353854 23.782802
2473 0.000000 24.646406 26.534735
8683 40.675438 86.576338 100.000000
8684 38.278218 87.025865 100.000000
3392 91.171941 63.990648 100.000000
3393 93.054756 64.376899 100.000000
3394 91.315385 65.065380 100.000000
6969 100.000000 15.081431 14.207730
150 100.000000 15.987422 12.890581
3177 100.000000 16.072847 15.279614
8981 45.122734 59.564436 100.000000
5931 41.950159 59.232283 100.000000
5679 44.693470 58.144494 100.000000
10069 58.172990 79.792085 0.000000
7020 56.864012 81.671718 0.000000
2043 60.648762 80.860789 0.000000
3936 20.206145 8.193358 0.000000
3934 21.683440 8.168023 0.000000
3935 20.544748 7.152438 0.000000
5556 69.387142 0.000000 29.886049
3637 66.446286 0.000000 29.917677
2065 66.477274 0.000000 24.172341
1012 100.000000 81.151322 26.435391
6332 60.110267 73.668134 0.000000
3906 31.310488 15.992339 0.000000
10124 32.195750 16.792986 0.000000
3585 33.093789 16.010752 0.000000
3322 32.432585 91.276277 0.000000
9978 71.098693 55.081561 0.000000
5938 56.909857 100.000000 28.400862
2604 55.177634 100.000000 30.749400
3067 0.000000 91.128632 18.009314
10756 0.000000 91.095108 15.768444
3065 0.000000 90.232071 17.266687
3905 60.096510 14.122657 0.000000
3904 58.128320 14.198802 0.000000
935 23.141140 32.752260 100.000000
936 29.136371 34.146449 100.000000
10516 20.689655 100.000000 100.000000
5858 18.827004 100.000000 98.224447
10635 17.241379 100.000000 100.000000
3371 0.000000 25.195412 28.307372
9612 0.000000 23.974222 29.531671
4412 0.000000 24.715001 30.684363
5752 66.351384 85.516797 100.000000
10470 64.411420 85.150368 100.000000
601 65.882808 84.478061 100.000000
698 4.889688 84.002983 100.000000
696 4.268023 82.672526 100.000000
3626 100.000000 50.720155 90.563617
3627 100.000000 49.129945 91.164914
1464 66.959174 82.629724 100.000000
602 67.577701 83.699448 100.000000
7799 2.961696 49.344251 0.000000
10062 5.514969 47.340063 0.000000
4884 58.538970 5.202861 0.000000
313 56.461855 4.995969 0.000000
315 57.061576 6.038129 0.000000
5584 0.000000 38.511440 21.851218
5765 0.000000 37.189921 26.233868
3107 25.103662 0.000000 30.674980
9768 85.069649 14.921305 0.000000
6564 82.780650 15.594120 0.000000
2499 85.254897 16.292477 0.000000
13379 48.252638 100.000000 19.246555
13380 48.784934 100.000000 20.591114
3632 46.649520 100.000000 18.681865
13378 48.417317 100.000000 16.923586
1784 0.000000 44.003673 13.827144
5693 100.000000 29.365634 26.229003
5163 100.000000 28.905578 23.961912
1317 100.000000 30.230699 22.740074
1011 100.000000 79.741125 29.331519
7388 100.000000 78.517374 28.602522
9405 0.000000 5.222739 35.537217
3180 0.000000 80.670049 72.411522
2014 95.667667 0.000000 73.842911
10298 93.622225 0.000000 75.022328
8999 0.000000 86.556380 13.985807
6345 0.000000 86.112257 16.251371
96 0.000000 28.125000 0.000000
95 1.151130 28.389187 0.000000
2629 22.182768 0.000000 5.153344
7023 24.285202 0.000000 5.119343
7415 22.998110 0.000000 10.923513
1093 79.851907 100.000000 50.952654
7780 10.429949 62.192410 100.000000
9798 13.089854 62.586053 100.000000
9049 11.555935 63.533877 100.000000
1909 12.826821 65.427747 0.000000
943 100.000000 51.461516 95.689549
609 45.032093 100.000000 69.803360
6799 47.557143 100.000000 70.214214
7665 65.269292 3.067855 0.000000
8265 63.374900 2.814592 0.000000
5473 63.641625 3.856825 0.000000
8712 0.000000 0.996380 59.421190
10471 71.228283 0.000000 52.985999
351 82.182334 24.729427 100.000000
9169 85.613142 23.644875 100.000000
9929 86.396035 24.969288 100.000000
5320 100.000000 75.000000 0.000000
5319 98.166145 76.041723 0.000000
10395 68.784667 18.631119 0.000000
9867 67.973764 19.701378 0.000000
10514 70.483455 19.586929 0.000000
5187 3.725211 100.000000 87.089924
3982 28.758829 17.889902 0.000000
3983 27.279341 18.520909 0.000000
3981 28.890278 19.127829 0.000000
5577 72.476162 3.152078 100.000000
8864 75.096607 4.078413 100.000000
9748 71.949687 4.521953 100.000000
3274 100.000000 8.494414 36.336062
3273 100.000000 8.720610 39.174126
3895 0.000000 84.510343 7.559930
10307 0.000000 85.711571 8.548164
5412 71.467676 78.191254 100.000000
3155 72.522049 76.903766 100.000000
4886 13.294857 90.562111 100.000000
1842 11.660893 92.257835 100.000000
6280 9.887325 91.090451 100.000000
10467 9.081297 27.330857 100.000000
4138 5.176438 29.469460 100.000000
4137 4.120786 28.068135 100.000000
10217 100.000000 42.750353 73.161919
950 64.915050 41.838451 0.000000
3288 9.791326 67.243956 100.000000
5692 8.531204 68.251238 100.000000
9362 71.188446 35.342411 0.000000
2842 8.914609 10.821254 0.000000
3202 22.038913 72.176541 100.000000
3203 24.170887 72.341847 100.000000
3204 22.495428 73.018730 100.000000
6396 100.000000 27.316692 20.259501
1939 100.000000 28.182093 17.435320
1325 70.619998 52.725098 100.000000
526 70.597340 51.544023 100.000000
1212 42.812998 100.000000 84.339057
3378 45.608450 100.000000 82.858377
2032 43.870630 100.000000 81.243232
9212 0.000000 5.336990 40.119312
6637 0.000000 5.670255 37.411097
4804 44.159519 18.840902 0.000000
5732 43.151800 19.861806 0.000000
8588 95.765859 96.033456 0.000000
12962 98.011908 95.524024 0.000000
12963 97.277663 94.885995 0.000000
9603 96.704340 96.980191 0.000000
8222 24.854998 0.000000 35.546380
4040 22.445095 0.000000 38.594454
3318 22.561429 0.000000 33.972930
4487 100.000000 76.477760 63.360034
4486 100.000000 75.225518 66.072297
8566 100.000000 75.338130 62.768058
3239 72.348065 56.160338 100.000000
5652 71.421766 55.154808 100.000000
1850 78.018916 76.649362 100.000000
3260 80.479257 77.333165 100.000000
3259 78.288630 77.997807 100.000000
3582 21.095787 8.871839 0.000000
3583 19.901535 9.094732 0.000000
1159 14.496733 24.160551 0.000000
3611 13.414082 25.010293 0.000000
1042 0.000000 14.745664 43.530944
893 0.000000 15.941105 42.063737
3599 0.000000 15.228088 40.209427
4272 25.066511 10.882344 100.000000
8484 28.617544 9.368712 100.000000
6808 36.164269 80.987449 100.000000
6809 34.128713 81.764211 100.000000
8357 80.478279 55.733483 100.000000
8476 57.944749 4.166077 0.000000
560 98.148571 14.589133 0.000000
733 87.296302 17.915718 100.000000
1155 89.744395 16.739579 100.000000
4278 57.460007 63.442398 0.000000
6850 24.915989 100.000000 61.474151
3237 24.340313 100.000000 64.117323
6851 26.681889 100.000000 62.860747
5743 73.937679 94.335082 0.000000
1916 70.393180 95.068269 0.000000
9451 3.818218 15.884196 100.000000
9648 6.095054 13.866698 100.000000
9227 8.379188 15.278926 100.000000
8028 100.000000 33.044046 91.184284
3596 100.000000 31.168831 100.000000
3760 100.000000 11.051563 4.720594
3762 100.000000 11.943260 2.343171
6167 100.000000 12.826138 4.590457
1353 13.959828 84.483966 0.000000
2019 0.000000 22.146016 39.681871
7118 0.000000 23.093104 39.994973
7131 0.000000 23.019637 37.378423
2169 64.093274 100.000000 44.729952
4265 66.081151 100.000000 44.759757
4599 65.388971 100.000000 43.144340
7011 36.127896 100.000000 96.068202
7010 37.769976 100.000000 97.656424
969 39.593552 100.000000 94.901830
5672 0.000000 51.666667 100.000000
5673 4.675269 51.466387 100.000000
4925 14.755771 0.000000 73.574570
2127 14.265218 0.000000 77.211595
1394 11.740500 0.000000 76.042790
7676 80.577204 78.541809 100.000000
7675 78.270875 79.382423 100.000000
9907 27.811264 24.035118 100.000000
4309 20.963353 24.987500 100.000000
8668 24.985650 22.636941 100.000000
3429 71.939738 3.786139 0.000000
10103 73.150825 4.505091 0.000000
7182 73.758806 3.401355 0.000000
6881 33.784184 70.836557 0.000000
4193 31.109011 72.466823 0.000000
4192 35.603149 72.837918 0.000000
1852 75.121762 76.675496 100.000000
3623 76.290583 75.520655 100.000000
6143 46.734633 100.000000 28.632555
4877 44.535334 100.000000 27.016104
10736 43.703852 100.000000 30.428247
873 73.362176 0.000000 92.285008
875 73.025404 0.000000 89.457595
5254 76.026966 0.000000 91.779446
2308 2.979132 14.318022 100.000000
8447 33.147441 23.832703 0.000000
336 100.000000 24.675325 100.000000
335 100.000000 23.376623 100.000000
6052 0.000000 9.480828 18.074404
7631 0.000000 9.627999 21.079426
8838 64.325262 6.016011 0.000000
7655 72.741280 100.000000 4.321956
9646 0.000000 27.980654 26.712356
3370 0.000000 26.515348 26.944410
8107 0.000000 86.949737 27.278366
4224 0.000000 87.236275 29.035762
1023 0.000000 87.694294 26.755735
10632 100.000000 4.162750 43.440407
9315 100.000000 4.404721 41.787093
9673 100.000000 4.785389 43.904536
9300 100.000000 99.050766 79.152975
3997 100.000000 97.973071 78.717541
10303 100.000000 98.535716 75.744394
464 9.128463 49.621919 0.000000
1106 0.000000 13.987997 2.114349
3682 0.000000 14.062500 0.000000
4421 20.060000 39.186050 100.000000
10589 14.353475 41.234836 100.000000
5555 72.259521 0.000000 29.918652
2067 69.735516 0.000000 25.269131
2510 72.232280 0.000000 25.276910
4196 100.000000 35.089974 10.135876
4015 53.824862 100.000000 7.243930
1490 51.438256 100.000000 9.827593
9826 59.122241 97.208830 0.000000
5352 61.341285 97.219861 0.000000
5353 61.607281 95.711728 0.000000
9432 25.024116 53.952259 100.000000
1423 20.854454 55.152862 100.000000
10612 19.259647 53.419138 100.000000
3454 100.000000 0.000000 46.153846
13406 100.000000 0.277523 45.735095
3452 100.000000 0.000000 50.000000
1995 100.000000 0.831829 46.453295
13407 100.000000 0.555786 43.760640
4651 85.978312 74.690988 0.000000
8304 63.750340 0.000000 51.131617
8305 63.887389 0.000000 47.177150
8303 66.300691 0.000000 50.539971
43 69.253406 82.942894 100.000000
1774 29.408242 100.000000 97.384873
5452 68.749934 100.000000 49.753496
3303 70.781564 100.000000 49.747858
6810 4.911668 33.305375 0.000000
6079 2.711701 33.688292 0.000000
3386 30.054312 40.001552 0.000000
314 54.971063 5.789800 0.000000
8207 71.482174 0.000000 8.742799
6178 72.297314 0.000000 13.985344
6179 69.799854 0.000000 11.238470
8810 100.000000 56.780420 59.488766
277 100.000000 58.431032 54.390994
10443 100.000000 58.372157 59.190120
6726 0.000000 87.737193 17.217165
4262 0.000000 87.856812 16.390012
3498 34.907430 15.977058 0.000000
8272 34.019302 17.109166 0.000000
9501 66.875094 66.804811 100.000000
8533 68.920327 66.205821 100.000000
9033 68.843486 67.387454 100.000000
6093 90.055047 90.261745 100.000000
6094 91.130362 91.600732 100.000000
3423 87.738479 91.273660 100.000000
1616 100.000000 61.906703 39.997275
7217 100.000000 61.690274 45.096429
9780 100.000000 60.237942 44.439420
7759 100.000000 3.421479 68.925703
3372 0.000000 25.681259 30.296530
6560 61.107903 95.351754 100.000000
6688 61.775052 96.535126 100.000000
6687 58.544156 95.747029 100.000000
3577 41.822441 100.000000 8.949597
7008 40.480066 100.000000 4.937914
3578 38.570591 100.000000 9.940634
2110 93.041868 20.644191 0.000000
2112 95.630959 21.394091 0.000000
4348 95.375313 19.916758 0.000000
9404 34.210125 53.002439 100.000000
10276 30.586629 54.167465 100.000000
1934 29.532339 52.039494 100.000000
7150 100.000000 78.217627 12.866113
4166 0.000000 93.715750 65.939651
1082 0.000000 94.892536 67.541782
8611 0.000000 10.803935 13.813580
8612 0.000000 9.698110 13.861611
12909 96.226761 0.000000 98.024813
8698 92.987736 0.000000 96.424666
360 77.676544 100.000000 17.206513
359 77.831909 100.000000 14.465847
517 100.000000 18.151591 19.513504
516 100.000000 17.934072 17.395078
3225 100.000000 18.951078 17.422201
2495 68.447782 53.429261 100.000000
2496 70.303440 54.070160 100.000000
7663 0.000000 23.885388 32.464068
9180 0.000000 35.605222 83.066090
851 0.000000 35.026571 78.208434
878 0.000000 33.613291 84.002638
5140 3.785217 76.801796 0.000000
5138 6.814848 78.550905 0.000000
545 1.903609 88.117319 0.000000
1068 29.723282 1.789911 0.000000
1118 29.599970 0.919277 0.000000
1119 28.179813 1.600649 0.000000
1851 76.336414 77.532757 100.000000
4150 0.000000 9.310172 9.123940
4151 0.000000 8.434002 6.709010
4152 0.000000 8.127042 9.483163
9177 8.998927 81.520144 0.000000
2319 100.000000 60.074962 49.568139
9968 100.000000 59.983130 54.389392
5081 0.000000 28.222071 15.089713
3480 0.000000 29.151420 16.559478
10453 0.000000 29.717794 12.747717
7884 55.073232 100.000000 40.384223
8635 56.147664 100.000000 41.903538
2098 54.864537 81.484409 100.000000
0 52.270181 81.887710 100.000000
3432 53.031292 80.711043 100.000000
2214 0.000000 39.391440 31.603467
3485 0.000000 38.169580 36.512639
8885 100.000000 17.318087 79.804226
6082 100.000000 16.516918 47.281057
3304 100.000000 67.532468 100.000000
3361 100.000000 67.199878 97.511563
3362 100.000000 68.459251 97.168642
6467 67.563208 0.000000 71.427004
8217 63.814767 0.000000 69.115241
9830 89.374173 100.000000 14.848729
9355 88.183954 100.000000 12.579484
8993 86.831695 100.000000 16.275906
10610 0.000000 31.855614 22.488989
4226 0.000000 33.303316 21.774483
9078 0.000000 32.873855 19.067232
5923 31.819808 0.000000 5.679184
8968 33.696949 0.000000 2.789766
5924 34.372572 0.000000 6.075698
3942 72.944733 19.994265 0.000000
2925 73.810756 21.253097 0.000000
2669 74.823052 20.277313 0.000000
5873 100.000000 93.523963 81.284245
5872 100.000000 93.807089 83.842961
8482 100.000000 92.849643 83.590630
9902 100.000000 13.799900 70.574684
9372 100.000000 12.699676 70.463492
9900 100.000000 13.333418 67.437223
4748 40.342966 0.000000 79.561868
4749 40.315028 0.000000 76.653262
5824 47.435567 55.570876 100.000000
8369 44.055732 55.036967 100.000000
1923 47.228328 54.125298 100.000000
10559 76.368998 100.000000 10.513208
10540 78.853900 100.000000 8.946465
427 76.928970 100.000000 8.048241
3834 0.000000 21.618188 3.378629
4126 0.000000 22.833405 5.448965
12824 0.000000 23.288206 2.259054
12825 0.000000 24.223733 2.986386
4829 94.389549 48.770505 100.000000
4530 95.989807 47.251246 100.000000
4830 96.500099 48.339330 100.000000
9327 67.998564 88.673107 100.000000
9326 69.657807 87.995041 100.000000
9330 70.007670 88.859716 100.000000
3017 61.263556 18.922257 0.000000
9708 59.298154 18.916434 0.000000
3089 60.251696 19.927414 0.000000
6401 17.030213 14.153127 100.000000
9750 19.999043 15.434248 100.000000
2564 15.390211 16.543759 100.000000
10170 17.989964 10.359330 0.000000
8752 18.376996 9.270091 0.000000
7569 16.703667 9.395517 0.000000
8439 40.936585 27.688224 0.000000
7586 31.789721 100.000000 81.411031
6460 33.296187 100.000000 83.311709
8423 35.131103 100.000000 80.437527
1184 80.173531 72.559052 0.000000
1883 77.953413 74.373057 0.000000
4022 81.788327 73.830071 0.000000
7090 30.047147 0.000000 96.835430
4952 30.000000 0.000000 100.000000
4923 48.499192 100.000000 61.964994
80 49.486958 100.000000 59.266752
2699 96.608584 82.851878 100.000000
4393 94.751837 82.676161 100.000000
1454 96.231221 81.895123 100.000000
6925 9.653652 1.359697 0.000000
8248 11.696394 1.270947 0.000000
6729 51.314816 6.243093 0.000000
614 49.448024 7.055424 0.000000
613 51.871147 7.356590 0.000000
481 13.641425 31.013836 0.000000
4377 11.463416 31.608534 0.000000
6414 12.952280 32.449471 0.000000
7444 100.000000 43.581331 62.136766
9007 100.000000 40.804555 72.897408
8505 33.706339 22.711299 0.000000
10545 100.000000 28.253249 12.275800
3754 100.000000 29.667028 12.388774
1941 100.000000 28.308869 14.956929
2239 88.278210 34.037883 0.000000
2209 88.616642 32.746234 0.000000
2208 85.766471 32.932602 0.000000
6121 61.457069 0.000000 47.867439
4583 86.411748 98.405689 0.000000
8697 100.000000 29.077026 3.804455
12979 100.000000 30.101467 2.066391
5154 51.372315 71.276868 0.000000
8347 44.927762 52.193149 100.000000
1921 44.254483 53.583570 100.000000
9834 41.329248 52.853132 100.000000
1078 81.990150 62.210454 100.000000
2170 63.865881 100.000000 42.575556
4324 63.966405 100.000000 40.266425
4728 61.995119 100.000000 41.809237
3095 81.921203 41.500755 100.000000
3097 87.829010 39.561610 100.000000
2900 0.000000 21.821707 72.736794
1402 10.189960 22.231699 100.000000
2412 5.587568 24.342634 100.000000
331 67.813834 0.000000 90.632359
874 70.459547 0.000000 90.050547
10624 70.651403 0.000000 92.769996
9908 0.000000 87.329558 15.774163
6344 0.000000 86.911352 15.293290
7140 76.932986 80.638815 100.000000
9091 75.470225 79.664985 100.000000
7549 100.000000 100.000000 40.740741
8169 100.000000 100.000000 37.037037
5343 95.097254 64.979763 100.000000
13336 96.820807 65.399288 100.000000
13356 95.733307 65.757730 100.000000
5075 70.073680 46.699166 100.000000
293 68.809556 45.612980 100.000000
4991 72.551133 45.269705 100.000000
8000 84.848438 10.520681 0.000000
7998 83.928896 9.576000 0.000000
7999 83.322872 10.451875 0.000000
9089 100.000000 68.750000 0.000000
3046 100.000000 67.187500 0.000000
5364 53.705226 30.898492 0.000000
2337 55.656344 30.068579 0.000000
4579 53.669484 29.749960 0.000000
7292 69.551303 75.768533 100.000000
158 52.324438 100.000000 27.816870
2074 52.682463 100.000000 30.759634
6593 54.662609 100.000000 28.147885
4232 100.000000 19.960906 24.757255
2707 23.994473 16.449234 0.000000
2593 81.075321 59.774887 100.000000
137 82.933338 59.390898 100.000000
4666 100.000000 3.372713 26.694216
5392 100.000000 8.492859 26.550465
5393 100.000000 8.718310 24.300642
5394 100.000000 9.263699 26.641570
9253 75.761271 84.631508 100.000000
9924 73.510340 85.461887 100.000000
948 72.855655 84.042230 100.000000
4101 37.233277 100.000000 77.005875
8422 38.566681 100.000000 79.798800
8196 33.333333 0.000000 0.000000
6126 31.527397 0.000000 1.923189
13315 54.786177 0.000000 74.866499
3937 55.604177 0.000000 72.807121
13316 53.700789 0.000000 73.106142
5215 57.183329 0.000000 76.012231
6887 100.000000 85.501861 21.239388
6889 100.000000 84.922680 18.144946
6975 100.000000 86.503589 17.719681
4045 0.000000 1.667423 34.993352
3744 0.000000 2.242706 35.797975
3743 0.000000 2.015521 32.564213
9536 96.869054 40.839626 100.000000
2996 100.000000 40.259740 100.000000
791 100.000000 13.851544 19.956940
789 100.000000 12.930217 20.585021
790 100.000000 13.095443 18.400919
10538 67.183572 100.000000 48.629410
13381 48.689385 100.000000 32.341252
13382 48.316929 100.000000 34.229236
6758 28.196986 17.169693 100.000000
5287 30.516996 18.474792 100.000000
6759 25.397745 19.196522 100.000000
2547 56.198181 26.927215 0.000000
2549 56.649509 25.742435 0.000000
7389 54.370983 26.409447 0.000000
4124 0.000000 24.706001 5.045201
6392 0.000000 63.836935 92.001107
6097 91.110623 77.182258 100.000000
8572 61.129794 54.970282 100.000000
2658 59.014115 56.090076 100.000000
3990 71.290519 68.085900 100.000000
7192 68.405821 68.642441 100.000000
9299 30.483315 78.537046 100.000000
7249 26.758005 65.422000 100.000000
7680 22.972845 66.113450 100.000000
7681 22.935745 64.401302 100.000000
7374 59.976536 52.181176 100.000000
3890 57.067040 53.591516 100.000000
2686 56.278131 52.364018 100.000000
2004 0.000000 86.773781 7.323062
4815 90.317513 100.000000 97.681169
5212 100.000000 78.211398 79.172699
6605 100.000000 78.366210 76.508800
2990 91.363363 53.354839 0.000000
5689 96.099974 53.617259 0.000000
5037 68.737841 100.000000 31.798805
5297 69.447014 100.000000 34.268166
10015 71.166125 100.000000 31.747335
8134 3.083035 29.723077 0.000000
6536 1.675673 31.196678 0.000000
8135 3.547164 31.057014 0.000000
748 100.000000 2.368877 4.343031
746 100.000000 2.932586 7.078644
6527 0.000000 61.315550 17.612037
6543 0.000000 59.383906 23.587273
9388 100.000000 1.562500 0.000000
10257 98.739673 2.342482 0.000000
3917 100.000000 3.125000 0.000000
6739 39.313006 17.837844 0.000000
7996 37.625831 17.483843 0.000000
3798 37.771222 18.758659 0.000000
8657 92.499520 0.000000 28.856460
3040 90.606115 0.000000 21.585219
9171 52.500164 76.274306 100.000000
5151 89.922104 28.113727 0.000000
6831 89.345258 29.355101 0.000000
542 91.810216 29.114077 0.000000
8393 0.000000 41.259238 11.747976
10678 0.000000 41.936417 15.152872
6186 57.519848 68.612997 0.000000
7187 53.087800 69.138676 0.000000
5755 20.302723 12.484807 0.000000
2578 22.061569 12.663937 0.000000
7203 21.299754 11.632186 0.000000
8315 0.000000 18.425898 6.122568
3833 0.000000 19.903127 5.124339
756 0.000000 18.925543 3.669575
317 0.000000 31.666667 100.000000
316 0.000000 33.333333 100.000000
1727 51.040191 100.000000 89.515122
2507 53.264086 100.000000 90.181596
9611 53.649447 100.000000 87.905492
3787 100.000000 88.683766 82.213902
3789 100.000000 88.032752 80.748573
4816 100.000000 88.961916 79.002558
5006 0.000000 5.805077 58.358920
4834 92.491858 68.111383 100.000000
8616 100.000000 87.845373 20.305723
6974 100.000000 86.817773 20.019520
9670 100.000000 87.852069 17.295807
5535 34.406296 14.832620 100.000000
2740 37.990304 15.439102 100.000000
5288 32.886893 16.487578 100.000000
6073 100.000000 73.931198 3.537337
1178 100.000000 73.014304 6.221565
10336 0.000000 97.525295 42.764320
9002 0.000000 97.768943 46.834726
4612 0.000000 100.000000 41.666667
9288 0.000000 15.572138 7.502053
10050 0.000000 16.115454 4.854501
2334 0.000000 14.550867 5.201238
4730 0.000000 21.719881 9.122461
3784 63.151705 0.000000 81.066374
6240 64.954756 0.000000 79.223177
6311 66.624798 0.000000 81.870507
7529 45.008099 100.000000 35.159280
7530 45.506987 100.000000 32.120017
3141 43.014028 100.000000 33.880862
5709 0.000000 96.724515 33.839211
3546 0.000000 100.000000 33.333333
2697 98.045813 83.544384 100.000000
2698 95.864481 83.737043 100.000000
5753 24.638158 8.631880 0.000000
6711 58.930326 93.139647 0.000000
8744 57.035433 94.738049 0.000000
6709 60.177097 94.354387 0.000000
9367 0.000000 7.991983 92.540044
6360 0.000000 9.137752 88.361871
6359 0.000000 7.198271 89.904820
5794 0.000000 94.081371 18.375411
2194 0.000000 93.338353 16.639305
9948 0.000000 93.077825 19.845129
2515 76.240764 85.905744 100.000000
4065 74.943692 8.167422 0.000000
3601 76.388262 7.343686 0.000000
4066 74.592353 6.922321 0.000000
518 100.000000 17.129976 18.780583
149 100.000000 17.081351 13.805401
3216 36.057786 0.000000 12.667026
1987 34.819643 0.000000 15.743068
6048 26.843088 0.000000 43.896346
1694 28.158268 0.000000 39.986505
4112 35.260565 100.000000 36.554770
2620 38.113000 100.000000 35.992385
10357 37.181411 100.000000 33.123991
461 17.878358 27.549155 100.000000
4906 14.693133 26.417861 100.000000
7017 7.649272 45.472673 0.000000
2523 6.779690 44.135394 0.000000
10270 34.087484 100.000000 70.494232
3525 73.222650 11.336367 0.000000
3524 71.241817 11.537447 0.000000
9023 72.576679 12.450917 0.000000
8916 100.000000 14.550093 2.642630
4502 100.000000 13.491049 2.578779
12982 100.000000 14.164649 1.610295
2039 100.000000 15.769443 3.274564
12981 100.000000 15.041991 1.474311
13020 100.000000 16.080259 1.318377
3301 72.185968 100.000000 50.910570
3302 72.408567 100.000000 48.491112
262 72.616528 100.000000 89.124712
263 69.004377 100.000000 87.889164
5658 100.000000 63.855933 86.970726
7489 100.000000 62.650228 86.589257
5659 100.000000 64.122861 83.543934
9503 71.332783 86.269785 100.000000
7046 0.000000 68.465600 50.769401
1917 66.997429 95.839741 0.000000
1918 68.813315 96.960156 0.000000
10244 100.000000 77.364927 3.440334
10131 100.000000 78.125000 0.000000
5863 100.000000 79.072708 2.838598
10099 63.857993 29.493971 100.000000
2491 63.989628 27.590965 100.000000
9195 69.589998 28.195227 100.000000
5461 100.000000 32.161356 42.809239
5943 36.266827 0.000000 86.969268
2213 33.660088 0.000000 85.020736
1982 100.000000 3.318501 82.280161
8847 100.000000 4.759230 81.270643
8113 100.000000 3.755691 85.362893
7519 0.000000 39.275959 13.995272
7518 0.000000 39.891959 17.021593
7580 23.200455 58.664516 100.000000
1254 44.568455 41.866774 100.000000
1252 39.471419 40.943701 100.000000
1253 46.259070 39.625716 100.000000
84 6.625002 98.286868 0.000000
13222 4.278019 99.114254 0.000000
372 6.060606 100.000000 0.000000
5911 10.272742 51.485900 100.000000
9927 16.346293 51.587070 100.000000
6618 35.453927 0.000000 94.749802
976 53.703548 41.958932 0.000000
9785 100.000000 89.159851 17.387253
3989 100.000000 89.167883 13.916741
6820 0.000000 65.377784 41.510239
3602 77.946284 6.737794 0.000000
1512 77.936812 5.625192 0.000000
131 76.266378 6.203541 0.000000
3559 27.535888 8.461803 0.000000
3561 25.947794 8.504641 0.000000
3928 26.994602 9.300550 0.000000
10757 90.666630 77.952090 0.000000
6123 91.594202 79.300926 0.000000
10151 93.866225 77.761265 0.000000
4362 100.000000 9.373242 14.775090
583 100.000000 10.375618 15.549139
5900 68.487291 36.226377 0.000000
5899 71.421981 36.894405 0.000000
2256 100.000000 21.196595 17.307452
3516 100.000000 20.162222 17.457098
2254 100.000000 20.964463 15.226405
1420 90.083639 8.520620 0.000000
10769 92.025937 7.854418 0.000000
3590 90.030042 7.162445 0.000000
1314 92.238619 71.558706 100.000000
13317 93.112906 70.901934 100.000000
5471 100.000000 90.156386 97.496341
5129 100.000000 89.610390 100.000000
9578 100.000000 88.872106 97.780042
9803 54.191315 98.203411 100.000000
9017 53.004362 99.102954 100.000000
9134 51.053665 98.240925 100.000000
3836 65.840226 100.000000 38.696756
3278 65.464381 100.000000 36.345225
4325 64.114302 100.000000 38.168006
4903 100.000000 81.597504 66.685119
12817 0.000000 64.653916 8.461131
13046 0.000000 64.523937 4.579971
12878 0.000000 63.626163 9.246732
13072 0.000000 65.267735 4.829739
2663 0.000000 32.214703 71.706003
8480 100.000000 16.278906 50.081432
183 100.000000 15.541575 51.647599
8826 100.000000 15.581115 48.816258
9767 87.022335 15.572489 0.000000
2498 87.455461 16.857063 0.000000
5551 78.712686 56.511482 100.000000
2942 76.798799 56.298735 100.000000
6970 33.146548 19.761721 100.000000
8667 27.897861 20.527319 100.000000
1463 17.238501 6.358859 100.000000
9989 20.379051 5.089487 100.000000
5314 100.000000 80.284705 47.477687
9669 100.000000 79.865862 51.177261
3529 0.000000 20.149214 9.958898
3528 0.000000 20.803526 12.221981
1595 2.893264 0.000000 58.318760
1537 0.000000 0.000000 61.538462
3038 100.000000 5.534519 11.449724
3451 78.812754 43.357602 100.000000
4989 74.995998 43.831013 100.000000
8378 77.361281 42.526709 100.000000
578 62.449705 100.000000 55.122984
6034 64.534639 100.000000 56.394827
6415 6.738565 93.214482 0.000000
7297 5.828024 91.818681 0.000000
2085 100.000000 49.264038 24.847417
4478 19.180536 2.879519 0.000000
4480 20.069656 2.155685 0.000000
3501 18.513547 1.945813 0.000000
5748 24.251881 55.721629 100.000000
433 0.000000 2.862344 33.281295
6153 0.000000 3.174851 30.462707
3996 64.215931 6.931509 100.000000
6105 65.309318 5.339383 100.000000
144 100.000000 11.880942 35.876191
9035 100.000000 12.378265 37.791247
4049 0.000000 13.113974 63.808794
1831 100.000000 98.701299 100.000000
8708 100.000000 100.000000 100.000000
13195 98.326473 98.801208 100.000000
7343 96.045514 98.781757 100.000000
7269 92.803120 98.454722 100.000000
7589 93.874714 97.569409 100.000000
7342 97.260377 97.721774 100.000000
7360 56.988711 34.892834 0.000000
8052 0.000000 84.214723 43.589591
5563 0.000000 82.321964 50.331070
6824 0.000000 84.963150 47.929527
2839 62.921896 8.725654 100.000000
2838 66.078736 9.415964 100.000000
8813 64.015478 10.483032 100.000000
10358 100.000000 49.506940 9.527889
8546 100.000000 49.372229 18.025903
7144 26.348139 61.629283 100.000000
7442 29.850061 62.401821 100.000000
7145 26.477616 63.423837 100.000000
4889 79.841669 62.979380 100.000000
7677 79.753894 61.720395 100.000000
8721 100.000000 77.559309 60.980543
5909 100.000000 76.688525 60.022516
4411 0.000000 24.838727 32.822176
4006 0.000000 30.463938 59.431728
2712 0.000000 32.272745 58.700155
9118 0.000000 31.853509 53.786362
1032 0.000000 20.025565 39.408853
1031 0.000000 19.023071 42.040042
4142 0.000000 20.189918 42.326367
3230 53.988796 7.653400 0.000000
4644 56.105160 7.991124 0.000000
5969 55.544952 6.862737 0.000000
4672 0.000000 16.347704 83.988636
3722 0.000000 17.979873 85.565284
9464 73.460374 25.671224 0.000000
6521 72.217560 24.800387 0.000000
7662 100.000000 8.974830 30.061502
6075 100.000000 8.278085 30.901529
7661 100.000000 8.344937 28.599479
5908 100.000000 78.227759 57.504871
10645 89.672579 76.675888 0.000000
8424 92.048145 75.068754 0.000000
8123 0.000000 90.128987 90.067737
1359 0.000000 61.322314 51.770120
8592 0.000000 60.666937 43.617278
3724 60.882327 7.254096 100.000000
3995 61.651257 5.644691 100.000000
5568 33.798519 3.014615 0.000000
5570 33.226880 3.915973 0.000000
8536 34.984363 3.871748 0.000000
8189 0.000000 4.774199 23.774774
8190 0.000000 4.276414 22.270986
5783 100.000000 94.458804 37.481254
5487 100.000000 95.634317 37.634772
10184 0.000000 84.728508 74.461397
9986 0.000000 82.445007 79.299642
4827 0.000000 7.494566 45.793527
5608 15.529286 8.371111 0.000000
7570 14.942493 9.458804 0.000000
5789 0.000000 92.792912 71.491266
1896 0.000000 91.511834 70.193499
1895 0.000000 90.723176 75.954362
972 13.778394 11.795384 100.000000
2896 100.000000 77.095686 31.541300
1510 48.963427 11.776918 100.000000
1511 47.832696 10.195376 100.000000
4537 27.535255 100.000000 69.781370
3616 24.536550 100.000000 71.262345
8541 26.379647 100.000000 72.861040
192 0.000000 7.847281 24.139630
4044 0.000000 7.937396 21.741283
10243 100.000000 25.000000 0.000000
6902 100.000000 94.141952 70.553310
188 100.000000 94.010091 74.006469
190 100.000000 92.890602 73.197533
189 100.000000 93.237282 75.885362
4273 21.848046 9.780327 100.000000
6823 30.271855 71.046408 100.000000
5522 29.195746 70.066157 100.000000
9470 22.816413 78.661197 0.000000
9142 18.394833 79.139151 0.000000
7 49.788774 77.188741 100.000000
8637 49.986887 75.683023 100.000000
5260 100.000000 8.003313 23.036494
2611 96.322063 61.144917 100.000000
5219 95.775538 62.099913 100.000000
8047 67.646650 73.857606 100.000000
10505 32.685841 93.777482 0.000000
3201 29.623666 95.444319 0.000000
7178 32.936189 96.056228 0.000000
7069 12.824842 100.000000 87.719969
7512 9.569253 100.000000 91.758576
8573 100.000000 82.376776 90.252347
127 100.000000 83.036056 87.860523
126 100.000000 83.398088 90.702413
6462 79.449982 40.769498 0.000000
5525 78.905311 42.384367 0.000000
6096 93.468434 76.803435 100.000000
3866 100.000000 46.875000 0.000000
1726 48.428729 100.000000 88.937131
10672 45.885688 100.000000 91.313129
2869 34.974812 100.000000 75.184345
10044 100.000000 34.262167 19.952401
7076 100.000000 35.887277 16.328815
4643 58.516731 8.401671 0.000000
8069 60.931669 8.225791 0.000000
2246 59.883521 7.277271 0.000000
4606 72.115254 96.670404 100.000000
3536 70.477243 95.634611 100.000000
4605 72.943015 95.807469 100.000000
6142 46.955046 100.000000 24.912798
2375 0.000000 17.310159 11.610995
5310 0.000000 17.869704 8.822393
5309 0.000000 16.461809 9.595462
6315 54.932581 74.396397 100.000000
10280 56.671751 74.971647 100.000000
9116 24.125515 73.532924 100.000000
3242 25.822641 72.997945 100.000000
2189 26.471495 74.104249 100.000000
10246 100.000000 6.210610 40.175645
8444 100.000000 6.131926 42.153149
6840 100.000000 5.571885 40.224954
4017 50.942186 100.000000 6.764530
1488 49.521423 100.000000 9.322517
890 74.066092 34.554383 0.000000
4529 74.428068 32.968312 0.000000
1804 87.318918 85.060972 100.000000
1389 84.983850 84.659206 100.000000
1802 86.682774 83.923224 100.000000
7071 88.308192 83.086439 100.000000
1803 89.118234 84.246161 100.000000
5725 97.977559 100.000000 46.745152
5724 100.000000 100.000000 48.148148
9431 27.892986 55.635686 100.000000
3444 29.682876 57.114397 100.000000
5749 25.736369 57.066661 100.000000
5656 100.000000 40.625000 0.000000
12983 100.000000 38.900439 5.341107
12984 100.000000 38.715667 3.263981
7829 100.000000 40.117475 5.434693
4111 100.000000 10.645853 77.048483
7776 100.000000 10.994687 74.119508
2895 100.000000 77.280161 27.689316
8244 60.105398 83.179089 100.000000
9741 57.443421 83.037424 100.000000
2923 0.000000 88.518555 12.224040
9885 0.000000 88.485646 13.915579
2619 0.000000 89.110935 13.222765
2618 0.000000 88.932694 14.834790
7355 100.000000 97.852353 70.664570
9518 0.000000 29.493128 6.793309
207 0.000000 28.862022 4.665168
961 70.239394 29.533802 0.000000
959 72.454514 30.400970 0.000000
960 72.629500 29.045230 0.000000
6433 25.791826 0.000000 77.978305
10763 34.992805 77.762234 100.000000
3188 100.000000 70.271033 71.534300
1733 45.682437 23.799752 0.000000
1734 46.753626 24.979590 0.000000
1735 48.117152 23.767230 0.000000
2850 56.909173 100.000000 59.573882
527 97.293471 64.194836 100.000000
2534 97.118470 62.831113 100.000000
13318 98.628191 63.245004 100.000000
9068 71.693051 79.441038 100.000000
1972 0.000000 36.130840 88.460007
8409 14.990415 80.708492 100.000000
4660 15.198572 82.550258 100.000000
1813 55.356775 96.152300 100.000000
3771 54.961688 97.248824 100.000000
8519 8.896363 84.740571 0.000000
1379 6.070292 83.937743 0.000000
6072 100.000000 12.014653 95.970082
5877 100.000000 11.753495 92.501171
1752 43.519396 23.700951 0.000000
7338 44.190057 24.880956 0.000000
2467 48.471089 94.602691 0.000000
2466 48.317470 95.878734 0.000000
3818 32.771183 87.032689 100.000000
3817 31.070986 88.305863 100.000000
2728 29.666472 87.251175 100.000000
3491 100.000000 0.619015 29.519198
282 90.029939 57.717200 100.000000
3402 88.788460 58.998397 100.000000
280 87.393258 58.225141 100.000000
9517 5.061153 17.374228 100.000000
1448 58.826098 48.269189 0.000000
2555 0.000000 19.351176 17.115483
4227 0.000000 19.997248 14.952016
902 18.944026 1.104898 0.000000
2965 54.283704 0.000000 58.203785
788 37.371581 13.413479 100.000000
4678 90.593004 58.953661 100.000000
5003 89.620784 59.627222 100.000000
8273 100.000000 28.074335 5.550625
2493 84.563910 0.000000 34.385958
7792 87.856961 0.000000 35.074410
1936 88.322105 0.000000 40.264753
1442 52.751712 93.946560 100.000000
7471 56.743102 93.663251 100.000000
1812 55.812706 94.921642 100.000000
5088 41.271318 91.413901 100.000000
2278 42.638041 92.397171 100.000000
8994 39.541264 92.526798 100.000000
1383 100.000000 18.571541 47.884018
752 69.871684 8.567769 0.000000
8607 68.252782 8.469973 0.000000
2017 68.488336 9.572882 0.000000
7037 87.339596 0.000000 85.115276
10584 84.795346 0.000000 85.740619
7038 83.918510 0.000000 82.380726
5617 2.976694 98.253370 100.000000
1764 92.060674 44.084364 100.000000
8801 94.286060 42.557184 100.000000
5719 0.000000 80.506924 34.222427
1665 100.000000 59.740260 100.000000
4047 100.000000 61.096179 96.511762
10544 100.000000 61.038961 100.000000
6971 100.000000 90.748475 21.612080
9320 100.000000 89.667262 25.234163
8449 100.000000 9.659989 28.978620
8450 100.000000 8.947263 28.166327
3776 65.810278 72.696070 100.000000
3775 63.099654 73.153319 100.000000
6672 78.280786 20.732508 0.000000
6671 78.701890 19.511113 0.000000
2668 76.565449 19.875861 0.000000
714 12.903431 61.372105 100.000000
1129 9.777012 60.739142 100.000000
10598 12.505972 59.880932 100.000000
472 100.000000 12.987013 100.000000
13263 100.000000 12.696408 97.756383
13264 100.000000 13.145589 98.046850
13270 100.000000 14.981469 97.601145
13269 100.000000 15.392160 96.991801
3527 0.000000 19.422440 12.842078
10469 100.000000 15.349279 86.961077
7336 100.000000 16.212939 90.141006
8862 100.000000 14.923324 90.881906
6771 96.363718 42.107627 0.000000
2236 92.986430 43.054512 0.000000
6023 89.149588 100.000000 59.741829
9302 91.466954 100.000000 61.321926
7989 100.000000 79.390305 74.465133
10775 69.847500 74.701016 100.000000
1787 100.000000 26.979191 5.742483
8696 100.000000 27.968334 3.739643
1948 74.091492 47.334476 0.000000
2049 69.440391 48.647943 0.000000
1949 75.445606 49.226465 0.000000
3526 71.955500 10.462593 0.000000
5688 73.850942 10.280515 0.000000
10742 0.000000 91.073666 20.460622
6550 69.618598 80.154161 100.000000
9012 0.000000 2.489934 46.039787
9728 0.000000 1.663062 45.583060
5980 0.000000 80.523645 87.413353
3544 0.000000 80.133672 94.142011
5981 0.000000 81.757235 89.444247
6450 100.000000 23.302564 53.249092
7943 74.388430 78.724562 0.000000
2747 73.750587 77.004004 0.000000
9801 69.566965 78.765285 0.000000
3719 91.317738 88.018918 100.000000
3720 88.544016 87.560990 100.000000
3718 90.567534 86.719002 100.000000
5449 0.000000 43.448721 68.772198
9590 43.202440 49.622370 100.000000
6478 44.463672 47.858091 100.000000
36 88.726803 40.492182 0.000000
3142 88.239142 39.216436 0.000000
9411 65.352387 76.567222 100.000000
3802 100.000000 5.535412 24.918459
1326 100.000000 6.254484 27.260478
4474 0.000000 10.099273 11.443992
5274 100.000000 18.750000 0.000000
7720 100.000000 20.312500 0.000000
12985 100.000000 19.689076 1.696780
6403 63.305652 100.000000 86.080430
8116 60.309919 100.000000 85.869418
6404 61.333112 100.000000 88.229381
1692 27.209182 0.000000 36.444243
8221 25.073156 0.000000 40.467733
3807 0.000000 21.779722 23.361422
2933 0.000000 20.623851 23.036307
2935 0.000000 20.830833 25.950085
3397 34.736850 0.000000 68.345571
8844 35.819257 0.000000 66.020250
9409 41.619021 37.200964 0.000000
841 0.000000 22.078153 64.815479
10029 0.000000 3.392256 24.436254
2734 89.647468 100.000000 89.526635
10535 91.945823 100.000000 92.344730
9816 89.667082 63.673735 100.000000
1509 89.065950 62.884104 100.000000
9554 90.815350 63.013788 100.000000
10694 97.472269 100.000000 36.774252
7905 100.000000 100.000000 33.333333
7523 96.640855 100.000000 33.269801
4559 27.272727 100.000000 0.000000
3962 24.242424 100.000000 0.000000
4560 24.335563 100.000000 5.153608
3837 65.723351 100.000000 41.134775
3121 45.579841 21.741042 0.000000
1744 46.821139 22.694655 0.000000
1743 47.703937 21.567993 0.000000
1338 0.000000 0.000000 11.538462
12924 1.164681 0.000000 6.811685
12929 1.712723 0.000000 7.538544
12801 1.790120 0.000000 4.105001
12806 1.154382 0.000000 3.257700
12910 2.193546 0.000000 1.940985
7383 46.843871 100.000000 3.963272
4141 45.454545 100.000000 0.000000
7007 43.715713 100.000000 4.419772
2324 13.440771 93.727179 0.000000
1333 11.097223 93.676301 0.000000
6938 12.555219 94.682714 0.000000
9676 100.000000 3.995275 11.747129
7929 100.000000 4.833801 11.615180
1647 0.000000 34.328597 18.181832
926 0.000000 35.866152 17.027981
925 0.000000 35.277199 14.624817
4063 0.000000 21.277058 14.702535
4062 0.000000 22.255316 11.753897
6958 6.525307 94.536057 0.000000
10761 6.992843 96.235243 0.000000
6776 8.888756 95.278229 0.000000
1256 81.337020 100.000000 61.563537
1255 84.174484 100.000000 61.678015
10715 83.004830 100.000000 59.042750
1913 26.203413 81.933287 100.000000
10193 28.893907 82.287269 100.000000
7147 100.000000 4.658833 34.490901
7148 100.000000 4.603244 36.533354
7146 100.000000 4.300924 34.797249
9260 66.588658 100.000000 26.847258
7295 67.858602 100.000000 29.416864
9259 69.494154 100.000000 26.705451
9112 30.634832 15.303344 100.000000
2295 66.731832 2.161346 0.000000
9593 66.173181 1.253079 0.000000
3408 0.000000 2.281023 63.027181
3406 0.000000 3.261135 62.930027
9319 0.000000 3.878774 9.908167
1436 88.901179 80.991417 100.000000
1985 86.413929 80.922628 100.000000
1437 87.628066 79.923083 100.000000
9105 14.070175 84.268662 100.000000
4661 11.974980 83.461001 100.000000
8927 47.753050 57.101145 100.000000
6201 50.806005 56.035216 100.000000
7474 64.104848 89.207881 0.000000
6945 66.309335 90.404021 0.000000
7475 68.078047 88.553610 0.000000
1151 55.584064 0.000000 20.776883
1833 58.282485 0.000000 21.126648
7031 100.000000 24.486317 25.097134
8400 100.000000 23.411456 25.813199
7032 100.000000 23.601590 23.600824
8068 80.881328 11.843273 100.000000
8061 78.810917 13.159424 100.000000
1631 76.904593 11.787233 100.000000
4139 48.484848 100.000000 0.000000
6751 51.515152 100.000000 0.000000
6750 51.237432 98.685259 0.000000
7208 66.043273 24.000184 0.000000
5925 33.134673 0.000000 9.243944
3217 34.020770 0.000000 12.467741
9216 32.297947 0.000000 12.119479
719 25.445095 67.075816 100.000000
5615 0.000000 100.000000 100.000000
12942 3.049662 99.185782 100.000000
7508 3.448276 100.000000 100.000000
8831 59.565353 1.558855 0.000000
6410 59.115618 0.754162 0.000000
7481 57.332050 1.519540 0.000000
9119 0.000000 29.827346 55.363119
4519 86.883193 100.000000 50.637785
2561 92.437178 6.579754 100.000000
1668 92.958838 5.311623 100.000000
7878 95.442276 6.425829 100.000000
2921 100.000000 75.021123 50.015764
3000 100.000000 73.480656 52.737547
5173 48.953859 0.000000 40.558076
2733 46.554247 0.000000 41.929550
5174 46.701806 0.000000 38.044093
441 56.822393 0.000000 10.502131
7422 56.265625 0.000000 15.908721
10517 54.132366 0.000000 10.521193
4495 69.256383 91.243832 100.000000
7684 64.392480 85.962899 0.000000
3970 28.973361 71.990841 100.000000
10437 27.867214 71.053873 100.000000
513 77.329730 93.512050 100.000000
8363 75.894754 94.645022 100.000000
2756 0.000000 19.298698 19.521425
6703 44.378730 0.000000 72.997230
6705 46.462385 0.000000 73.993935
8502 92.865200 76.440652 0.000000
5721 15.394033 100.000000 6.341306
9538 13.458754 100.000000 10.880887
4998 27.780618 90.737584 100.000000
9477 29.027709 91.691394 100.000000
515 75.675574 92.329392 100.000000
7784 77.123705 91.466780 100.000000
8401 41.886049 100.000000 91.267524
5722 45.409526 100.000000 88.443188
6668 85.360765 34.423859 0.000000
3405 84.704252 35.801496 0.000000
3404 87.752271 35.488174 0.000000
4900 40.962630 16.142604 0.000000
6039 39.360719 16.290702 0.000000
3795 100.000000 98.551915 69.815637
10297 100.000000 99.363395 67.572294
3796 100.000000 99.140089 72.317385
9325 67.445073 87.676358 100.000000
10737 69.264819 86.970773 100.000000
1499 0.000000 23.612061 22.647898
1500 0.000000 22.657732 23.669119
1498 0.000000 23.068512 25.296846
8126 0.000000 100.000000 87.500000
8127 3.477423 100.000000 83.292558
3247 0.000000 100.000000 58.333333
8598 0.000000 100.000000 62.500000
9705 39.773119 4.965174 0.000000
7308 41.401536 5.683832 0.000000
7483 41.638170 4.767768 0.000000
9658 86.389714 10.631720 0.000000
7678 85.676214 11.472149 0.000000
8703 54.319998 100.000000 42.877396
444 55.804211 100.000000 44.003940
4505 50.939950 59.309157 100.000000
4503 53.648545 59.950081 100.000000
4504 50.742035 60.975184 100.000000
10213 100.000000 41.791744 34.796531
9893 100.000000 43.245398 26.513433
6558 31.454167 12.494453 0.000000
6556 33.140665 12.529166 0.000000
6557 32.192909 11.681478 0.000000
457 96.685159 37.001425 0.000000
10721 93.536689 36.199639 0.000000
10326 100.000000 88.099251 85.364255
8459 100.000000 89.586358 84.455428
9110 0.000000 4.010060 20.169663
1670 0.000000 3.663521 22.112580
4570 0.000000 53.125000 0.000000
8964 3.557476 50.588176 0.000000
5808 0.000000 51.562500 0.000000
7910 100.000000 87.035163 45.232949
6108 100.000000 62.337662 100.000000
13319 98.453094 62.355388 100.000000
13320 98.940254 61.694866 100.000000
5478 100.000000 6.992687 45.514999
5479 100.000000 6.675663 43.345116
4675 100.000000 7.410713 42.857700
4002 85.441439 5.652159 0.000000
3175 87.707065 4.972850 0.000000
4000 85.581127 4.161969 0.000000
566 7.606078 31.038169 0.000000
13299 8.602885 31.689923 0.000000
4376 9.951279 30.736272 0.000000
3686 0.000000 97.617006 83.470991
10519 0.000000 98.809692 85.915904
3684 0.000000 99.203237 80.633020
6910 81.602305 49.375004 0.000000
2355 77.797345 51.151204 0.000000
7251 80.149094 0.000000 52.773722
4078 78.714082 0.000000 48.093098
5997 78.757226 10.514545 0.000000
4184 78.372471 11.602555 0.000000
10743 10.875382 26.825133 0.000000
4108 58.378019 100.000000 9.504401
4107 61.061440 100.000000 8.990138
156 59.897664 100.000000 6.296545
5668 73.245423 69.920351 0.000000
9716 77.609601 68.416687 0.000000
7339 42.370829 62.937426 100.000000
6145 39.502850 62.893773 100.000000
1084 0.000000 89.590122 54.323223
13420 0.000000 89.306934 51.434303
8790 0.000000 87.607202 54.856525
6322 100.000000 17.427168 61.190457
6323 100.000000 18.553123 62.786565
6324 100.000000 17.235839 66.098835
6814 56.412913 0.000000 48.553733
5334 31.968792 55.856332 0.000000
83 9.430431 97.368728 0.000000
866 11.229011 96.794263 0.000000
865 9.471042 96.296414 0.000000
4939 13.266042 46.411126 100.000000
4940 19.522849 46.445015 100.000000
2440 65.672778 59.711604 0.000000
2441 59.180597 59.931455 0.000000
6409 90.305416 62.100955 100.000000
8959 40.189718 77.832810 100.000000
731 42.651458 77.850914 100.000000
10693 100.000000 91.778119 63.744072
9860 100.000000 90.602583 64.652651
4472 100.000000 91.328438 60.714935
1965 100.000000 82.581894 74.469596
3900 100.000000 83.435963 71.714724
3901 100.000000 83.729073 74.145178
9990 100.000000 77.784268 48.366186
5315 100.000000 79.332498 46.015584
2554 0.000000 18.330646 18.273959
5918 100.000000 86.101664 88.988587
91 100.000000 85.399347 91.895008
5971 100.000000 84.825349 89.740843
7111 34.289093 4.758404 0.000000
8299 32.478676 4.749247 0.000000
4980 53.035862 7.240348 100.000000
10642 54.854394 6.041616 100.000000
3726 56.638560 7.079200 100.000000
5002 89.645645 60.365960 100.000000
1487 79.688998 82.321861 100.000000
3324 78.374395 81.622177 100.000000
1226 80.640116 81.570621 100.000000
7170 33.103378 100.000000 44.410882
1522 33.810973 100.000000 46.667827
6057 35.507318 100.000000 43.968284
10574 86.274510 0.000000 0.000000
7353 85.606822 1.221088 0.000000
594 88.022146 0.900915 0.000000
9493 27.472098 28.706965 0.000000
6429 28.007767 30.128865 0.000000
9882 29.902844 28.985403 0.000000
552 100.000000 77.582924 23.664784
212 100.000000 78.168275 19.511693
3792 0.000000 1.991367 13.567313
9944 0.000000 0.850497 11.970209
1089 10.245539 100.000000 45.769993
13421 8.722493 100.000000 48.768616
13422 10.722918 100.000000 47.899655
10420 7.122354 100.000000 46.995020
7815 25.786146 100.000000 75.848868
949 73.154226 82.703603 100.000000
41 71.239788 83.178819 100.000000
7850 88.173004 96.457026 100.000000
2107 84.061790 96.530187 100.000000
2709 24.154541 17.625772 0.000000
8877 37.682689 32.326775 100.000000
3447 45.637940 30.521495 100.000000
10634 100.000000 64.336090 42.280606
4018 100.000000 64.459011 45.774217
145 100.000000 11.456195 37.855149
1820 100.000000 11.928167 40.177048
894 0.000000 17.011270 40.277609
3797 100.000000 98.184283 72.831607
1572 42.459529 100.000000 17.108431
4544 44.608397 100.000000 17.954933
6608 86.066271 9.505190 0.000000
8324 0.000000 76.562500 0.000000
6426 0.000000 78.398650 3.131716
3284 0.000000 78.125000 0.000000
8284 100.000000 19.976199 33.654617
8122 100.000000 20.998155 34.507766
8121 100.000000 20.021233 36.601211
4310 46.731808 100.000000 15.368172
13383 48.503333 100.000000 14.724867
7498 37.978240 43.309813 100.000000
5430 73.170045 63.062468 100.000000
2223 100.000000 50.649351 100.000000
13305 99.175058 51.123600 100.000000
13304 99.110926 50.179134 100.000000
8375 100.000000 51.948052 100.000000
13322 98.782014 51.816082 100.000000
5286 100.000000 21.104864 63.903935
5285 100.000000 22.420240 63.742672
5220 23.269921 0.000000 57.760894
3914 19.936573 0.000000 57.949366
5221 22.150279 0.000000 53.837720
7490 25.014109 28.462224 0.000000
10643 5.118435 100.000000 93.926976
12959 2.256336 100.000000 95.269734
4410 49.675742 25.051003 0.000000
10568 52.171801 25.797765 0.000000
7577 0.000000 100.000000 95.833333
9520 0.000000 100.000000 91.666667
1070 91.617233 73.587556 0.000000
1071 94.654033 73.513145 0.000000
1072 94.423879 72.101812 0.000000
219 0.000000 65.000000 100.000000
218 0.000000 65.531740 92.301396
2703 76.689241 98.761019 100.000000
9956 80.006559 98.619445 100.000000
3150 79.310345 100.000000 100.000000
10581 84.836122 100.000000 56.746765
5973 82.135144 100.000000 56.214112
7016 27.701412 15.806576 0.000000
8803 100.000000 23.287031 18.955008
4909 23.529412 0.000000 0.000000
7959 100.000000 92.135137 34.266160
322 100.000000 91.929738 37.223391
10591 63.268004 21.985170 0.000000
5537 7.227765 100.000000 82.611819
6747 28.127232 0.000000 60.911937
2006 0.000000 87.193314 4.760087
13047 0.000000 86.631242 2.481820
9928 0.000000 87.496480 23.702088
9722 0.000000 86.736534 23.904253
8106 0.000000 87.203422 25.439063
10641 100.000000 86.761798 78.506641
4817 100.000000 87.921337 78.349871
2939 100.000000 20.531253 5.940786
2940 100.000000 20.720309 3.373575
121 100.000000 21.591696 5.392743
2638 100.000000 75.008837 75.113847
3194 12.444079 7.323145 0.000000
4512 10.608304 6.024091 0.000000
2890 10.722607 7.632877 0.000000
3211 100.000000 54.140679 97.112120
7813 100.000000 8.904326 12.580444
1952 50.163359 20.263837 0.000000
9815 48.415707 20.485348 0.000000
467 9.412678 0.000000 29.140050
5345 12.270160 0.000000 23.221678
10174 12.555938 0.000000 27.954006
2741 40.643413 17.043980 100.000000
1519 43.245305 18.407879 100.000000
5854 61.408471 1.647089 0.000000
2371 60.086300 2.266734 0.000000
3314 52.481243 1.481951 0.000000
3315 51.215298 1.018196 0.000000
3313 51.233426 1.822070 0.000000
7843 19.784865 85.116183 100.000000
3382 17.358305 85.900101 100.000000
1983 100.000000 2.514020 86.289468
5785 98.011800 81.213628 100.000000
7922 0.000000 94.443868 5.845727
7921 0.000000 94.642372 2.735918
8621 24.408769 100.000000 23.975744
4934 21.706190 100.000000 23.154644
8913 21.590897 100.000000 27.122967
76 38.147626 100.000000 22.806637
2350 0.000000 35.937500 0.000000
6077 1.672817 34.941879 0.000000
10575 0.000000 37.512432 15.641071
5199 73.401369 100.000000 21.569785
9960 72.236311 74.518487 100.000000
6595 67.171116 100.000000 4.451505
4147 69.816053 100.000000 2.725054
10210 100.000000 13.902443 64.701982
10209 100.000000 12.938891 64.229831
7202 100.000000 13.883241 60.937714
1745 49.150219 22.516784 0.000000
5146 51.788321 22.212265 0.000000
7042 49.851018 21.296963 0.000000
6306 76.994508 33.968398 0.000000
892 76.798412 35.390755 0.000000
4287 92.855008 57.979764 0.000000
4288 93.869145 59.613845 0.000000
3310 74.318151 0.000000 63.201584
3312 72.403846 0.000000 64.466180
8385 71.665635 0.000000 60.691754
567 79.810026 50.165306 100.000000
9127 85.894597 53.090766 0.000000
68 87.939974 54.675489 0.000000
7125 0.000000 12.485856 11.054622
7127 0.000000 11.973208 13.569821
7332 0.000000 13.144456 13.340105
1958 100.000000 18.098228 5.526189
7201 100.000000 17.333264 7.633529
7533 100.000000 16.672621 5.570225
2544 18.337755 100.000000 46.639391
9923 100.000000 62.590217 12.297496
4711 100.000000 61.623108 7.404008
9621 100.000000 63.356424 5.711602
8899 100.000000 100.000000 0.000000
10745 100.000000 100.000000 3.703704
9996 100.000000 98.689312 6.860233
7256 86.487364 100.000000 46.929570
5930 87.909972 86.277368 100.000000
1981 85.810683 87.063373 100.000000
3532 0.000000 44.641397 50.275482
5480 0.000000 43.485264 56.839832
2511 0.000000 45.077533 56.389575
9568 35.654187 0.000000 89.993845
6491 35.329612 0.000000 92.609063
612 50.520469 8.206280 0.000000
1748 92.928908 46.435568 100.000000
9825 90.543250 48.159921 100.000000
10456 90.289141 46.680345 100.000000
10563 0.000000 39.691573 81.634107
10423 0.000000 39.938963 88.377507
2258 0.000000 41.755729 82.076928
3265 100.000000 76.168611 69.986042
7697 100.000000 77.747374 67.411782
2783 100.000000 76.986859 71.475094
6327 100.000000 79.783605 84.870663
10425 61.969504 1.631895 100.000000
3277 60.000000 0.000000 100.000000
5423 30.614076 21.834773 100.000000
5425 33.840232 23.048344 100.000000
2595 12.002020 86.573156 100.000000
4217 11.217093 85.139260 100.000000
2596 13.541318 85.490582 100.000000
1601 100.000000 66.963645 37.084282
2843 100.000000 68.546986 32.957893
1602 100.000000 68.240086 37.184716
1667 96.428178 5.237251 100.000000
12944 98.533502 5.717338 100.000000
12943 97.956392 6.482712 100.000000
8594 30.030015 0.000000 21.572845
2054 31.818878 0.000000 23.873213
5375 100.000000 96.875000 0.000000
5974 100.000000 95.312500 0.000000
12964 98.578096 96.911296 0.000000
5098 97.458604 98.304522 0.000000
2041 100.000000 65.697901 41.465138
6191 100.000000 65.163031 37.436660
3746 92.135549 7.721837 100.000000
3745 89.451921 8.356019 100.000000
9529 89.144555 6.872324 100.000000
5494 100.000000 67.410373 54.996410
3848 100.000000 67.369796 51.641714
3847 100.000000 68.716488 51.107616
2346 18.905806 16.566305 0.000000
4898 20.090821 15.667691 0.000000
1772 7.362393 39.583725 0.000000
6508 100.000000 56.726487 68.619866
6509 100.000000 58.342175 68.128241
4221 100.000000 56.707804 72.808859
1622 57.615396 18.834932 0.000000
8763 58.350125 18.021324 0.000000
8351 68.008081 16.748659 0.000000
7233 69.993944 16.471229 0.000000
3316 68.475396 15.684924 0.000000
6990 85.833027 46.987946 100.000000
4534 87.850376 46.814665 100.000000
4220 100.000000 56.456710 76.995708
4336 100.000000 55.274932 76.777314
2020 0.000000 21.344509 42.174805
7108 0.000000 21.113086 39.588590
3205 24.139579 100.000000 28.597474
8602 27.084125 100.000000 24.624254
8446 32.447491 25.063689 0.000000
6993 64.482887 77.590973 100.000000
6316 52.539848 74.999847 100.000000
1796 46.660128 91.942462 0.000000
2060 0.000000 17.532556 4.309246
5311 0.000000 16.996260 6.867704
3374 29.585441 60.781622 100.000000
3373 29.459278 59.502400 100.000000
1107 0.000000 15.386704 2.902808
2061 0.000000 16.654199 2.343954
1403 84.866070 96.269706 0.000000
880 78.523104 47.604042 100.000000
4084 23.409164 0.000000 21.866965
5216 0.000000 2.035372 73.423912
6835 0.000000 2.521976 69.581537
5217 0.000000 1.539662 70.682064
3920 20.160366 73.060425 100.000000
8738 17.540037 72.314483 100.000000
3919 19.992852 71.698620 100.000000
3610 20.403732 69.482943 0.000000
12820 0.000000 99.332378 95.144044
12828 0.000000 99.076805 93.324499
3039 100.000000 11.964390 57.629030
4208 100.000000 10.823374 57.683347
5460 100.000000 32.071557 48.537982
8890 68.574962 0.000000 50.355267
2078 66.653853 0.000000 46.093193
4346 100.000000 82.286643 3.697372
3030 100.000000 84.375000 0.000000
3029 100.000000 84.177307 3.548672
5234 97.442884 100.000000 11.065424
3502 0.000000 36.422435 48.499007
3503 0.000000 37.097673 52.177796
4841 37.529333 39.199302 0.000000
65 79.629154 34.825215 0.000000
2283 79.247143 33.613712 0.000000
5372 51.536251 21.796763 100.000000
8120 46.996406 21.490262 100.000000
4266 64.687293 100.000000 46.781222
7312 100.000000 69.477998 4.733701
799 100.000000 70.312500 0.000000
9438 39.381163 45.385654 100.000000
5843 70.599086 28.268302 0.000000
2232 72.796043 27.848250 0.000000
6185 61.083132 69.193626 0.000000
1775 27.586207 100.000000 100.000000
4973 86.050641 21.635140 0.000000
4974 84.029526 22.065171 0.000000
4441 53.298992 100.000000 38.717339
796 100.000000 55.122073 54.765663
795 100.000000 53.419081 61.075235
9523 100.000000 53.209368 55.943749
9757 0.000000 1.364237 62.964454
4593 0.000000 0.612612 63.096172
4592 0.000000 0.702442 66.172138
8973 100.000000 2.477826 92.915621
8974 100.000000 3.620111 90.438727
6693 46.273122 50.678983 100.000000
10473 0.000000 36.892128 76.715053
5125 0.000000 0.000000 100.000000
5124 4.627809 0.000000 96.408859
13135 3.912933 0.000000 98.486875
4009 0.000000 15.116441 17.888335
8970 0.000000 19.360996 62.985398
9992 38.881836 100.000000 29.217097
10009 36.008960 100.000000 30.709801
9999 100.000000 62.848058 97.387330
1005 83.993850 72.757601 100.000000
5587 86.259011 73.060867 100.000000
1170 84.462703 73.849975 100.000000
3538 84.313725 0.000000 0.000000
5531 69.393250 11.819740 100.000000
1847 67.578828 10.549635 100.000000
1846 71.150630 10.478247 100.000000
1623 56.015619 19.294608 0.000000
3964 53.933762 19.957605 0.000000
8206 56.207124 20.581281 0.000000
1443 49.046154 94.795165 100.000000
1444 49.110592 93.509977 100.000000
4341 100.000000 28.366806 26.572616
7941 72.154487 5.426787 0.000000
133 74.320995 5.554558 0.000000
797 100.000000 55.147534 60.002820
5845 100.000000 6.960757 59.563500
7041 100.000000 6.925461 62.749686
7525 95.302272 100.000000 30.307460
7468 93.595884 100.000000 27.421040
3580 92.896690 100.000000 31.448402
9753 63.465263 0.000000 54.960538
6210 61.041596 0.000000 54.910209
7219 65.305064 77.574841 0.000000
6999 67.821815 75.206620 0.000000
3460 62.803725 75.688487 0.000000
4926 11.912584 0.000000 71.908723
9606 13.446626 0.000000 67.400290
9490 15.563459 0.000000 69.635859
1799 0.000000 12.500000 0.000000
5506 86.765900 14.476885 0.000000
9434 89.267891 0.000000 96.290103
9433 93.333333 0.000000 100.000000
10251 50.728995 65.074614 100.000000
8940 52.781408 65.637620 100.000000
6222 100.000000 93.074314 46.269300
6223 100.000000 93.004032 49.375553
6221 100.000000 91.967396 48.841890
4380 100.000000 71.225163 73.303116
4379 100.000000 72.695131 71.141050
1350 27.535028 97.568248 100.000000
6317 0.000000 27.979592 72.543173
8961 0.000000 26.682592 75.581249
6318 0.000000 27.950612 76.769494
8682 0.000000 7.502476 3.882189
7230 0.000000 8.809110 4.216567
1945 85.811888 0.000000 12.393368
3041 87.987704 0.000000 17.729430
4149 86.079488 0.000000 17.254181
1760 0.000000 27.176713 88.884867
2093 0.000000 25.460809 87.731655
8009 0.000000 20.000000 100.000000
7756 0.000000 18.333333 100.000000
13160 2.373261 18.785700 100.000000
6040 39.880869 15.439378 0.000000
9973 0.000000 22.931508 29.554767
9972 0.000000 22.908173 31.950134
6391 100.000000 9.754087 43.298705
1302 100.000000 8.908914 45.421563
5168 5.816567 100.000000 75.570900
7463 0.000000 100.000000 79.166667
7462 3.200926 100.000000 80.097289
8776 100.000000 4.597672 55.598934
5681 100.000000 5.571370 56.519186
3482 11.896769 100.000000 84.889253
4195 100.000000 37.205269 7.277847
4374 100.000000 55.112506 69.263753
8467 100.000000 56.748509 64.169172
8037 73.376582 8.636684 0.000000
12829 0.000000 51.829492 4.872015
12845 0.000000 53.143088 4.334516
12830 0.000000 50.726504 5.259864
1516 55.326920 11.350070 0.000000
812 53.906777 12.224443 0.000000
5602 56.127306 12.315525 0.000000
3994 92.008706 13.303763 100.000000
3992 90.898059 14.609228 100.000000
3993 87.860262 14.017541 100.000000
2892 0.000000 4.574509 14.592574
2835 0.000000 4.732219 12.551414
6213 0.000000 3.836586 12.932761
7746 37.351404 57.439078 100.000000
5677 41.147468 57.729372 100.000000
1369 38.427540 58.955132 100.000000
9695 16.472998 44.846002 100.000000
10018 12.264228 43.450395 100.000000
9682 19.332928 42.974543 100.000000
9095 13.121597 6.886880 100.000000
5005 100.000000 93.466625 88.906479
5795 100.000000 92.779256 91.415097
1706 100.000000 92.359945 88.675566
1344 100.000000 15.833862 27.212280
2426 100.000000 16.000708 30.042613
1345 100.000000 14.865213 29.068331
6074 100.000000 7.437370 31.804547
6864 100.000000 6.795642 33.378986
6865 100.000000 6.658684 31.233509
1127 23.159634 21.804798 0.000000
1126 23.151939 20.491505 0.000000
6752 54.116858 98.304520 0.000000
915 19.525176 14.514184 0.000000
4899 21.053094 14.872008 0.000000
916 21.071751 13.726043 0.000000
7870 18.529012 21.990343 100.000000
9839 24.360416 18.727739 0.000000
3193 13.813530 8.401609 0.000000
1954 0.000000 8.252978 41.361341
1953 0.000000 9.293370 39.630232
8282 0.000000 93.736268 28.893811
1894 0.000000 95.589444 25.264195
3768 0.000000 94.028731 24.291069
9951 18.346106 0.000000 27.460146
1710 20.777355 0.000000 21.546684
7555 80.373130 14.637900 100.000000
8513 77.375458 15.840300 100.000000
9851 68.358682 94.075084 0.000000
5022 100.000000 59.630513 10.975544
9104 69.039743 0.000000 34.728596
10772 66.126836 0.000000 34.725090
7419 67.589476 13.158388 100.000000
1134 65.709175 11.875435 100.000000
5623 100.000000 21.790095 42.478362
2688 100.000000 20.713728 44.286029
2664 87.418716 81.973164 100.000000
8660 54.015825 55.132430 0.000000
6107 58.105757 56.460187 0.000000
6661 59.881862 54.245345 0.000000
3969 30.133583 72.871701 100.000000
3971 31.222206 71.962357 100.000000
3489 32.278598 72.765841 100.000000
8786 82.993193 0.000000 79.409908
7036 85.504117 0.000000 81.134299
914 0.000000 14.261970 69.649325
912 0.000000 13.598060 73.687013
868 83.350065 0.000000 71.391205
745 86.074294 56.219094 100.000000
281 87.977534 56.849886 100.000000
380 85.625519 57.520602 100.000000
5705 12.614237 0.000000 18.068007
5704 14.120428 0.000000 18.970890
7762 34.643380 100.000000 19.732719
7763 35.536330 100.000000 22.968412
4677 100.000000 7.301410 39.926963
403 47.172774 61.495263 100.000000
9018 47.892967 60.112769 100.000000
2681 100.000000 65.358895 89.259877
4801 100.000000 64.194665 91.049039
2682 100.000000 64.767610 87.933298
6516 68.447734 12.743996 0.000000
4119 69.254862 11.720164 0.000000
1303 100.000000 9.949669 46.350129
6837 100.000000 68.484298 24.071623
1740 100.000000 69.709904 25.456144
1739 100.000000 68.350195 28.633055
4094 0.000000 3.316891 83.386839
4306 65.845334 29.085115 0.000000
9261 0.000000 41.122841 5.407856
12816 0.000000 42.588022 3.689182
12831 0.000000 42.173680 2.386843
7432 86.511446 0.000000 58.120105
3813 0.000000 37.301532 3.662297
3078 61.609935 100.000000 80.305311
10082 62.208244 100.000000 77.549716
2616 59.695880 100.000000 77.975507
4961 58.141390 91.790287 0.000000
2158 60.541321 91.867098 0.000000
4970 100.000000 87.617947 14.425926
3987 100.000000 88.810382 10.601931
8060 51.360709 63.672266 100.000000
3975 0.000000 2.086404 59.534149
9586 63.765568 7.117543 0.000000
8071 62.964970 8.132402 0.000000
9965 65.052577 7.958311 0.000000
932 49.536753 100.000000 98.574721
933 48.073245 100.000000 96.772031
934 44.827586 100.000000 100.000000
4237 100.000000 5.034599 92.940186
2018 69.933865 10.619945 0.000000
3122 46.405698 20.673165 0.000000
3120 44.313027 20.828409 0.000000
9507 0.000000 14.538937 52.883113
6046 0.000000 15.272594 54.860885
2156 0.000000 15.863956 51.439910
8187 100.000000 13.349191 37.544344
7786 13.406215 20.951317 0.000000
6767 14.763676 21.761519 0.000000
6976 15.065960 20.528472 0.000000
5547 42.623498 87.415728 100.000000
3630 57.940233 88.456599 0.000000
8850 54.980885 89.767670 0.000000
7566 64.983040 100.000000 34.053130
3280 67.132285 100.000000 34.173858
5036 66.485943 100.000000 31.915626
110 40.331702 90.136296 100.000000
6483 43.039531 90.525770 100.000000
10201 100.000000 0.000000 38.461538
1075 100.000000 0.000000 34.615385
1798 0.000000 11.680027 3.506318
12832 0.000000 12.677061 2.356152
9000 26.056492 0.000000 21.649604
5569 32.083213 3.148410 0.000000
3019 31.727416 3.953415 0.000000
6986 24.660603 2.278038 100.000000
6987 23.459157 3.800955 100.000000
6456 20.247976 3.235407 100.000000
8245 0.000000 51.714722 35.244226
7743 25.908365 19.119829 0.000000
2649 24.581886 19.804724 0.000000
2648 26.227043 20.153188 0.000000
9938 65.953745 100.000000 68.496259
2501 0.000000 14.584526 86.696949
10512 0.000000 15.987925 88.673612
7257 0.000000 43.075114 47.828649
3296 0.000000 43.453564 41.592551
3298 0.000000 41.691883 46.162306
4536 30.144206 100.000000 68.252560
3513 29.285398 100.000000 71.051524
3767 0.000000 94.093477 20.917077
4812 0.000000 95.138349 18.525851
6647 8.480572 88.436926 0.000000
10498 7.202011 89.288563 0.000000
10655 9.438142 89.621734 0.000000
5739 89.603806 95.146020 100.000000
3249 100.000000 3.831627 58.154328
6035 66.869715 100.000000 55.081325
7242 66.501383 100.000000 57.610672
109 82.816276 0.000000 96.903173
107 81.975160 0.000000 93.523011
108 85.914071 0.000000 96.497740
1162 53.107411 29.722325 100.000000
8312 54.965062 28.178078 100.000000
2492 58.768496 28.795769 100.000000
9460 38.431465 89.016106 100.000000
10577 35.337681 89.192103 100.000000
10137 36.946185 88.021970 100.000000
2567 100.000000 14.285714 100.000000
8003 2.005005 32.567037 0.000000
1517 53.615396 11.163801 0.000000
234 0.000000 14.925490 30.361450
232 0.000000 15.886567 27.971141
5676 49.376277 85.398773 100.000000
5684 24.874656 100.000000 10.110864
386 55.534442 0.000000 38.247893
7596 53.834958 0.000000 40.655439
503 57.088261 0.640292 0.000000
1736 70.000000 0.000000 100.000000
9665 67.573383 0.000000 97.848705
5731 70.533357 0.000000 97.746440
1817 0.000000 9.624209 81.295134
7068 0.000000 10.469978 77.387712
7301 0.000000 9.175833 78.942265
1334 8.826117 93.986925 0.000000
8323 100.000000 13.933782 79.713313
5445 100.000000 15.244007 77.380515
982 40.114835 12.974009 0.000000
981 41.906960 13.000911 0.000000
4191 41.019069 12.100317 0.000000
6158 33.312064 100.000000 16.496973
1428 100.000000 19.169278 23.267301
7025 100.000000 18.208557 24.562915
1083 0.000000 90.297957 56.626740
783 2.894989 8.509925 0.000000
6843 1.434798 7.411399 0.000000
784 1.429936 9.005453 0.000000
10075 100.000000 12.879838 76.467940
9265 100.000000 12.213270 80.830025
743 83.816437 56.875948 100.000000
3615 23.295308 100.000000 68.996490
3236 22.517057 100.000000 66.539449
16 20.147458 100.000000 69.733291
2660 57.989671 54.912401 100.000000
2659 56.126793 56.101836 100.000000
5711 16.468889 21.199468 0.000000
5712 18.180572 20.644060 0.000000
2330 18.536448 28.584632 0.000000
2812 20.055781 27.245368 0.000000
2166 41.563154 65.547885 100.000000
4301 1.757642 13.517114 0.000000
7553 0.000000 15.422796 34.794299
675 0.000000 16.059031 31.427722
203 0.000000 5.713582 12.801778
205 0.000000 6.066892 10.743913
6553 10.147850 88.031659 100.000000
4218 9.121104 86.652536 100.000000
7796 66.666667 0.000000 100.000000
9875 77.649248 100.000000 19.854258
9577 75.500680 100.000000 19.264328
8247 13.809274 2.521034 0.000000
4319 83.688267 0.000000 16.501522
8731 70.577081 100.000000 56.420168
7732 71.533576 100.000000 53.514245
10375 69.170273 100.000000 54.275797
5348 34.273082 2.305678 100.000000
8806 31.815043 1.802767 100.000000
3645 36.666667 0.000000 100.000000
8685 76.804236 64.650083 100.000000
4887 78.079810 63.783746 100.000000
9651 88.930857 70.058408 100.000000
10238 100.000000 74.072117 65.649234
7260 100.000000 73.988518 68.721384
3594 100.000000 32.467532 100.000000
3595 94.057870 32.129411 100.000000
5126 16.882785 100.000000 96.655503
5606 61.206462 25.396166 0.000000
5630 62.781881 26.206042 0.000000
5520 22.055191 91.149628 100.000000
9465 20.142958 92.476306 100.000000
2352 100.000000 13.510610 43.226436
1241 100.000000 13.699343 46.889817
1240 100.000000 12.643987 45.958923
10330 54.358959 0.000000 81.603188
13323 56.712819 0.000000 83.406568
10240 57.900850 0.000000 82.230683
2877 59.291989 0.000000 84.801093
7175 24.908272 90.963522 100.000000
9258 23.138297 92.199984 100.000000
992 100.000000 11.323952 60.845263
10348 100.000000 10.201122 60.886947
9939 60.311263 73.598507 100.000000
8410 58.250775 72.522044 100.000000
9940 61.177837 72.328731 100.000000
2265 71.669658 0.000000 20.667366
2729 69.248726 0.000000 17.973690
2730 70.765561 0.000000 16.010351
3468 15.073732 31.711834 0.000000
4762 0.000000 7.531303 40.171638
4763 0.000000 7.626247 37.747520
1811 52.387511 95.431332 100.000000
8692 7.409797 0.000000 16.801528
6649 4.697691 0.000000 21.923146
6648 5.631520 0.000000 16.070776
2419 18.709354 38.977525 0.000000
9964 16.304236 40.079581 0.000000
8560 18.293503 40.637736 0.000000
9531 100.000000 21.024496 7.504252
9829 100.000000 19.852206 7.788363
4602 60.105477 64.435674 100.000000
2328 62.096153 64.523152 100.000000
2464 60.351342 65.374906 100.000000
7429 76.141042 9.048360 0.000000
7430 74.444235 9.274065 0.000000
4787 7.392641 94.267432 100.000000
4918 77.193443 0.000000 50.350247
5840 43.458635 13.024433 0.000000
4189 42.892213 12.193201 0.000000
10486 100.000000 84.538518 25.367017
4767 100.000000 83.593304 29.776316
4741 45.506878 0.000000 64.994044
4928 44.783980 0.000000 61.487082
4120 54.137310 14.237515 0.000000
811 55.067521 13.269968 0.000000
810 53.014583 13.347147 0.000000
7270 5.824424 22.400737 100.000000
13162 2.855691 23.770098 100.000000
8044 0.000000 23.333333 100.000000
13159 3.501803 22.164356 100.000000
13163 3.045480 22.917131 100.000000
782 2.973365 10.288560 0.000000
2146 4.531001 10.704545 0.000000
2814 4.395093 9.428283 0.000000
9478 88.663587 73.383080 100.000000
4785 91.128268 73.742837 100.000000
5700 89.218168 74.551310 100.000000
4623 12.356942 96.542756 100.000000
6092 41.047013 100.000000 67.454700
9167 42.853569 100.000000 64.283034
10188 39.800871 100.000000 64.991753
8095 70.922312 60.821441 100.000000
8462 72.311352 61.568443 100.000000
5801 23.886250 2.711688 0.000000
6981 21.928243 2.437121 0.000000
6000 64.978102 87.460807 100.000000
5751 66.803283 86.619459 100.000000
6659 86.546005 25.095742 0.000000
1201 84.909864 25.790618 0.000000
9686 86.873123 26.116191 0.000000
683 96.989193 49.205374 100.000000
6200 98.177301 48.160584 100.000000
8989 60.616462 66.573758 100.000000
938 63.036976 67.001236 100.000000
8988 60.860228 67.877683 100.000000
4405 88.749625 0.000000 69.441479
4407 91.117974 0.000000 71.172770
10472 90.512016 0.000000 73.370572
8777 54.686645 0.000000 5.202398
2805 54.901961 0.000000 0.000000
439 56.951831 0.000000 5.052744
10315 100.000000 97.520772 75.633535
7205 100.000000 64.733805 97.677481
7206 100.000000 65.995858 97.557549
8477 47.746582 91.180714 100.000000
273 45.640516 90.247514 100.000000
8749 0.000000 10.244993 36.194522
4771 0.000000 10.615588 32.679292
1382 38.590226 6.501829 100.000000
3281 34.227295 7.087483 100.000000
73 48.611624 11.208840 0.000000
9663 50.818874 11.534841 0.000000
7717 50.425290 10.562935 0.000000
4745 64.109819 19.572388 0.000000
772 94.505761 81.971519 0.000000
7168 95.820885 83.363685 0.000000
785 100.000000 81.250000 0.000000
8343 100.000000 4.898927 46.821364
10657 100.000000 4.283006 48.747289
1620 100.000000 4.204309 45.712785
6348 56.346946 100.000000 75.650924
10053 88.481319 54.300386 100.000000
4188 90.365013 53.725223 100.000000
4187 89.850443 54.778612 100.000000
13243 100.000000 21.857307 96.570427
13244 100.000000 22.548558 97.520340
8797 100.000000 19.107204 38.461836
7436 100.000000 19.068615 35.673944
7956 81.619220 23.996840 0.000000
8005 14.627312 57.278707 100.000000
10268 100.000000 11.045640 67.296384
9456 100.000000 12.224309 67.359441
9455 100.000000 11.544281 70.643546
6301 0.000000 5.968005 34.603524
6302 0.000000 5.795205 32.017220
4307 66.347397 27.839507 0.000000
9423 64.509896 27.011197 0.000000
10096 89.700962 0.000000 27.257293
3270 91.844641 0.000000 32.810537
1731 0.000000 1.820473 3.463733
1730 0.000000 2.831029 6.608439
1196 64.564552 0.000000 86.352032
329 65.014629 0.000000 88.744115
2875 62.334601 0.000000 86.939308
5474 62.060942 4.625108 0.000000
5811 62.450787 5.638903 0.000000
5475 63.943086 4.908228 0.000000
7503 0.000000 30.652693 95.994100
2673 0.000000 29.302647 95.381123
4136 0.000000 30.000000 100.000000
5293 100.000000 6.068027 86.436249
5291 100.000000 6.051428 82.538923
3467 100.000000 78.365529 32.235605
3898 83.521062 87.852319 100.000000
1979 83.128849 86.495518 100.000000
7064 74.828505 96.515045 100.000000
7494 80.687008 0.000000 30.641572
8679 77.355467 0.000000 27.365779
7401 78.989551 0.000000 24.739030
3832 100.000000 71.875000 0.000000
3831 100.000000 73.437500 0.000000
2950 77.350806 0.000000 68.706998
8868 100.000000 11.190791 23.620450
5068 100.000000 10.587384 25.373579
6670 100.000000 10.206693 23.030661
8481 44.345609 33.129030 100.000000
2387 50.350712 33.883566 100.000000
1815 44.040486 35.437058 100.000000
9699 0.000000 75.785083 10.679519
9317 0.000000 77.373821 10.060937
6427 0.000000 76.714939 5.300271
9194 100.000000 89.513444 38.444172
321 100.000000 91.015549 36.192676
323 100.000000 90.598872 39.746510
4110 100.000000 9.865636 78.930005
4109 100.000000 10.892328 79.790331
4059 0.000000 1.643369 41.670848
4058 0.000000 1.670727 37.926383
5954 0.000000 1.027315 39.892510
5663 19.697451 74.476931 100.000000
1024 17.293890 75.204270 100.000000
814 17.376426 73.755754 100.000000
10155 38.092523 24.691171 0.000000
2261 49.900144 37.715562 0.000000
888 49.887383 36.280309 0.000000
5323 8.203592 24.356861 0.000000
5324 9.986567 24.587944 0.000000
6842 9.544785 23.353017 0.000000
8102 0.000000 3.164244 43.181382
2454 100.000000 91.246171 2.896845
5849 100.000000 91.911031 5.405404
2455 100.000000 90.075171 6.520344
129 0.000000 74.298147 75.458158
7284 38.316268 13.073045 0.000000
7306 38.952772 11.996173 0.000000
10708 18.795233 8.318309 0.000000
72 46.985988 10.224400 0.000000
6666 82.394592 100.000000 40.183222
8114 83.686363 100.000000 37.221498
2089 81.115413 100.000000 37.803910
10121 0.000000 21.044516 47.662040
9058 0.000000 21.790753 44.470952
8910 0.000000 20.535804 45.113017
3351 0.000000 47.278422 76.234731
3350 0.000000 47.155511 69.873133
8528 3.027419 1.872061 100.000000
5702 4.116215 3.440614 100.000000
3641 74.103226 0.000000 81.061972
3642 73.676831 0.000000 78.238442
3968 36.617862 13.284237 0.000000
6589 56.806282 85.159072 100.000000
8811 55.668192 84.051815 100.000000
6590 58.453543 84.143532 100.000000
2136 16.815462 33.511613 0.000000
2135 14.768166 33.080253 0.000000
1100 12.382509 78.404620 100.000000
1098 14.873934 77.529195 100.000000
1099 14.913274 79.077279 100.000000
9632 10.721853 22.347992 0.000000
7333 8.461842 4.876379 100.000000
958 11.783163 3.229647 100.000000
10086 54.218809 0.000000 28.246279
7288 55.038530 0.000000 24.879931
6941 100.000000 25.248234 38.451379
4067 73.026554 7.717275 0.000000
2106 50.288374 69.633127 100.000000
46 52.074804 68.667713 100.000000
12975 100.000000 35.769920 1.927633
458 100.000000 37.500000 0.000000
12976 100.000000 36.402043 2.747010
9642 56.350566 2.388802 0.000000
10383 55.506729 1.798801 0.000000
1282 54.528124 2.332126 0.000000
1087 84.519868 79.237893 0.000000
5262 81.489135 81.177803 0.000000
1088 85.251221 81.060107 0.000000
9527 58.613124 59.827883 100.000000
4610 56.088734 60.510310 100.000000
12833 0.000000 60.698789 7.135273
13080 0.000000 61.515089 4.460259
13078 0.000000 60.993473 3.603557
6655 100.000000 0.652398 36.924424
8004 100.000000 0.724210 40.905698
5790 0.000000 92.093462 76.164637
7172 100.000000 51.077482 44.714538
5481 100.000000 52.636170 37.988194
8427 79.448182 13.552813 0.000000
9616 90.723370 64.392647 0.000000
9564 89.717942 63.084500 0.000000
10728 85.786539 65.064623 0.000000
2989 90.512783 55.914677 100.000000
10541 73.656560 45.437443 0.000000
7872 69.448931 44.678693 0.000000
6364 69.780035 46.521700 0.000000
2433 0.000000 29.071726 52.041353
529 100.000000 64.935065 100.000000
2279 19.937227 100.000000 63.443274
3238 22.348758 100.000000 63.829842
5635 22.649331 100.000000 60.727537
6690 92.584642 14.687597 0.000000
4645 90.290944 13.756584 0.000000
6691 90.691485 15.358230 0.000000
2972 48.583442 0.000000 95.450123
4924 51.865257 0.000000 94.558819
2970 50.997573 0.000000 97.531162
5026 20.910916 100.000000 86.572357
4543 17.313605 100.000000 86.356171
10603 77.772282 0.000000 88.636015
10083 78.526907 0.000000 91.186085
5253 75.551758 0.000000 88.897126
6457 51.189752 100.000000 96.670713
6453 53.129936 100.000000 98.005584
10265 54.121905 100.000000 95.495817
3105 100.000000 54.687500 0.000000
10306 0.000000 94.239005 93.887242
12834 0.000000 94.611588 96.942911
298 100.000000 74.114492 41.881477
7660 100.000000 72.843065 45.330833
7004 100.000000 0.000000 65.384615
3348 97.193257 0.000000 60.460876
8557 100.000000 0.000000 61.538462
5807 100.000000 90.177469 76.916510
5806 100.000000 89.909598 80.522674
10212 92.294022 58.253352 100.000000
6826 0.000000 64.932709 16.948826
702 0.000000 64.252581 26.835695
6827 0.000000 66.015310 23.448745
10781 100.000000 73.056271 97.735653
3190 100.000000 72.024413 97.041035
7571 100.000000 73.370148 95.398799
4578 51.521455 30.177371 0.000000
10207 49.514292 29.255363 0.000000
4637 48.618852 30.834793 0.000000
672 100.000000 0.000000 80.769231
673 100.000000 0.774736 80.796827
8870 100.000000 85.874953 29.932732
10630 100.000000 85.284604 27.876167
2021 0.000000 22.291478 41.868032
3764 60.381193 37.133696 0.000000
8470 58.323165 38.499482 0.000000
8469 61.627011 38.651358 0.000000
6997 100.000000 0.000000 53.846154
5091 98.009258 0.000000 52.616083
7056 100.000000 3.804714 31.431730
1574 100.000000 3.193008 32.091035
3471 100.000000 10.331948 30.705169
2969 51.413192 1.172838 100.000000
2967 53.333333 0.000000 100.000000
2968 54.136076 1.428184 100.000000
2249 100.000000 48.437500 0.000000
2248 100.000000 45.778254 8.694977
2834 46.784797 0.000000 88.160950
5837 47.441547 0.000000 85.520354
8911 49.582426 0.000000 87.567187
4235 100.000000 43.743463 82.626076
9314 100.000000 4.544246 40.176993
9674 100.000000 4.948167 41.356144
3347 97.431973 0.000000 56.479546
3462 60.163856 77.851046 0.000000
2742 35.575944 17.705917 100.000000
8448 75.978716 71.155824 100.000000
2413 73.388012 71.303702 100.000000
1122 53.215033 0.000000 16.149536
3332 100.000000 13.825974 6.559307
3331 100.000000 14.787553 8.439099
1261 100.000000 13.459866 8.979942
1230 0.000000 52.196872 66.696334
5367 0.000000 53.291717 58.544397
2312 49.585761 15.672173 0.000000
7614 49.129478 14.541810 0.000000
2310 47.669089 15.312962 0.000000
6116 50.000000 0.000000 100.000000
9402 20.784602 10.734768 0.000000
8007 19.484018 11.302391 0.000000
8569 42.291567 53.621198 0.000000
8568 38.811511 53.418774 0.000000
9479 39.484583 55.070169 0.000000
10115 13.060095 64.851269 100.000000
3907 79.471026 4.950858 0.000000
229 79.595570 6.145647 0.000000
230 81.309841 6.778146 0.000000
5770 100.000000 58.345331 93.637678
9723 100.000000 57.049011 94.320247
1560 100.000000 57.981806 90.458860
2602 55.934755 100.000000 33.017615
6872 100.000000 8.985356 32.320713
5166 54.347304 0.000000 97.369153
7467 55.523193 0.000000 94.790235
4568 0.000000 54.687500 0.000000
4569 4.537643 52.908883 0.000000
4609 53.771167 61.114753 100.000000
10744 74.102469 100.000000 97.689304
1635 76.054514 100.000000 95.681482
3399 72.989874 100.000000 95.160202
6114 17.039944 0.000000 11.148584
9263 15.678033 0.000000 7.377036
6474 18.170022 0.000000 5.421430
3208 100.000000 100.000000 22.222222
9111 98.667473 100.000000 26.099282
9389 100.000000 100.000000 25.925926
3918 43.137255 0.000000 0.000000
1309 44.512193 0.668485 0.000000
1308 45.098039 0.000000 0.000000
7535 37.815458 24.060033 100.000000
5857 31.667594 25.290219 100.000000
2421 15.739810 38.565050 0.000000
8718 34.961524 29.189643 0.000000
1013 35.191429 27.668298 0.000000
4913 100.000000 62.906260 82.907720
94 14.857610 27.397274 0.000000
7003 57.027628 100.000000 6.624424
155 58.748401 100.000000 3.259465
5956 48.069459 100.000000 57.390522
6160 100.000000 63.591090 89.769110
10454 100.000000 5.157652 76.617128
3782 100.000000 6.221488 74.504206
3781 100.000000 6.141233 78.381898
6258 0.000000 44.764361 94.482737
355 0.000000 46.246048 88.498797
6227 100.000000 85.593891 3.901696
7135 100.000000 87.500000 0.000000
7086 100.000000 13.909035 50.449259
182 100.000000 14.871313 50.342224
10461 100.000000 8.738540 96.480263
10399 100.000000 9.556124 93.930823
6366 100.000000 10.038914 96.904434
2871 33.073544 100.000000 73.566484
3515 31.188401 100.000000 72.216551
4795 48.362400 55.934305 0.000000
4797 52.281151 57.245981 0.000000
2448 84.821618 0.000000 64.207093
1508 87.248424 62.706015 100.000000
1697 29.989006 100.000000 91.993804
5283 31.220556 100.000000 94.629543
8109 32.893451 100.000000 92.350046
4169 0.000000 19.352535 22.590717
10735 0.000000 18.220342 25.362151
10052 100.000000 23.605733 27.813793
2197 100.000000 24.574191 28.257744
640 100.000000 23.705425 30.291331
826 0.000000 6.328081 22.730425
3613 0.000000 6.542711 20.147756
243 100.000000 27.384316 44.317134
8367 100.000000 26.077886 45.003264
1399 94.023114 8.657310 0.000000
10773 91.914873 9.343901 0.000000
5947 93.980118 10.382518 0.000000
4964 31.982772 0.000000 72.511528
8178 34.698102 0.000000 71.065056
10328 65.947057 89.331840 100.000000
10718 65.967863 88.338959 100.000000
10122 0.000000 17.347095 90.718647
10702 50.991088 100.000000 60.864542
81 51.673621 100.000000 58.539575
1650 5.190941 2.793146 0.000000
1649 3.354100 1.308715 0.000000
9021 3.300771 2.787572 0.000000
8895 37.584014 0.000000 80.572459
2773 100.000000 85.041894 7.970909
6228 100.000000 84.150344 6.565862
10618 53.213386 0.000000 24.948654
10305 51.484148 0.000000 22.984891
9445 100.000000 75.519487 59.180020
9932 100.000000 74.218364 58.351442
8903 100.000000 75.817819 55.272287
4947 100.000000 33.766234 100.000000
2122 100.000000 67.192368 18.863945
4641 100.000000 66.348130 16.536218
7782 65.355638 43.914237 0.000000
952 61.169281 43.265794 0.000000
6731 65.686288 5.158981 0.000000
2027 100.000000 16.529605 86.117789
7091 26.666667 0.000000 100.000000
7263 25.942439 0.830084 100.000000
1925 56.728190 35.931138 100.000000
2389 55.242191 34.447274 100.000000
2442 93.342915 23.974965 0.000000
8270 32.156822 17.776679 0.000000
9769 100.000000 17.445295 25.667813
6217 19.216129 7.554808 0.000000
6216 18.696630 6.669141 0.000000
248 57.352988 100.000000 51.219036
249 58.138155 100.000000 53.849700
9876 97.172863 0.000000 68.843919
7006 97.033970 0.000000 64.527656
4081 100.000000 22.685321 25.082047
622 2.562495 40.928374 0.000000
4089 0.000000 40.625000 0.000000
8626 76.530010 0.000000 5.026777
3952 100.000000 99.177903 44.548544
5654 68.784032 55.411787 100.000000
8650 65.833516 55.844612 100.000000
2497 67.221663 54.501252 100.000000
6878 61.976148 10.003629 0.000000
6879 63.934031 10.696015 0.000000
6869 63.262235 35.047660 0.000000
10241 65.715181 35.605973 0.000000
2487 65.360680 34.272509 0.000000
649 62.865077 30.727946 0.000000
648 64.779343 31.572217 0.000000
6757 10.225656 44.936072 0.000000
6756 12.405995 43.574312 0.000000
2521 9.594199 43.775824 0.000000
9145 45.066906 3.509068 100.000000
268 45.544976 5.268276 100.000000
2220 42.151448 5.014793 100.000000
5268 19.636598 21.404657 0.000000
10502 34.127553 76.651135 100.000000
8651 64.193214 54.832270 100.000000
1188 100.000000 15.292761 34.852821
10697 47.440610 98.195085 100.000000
6282 49.543918 99.117891 100.000000
2383 45.764872 99.168381 100.000000
9149 13.035274 36.122775 100.000000
4594 29.741263 10.707229 0.000000
10553 30.613236 11.663888 0.000000
9219 31.315077 10.990710 0.000000
2226 100.000000 36.623839 74.591390
2228 100.000000 36.524797 83.066301
3873 30.424150 0.000000 86.487366
3871 28.191889 0.000000 84.417864
3872 31.191321 0.000000 83.237460
822 47.217187 79.446010 100.000000
7128 68.272520 0.000000 13.352406
3178 100.000000 16.104372 17.819858
4978 100.000000 17.108619 16.334234
5186 96.666667 0.000000 100.000000
4566 27.023576 73.311505 0.000000
2243 9.411282 100.000000 42.609223
4096 84.725809 77.362475 100.000000
7459 32.162825 78.748174 0.000000
4621 27.316177 80.397604 0.000000
7548 32.916659 81.228146 0.000000
4199 63.205894 100.000000 8.599609
9056 100.000000 15.407941 22.209544
4696 100.000000 15.017800 19.499675
3521 100.000000 16.223099 20.405156
2781 100.000000 76.202751 74.540434
4378 100.000000 75.351260 77.506490
904 17.647059 0.000000 0.000000
2100 45.230885 0.000000 15.025552
4219 100.000000 58.344446 72.719565
3196 67.006266 60.792119 100.000000
7316 65.036970 60.349811 100.000000
7276 67.154200 59.642208 100.000000
3769 64.989861 100.000000 53.348237
3770 67.693472 100.000000 52.481790
1047 18.719894 54.107010 0.000000
3052 87.398580 75.543635 100.000000
8024 77.767032 8.786876 0.000000
5998 77.398754 9.780801 0.000000
6025 82.232695 91.925349 0.000000
236 84.895693 91.239530 0.000000
2778 56.651637 46.735188 100.000000
7812 100.000000 8.398108 10.765869
10118 100.000000 7.898497 11.901432
10724 100.000000 70.198393 90.850934
5734 100.000000 69.347430 94.056337
4314 100.000000 68.847955 91.826913
5149 86.804788 74.231984 100.000000
37 89.229800 42.123797 0.000000
5867 0.000000 27.047364 9.465949
206 0.000000 27.424356 6.668814
10340 50.148349 81.652350 0.000000
3950 50.810063 79.524115 0.000000
7215 46.443861 80.820719 0.000000
9191 61.105591 84.226169 100.000000
4707 100.000000 92.010833 80.082392
4708 100.000000 92.681504 81.334020
4706 100.000000 91.907472 83.017544
10520 11.328444 0.000000 45.835126
4572 14.763957 0.000000 43.050181
60 80.349446 0.000000 38.635261
4277 78.738620 0.000000 40.906962
4123 77.252754 0.000000 35.805498
3640 47.052769 100.000000 36.015528
3639 47.022211 100.000000 33.497781
6349 100.000000 63.070353 62.642387
8663 100.000000 63.136048 66.460799
8664 100.000000 61.598133 66.892395
900 75.379844 61.814499 0.000000
1919 72.727273 100.000000 0.000000
1561 70.761254 98.249784 0.000000
1563 69.696970 100.000000 0.000000
7317 22.148792 1.367432 100.000000
7199 100.000000 18.594343 7.702544
8156 100.000000 19.467557 5.644997
6884 100.000000 25.147770 18.189720
6886 100.000000 26.241913 16.541589
6397 100.000000 26.081146 19.375938
4501 100.000000 14.062500 0.000000
12987 100.000000 12.992255 1.233949
179 18.708403 1.861061 100.000000
2203 83.150299 0.000000 48.188756
8376 17.585657 11.533695 0.000000
853 15.655217 11.960399 0.000000
3389 17.447629 12.746994 0.000000
9310 9.262528 59.254947 100.000000
3339 33.481283 19.615280 0.000000
8490 32.029879 18.904805 0.000000
6963 31.659964 19.960962 0.000000
9506 80.202234 0.000000 45.767670
6286 46.527902 78.277060 0.000000
9679 44.424532 76.480941 0.000000
3192 36.558526 6.433953 0.000000
4628 19.789138 86.700544 100.000000
6599 18.140416 88.413177 100.000000
7262 28.845239 1.335034 100.000000
4942 100.000000 74.431628 29.920757
553 100.000000 75.970555 26.577774
5236 81.657330 0.000000 43.543221
4933 19.356545 100.000000 26.432213
2630 20.553784 0.000000 9.945342
3774 97.652244 84.738235 100.000000
5241 100.000000 85.714286 100.000000
5007 0.000000 4.510462 62.117133
9919 100.000000 30.656205 60.062389
9698 100.000000 29.522381 65.810025
9615 100.000000 28.973054 60.894231
10302 81.499185 53.058488 100.000000
4891 83.118167 53.744668 100.000000
10114 86.170016 51.850205 100.000000
350 80.654268 23.312067 100.000000
3540 84.722498 51.221971 100.000000
1228 81.518788 82.483338 100.000000
7322 0.000000 77.956281 28.102152
6031 0.000000 76.474982 33.107579
5720 0.000000 78.771068 31.751507
6465 24.683765 100.000000 91.456303
2646 27.563227 100.000000 90.235824
2840 8.802790 12.319903 0.000000
9881 7.219184 11.340818 0.000000
4737 6.855990 13.051579 0.000000
10608 0.000000 73.359440 14.655349
13050 0.000000 74.348238 6.100251
5797 0.000000 75.000000 0.000000
4396 0.000000 73.437500 0.000000
7327 26.777750 21.380970 0.000000
1128 24.821658 20.928774 0.000000
2132 0.000000 74.166971 95.741873
9575 0.000000 75.000000 100.000000
2954 0.000000 1.252987 93.785457
1968 0.000000 3.075564 90.574137
6522 100.000000 59.362969 30.971873
6523 100.000000 60.695146 33.449796
6212 0.000000 4.081791 15.781870
5894 0.000000 4.426107 18.367482
7760 100.000000 21.316957 48.643642
773 100.000000 22.248455 47.764207
7579 100.000000 21.692202 50.912920
9643 44.918043 95.604490 100.000000
7879 100.000000 66.050443 54.628667
5175 100.000000 65.972789 58.621807
6351 100.000000 64.552885 58.530087
5177 100.000000 64.554780 62.433015
473 96.537933 13.686612 100.000000
7957 6.028995 72.015604 100.000000
509 9.069013 71.175323 100.000000
508 9.101144 72.940821 100.000000
3028 100.000000 85.937500 0.000000
7134 97.394893 87.962989 0.000000
9245 18.289051 59.372562 0.000000
7790 15.496919 58.185656 0.000000
8888 13.718542 59.648791 0.000000
4782 31.682079 28.052014 0.000000
4781 32.231688 29.226124 0.000000
4633 33.466259 28.287012 0.000000
9650 82.384812 28.495358 0.000000
1599 55.876312 93.341053 0.000000
67 81.058926 33.923143 0.000000
4061 85.035267 31.568817 0.000000
2207 87.042723 31.979039 0.000000
4977 90.307500 0.000000 82.379824
7079 88.083788 0.000000 82.806496
8425 86.851522 0.000000 79.526366
5846 100.000000 7.551315 57.149292
1576 100.000000 7.195103 54.049527
1690 100.000000 8.183755 54.346887
4345 100.000000 82.720464 7.127099
3250 100.000000 3.930873 61.718115
6854 80.196080 100.000000 29.623085
6855 82.672674 100.000000 29.260862
6853 81.654321 100.000000 26.908511
9301 0.000000 66.358695 53.760788
6822 0.000000 67.019274 45.658356
6821 0.000000 64.973367 51.871515
5503 71.847181 87.939673 0.000000
9894 100.000000 1.525964 96.753554
1029 100.000000 0.949693 94.762236
6336 40.357872 100.000000 43.509536
6334 38.331724 100.000000 45.426686
6335 39.667409 100.000000 46.381199
5565 100.000000 80.567481 14.195696
4642 56.414517 9.164858 0.000000
9585 54.456742 8.728603 0.000000
6487 54.708760 9.759114 0.000000
8139 92.542507 100.000000 52.456115
8137 93.376030 100.000000 55.857751
139 85.131744 58.805777 100.000000
7724 75.051840 100.000000 57.451902
10374 77.291392 100.000000 55.945944
8370 33.928928 47.768523 0.000000
7656 100.000000 27.041886 62.049877
5161 100.000000 27.867097 67.256200
215 100.000000 75.546317 38.542396
2884 100.000000 76.899487 39.068349
3571 77.059750 69.939531 100.000000
2818 78.923011 71.004893 100.000000
5060 60.711635 43.085414 100.000000
5062 65.605113 41.366773 100.000000
5225 66.094304 43.143230 100.000000
3342 42.984449 70.522215 100.000000
3341 44.731723 69.344953 100.000000
9644 45.872319 70.523731 100.000000
4976 93.815733 0.000000 84.014475
4975 91.382707 0.000000 79.739309
3510 100.000000 25.856577 22.699651
2667 76.157577 21.046126 0.000000
854 16.150567 10.557697 0.000000
5698 88.235294 0.000000 0.000000
13140 91.459433 0.000000 4.434469
13141 90.483863 0.000000 5.408509
10786 94.424495 0.000000 7.729517
13144 92.327764 0.000000 3.850895
10463 3.813384 96.702331 0.000000
2030 2.948541 98.133451 0.000000
3618 100.000000 10.389610 100.000000
12945 97.562151 9.480568 100.000000
3321 29.998067 89.228617 0.000000
9854 50.784621 13.628011 0.000000
6333 42.836786 100.000000 13.065888
4311 44.473492 100.000000 15.225791
2700 45.730939 100.000000 12.631532
6085 12.480330 39.132615 0.000000
2717 13.738652 37.491958 0.000000
5222 0.000000 25.312580 83.033678
279 100.000000 58.545864 49.245877
8647 100.000000 16.420408 22.905610
9786 100.000000 17.258100 21.215667
7953 2.959755 72.730854 100.000000
6735 6.004051 73.970794 100.000000
6734 2.710484 74.402009 100.000000
10232 100.000000 7.306079 87.279339
8661 55.424642 53.042645 0.000000
1641 22.846465 80.305125 100.000000
2198 13.280277 73.287579 0.000000
2992 9.171615 72.111731 0.000000
2991 8.950434 73.728812 0.000000
5906 10.901140 35.709965 0.000000
3531 8.505661 36.218457 0.000000
342 12.793416 67.379891 100.000000
10703 14.241705 68.728892 100.000000
3838 68.097425 100.000000 39.603912
2944 0.000000 9.848336 62.111837
3279 67.675493 100.000000 36.662195
10376 100.000000 72.212092 91.710996
8468 100.000000 71.554600 89.702334
1967 100.000000 73.033387 88.133120
2200 16.872668 74.560509 0.000000
4564 22.017659 74.390530 0.000000
4754 40.539079 70.896315 0.000000
1828 47.391469 69.883719 0.000000
1154 43.536039 68.153292 0.000000
1310 46.286935 0.772114 0.000000
7904 48.238941 0.746902 0.000000
7211 47.058824 0.000000 0.000000
4440 86.808487 61.698230 100.000000
6054 0.000000 8.501203 19.661330
5402 27.539769 0.000000 67.739430
6746 26.810535 0.000000 64.246558
6022 86.799717 100.000000 61.029578
5179 0.000000 14.531997 75.907745
9861 0.000000 16.105340 73.893688
6525 0.000000 64.062500 0.000000
10329 4.802930 63.197233 0.000000
3773 100.000000 84.415584 100.000000
1346 45.609108 0.000000 26.502310
6517 44.001745 0.000000 29.261265
405 0.000000 97.184283 63.377009
1840 100.000000 59.986662 67.537278
1839 100.000000 61.526165 62.959043
1272 12.748666 100.000000 42.260754
3014 0.000000 87.327053 37.885411
3013 0.000000 87.977574 34.497206
1554 0.000000 80.000000 100.000000
8397 34.475371 43.240673 0.000000
9560 33.468433 44.581826 0.000000
8508 36.579947 43.853549 0.000000
3854 14.225637 100.000000 92.775944
9719 7.261530 2.827376 0.000000
1648 5.535247 1.388089 0.000000
6049 6.821906 4.241144 0.000000
6922 0.000000 5.000000 100.000000
10774 0.000000 6.666667 100.000000
10148 0.000000 3.148455 14.502268
3082 0.000000 2.763770 16.907231
3083 0.000000 3.613445 17.564157
460 68.800881 49.381364 100.000000
296 67.067695 50.746933 100.000000
7573 100.000000 96.962408 33.995565
10177 100.000000 96.813554 37.952368
8171 3.303932 81.293225 100.000000
3741 5.891413 81.154081 100.000000
7841 1.792533 1.492017 0.000000
2245 59.143395 6.241928 0.000000
6495 57.709223 7.135477 0.000000
354 0.000000 47.651226 82.258565
353 0.000000 48.151011 88.270147
12836 0.000000 57.217253 6.505204
13083 0.000000 56.432102 8.765883
13081 0.000000 56.903580 9.718263
13051 0.000000 58.050423 3.504078
12894 0.000000 57.967890 6.895632
13129 0.000000 58.570031 3.686948
8894 77.364324 41.188188 100.000000
5455 71.454926 41.535295 100.000000
5457 76.855652 39.439996 100.000000
10595 4.872090 4.205977 0.000000
10036 47.099102 46.326094 0.000000
10037 50.702234 45.411136 0.000000
4589 48.518706 44.377136 0.000000
9877 100.000000 100.000000 29.629630
9824 100.000000 98.441161 30.000307
9639 100.000000 62.289787 28.641419
86 100.000000 62.995625 22.200480
10390 43.181705 17.859639 0.000000
10304 49.695669 0.000000 25.221981
5588 58.152400 78.678453 100.000000
9093 58.596124 77.517217 100.000000
819 26.070388 91.966556 100.000000
9329 68.965912 89.836731 100.000000
10384 50.101580 100.000000 63.397872
974 47.664280 100.000000 64.776135
7431 49.637301 100.000000 65.798912
1004 83.432148 71.733234 100.000000
2284 85.617630 71.942445 100.000000
1281 0.000000 12.823642 29.257924
1280 0.000000 12.708356 26.529898
3076 0.000000 11.883245 28.346741
1645 59.040387 76.396016 100.000000
1617 100.000000 60.459289 39.003657
9913 79.324899 18.331413 0.000000
6807 76.792647 18.470887 0.000000
1200 82.586721 25.406029 0.000000
4154 48.587592 92.393108 100.000000
1292 14.392539 50.216723 0.000000
1290 18.962463 49.287567 0.000000
1291 16.605202 48.290174 0.000000
9652 28.674088 76.456788 100.000000
9347 100.000000 7.792208 100.000000
9345 100.000000 6.493506 100.000000
13245 100.000000 7.029982 98.220137
4681 0.000000 74.310469 90.845778
3653 0.000000 73.341608 88.388034
3903 59.030794 13.269872 0.000000
7120 14.680410 0.000000 85.185731
9734 16.009022 0.000000 86.677465
6098 91.734570 23.089453 0.000000
8908 100.000000 3.900469 22.598034
8907 100.000000 3.588023 24.477653
8259 8.218211 0.000000 22.526398
5344 10.202065 0.000000 22.746080
5170 7.832984 0.000000 27.089727
6281 11.557393 89.352404 100.000000
7502 14.885978 88.911100 100.000000
3925 100.000000 89.866813 62.770892
319 0.000000 5.618582 95.191170
4725 8.577276 100.000000 54.962401
10216 100.000000 34.833535 83.359452
3688 82.157021 21.258854 0.000000
8614 81.898098 22.523178 0.000000
5898 33.061520 14.234209 0.000000
4033 32.207308 15.093528 0.000000
3586 33.922457 15.099432 0.000000
8715 61.789244 83.712411 0.000000
8823 59.350307 82.729857 0.000000
9818 100.000000 15.416744 42.458892
9819 100.000000 14.484832 41.997387
1533 95.738381 100.000000 66.459910
4938 92.443769 100.000000 66.443295
5517 94.043869 100.000000 69.813988
1380 39.568922 8.299151 100.000000
1381 35.875432 8.453065 100.000000
2163 100.000000 21.931268 32.212291
639 100.000000 22.937186 32.483988
2162 100.000000 22.156194 35.355857
2652 0.000000 31.958244 13.990108
2654 0.000000 31.072081 17.225612
13164 2.580631 17.459868 100.000000
4885 60.560428 5.410211 0.000000
2244 61.106655 6.387617 0.000000
8168 100.000000 50.520233 52.435539
146 100.000000 48.947435 61.716600
1580 23.548913 48.147235 100.000000
8939 55.574878 100.000000 10.004049
1182 0.000000 18.184147 63.849578
9429 88.562031 66.203426 0.000000
9574 94.621050 64.789813 0.000000
13215 55.514905 100.000000 45.604864
446 57.328108 100.000000 45.478134
766 0.000000 22.282438 95.520324
6297 0.000000 20.200176 97.585389
10419 0.000000 21.666667 100.000000
7911 77.819520 26.382254 0.000000
6209 75.573658 26.221620 0.000000
7551 100.000000 98.215499 34.247661
2823 100.000000 99.168221 35.387187
5639 76.747303 24.111382 0.000000
6800 49.678419 100.000000 68.185806
975 47.358579 100.000000 67.580063
6464 21.860098 100.000000 91.563992
10717 9.430012 2.820631 0.000000
8781 7.600989 1.399299 0.000000
2381 61.171345 34.433386 0.000000
3814 100.000000 86.041951 55.740612
3815 100.000000 87.252597 52.643978
3763 63.225390 36.337952 0.000000
505 56.862745 0.000000 0.000000
1970 0.000000 3.756130 92.205975
877 0.000000 31.990414 82.199986
876 0.000000 33.466093 78.170185
10067 100.000000 8.831137 20.173954
5932 100.000000 8.337662 17.893028
5933 100.000000 9.296442 18.499813
2873 0.000000 90.223967 29.851758
2872 0.000000 90.004191 27.348944
10060 0.000000 91.677945 29.786510
2874 0.000000 91.114210 27.118470
4551 0.000000 89.070117 32.371270
10565 0.000000 0.000000 0.000000
12965 0.823201 1.442030 0.000000
4205 0.000000 92.518612 26.206329
3375 26.518397 59.953340 100.000000
3446 27.638534 58.463065 100.000000
1028 100.000000 0.000000 92.307692
5934 100.000000 1.211035 87.483653
5935 100.000000 1.694366 90.442705
3125 9.673863 34.716800 0.000000
8727 0.000000 1.562500 0.000000
2092 0.000000 23.944957 91.407365
2354 80.367082 52.944614 0.000000
5619 30.785193 100.000000 47.276280
1520 32.214406 100.000000 49.636418
5289 96.763905 0.000000 84.619490
10636 100.000000 0.000000 88.461538
5290 97.082862 0.000000 89.136007
10627 100.000000 25.293290 73.693809
5160 100.000000 26.220870 68.749470
5162 100.000000 26.834469 74.231712
556 92.760270 51.865125 100.000000
555 93.019993 50.412950 100.000000
12966 1.776854 0.700183 0.000000
4153 57.167300 15.173556 0.000000
7075 0.000000 90.595775 25.216076
2372 90.909816 24.412415 100.000000
12838 0.000000 11.556635 1.416936
12837 0.000000 10.562215 1.758512
722 93.383348 83.627870 100.000000
919 36.736051 26.473689 100.000000
3276 56.666667 0.000000 100.000000
2613 42.911315 66.836083 100.000000
2165 45.001181 65.643002 100.000000
4036 75.271518 29.709736 0.000000
4035 74.416448 28.510322 0.000000
3569 85.762803 26.935604 0.000000
3388 17.542378 14.106153 0.000000
917 19.112701 13.308924 0.000000
8356 28.147349 88.534766 100.000000
2338 58.247932 30.298772 0.000000
3427 57.055232 29.254678 0.000000
2230 24.703497 100.000000 19.616863
2231 27.884561 100.000000 16.229243
2229 25.091356 100.000000 14.895419
2907 0.000000 3.074322 3.533334
12839 0.000000 1.797666 1.679523
57 28.799310 100.000000 10.354863
5299 0.000000 20.340479 89.024451
765 0.000000 20.371119 93.504423
6908 83.679120 51.430908 0.000000
8288 86.666667 0.000000 100.000000
9413 90.010377 1.010639 100.000000
6989 86.512078 1.188404 100.000000
2829 51.723906 0.000000 43.664395
2828 50.813270 0.000000 48.155399
3882 48.714385 0.000000 44.772884
6937 100.000000 78.536962 70.419659
9921 100.000000 79.436461 66.317044
9233 56.440227 0.000000 42.209928
3241 42.527923 88.211000 0.000000
1682 38.542039 88.404772 0.000000
3479 100.000000 85.012203 61.346966
9822 93.274681 87.133786 100.000000
7445 100.000000 4.018519 26.848359
659 0.000000 94.206270 88.776883
661 0.000000 92.346975 88.169993
6368 0.000000 92.254315 94.659683
4655 87.293618 100.000000 84.038765
6700 0.000000 80.161921 29.493629
8510 0.000000 79.310644 26.912458
8601 75.056837 15.005561 0.000000
7214 76.914962 15.066507 0.000000
7858 75.531338 14.114874 0.000000
5342 53.993970 58.558925 100.000000
8415 0.000000 58.102647 21.615674
5379 0.000000 58.408289 14.676400
3420 40.600441 100.000000 59.867389
10626 41.587509 100.000000 62.056417
6001 35.834464 0.000000 3.060527
7487 0.000000 9.619523 75.509150
523 100.000000 52.785431 85.374501
3948 0.000000 95.398996 77.831877
10065 0.000000 93.517957 81.305968
9264 100.000000 13.280559 84.198036
8861 100.000000 14.108249 87.473378
6261 100.000000 12.880855 88.011384
2937 26.107948 42.796660 0.000000
2938 28.220266 43.972854 0.000000
3856 24.880437 44.599117 0.000000
3793 0.000000 2.603770 10.260274
8817 0.000000 8.080455 43.835439
1658 0.000000 8.849542 43.087822
4764 4.989550 9.465274 100.000000
4971 100.000000 86.309203 15.192500
10309 100.000000 65.562143 26.458562
7347 100.000000 65.341822 31.730228
499 100.000000 63.861442 30.317412
1805 100.000000 81.296808 16.263762
6790 0.000000 12.066733 58.183821
4048 0.000000 12.444905 61.011223
6791 0.000000 13.077378 58.017276
9203 34.512970 0.000000 42.386187
5953 0.000000 0.392552 41.503105
5955 0.000000 0.525749 37.342224
7970 100.000000 82.789761 14.352662
2774 100.000000 84.402015 12.048505
9540 14.329758 100.000000 14.017390
9130 7.258956 79.617434 100.000000
10074 100.000000 85.437247 13.843053
5313 100.000000 80.557205 44.459580
5303 100.000000 80.133347 42.306041
10631 0.000000 29.470645 42.910932
3902 11.879409 97.858646 0.000000
85 10.385280 98.740935 0.000000
2402 13.164718 98.931369 0.000000
7969 100.000000 83.794378 16.139751
1806 100.000000 82.144722 18.217262
5183 93.556544 72.897556 100.000000
4253 93.252451 74.207298 100.000000
9322 0.000000 4.926293 29.948585
10253 0.000000 4.459228 28.634189
6159 100.000000 62.512589 89.904228
8188 0.000000 4.103907 24.251568
5718 0.000000 4.611029 26.184375
5629 42.225007 95.443743 0.000000
9391 0.000000 4.015660 36.254622
10620 50.479744 96.361076 0.000000
4632 100.000000 89.062500 0.000000
7019 0.000000 5.502251 29.901385
871 0.000000 5.105224 28.016220
5061 59.939479 41.241936 100.000000
8719 55.092281 42.866929 100.000000
2581 0.000000 8.801481 66.175055
10192 100.000000 61.505937 58.756045
6350 100.000000 63.054106 58.578986
8768 39.476300 30.283790 0.000000
6638 41.580116 30.099097 0.000000
9495 48.352073 97.136557 0.000000
7765 0.000000 31.325849 11.776863
2653 0.000000 30.524241 15.025575
7367 97.398196 75.250462 100.000000
6118 100.000000 74.025974 100.000000
8280 100.000000 75.324675 100.000000
160 50.201086 100.000000 30.347099
3748 33.480121 100.000000 56.855164
6567 34.687514 100.000000 58.756069
7608 36.251204 100.000000 55.858733
5666 31.650758 27.046004 0.000000
5665 29.576350 27.468558 0.000000
4838 44.135301 29.873609 0.000000
6639 42.954624 31.204198 0.000000
4636 45.653794 30.944794 0.000000
9202 40.308311 31.314123 0.000000
4469 87.863520 100.000000 2.869193
4468 84.768575 100.000000 5.094288
6412 87.303338 100.000000 6.403740
159 50.043151 100.000000 27.312545
13392 48.506667 100.000000 26.233125
13393 48.478907 100.000000 27.881400
13384 48.631177 100.000000 29.347375
13385 48.770186 100.000000 30.789276
10239 88.837205 31.666665 0.000000
1986 85.335436 79.989327 100.000000
6769 0.000000 0.000000 46.153846
4437 0.000000 0.000000 50.000000
6594 0.000000 0.802245 44.860819
4943 100.000000 59.375000 0.000000
4289 100.000000 57.812500 0.000000
3311 75.053896 0.000000 66.724812
2558 0.000000 83.046753 27.405786
4498 91.536629 90.479877 0.000000
8193 94.151418 88.448818 0.000000
8194 90.605320 88.913647 0.000000
4077 77.235758 0.000000 43.321940
8063 100.000000 79.769690 95.786096
7657 100.000000 17.367606 23.624647
5968 84.971858 100.000000 14.348702
5966 86.202660 100.000000 10.416905
6623 14.733860 92.662154 0.000000
8020 69.520305 0.000000 62.064620
758 9.803922 0.000000 0.000000
12912 7.416627 0.000000 5.687623
12911 6.614516 0.000000 4.535644
5510 16.521255 95.304857 0.000000
8709 17.697500 94.499071 0.000000
2323 15.706126 94.035529 0.000000
10128 17.345554 93.158041 0.000000
604 100.000000 76.835989 87.761793
2096 0.000000 31.013516 42.422870
3712 0.000000 32.094364 38.597324
2313 16.426890 91.430360 0.000000
173 19.032469 95.808085 0.000000
7860 100.000000 82.812500 0.000000
2318 60.817468 22.236953 0.000000
4316 62.462154 23.179804 0.000000
174 16.985681 96.800461 0.000000
1788 100.000000 26.030245 8.186494
1789 100.000000 25.692640 5.999580
6370 23.621879 25.952393 0.000000
6369 21.311109 25.816444 0.000000
2811 22.279079 27.117135 0.000000
6047 0.000000 14.836500 58.036542
10205 0.000000 15.667041 59.343674
6045 0.000000 15.837980 56.577714
9614 65.977925 90.749263 100.000000
1398 96.067592 7.847719 0.000000
10190 62.472896 0.000000 84.209017
1131 15.606602 98.877592 0.000000
1133 18.181818 100.000000 0.000000
9827 17.949280 98.541087 0.000000
9368 37.999608 69.661893 100.000000
1132 15.151515 100.000000 0.000000
8853 0.000000 95.312500 0.000000
13223 2.006721 94.639228 0.000000
9496 97.723943 52.464100 100.000000
13324 99.028721 52.519277 100.000000
3055 72.804770 9.063351 100.000000
1629 74.916261 10.436689 100.000000
1543 12.121212 100.000000 0.000000
8854 4.195980 95.178071 0.000000
5559 0.000000 32.604653 28.391374
2185 0.000000 31.486529 32.065601
8934 0.000000 32.942458 31.565724
4318 19.882093 94.188842 0.000000
4640 89.858383 85.459444 100.000000
10325 0.000000 69.268169 39.428060
8724 30.876458 26.145781 0.000000
9898 30.146026 24.960768 0.000000
5382 77.294819 100.000000 66.887585
3186 80.506698 100.000000 67.307762
3185 79.425687 100.000000 64.201901
4039 19.932809 0.000000 41.525833
5667 69.558881 71.636624 0.000000
10509 70.730013 73.325590 0.000000
10698 73.999275 71.586140 0.000000
7936 38.299725 15.610872 0.000000
9866 0.000000 26.562500 0.000000
1863 0.868930 27.250117 0.000000
7220 78.553533 15.615072 0.000000
6563 80.291191 15.588360 0.000000
7221 78.948692 14.689061 0.000000
1447 100.000000 73.788528 90.271182
9838 22.757241 18.330819 0.000000
8419 100.000000 36.179855 22.778106
7583 100.000000 34.683565 26.136637
4057 0.000000 2.314298 39.151931
9784 29.648484 5.682908 0.000000
7706 28.973386 6.691620 0.000000
2864 0.000000 56.422162 69.238794
8163 0.000000 33.489194 38.400530
346 0.000000 34.720501 34.436844
3713 0.000000 33.245343 34.884955
3670 90.328179 100.000000 7.940464
9358 35.990134 55.997313 100.000000
7526 33.519487 57.252182 100.000000
5958 88.651119 100.000000 18.078850
4524 52.875173 84.052162 100.000000
2099 54.443183 82.812037 100.000000
1545 23.242137 100.000000 43.421395
1866 67.194470 100.000000 11.051597
8822 12.641686 100.000000 6.987148
9418 9.978627 100.000000 12.475493
13199 10.231603 100.000000 3.704512
13198 12.168158 100.000000 3.705150
13202 13.647664 100.000000 3.665065
13201 14.629295 100.000000 3.967963
13200 16.311579 100.000000 2.846295
9545 84.758431 0.000000 92.270152
7122 29.396999 34.318327 0.000000
10615 48.448496 0.000000 82.529581
10740 49.950636 0.000000 85.198073
5975 100.000000 93.131622 2.157110
3870 100.000000 93.750000 0.000000
8208 55.802188 91.364109 100.000000
5962 52.990643 90.934698 100.000000
6125 54.868850 90.200379 100.000000
3894 25.737454 96.674226 100.000000
3893 29.376328 96.118337 100.000000
10650 28.405906 100.000000 82.525206
4855 27.012353 100.000000 80.459672
9541 24.538731 100.000000 83.810481
1957 88.996422 53.120484 100.000000
4704 100.000000 81.878819 58.977969
3800 0.000000 87.531325 13.374290
10165 0.000000 87.179540 14.107503
1632 21.212121 100.000000 0.000000
175 20.361466 97.886416 0.000000
9250 27.977261 24.775499 0.000000
6870 29.576999 23.604183 0.000000
5763 0.000000 31.974611 9.164888
6510 0.000000 32.935915 10.286014
6551 72.061790 80.480836 100.000000
6010 72.761461 81.540666 100.000000
2483 19.762869 5.906326 0.000000
9537 17.884600 5.554635 0.000000
3593 7.246639 35.419415 100.000000
10435 15.008661 34.075010 100.000000
8859 100.000000 57.678780 77.572468
4854 23.895308 100.000000 81.007462
10126 23.953151 58.897674 0.000000
7411 82.908922 54.312180 0.000000
3680 19.626857 92.132292 0.000000
864 10.814169 95.805608 0.000000
6833 12.036863 95.424982 0.000000
1332 10.703058 94.809126 0.000000
9463 100.000000 51.782036 74.901173
488 100.000000 50.642578 73.447315
1583 26.951601 0.000000 71.764478
4131 0.000000 28.918386 90.089605
4363 100.000000 8.834546 16.285583
1505 84.523269 67.777458 100.000000
3027 84.956265 66.790550 100.000000
8524 100.000000 71.843376 48.956352
5114 100.000000 73.048663 47.944097
5113 100.000000 72.517346 51.129621
7851 100.000000 20.903177 31.541674
5272 34.965493 0.000000 54.970052
4457 33.686559 0.000000 51.956211
7963 36.269177 0.000000 51.652302
1514 7.690590 0.000000 97.538642
4013 97.307024 100.000000 50.134182
9677 94.370340 100.000000 49.885290
415 38.477481 80.944295 100.000000
8837 100.000000 41.509940 30.022207
3160 58.810561 33.733978 0.000000
7361 55.745923 33.751953 0.000000
3445 31.233832 58.477077 100.000000
1689 12.131338 77.887521 0.000000
1688 14.308042 79.271371 0.000000
2504 100.000000 41.583151 14.341243
2503 100.000000 42.922481 6.352104
7967 100.000000 44.284501 7.514686
6157 30.104721 100.000000 18.240474
9749 0.000000 37.602976 82.031193
9471 27.357295 77.697176 0.000000
4565 27.099979 75.431125 0.000000
9925 44.329300 98.499070 0.000000
9746 100.000000 15.416776 59.188753
9124 100.000000 16.601168 59.351804
9745 100.000000 16.213262 62.712301
8884 100.000000 18.162153 75.930995
7280 100.000000 17.712623 71.237707
10234 100.000000 19.195679 71.933915
6447 43.994748 33.729803 0.000000
7514 44.575180 32.250803 0.000000
7515 41.475039 32.742760 0.000000
6461 100.000000 3.896104 100.000000
412 100.000000 5.194805 100.000000
12947 98.170073 4.564262 100.000000
6472 44.021727 0.000000 57.809066
6470 41.954646 0.000000 60.319821
6471 41.182607 0.000000 56.495031
8535 0.000000 95.690803 54.517002
9003 0.000000 97.887455 51.417189
3685 0.000000 98.792725 76.911224
90 100.000000 84.758712 94.384771
89 100.000000 85.927401 94.272390
4837 42.600025 28.797198 0.000000
9161 86.200899 100.000000 98.036760
4967 89.655172 100.000000 100.000000
7599 45.839662 72.294373 0.000000
1223 100.000000 8.580451 87.840514
10500 100.000000 9.013997 90.986974
4451 55.105689 86.211653 100.000000
9751 58.030340 86.233141 100.000000
5085 56.463594 87.276777 100.000000
816 31.502737 33.027686 0.000000
5366 33.472979 31.891624 0.000000
4088 81.019800 100.000000 53.520533
1607 0.000000 83.454388 87.682353
1606 0.000000 85.591075 85.080089
8262 0.000000 84.820212 81.848751
3500 36.667670 15.803850 0.000000
3499 36.143460 16.807598 0.000000
12949 97.334398 7.230137 100.000000
1899 75.972525 17.094609 0.000000
6538 93.942914 93.607886 0.000000
2623 97.215337 93.381675 0.000000
983 35.826535 86.964607 100.000000
3819 34.051467 88.143117 100.000000
9684 25.490196 0.000000 0.000000
10547 27.559633 0.000000 3.903872
7021 26.046017 0.000000 5.300084
5655 100.000000 37.838786 10.729015
22 18.538854 94.076702 100.000000
2816 81.381048 71.454212 100.000000
2520 82.896292 70.890375 100.000000
667 100.000000 94.367077 66.968151
7575 22.150332 97.400373 100.000000
7574 23.689753 95.873774 100.000000
889 49.756024 34.662763 0.000000
7767 52.471210 35.462801 0.000000
3118 52.909663 34.049705 0.000000
2794 84.848485 100.000000 0.000000
2796 81.818182 100.000000 0.000000
4695 82.378092 100.000000 3.333754
3010 92.046006 100.000000 42.166115
8930 13.953284 4.907679 0.000000
10488 15.009037 3.972550 0.000000
6629 13.924519 26.179694 0.000000
3612 15.164825 25.084430 0.000000
9638 79.528991 80.602060 100.000000
9113 30.469618 18.345667 0.000000
7869 22.726150 21.259166 100.000000
9133 9.021045 9.390435 0.000000
3668 10.638416 8.969114 0.000000
1837 9.144875 8.026755 0.000000
1841 100.000000 59.941798 63.347167
9692 100.000000 19.429384 52.985784
1384 100.000000 19.536825 49.533206
7761 100.000000 20.539594 51.125993
8949 100.000000 8.927623 69.260752
538 42.926819 14.932858 0.000000
537 42.690260 15.919663 0.000000
8307 100.000000 24.469173 3.498715
147 100.000000 51.112779 58.204933
8167 100.000000 52.886218 50.369888
12980 100.000000 30.982145 2.338410
12988 100.000000 31.823070 1.632665
12989 100.000000 32.515232 2.050160
358 100.000000 30.598522 47.693670
10183 100.000000 30.540192 41.963320
12840 0.000000 55.957074 5.898831
13086 0.000000 56.755910 3.706399
13084 0.000000 56.290834 2.959037
12864 0.000000 55.246623 5.348245
12865 0.000000 54.220999 5.990404
13097 0.000000 54.380354 8.169951
3514 28.458361 100.000000 73.848392
7816 27.891476 100.000000 76.122921
6507 30.219100 100.000000 74.989448
432 66.137079 17.010287 0.000000
3058 69.396895 100.000000 41.892574
4600 67.181198 100.000000 42.521661
3103 100.000000 53.269654 8.183667
7568 5.597781 19.537987 0.000000
8558 6.876806 18.845862 0.000000
13321 98.669620 61.074023 100.000000
10543 97.770856 60.477838 100.000000
13325 99.058432 60.490154 100.000000
8972 95.871541 95.256224 100.000000
8971 94.204293 94.066205 100.000000
474 100.000000 78.967834 88.487402
605 100.000000 77.584193 89.683628
5466 100.000000 78.235946 86.449762
10760 47.357190 12.374812 0.000000
7723 100.000000 67.316239 58.866777
5176 100.000000 65.952015 62.275884
901 68.929921 62.753885 0.000000
9309 65.933685 61.631816 0.000000
4280 63.231983 63.312583 0.000000
55 3.819856 100.000000 73.234152
5513 7.163627 100.000000 71.292945
4756 100.000000 5.650863 47.541836
4758 100.000000 6.486451 47.960610
6475 100.000000 5.933173 50.485921
3966 36.196255 14.167473 0.000000
4735 42.684334 0.000000 21.429560
3805 40.406295 0.000000 19.841728
3319 20.146114 0.000000 37.092238
7770 100.000000 11.489552 26.118493
6907 100.000000 12.204422 24.475006
9010 100.000000 12.401829 27.088431
551 100.000000 39.062500 0.000000
12990 100.000000 37.785128 3.700948
4267 0.000000 30.506063 80.460021
5082 0.000000 27.379871 14.036741
1193 0.000000 26.894255 16.826855
3497 77.974817 46.269053 0.000000
5526 77.634897 44.197339 0.000000
8298 43.670980 100.000000 41.384032
13386 45.493136 100.000000 40.412522
3228 44.738497 100.000000 38.421326
7499 22.257287 13.246462 100.000000
5489 24.480858 14.555928 100.000000
7985 60.375450 53.728885 100.000000
10508 62.926019 53.944799 100.000000
2977 63.072548 78.719957 100.000000
642 62.524877 80.105208 100.000000
641 60.339376 79.364262 100.000000
520 64.987808 0.000000 6.323033
5401 65.796215 0.000000 10.666770
5400 63.394706 0.000000 7.648044
1686 35.812270 0.000000 27.947119
4783 37.753172 0.000000 29.809374
1751 50.197655 17.578714 0.000000
549 51.603330 18.019932 0.000000
548 51.260035 17.133850 0.000000
3145 69.418032 70.776917 100.000000
707 100.000000 56.097079 31.611721
3843 39.640094 1.645224 0.000000
3844 40.484592 0.950748 0.000000
3845 38.565123 0.888557 0.000000
7029 70.320192 15.370653 0.000000
6918 72.007741 14.915266 0.000000
5456 70.640182 39.610745 100.000000
5986 75.530589 37.781441 100.000000
2297 100.000000 38.423782 82.641951
2947 100.000000 10.081829 81.690725
4626 79.256160 0.000000 94.205108
1653 0.000000 52.474552 48.701564
7132 0.000000 54.101155 50.214799
6979 43.549127 0.000000 95.424509
5687 45.950722 0.000000 93.914265
6980 46.138057 0.000000 96.078289
4313 100.000000 68.269016 89.904779
10709 0.000000 92.080310 16.153328
6579 0.000000 91.827811 13.929523
352 77.482264 24.511904 100.000000
10047 61.170168 59.191467 100.000000
8344 100.000000 5.388444 45.240513
3459 100.000000 77.189652 97.516197
5814 100.000000 77.747151 94.687338
8924 100.000000 78.480376 96.950029
3523 0.000000 19.807839 29.145869
677 14.795787 94.709421 100.000000
239 11.211608 95.128445 100.000000
1844 13.257582 93.439468 100.000000
6890 100.000000 2.163770 60.050700
6713 100.000000 1.936253 56.173907
2633 100.000000 2.909873 57.127898
388 100.000000 75.173018 82.761056
8371 15.098397 41.805722 0.000000
8373 17.951547 42.188292 0.000000
10490 74.759168 95.527151 100.000000
2219 72.534905 94.690134 100.000000
8460 100.000000 89.935736 87.934243
860 100.000000 88.631878 87.905069
1210 100.000000 6.493690 17.610230
9247 100.000000 5.776969 15.910322
4251 100.000000 6.449609 15.810603
6038 63.163639 52.773135 100.000000
295 63.837992 51.339679 100.000000
297 66.097841 52.024854 100.000000
1222 0.000000 21.450066 50.195259
187 8.697384 25.672846 0.000000
54 0.000000 100.000000 75.000000
53 3.316215 100.000000 69.755772
3977 0.000000 65.625000 0.000000
4401 0.000000 67.187500 0.000000
7346 100.000000 90.527028 73.171451
7052 100.000000 91.484943 74.975101
7223 62.884766 0.000000 3.490160
521 64.312949 0.000000 2.862075
4210 100.000000 70.961539 88.125178
7546 100.000000 69.744414 88.347263
10120 39.530451 42.999283 0.000000
5330 42.880415 13.905572 0.000000
4709 41.970891 51.284893 100.000000
770 92.840695 80.658108 0.000000
771 90.216479 82.408745 0.000000
5546 29.787195 0.000000 29.970851
5545 28.752849 0.000000 33.092476
3108 27.766629 0.000000 29.861628
6276 63.695301 69.643731 100.000000
4584 61.029039 69.333917 100.000000
6275 63.716605 68.302892 100.000000
6721 100.000000 15.677247 66.832726
6722 100.000000 14.977342 70.605617
9901 100.000000 14.435288 67.293911
7778 77.612777 61.268717 100.000000
4888 77.391787 62.604360 100.000000
6947 25.465099 29.923985 0.000000
414 36.863275 82.023827 100.000000
1202 84.284678 24.591248 0.000000
195 16.519346 0.000000 58.889915
194 14.606711 0.000000 55.935009
4201 100.000000 28.355836 29.041936
4202 100.000000 28.322184 32.132034
4200 100.000000 27.155303 31.667670
653 94.317499 23.291321 100.000000
2253 96.279379 24.669002 100.000000
2837 66.751783 8.096111 100.000000
3772 58.119520 96.931976 100.000000
2422 49.853040 100.000000 37.270872
13387 48.577410 100.000000 36.607982
13388 48.585615 100.000000 38.105654
13391 48.553478 100.000000 35.228872
3730 100.000000 84.445545 53.111833
3731 100.000000 84.836251 55.876156
115 100.000000 83.522118 56.878937
824 45.893972 78.633018 100.000000
9792 19.389462 100.000000 49.687277
13423 21.634116 100.000000 50.025113
9223 100.000000 32.812500 0.000000
9199 88.260124 0.000000 77.715454
8830 0.000000 0.000000 73.076923
6951 4.399628 0.000000 87.821764
1481 73.839536 100.000000 31.590515
817 31.001641 31.667783 0.000000
7402 30.447080 30.329889 0.000000
6428 28.608194 31.458380 0.000000
9931 39.920903 24.053410 0.000000
5816 60.061816 4.364852 0.000000
9961 100.000000 22.160908 53.664640
4334 0.000000 0.000000 84.615385
7944 35.591494 100.000000 91.159857
10499 34.393498 100.000000 94.008372
8402 37.749687 100.000000 92.827421
9380 37.900609 100.000000 43.549156
6455 36.317362 100.000000 46.002574
7337 100.000000 17.138761 93.278198
13249 100.000000 17.871132 96.018690
13248 100.000000 17.018775 96.901392
6708 100.000000 15.885109 94.444020
13268 100.000000 16.152715 97.667443
6541 100.000000 81.275592 38.693051
4715 70.910412 100.000000 80.090499
4716 67.999645 100.000000 78.545617
8603 100.000000 72.823251 21.226149
8237 77.797494 100.000000 29.811410
8491 78.596662 100.000000 32.374912
7152 37.294722 35.993573 0.000000
4663 36.781166 34.746010 0.000000
5322 34.824667 35.730402 0.000000
855 14.026402 10.638438 0.000000
79 79.506800 27.093357 0.000000
856 81.130310 26.282528 0.000000
3806 0.000000 21.737546 20.473589
379 0.000000 22.830090 21.241164
7329 28.009659 20.250399 0.000000
10278 2.281701 89.614262 0.000000
8445 31.414155 24.104473 0.000000
1535 63.422107 29.474445 0.000000
8144 60.944779 29.865422 0.000000
886 48.625576 0.000000 56.819393
1158 14.600770 23.064994 0.000000
6768 16.257725 22.437484 0.000000
5482 87.608321 100.000000 95.370622
4506 5.805314 58.339730 0.000000
5131 0.000000 59.375000 0.000000
4507 5.113544 59.965934 0.000000
10073 0.000000 13.569303 15.753671
9570 0.000000 14.526557 16.153800
6498 58.421400 15.284111 100.000000
6497 61.366325 16.480509 100.000000
5202 56.674824 17.027474 100.000000
9208 0.000000 3.784330 29.493736
4275 100.000000 92.801265 97.037536
9192 100.000000 92.101997 94.214140
4981 16.611590 100.000000 66.346581
2281 18.029603 100.000000 62.756366
1984 100.000000 2.090904 83.269836
5182 95.893880 74.093505 100.000000
2252 94.164482 75.396181 100.000000
1946 83.443865 0.000000 11.444169
13217 36.741856 48.087753 0.000000
7835 0.000000 18.875142 88.514446
9726 0.000000 18.742149 92.297897
6777 8.465631 100.000000 38.758294
8518 12.009079 100.000000 32.901889
8517 7.358072 100.000000 34.950156
185 6.800069 25.516597 0.000000
7826 35.062717 100.000000 11.614231
5381 36.953468 100.000000 6.317482
56 33.117552 100.000000 8.241675
3151 82.377923 49.871915 100.000000
3152 84.234929 49.663450 100.000000
3153 83.383448 50.606899 100.000000
10289 100.000000 15.714476 10.430786
10290 100.000000 16.084909 7.914306
3248 100.000000 3.091633 60.651871
7207 100.000000 11.910400 21.548112
690 100.000000 12.962390 22.916328
941 100.000000 49.350649 100.000000
3557 45.049737 74.587311 0.000000
3558 40.630849 73.571636 0.000000
4424 60.281240 9.292873 0.000000
8070 62.050096 8.979386 0.000000
5778 100.000000 77.610450 75.866795
3690 80.402984 20.409400 0.000000
176 96.549202 39.651687 100.000000
475 100.000000 78.321547 91.658230
228 100.000000 79.609527 90.622036
8064 100.000000 79.032907 93.710545
10639 100.000000 35.348940 21.135420
4326 62.259552 100.000000 39.214220
1876 63.040943 100.000000 36.317403
6408 91.441672 61.346639 100.000000
5822 92.026712 62.218530 100.000000
2357 95.199969 77.899980 100.000000
1579 19.215452 49.827939 100.000000
13197 23.142704 49.877118 100.000000
1935 22.790875 51.529540 100.000000
1558 100.000000 56.033257 93.561495
1559 100.000000 56.545093 89.558958
374 36.875065 26.660659 0.000000
2393 100.000000 39.288959 21.802352
5603 100.000000 40.932332 22.147116
2394 100.000000 38.873811 28.277677
70 94.322347 54.818358 0.000000
3909 0.000000 19.097470 45.632897
9076 7.477239 8.361690 0.000000
8772 5.746236 7.131120 0.000000
8771 5.853433 8.832906 0.000000
7935 37.830696 16.504026 0.000000
8051 78.408707 100.000000 69.947654
9242 50.039382 26.563840 0.000000
9743 6.100977 0.000000 89.562109
5389 2.869339 0.000000 91.791640
39 18.816948 0.000000 79.746974
8613 21.357345 0.000000 78.072265
40 20.903878 0.000000 80.988081
9729 0.000000 2.382567 42.610387
10771 0.000000 3.020498 40.035316
6237 26.151285 31.368571 0.000000
5029 24.367838 32.953819 0.000000
862 66.432314 71.191994 100.000000
8320 91.316122 39.871565 100.000000
178 95.904561 38.601908 100.000000
8096 43.261914 26.549786 100.000000
10705 48.754751 26.731808 100.000000
3448 44.276272 28.366071 100.000000
3417 27.500717 0.000000 79.634667
3415 29.143741 0.000000 81.502831
3416 26.381250 0.000000 82.314408
10656 0.000000 2.925921 36.870676
8958 37.614898 77.817933 100.000000
9006 100.000000 73.721666 84.445634
4213 32.324867 5.730027 100.000000
8662 22.409203 0.000000 72.356532
1634 20.986199 100.000000 4.902305
258 56.970900 98.553838 0.000000
257 59.680053 98.516458 0.000000
8091 100.000000 97.402597 100.000000
6319 90.191295 94.150123 0.000000
4499 88.575029 92.609439 0.000000
2364 0.000000 15.117052 49.167132
2365 0.000000 15.594473 45.466127
1044 0.000000 14.309865 47.070598
2987 73.009189 43.623398 0.000000
10566 90.218571 9.952980 100.000000
5184 100.000000 1.298701 100.000000
12957 99.082294 0.830815 100.000000
12951 96.501975 0.648560 100.000000
12808 98.003896 0.754630 100.000000
8101 0.000000 4.000042 43.460408
6013 80.619358 0.000000 76.174914
6930 0.000000 2.420771 66.548607
8243 71.383100 80.631581 0.000000
8640 96.135216 0.000000 5.571795
8639 97.929351 0.000000 11.986558
1430 94.361163 100.000000 59.784882
1429 97.617606 100.000000 59.817349
4759 59.205847 0.000000 44.213520
3021 30.412116 4.555570 0.000000
1161 51.323018 31.771651 100.000000
5905 49.870056 16.746486 0.000000
2300 61.679788 0.000000 70.923406
2299 58.978317 0.000000 69.298632
2881 60.741335 0.000000 67.462114
4516 13.104249 100.000000 18.597499
6303 63.313631 4.192274 100.000000
9201 61.639846 3.193859 100.000000
5017 64.154744 2.794664 100.000000
9348 21.140473 98.760269 100.000000
8600 24.152652 97.848477 100.000000
603 100.000000 76.156170 90.986148
14 53.021531 25.233002 100.000000
8097 47.879059 24.988230 100.000000
9086 100.000000 87.083745 29.647214
3729 100.000000 88.551514 28.953836
2046 100.000000 92.175462 45.452366
5660 100.000000 90.961484 47.997443
2047 100.000000 91.241038 44.454508
9077 32.083224 0.000000 19.797222
1988 33.786277 0.000000 18.433962
7800 33.879579 0.000000 21.781801
10094 100.000000 14.588198 83.762304
9034 100.000000 79.220779 100.000000
9414 93.725487 0.709695 100.000000
10197 90.000000 0.000000 100.000000
8720 27.228325 100.000000 20.738263
5127 19.292226 100.000000 94.142202
10579 15.144277 100.000000 94.971761
8453 57.343532 98.046865 100.000000
9141 57.092836 76.883326 100.000000
8986 55.844954 77.903763 100.000000
8897 100.000000 22.943792 40.518884
10525 62.181949 100.000000 63.458585
5838 0.000000 71.268751 65.479449
8117 56.799126 100.000000 86.132546
10261 59.209482 100.000000 83.277149
6913 56.028196 100.000000 83.259323
734 89.141605 19.326809 100.000000
1997 91.330082 18.063069 100.000000
8041 93.257788 19.384954 100.000000
8277 100.000000 3.789169 7.023831
3916 100.000000 3.730730 4.267844
64 100.000000 5.009188 7.584114
1286 97.557217 0.000000 20.601087
3490 100.000000 0.000000 26.923077
821 24.173297 93.272149 100.000000
23 21.404965 94.833582 100.000000
7380 21.479674 93.371744 100.000000
345 0.000000 35.940789 30.370917
7026 0.000000 34.427321 31.001697
13028 100.000000 21.285014 1.661047
13025 100.000000 21.768369 1.924334
1960 100.000000 19.009002 3.538526
12991 100.000000 18.566266 1.922300
4691 15.686275 0.000000 0.000000
3785 59.990618 0.000000 81.759670
4511 0.000000 13.778218 50.698104
777 0.000000 12.502490 51.867688
6789 0.000000 13.115995 54.748482
6203 74.173479 0.000000 54.556307
9859 76.885749 0.000000 56.635115
2327 100.000000 71.428571 100.000000
9502 66.974684 65.742448 100.000000
3171 100.000000 18.181818 100.000000
8794 98.188570 18.168465 100.000000
6449 13.680115 40.411871 0.000000
10229 10.665497 0.000000 89.575492
1515 8.682392 0.000000 93.289091
10507 7.903402 0.000000 90.684110
8230 78.319494 0.000000 77.199833
8232 78.871850 0.000000 80.498460
9772 76.135493 0.000000 77.839565
3048 100.000000 65.625000 0.000000
5238 100.000000 64.062500 0.000000
1906 32.931177 95.792113 100.000000
10084 31.636811 94.616639 100.000000
5560 0.000000 33.715251 24.663626
7247 100.000000 8.573386 57.602763
666 100.000000 94.778428 63.596212
3139 69.000877 39.359290 0.000000
9252 95.538670 7.713499 100.000000
6119 100.000000 0.000000 30.769231
1074 98.128433 0.000000 28.193375
5465 100.000000 77.476658 84.688745
4547 6.212034 28.239196 0.000000
7771 100.000000 11.679388 28.534986
8022 100.000000 11.015836 29.810539
48 75.433640 100.000000 91.159657
3398 72.473005 100.000000 92.428928
49 75.034441 100.000000 93.534221
5542 100.000000 90.264854 43.403408
7294 100.000000 91.601700 40.816962
1900 77.375226 16.252813 0.000000
3933 58.181728 23.884221 0.000000
3157 56.315607 24.459436 0.000000
6530 57.156300 28.031230 0.000000
2472 0.000000 23.537665 27.226259
2474 0.000000 24.177052 24.507780
8440 43.726683 27.436310 0.000000
8438 42.154187 26.085868 0.000000
2045 64.595099 79.896662 0.000000
7218 61.777154 79.195085 0.000000
10754 81.635750 100.000000 7.055681
425 79.086806 100.000000 6.007928
4739 7.207525 0.000000 48.972457
5916 6.479989 0.000000 44.949125
7849 84.455841 100.000000 83.249390
897 85.924258 100.000000 80.479406
1594 6.298013 0.000000 54.789426
1991 0.000000 83.331746 6.714601
6137 30.031581 45.058902 0.000000
7470 31.650618 43.516134 0.000000
1962 94.541693 15.502643 0.000000
1527 98.267908 76.191192 100.000000
1528 100.000000 76.623377 100.000000
1526 97.878438 77.286202 100.000000
837 69.503924 26.141054 100.000000
1109 72.638967 24.446320 100.000000
835 74.678534 25.594465 100.000000
8553 96.708942 66.230470 0.000000
1922 47.032054 52.956053 100.000000
3704 50.042922 53.075987 100.000000
1538 2.277306 0.000000 62.038792
10143 0.000000 64.735613 60.365620
3874 47.708998 100.000000 46.757736
8309 47.938000 100.000000 43.338928
1043 0.000000 13.538810 45.109666
3606 65.277078 0.000000 91.401864
8310 67.983631 0.000000 93.295542
507 12.073173 72.079065 100.000000
3614 12.327963 70.212475 100.000000
7652 41.752341 76.843889 100.000000
5516 40.924960 75.680319 100.000000
1341 43.072337 76.039212 100.000000
13142 86.784084 0.000000 4.816509
6248 84.895765 100.000000 71.617326
6580 82.119061 100.000000 73.158874
15 21.074996 100.000000 72.565940
17 17.431045 100.000000 73.449059
10677 7.861044 90.693831 0.000000
7296 5.073092 90.009903 0.000000
7464 0.000000 100.000000 83.333333
1754 41.888837 24.564125 0.000000
5960 87.635152 100.000000 21.759079
10663 71.675491 88.392237 100.000000
2642 100.000000 27.001669 90.300653
2644 100.000000 27.474248 84.672423
7578 94.876938 25.926098 100.000000
7065 89.274968 25.999769 100.000000
4662 38.857986 33.807464 0.000000
4664 38.839023 34.989786 0.000000
9266 41.152348 34.458053 0.000000
607 66.911920 64.615700 100.000000
606 68.053096 63.601701 100.000000
7710 49.762426 83.516760 0.000000
2044 63.133009 81.879326 0.000000
6262 100.000000 11.959004 85.397811
5875 100.000000 11.729207 89.108957
7362 54.661156 34.849549 0.000000
6506 78.952067 75.336495 100.000000
10567 38.762070 8.950739 0.000000
10322 36.975416 9.243182 0.000000
7253 38.453434 9.934809 0.000000
3484 15.195750 100.000000 80.717165
3483 15.942520 100.000000 83.758892
5043 56.789962 57.978140 100.000000
9500 56.355415 59.232160 100.000000
3711 0.000000 8.726723 52.191967
8648 100.000000 16.617356 25.331373
9666 65.699128 0.000000 96.008519
9539 11.286773 100.000000 16.020649
1445 100.000000 74.512674 92.731830
2361 81.353876 70.376124 100.000000
7149 100.000000 79.902338 11.710923
6712 36.647543 76.745119 100.000000
5515 39.216767 76.780574 100.000000
13136 2.449387 0.000000 95.995377
5388 5.031554 0.000000 93.143171
7279 87.036578 100.000000 74.670170
3116 100.000000 95.931300 20.656618
5443 100.000000 94.362432 20.470071
10319 100.000000 7.614975 29.089054
1513 12.061963 0.000000 94.542692
7385 15.694579 0.000000 92.265382
10400 15.268667 0.000000 95.450744
411 100.000000 6.260108 96.603794
13246 100.000000 6.130246 98.627663
6772 100.000000 42.187500 0.000000
8062 100.000000 80.269152 92.559540
6867 4.026403 0.000000 43.735462
2390 100.000000 95.368616 11.083739
2392 100.000000 94.936650 15.449254
4875 100.000000 93.613413 14.827501
7651 77.891646 58.180897 100.000000
8842 56.999061 37.243842 0.000000
9508 100.000000 94.671702 84.057315
9987 100.000000 94.173621 86.421846
7907 60.655408 52.064482 0.000000
2591 76.944096 57.417686 100.000000
8268 74.286827 100.000000 46.824897
10688 76.507537 100.000000 47.592096
8266 76.132201 100.000000 44.876039
3830 97.464332 73.427891 0.000000
4209 100.000000 9.685684 57.767926
8866 74.766606 5.687956 100.000000
7072 91.808943 100.000000 15.663209
7947 52.941176 0.000000 0.000000
7946 53.141185 0.812169 0.000000
2806 55.047279 0.431502 0.000000
652 97.263212 22.661867 100.000000
2844 100.000000 66.887434 32.594903
6838 100.000000 66.958925 27.727301
5390 0.000000 23.137130 56.605888
4702 0.000000 22.826908 60.711183
8873 0.000000 24.594813 58.109552
2478 73.838031 85.968786 0.000000
7126 0.000000 11.277665 11.251231
1565 83.062266 84.644013 0.000000
3888 87.282626 84.305971 0.000000
8472 86.165430 82.704785 0.000000
1652 0.000000 50.595192 48.893910
8950 100.000000 10.152255 70.987829
6380 72.413793 100.000000 100.000000
9696 97.103802 55.236370 100.000000
13326 98.646145 55.576661 100.000000
1484 97.357423 56.740945 100.000000
5779 24.606702 11.882970 0.000000
8234 26.200575 11.942034 0.000000
9036 66.244505 100.000000 23.692788
9066 46.666667 0.000000 100.000000
8140 43.333333 0.000000 100.000000
6978 44.750888 0.000000 97.793675
6050 6.324354 5.628128 0.000000
9295 0.000000 10.000000 100.000000
9132 100.000000 78.989769 15.500274
3050 77.865742 100.000000 87.093223
10382 100.000000 51.403227 80.372808
4375 100.000000 53.391861 74.602546
8398 100.000000 53.398853 79.602433
6581 79.415783 100.000000 72.914037
2694 45.203572 0.000000 83.424821
2983 44.679354 0.000000 86.241514
2692 42.317930 0.000000 84.443190
5835 47.927659 0.000000 27.944765
2222 41.725737 3.357815 100.000000
4233 100.000000 20.240983 22.152437
1427 100.000000 19.380398 20.202989
2845 40.896571 1.736048 100.000000
2846 44.313435 1.739959 100.000000
8659 50.039137 53.866118 0.000000
1547 25.935684 100.000000 40.184210
6434 25.257132 0.000000 80.398003
6435 23.397164 0.000000 79.431369
10123 23.106637 100.000000 39.944783
4634 33.264575 27.298983 0.000000
4585 88.229412 55.502600 100.000000
4842 38.109861 37.485922 0.000000
9408 40.108895 35.943829 0.000000
4368 50.249549 100.000000 45.306848
4413 49.509811 100.000000 48.112004
3018 62.444264 19.818425 0.000000
3016 63.140547 18.856542 0.000000
9576 2.580962 76.014792 100.000000
9905 64.097493 0.000000 12.451981
8562 37.931034 100.000000 100.000000
10586 92.555950 92.857549 100.000000
5756 89.447706 92.666071 100.000000
8050 3.930057 20.324878 0.000000
6944 69.817893 89.823870 0.000000
10570 69.201270 92.579970 0.000000
8643 71.214067 91.175429 0.000000
6946 67.971809 91.549868 0.000000
3437 100.000000 70.296759 8.392655
3439 100.000000 68.677096 9.811491
4417 49.982985 100.000000 70.595005
5723 48.381946 100.000000 86.199305
8302 0.000000 55.393791 12.431783
2525 100.000000 23.960031 63.252497
1171 100.000000 22.830647 67.703860
5742 71.997688 92.925767 0.000000
9008 74.808822 90.852481 0.000000
10186 71.487648 22.760291 0.000000
2927 72.113886 21.847015 0.000000
9200 67.286270 7.593312 0.000000
9812 69.064224 7.792670 0.000000
7898 76.439389 0.000000 94.645751
3941 79.752262 0.000000 97.193181
10145 7.384262 9.842582 0.000000
9557 26.842376 100.000000 51.085990
13424 25.407984 100.000000 49.981290
8012 69.899456 0.000000 82.430716
5141 70.991022 0.000000 79.300784
9906 0.000000 84.149733 19.920171
7722 100.000000 89.180017 35.173143
3728 100.000000 88.906380 31.990060
564 7.396033 32.818707 0.000000
5417 5.901114 32.075618 0.000000
1157 88.495735 15.422162 100.000000
4338 60.529181 90.140850 100.000000
10028 57.648060 90.244180 100.000000
5426 59.035358 89.247245 100.000000
5504 73.486919 89.320619 0.000000
4098 100.000000 93.397416 94.002684
4100 100.000000 94.775831 93.154547
4274 100.000000 94.128346 96.829693
2879 85.767650 0.000000 26.363601
5994 83.060627 0.000000 24.397450
8416 0.000000 56.378203 27.795493
966 0.000000 54.648034 34.233746
8366 100.000000 6.151031 29.596619
9311 100.000000 3.290605 41.356362
6961 100.000000 3.644434 39.725789
9845 100.000000 3.863701 41.743969
6836 45.529552 100.000000 85.393000
6788 100.000000 70.707391 26.967728
6849 100.000000 71.724850 28.398221
10150 100.000000 70.253632 30.937501
3226 100.000000 18.329097 14.924871
5951 9.900847 100.000000 96.414137
5950 12.345852 100.000000 97.803667
2314 14.799915 89.754311 0.000000
2800 11.940392 89.755765 0.000000
393 58.770838 63.801363 100.000000
395 57.221740 62.984280 100.000000
7243 68.328663 100.000000 56.376629
2425 100.000000 17.034609 31.041534
3418 100.000000 17.124219 33.954582
2007 100.000000 16.138458 32.971524
4779 100.000000 92.312337 76.899855
13224 2.328041 95.632177 0.000000
8342 10.099140 0.000000 69.012451
7366 64.303036 97.761954 100.000000
4897 65.693164 96.619856 100.000000
8341 11.573435 0.000000 64.872218
8815 9.801202 0.000000 62.364951
6321 0.000000 89.498531 23.195074
9255 0.000000 88.784037 23.774401
10569 0.000000 14.085809 56.384164
4652 11.199113 0.000000 58.132167
3592 0.000000 36.666667 100.000000
3591 6.278087 37.176566 100.000000
8748 0.000000 38.333333 100.000000
10619 100.000000 13.945703 39.939926
1322 24.325966 0.000000 50.120978
1111 75.791094 23.110670 100.000000
9225 78.931129 21.816026 100.000000
3360 64.605364 100.000000 94.741477
3358 64.225200 100.000000 97.477235
10079 23.858099 0.000000 76.520288
1245 100.000000 13.271570 25.558223
3883 100.000000 45.468300 50.605070
9522 0.000000 90.152438 21.928182
1419 78.601004 17.407742 100.000000
103 74.039149 17.052266 100.000000
1882 75.314855 73.294055 0.000000
8879 95.675906 68.043795 100.000000
13328 94.027046 67.632564 100.000000
13314 94.765299 67.030405 100.000000
9004 93.108373 66.823797 100.000000
13313 94.689484 66.118738 100.000000
1493 34.489049 51.504108 100.000000
3112 0.000000 87.376914 21.893734
7795 0.000000 88.183020 22.585441
5300 0.000000 88.215635 81.687542
1191 0.000000 86.209549 88.824475
8625 59.051677 100.000000 49.347180
2029 100.000000 16.688666 82.717854
928 100.000000 36.307968 5.201743
12986 100.000000 37.381350 2.141984
12992 100.000000 37.634237 2.761169
5383 58.349479 2.359317 0.000000
7486 0.000000 8.105535 78.324849
7488 0.000000 8.618231 73.773510
9926 42.424242 100.000000 0.000000
5380 39.393939 100.000000 0.000000
1086 88.152903 79.430284 0.000000
5777 100.000000 69.887559 46.921695
9770 100.000000 70.305013 50.204443
7227 81.167544 100.000000 32.212025
3534 0.000000 45.027545 42.796541
1759 0.000000 27.416869 94.804739
5946 94.898155 11.659735 0.000000
2331 16.319298 29.232350 0.000000
1881 17.571262 30.054239 0.000000
9707 0.000000 29.556926 9.394526
1755 64.265867 100.000000 61.804747
6704 46.454744 0.000000 71.478366
2091 79.005758 100.000000 38.410776
9416 77.154325 100.000000 37.705486
9307 0.000000 63.087823 59.189613
9731 28.590001 12.388212 0.000000
2952 75.996853 0.000000 70.177356
6338 100.000000 5.995081 38.290235
6337 100.000000 6.627805 38.971537
2880 86.628204 0.000000 22.865288
2878 88.615447 0.000000 29.162869
3619 100.000000 11.050712 96.710691
13250 100.000000 10.831482 98.327251
13251 100.000000 11.554674 97.865274
10211 0.000000 3.414269 66.534939
4686 54.215515 0.000000 54.396540
1608 27.758870 0.721587 0.000000
371 9.090909 100.000000 0.000000
2761 0.000000 88.596622 17.746883
1319 100.000000 30.872839 25.678462
1318 100.000000 31.754927 20.940326
5188 0.000000 87.982512 24.687950
1313 100.000000 19.780801 81.376531
3043 100.000000 20.934270 82.976885
8737 77.961065 0.000000 60.621899
8252 80.741905 0.000000 63.114405
4833 100.000000 5.856263 18.063625
8814 60.019984 10.366872 100.000000
1136 61.784250 11.964635 100.000000
4103 85.924628 47.894289 100.000000
4535 88.038537 47.958932 100.000000
4391 33.453609 100.000000 61.113176
4390 35.545248 100.000000 60.796802
569 78.358032 51.552108 100.000000
6122 89.036822 80.927159 0.000000
3001 100.000000 74.613931 54.107962
2999 100.000000 72.949229 57.062203
7607 73.787598 100.000000 66.501226
3696 76.361533 100.000000 63.729249
9870 0.000000 90.779988 7.056068
6624 0.000000 91.693102 8.150382
7937 50.660900 90.526448 100.000000
1103 62.028166 100.000000 44.368606
1102 62.508179 100.000000 46.750232
1219 100.000000 58.443686 7.211546
1186 57.204708 3.208751 0.000000
2369 59.557895 3.213221 0.000000
286 23.056548 10.020185 0.000000
7313 41.379310 100.000000 100.000000
2382 41.809184 99.425962 100.000000
627 87.574082 65.308684 100.000000
7500 85.308924 65.750938 100.000000
2086 100.000000 51.365541 18.257233
8161 100.000000 4.800165 89.476910
10522 62.529149 100.000000 6.203178
5069 70.568567 0.000000 66.029524
5071 69.031748 0.000000 68.229522
8019 67.528926 0.000000 64.115185
124 79.829422 67.661053 100.000000
122 80.287409 68.645616 100.000000
123 77.987028 68.630306 100.000000
12862 0.000000 4.309996 1.693941
12898 0.000000 3.652368 2.225657
6388 100.000000 2.408425 69.675838
6387 100.000000 1.431937 70.281848
6245 100.000000 1.936550 66.658069
484 0.000000 97.556253 25.437757
483 0.000000 98.385861 29.367482
9892 0.000000 100.000000 25.000000
9100 58.530824 100.000000 21.037249
10014 60.670138 100.000000 19.389426
10676 58.790682 100.000000 18.091266
9505 71.555223 87.398053 100.000000
2339 100.000000 45.702501 91.137745
2451 100.000000 46.866607 85.207131
8896 100.000000 47.401098 88.580729
8787 100.000000 55.102074 73.612462
8089 32.350748 21.894529 0.000000
9874 34.327038 21.583715 0.000000
8345 32.964348 20.753251 0.000000
8426 77.466337 13.860600 0.000000
686 77.943720 12.722040 0.000000
685 76.011129 13.018303 0.000000
9280 86.206897 100.000000 100.000000
4968 89.976574 98.908729 100.000000
7741 59.353027 0.000000 36.798039
4760 58.008780 0.000000 39.702741
385 56.875878 0.000000 35.709210
1577 100.000000 6.837641 50.954463
9292 100.000000 95.483878 96.783390
285 100.000000 58.429406 96.764223
283 100.000000 59.773516 93.354491
1401 14.846473 21.978750 100.000000
4738 5.471741 14.307337 0.000000
10764 4.103296 15.217208 0.000000
6263 100.000000 89.308825 93.367830
858 100.000000 89.012691 90.650524
6916 40.047513 41.424599 0.000000
9430 100.000000 83.676491 95.946189
1933 51.953118 0.000000 89.617646
4414 11.764706 0.000000 0.000000
12914 9.440834 0.000000 5.679186
12913 9.068846 0.000000 4.206943
6014 9.894660 66.924389 0.000000
5865 15.071883 66.855746 0.000000
3841 9.801483 76.240370 100.000000
10176 100.000000 29.462044 29.379015
7513 6.468878 100.000000 95.921040
3473 12.873521 0.000000 40.469847
2958 15.820131 0.000000 38.123643
3495 83.439359 98.377770 100.000000
9281 82.758621 100.000000 100.000000
5240 100.000000 87.012987 100.000000
5078 96.329751 87.461650 100.000000
4360 0.000000 30.800973 25.937019
8804 100.000000 24.185345 19.355347
7952 0.000000 73.333333 100.000000
5051 0.000000 11.845161 68.497018
6293 0.000000 10.200881 71.356687
7727 0.000000 11.146682 73.269876
9220 85.977349 92.245321 0.000000
8431 83.386187 92.827078 0.000000
10762 52.397758 97.158280 0.000000
7844 49.672545 97.963495 0.000000
6411 90.773833 100.000000 3.457680
5136 90.909091 100.000000 0.000000
409 0.000000 35.279155 53.550555
10783 79.100939 98.408326 0.000000
9609 52.149151 5.821003 100.000000
7737 54.750692 4.698357 100.000000
3700 95.241484 100.000000 23.762865
3701 96.401707 100.000000 26.629795
10759 53.972648 45.782071 0.000000
2789 100.000000 54.236474 88.354210
2791 100.000000 55.266034 88.931605
5827 35.664868 2.935722 0.000000
5828 37.806738 2.900230 0.000000
1696 30.891290 100.000000 88.782475
8675 17.797401 17.486232 0.000000
9090 100.000000 20.819261 28.682864
3940 83.333333 0.000000 100.000000
7532 100.000000 2.474394 63.400686
2903 24.574182 7.662259 0.000000
6663 88.943145 25.737762 0.000000
10460 82.289937 100.000000 97.473762
1637 79.094377 100.000000 96.491807
10723 100.000000 4.731326 19.627391
4832 100.000000 5.260499 18.719414
5230 0.000000 80.693870 11.478491
3353 0.000000 81.815725 11.010396
5231 0.000000 80.875869 8.515341
6485 53.299370 10.295971 0.000000
2533 100.000000 9.220847 54.536070
2532 100.000000 9.790398 51.528401
1611 100.000000 10.317054 54.494245
2180 48.146252 2.841543 0.000000
6176 47.612740 1.716312 0.000000
3137 37.606561 100.000000 19.450760
8646 13.671375 12.069795 0.000000
6898 12.043343 12.516271 0.000000
8654 13.439519 13.240316 0.000000
4206 21.525812 39.615320 0.000000
8563 53.205283 69.850852 100.000000
10562 54.246092 68.750763 100.000000
4121 55.111596 15.186913 0.000000
4122 56.118742 14.223133 0.000000
6753 6.338731 64.557426 100.000000
1232 8.193302 63.252509 100.000000
7567 47.267944 76.314272 100.000000
1340 44.458807 76.879502 100.000000
5108 91.737232 0.000000 19.104559
1640 80.896781 76.666372 0.000000
5371 83.026155 75.047201 0.000000
8008 79.586845 75.460021 0.000000
5557 100.000000 9.633351 31.402344
9897 0.000000 2.289941 78.933447
7920 0.000000 2.683946 81.093742
8108 0.000000 3.423158 76.640606
12843 0.000000 39.394701 2.336655
12844 0.000000 38.436305 2.547437
6087 46.163652 0.000000 10.977612
5773 98.091252 46.947522 100.000000
2946 0.000000 8.497018 62.487347
5335 26.209262 56.943481 0.000000
2527 23.119207 56.084036 0.000000
623 4.911413 39.500969 0.000000
7018 9.014474 46.677560 0.000000
6570 100.000000 2.982367 45.698032
1618 100.000000 3.540153 47.309460
1457 100.000000 27.449855 95.415689
2963 0.000000 58.324953 32.421284
7438 0.000000 8.333333 100.000000
6674 33.842224 0.000000 25.893032
8954 21.874298 0.000000 75.083687
10333 0.000000 86.482368 12.010311
10503 0.000000 86.595758 9.822259
8531 0.000000 85.829690 10.909442
993 100.000000 12.505991 60.856457
6781 100.000000 20.757397 72.609877
9047 100.000000 20.203720 67.856502
7981 100.000000 21.555846 67.801466
10272 84.177886 20.848065 0.000000
3689 82.407744 20.085481 0.000000
7330 0.000000 14.505141 13.442363
120 100.000000 22.127267 7.093050
2280 20.251447 100.000000 60.321999
4354 100.000000 86.832253 86.061240
8386 100.000000 22.778690 29.951152
5123 0.000000 0.000000 96.153846
13 58.106183 25.487609 100.000000
4347 63.357683 25.801237 100.000000
7669 73.480467 100.000000 62.972410
1569 100.000000 0.594575 25.971616
497 100.000000 63.617959 35.846531
7133 100.000000 63.296366 41.054931
8014 42.618998 82.424604 0.000000
416 39.686375 81.967124 100.000000
3092 39.071066 0.000000 16.132978
368 41.148948 0.000000 15.685551
6152 0.000000 2.484177 29.835195
9290 93.253210 100.000000 24.164043
10163 0.000000 87.126690 12.804420
10164 0.000000 87.259619 11.091991
3496 80.526830 97.133050 100.000000
10057 77.314961 97.444829 100.000000
4789 90.369519 45.736472 0.000000
7000 62.245679 100.000000 22.623129
9279 62.061555 100.000000 20.576418
3692 60.409630 100.000000 21.965504
973 16.282000 12.468031 100.000000
2401 20.019400 11.884226 100.000000
9271 70.880671 100.000000 67.582409
7670 71.050984 100.000000 64.946892
2901 0.000000 20.657298 77.059137
10004 0.000000 21.172650 80.799459
10551 0.000000 22.343027 76.661290
13408 100.000000 0.945365 43.401417
12967 96.055274 99.229689 0.000000
1393 63.422071 15.451548 0.000000
9382 48.750568 47.983447 0.000000
6694 48.706774 51.802264 100.000000
2684 53.183546 51.673169 100.000000
307 0.000000 16.836288 43.519407
10719 0.000000 52.879713 91.972067
9074 0.000000 53.333333 100.000000
9073 0.000000 54.643861 91.538211
8170 15.076904 71.425053 100.000000
813 14.812171 72.971686 100.000000
5249 38.964739 71.855503 100.000000
7653 38.219240 72.930306 100.000000
7331 0.000000 13.741240 10.822936
5632 0.000000 13.003547 8.607112
45 53.845991 67.775710 100.000000
682 95.363489 49.700751 100.000000
4596 29.679111 9.566883 0.000000
9855 49.625039 12.443776 0.000000
4190 42.021802 11.259746 0.000000
7894 41.112957 10.397667 0.000000
3117 50.856266 33.105963 0.000000
3119 53.967400 32.465201 0.000000
5363 51.238974 31.634640 0.000000
9581 6.416309 0.000000 22.372651
10638 100.000000 94.734153 51.254920
1701 100.000000 94.054043 55.424806
10458 32.076045 55.791708 100.000000
8995 36.940128 92.725272 100.000000
5696 37.750945 93.585732 100.000000
9600 34.811755 93.531203 100.000000
8267 74.019838 100.000000 44.330270
10275 100.000000 86.005369 61.733849
2439 61.197810 61.613777 0.000000
2934 0.000000 19.550734 25.778273
3449 50.118737 28.396220 100.000000
6390 100.000000 9.612984 40.236324
10195 100.000000 14.113561 15.254264
4697 100.000000 14.053323 17.658157
4868 100.000000 13.167702 16.217262
3057 70.354022 100.000000 43.508897
10288 100.000000 16.764233 9.406750
7610 0.000000 28.648788 32.885532
4522 0.000000 11.762400 55.205210
2210 100.000000 95.468770 41.672050
1446 100.000000 72.867068 93.752229
10379 0.000000 51.916849 10.376719
1473 0.000000 3.715612 52.984711
2131 41.979509 21.013221 0.000000
2129 39.979416 21.683484 0.000000
2882 59.294646 0.000000 63.920342
3665 60.970121 0.000000 61.127809
2221 39.453519 4.704667 100.000000
12847 0.000000 56.589660 6.210686
13085 0.000000 55.809362 8.445567
9251 100.000000 12.159475 18.918148
2051 100.000000 11.179209 19.144981
10223 100.000000 74.045375 62.324247
3343 41.394384 69.198102 100.000000
7319 53.970990 26.857542 100.000000
6081 95.749650 22.699278 0.000000
2111 94.067959 21.919882 0.000000
6080 93.756825 22.919914 0.000000
705 100.000000 54.460598 37.401427
6413 12.328587 34.141824 0.000000
3860 37.400414 11.432472 0.000000
3858 36.680381 10.447388 0.000000
3859 35.775929 11.503294 0.000000
7477 97.925157 89.780995 100.000000
3717 97.515193 90.978954 100.000000
5307 95.192933 89.876781 100.000000
4004 97.621241 30.383286 0.000000
8628 100.000000 31.250000 0.000000
2190 27.841433 72.975694 100.000000
1301 100.000000 86.424471 75.916962
1299 100.000000 86.085514 73.306980
1300 100.000000 87.262396 72.988843
128 0.000000 76.828204 73.446046
9725 0.000000 79.042908 72.585400
1556 40.045045 0.000000 31.601755
4784 39.495752 0.000000 27.323828
7384 75.655724 10.051435 0.000000
7619 25.432122 11.077703 0.000000
8318 65.826088 14.298282 100.000000
10446 34.784161 54.583203 100.000000
5661 100.000000 90.746770 51.559140
8754 14.835427 0.000000 14.214627
4798 28.205464 10.000608 0.000000
7098 28.323578 9.177607 0.000000
6285 41.966397 80.152937 0.000000
7460 37.107628 79.537009 0.000000
543 92.451752 27.967876 0.000000
7917 100.000000 32.161210 60.350957
7919 100.000000 33.709380 60.753487
7690 100.000000 31.934992 67.615026
2266 100.000000 1.681478 17.110360
2267 100.000000 1.473805 19.943538
4727 12.347060 100.000000 52.630230
2759 78.519315 100.000000 24.697177
3974 80.152545 100.000000 22.152889
3973 77.934821 100.000000 22.272385
8039 77.336180 72.213818 100.000000
8387 85.736018 0.000000 7.029793
3042 88.524032 0.000000 14.823068
1721 38.969889 100.000000 55.286432
4591 44.333644 44.947312 0.000000
3533 0.000000 46.675634 43.719383
2120 0.000000 46.727149 49.994289
5171 5.401239 0.000000 28.360908
5464 4.178375 0.000000 26.465523
6019 8.625793 75.249515 0.000000
5139 8.338316 77.026908 0.000000
8112 100.000000 4.019727 87.935936
8111 100.000000 4.909045 85.503592
7876 1.471853 44.960734 0.000000
4577 0.000000 45.312500 0.000000
7877 0.000000 46.875000 0.000000
7285 37.027103 12.315225 0.000000
4442 11.090568 68.556885 100.000000
8933 38.271510 19.028329 100.000000
5424 36.002902 20.999196 100.000000
570 0.000000 62.182522 91.501767
5308 94.111045 88.444229 100.000000
2986 69.075134 42.834836 0.000000
9846 31.899785 46.224193 0.000000
4434 29.540647 47.788735 0.000000
10452 0.000000 45.784823 82.322710
5157 24.982249 0.000000 14.144322
10166 27.046333 0.000000 12.409340
2159 63.059226 91.146682 0.000000
1713 3.067522 24.429197 0.000000
7095 4.381071 23.516210 0.000000
4271 26.140194 8.654562 100.000000
3944 86.944688 10.919738 100.000000
3945 91.157102 11.571109 100.000000
10056 21.439362 19.084490 0.000000
10055 23.021893 19.407310 0.000000
4321 5.814418 20.935146 0.000000
6634 0.000000 69.947628 72.030536
7005 100.000000 0.000000 69.230769
10729 0.000000 100.000000 29.166667
3006 77.830925 21.930721 0.000000
10653 28.253468 7.619978 0.000000
10673 29.202824 8.558192 0.000000
9963 76.057162 73.330223 100.000000
10359 77.481955 74.345756 100.000000
3624 74.809836 74.464180 100.000000
9121 52.443920 97.525394 100.000000
2792 38.090795 83.180885 100.000000
8441 41.127981 82.999915 100.000000
7405 32.006517 100.000000 69.349229
6566 37.211137 100.000000 58.111485
333 0.000000 34.251079 46.376376
334 0.000000 33.529843 42.833583
13049 0.000000 59.790733 10.547746
12850 0.000000 59.917664 6.570459
13091 0.000000 59.027720 10.093452
4871 100.000000 7.950638 67.653444
10334 0.000000 1.357515 15.666719
7804 100.000000 88.368077 95.507138
7646 100.000000 87.118761 95.178764
7289 81.394541 100.000000 87.653617
7290 78.412182 100.000000 89.876629
2810 81.713484 100.000000 91.359826
278 100.000000 56.829659 54.463669
8141 0.000000 25.000000 100.000000
2411 0.000000 26.666667 100.000000
9239 54.874202 0.000000 44.801014
8561 100.000000 2.597403 100.000000
13252 100.000000 3.258183 98.056261
13253 100.000000 2.344466 98.441943
9591 28.333669 0.000000 46.688922
1320 26.079641 0.000000 47.345154
9954 75.262899 0.000000 29.907898
5326 42.527325 6.747106 100.000000
2606 0.000000 4.741188 73.916488
1869 0.000000 3.951779 72.317376
2370 61.550302 2.555187 0.000000
2048 100.000000 92.494774 42.028059
6271 100.000000 93.555758 40.275623
1969 0.000000 2.213063 95.039670
9103 35.520658 8.417735 0.000000
3191 36.030851 7.389880 0.000000
581 34.142592 7.542698 0.000000
8197 75.384477 18.719443 100.000000
2560 80.140852 18.965263 100.000000
9804 56.167358 100.000000 56.642557
4555 55.356976 100.000000 53.751523
10024 100.000000 81.412307 91.343656
899 72.100019 63.848780 0.000000
7434 66.298065 65.148403 0.000000
1575 100.000000 2.559530 32.960593
8353 74.125907 0.000000 71.894002
5009 73.296521 0.000000 68.084788
8918 76.189752 0.000000 62.011215
2407 39.554256 6.976947 0.000000
8775 39.800572 6.018937 0.000000
7846 2.439661 16.090486 0.000000
8131 100.000000 6.054465 32.046685
2351 100.000000 12.906775 40.255958
2353 100.000000 12.328713 42.856747
8743 58.348894 95.957876 0.000000
8750 56.785034 97.293221 0.000000
3219 100.000000 22.049057 18.636866
3220 100.000000 21.361022 21.506430
3218 100.000000 20.731713 19.543879
7621 77.867673 100.000000 42.828125
6664 91.641856 25.859590 0.000000
5032 13.431505 9.388451 0.000000
7200 100.000000 17.785252 9.681158
5605 59.749919 24.595625 0.000000
4455 42.796968 83.989050 100.000000
6766 21.171393 100.000000 83.658981
58 31.380154 100.000000 13.529576
8406 17.547400 68.731821 100.000000
10033 14.439871 35.940004 0.000000
2718 12.165703 36.626735 0.000000
8783 71.127543 0.000000 71.846420
8352 73.625998 0.000000 75.039129
9709 73.668526 0.000000 12.423198
8909 100.000000 4.272887 25.122497
8404 41.359499 67.852350 100.000000
9333 38.841554 68.259519 100.000000
9934 6.630249 40.541674 100.000000
5349 0.000000 41.666667 100.000000
6140 0.000000 40.000000 100.000000
10133 22.969080 76.550418 0.000000
4911 100.000000 61.312151 86.316311
5142 70.788338 0.000000 75.272010
9864 0.000000 30.598394 6.775012
6942 100.000000 25.025734 35.268863
3493 0.000000 13.706553 96.057501
3494 0.000000 15.525926 93.722820
3702 53.557614 53.370806 100.000000
8793 100.000000 16.883117 100.000000
1015 68.603594 100.000000 61.107877
10323 68.637446 100.000000 63.860184
5376 100.000000 95.833052 4.013328
9762 100.000000 95.665251 7.253576
451 100.000000 94.188851 7.307824
4174 100.000000 79.047654 63.367848
13188 1.946305 15.588608 100.000000
13165 1.080412 14.808816 100.000000
5070 71.630057 0.000000 69.216851
9633 3.496548 100.000000 36.292575
3545 0.000000 100.000000 37.500000
2704 73.397538 98.839510 100.000000
1885 70.057822 98.870527 100.000000
4629 71.118330 97.743183 100.000000
10032 100.000000 86.052773 58.808102
1821 44.284926 48.180110 0.000000
4857 42.261151 46.727099 0.000000
9514 94.536857 100.000000 11.298736
10779 97.370029 100.000000 6.940544
9589 15.083169 0.000000 97.957651
10649 15.466805 82.869486 0.000000
7162 80.892125 100.000000 24.522187
9563 12.489522 100.000000 63.918713
909 9.388832 100.000000 64.518212
7158 0.000000 36.837910 22.874677
5766 0.000000 35.622150 27.008639
6361 46.132287 11.317648 0.000000
5839 44.976065 12.454066 0.000000
6246 83.815318 100.000000 67.821612
8092 100.000000 98.295398 81.932782
6829 100.000000 97.558718 84.578583
3998 100.000000 97.300832 81.278850
9624 29.080639 11.665307 0.000000
5386 36.514536 84.505950 100.000000
984 34.720964 85.787616 100.000000
1041 100.000000 99.213501 63.954332
699 100.000000 100.000000 62.962963
104 69.964366 18.486763 100.000000
8184 93.067840 96.605153 0.000000
6347 94.343567 97.310907 0.000000
786 96.688967 80.263650 0.000000
2587 100.000000 54.545455 100.000000
13327 98.471194 54.630866 100.000000
7174 26.575004 89.754133 100.000000
8231 81.085887 0.000000 79.792585
5269 0.000000 16.472379 53.843865
2234 73.206088 26.701193 0.000000
9013 100.000000 6.854913 29.340711
6928 94.846138 16.860137 0.000000
3671 91.395157 100.000000 11.646197
10671 57.183133 0.000000 45.638961
362 0.000000 93.524838 50.305542
13427 0.000000 94.532072 50.988569
8295 0.000000 95.614120 47.684274
13428 0.000000 97.098397 50.443901
13426 0.000000 95.781278 50.747054
8118 58.679384 100.000000 88.059554
10271 0.000000 27.785875 68.482070
7027 0.000000 29.349569 68.891364
4007 0.000000 29.127381 64.289971
6215 21.277580 88.024849 100.000000
8962 19.843424 89.465781 100.000000
3988 100.000000 90.854849 9.713437
2693 42.749326 0.000000 81.409200
5583 0.000000 40.298788 20.852138
6904 55.356123 73.164524 100.000000
10168 57.458292 73.950632 100.000000
540 0.000000 16.861993 25.128986
8856 0.000000 97.651937 18.734894
6603 0.000000 96.382889 18.793805
6604 0.000000 96.836169 21.916526
7169 31.595002 82.740527 100.000000
1167 31.377506 81.300469 100.000000
1239 63.898413 12.042362 0.000000
5514 100.000000 51.540291 63.026164
5614 100.000000 75.646209 94.004661
5813 100.000000 76.987671 92.758433
1816 0.000000 11.239300 79.756975
5246 37.190445 74.942441 100.000000
4580 35.116695 74.512196 100.000000
898 88.666008 100.000000 77.767920
896 85.713088 100.000000 77.237413
1998 82.143496 47.316271 0.000000
1999 86.594754 48.398635 0.000000
2000 86.366638 46.526143 0.000000
2188 11.806809 58.331745 100.000000
2187 10.228899 56.640142 100.000000
2003 53.847179 0.000000 92.111246
1931 51.065169 0.000000 91.850489
275 0.000000 63.229595 75.183890
8368 0.000000 62.719681 82.797731
8332 0.000000 64.685166 75.691212
4229 82.355914 100.000000 81.361979
2186 8.772427 57.968921 100.000000
6230 53.527741 87.324332 100.000000
1414 0.000000 11.825733 20.156175
1415 0.000000 12.737618 17.760313
7014 100.000000 18.986045 32.843919
9543 100.000000 80.680340 53.067388
6720 100.000000 81.542098 48.607685
3725 58.489035 8.531993 100.000000
422 55.778241 10.306383 100.000000
8978 0.000000 47.322943 13.821083
501 0.000000 48.905390 14.399684
500 0.000000 49.319701 7.998668
6342 27.435958 3.067695 0.000000
9025 6.350981 57.072508 100.000000
1000 100.000000 79.594236 71.686605
1472 100.000000 80.258280 72.734262
9346 100.000000 7.566180 96.208493
13254 100.000000 7.937645 97.880871
7978 29.657657 0.000000 49.665919
7779 79.608283 60.513439 100.000000
589 100.000000 80.102450 5.299277
10370 100.000000 80.868634 1.972541
1722 86.669634 27.402215 100.000000
1723 92.797468 27.228646 100.000000
1724 90.351441 28.574010 100.000000
2817 79.777234 72.251704 100.000000
4669 40.105391 20.680898 0.000000
4668 41.093276 19.854911 0.000000
3022 24.902142 3.745852 0.000000
1176 0.000000 35.822838 45.277095
1175 0.000000 35.347162 41.829181
2015 94.736411 0.000000 69.314592
1485 80.031910 83.220237 100.000000
5042 78.060108 83.911725 100.000000
1486 77.879779 82.712929 100.000000
7785 0.000000 27.698308 23.710849
1479 74.688211 100.000000 29.036941
1974 75.838280 100.000000 30.023090
751 76.667374 100.000000 27.462369
8839 62.708345 6.486244 0.000000
2502 0.000000 13.257658 84.673744
6356 0.000000 12.126779 82.323250
4822 0.000000 11.833624 25.762579
10576 0.000000 12.572819 24.092477
2154 87.746451 13.571698 0.000000
5505 88.586460 14.803299 0.000000
10225 0.000000 93.492687 8.844016
7409 0.000000 92.411417 9.152167
3678 0.000000 92.492239 11.364464
3588 87.082016 89.764883 100.000000
3897 84.183374 89.226454 100.000000
13168 2.263449 25.394280 100.000000
13166 3.052999 26.335345 100.000000
2674 0.000000 28.333333 100.000000
13167 3.528153 27.202394 100.000000
1989 32.584438 0.000000 15.648007
7080 30.683044 0.000000 13.501070
3660 55.602736 71.862977 100.000000
6496 62.517531 14.770577 100.000000
9183 39.853770 0.000000 3.361985
9412 38.534825 0.000000 6.492762
5358 40.295563 95.696026 100.000000
5359 38.892323 94.602931 100.000000
5357 42.527866 94.474591 100.000000
8354 75.901878 0.000000 75.144334
2657 100.000000 83.270302 47.557775
1781 100.000000 83.877373 50.310554
740 56.407919 10.384330 0.000000
6486 54.671673 10.590657 0.000000
5508 100.000000 19.417287 56.306031
5509 100.000000 20.172987 54.258140
1307 0.000000 73.770174 69.688277
1306 0.000000 71.663680 71.140591
6912 53.725742 100.000000 85.317073
10076 64.824187 92.142216 0.000000
6219 54.454370 63.257216 100.000000
3020 30.436196 3.397873 0.000000
6631 100.000000 29.687500 0.000000
348 97.086304 28.881166 0.000000
6127 29.529977 0.000000 3.070186
9685 27.450980 0.000000 0.000000
5999 63.985570 86.226080 100.000000
1244 82.352941 0.000000 0.000000
449 81.701859 1.143179 0.000000
922 100.000000 100.000000 14.814815
921 100.000000 100.000000 18.518519
5780 23.826613 10.958728 0.000000
2577 22.961428 11.782741 0.000000
10401 0.000000 80.164206 41.626896
1251 0.000000 78.215654 38.670795
1250 0.000000 77.714938 48.050663
7123 78.511185 0.000000 54.784368
3861 80.786931 84.438219 100.000000
2513 78.352999 85.152663 100.000000
12993 100.000000 28.134065 1.809224
9967 100.000000 26.685719 3.252955
13026 100.000000 27.478168 1.584636
12994 100.000000 28.859668 2.278112
8990 66.666667 100.000000 0.000000
8038 12.795931 0.000000 91.130670
10206 84.556435 8.426358 0.000000
5446 86.671548 8.099501 0.000000
1540 100.000000 98.683140 85.265216
8059 53.505112 64.565950 100.000000
2758 79.287785 100.000000 27.170790
979 45.806789 100.000000 63.213019
8819 0.000000 44.312268 29.491533
2301 0.000000 43.766881 35.563723
1268 0.000000 45.602878 31.043810
1357 50.745202 0.000000 67.975131
13330 52.682311 0.000000 68.799414
3262 53.644473 0.000000 66.472423
13331 52.005756 0.000000 66.951106
908 33.543395 100.000000 51.721489
1521 34.938180 100.000000 48.712523
12968 98.323586 96.182003 0.000000
2765 83.263841 79.908898 100.000000
3530 81.048979 79.684159 100.000000
2482 18.932324 4.744079 0.000000
9775 17.008269 4.368302 0.000000
71 48.936701 10.003468 0.000000
10245 43.970746 11.319732 0.000000
1539 100.000000 97.902365 88.117559
1792 0.000000 8.260238 58.718573
1790 0.000000 8.001311 55.191925
1238 63.849885 13.314061 0.000000
3886 0.000000 41.265102 29.676651
8960 43.362649 0.000000 53.991050
9286 43.939775 10.110799 100.000000
787 40.716273 11.706562 100.000000
7893 42.909998 10.369699 0.000000
8630 19.732634 100.000000 66.677320
2755 44.892111 10.324034 0.000000
2391 100.000000 96.770908 11.368982
3114 100.000000 96.265908 16.139361
1890 37.777225 0.000000 33.646841
7067 0.000000 12.014321 75.552871
5049 0.000000 12.730230 71.315817
9647 79.470736 100.000000 82.722707
8726 81.992059 100.000000 84.374735
4105 83.902875 47.811911 100.000000
2058 31.378243 67.230427 100.000000
10722 0.000000 35.809947 58.477004
8925 0.000000 34.010769 63.114981
4156 0.000000 35.378253 64.756988
1669 93.827182 4.303032 100.000000
539 44.008249 82.762639 100.000000
1064 45.700720 83.685001 100.000000
2145 5.820061 10.308389 0.000000
2713 62.261349 85.228123 100.000000
1552 100.000000 28.789031 43.420745
357 100.000000 29.187127 47.323950
5675 80.844574 19.246612 0.000000
1172 100.000000 24.029851 68.520078
4497 92.683909 92.079843 0.000000
10242 57.697704 5.369169 100.000000
3721 0.000000 19.454170 81.138936
13354 58.805153 7.311204 100.000000
13332 59.210689 6.379526 100.000000
2217 46.378620 100.000000 55.715169
2813 21.084080 28.418710 0.000000
1880 19.844044 29.820771 0.000000
10550 36.793014 0.000000 62.565665
1114 100.000000 84.710046 81.772148
10518 100.000000 85.931225 81.359732
7479 48.191399 1.836826 100.000000
4283 100.000000 66.127241 65.491056
10730 100.000000 67.096451 62.175522
3383 75.844517 100.000000 88.752615
8774 28.237470 4.746812 0.000000
9975 26.068290 4.904612 0.000000
7704 27.722594 5.783978 0.000000
9499 58.998155 58.567621 100.000000
8389 19.991629 3.964174 0.000000
8287 0.000000 98.491645 21.650418
1237 62.001244 12.706581 0.000000
1584 29.837412 0.000000 70.331299
8350 67.463031 17.777517 0.000000
5707 75.561389 82.398349 0.000000
7659 78.317513 81.326750 0.000000
7658 75.834002 80.498246 0.000000
5497 100.000000 21.826128 23.866765
3486 0.000000 36.571161 37.386177
1174 0.000000 36.925447 40.980529
1568 100.000000 0.617501 22.645099
6883 100.000000 1.299791 22.913085
6882 100.000000 1.112095 25.319786
5636 32.741749 100.000000 42.388877
6056 34.749859 100.000000 41.828936
5637 33.690608 100.000000 39.817774
1729 49.542155 9.080900 0.000000
1728 48.454807 8.189936 0.000000
1421 88.516953 7.891446 0.000000
3835 0.000000 20.195598 2.803871
12854 0.000000 21.061668 1.499518
12855 0.000000 20.246966 1.490911
7395 92.132796 0.858183 0.000000
7394 94.117647 0.000000 0.000000
9916 2.750866 83.987438 100.000000
420 2.675702 85.295954 100.000000
9950 15.395355 0.000000 26.959335
8540 14.715614 0.000000 22.451038
9214 0.000000 85.894864 60.563581
4778 100.000000 93.115610 78.695289
3976 0.000000 2.899558 56.221797
3947 0.000000 97.051627 75.074036
9080 12.782497 22.387377 0.000000
7106 85.272359 100.000000 39.929265
8115 86.161712 100.000000 36.398483
6528 59.133094 28.960433 0.000000
10706 8.780197 96.792567 100.000000
2731 44.326783 0.000000 43.637062
2123 100.000000 67.917849 14.776896
264 68.898540 100.000000 91.289120
10043 100.000000 47.415500 92.835392
2340 100.000000 45.700599 94.783706
8494 52.048900 85.900645 0.000000
2888 52.435106 84.274708 0.000000
624 89.575930 87.406886 0.000000
2241 31.372549 0.000000 0.000000
6384 32.915201 1.103299 0.000000
3073 100.000000 4.441162 74.386623
9397 100.000000 3.399723 75.426665
6723 0.000000 34.798120 49.703169
9304 29.986546 36.512521 100.000000
1814 37.038811 34.833636 100.000000
7391 73.072456 100.000000 18.618361
3808 100.000000 52.444835 90.379796
2012 63.838463 0.000000 30.296198
2013 61.394529 0.000000 30.074853
2011 61.992911 0.000000 26.929546
4337 62.511445 91.045998 100.000000
9446 0.000000 96.174363 10.595897
3326 0.000000 96.749690 11.992748
1467 37.041168 37.449986 100.000000
7480 0.000000 22.014282 37.086402
3852 86.115784 0.000000 67.597275
6307 63.261959 0.000000 34.432239
6308 60.504084 0.000000 33.569160
7601 69.553761 32.281971 100.000000
1786 9.862326 86.778992 0.000000
6612 9.337415 87.544391 0.000000
4654 96.765922 100.000000 75.986341
3562 35.839556 68.695322 100.000000
1213 42.345192 100.000000 87.549038
7226 62.653763 74.585643 100.000000
9241 95.657972 0.000000 91.415061
10198 100.000000 95.445325 53.635482
4339 63.301560 89.840292 100.000000
9294 33.731665 84.702315 100.000000
5922 100.000000 4.452863 17.078102
7716 95.056033 18.136648 100.000000
1216 96.943148 0.000000 95.067741
5453 79.050670 36.102009 0.000000
4793 100.000000 84.624804 97.001512
7647 100.000000 85.853750 97.405722
13372 41.886963 100.000000 41.912193
882 0.000000 98.381767 57.237283
490 100.000000 50.012507 69.990160
148 100.000000 49.573132 65.737661
2316 61.643764 20.965253 0.000000
2317 58.824951 21.156858 0.000000
3138 40.039613 100.000000 16.212485
7142 74.377923 80.674464 100.000000
6032 48.331203 100.000000 7.131880
1352 15.243127 86.199311 0.000000
7114 17.664955 84.870800 0.000000
3336 0.000000 16.941386 56.803602
1085 0.000000 88.128389 59.612773
3863 0.000000 87.547995 65.308681
8225 65.301080 100.000000 17.747579
9966 67.766530 100.000000 17.687039
4791 66.905801 100.000000 14.600724
809 0.000000 27.407657 21.318933
807 0.000000 26.325474 20.550321
808 0.000000 26.490146 23.693307
4473 0.000000 8.977057 11.724742
7689 0.000000 7.812500 0.000000
445 55.222935 100.000000 47.358867
1570 53.704365 100.000000 45.578516
4557 32.183765 100.000000 59.801058
610 44.582238 100.000000 66.701952
611 42.313343 100.000000 69.803351
2435 0.000000 28.735039 20.213691
6091 17.436956 78.142170 100.000000
1025 17.357718 76.657735 100.000000
2506 55.991716 100.000000 89.239814
732 84.726098 19.182600 100.000000
8239 6.733850 88.185856 0.000000
6009 70.945190 82.258329 100.000000
7867 67.453529 24.364594 100.000000
2764 81.906593 80.714165 100.000000
2509 84.134701 80.839131 100.000000
8297 47.152758 100.000000 38.964221
4445 91.858433 100.000000 49.193765
4447 89.776853 100.000000 51.654354
1823 41.869074 50.178430 0.000000
7478 37.389325 51.933825 0.000000
6253 42.152402 52.153019 0.000000
10341 100.000000 7.019751 66.339553
7040 100.000000 7.933104 64.003883
8579 3.353472 92.482672 100.000000
9655 0.000000 93.333333 100.000000
344 0.000000 36.237759 33.841638
654 0.000000 37.764414 33.031750
402 45.413970 60.691147 100.000000
9620 10.875354 45.014192 100.000000
8991 6.007963 44.224270 100.000000
10318 0.000000 71.666667 100.000000
729 43.611960 78.777642 100.000000
5130 44.668980 77.941212 100.000000
9400 0.000000 71.038224 43.973694
6702 0.000000 72.810348 49.588248
7632 0.000000 73.656192 38.293219
7051 100.000000 10.469123 90.901280
10385 69.703495 30.173147 100.000000
10596 100.000000 4.292594 20.976645
2583 57.970373 71.176942 100.000000
2059 33.761998 67.812473 100.000000
4617 100.000000 18.086855 12.029134
4689 13.725490 0.000000 0.000000
10153 38.057793 25.726550 0.000000
376 39.293925 26.590702 0.000000
5558 0.000000 32.238686 25.366526
1067 30.798697 2.421801 0.000000
1451 100.000000 16.421947 52.767334
2456 58.963044 100.000000 90.826612
6113 28.753546 46.226765 100.000000
6484 23.576583 44.780741 100.000000
9375 30.679442 43.993891 100.000000
9458 100.000000 41.591914 5.572692
4328 36.318911 100.000000 25.790269
7751 38.636591 100.000000 25.798134
3862 82.256857 83.453352 100.000000
6376 84.436806 83.637583 100.000000
10154 39.901361 25.285304 0.000000
4743 33.632561 84.045442 0.000000
6749 29.376942 82.696223 0.000000
708 27.479589 67.346320 0.000000
13053 0.000000 83.467776 2.048161
13054 0.000000 82.723741 1.920172
13055 0.000000 84.251415 2.146916
66 82.583863 34.754399 0.000000
2685 57.605920 51.003424 100.000000
5912 6.057040 49.526453 100.000000
9805 3.966300 44.509308 0.000000
5495 49.305079 5.805590 0.000000
2151 67.728666 100.000000 73.198366
10247 66.487525 100.000000 75.824861
2508 54.595212 100.000000 92.333082
337 97.572018 23.734828 100.000000
9941 13.278243 0.000000 32.117192
3474 11.405660 0.000000 37.446273
9981 10.263580 0.000000 33.834741
2966 57.724792 0.000000 59.916091
2964 55.651141 0.000000 63.500981
9079 63.326227 87.700664 0.000000
8300 60.937974 87.194210 0.000000
10692 44.578049 88.258769 100.000000
9298 100.000000 8.300556 8.857215
13333 99.165896 48.267154 100.000000
1702 100.000000 93.517059 59.318184
10182 97.733498 100.000000 84.255386
5850 100.000000 92.854253 6.903533
450 100.000000 92.453022 10.570019
5809 100.000000 97.578145 54.612609
8326 100.000000 98.914488 51.234570
8325 100.000000 98.863611 55.083126
6710 61.810401 92.747008 0.000000
5533 0.000000 28.974355 35.954459
5251 57.694951 100.000000 94.167852
6378 100.000000 82.873273 76.917187
4983 12.915435 100.000000 67.240566
6577 45.173577 7.448109 0.000000
6591 47.131722 7.306022 0.000000
9793 14.738641 13.825775 0.000000
9760 15.934203 14.266517 0.000000
10101 16.003279 13.297430 0.000000
1994 46.542863 65.490155 0.000000
4161 80.000000 0.000000 100.000000
9453 51.763658 12.471830 0.000000
9662 52.432057 11.652763 0.000000
7966 66.017917 75.711398 100.000000
7225 64.018102 75.728379 100.000000
5657 100.000000 65.491217 84.084530
6606 100.000000 66.910080 80.234791
5485 76.749725 54.144134 100.000000
7964 79.076705 53.578690 100.000000
9269 29.279047 93.063905 0.000000
895 0.000000 16.230843 39.378908
8849 19.072892 33.903832 0.000000
8848 16.743895 35.000760 0.000000
10034 14.666042 34.510028 0.000000
1947 78.251543 47.904254 0.000000
8224 47.436285 0.000000 76.237362
5802 54.381486 100.000000 18.818272
5804 52.105781 100.000000 20.318372
9069 73.465574 79.834701 100.000000
6911 100.000000 47.493042 95.899496
6181 14.803601 61.104592 0.000000
3980 14.893375 14.898489 0.000000
2573 0.000000 100.000000 8.333333
2725 95.151053 100.000000 40.334023
1400 14.290109 20.205036 100.000000
9427 41.014947 20.251282 100.000000
7777 34.320226 2.029055 0.000000
6383 32.511567 2.186782 0.000000
9028 54.107732 80.621675 0.000000
2887 53.174558 82.537587 0.000000
20 0.000000 6.618971 41.811482
2335 0.000000 6.128718 39.439985
10753 0.000000 5.781508 41.843049
3661 55.703283 70.566323 100.000000
6150 100.000000 11.841160 33.560755
7505 0.000000 75.879749 18.549574
9318 0.000000 77.357330 14.570239
1532 93.687633 100.000000 63.533035
10465 100.000000 28.609924 71.801884
4182 100.000000 27.982851 78.129508
9980 8.095676 0.000000 39.892000
6277 0.000000 78.803269 16.363800
1351 30.896863 96.822651 100.000000
1907 33.803970 96.818389 100.000000
1349 30.837812 97.816168 100.000000
2173 46.591456 82.893246 0.000000
7261 52.841744 2.140332 0.000000
1283 53.312838 2.933555 0.000000
2656 100.000000 76.604887 7.232294
5864 100.000000 78.287739 6.319437
3649 81.765098 94.477442 0.000000
3297 0.000000 41.890574 40.550146
1364 27.930653 86.308225 100.000000
9293 31.290677 85.743753 100.000000
4858 0.000000 90.625000 0.000000
13039 0.000000 89.813999 1.355732
7264 0.000000 89.979625 3.204231
210 72.217157 58.353956 100.000000
7277 69.558828 58.912544 100.000000
885 46.792821 0.000000 59.132805
10011 0.000000 5.071072 70.177774
10794 52.032183 87.565749 0.000000
4175 100.000000 78.741293 60.333757
3283 30.200056 7.713861 100.000000
7925 81.234362 88.720615 100.000000
7926 82.005880 90.087134 100.000000
7924 79.063032 89.632374 100.000000
4839 45.215330 28.564284 0.000000
7375 92.150884 89.361838 100.000000
101 82.293494 6.263908 100.000000
9530 85.686299 7.359047 100.000000
2386 74.026350 100.000000 76.642838
8496 75.620749 100.000000 78.833061
700 96.900797 100.000000 63.204134
468 6.833287 0.000000 36.458925
954 39.588805 2.486900 0.000000
953 41.472318 2.101380 0.000000
9691 100.000000 29.616189 38.823932
9857 100.000000 31.102380 36.292305
7302 50.045681 27.877283 0.000000
7565 47.709942 28.319667 0.000000
6998 0.000000 10.834117 58.495019
829 82.287883 73.490144 100.000000
831 80.550185 73.126754 100.000000
1006 81.903725 72.468941 100.000000
5211 77.380657 93.780428 0.000000
5819 80.501519 93.342220 0.000000
7980 5.556448 51.179021 0.000000
8942 100.000000 49.407613 80.936893
489 100.000000 48.443975 77.465588
462 21.453636 28.904384 100.000000
10434 17.028540 31.596780 100.000000
306 14.107208 29.935918 100.000000
4203 0.000000 92.889743 22.846913
7888 100.000000 17.944151 29.329162
3824 52.264239 27.171689 0.000000
6903 53.094058 72.503673 100.000000
477 71.939326 63.711903 100.000000
5576 83.432635 17.127185 0.000000
3518 81.208731 16.702274 0.000000
3520 81.613396 18.046665 0.000000
3320 20.089975 0.000000 32.063748
629 86.792336 66.430051 100.000000
2912 18.704968 0.000000 67.697189
10219 16.643073 0.000000 65.732688
5897 32.263969 13.358583 0.000000
7692 65.493614 4.153538 0.000000
5469 55.914586 100.000000 71.847317
9680 100.000000 16.988617 27.930613
10287 0.000000 94.880778 8.441291
3677 0.000000 93.881055 11.147107
6041 0.000000 6.167073 4.547160
6043 0.000000 7.160250 7.054311
1971 0.000000 38.009348 88.154831
9421 80.663697 76.149156 100.000000
9528 60.739438 60.416711 100.000000
712 0.000000 10.748406 42.510311
3985 66.681152 67.863590 0.000000
7435 61.159063 67.217011 0.000000
8676 73.712125 42.755988 100.000000
6044 81.805544 100.000000 94.582241
2809 84.944466 100.000000 93.195446
6636 0.000000 6.438170 36.788403
6310 0.000000 6.720530 34.568873
3395 32.591359 0.000000 69.277649
8479 97.261284 27.390575 0.000000
6632 100.000000 28.125000 0.000000
9285 100.000000 26.562500 0.000000
5063 3.929093 11.796292 0.000000
2144 5.537392 11.701200 0.000000
5762 0.000000 30.844287 9.446874
8291 100.000000 89.480278 54.241770
5442 100.000000 93.113496 25.129501
4775 100.000000 92.557129 22.754547
4282 100.000000 66.561599 68.613321
1747 100.000000 64.851348 69.589744
4603 100.000000 83.175156 69.238334
6386 97.011507 19.430632 100.000000
4540 33.039086 98.177081 0.000000
4102 33.531606 100.000000 78.343657
7587 30.240400 100.000000 79.486984
6439 26.342405 15.833856 100.000000
3253 8.913114 19.049577 100.000000
3879 13.040602 18.609197 100.000000
3878 9.692668 20.553641 100.000000
7238 59.735917 18.592313 100.000000
13431 0.000000 99.062740 48.988514
13429 0.000000 98.363507 48.703533
1698 0.000000 92.846765 7.113340
1699 0.000000 93.128133 4.698451
225 100.000000 35.069314 54.776574
8271 33.828038 18.431451 0.000000
3079 62.532757 100.000000 83.437448
1395 11.531472 0.000000 79.487010
1396 8.991926 0.000000 78.745649
3172 100.000000 18.393050 93.001036
13255 100.000000 18.623257 96.912822
47 78.221169 100.000000 93.240838
9553 0.000000 48.333333 100.000000
7827 4.472001 47.720591 100.000000
10664 73.087722 100.000000 78.787667
1040 100.000000 100.000000 59.259259
2399 57.237942 100.000000 48.451413
1101 59.866683 100.000000 46.719854
1358 0.000000 60.087421 60.879549
4772 100.000000 35.915817 67.641059
4394 4.344586 75.266494 0.000000
2860 22.482976 14.614748 0.000000
8249 23.891194 15.275245 0.000000
5413 23.823058 14.354129 0.000000
3470 100.000000 11.034881 32.199184
5135 91.731039 98.340606 0.000000
4582 87.878788 100.000000 0.000000
6964 30.583551 19.298793 0.000000
1002 57.697799 0.000000 97.334704
3169 48.692937 0.000000 92.809327
8132 100.000000 6.249693 34.573984
7418 100.000000 5.597122 33.744148
2830 53.650074 0.000000 48.083627
2924 0.000000 88.084475 10.607755
2922 0.000000 87.750904 12.256616
4330 14.888065 0.000000 63.239801
579 60.769974 100.000000 53.473194
9597 100.000000 78.282894 35.821524
7783 76.841355 90.403281 100.000000
6244 100.000000 1.532363 63.348737
2164 43.774903 64.241041 100.000000
2476 49.209446 71.440924 100.000000
9795 47.081767 71.559441 100.000000
3266 100.000000 75.082719 69.299821
4488 100.000000 76.393865 66.635252
1827 49.973918 67.542793 0.000000
398 11.115273 87.446683 0.000000
6763 100.000000 11.095653 14.108022
994 100.000000 11.783945 64.086168
10684 100.000000 10.664889 63.929631
2557 0.000000 81.515789 28.887522
6614 72.827164 0.000000 50.433877
7714 93.484367 16.874709 100.000000
4895 0.000000 16.567148 60.721643
2153 86.671316 12.453827 0.000000
9535 52.094750 89.284749 0.000000
9424 0.000000 17.561033 16.386754
2374 0.000000 18.095707 13.596332
2373 0.000000 16.791662 14.414916
7977 47.966336 58.641426 100.000000
5638 31.139721 100.000000 41.551706
1406 100.000000 95.824062 74.794639
1407 100.000000 95.371512 78.626884
3758 61.673756 82.406367 100.000000
456 100.000000 35.937500 0.000000
10372 96.231112 35.688469 0.000000
6254 46.183499 52.811694 0.000000
9481 44.825839 54.652332 0.000000
5397 63.300807 100.000000 48.885151
1204 64.151085 100.000000 50.919120
2143 100.000000 93.506494 100.000000
6699 63.153494 17.153894 0.000000
2749 61.264864 17.093999 0.000000
2748 62.174014 18.007307 0.000000
459 70.030880 50.451721 100.000000
6819 73.585638 100.000000 72.259918
9468 75.278691 100.000000 69.637719
7552 100.000000 98.542659 22.023964
6267 100.000000 98.725378 17.827076
7043 25.515301 86.791071 100.000000
5620 70.867457 7.465095 0.000000
4028 0.000000 78.422455 7.709715
10000 0.000000 79.755716 5.841193
6968 100.000000 15.071164 12.245990
4863 100.000000 36.454887 40.299687
223 100.000000 35.490903 47.952748
9871 17.907558 0.000000 96.755890
4303 16.666667 0.000000 100.000000
6678 40.673772 0.000000 52.582486
2218 44.164604 100.000000 54.584008
13241 100.000000 13.752364 97.984378
13242 100.000000 14.592210 98.166384
1249 0.000000 75.661805 43.265701
9331 71.740575 89.401464 100.000000
10343 73.777060 88.802764 100.000000
8285 0.000000 63.261012 50.744473
7377 0.000000 63.025001 42.525266
704 0.000000 64.735805 33.123919
13169 2.676677 24.626753 100.000000
9833 85.447442 58.075018 0.000000
7410 82.619846 56.151733 0.000000
8680 78.643960 58.260725 0.000000
452 100.000000 93.913876 10.923127
3349 94.511406 0.000000 55.397079
1976 81.352270 100.000000 19.409720
2932 91.440853 20.718582 100.000000
6592 100.000000 14.402787 10.744806
6972 100.000000 14.169703 12.956045
8898 100.000000 97.375509 3.513442
13277 100.000000 97.191921 1.804316
13278 100.000000 98.251233 1.329440
4276 75.734198 0.000000 38.368182
547 52.934118 17.187587 0.000000
5904 51.695016 16.136534 0.000000
3292 0.000000 41.843313 60.934598
9365 0.000000 39.867130 65.845146
10481 36.363636 100.000000 0.000000
4824 35.095942 100.000000 3.170437
3857 26.694558 45.508741 0.000000
6325 75.632266 42.675609 0.000000
9046 0.000000 100.000000 12.500000
9810 100.000000 25.865077 32.336483
9809 100.000000 24.788105 32.571122
7204 22.204186 10.824469 0.000000
2777 47.593846 69.468602 100.000000
10606 31.820325 100.000000 76.536179
10607 28.882490 100.000000 77.646158
267 0.000000 17.165913 50.439519
3662 0.000000 38.887719 50.591026
4392 0.000000 40.306037 49.659569
3663 0.000000 40.211250 45.558016
4165 0.000000 92.401563 64.481724
5278 0.000000 76.433558 66.435801
8596 91.351506 100.000000 58.132569
502 0.000000 50.503011 9.260991
10765 40.792711 100.000000 38.566306
8620 38.790519 100.000000 38.680617
10266 39.727657 100.000000 41.037525
8286 100.000000 23.215847 16.270415
3308 10.426169 31.814093 100.000000
3307 5.236878 32.947532 100.000000
304 6.600405 31.114763 100.000000
8900 100.000000 97.311599 6.679995
5239 100.000000 87.321665 97.981667
4104 84.018551 48.847345 100.000000
768 85.904399 48.944935 100.000000
1474 0.000000 4.437398 49.780589
3537 69.080459 96.659787 100.000000
1884 67.814938 97.756540 100.000000
9915 0.000000 88.966105 10.366367
8322 100.000000 14.206643 74.516427
9371 100.000000 13.147035 73.131433
6372 0.000000 25.214308 13.584316
2911 42.464913 81.810288 100.000000
5649 41.093807 80.843537 100.000000
2275 100.000000 85.880487 66.594682
7709 100.000000 85.084168 66.575499
9888 100.000000 85.940890 64.432796
1785 9.380291 85.910652 0.000000
9070 10.590763 85.415445 0.000000
8457 100.000000 90.712201 14.076090
5989 93.769084 100.000000 73.741448
2622 40.497487 100.000000 32.457776
3338 35.471115 19.215133 0.000000
3340 34.934352 20.426078 0.000000
10361 30.881944 100.000000 27.464129
4329 33.777589 100.000000 26.414752
5939 58.660781 100.000000 26.299478
6891 60.561037 100.000000 26.757391
3691 60.450342 100.000000 24.406940
3943 87.640761 12.484765 100.000000
8292 100.000000 88.240816 56.843855
7344 94.320828 2.391995 0.000000
5428 92.111051 3.353226 0.000000
7522 94.259929 3.925990 0.000000
9156 34.826927 46.808358 100.000000
9155 34.323863 45.144896 100.000000
12895 0.000000 31.390080 1.837675
6512 0.000000 34.375000 0.000000
12856 0.000000 33.025846 1.936953
12857 0.000000 33.882407 2.067688
9592 64.768056 0.994458 0.000000
9740 63.166334 1.817857 0.000000
7997 64.913932 2.018198 0.000000
6871 28.182209 22.463705 0.000000
8088 30.321235 22.218943 0.000000
5267 19.146454 22.626589 0.000000
9895 17.583042 22.913458 0.000000
2237 90.850304 35.106936 0.000000
9457 100.000000 32.400424 33.335734
4847 47.202356 19.641882 0.000000
9524 12.900269 35.385711 0.000000
2867 8.908406 17.134144 0.000000
5339 7.181087 17.734148 0.000000
1221 0.000000 22.445199 46.990262
10386 47.304500 4.415301 0.000000
9063 45.593442 4.175504 0.000000
276 0.000000 64.757353 68.093451
274 0.000000 62.636821 69.139303
3368 31.643881 50.432218 0.000000
13225 33.027386 49.225077 0.000000
3551 30.429122 49.132204 0.000000
608 65.916010 63.608741 100.000000
2428 100.000000 100.000000 77.777778
6697 12.050579 17.269049 0.000000
12 57.194062 23.810673 100.000000
1385 100.000000 18.459410 51.546586
8666 42.768573 0.000000 50.078296
8665 44.827814 0.000000 47.600931
8808 0.000000 25.844372 38.536299
7640 0.000000 24.939804 40.629851
9359 100.000000 74.390314 95.733248
10530 100.000000 75.359671 96.287712
10529 100.000000 74.396907 98.240834
4042 95.143982 26.831951 0.000000
349 94.886405 27.817031 0.000000
3003 100.000000 13.141526 57.410737
272 46.559169 89.074990 100.000000
9610 0.000000 62.792931 26.271420
8521 40.359635 48.706378 100.000000
1491 38.097693 50.270890 100.000000
9393 67.526147 0.000000 79.183419
6239 64.941421 0.000000 76.495052
6466 67.745430 0.000000 75.780280
8825 0.000000 25.817222 50.061305
8604 100.000000 74.216474 18.463385
1104 24.979319 0.000000 85.301812
10107 0.000000 98.591978 72.886844
2 49.522828 82.202899 100.000000
12969 97.459915 99.248792 0.000000
10041 100.000000 83.069845 20.232080
1590 0.000000 34.687967 12.806239
4515 15.454661 100.000000 20.759327
7988 19.249666 100.000000 17.155246
7340 93.594011 30.034786 0.000000
347 94.237698 28.939958 0.000000
7942 100.000000 33.323044 18.589071
8147 100.000000 68.045115 94.838601
9713 100.000000 27.042835 12.382917
1017 70.703676 100.000000 59.293022
1016 70.923358 100.000000 62.031682
10006 84.247464 19.654359 0.000000
7083 82.616532 19.095599 0.000000
2735 87.641076 100.000000 87.025698
5223 0.000000 26.864925 84.016904
4490 100.000000 72.864978 37.168954
8381 0.000000 21.998277 25.798266
8589 25.775084 100.000000 36.330899
7412 77.723112 54.698296 0.000000
8979 8.994474 29.427944 0.000000
8177 48.641021 3.822463 0.000000
1315 90.559778 72.511368 100.000000
3674 38.396825 20.983689 0.000000
3676 36.360359 21.297397 0.000000
9403 16.424665 36.624832 0.000000
6272 100.000000 49.313769 86.583505
3123 76.370765 0.000000 9.768664
3106 26.737464 0.000000 33.123941
3783 100.000000 7.407583 75.421997
671 88.985388 0.000000 49.994897
12826 0.000000 25.291055 2.178708
12858 0.000000 25.963039 2.861955
9617 69.604657 37.956943 100.000000
4295 63.928884 37.847616 100.000000
4294 69.081745 36.314275 100.000000
2691 33.020574 41.922102 100.000000
8615 100.000000 86.385970 23.536998
5333 29.973680 58.134639 0.000000
7865 15.455007 69.828422 0.000000
645 14.057091 71.562153 0.000000
5050 0.000000 13.515187 67.238799
10701 49.290882 79.269257 100.000000
8906 17.917732 0.000000 71.501696
10054 69.843817 100.000000 15.145040
7392 70.392697 100.000000 18.114571
9185 72.855227 100.000000 15.221383
3335 65.767996 53.419420 100.000000
3334 68.325812 52.430373 100.000000
5093 47.538362 87.869953 100.000000
3354 0.000000 83.337183 10.179549
775 100.000000 22.679402 44.240089
5964 64.627548 80.888624 100.000000
5047 100.000000 85.691537 33.496340
2367 19.810843 18.754542 0.000000
2655 100.000000 75.536727 4.251677
1525 90.310598 100.000000 36.621426
4342 90.597738 100.000000 33.248727
4753 0.000000 48.437500 0.000000
3049 79.561965 100.000000 85.268651
3209 97.767746 100.000000 22.309904
2140 0.000000 66.666667 100.000000
1169 82.604009 74.556216 100.000000
6505 81.044427 75.172667 100.000000
8564 27.833168 100.000000 5.013799
4418 100.000000 64.644591 66.067127
4249 68.352811 23.966432 0.000000
10511 69.316260 22.856140 0.000000
750 74.359294 100.000000 26.894737
9781 0.000000 4.571460 67.314166
9179 100.000000 97.560203 94.246542
1832 100.000000 98.202446 97.467820
9291 100.000000 96.834717 97.030550
9618 51.564460 63.397316 0.000000
7400 0.000000 39.568459 7.896246
7492 0.000000 40.330437 9.579292
7831 100.000000 23.199520 34.505909
638 100.000000 23.852019 32.587390
10483 100.000000 19.551105 76.710786
221 0.000000 1.468350 24.772274
220 0.000000 1.557561 28.850957
5117 31.507525 0.000000 80.630559
2211 34.220533 0.000000 81.365403
1938 88.775120 0.000000 45.449902
4012 100.000000 100.000000 51.851852
3158 54.366483 25.126752 0.000000
10200 54.377018 23.887572 0.000000
1092 78.384348 100.000000 53.611826
5255 79.487127 100.000000 56.060334
7712 57.910349 0.000000 73.498106
2298 59.651819 0.000000 72.381545
8785 59.915082 0.000000 75.373000
7624 43.000965 5.372799 0.000000
8023 43.044166 4.611247 0.000000
1124 0.000000 0.000000 30.769231
5977 55.312223 49.859445 100.000000
2273 100.000000 86.724601 65.223173
4508 10.274135 59.001723 0.000000
9573 9.729005 60.579423 0.000000
7824 37.482465 0.000000 48.233607
10098 40.116703 0.000000 48.734969
10281 38.525703 0.000000 51.233156
7229 0.000000 9.375000 0.000000
10593 100.000000 67.191653 72.242556
6955 96.903299 100.000000 3.920731
3672 94.138833 100.000000 7.546559
1 51.301761 83.097841 100.000000
8732 100.000000 87.983530 70.571264
8499 100.000000 88.973543 69.409494
7683 100.000000 5.081549 49.781226
8645 71.394720 100.000000 24.066265
3644 37.534378 1.876162 100.000000
7323 82.595278 8.737692 0.000000
5691 82.184084 9.814205 0.000000
8865 78.483954 5.346706 100.000000
9510 78.252904 3.438221 100.000000
10194 82.081482 4.612141 100.000000
6654 100.000000 1.286038 35.504282
5204 100.000000 1.928250 34.187247
10274 100.000000 87.075632 59.345656
10415 100.000000 86.930794 62.383855
9865 100.000000 25.393276 3.064139
13292 100.000000 25.569854 4.516307
6015 6.678855 68.472563 0.000000
10493 4.150123 69.778601 0.000000
7864 9.491244 70.190848 0.000000
1059 84.974705 12.339709 0.000000
1060 83.414724 12.769786 0.000000
1058 85.404607 13.515634 0.000000
7817 100.000000 24.286940 82.408114
7628 100.000000 23.158082 81.095873
7673 100.000000 24.217968 77.552473
13170 23.850473 46.399939 100.000000
7971 41.693375 64.499888 0.000000
10040 100.000000 71.701692 18.663317
10725 91.540064 10.798317 0.000000
5965 64.258721 82.222698 100.000000
3757 62.048581 81.369010 100.000000
10335 63.129190 59.823747 100.000000
7509 65.216059 59.345031 100.000000
4618 100.000000 19.029551 9.941026
214 100.000000 76.973004 35.314579
5020 44.413498 14.503815 0.000000
7547 37.903821 81.944423 0.000000
9933 6.147539 38.813599 100.000000
9081 25.552320 94.326323 100.000000
6066 27.520633 95.236147 100.000000
4492 88.599656 100.000000 71.685082
5263 80.191119 79.763238 0.000000
5910 100.000000 77.008707 56.341570
9160 96.173686 100.000000 20.738157
4587 94.256673 100.000000 21.314254
1476 34.578555 91.376115 100.000000
3921 33.574907 90.357851 100.000000
112 36.665832 90.272101 100.000000
9211 93.245364 1.880988 100.000000
7396 100.000000 29.331707 9.482973
5224 0.000000 26.663664 79.759817
10140 68.962859 5.752864 0.000000
7974 70.489486 5.132332 0.000000
1877 63.078734 100.000000 33.478633
8656 96.603594 0.000000 34.045006
8919 95.853131 0.000000 37.299361
8215 92.442810 0.000000 77.530797
8734 94.014999 0.000000 81.232267
2948 100.000000 9.102167 81.593223
10233 100.000000 8.315863 84.473975
6876 100.000000 10.813837 94.486414
330 67.496718 0.000000 87.532092
13279 100.000000 95.616953 2.061096
13280 100.000000 96.379231 1.969685
1449 100.000000 17.332976 49.894911
1609 25.703700 0.489370 0.000000
3991 74.108527 68.121986 100.000000
3570 75.441826 69.028785 100.000000
8503 100.000000 47.865591 68.429122
1147 0.000000 89.376496 16.301998
2719 0.000000 87.891054 18.246840
6966 1.965643 0.000000 89.281888
13337 98.198052 65.003582 100.000000
6745 40.241162 56.006944 100.000000
5678 44.221075 56.598300 100.000000
13257 100.000000 8.561314 98.495463
4554 100.000000 86.795166 26.712580
9228 36.951374 63.722827 100.000000
7594 40.291159 64.146702 100.000000
8798 38.904427 95.805826 0.000000
2650 0.000000 33.510457 73.266768
2661 0.000000 33.753192 68.262822
2001 100.000000 51.914877 67.205245
2854 100.000000 66.381975 49.706323
2855 100.000000 64.614840 54.275659
2853 100.000000 64.595174 49.899195
1410 24.117686 87.821568 100.000000
2285 84.800344 70.885830 100.000000
3609 74.823239 24.731307 0.000000
2105 48.490504 70.566642 100.000000
2104 50.897270 70.774030 100.000000
7950 100.000000 25.281884 83.554609
4181 100.000000 26.469853 81.215141
6016 12.345496 68.415368 0.000000
2815 4.297707 7.925371 0.000000
6190 4.057457 6.649509 0.000000
8788 59.241293 100.000000 33.720998
8789 57.053391 100.000000 34.861123
476 72.541155 64.662872 100.000000
4470 85.547492 100.000000 2.259447
6233 64.816710 71.634733 0.000000
6331 65.973569 73.526698 0.000000
1497 62.933231 0.000000 94.932850
2639 88.459691 85.873806 0.000000
2167 24.330727 0.000000 73.503032
1693 29.678354 0.000000 36.448420
2536 65.057554 21.136736 100.000000
8745 55.366278 96.441040 0.000000
2803 39.038880 0.000000 89.057790
2804 42.015854 0.000000 87.345393
8723 78.364482 100.000000 45.324002
8181 32.246901 61.339147 0.000000
5553 2.430178 17.828729 0.000000
5554 4.004895 18.879138 0.000000
8547 100.000000 51.366977 8.999115
7416 100.000000 4.924193 32.816984
7421 100.000000 4.313894 33.112554
7454 100.000000 4.389176 30.926178
9634 30.457864 37.476213 0.000000
6343 0.000000 73.042424 58.101408
3842 9.379789 74.655110 100.000000
7493 82.124600 0.000000 27.646037
5995 80.296966 0.000000 21.898325
9437 100.000000 94.805195 100.000000
6965 29.868014 20.154701 0.000000
4894 0.000000 17.422575 62.404017
8857 23.109718 28.144617 0.000000
9297 49.637244 1.366639 0.000000
1605 0.000000 83.883337 91.737508
1553 0.000000 81.815883 93.834353
1555 0.000000 81.666667 100.000000
1604 18.196666 46.418307 0.000000
6189 2.839035 7.000484 0.000000
6144 50.114019 100.000000 24.561105
10392 51.588751 100.000000 22.797628
9197 49.785539 100.000000 21.924145
5796 13.599350 1.077650 0.000000
4097 82.697976 76.763153 100.000000
774 100.000000 21.550453 45.832489
10224 89.258267 88.893665 100.000000
5817 61.707913 3.571631 0.000000
4531 95.528504 46.066444 100.000000
466 5.930729 0.000000 32.675197
13206 51.955952 100.000000 45.442710
10732 83.387802 66.238901 100.000000
8146 100.000000 66.932809 95.504588
9917 0.000000 85.000000 100.000000
3706 46.369434 50.954195 0.000000
3705 46.310503 49.375818 0.000000
7948 50.980392 0.000000 0.000000
3960 49.615743 7.138636 100.000000
3961 46.879472 8.587414 100.000000
418 89.657868 65.676744 100.000000
9817 89.524075 64.599332 100.000000
8466 100.000000 55.153631 64.715821
2242 12.426620 100.000000 38.068990
4965 55.776338 44.827488 100.000000
6943 100.000000 26.193440 35.145241
7605 78.787879 100.000000 0.000000
10685 62.075500 100.000000 60.894747
5018 45.712681 14.142389 0.000000
7161 100.000000 96.103896 100.000000
3333 33.053479 69.017381 100.000000
4907 12.349793 76.874502 100.000000
4370 4.793505 6.429227 100.000000
13178 3.009048 7.727506 100.000000
13171 2.688334 8.843674 100.000000
967 0.000000 54.856687 27.421364
9117 64.013034 47.554291 100.000000
4996 37.881708 31.120014 0.000000
8780 100.000000 97.215559 21.373286
4299 25.237869 100.000000 65.882426
946 28.334727 100.000000 64.785054
9667 67.992710 0.000000 95.695463
2768 0.000000 11.728321 23.225143
2769 0.000000 12.470831 22.027928
7691 100.000000 32.197097 74.697210
4774 100.000000 33.751241 75.185717
9207 100.000000 32.198288 81.584061
6651 14.646475 17.255012 0.000000
7602 1.177658 26.048011 0.000000
9106 44.300900 100.000000 97.034968
5648 0.000000 0.698346 29.769704
597 0.000000 1.278913 32.626505
1049 14.228838 53.433905 0.000000
6586 13.386679 55.437151 0.000000
69 90.530769 56.325060 0.000000
3071 0.000000 49.420995 82.200592
4722 0.000000 10.940807 29.659744
7030 100.000000 24.695659 21.366447
4873 7.851527 89.756979 100.000000
3881 46.444043 0.000000 45.378385
10409 0.000000 28.301629 29.816895
4359 0.000000 29.386212 26.381658
2430 100.000000 100.000000 74.074074
2863 96.988849 100.000000 72.180760
2347 18.280315 15.404286 0.000000
4308 24.796681 26.412929 100.000000
6875 100.000000 74.170263 37.986607
290 0.000000 52.830461 20.989896
4658 0.000000 53.513126 12.043948
4657 0.000000 51.293147 18.143971
2326 100.000000 70.129870 100.000000
6305 77.798178 32.458009 0.000000
3849 10.523636 88.538570 0.000000
3850 12.830023 88.425919 0.000000
2343 49.686121 42.512732 100.000000
7768 29.027107 40.846658 100.000000
2690 34.543390 39.859520 100.000000
3129 3.167541 57.658291 100.000000
678 6.212919 58.545262 100.000000
10616 0.000000 15.946172 12.441396
9569 0.000000 15.531839 15.256404
13338 53.800681 0.000000 71.462217
4304 50.152201 93.488331 0.000000
8816 51.903457 92.355338 0.000000
1795 49.607316 92.137427 0.000000
9229 0.000000 3.125000 0.000000
2066 67.899703 0.000000 20.436180
9122 35.413729 94.643611 100.000000
9350 36.459361 95.733050 100.000000
1676 100.000000 7.387710 48.305059
1675 100.000000 8.343455 48.472684
1578 100.000000 7.787078 51.267470
8333 0.000000 74.959279 58.323216
6701 0.000000 75.098713 51.883704
10404 79.102246 9.457371 0.000000
4246 75.130113 11.098653 0.000000
4185 76.969258 10.826216 0.000000
1009 87.875210 33.160014 100.000000
10316 0.000000 87.517521 9.050586
7772 83.506502 13.280520 100.000000
5903 23.811178 74.752859 100.000000
4290 97.236021 42.018196 100.000000
4773 100.000000 34.912841 76.728955
9596 19.811224 65.383515 100.000000
10403 16.409626 64.998135 100.000000
5501 18.815998 63.529089 100.000000
4234 100.000000 20.842582 23.636768
5917 9.565136 0.000000 42.927471
5158 24.805375 0.000000 18.309143
5500 19.216651 61.552874 100.000000
1567 100.000000 0.000000 23.076923
1562 66.985545 98.803552 0.000000
717 24.687795 68.322471 100.000000
9945 31.342256 73.681058 100.000000
716 15.775461 62.213261 100.000000
8869 14.784495 63.618614 100.000000
204 0.000000 6.830414 13.105082
4786 0.000000 7.906234 12.239750
6501 100.000000 3.544298 37.641788
6500 100.000000 3.935391 38.597838
4177 56.148795 16.167711 0.000000
9249 0.000000 85.902854 76.274330
9248 0.000000 86.766549 70.762792
3093 38.096493 0.000000 12.805163
6135 20.911817 100.000000 46.038292
761 85.421131 9.142334 100.000000
2179 49.704760 2.270005 0.000000
1593 17.151373 100.000000 54.024603
10418 100.000000 8.262333 93.825573
1019 39.400462 0.000000 39.549039
9168 37.575215 0.000000 37.220425
1020 39.635337 0.000000 35.689269
818 29.048508 32.786340 0.000000
10734 0.000000 89.247059 11.761998
7109 50.386485 9.758473 0.000000
2042 100.000000 66.019195 45.348676
8759 47.983064 73.629632 100.000000
5984 45.937224 72.748591 100.000000
7928 43.679111 9.405580 0.000000
6575 44.403536 8.397880 0.000000
3508 18.910227 100.000000 33.765870
9747 21.086180 100.000000 30.534833
3509 18.848119 100.000000 30.042892
8154 100.000000 67.020962 11.516086
429 100.000000 79.793316 17.797720
2847 100.000000 14.062566 27.293837
5414 25.202099 14.607824 0.000000
8483 100.000000 92.058579 85.850370
1705 100.000000 91.184214 88.340177
2866 10.618862 16.577894 0.000000
6071 9.210745 15.531969 0.000000
2524 100.000000 25.299689 65.396391
10408 100.000000 24.988789 69.868828
5686 100.000000 14.283334 4.275198
1615 0.000000 100.000000 0.000000
1614 0.000000 98.437500 0.000000
13059 0.000000 98.295202 1.088635
1654 0.000000 52.502732 40.657320
1714 2.670124 25.742006 0.000000
2528 18.063169 56.188134 0.000000
4090 50.509233 4.172028 0.000000
10175 6.542652 42.408529 100.000000
6250 69.302205 92.327571 100.000000
2586 100.000000 53.246753 100.000000
10487 41.415343 98.528327 0.000000
2926 71.466881 20.877539 0.000000
8534 70.269475 21.821978 0.000000
12835 0.000000 95.427270 96.928920
5852 27.804259 100.000000 53.828781
7143 22.778781 62.535923 100.000000
7807 0.000000 0.000000 7.692308
2951 78.851491 0.000000 71.904397
10377 77.302497 0.000000 73.749139
9720 14.905825 100.000000 98.780603
6162 71.758499 84.910819 0.000000
8941 66.201251 0.000000 54.599972
9572 88.011510 72.200116 100.000000
3127 7.574206 35.194665 0.000000
4878 44.864630 100.000000 23.930057
7453 100.000000 3.881836 28.987772
6101 100.000000 4.461045 28.765588
480 12.339008 30.144540 0.000000
4921 13.379550 28.730670 0.000000
4920 11.194943 29.078246 0.000000
541 0.000000 15.582643 25.060658
2437 3.471882 100.000000 3.778697
13207 1.566729 100.000000 3.607374
13205 1.549098 100.000000 5.623684
2572 0.000000 100.000000 4.166667
815 14.754639 74.506729 100.000000
6583 42.144445 3.951455 0.000000
7097 0.000000 24.568880 49.542037
9287 44.892692 11.771798 100.000000
4129 100.000000 87.640961 75.591017
5878 79.685459 0.000000 59.042395
3195 12.203605 8.594086 0.000000
7728 0.000000 68.132175 77.307392
3827 100.000000 97.078843 90.829477
5768 100.000000 96.702271 87.233507
8018 100.000000 82.205784 82.273423
3658 100.000000 81.040843 82.094558
3657 100.000000 82.008076 79.594517
9395 86.174922 20.389385 0.000000
1269 0.000000 45.269386 36.653941
5296 70.071625 100.000000 36.885255
7591 100.000000 77.323001 80.830942
8198 87.208918 71.017023 100.000000
1316 89.760138 71.285911 100.000000
10417 8.152738 85.353667 100.000000
12811 1.936785 100.000000 2.019449
13212 0.875879 100.000000 2.448372
6296 62.600993 0.000000 89.607033
847 49.176331 0.000000 19.984415
3059 33.144980 0.000000 57.888113
3061 33.963247 0.000000 61.299500
4186 91.663687 54.450172 100.000000
9800 100.000000 96.232207 49.169574
5810 100.000000 96.779610 52.097052
2238 91.322806 33.529495 0.000000
7933 94.557513 33.409460 0.000000
4896 0.000000 6.974534 10.047223
870 0.000000 5.317592 25.699059
1413 0.000000 5.505872 23.196312
8796 1.368997 84.981769 0.000000
1438 90.527807 79.772178 100.000000
6585 42.865049 3.127320 0.000000
955 41.008493 3.166456 0.000000
6676 100.000000 84.165515 92.808757
1061 100.000000 63.578696 94.242360
1062 100.000000 62.237310 96.225943
1063 100.000000 62.624655 92.988262
114 100.000000 83.020842 60.328080
1090 10.258079 100.000000 50.508358
5079 98.442532 88.498352 100.000000
5080 96.400284 88.812401 100.000000
9542 17.039545 81.012313 0.000000
6106 56.107127 58.512333 0.000000
8733 54.419455 60.161111 0.000000
1120 53.338203 0.000000 21.477003
1121 51.494056 0.000000 19.122124
5483 88.466613 100.000000 92.518031
2736 85.503001 100.000000 89.610188
9094 100.000000 9.904163 66.771691
9032 71.183446 44.212577 100.000000
8677 69.912777 43.242144 100.000000
1366 28.713671 84.948997 100.000000
1557 41.405352 0.000000 34.457683
6518 42.506095 0.000000 31.980244
4615 100.000000 42.531243 40.725075
8840 100.000000 39.609485 44.714618
6134 100.000000 15.471856 54.898781
13220 35.717755 54.479176 0.000000
13226 35.864537 55.622976 0.000000
9274 74.580850 12.188078 0.000000
6377 100.000000 83.155013 79.457854
7745 0.000000 9.914576 47.129876
4041 93.137411 26.890657 0.000000
3199 26.675222 97.340211 0.000000
430 64.674833 17.288565 0.000000
1742 0.000000 58.333333 100.000000
5591 100.000000 98.735205 94.840947
12978 100.000000 99.449757 94.474233
12995 100.000000 99.398342 96.100062
1830 100.000000 99.165730 97.431795
12996 100.000000 99.641018 97.457038
10279 62.129509 0.000000 38.082142
5717 22.746820 96.168862 0.000000
587 21.928779 84.064502 100.000000
4252 19.361540 83.864892 100.000000
265 0.000000 17.752446 52.941563
3037 100.000000 5.827012 13.675593
585 100.000000 9.784625 16.929423
3465 100.000000 21.971313 39.015853
5829 36.231214 1.933470 0.000000
6197 34.799987 1.000443 0.000000
1613 3.030303 100.000000 0.000000
13213 2.134662 100.000000 0.860340
13208 3.571559 100.000000 1.421911
3128 18.386079 0.000000 86.659979
7386 15.996571 0.000000 89.088977
453 28.313188 100.000000 47.497031
13432 26.828699 100.000000 49.041464
3679 22.637530 90.951755 0.000000
6124 56.347348 89.266222 100.000000
3584 21.296169 9.818208 0.000000
6953 19.638881 10.096587 0.000000
8394 13.674584 0.000000 88.022389
651 94.269817 21.883260 100.000000
198 95.566650 20.633983 100.000000
2023 16.850103 51.249242 0.000000
2550 52.693881 90.091068 100.000000
8694 100.000000 13.135316 13.866508
6535 0.000000 32.812500 0.000000
12861 0.000000 32.024438 1.499833
3458 100.000000 75.894173 97.929223
7420 100.000000 3.805524 34.212283
7268 100.000000 3.180894 34.961951
10366 71.898714 100.000000 34.341549
10273 74.350069 100.000000 34.556487
6371 22.959654 25.001774 0.000000
10555 21.697338 24.382234 0.000000
2417 1.991316 79.788061 100.000000
13228 2.725645 99.150951 0.000000
12812 1.545901 98.975449 0.000000
13238 1.825462 99.531600 0.000000
6626 0.000000 91.532291 10.288632
5627 40.399762 97.111542 0.000000
10495 78.948384 25.878476 100.000000
836 74.819131 26.994570 100.000000
4331 18.047931 0.000000 61.971351
8250 93.918877 34.748254 0.000000
8451 59.712027 98.979773 100.000000
9858 63.162334 98.914561 100.000000
8015 62.068966 100.000000 100.000000
3799 35.809828 17.967642 0.000000
6133 100.000000 16.470844 56.244433
1450 100.000000 17.435528 53.836848
9123 100.000000 17.477789 57.423076
5360 0.000000 52.493221 84.542092
6905 0.000000 54.181009 84.102848
8443 100.000000 5.490408 42.973446
5476 100.000000 32.201538 8.702837
7191 66.462242 67.914467 100.000000
2908 25.269127 69.242979 0.000000
10226 0.000000 96.875000 0.000000
13229 1.624118 96.328753 0.000000
8157 67.319821 62.749293 100.000000
7731 6.277788 100.000000 31.924456
8516 9.769532 100.000000 29.606503
4721 0.000000 10.324577 27.513672
4720 0.000000 11.181876 27.277325
4821 0.000000 10.927129 25.103888
3422 38.053258 100.000000 60.322766
3421 39.759708 100.000000 57.648106
4510 22.342364 23.139519 0.000000
557 0.000000 55.453165 54.275756
1264 0.000000 13.234003 22.401429
1266 0.000000 14.123901 22.603441
498 100.000000 62.138388 34.542682
13368 53.181707 0.000000 63.983595
10617 64.315621 100.000000 59.153351
9410 60.669712 100.000000 28.722586
10767 100.000000 84.288691 43.812735
1469 40.458784 39.078283 100.000000
1468 44.978874 37.512495 100.000000
5902 21.598813 75.049618 100.000000
5664 19.773753 75.809606 100.000000
8374 60.529528 88.324493 100.000000
5427 61.373230 89.221113 100.000000
4286 89.455077 0.000000 75.563038
6499 100.000000 4.012230 36.949728
8065 100.000000 4.351922 38.571377
7564 46.312108 27.326835 0.000000
9175 48.364324 27.262154 0.000000
9243 47.714507 26.223146 0.000000
3184 1.418832 29.770437 0.000000
7707 2.603156 28.376182 0.000000
8686 78.501564 64.631633 100.000000
6270 100.000000 93.080925 38.045896
1550 73.596390 100.000000 81.004491
9186 73.850320 100.000000 11.935985
3436 0.000000 1.100357 51.950001
929 100.000000 33.914767 8.385421
5799 100.000000 32.106715 11.709713
9884 0.000000 88.359537 15.187724
4676 100.000000 6.726354 41.238352
8330 87.004927 28.292274 0.000000
5890 0.000000 42.072618 34.050357
12841 0.000000 5.428272 2.132920
496 17.748632 100.000000 57.064038
8701 15.547031 88.038457 0.000000
2155 0.000000 16.616863 47.444943
4823 21.024321 22.246731 0.000000
5016 66.234480 3.820903 100.000000
4011 0.000000 16.305061 17.197614
4993 100.000000 23.355300 91.037736
13247 100.000000 23.314580 95.160510
4992 100.000000 22.496799 94.288846
13259 100.000000 22.934140 96.742424
3229 42.077634 100.000000 39.993535
13373 41.012532 100.000000 41.613197
7235 100.000000 89.403743 66.227833
10691 100.000000 25.397401 78.775976
2395 100.000000 37.354112 27.703557
2770 100.000000 36.967701 33.813007
3575 0.000000 78.168560 88.664928
5207 0.000000 77.719166 83.767029
2134 0.000000 76.060350 89.875335
1588 0.000000 34.815707 9.575192
6511 0.000000 34.154652 6.859464
965 0.000000 53.374846 33.089511
6960 39.077927 19.869187 0.000000
2553 0.000000 18.793042 15.527770
9059 21.638363 50.249976 0.000000
6076 100.000000 8.311044 33.533878
7618 100.000000 9.122791 34.686258
1677 100.000000 7.878948 45.660128
6967 45.219322 19.774314 0.000000
8087 100.000000 56.959799 85.512793
2540 13.793103 100.000000 100.000000
6861 18.408844 98.473498 100.000000
2746 70.406836 76.420701 0.000000
8314 94.014719 91.869681 100.000000
7711 57.197337 0.000000 70.916636
3443 5.667019 100.000000 8.968020
2438 2.706881 100.000000 8.232348
9015 0.000000 26.609880 44.488100
8219 100.000000 79.687500 0.000000
9088 100.000000 58.345854 63.736709
13234 34.453789 50.113115 0.000000
13230 34.332296 51.178643 0.000000
8434 0.000000 82.812500 0.000000
1378 3.174242 84.251518 0.000000
163 100.000000 65.152269 73.259728
5441 2.066669 19.542017 0.000000
2329 64.454587 64.556074 100.000000
4986 0.000000 86.314501 42.681156
687 45.534903 100.000000 78.114060
2033 42.060790 100.000000 79.102362
10440 38.886774 17.027291 0.000000
1738 71.332998 1.681860 100.000000
3023 26.861984 3.850079 0.000000
6358 0.000000 8.501383 85.406321
2802 42.356426 0.000000 90.097175
3430 70.614471 4.263042 0.000000
2274 100.000000 86.346287 67.999558
8631 100.000000 4.417121 52.071744
3675 37.001967 20.091690 0.000000
3716 95.277697 91.083362 100.000000
506 65.985953 100.000000 89.436568
6682 100.000000 0.843230 74.217724
10751 100.000000 0.595769 77.969282
10542 100.000000 0.000000 76.923077
237 88.085069 90.817949 0.000000
6238 62.529709 0.000000 77.500531
13232 1.979165 97.121755 0.000000
13233 1.509783 97.569242 0.000000
13227 1.111426 98.146762 0.000000
9891 23.538669 24.006609 0.000000
6613 75.655809 0.000000 52.488178
4919 74.343837 0.000000 48.169154
1130 7.060160 61.670775 100.000000
3723 0.000000 19.966115 84.965948
7752 100.000000 91.134751 78.563454
6444 100.000000 90.913327 81.984192
6458 31.899680 100.000000 85.983544
3124 73.970234 0.000000 8.956786
5746 62.325681 100.000000 25.036275
6171 100.000000 34.479651 2.852953
5477 100.000000 33.431528 5.667371
6762 0.000000 56.666667 100.000000
572 0.000000 60.000000 100.000000
2576 48.275862 100.000000 100.000000
7250 30.194962 64.152690 100.000000
161 100.000000 63.496168 78.274175
162 100.000000 63.376275 73.954970
970 40.714640 100.000000 97.312090
3522 0.000000 18.469001 28.584509
10623 0.000000 17.157947 28.308030
9657 68.692202 27.438487 0.000000
10652 87.848673 78.103527 0.000000
9450 9.036592 0.000000 87.850687
9497 0.000000 9.691676 50.480289
6658 96.308413 69.371660 0.000000
8554 94.208884 68.399231 0.000000
9700 35.597901 15.031551 0.000000
3889 54.224836 54.991812 100.000000
3703 50.549212 54.528333 100.000000
9701 34.666792 14.249495 0.000000
8843 74.945362 31.370524 0.000000
10181 50.677200 59.338165 0.000000
8556 100.000000 0.691971 63.375797
5338 5.625592 18.301844 0.000000
839 100.000000 70.449293 37.836781
8746 100.000000 68.823080 39.734695
8747 100.000000 69.620289 35.280327
1053 100.000000 2.310900 45.154644
6571 100.000000 2.845525 43.114553
5590 100.000000 100.000000 96.296296
1928 100.000000 100.000000 92.592593
8100 92.376312 60.613648 100.000000
1199 90.996563 60.563751 100.000000
1911 26.610741 83.232528 100.000000
3026 29.037742 83.616961 100.000000
1267 0.000000 46.715270 32.217777
7448 51.086922 100.000000 94.505414
6149 72.279521 100.000000 46.135811
8755 100.000000 60.226066 78.185113
1271 16.142064 100.000000 38.250670
4963 54.821659 91.698594 0.000000
291 0.000000 53.152055 27.890899
9622 75.551912 59.910782 0.000000
10600 60.635608 13.265559 0.000000
9863 100.000000 3.013624 88.897558
2971 47.856104 0.000000 97.808875
633 100.000000 90.363279 34.749256
3589 87.621874 6.653370 0.000000
1801 70.635931 60.767230 0.000000
1483 95.087681 56.062871 100.000000
8213 77.433702 52.906615 100.000000
711 0.000000 11.688873 43.051571
2416 4.549225 79.671118 100.000000
2196 100.000000 24.484734 30.653919
10675 0.000000 22.640914 80.218333
5391 0.000000 24.541230 53.402425
3072 0.000000 49.026060 76.024410
8702 18.729520 87.131421 0.000000
8348 22.612251 88.447788 0.000000
9407 18.625713 89.698055 0.000000
5351 0.000000 41.299311 95.781644
3956 0.000000 41.983861 89.518029
6139 0.000000 39.964105 94.651189
10524 5.169457 100.000000 24.985571
6339 100.000000 6.432110 36.788483
10228 100.000000 5.793428 36.024572
6559 63.921670 95.471606 100.000000
3535 67.263826 95.534125 100.000000
5159 22.927188 0.000000 17.079107
3739 18.885784 0.000000 9.071090
4322 7.903199 21.441821 0.000000
10582 6.058856 22.467011 0.000000
1929 100.000000 100.000000 88.888889
6724 0.000000 33.417776 50.428159
3548 0.000000 16.971556 95.537825
7755 0.000000 18.547500 96.487589
1113 100.000000 83.446601 82.152075
2632 100.000000 82.413517 85.415991
7456 0.000000 12.901673 77.899833
10308 0.000000 4.139512 85.621223
10002 24.214912 36.460232 0.000000
755 0.000000 18.077983 1.997172
3829 100.000000 95.798214 90.068793
5769 100.000000 95.407180 86.163045
1112 100.000000 83.837510 84.807279
8150 0.000000 100.000000 20.833333
7798 0.000000 98.905514 17.979996
8149 0.000000 100.000000 16.666667
512 77.167576 87.092048 100.000000
1435 100.000000 68.551267 73.873967
4563 100.000000 68.429318 60.019158
5027 59.839558 100.000000 95.670402
5028 62.189717 100.000000 95.796836
1492 37.995083 52.090832 100.000000
4692 37.873490 53.629531 100.000000
1294 22.510173 16.275385 100.000000
8559 20.171675 41.159977 0.000000
6148 20.484741 42.303277 0.000000
6206 82.986524 7.540412 0.000000
6755 81.104755 7.976620 0.000000
10387 76.930771 36.806351 0.000000
5492 0.000000 10.499744 39.659807
8240 6.260336 87.340478 0.000000
10222 0.000000 85.685196 24.622057
4245 0.000000 84.937683 22.431928
4244 0.000000 84.442522 25.890687
911 9.734161 100.000000 67.804301
8678 36.560835 72.187022 100.000000
5065 35.906820 73.289283 100.000000
3487 34.352866 72.545763 100.000000
4462 83.065883 29.170371 100.000000
4461 76.288270 30.752080 100.000000
8821 75.665817 28.777656 100.000000
2070 30.400159 0.000000 17.473505
9129 8.169024 78.390220 100.000000
4908 10.047326 77.713188 100.000000
5165 9.869366 79.199643 100.000000
8408 27.074425 0.000000 95.767971
4198 64.938092 100.000000 6.708334
13180 2.054471 4.202984 100.000000
13175 2.365455 5.002308 100.000000
5706 78.511919 82.796115 0.000000
7524 97.835384 100.000000 29.878217
8691 88.557817 69.867878 0.000000
6656 92.254415 70.419102 0.000000
2832 45.725678 0.000000 90.926855
1932 48.967354 0.000000 90.155409
4997 35.467159 30.771622 0.000000
6519 41.742385 0.000000 28.305045
1347 43.334764 0.000000 25.366581
7992 40.476445 0.000000 6.827526
739 58.209324 10.679642 0.000000
4422 58.291789 9.724305 0.000000
9024 24.549200 0.000000 61.962689
4648 0.000000 35.734218 5.743643
10427 71.173698 47.915959 100.000000
5539 30.784492 69.016021 0.000000
2910 27.681175 71.105554 0.000000
2336 0.000000 6.926417 38.666567
5982 0.000000 82.858587 84.149167
2931 89.610754 22.386554 100.000000
13061 0.000000 73.045339 5.746630
7082 0.000000 99.151462 14.392488
10061 39.214897 0.000000 9.710066
6728 40.850499 0.000000 9.855995
4239 9.958546 0.000000 51.281592
3438 100.000000 69.564785 13.218408
6243 100.000000 0.889390 67.006072
1205 66.361917 100.000000 50.651256
7009 69.819787 79.073090 100.000000
13260 100.000000 1.816233 98.006494
13261 100.000000 1.160225 98.690012
4340 100.000000 27.463043 28.271281
6959 63.105234 76.758924 100.000000
1229 0.000000 51.020587 75.417315
5362 0.000000 50.974769 83.374685
1868 0.000000 2.703986 75.137057
1867 0.000000 3.199807 70.718165
7626 100.000000 22.104697 84.572651
5611 2.904432 5.616671 0.000000
6677 4.499877 5.573897 0.000000
2833 44.312422 0.000000 88.554378
596 0.000000 1.129251 36.051683
595 0.000000 0.605376 33.529122
7797 0.000000 98.138038 15.602177
5987 8.986027 0.000000 75.329191
3549 0.000000 15.000000 100.000000
1712 20.590873 0.000000 15.684015
10421 0.000000 92.202123 38.207330
9754 81.567712 65.733034 100.000000
6816 81.747778 64.600653 100.000000
10439 83.552570 65.152593 100.000000
1794 80.528127 27.380540 100.000000
9148 100.000000 79.395074 54.434205
3761 100.000000 10.480305 2.403770
8944 100.000000 9.485111 3.181578
2665 89.892875 82.169871 100.000000
1621 58.035490 19.785254 0.000000
13339 59.712001 2.552139 100.000000
12999 100.000000 3.381235 1.814505
485 60.115607 0.000000 90.425984
486 62.801498 0.000000 92.208369
4025 0.000000 98.363386 69.192642
3732 100.000000 17.451558 89.163045
271 43.617436 89.487913 100.000000
5548 41.555649 88.684139 100.000000
4317 61.807993 24.304735 0.000000
7197 70.718881 0.000000 95.349804
3271 90.227757 0.000000 34.664615
7847 87.523470 0.000000 31.015877
5818 79.237594 16.478620 0.000000
1638 82.474638 77.908810 0.000000
1695 33.272699 100.000000 89.958656
6630 77.480356 63.769359 0.000000
2675 83.791286 63.515211 0.000000
6064 0.000000 4.229033 46.595067
8173 0.000000 4.976843 43.420249
590 100.000000 80.950150 7.934018
591 100.000000 79.148824 9.033698
4649 41.795046 0.000000 41.719174
10097 42.154946 0.000000 46.007529
4650 39.094758 0.000000 44.274740
2782 100.000000 75.861317 72.701619
8276 0.000000 33.416967 4.329661
7930 100.000000 3.882274 9.350696
7931 100.000000 4.811357 9.518658
6207 85.090094 7.099351 0.000000
2303 100.000000 91.933524 21.126921
588 24.593055 84.254846 100.000000
2272 73.084974 11.774679 100.000000
3261 100.000000 61.162057 93.215391
8216 73.245124 0.679273 0.000000
8935 74.669574 0.988587 0.000000
7066 39.515553 3.309576 0.000000
10360 78.569257 73.241605 100.000000
830 80.212826 74.181377 100.000000
6733 4.718134 75.362283 100.000000
568 81.054031 51.050919 100.000000
2342 15.343901 77.707196 0.000000
5387 100.000000 0.636875 33.205452
5847 100.000000 7.820391 60.412218
9005 0.000000 24.843813 21.558142
377 0.000000 24.095164 19.614336
4562 100.000000 69.036485 55.111882
8124 90.899872 31.390211 0.000000
6830 89.053524 30.571912 0.000000
8548 100.000000 14.410430 21.828187
8327 72.529181 100.000000 57.693517
6602 100.000000 1.913990 8.940997
5599 100.000000 30.307778 54.144118
10136 100.000000 4.892352 39.069840
6841 100.000000 5.334650 37.556220
4050 0.000000 13.673449 59.758688
2745 74.284900 75.270052 0.000000
2857 76.541238 100.000000 81.661441
3149 75.862069 100.000000 100.000000
1636 76.884755 100.000000 97.972519
13062 0.000000 79.522440 3.070833
13045 0.000000 80.247893 3.310424
703 0.000000 62.786152 34.385564
4204 0.000000 91.664772 24.301204
8704 52.878433 100.000000 41.506914
4367 52.312081 100.000000 43.887243
4853 26.111284 100.000000 78.281742
10371 97.014837 34.555527 0.000000
7103 43.661178 40.374691 0.000000
2262 46.669008 38.657246 0.000000
367 15.768858 45.398047 0.000000
365 19.586465 44.694264 0.000000
10347 94.068080 7.083255 0.000000
6520 70.702100 23.840204 0.000000
3608 72.989494 23.674244 0.000000
8172 1.920919 82.965726 100.000000
6291 1.202694 81.507835 100.000000
6264 78.941356 100.000000 2.918931
9887 100.000000 98.053363 12.001310
7537 2.015862 27.125885 0.000000
6880 0.000000 68.210162 19.119010
8512 26.190709 94.591779 0.000000
9305 0.000000 49.004618 93.797475
1026 14.803354 76.018867 100.000000
637 70.559598 14.457193 0.000000
2705 100.000000 22.584952 8.755145
8581 0.000000 60.123694 14.683326
1257 82.568771 100.000000 64.526609
4527 2.833528 0.000000 35.525471
10477 69.484697 21.448276 100.000000
2535 68.340428 20.121441 100.000000
4954 72.407277 20.114717 100.000000
10629 65.447879 0.000000 93.923768
8730 100.000000 82.887970 63.575355
470 75.451039 100.000000 16.358315
8983 55.707811 61.652808 0.000000
8289 69.437137 17.569932 0.000000
5107 46.585543 34.382541 0.000000
6446 46.541982 33.009983 0.000000
4212 100.000000 72.187770 86.346198
7740 100.000000 20.823869 25.900951
2469 36.693686 0.000000 40.730754
3330 100.000000 15.237306 6.005450
9043 100.000000 22.244082 89.573763
4093 0.000000 4.168109 78.445528
12863 0.000000 46.347033 3.807099
4904 100.000000 77.404139 73.791030
4733 0.000000 57.812500 0.000000
6268 7.662714 56.592420 0.000000
1507 87.758093 63.880801 100.000000
9335 0.000000 85.337247 27.736904
10795 0.000000 86.360976 26.305988
408 0.000000 33.951319 58.358531
6442 74.529392 7.439348 100.000000
5356 70.389433 7.749031 100.000000
13063 0.000000 71.389096 19.356382
13058 0.000000 72.087450 24.050365
10696 0.000000 71.676964 33.140776
10791 0.000000 84.072144 29.648408
151 100.000000 16.903265 11.373968
2614 61.329384 100.000000 75.565373
2998 100.000000 42.844581 91.166420
2452 100.000000 45.774355 82.153046
3094 40.055533 0.000000 12.719651
4800 100.000000 33.843631 67.595861
13262 100.000000 12.188212 98.318348
2727 26.787983 87.581753 100.000000
1411 25.350434 88.783713 100.000000
8233 3.270658 0.000000 39.476099
5064 2.356979 11.940085 0.000000
12960 98.568332 100.000000 3.641245
5842 81.859449 63.456391 100.000000
8937 28.743305 100.000000 40.739075
6030 0.000000 74.274832 26.683317
5169 6.710639 100.000000 79.122986
3791 0.000000 26.149520 14.612145
92 15.124642 28.607762 0.000000
7417 100.000000 5.409040 31.808301
617 100.000000 4.949375 30.442442
119 100.000000 22.782423 5.228114
6644 79.574276 69.643037 100.000000
8492 76.770671 100.000000 34.928868
8238 76.198785 100.000000 32.214214
3294 39.176062 7.959433 0.000000
5710 42.837862 1.069326 0.000000
689 49.247716 100.000000 77.078559
30 50.341813 100.000000 73.406266
6860 19.772816 96.771994 100.000000
7976 66.434793 100.000000 60.162717
6742 100.000000 72.480804 78.675425
6874 22.878536 60.679154 100.000000
7265 0.000000 88.535154 4.256819
8736 0.000000 89.794799 5.738951
4796 46.418599 58.098466 0.000000
8681 75.144739 56.715361 0.000000
4948 72.347449 58.780794 0.000000
10658 50.241963 18.752144 100.000000
259 47.873523 17.827796 100.000000
7452 72.517917 100.000000 37.001538
12934 0.635186 0.000000 5.118128
12926 0.948874 0.000000 5.396964
8851 52.120734 90.966889 0.000000
3666 0.000000 31.468543 19.756852
13341 98.637650 53.121398 100.000000
2822 100.000000 97.907651 38.520908
2309 0.000000 13.333333 100.000000
13191 1.557038 13.946267 100.000000
13173 2.118587 12.220198 100.000000
13174 1.877594 11.055981 100.000000
8125 91.310470 30.273011 0.000000
3025 26.913005 84.317186 100.000000
1203 65.403575 100.000000 48.775486
692 100.000000 13.855678 23.561924
8552 4.325901 28.298701 0.000000
8133 4.927482 29.639451 0.000000
2696 96.275208 10.934898 0.000000
235 86.920397 89.419879 0.000000
9390 100.000000 98.470987 26.072271
7572 100.000000 96.998073 30.130792
2090 79.449397 100.000000 35.459869
626 92.519790 85.385849 0.000000
7848 85.149536 0.000000 29.813889
4168 100.000000 18.104646 34.845345
7015 100.000000 18.011501 32.020708
621 2.482664 39.292046 0.000000
8520 39.977619 47.209776 100.000000
9231 100.000000 69.543674 75.948588
3681 22.843358 93.366701 0.000000
1504 86.180210 68.424977 100.000000
1164 100.000000 22.364430 3.216680
6598 100.000000 23.550966 3.516800
8649 100.000000 15.648345 24.647274
7129 66.727740 0.000000 15.451184
7224 65.493398 74.815045 100.000000
2530 2.782067 91.263123 0.000000
1296 0.000000 0.922943 75.635813
4335 0.000000 1.323857 78.788834
7060 100.000000 87.010711 70.026863
7954 16.833712 100.000000 70.171484
7955 13.756514 100.000000 74.156434
13099 0.000000 55.722900 2.800744
3880 47.796985 0.000000 48.951499
9521 26.932151 14.807710 0.000000
1388 83.094791 84.286899 100.000000
13401 47.705002 100.000000 40.037547
13389 47.806340 100.000000 40.915502
1227 82.822931 81.680123 100.000000
10571 29.895359 12.444149 0.000000
6357 0.000000 11.163620 87.354750
1766 0.000000 7.445329 19.814058
825 0.000000 7.176532 22.240623
6021 0.000000 52.404288 54.907944
2514 78.566576 86.232263 100.000000
8653 14.701606 12.878743 0.000000
13143 93.231049 0.000000 3.239596
6278 0.000000 80.272102 18.046082
8372 15.335729 43.624201 0.000000
1826 89.349756 38.098971 0.000000
3183 90.292974 36.638168 0.000000
1030 0.000000 18.971452 39.008106
309 0.000000 17.958011 41.291050
6141 19.044439 35.514251 0.000000
1793 83.999914 26.059952 100.000000
10594 100.000000 67.127657 22.875434
251 67.139639 81.104646 0.000000
250 68.884656 82.483430 0.000000
6 46.728703 77.564984 100.000000
8258 100.000000 5.401735 72.949490
5439 0.000000 20.312500 0.000000
6805 0.000000 18.750000 0.000000
8504 31.752820 23.061022 0.000000
5744 76.070120 92.394053 0.000000
5243 100.000000 47.960189 73.058986
906 32.089015 100.000000 54.894400
9789 30.712639 100.000000 52.811313
13390 46.361480 100.000000 40.806960
5695 40.906471 93.484574 100.000000
6024 87.100565 100.000000 58.096827
6785 85.183144 100.000000 59.318787
2097 0.000000 29.810553 47.069539
4148 88.916999 0.000000 22.591312
5145 54.073289 21.349572 0.000000
3963 51.884564 20.735553 0.000000
366 18.325238 43.598841 0.000000
4415 6.918140 0.000000 9.667907
1173 100.000000 22.999707 71.914500
6027 68.798385 61.263799 100.000000
7275 69.165599 60.177103 100.000000
2195 100.000000 25.503927 29.562008
3512 100.000000 25.659011 26.128278
10661 26.175753 68.992513 100.000000
9675 28.189270 69.068297 100.000000
61 78.856585 0.000000 33.152662
10178 100.000000 32.326739 37.379401
4248 69.848829 24.983731 0.000000
6862 0.000000 43.333333 100.000000
7834 100.000000 29.286023 32.925708
5019 44.637525 13.568416 0.000000
1194 0.000000 25.499276 18.245713
1336 14.479368 96.556607 0.000000
1418 83.033247 17.690344 100.000000
7393 8.990089 4.321949 0.000000
2035 100.000000 70.128893 57.558772
3070 100.000000 71.863325 55.218925
2036 100.000000 71.154755 59.795409
482 0.000000 96.034400 29.427923
9755 0.000000 94.214058 33.765079
6561 62.205657 94.415633 100.000000
1980 85.360297 85.800428 100.000000
5653 70.133099 56.170279 100.000000
6818 72.166021 100.000000 69.752318
3915 100.000000 4.941490 3.215242
13000 100.000000 4.241670 1.350119
2403 100.000000 4.687500 0.000000
13001 100.000000 5.073122 1.720847
8608 0.000000 9.346877 15.798707
8609 0.000000 8.721509 14.195995
4988 100.000000 24.100243 72.984394
9654 83.883260 100.000000 8.643913
565 9.458151 32.166544 0.000000
6529 59.810985 27.708949 0.000000
2233 74.935159 27.505745 0.000000
10662 24.373393 69.440032 100.000000
10438 26.533665 70.042244 100.000000
10793 24.209497 70.532261 100.000000
3574 0.000000 2.014199 23.726081
12849 0.000000 28.747277 2.110895
12866 0.000000 29.254513 2.375811
294 66.977870 46.828085 100.000000
5271 38.086399 0.000000 54.962414
1304 100.000000 9.323277 48.705686
2538 100.000000 10.172427 48.985142
9157 30.690674 100.000000 58.102310
6983 97.672279 44.481484 100.000000
1110 70.924458 22.955231 100.000000
32 52.364769 100.000000 70.812169
2610 95.712472 60.212054 100.000000
6811 0.000000 32.062703 76.833225
1458 0.000000 30.688486 75.196388
8264 61.893455 7.271145 0.000000
1339 5.882353 0.000000 0.000000
2865 0.000000 55.389200 76.257682
13343 98.577445 59.770506 100.000000
13311 98.868108 59.171675 100.000000
5059 51.367111 79.752015 100.000000
7335 17.044937 54.774817 100.000000
3481 0.000000 27.789320 18.426499
6646 0.000000 34.092685 27.743105
2626 83.706663 11.487149 0.000000
2481 20.837239 5.087429 0.000000
1719 41.494535 100.000000 55.039480
10295 100.000000 92.454172 60.855510
3999 100.000000 97.134943 78.562708
1027 100.000000 0.000000 96.153846
1214 100.000000 0.000000 100.000000
9840 100.000000 78.483717 73.789670
8414 56.388782 0.000000 67.726396
4701 54.650578 0.000000 69.788014
6572 84.331269 46.562863 100.000000
8824 38.708942 3.972189 0.000000
10104 100.000000 7.289783 17.213616
7982 100.000000 22.018207 70.991949
10068 60.735917 97.861709 100.000000
713 0.000000 10.825896 45.277041
9053 100.000000 96.505484 76.945719
2861 22.964017 13.623692 0.000000
10038 100.000000 64.336154 10.053016
1079 100.000000 63.645252 16.053196
270 48.934033 5.546709 100.000000
7738 51.704181 4.260355 100.000000
9828 100.000000 26.932807 56.072475
10720 21.284892 0.000000 95.311144
4712 100.000000 60.937500 0.000000
5055 45.558329 41.534478 0.000000
2269 54.605261 100.000000 50.585405
9706 93.106989 65.587604 100.000000
419 91.376679 66.161050 100.000000
4985 0.000000 88.377879 40.601982
1725 51.075818 100.000000 87.046800
8218 64.662443 0.000000 73.003412
8506 77.799922 2.773676 0.000000
9739 75.754544 3.007249 0.000000
5888 76.968010 3.928231 0.000000
684 76.501257 11.909308 0.000000
721 92.397577 82.423396 100.000000
2436 0.000000 29.061005 23.382397
2566 100.000000 14.357089 95.246396
2568 100.000000 13.146571 96.446637
1566 78.379043 84.913472 0.000000
7991 40.477962 0.000000 94.513962
4656 84.713356 100.000000 85.992065
7291 67.683209 75.185706 100.000000
13104 0.000000 61.540962 12.449141
13105 0.000000 61.182437 10.764695
5259 100.000000 7.613777 21.311062
1265 0.000000 13.461780 24.607886
4134 0.000000 97.344127 78.643159
1433 100.000000 68.051019 77.323184
986 100.000000 75.794150 11.023109
988 100.000000 75.213141 8.286786
9988 100.000000 94.569879 89.346633
8073 100.000000 82.874187 44.593409
9756 0.000000 92.090686 33.515569
9218 100.000000 98.890185 58.720838
1818 0.000000 10.298840 84.083050
6812 73.038725 83.478064 0.000000
6957 72.484906 82.213317 0.000000
6813 70.207565 83.790233 0.000000
1773 7.974974 41.004121 0.000000
2915 5.243853 41.093274 0.000000
7212 49.019608 0.000000 0.000000
10391 49.818296 0.626347 0.000000
7719 3.213573 100.000000 31.496956
9115 21.981458 73.981915 100.000000
7639 0.000000 24.140320 42.446634
6188 0.000000 24.858577 43.233706
634 100.000000 91.552825 32.726566
3539 82.420985 51.786984 100.000000
3541 83.892975 52.461328 100.000000
7511 10.776458 100.000000 93.426548
1455 100.000000 27.272727 100.000000
1456 100.000000 25.974026 100.000000
13002 100.000000 10.744738 1.164997
13003 100.000000 11.680921 0.926831
3953 100.000000 5.600229 5.975269
7137 53.241806 71.244356 100.000000
5038 39.417349 13.865673 0.000000
6698 12.084187 18.517717 0.000000
6696 13.485118 17.819581 0.000000
7987 21.901782 100.000000 18.707866
1905 57.138046 32.520453 0.000000
7193 59.775444 32.356686 0.000000
1903 58.351250 31.519700 0.000000
5764 0.000000 31.892147 6.822238
2559 59.839858 100.000000 43.626805
9808 0.000000 38.229164 94.229957
7466 30.398347 17.075995 0.000000
8296 0.000000 93.983334 54.013849
8523 100.000000 70.949073 53.029999
1055 100.000000 1.505427 43.599077
13412 100.000000 1.109575 42.288376
1963 100.000000 81.726973 77.211814
1010 100.000000 80.932178 30.118053
7286 0.000000 92.878657 2.390119
13068 0.000000 93.337530 1.202185
6914 53.573011 100.000000 83.151604
2240 31.153544 1.403512 0.000000
9082 38.089634 1.798536 0.000000
9029 96.664986 2.816121 0.000000
3287 98.299481 3.843535 0.000000
10255 58.210844 0.000000 66.381693
6547 20.135934 69.338246 100.000000
13005 100.000000 2.686023 2.053822
13004 100.000000 2.069626 2.132939
5369 26.241378 13.772560 0.000000
5077 65.578335 0.000000 39.845990
8119 47.359105 23.212437 100.000000
7534 42.652908 24.680200 100.000000
7536 42.865862 22.797022 100.000000
8901 100.000000 7.929841 19.627634
9918 100.000000 30.883800 64.780641
2490 58.859674 27.118533 100.000000
619 36.333992 100.000000 88.255901
13161 1.884303 20.106457 100.000000
13177 2.334774 20.639604 100.000000
9982 74.650330 2.323562 100.000000
4553 100.000000 88.223226 26.043780
630 100.000000 96.093751 68.877066
760 7.843137 0.000000 0.000000
7637 21.713081 45.469315 0.000000
2601 22.690858 43.896108 0.000000
7951 100.000000 24.406961 87.447196
10161 43.241197 21.268476 100.000000
2786 65.787292 37.028459 0.000000
9474 93.547881 100.000000 47.286486
2462 100.000000 10.839072 7.890100
7916 67.711711 79.342039 100.000000
356 100.000000 29.323124 51.383412
8074 35.054719 9.513781 0.000000
5337 56.594392 0.000000 55.663175
4747 55.342080 0.000000 51.800810
8742 0.000000 47.606568 8.774028
12869 0.000000 48.075207 4.285175
1782 0.000000 46.143545 8.015974
4752 0.000000 50.000000 0.000000
12870 0.000000 49.012808 4.893986
7528 59.285235 17.083213 0.000000
8762 57.251716 17.128905 0.000000
9587 76.124988 68.087921 100.000000
1810 25.343982 23.774179 0.000000
1809 26.251211 24.569655 0.000000
4680 27.245286 23.644868 0.000000
5855 62.982340 0.877615 0.000000
5716 61.100199 0.806287 0.000000
13006 100.000000 6.217984 1.392888
13007 100.000000 5.494712 1.430521
8874 0.000000 61.140343 65.416682
2571 100.000000 9.730512 63.691333
7696 100.000000 77.661209 63.681536
3189 100.000000 71.294552 95.359531
1503 100.000000 6.000241 2.608351
10527 92.160493 21.941936 0.000000
2260 50.142950 39.209388 0.000000
193 0.000000 6.958394 24.870586
9083 0.000000 6.640798 27.531557
5147 54.266329 22.666941 0.000000
4955 77.154215 20.289910 100.000000
9176 91.065059 39.504283 0.000000
3579 94.443111 100.000000 33.197504
5106 48.500892 33.497454 0.000000
111 37.740684 91.554139 100.000000
10491 34.855990 92.428490 100.000000
3453 95.745659 0.000000 46.506027
3355 70.876644 65.492295 100.000000
2744 71.106916 66.671281 100.000000
7918 100.000000 33.693874 54.499838
5745 64.147498 100.000000 23.211698
5848 71.711684 74.703404 0.000000
720 90.805909 83.357232 100.000000
10078 29.055103 0.000000 10.961257
6273 0.000000 0.858341 18.194226
4400 0.000000 68.750000 0.000000
1630 78.835391 10.465221 100.000000
5699 51.395847 57.616557 100.000000
968 43.313064 100.000000 94.279318
2637 100.000000 74.939529 72.392680
4945 100.000000 34.455910 91.718630
13008 100.000000 29.431415 2.037240
3136 37.042472 100.000000 15.159047
8236 100.000000 50.000000 0.000000
35 68.937906 32.177631 0.000000
10785 66.548477 32.241463 0.000000
910 6.622730 100.000000 68.618631
3572 74.453643 70.174342 100.000000
1185 83.052945 70.576757 0.000000
7742 27.262937 19.434431 0.000000
12871 0.000000 8.995897 2.045316
12872 0.000000 8.154641 2.427509
3200 29.974987 97.836306 0.000000
9061 100.000000 18.481824 58.770165
2404 98.124716 5.453410 0.000000
4019 33.046629 71.978597 100.000000
105 69.744882 30.856211 0.000000
3647 78.636860 95.026706 0.000000
8617 90.857490 100.000000 29.681861
1845 69.125697 9.225390 100.000000
2405 100.000000 6.250000 0.000000
2150 70.661137 100.000000 72.554472
5926 68.802389 100.000000 69.978167
10712 62.464071 98.116219 0.000000
4984 100.000000 90.268328 90.990599
5472 100.000000 90.616752 94.324193
10660 100.000000 95.192664 71.977216
7667 100.000000 96.327378 71.601637
7837 100.000000 63.054455 54.310696
2737 10.344828 100.000000 100.000000
7517 0.000000 38.069910 18.530085
3923 16.581658 0.000000 78.542666
8202 79.353150 100.000000 20.348806
5781 100.000000 37.789708 42.503274
7376 92.970274 90.675690 100.000000
3840 12.190150 75.340768 100.000000
5024 44.926994 37.166981 0.000000
7130 0.000000 22.944052 34.711422
5979 0.000000 23.932155 35.084639
2488 0.000000 61.348956 80.197751
571 0.000000 60.562009 90.433531
8263 80.810975 9.092557 0.000000
5714 62.745098 0.000000 0.000000
5715 60.784314 0.000000 0.000000
5252 57.034655 100.000000 97.292254
10413 64.695951 100.000000 32.088037
10412 65.507940 100.000000 29.963061
7371 44.693248 22.775130 0.000000
4542 13.717675 100.000000 90.263044
10480 38.553748 98.572737 0.000000
9306 0.000000 50.960186 91.649250
7531 0.000000 50.000000 100.000000
1143 100.000000 16.614613 75.530414
13340 59.797054 3.632040 100.000000
13346 59.154178 4.416202 100.000000
6269 11.781488 57.290802 0.000000
6796 0.000000 5.890648 50.667960
6797 0.000000 5.234534 49.563185
1337 12.556286 96.230637 0.000000
8773 28.711351 3.703725 0.000000
1069 28.884383 2.604319 0.000000
2333 0.000000 14.232019 8.165184
9166 0.000000 15.076420 10.328232
13415 100.000000 4.123125 35.637153
13416 100.000000 3.893703 35.693150
5057 50.457488 81.018029 100.000000
1452 94.025811 81.521659 100.000000
1808 24.629274 24.851191 0.000000
3669 12.171494 9.849318 0.000000
9922 0.000000 49.702316 87.858430
5014 98.060655 7.039618 0.000000
9957 96.078431 0.000000 0.000000
8442 98.039216 0.000000 0.000000
13146 96.661996 0.000000 1.280858
13151 95.088628 0.000000 2.615454
13150 94.145881 0.000000 2.285369
5740 91.079961 93.957549 100.000000
9627 56.119027 68.139887 100.000000
662 100.000000 72.268744 14.010300
9811 69.042927 6.867203 0.000000
4259 23.199931 100.000000 78.605372
2359 81.834582 69.261753 100.000000
7001 60.246457 23.476567 0.000000
8867 100.000000 10.746296 21.176850
6304 60.892141 4.360145 100.000000
13034 0.000000 50.320128 12.658994
9799 68.925999 94.445749 100.000000
8152 53.974562 1.616988 0.000000
1924 50.487741 35.813636 100.000000
13348 59.589133 5.618797 100.000000
13347 59.796883 5.081801 100.000000
3654 24.575486 0.000000 94.028559
2429 100.000000 99.345314 75.813321
13349 98.904114 64.114661 100.000000
13350 98.598909 64.562036 100.000000
2607 0.000000 5.753801 75.261385
8317 6.506761 55.543673 100.000000
3032 1.690108 86.621263 0.000000
3476 28.148742 50.317404 0.000000
4435 26.285147 49.261268 0.000000
8475 35.787642 0.000000 31.919340
5004 100.000000 93.119250 86.214642
2852 7.841648 52.907697 0.000000
7593 4.403487 54.390632 0.000000
10294 8.902801 53.926013 0.000000
4856 64.790155 39.584021 100.000000
1144 100.000000 15.464596 73.741487
1592 15.232431 100.000000 57.414472
6635 62.868496 100.000000 52.786354
9737 0.000000 18.695904 10.795475
1477 32.791893 92.196733 100.000000
7061 32.272925 93.187476 100.000000
4546 30.409970 92.544210 100.000000
9721 45.141862 26.155451 0.000000
7895 68.053197 21.828932 0.000000
5625 33.848567 100.000000 31.351923
4327 34.871724 100.000000 28.708849
998 100.000000 80.105944 68.466388
6441 76.717207 9.051400 100.000000
8011 22.866357 100.000000 93.612507
9162 84.569834 100.000000 95.731766
4444 100.000000 37.400917 17.183032
8673 95.706428 100.000000 47.069793
5815 100.000000 76.470754 95.530594
2634 100.000000 2.757636 53.239920
7210 100.000000 6.825391 35.461031
6684 100.000000 1.360876 77.139549
3179 100.000000 15.073889 16.619883
8871 85.587911 87.939659 0.000000
7413 54.834101 57.267455 100.000000
5044 57.220517 56.946698 100.000000
7809 50.842940 78.496933 100.000000
2084 0.000000 51.345746 61.431717
9735 82.514917 41.840317 0.000000
2689 100.000000 20.554082 47.582602
510 80.369199 87.214337 100.000000
5010 80.702344 85.796522 100.000000
8522 12.035331 46.869753 0.000000
8377 12.464341 45.179991 0.000000
3390 56.025814 100.000000 66.967588
10106 95.597500 29.824814 0.000000
7437 100.000000 18.216363 37.636734
9489 43.015091 0.000000 92.796486
4086 31.980118 0.000000 36.844397
1390 83.009510 85.246132 100.000000
8883 0.000000 23.988212 37.711231
10125 0.000000 24.937188 38.076107
5978 0.000000 24.916913 35.420518
1904 56.177700 31.295199 0.000000
3816 100.000000 87.178429 56.124718
7491 0.000000 38.591777 11.451613
8690 35.099373 12.602126 0.000000
891 74.119280 36.088176 0.000000
7450 70.793187 100.000000 39.434168
5996 61.131326 63.563468 100.000000
7307 0.000000 57.705954 27.994069
4930 46.291186 90.178896 0.000000
8 48.293743 78.433157 100.000000
13148 98.005566 0.000000 1.525349
12803 98.832059 0.000000 1.927520
8904 35.300483 13.544606 0.000000
5896 33.922134 13.419698 0.000000
9947 0.000000 91.955039 21.520671
9946 0.000000 92.108971 18.771395
5774 100.000000 45.454545 100.000000
4532 97.880307 45.726181 100.000000
3959 46.115704 6.955246 100.000000
10342 43.192674 8.443337 100.000000
6962 100.000000 3.108538 38.914264
5408 100.000000 2.725804 40.585948
1779 100.000000 84.786414 46.396933
3198 64.922049 61.489044 100.000000
10716 62.794054 61.006719 100.000000
7859 74.043271 13.314921 0.000000
9296 90.909637 52.548044 100.000000
554 91.393560 51.491700 100.000000
4323 0.000000 35.000000 100.000000
1973 0.000000 36.462570 94.196216
5054 81.946277 10.861342 0.000000
9715 16.083909 17.351989 0.000000
4867 100.000000 12.410395 17.069986
10248 63.861319 100.000000 75.731587
9351 0.000000 32.874858 7.492453
7595 100.000000 12.198175 15.053736
9899 100.000000 93.304118 4.241154
9385 43.638395 35.534677 0.000000
6534 0.000000 31.250000 0.000000
10790 100.000000 2.931458 9.120735
13433 0.000000 85.561886 50.971666
5451 70.019131 100.000000 51.780626
1116 47.287788 100.000000 49.721390
7151 35.104721 37.065487 0.000000
7482 40.464787 4.022103 0.000000
305 11.256140 28.636336 100.000000
2569 100.000000 8.904060 65.464214
7750 36.943604 100.000000 28.044830
3780 77.284371 77.018330 0.000000
3779 78.511557 78.429926 0.000000
6931 0.000000 1.506562 66.535895
400 45.200873 1.500986 0.000000
3252 4.713482 19.440314 100.000000
2008 100.000000 15.143486 32.031397
5281 12.357660 27.456512 0.000000
5805 96.254226 3.914796 100.000000
7923 0.000000 26.152771 8.718768
3146 30.631438 0.000000 39.617123
7404 54.211583 100.000000 76.689442
9143 51.895541 100.000000 77.611962
7840 53.300183 100.000000 79.169253
10127 22.249823 69.960879 100.000000
3366 38.905635 100.000000 89.558743
3896 86.399903 88.393614 100.000000
4197 64.981205 100.000000 9.717867
5488 6.322976 24.022717 0.000000
7839 51.997404 100.000000 81.756231
6399 54.884858 100.000000 81.018719
9425 28.398320 16.793533 0.000000
1242 100.000000 12.866980 49.199545
7414 59.878798 71.571993 100.000000
18 0.000000 6.676388 45.119443
3214 0.000000 5.915789 47.474728
4828 0.000000 6.740544 48.197229
38 92.172109 41.212275 0.000000
6326 100.000000 18.450204 55.144748
1704 100.000000 91.551749 91.326629
3147 28.713927 14.936804 0.000000
9406 91.423719 67.318777 0.000000
8329 100.000000 66.471296 88.749222
9579 17.821503 70.975360 100.000000
995 32.111469 34.283783 0.000000
10030 30.738272 35.219377 0.000000
3488 33.574048 73.555569 100.000000
10049 100.000000 28.079213 51.712545
2956 18.163621 0.000000 36.177511
1746 100.000000 63.246115 70.152265
9193 91.218333 100.000000 25.952852
8076 93.187954 55.278986 100.000000
4315 92.650512 56.825284 100.000000
3957 0.000000 44.244001 88.651601
6194 85.883587 68.421846 0.000000
2050 100.000000 11.431183 16.759866
584 100.000000 10.599756 17.475054
10492 57.992273 24.865629 0.000000
4140 47.083417 98.439800 0.000000
12873 0.000000 7.143284 1.664191
12842 0.000000 6.498221 2.445292
4014 70.157177 0.000000 21.924655
1940 100.000000 27.228268 17.198717
10380 100.000000 13.004372 51.940725
7787 12.279221 19.885614 0.000000
6779 77.395880 88.844775 0.000000
5502 75.837671 87.287485 0.000000
6977 15.174897 19.366179 0.000000
9844 14.970248 18.224145 0.000000
9843 13.651539 18.958544 0.000000
9681 78.700206 0.000000 5.310335
940 65.023457 67.267014 100.000000
13179 2.168609 13.324898 100.000000
13436 0.000000 77.390238 53.387187
13434 0.000000 78.588264 53.304933
5561 0.000000 80.197137 48.293101
13435 0.000000 80.230335 53.166184
7806 3.921569 0.000000 0.000000
10051 38.482079 32.434879 0.000000
13276 100.000000 5.672828 98.314383
13265 100.000000 5.106153 98.026076
413 100.000000 5.183964 95.736107
13266 100.000000 4.429107 97.502169
3004 100.000000 12.543454 54.501711
373 5.572466 100.000000 5.160514
759 4.018391 0.000000 7.609274
12915 5.233201 0.000000 3.412464
12917 5.927311 0.000000 3.889345
3174 89.921123 4.187473 0.000000
7425 56.063650 100.000000 37.629212
5582 54.646370 100.000000 35.667506
4402 0.000000 67.002601 14.627013
9054 100.000000 96.374557 80.237897
10776 100.000000 95.466268 82.369636
5191 91.241103 49.367610 0.000000
6909 87.304271 50.197289 0.000000
3635 41.740353 13.470276 100.000000
9848 0.000000 12.591987 15.397216
4710 100.000000 62.500000 0.000000
10654 94.929287 62.820871 0.000000
9943 0.000000 0.613271 14.550846
10349 0.000000 0.000000 15.384615
3766 0.000000 95.344843 21.618087
8622 100.000000 87.792662 63.388100
9164 85.763662 44.835051 100.000000
9693 20.128631 70.506846 100.000000
10138 43.124875 100.000000 71.780203
6367 100.000000 9.090909 100.000000
13258 100.000000 9.247270 98.116181
13267 100.000000 9.806675 98.700745
5437 94.255465 52.483396 100.000000
6128 29.411765 0.000000 0.000000
5276 0.000000 76.854263 58.220167
13430 0.000000 76.403486 53.972987
3507 15.782997 100.000000 33.633111
10689 100.000000 24.919124 8.985581
9224 100.000000 34.375000 0.000000
8551 0.000000 90.915255 22.898762
479 14.403434 29.699684 0.000000
3469 15.616683 30.468949 0.000000
4395 5.318188 74.083244 0.000000
4865 73.636030 100.000000 41.935486
7451 73.119116 100.000000 39.529528
4866 71.556142 100.000000 41.692198
1950 51.497632 19.333076 0.000000
3140 42.714102 100.000000 37.020166
2825 32.284784 0.000000 49.055038
1248 74.709282 64.702773 100.000000
1247 73.329744 65.797858 100.000000
10021 100.000000 10.228144 18.991859
10093 100.000000 9.762539 20.725035
7958 3.015001 70.996716 100.000000
8766 0.000000 17.868263 58.900951
3337 0.000000 18.424447 55.295806
8199 93.279634 3.161028 100.000000
5644 100.000000 9.686625 24.810984
6355 0.000000 96.666667 100.000000
12874 0.000000 97.573154 97.618006
9341 4.580518 71.167096 0.000000
691 100.000000 13.602052 21.769680
5336 59.554749 0.000000 57.080452
7373 52.912581 5.505330 0.000000
5970 53.433892 6.568491 0.000000
4729 60.010850 100.000000 40.803807
5697 93.089102 0.000000 9.617890
7160 98.189366 95.334133 100.000000
7685 43.014682 22.807477 0.000000
1691 100.000000 8.774802 51.476200
3251 5.897800 20.825601 100.000000
7278 18.434635 18.377903 0.000000
2193 0.000000 92.982987 13.801987
1489 49.292648 100.000000 12.375600
10739 78.259004 100.000000 11.745994
10215 100.000000 96.929669 61.987612
4794 11.717651 42.124060 0.000000
1664 100.000000 0.000000 19.230769
820 27.394136 92.934703 100.000000
8002 4.095492 32.272740 0.000000
10260 79.885933 100.000000 12.869252
208 73.973877 59.095665 100.000000
10156 76.162898 58.561050 100.000000
8478 15.886581 69.997251 100.000000
1518 46.198670 19.733089 100.000000
2400 17.632345 10.775065 100.000000
8599 2.759042 100.000000 61.633333
10258 68.524865 100.000000 58.495181
8582 0.000000 60.937500 0.000000
10580 4.872812 61.562227 0.000000
8209 54.657657 92.650213 100.000000
1036 57.999208 92.434759 100.000000
13451 11.642954 100.000000 48.364617
13437 12.845293 100.000000 48.963766
6445 100.000000 90.930947 85.263659
1646 61.485915 75.932041 100.000000
1886 66.636815 98.883930 100.000000
6115 31.066809 0.000000 9.736634
10564 84.367308 11.815922 100.000000
1878 60.956900 100.000000 35.042160
850 0.000000 34.593123 74.510057
4155 0.000000 34.972926 70.118317
7252 100.000000 27.238896 14.623022
8430 100.000000 26.358240 14.382181
10173 65.484420 94.373139 100.000000
4302 2.814872 14.528392 0.000000
8922 3.624160 100.000000 48.400625
13439 5.356615 100.000000 50.144946
13172 1.736214 3.369015 100.000000
10171 0.000000 3.906023 26.730440
1858 85.260989 100.000000 28.713786
5245 35.762091 75.695462 100.000000
9338 33.319164 75.558507 100.000000
8017 58.620690 100.000000 100.000000
8452 56.340723 99.055501 100.000000
9101 56.441075 100.000000 19.994750
6211 62.552080 0.000000 58.284052
6683 100.000000 1.881118 73.370720
4861 28.895277 36.912868 0.000000
8567 79.973773 52.322301 100.000000
5549 39.751742 87.790024 100.000000
8590 100.000000 5.151912 35.194363
143 100.000000 10.980774 35.135011
10476 80.224456 37.463639 0.000000
3309 9.157815 33.475471 100.000000
6921 0.000000 69.832215 77.954920
5957 100.000000 1.724849 80.156836
5347 100.000000 2.810099 79.278219
7588 90.595115 97.629916 100.000000
2904 22.566350 7.345173 0.000000
7842 75.830437 0.000000 13.778648
5214 78.765209 0.000000 15.768109
13009 100.000000 8.636739 1.578801
879 78.219003 45.958618 100.000000
6574 81.788840 46.204817 100.000000
10259 80.843869 100.000000 10.307738
5967 82.545368 100.000000 12.585125
5871 0.000000 86.963332 78.699907
6773 68.423914 51.439581 100.000000
10249 87.075456 97.983938 100.000000
4545 29.131133 93.807583 100.000000
10609 89.001643 16.083905 0.000000
7642 0.000000 17.450747 31.373669
1600 100.000000 67.246431 40.866384
10147 100.000000 67.734680 44.380799
8987 58.974503 100.000000 28.644480
4092 52.426016 4.495321 0.000000
4436 0.000000 0.889417 49.222364
2376 64.705882 0.000000 0.000000
7820 23.855910 45.951024 0.000000
9452 27.430346 0.000000 8.138090
10142 0.000000 66.599620 60.139049
13158 2.741310 21.344979 100.000000
5128 100.000000 88.311688 100.000000
8984 52.901033 77.554511 100.000000
7810 53.416099 78.783916 100.000000
8081 76.572023 75.825093 0.000000
4358 0.000000 30.448309 23.031820
4496 96.451015 26.125803 0.000000
6828 92.655001 63.214756 100.000000
50 93.777357 53.849892 100.000000
6422 0.000000 21.224573 28.580372
7666 21.359017 32.668841 0.000000
7775 100.000000 11.629182 76.981818
7372 43.541994 21.906903 0.000000
8892 54.013617 16.172747 0.000000
9718 49.613115 40.897009 100.000000
4694 37.968545 54.910761 100.000000
7901 22.736335 100.000000 57.587735
1135 63.893769 13.277179 100.000000
6069 65.051785 0.000000 17.826078
8261 24.124349 37.603720 100.000000
5242 0.000000 29.920057 17.853673
2434 0.000000 30.117506 20.244007
5524 92.132632 1.997265 0.000000
7345 94.219815 1.072401 0.000000
7156 100.000000 77.432640 10.072419
5750 68.794748 85.865941 100.000000
8872 82.143169 82.882716 0.000000
9787 65.186765 17.520954 100.000000
2537 64.788248 19.420716 100.000000
1361 100.000000 96.527299 45.114394
4936 100.000000 97.433462 45.908397
6109 100.000000 63.575268 98.153414
7687 100.000000 64.320449 95.702261
7105 74.574777 0.000000 33.862026
9821 78.850855 3.836119 0.000000
8432 13.915567 19.938025 0.000000
7554 9.863972 55.010638 0.000000
4731 5.138829 55.663701 0.000000
8497 100.000000 90.114852 67.931375
10679 100.000000 91.123530 66.526802
6587 79.764861 91.089855 100.000000
9172 77.729009 100.000000 58.334306
9170 80.363068 100.000000 58.735284
10766 18.625112 0.000000 93.601230
7387 19.419230 0.000000 89.777977
6451 22.175747 0.000000 92.046245
5104 0.000000 23.116348 52.399268
2040 100.000000 15.625000 0.000000
170 89.265237 0.000000 11.096039
4482 3.125013 0.000000 16.379837
10254 0.000000 95.870036 88.883709
2715 59.592376 85.207625 100.000000
1926 51.585994 37.670288 100.000000
9343 0.000000 22.428288 27.931754
5767 100.000000 96.468304 83.643586
3431 53.797642 79.766763 100.000000
1328 100.000000 7.012934 27.060059
10085 100.000000 8.393816 21.821143
3369 27.811901 51.679546 0.000000
8836 100.000000 42.296402 23.580615
8417 100.000000 37.585006 22.155876
2463 100.000000 12.361648 7.065695
4635 46.807919 29.632085 0.000000
6182 9.591393 62.193272 0.000000
6917 73.695491 14.423354 0.000000
1996 100.000000 0.874095 50.857159
3104 100.000000 53.125000 0.000000
6365 65.817031 45.740547 0.000000
13210 4.795118 100.000000 1.872982
8555 82.335408 100.000000 34.783103
4960 74.901431 35.041662 100.000000
5735 100.000000 70.734420 93.047580
4064 0.000000 22.668452 14.526809
9640 65.165810 79.663408 100.000000
13281 100.000000 60.893452 29.671521
5105 0.000000 23.511375 48.383175
1363 100.000000 96.692675 41.643255
1362 100.000000 95.769000 44.259389
7627 100.000000 22.007688 79.662768
2750 60.272658 18.007422 0.000000
4223 78.692411 92.382415 100.000000
13012 100.000000 7.164518 1.197609
8832 100.000000 89.464429 95.695109
5346 100.000000 3.981061 78.209906
9910 47.559096 100.000000 31.121376
4398 38.909959 100.000000 49.066956
13394 48.714245 100.000000 24.098346
6681 0.000000 23.789938 45.039328
6220 52.559205 62.250234 100.000000
434 0.000000 3.535216 35.117516
6515 100.000000 74.922104 14.925428
5298 77.928053 4.675619 0.000000
741 0.000000 10.763486 48.359478
19 0.000000 7.442443 43.015478
2608 100.000000 73.020823 29.261540
2477 75.181268 84.077601 0.000000
8474 78.828329 1.618840 0.000000
447 80.391784 1.779454 0.000000
8473 79.949100 0.908294 0.000000
6400 57.976958 100.000000 80.658845
8893 0.000000 79.011509 20.113156
7159 97.699603 96.373539 100.000000
9014 51.228853 100.000000 84.406675
10668 76.268107 89.182285 100.000000
9629 100.000000 73.330296 16.491740
2807 80.565580 93.552757 100.000000
9050 100.000000 61.515103 54.374691
10310 100.000000 44.539073 17.920129
8066 100.000000 43.235619 15.699794
8784 62.230044 0.000000 74.279491
5100 100.000000 98.437500 0.000000
12875 0.000000 45.419022 3.037525
931 100.000000 81.890028 88.634573
8689 57.100408 13.272044 0.000000
7819 100.000000 2.345558 76.325907
7788 100.000000 2.896680 72.583453
7022 25.464710 0.000000 9.339115
9428 58.337992 67.387355 100.000000
13413 100.000000 3.633931 35.973438
13414 100.000000 3.366937 36.381727
4257 3.333333 0.000000 100.000000
4256 6.666667 0.000000 100.000000
2341 100.000000 44.074105 96.148373
6817 79.974927 64.100931 100.000000
6067 41.176471 0.000000 0.000000
13011 100.000000 33.349643 1.446401
13013 100.000000 34.010014 1.784865
3828 100.000000 96.255281 93.685550
10475 26.220750 5.953697 0.000000
5265 100.000000 69.647699 42.859164
5680 100.000000 6.574500 56.920857
8586 0.000000 82.163113 43.278857
10046 100.000000 32.659950 22.826808
8627 76.470588 0.000000 0.000000
10633 59.092979 94.589378 100.000000
8380 100.000000 44.155844 100.000000
3550 0.000000 16.666667 100.000000
947 75.547757 83.314795 100.000000
9690 0.000000 34.982603 38.121326
10003 100.000000 44.470098 90.968786
4291 100.000000 41.558442 100.000000
8392 45.269111 100.000000 8.667846
7940 70.687576 6.198621 0.000000
13425 1.214670 100.000000 49.941908
13440 2.449188 100.000000 51.308913
13441 3.767415 100.000000 50.777970
6290 86.213505 2.576969 100.000000
2600 20.824086 43.384964 0.000000
8391 49.807805 100.000000 3.560135
4016 52.729567 100.000000 3.501125
5083 57.784803 88.286611 100.000000
6588 81.695014 92.343658 100.000000
7455 89.912666 2.284748 100.000000
10397 100.000000 40.305687 82.316296
5419 100.000000 71.148562 23.051422
13014 100.000000 24.290953 2.161102
12997 100.000000 23.540157 1.710825
13021 100.000000 25.318950 1.671882
13016 100.000000 25.988056 1.544223
2005 0.000000 87.897344 6.801514
12860 0.000000 93.060906 97.106203
4879 0.000000 91.666667 100.000000
12876 0.000000 93.811208 96.984089
6202 53.477516 56.402576 100.000000
8728 0.000000 95.159484 10.852690
10221 85.427001 53.105652 100.000000
6901 100.000000 93.180141 68.960827
5266 17.878880 21.870953 0.000000
1391 62.371915 16.197755 0.000000
10585 97.578556 61.668294 100.000000
6086 94.910229 29.338472 100.000000
1148 54.411520 4.768143 0.000000
1137 88.583304 73.503160 0.000000
12852 0.000000 34.711817 2.004138
999 100.000000 80.790212 70.244516
2785 68.642651 37.764133 0.000000
2859 0.000000 26.012987 53.696503
8086 0.000000 27.147810 50.041217
3115 100.000000 97.540794 16.889932
10752 0.000000 26.778089 71.880646
9114 18.786546 12.275362 0.000000
3299 51.921371 100.000000 68.570900
10445 81.670555 36.024086 0.000000
7857 100.000000 94.413649 4.183358
5983 44.351627 71.680532 100.000000
10554 7.869773 22.988047 0.000000
9820 14.410150 100.000000 77.486491
5536 11.169108 100.000000 81.695739
4477 0.000000 21.898387 55.848205
5248 40.010130 70.660957 100.000000
13066 0.000000 93.927114 1.450761
13064 0.000000 95.027013 0.925582
2851 9.424276 51.163450 0.000000
7854 68.596230 0.000000 39.129838
10013 61.325177 100.000000 16.304026
6798 0.000000 0.000000 42.307692
5052 80.500205 10.165764 0.000000
4075 72.748605 54.170992 100.000000
2304 100.000000 92.028606 18.206910
5643 100.000000 9.266520 22.477070
3891 100.000000 94.504353 81.489087
9890 69.178979 20.761950 0.000000
5321 100.000000 7.872610 38.155072
3846 100.000000 68.289700 47.769552
7119 0.000000 23.083009 43.017558
7769 26.423846 42.579031 100.000000
1220 0.000000 22.446737 50.163518
10130 59.227260 75.050674 100.000000
2271 51.611628 100.000000 51.113764
13271 100.000000 20.219155 95.770205
13272 100.000000 19.668288 95.824533
1037 59.305433 91.246275 100.000000
963 0.000000 20.084113 73.531318
2711 0.000000 32.739858 62.220671
8655 39.130100 22.070726 100.000000
5859 45.847679 0.000000 77.896367
10613 48.082256 0.000000 79.110216
13010 100.000000 9.605719 1.696072
13018 100.000000 10.051441 1.316210
209 71.553603 59.630508 100.000000
1591 13.872935 100.000000 55.505356
7381 63.470521 88.552686 100.000000
8779 97.396578 59.343068 100.000000
10592 90.452436 32.331717 0.000000
2676 88.563804 61.492880 0.000000
4944 94.513363 61.220766 0.000000
4549 94.161417 100.000000 44.438456
3755 100.000000 31.077829 11.164516
10695 100.000000 14.921376 63.611231
4880 0.000000 90.000000 100.000000
4598 0.000000 90.260385 94.677458
887 47.081215 35.860567 0.000000
4935 100.000000 97.338927 48.811447
2957 17.683757 0.000000 40.218953
9583 0.000000 25.903553 35.846018
13351 56.367805 0.000000 81.501330
12877 0.000000 2.531034 1.400548
9151 32.930345 30.512781 0.000000
1160 16.251095 23.814511 0.000000
6312 0.000000 6.229545 29.937202
5041 100.000000 82.956379 66.574429
410 0.000000 33.595437 54.087822
9422 0.000000 67.737155 84.910987
13067 0.000000 75.462065 5.520010
2635 100.000000 3.678318 54.496663
2876 60.062546 0.000000 87.922561
1956 87.602048 52.494702 100.000000
10614 50.993077 0.000000 80.425959
5257 100.000000 28.571429 100.000000
7629 100.000000 29.870130 100.000000
7801 75.061124 4.239030 0.000000
802 28.351975 62.727974 0.000000
9752 66.055937 0.000000 59.192749
10726 43.155694 75.190322 100.000000
5395 0.000000 7.215095 36.040373
13442 0.000000 88.188763 50.624983
3414 91.525680 81.187580 100.000000
5190 95.527450 50.432993 0.000000
9037 100.000000 51.562500 0.000000
13443 0.000000 80.901634 55.189522
8212 100.000000 19.565375 59.770110
6597 100.000000 23.437500 0.000000
9661 100.000000 71.893775 24.972617
5788 95.510215 48.782240 0.000000
5860 45.584780 0.000000 80.405087
10787 80.579118 0.000000 90.075808
6494 23.033130 42.432330 0.000000
7408 0.000000 61.779783 57.600088
8151 55.348344 1.136549 0.000000
5532 71.246420 13.082055 100.000000
7794 0.000000 10.739787 22.207811
13445 0.000000 92.986909 53.460549
13444 0.000000 91.811363 53.513294
3410 100.000000 10.295558 9.763819
2916 5.914798 42.670997 0.000000
2522 8.786930 42.412433 0.000000
9807 90.649641 0.000000 88.921141
7688 100.000000 65.247042 92.101324
5618 29.496053 100.000000 50.629078
5527 82.195218 43.566963 0.000000
10548 29.410279 0.000000 6.914870
10321 93.549133 47.657491 100.000000
5736 100.000000 69.799449 96.605348
3305 100.000000 68.831169 100.000000
9645 32.593639 35.437507 0.000000
6584 43.846007 4.013835 0.000000
7781 80.025889 21.621829 0.000000
10431 9.185230 22.286857 0.000000
4240 12.370834 0.000000 53.473165
1857 86.254948 100.000000 31.421124
9137 0.000000 11.554022 40.075437
9415 74.874789 100.000000 37.262240
196 13.097979 0.000000 60.572343
2406 37.822340 7.206882 0.000000
3295 37.381233 8.194642 0.000000
8331 100.000000 28.442977 56.042776
10572 0.000000 89.759406 86.845180
563 67.297021 0.000000 8.773969
5511 49.316334 90.557556 0.000000
8164 0.000000 32.362508 41.529151
8001 100.000000 61.766109 74.263345
10479 94.171030 0.000000 39.622626
10363 91.354989 0.000000 40.301371
6247 81.526889 100.000000 70.461211
8174 44.767098 100.000000 20.979104
4269 57.925238 37.727280 100.000000
2410 6.938826 26.072764 100.000000
9244 100.000000 97.798850 58.523333
8211 100.000000 19.821461 63.632200
3367 31.295806 52.099188 0.000000
8485 0.000000 100.000000 50.000000
5150 90.716677 26.931806 0.000000
7501 78.099968 17.334506 0.000000
7863 5.049234 86.726229 0.000000
10501 15.629007 26.118625 0.000000
7141 75.575504 81.886778 100.000000
5247 38.171144 75.763374 100.000000
3628 100.000000 51.125230 85.610296
10064 0.000000 91.317426 12.387815
3694 78.485278 100.000000 61.196664
2128 13.846777 0.000000 80.475779
8705 29.493021 100.000000 61.304291
4207 21.551444 37.730499 0.000000
779 24.439053 38.083308 0.000000
576 0.000000 11.775019 8.736529
6177 11.511006 0.000000 82.105125
3519 79.896918 17.378696 0.000000
6454 55.172414 100.000000 100.000000
10474 24.665830 5.669487 0.000000
4264 0.000000 87.951076 15.548697
13183 1.219177 2.365096 100.000000
9831 100.000000 2.067036 23.488158
9519 0.000000 87.652178 15.903943
8583 0.000000 87.648617 15.166829
252 65.275004 82.971593 0.000000
5937 66.817723 84.189209 0.000000
1778 100.000000 29.531216 20.676071
511 78.263624 88.311072 100.000000
3031 3.349632 85.892831 0.000000
6288 90.215036 3.890463 100.000000
5398 0.000000 85.632433 38.729987
8672 0.000000 83.893178 38.586950
9102 33.539136 8.622225 0.000000
2543 60.444456 20.666091 100.000000
5374 56.354847 22.091779 100.000000
8136 72.852531 1.551046 0.000000
8507 79.786081 2.740421 0.000000
620 39.527393 100.000000 86.292717
4956 74.115478 21.622472 100.000000
13221 35.833435 53.255258 0.000000
5642 96.799549 0.000000 15.405413
9937 65.384282 100.000000 73.927248
3695 75.695351 100.000000 60.615706
5651 60.606061 100.000000 0.000000
1142 100.000000 16.280377 70.674464
10299 92.770177 0.000000 70.458653
13446 0.000000 90.779939 53.574451
13176 2.937699 5.888716 100.000000
13184 2.445188 6.530515 100.000000
13181 2.049548 7.137450 100.000000
1625 100.000000 98.261146 46.713517
1046 77.591526 67.406197 100.000000
6627 73.888863 46.399000 100.000000
13294 100.000000 25.251958 7.660573
13284 100.000000 24.858709 7.143750
872 0.000000 5.814948 27.729728
3786 59.985244 0.000000 78.566094
4723 100.000000 59.738899 89.976055
4724 100.000000 59.829019 86.196368
4416 97.982350 51.025383 100.000000
1305 0.000000 73.294442 64.356281
1536 0.000000 0.000000 65.384615
1426 100.000000 18.255922 22.064504
8130 100.000000 7.168470 94.240320
13019 100.000000 13.677613 1.355756
4698 41.821381 74.408529 100.000000
5332 6.900461 29.575614 0.000000
9683 71.784245 38.404583 0.000000
1123 100.000000 50.171546 28.061518
10682 68.596364 100.000000 66.733441
9702 5.496298 30.943101 0.000000
5887 21.605651 34.309472 0.000000
5885 21.578212 36.009644 0.000000
8578 2.191155 94.023942 100.000000
7557 93.103448 100.000000 100.000000
6421 0.000000 21.809192 31.134015
4893 90.910709 47.609491 0.000000
1258 0.000000 2.230923 21.594070
9712 0.000000 0.731239 69.820925
6894 100.000000 95.861392 62.590983
3450 82.579025 43.058601 100.000000
4091 50.918177 5.167131 0.000000
9040 49.041335 4.781421 0.000000
1626 100.000000 99.056958 47.542987
13353 58.374455 0.000000 88.896293
13352 57.657629 0.000000 86.865652
8642 100.000000 82.613038 38.600693
269 48.474441 3.836736 100.000000
5741 10.545046 100.000000 78.319831
5096 65.488198 97.525809 0.000000
5256 68.712811 0.000000 84.983730
1195 65.503913 0.000000 84.335625
12939 1.800157 97.808642 100.000000
12952 1.194213 98.598836 100.000000
3440 70.407743 0.000000 87.626235
4690 15.096989 0.819295 0.000000
13287 6.975422 34.508488 0.000000
9979 0.000000 21.904675 34.304864
10008 100.000000 5.886646 65.593514
763 80.729699 9.121412 100.000000
78 80.589994 28.040452 0.000000
10484 100.000000 59.943996 58.965688
4732 0.000000 56.250000 0.000000
7856 100.000000 7.812500 0.000000
13185 2.792347 10.259397 100.000000
10081 64.544699 100.000000 78.170801
8308 100.000000 3.555977 50.787154
10007 0.000000 26.137761 11.564915
762 82.863258 10.551317 100.000000
13288 7.111782 33.882930 0.000000
4399 37.415369 100.000000 47.690967
3197 66.960394 61.830747 100.000000
3506 73.669620 15.495506 0.000000
7791 63.836048 98.889116 0.000000
9363 86.621266 41.442189 100.000000
5264 100.000000 71.380225 39.880342
4693 40.953777 54.336817 100.000000
9316 100.000000 4.124069 40.100510
1633 18.201233 100.000000 3.922207
8316 0.000000 19.328197 7.942152
6863 47.569998 5.306013 0.000000
10448 88.203796 27.021227 0.000000
5682 100.000000 6.236332 53.658192
2022 11.940034 52.149505 0.000000
8525 0.000000 84.151033 79.206657
2255 100.000000 22.075518 15.673012
10396 100.000000 0.000000 73.076923
10172 100.000000 0.632912 70.762667
3576 40.062381 100.000000 12.665530
5936 63.885750 84.460535 0.000000
2687 100.000000 19.666936 46.074255
736 100.000000 30.848811 81.140376
9491 24.939553 100.000000 54.580378
9344 46.830890 31.873278 0.000000
5350 0.000000 42.881922 94.739002
9656 68.247399 28.685330 0.000000
757 0.000000 19.418098 1.660255
4734 41.070907 0.000000 24.296596
12819 0.000000 37.027100 2.095077
12880 0.000000 37.808677 1.538907
2701 47.602823 100.000000 10.512982
1412 0.000000 6.094281 25.292944
7368 96.062904 76.471242 100.000000
2302 100.000000 93.238626 18.805867
428 100.000000 79.134474 21.461422
8192 73.063979 100.000000 60.009707
5598 100.000000 32.089008 54.394363
4864 72.037604 100.000000 43.852538
4475 0.000000 20.984039 58.292631
4479 20.996109 3.203069 0.000000
971 12.949649 13.732351 100.000000
1355 48.741535 0.000000 69.843705
8407 57.810224 100.000000 42.581194
9635 32.721416 36.658293 0.000000
3566 85.885762 100.000000 43.483860
7382 62.196304 87.351297 100.000000
9386 100.000000 70.739653 76.538861
3751 100.000000 71.025787 78.991470
217 0.000000 67.285507 92.471042
10169 47.497470 40.385665 0.000000
7398 0.000000 39.814897 4.489461
13022 100.000000 20.776380 1.346280
2431 0.000000 28.363378 49.799561
2432 0.000000 27.524405 53.231571
12859 0.000000 26.867196 2.099610
12881 0.000000 27.296997 2.649840
4449 59.936092 13.595755 100.000000
3753 100.000000 30.642232 13.933603
9381 50.842487 46.656417 0.000000
1741 100.000000 69.513621 28.990464
2793 34.632016 83.298996 100.000000
9551 82.629117 77.897703 100.000000
4806 65.201190 62.595297 100.000000
4805 63.555448 63.534384 100.000000
13187 4.529606 0.854180 100.000000
6393 0.000000 61.666667 100.000000
6229 0.000000 21.875000 0.000000
12883 0.000000 50.062565 3.412061
5882 77.081835 38.252779 0.000000
5884 79.879722 39.185530 0.000000
6095 100.000000 42.857143 100.000000
227 100.000000 80.793531 89.676403
4420 22.906440 40.956251 100.000000
4419 28.241286 38.916386 100.000000
6732 48.764643 32.326019 0.000000
7808 1.960784 0.000000 0.000000
8227 83.514209 3.345646 0.000000
3264 60.144348 93.436956 100.000000
8461 50.049864 0.000000 54.913132
1434 100.000000 66.945815 76.813779
3765 63.279021 37.564630 0.000000
9930 0.000000 5.106602 46.876339
6265 0.000000 1.515630 21.544755
9806 40.054356 9.654285 0.000000
5023 47.692949 37.136133 0.000000
8936 76.611716 1.511194 0.000000
6537 95.189838 94.894463 0.000000
12953 98.065535 8.209910 100.000000
12946 97.054355 8.716495 100.000000
12954 97.734651 7.736438 100.000000
8160 78.431373 0.000000 0.000000
495 20.317919 100.000000 57.217944
10410 100.000000 61.191573 89.892622
7818 100.000000 23.259344 86.022555
13132 0.000000 70.543015 18.905642
13069 0.000000 69.827386 17.095635
2702 74.243971 97.662332 100.000000
4851 62.120192 70.307854 100.000000
6432 100.000000 98.524792 64.847848
8619 36.294379 100.000000 39.037469
12918 11.272245 0.000000 4.288335
12885 0.000000 50.417818 4.167648
1856 100.000000 52.697123 44.332011
3148 29.498604 15.940860 0.000000
6006 0.000000 43.442535 62.239393
9387 74.521732 38.798205 0.000000
592 90.039392 1.531069 0.000000
10444 100.000000 93.833493 46.810253
9196 12.051844 73.749030 100.000000
8030 100.000000 33.439774 82.867155
5694 9.657317 84.175214 100.000000
13149 98.146198 0.000000 9.045335
13189 1.853761 16.265338 100.000000
13438 14.585805 100.000000 49.623611
7423 15.885482 100.000000 51.312057
13447 16.358854 100.000000 48.642911
4843 0.000000 20.925335 6.829241
266 0.000000 18.445484 49.457305
1208 100.000000 9.592033 33.338770
1206 100.000000 10.255951 33.009287
2570 100.000000 8.978323 61.404184
3978 13.459866 14.373158 0.000000
8058 93.026737 59.861874 100.000000
9001 51.405151 2.599181 100.000000
4493 90.539804 100.000000 69.001905
2526 20.855126 57.611924 0.000000
4430 90.930100 16.713371 0.000000
13236 33.652010 49.712570 0.000000
2585 60.172507 70.595159 100.000000
918 29.005878 27.711201 100.000000
4099 100.000000 93.797801 91.365088
12970 98.982045 97.813559 0.000000
4574 62.729237 100.000000 13.946537
5089 44.336684 91.343229 100.000000
5277 0.000000 75.062343 63.404748
13395 47.471614 100.000000 12.948515
1749 92.512832 45.202507 100.000000
3777 64.940749 73.821537 100.000000
5164 100.000000 28.195170 22.194760
8917 0.000000 0.638769 73.227761
1145 0.000000 90.303025 15.150715
1146 0.000000 89.665060 14.197064
6549 100.000000 21.875000 0.000000
5468 97.739917 20.852172 0.000000
4990 76.355252 44.863496 100.000000
5586 79.663763 44.365039 100.000000
5097 63.832781 96.546069 0.000000
6625 0.000000 90.676763 9.302789
7674 100.000000 23.071855 76.356675
7853 70.671442 0.000000 42.426475
8882 0.000000 90.450617 13.268998
13152 36.077646 0.000000 38.065769
2420 18.841321 37.236967 0.000000
9165 82.352780 44.586878 100.000000
8155 100.000000 65.355264 13.567957
3867 65.517241 100.000000 100.000000
7446 100.000000 4.534611 27.042426
12886 0.000000 47.250821 4.027062
6398 56.433396 100.000000 78.117061
13070 0.000000 85.834274 2.433528
1624 100.000000 97.988212 50.168697
8902 100.000000 76.196398 51.208531
8544 100.000000 18.787074 67.257621
6640 0.000000 95.000000 100.000000
1859 83.755042 100.000000 31.770317
13214 98.559489 100.000000 96.954344
6008 91.467538 83.884929 0.000000
6165 0.000000 45.765203 13.629280
5305 94.751194 100.000000 92.433076
723 100.000000 30.954002 18.954669
6780 100.000000 20.829783 78.044482
6782 100.000000 21.947440 74.930042
9377 92.288571 53.153642 100.000000
13023 100.000000 34.810302 1.227993
5523 89.971914 2.776716 0.000000
8765 87.780854 3.486290 0.000000
7352 87.846432 2.104973 0.000000
4862 30.713675 36.251646 0.000000
3908 0.000000 17.844348 47.509528
308 0.000000 17.896008 44.572978
7184 72.318925 2.680612 0.000000
7183 74.327683 2.190007 0.000000
13448 0.000000 86.929638 51.951414
13355 58.177018 0.000000 89.996410
13449 0.000000 86.268750 51.439729
4757 100.000000 6.116635 44.961381
725 100.000000 31.589255 15.255179
13037 0.000000 96.075978 1.805748
1898 75.472774 15.927565 0.000000
5961 50.772575 91.587928 100.000000
4959 73.656388 36.603561 100.000000
242 100.000000 28.213686 40.326128
7833 100.000000 28.882231 36.503417
9476 75.496031 67.252330 100.000000
12888 0.000000 68.426108 8.741209
12887 0.000000 67.992061 6.287841
13118 0.000000 67.543964 9.993528
8016 60.663131 100.000000 97.706121
3060 35.991596 0.000000 58.498516
8881 0.000000 90.998797 14.101099
6716 51.504266 92.654341 100.000000
5963 53.145466 91.838258 100.000000
7821 52.224142 23.522147 100.000000
13077 0.000000 66.335761 4.984823
13123 0.000000 66.781984 5.117895
12846 0.000000 53.325002 6.705351
13088 0.000000 53.974684 4.053010
7287 91.472974 100.000000 71.772262
8695 74.309974 37.540750 0.000000
13024 100.000000 35.249343 1.502145
6642 0.000000 89.823102 10.593703
6643 0.000000 90.602799 11.374176
1117 44.953944 100.000000 51.454872
10350 100.000000 77.922078 100.000000
2714 60.897149 86.255712 100.000000
8379 59.316953 87.288005 100.000000
12998 100.000000 22.597091 1.370368
10389 0.000000 89.816595 12.403117
5581 94.981967 63.423244 100.000000
5137 94.448758 98.595131 0.000000
9128 83.971411 23.320060 0.000000
5467 97.811046 22.332265 0.000000
8495 54.617271 84.949413 0.000000
643 59.895398 80.625987 100.000000
8403 22.553537 100.000000 54.970336
9448 63.980452 100.000000 15.613172
13282 100.000000 94.210035 2.556365
2993 4.670126 72.733897 0.000000
12891 0.000000 41.220040 2.837176
7540 51.724138 100.000000 100.000000
238 10.004564 93.888612 100.000000
1959 100.000000 17.512578 3.067312
9788 100.000000 4.927851 26.129332
5683 22.384333 100.000000 14.352815
13450 17.492888 100.000000 49.070409
12893 0.000000 40.158970 2.181959
12892 0.000000 40.801281 1.901719
7117 0.000000 24.030273 40.312726
13295 100.000000 24.914516 6.114942
13273 100.000000 3.908542 97.861419
6448 10.740267 40.764200 0.000000
528 100.000000 63.636364 100.000000
1321 26.996083 0.000000 50.174931
132 76.413562 5.037695 0.000000
13035 0.000000 1.814685 97.742424
5812 95.611828 28.197057 100.000000
1096 30.469129 15.039914 0.000000
6232 64.306423 69.944815 0.000000
8090 31.032706 21.038944 0.000000
3428 71.669801 4.622678 0.000000
8920 100.000000 0.000000 42.307692
13190 1.332252 1.584404 100.000000
13015 100.000000 24.894470 2.079168
12961 97.043119 100.000000 1.863354
5730 91.620829 43.153423 100.000000
5669 68.588295 69.826234 0.000000
574 65.661513 15.687627 100.000000
8996 57.141022 0.000000 79.684756
7866 76.636816 8.229563 0.000000
5621 72.608237 6.547443 0.000000
927 100.000000 35.050980 4.463688
7328 29.031929 21.251277 0.000000
7558 96.551724 100.000000 100.000000
9449 62.902962 100.000000 18.362093
4969 93.523683 99.383800 100.000000
13203 6.076423 100.000000 2.291317
13204 7.467558 100.000000 2.935711
13211 8.552960 100.000000 2.469737
13209 9.608343 100.000000 2.186247
5701 5.084346 4.814865 100.000000
5031 26.992884 32.468829 0.000000
469 75.769416 100.000000 13.373455
8632 0.000000 11.355089 37.089959
13119 0.000000 67.568873 4.141838
13116 0.000000 68.451642 2.515325
6405 63.909069 100.000000 88.172617
9472 82.070916 45.424537 0.000000
9619 6.365541 46.139169 100.000000
10573 100.000000 26.523954 29.803992
448 81.693552 2.486534 0.000000
10059 81.152040 3.947907 0.000000
2621 40.653641 100.000000 36.099685
6463 64.079367 100.000000 20.541939
8429 100.000000 25.870398 12.883416
1544 8.045031 100.000000 4.756988
8336 75.740531 65.576642 100.000000
3085 76.817462 66.418735 100.000000
4780 74.952909 66.420784 100.000000
7484 33.477625 63.057508 100.000000
13017 100.000000 26.967889 1.276363
9836 100.000000 76.562500 0.000000
1927 96.809044 100.000000 90.855267
7774 100.000000 12.149116 73.634623
8145 60.417128 31.127391 0.000000
6526 0.000000 62.500000 0.000000
13196 96.530230 99.541389 100.000000
13027 100.000000 99.017369 98.724904
6685 94.354779 59.718245 100.000000
13153 88.330930 0.000000 5.956711
171 90.770589 0.000000 9.134285
13216 96.908567 100.000000 98.676212
2062 65.725432 100.000000 21.592150
2064 66.171366 100.000000 19.680505
13357 53.236286 0.000000 70.331890
13452 28.617448 100.000000 49.135684
13453 27.650428 100.000000 49.190042
1678 0.000000 11.666667 100.000000
6028 68.514653 62.094928 100.000000
13130 0.000000 68.712063 14.065523
13120 0.000000 68.226640 13.004369
8313 0.000000 71.875000 0.000000
13396 47.999850 100.000000 13.854288
650 62.318286 31.995821 0.000000
12897 0.000000 12.103431 1.819852
13329 98.981355 53.959987 100.000000
6055 37.161723 100.000000 41.350331
9694 18.304010 69.909905 100.000000
7231 0.000000 10.072680 3.741489
2767 90.412455 100.000000 74.618889
1243 83.518138 0.865373 0.000000
13454 7.037505 100.000000 49.469450
13296 100.000000 25.250930 5.379137
7585 52.055577 10.868900 0.000000
4408 100.000000 90.554559 31.209726
3077 65.101527 100.000000 81.067715
13275 100.000000 56.951377 32.269923
8226 83.615341 1.962597 0.000000
1542 9.215270 100.000000 7.874174
5273 97.622185 19.282420 0.000000
87 100.000000 61.225904 25.622994
7682 100.000000 5.306203 53.019201
4528 71.896429 31.890315 0.000000
1225 100.000000 9.685264 88.317089
9275 100.000000 0.966921 84.130679
2322 14.497815 94.861871 0.000000
6832 13.555582 95.596822 0.000000
10515 15.207940 95.824124 0.000000
4157 100.000000 3.173471 12.052017
12899 0.000000 3.095681 1.789885
13360 59.792000 1.480243 100.000000
9030 96.536553 1.186964 0.000000
13029 100.000000 17.870675 1.308883
1459 0.000000 29.330815 73.654213
13361 94.180361 68.826013 100.000000
13362 94.246498 69.625727 100.000000
8938 0.000000 26.388444 4.986255
12900 0.000000 22.121754 1.323699
2889 55.729725 83.488312 0.000000
2795 83.847564 98.945585 0.000000
9796 0.000000 70.312500 0.000000
1370 39.490238 60.435765 100.000000
6235 64.718458 100.000000 12.718071
1478 31.842026 91.447374 100.000000
13030 100.000000 16.777362 1.843011
12804 0.580788 0.000000 2.276830
12916 0.437487 0.000000 4.125542
12971 97.420710 94.228033 0.000000
12901 0.000000 22.616412 1.740345
10139 38.996445 0.000000 59.305353
10513 31.500129 84.175258 100.000000
13404 100.000000 2.593625 38.506414
13405 100.000000 2.308691 39.785420
5409 100.000000 2.207842 41.838677
13417 100.000000 2.048544 40.041876
7164 93.770654 70.293565 100.000000
13363 94.707368 69.987317 100.000000
13364 57.203950 0.000000 85.075285
12903 0.000000 9.751448 1.886329
5035 93.884458 60.506988 100.000000
8228 85.657464 2.713760 0.000000
2743 73.380774 67.058357 100.000000
8255 98.090810 0.000000 76.632852
13455 0.000000 93.756788 52.192127
13052 0.000000 55.050055 8.723054
6692 92.755120 16.104622 0.000000
944 28.607808 100.000000 67.265261
8585 0.000000 87.336760 14.921499
3803 100.000000 4.667846 23.639177
6084 26.257919 100.000000 67.995491
12805 3.181264 0.000000 5.963458
12932 4.546748 0.000000 3.012705
8191 0.000000 0.000000 19.230769
4483 4.677710 0.000000 10.027621
12920 2.075667 0.000000 14.555985
12921 2.575615 0.000000 11.757081
6718 84.838691 100.000000 34.231003
6744 91.618601 72.069639 0.000000
6657 94.332082 70.906057 0.000000
800 97.055100 70.568072 0.000000
798 97.266224 71.966403 0.000000
8010 26.220588 100.000000 92.975092
1619 100.000000 3.555630 44.053652
284 100.000000 59.773829 96.640978
12902 0.000000 71.218656 12.754551
12884 0.000000 70.053190 11.121820
13071 0.000000 72.206518 7.977551
7213 100.000000 7.548248 35.154160
13365 94.093793 68.153439 100.000000
13397 48.209953 100.000000 22.860559
10468 100.000000 86.002932 45.096549
3633 47.119861 100.000000 21.618839
13398 48.475072 100.000000 21.748664
8458 100.000000 92.194103 14.496106
13031 100.000000 12.279109 1.125988
13293 48.402373 100.000000 41.356836
12904 0.000000 7.653225 1.993472
13147 95.955767 0.000000 2.604651
12922 1.831210 0.000000 10.080667
12933 1.681299 0.000000 8.780283
13256 100.000000 19.189765 95.544387
6195 82.933922 67.232848 0.000000
3168 0.000000 5.846017 44.424215
12956 98.055097 3.964204 100.000000
7209 100.000000 7.101262 37.409541
13154 88.864898 0.000000 3.855904
13155 88.560232 0.000000 4.736725
12848 0.000000 27.807349 3.513495
3222 0.000000 19.722756 53.958251
13182 1.650522 16.921880 100.000000
2016 97.611292 0.000000 73.105712
13283 100.000000 94.888284 2.200205
13186 2.617558 9.642086 100.000000
12906 0.000000 99.592140 97.114384
13231 34.053202 52.331234 0.000000
12905 0.000000 44.604268 3.618494
13297 100.000000 24.759072 7.987458
13033 100.000000 7.831173 1.474314
13274 100.000000 10.266670 98.483108
13192 2.906377 0.827720 100.000000
13219 99.242649 1.322543 0.000000
12972 98.873526 98.539475 0.000000
13137 2.587570 0.000000 94.271008
12958 97.793134 0.350798 100.000000
10256 98.230922 1.385192 0.000000
13218 98.201673 0.643039 0.000000
12925 2.742870 0.000000 2.623842
12802 2.536368 0.000000 4.598832
12927 3.890175 0.000000 2.674898
13156 99.464857 0.000000 2.279016
13157 98.719210 0.000000 0.863217
12930 1.057502 0.000000 1.438779
12935 1.591554 0.000000 1.659366
12931 0.254569 0.000000 2.562132
13193 1.976248 0.448016 100.000000
13194 0.749383 1.053853 100.000000
12973 98.249122 99.591709 0.000000
12810 98.566878 99.118042 0.000000
12974 99.360101 99.023754 0.000000
13237 0.664332 98.889928 0.000000
13074 0.000000 64.925197 11.486133
13073 0.000000 64.036608 13.003642
12853 0.000000 35.508781 1.897659
13076 0.000000 65.991970 3.487026
13079 0.000000 60.568244 10.127562
13082 0.000000 57.359864 3.936682
13128 0.000000 57.432393 10.036168
13098 0.000000 55.104142 2.895695
12882 0.000000 38.152253 1.937160
13087 0.000000 53.369389 8.772105
13101 0.000000 53.870967 8.744102
13100 0.000000 54.496831 3.234777
13089 0.000000 57.129483 3.463442
13090 0.000000 56.056229 8.963480
13096 0.000000 58.886811 4.348083
13092 0.000000 59.718558 3.647389
12851 0.000000 58.802576 7.510443
13093 0.000000 60.391799 3.455351
13094 0.000000 58.219338 11.162215
13095 0.000000 57.880050 9.855873
12867 0.000000 62.019528 8.419541
13102 0.000000 62.480005 4.279309
12879 0.000000 61.407528 7.502057
13103 0.000000 62.914818 5.693849
12868 0.000000 62.591416 9.828194
13107 0.000000 62.013146 13.387053
13108 0.000000 63.420642 5.942200
13110 0.000000 63.908310 4.942226
13111 0.000000 60.820476 10.769410
13112 0.000000 61.975655 4.060406
12896 0.000000 69.209075 9.881931
13113 0.000000 69.202375 14.256784
13114 0.000000 70.836450 6.192802
13115 0.000000 70.025195 6.549218
13117 0.000000 68.898917 4.662273
12890 0.000000 67.062860 7.672872
13121 0.000000 67.799828 11.591530
13122 0.000000 69.312272 5.766989
13127 0.000000 66.980324 11.040703
13124 0.000000 66.311873 11.869396
13126 0.000000 67.150304 4.233151
13133 0.000000 71.534156 6.731226
12919 10.386053 0.000000 4.897720
12923 2.106304 0.000000 11.207909
12928 3.272745 0.000000 2.474393
12948 98.282938 5.178414 100.000000
13032 100.000000 17.337029 1.554802
13065 0.000000 95.655091 1.366812
13125 0.000000 65.719245 12.228337
13131 0.000000 69.714761 5.549534
12807 1.665280 0.964342 100.000000
13235 34.904909 52.792966 0.000000
13298 100.000000 24.527567 6.940017
13374 46.492262 100.000000 44.093419
13399 46.756083 100.000000 42.781540
4927 47.066461 100.000000 41.940273
13375 44.845792 100.000000 44.015442
13376 44.467768 100.000000 43.657687
13400 47.803293 100.000000 41.887885
13377 47.101655 100.000000 40.690927
13366 55.725373 0.000000 80.581454
13344 98.851683 60.119690 100.000000
13359 98.810918 53.540999 100.000000
13402 46.517890 100.000000 41.481058
