27 50.046455 22.517594 100.000000
29 48.326412 24.582455 100.000000
12055 47.808531 22.180774 100.000000
13413 63.605040 22.176653 0.000000
13729 66.433697 22.864818 0.000000
7969 64.200416 20.043261 0.000000
8094 47.589877 82.321483 0.000000
889 44.204488 82.812558 0.000000
8724 48.352873 83.160936 0.000000
4649 42.996254 72.795915 100.000000
12550 40.671956 72.540898 100.000000
2220 41.881711 71.861486 100.000000
5704 86.705486 7.269094 100.000000
10333 88.281617 7.697602 100.000000
5705 89.774101 10.101631 100.000000
11546 0.000000 52.732661 96.076904
16489 0.000000 52.773035 97.862526
16488 0.000000 53.301135 97.767272
4298 88.254504 39.534339 100.000000
12154 90.480083 40.524273 100.000000
5118 89.728919 41.162195 100.000000
2606 17.087402 60.051452 100.000000
2607 16.509960 58.976931 100.000000
2608 19.267408 59.093649 100.000000
12844 0.000000 53.798926 70.822111
1503 0.000000 54.238772 72.982040
2091 0.000000 54.429818 69.846726
9543 71.253150 63.385659 0.000000
11310 68.846400 62.527330 0.000000
623 66.214342 63.270567 0.000000
10785 31.256977 88.648378 100.000000
4767 33.720842 88.128084 100.000000
2305 34.060222 89.255619 100.000000
9657 86.831839 78.592024 0.000000
13234 89.285346 79.412286 0.000000
2302 91.794507 78.571679 0.000000
11016 48.401432 30.309088 100.000000
13487 49.828293 31.665045 100.000000
10538 47.513038 31.953980 100.000000
12033 23.929984 74.757879 100.000000
7444 24.969474 75.639972 100.000000
13090 22.499943 75.451096 100.000000
4233 65.052589 68.983629 100.000000
6822 67.767011 69.359368 100.000000
1962 65.901473 70.016010 100.000000
7594 45.074707 71.152358 0.000000
2223 46.514941 72.023877 0.000000
2225 49.990930 71.654922 0.000000
13367 65.544357 0.000000 59.010901
6117 66.199359 0.000000 57.119223
13368 66.197326 0.000000 62.500645
7841 0.000000 79.154279 33.650080
12901 0.000000 79.298669 28.935688
11712 0.000000 78.448421 31.029632
4328 85.008290 0.000000 29.161597
8314 84.533686 0.000000 32.638668
8313 83.783729 0.000000 29.750965
4985 1.506120 0.000000 12.417948
4986 0.962605 0.000000 7.796404
7913 1.931420 0.000000 10.911566
2385 1.504882 0.000000 5.714375
11815 89.753870 0.000000 61.947591
1903 90.011810 0.000000 60.453956
1902 90.179595 0.000000 62.237128
5507 1.765936 0.000000 68.181943
5508 1.883446 0.000000 63.032223
5509 2.289278 0.000000 65.935281
12505 90.107204 0.000000 22.001790
13102 90.637572 0.000000 20.998876
5890 90.706293 0.000000 23.427639
508 14.091287 32.146533 100.000000
507 15.395796 32.900085 100.000000
6823 11.786290 34.623008 100.000000
2334 0.000000 46.657812 62.299765
2335 0.000000 47.392723 63.308453
4372 0.000000 47.296328 60.463995
9096 5.656834 92.468478 0.000000
1741 8.765672 92.475046 0.000000
7289 7.449393 91.685163 0.000000
241 3.258690 0.000000 42.189218
12133 3.497211 0.000000 38.082411
1933 3.958890 0.000000 41.806782
4886 80.478341 0.000000 53.197449
4408 80.034704 0.000000 57.154270
2480 79.501667 0.000000 53.192339
7157 16.916371 6.334669 100.000000
6181 14.448653 8.831863 100.000000
7303 14.318163 7.939275 100.000000
10907 24.403151 47.996935 100.000000
6450 26.349703 46.553004 100.000000
10593 28.128035 47.810430 100.000000
5225 40.180550 88.707498 100.000000
3020 36.920795 88.651939 100.000000
6146 38.758982 87.751187 100.000000
10516 100.000000 2.494190 11.466583
10267 100.000000 2.784650 6.368122
13495 100.000000 3.458576 12.380680
10721 58.150478 91.282668 100.000000
12571 59.853147 92.199864 100.000000
9076 57.433109 92.336251 100.000000
6749 100.000000 56.378613 8.451664
6748 100.000000 55.498358 13.336036
791 100.000000 55.120388 8.495402
4322 100.000000 33.915328 71.164692
13212 100.000000 33.611075 73.260533
6993 100.000000 33.112178 71.351874
4749 45.006870 87.606119 0.000000
12141 41.769454 87.948506 0.000000
714 44.895893 88.332287 0.000000
12811 100.000000 24.679419 33.821288
11867 100.000000 23.504930 35.578081
7013 100.000000 23.744735 30.478085
8269 100.000000 57.192451 40.651664
7700 100.000000 58.023828 35.743471
5003 100.000000 58.239703 42.164367
16786 4.198755 11.906530 0.000000
16416 8.053147 7.845743 0.000000
16920 4.300430 11.466770 0.000000
10478 75.480884 0.000000 14.037590
12108 76.362983 0.000000 19.454549
1650 75.029969 0.000000 18.822125
12104 57.222978 0.000000 87.064426
11046 56.612613 0.000000 81.256223
12103 57.719068 0.000000 80.457427
6481 100.000000 16.597087 19.394535
13039 100.000000 15.988386 14.915029
13631 100.000000 16.919757 15.207891
2318 57.088556 0.000000 74.614752
10369 100.000000 1.521647 49.991309
9857 100.000000 1.019275 49.290568
12878 100.000000 1.471763 45.269593
10163 100.000000 43.646013 16.634492
8927 100.000000 43.494639 13.801939
7847 100.000000 44.225065 14.571230
8998 0.000000 50.131774 86.115095
13443 0.000000 50.003551 85.396670
11126 0.000000 49.826652 86.073656
11970 0.000000 50.244469 85.396346
12797 0.000000 17.494660 95.178238
8503 0.000000 17.491842 90.658700
6156 0.000000 16.502733 93.209589
783 100.000000 89.172896 31.897058
775 100.000000 88.414690 30.396402
17826 100.000000 88.804775 25.129763
6897 100.000000 87.178181 16.621478
776 100.000000 88.092208 16.422042
17718 100.000000 87.850327 24.784488
10353 100.000000 30.985247 51.279175
5423 100.000000 30.654710 48.426698
5422 100.000000 31.418849 49.091479
13766 100.000000 100.000000 20.000000
17719 100.000000 99.230039 25.728692
17720 100.000000 99.331327 16.439424
10588 0.000000 48.281885 84.202260
11802 0.000000 48.712311 85.218599
6630 0.000000 48.800635 83.632591
11562 81.978351 0.000000 14.721967
1269 81.293672 0.000000 10.208038
12619 82.394715 0.000000 11.524223
6381 45.142529 20.703935 100.000000
6683 44.683605 22.535104 100.000000
13666 43.310460 21.588981 100.000000
2197 0.000000 51.078629 2.736872
5725 0.000000 50.626501 5.899216
5348 0.000000 51.685256 4.977894
8261 17.016666 59.094425 0.000000
4554 17.180913 57.734393 0.000000
8194 11.172281 58.305555 0.000000
1437 86.531384 89.451022 100.000000
13550 88.142659 88.709508 100.000000
13330 89.891067 89.706783 100.000000
3004 8.900613 21.399780 100.000000
3005 5.060568 24.326606 100.000000
3006 7.402397 21.680662 100.000000
3560 13.038556 40.309456 100.000000
3561 11.185945 41.919583 100.000000
3559 9.990077 41.239145 100.000000
13928 27.607044 6.445080 100.000000
1673 23.615211 9.454554 100.000000
49 27.286568 5.250408 100.000000
4684 100.000000 56.373327 45.246644
2951 100.000000 57.428555 47.115279
1947 7.972212 0.000000 80.138309
5203 7.260528 0.000000 77.530044
8027 8.048171 0.000000 76.087421
11769 88.610246 0.000000 2.580511
11768 89.638085 0.000000 2.864443
12180 88.849905 0.000000 5.581679
9115 87.215430 0.000000 29.015291
9116 87.595300 0.000000 29.307683
9114 87.352851 0.000000 30.712042
352 26.174126 0.000000 26.279800
10807 26.157025 0.000000 23.265672
13548 26.824809 0.000000 25.228054
2020 66.366986 0.000000 19.371808
5335 66.450013 0.000000 26.060852
9876 65.405113 0.000000 23.092432
8809 25.222964 0.000000 56.137315
8811 25.644282 0.000000 53.953569
4948 25.785010 0.000000 56.778543
4860 0.000000 28.486015 27.625459
4859 0.000000 29.328167 29.507006
873 0.000000 29.273364 25.877101
3270 0.000000 14.838917 89.207366
6157 0.000000 15.337876 94.344300
10407 0.000000 15.821654 90.269837
8384 87.755707 0.000000 64.454979
8385 87.156745 0.000000 63.268042
9321 87.772995 0.000000 62.150208
4714 58.461184 47.922309 100.000000
4713 60.788981 48.516151 100.000000
8721 58.919318 49.060401 100.000000
4087 0.000000 19.293527 22.733191
4088 0.000000 18.396330 22.089189
752 0.000000 18.828913 25.885972
8587 100.000000 20.034929 39.721728
8588 100.000000 21.001213 41.245667
8589 100.000000 20.272017 43.841637
2086 76.585485 68.962090 0.000000
1427 74.142458 67.947481 0.000000
8600 70.592544 68.850660 0.000000
921 22.917756 0.000000 85.294361
10930 22.048961 0.000000 83.130975
2831 22.754197 0.000000 80.573731
7309 0.000000 54.644889 13.730706
7677 0.000000 53.888143 11.022869
7310 0.000000 53.451429 14.757712
9237 25.298391 33.340183 100.000000
12543 22.960607 33.535198 100.000000
9238 25.192305 31.752884 100.000000
11344 0.000000 41.000000 100.000000
11882 0.000000 41.392229 96.864945
7065 0.000000 40.441560 97.364239
6199 93.819505 0.000000 66.033358
11257 94.092565 0.000000 68.923406
6200 93.445902 0.000000 68.282995
3691 4.445072 34.882336 0.000000
3690 3.152585 34.672206 0.000000
9771 0.000000 37.864078 0.000000
4378 75.257168 63.686591 100.000000
4379 76.113950 64.521748 100.000000
4380 73.495649 64.384894 100.000000
1700 40.962542 10.962001 0.000000
1701 43.047446 8.268746 0.000000
1677 41.385723 8.310849 0.000000
2523 2.570915 0.000000 9.807167
2384 2.386369 0.000000 5.902258
2522 3.306248 0.000000 8.997687
7515 5.278662 66.461831 100.000000
10554 7.574513 66.083938 100.000000
9560 7.890580 66.999214 100.000000
5425 57.559068 70.946087 100.000000
1731 59.631487 70.811694 100.000000
13773 59.383944 71.479462 100.000000
4607 85.338075 5.024552 100.000000
11307 83.802055 2.630792 100.000000
12524 86.834934 5.384510 100.000000
2283 57.641167 0.000000 53.324283
8806 58.442624 0.000000 49.711688
1894 58.593371 0.000000 56.342331
11328 57.266565 42.708657 100.000000
8293 56.779833 41.555687 100.000000
2746 58.800159 41.846212 100.000000
8577 100.000000 58.882999 30.533035
5004 100.000000 59.058409 37.123260
9569 74.080819 0.000000 83.914011
9071 73.632726 0.000000 86.858636
9070 73.421295 0.000000 83.059118
183 49.670213 19.698887 0.000000
184 47.758073 17.813492 0.000000
182 46.886080 20.800605 0.000000
7040 65.019495 0.000000 71.653822
11093 66.020509 0.000000 72.106070
6788 65.481198 0.000000 76.308059
6808 100.000000 57.805865 29.478317
7397 100.000000 58.702418 23.902698
7063 0.000000 10.148428 12.941628
759 0.000000 9.515384 8.658098
761 0.000000 9.315850 12.346108
3078 0.000000 50.506692 46.526921
3673 0.000000 51.377563 45.934811
3672 0.000000 50.821517 43.654577
7090 81.330549 0.000000 34.080896
7171 81.646671 0.000000 30.936879
7089 82.165547 0.000000 33.971822
6621 100.000000 50.689324 49.903111
7926 100.000000 50.961247 45.918739
7927 100.000000 51.433058 49.094235
8206 0.000000 57.464489 45.559772
8205 0.000000 56.844455 48.425425
2730 0.000000 57.728049 49.106428
13901 100.000000 38.944575 83.268072
5532 100.000000 39.488091 82.147197
11202 100.000000 39.632059 84.402767
6879 12.823332 72.092114 100.000000
9439 11.380259 72.866238 100.000000
1616 9.934715 71.859467 100.000000
3316 86.454872 0.000000 42.559047
18046 85.945813 0.000000 43.135162
11721 85.843263 0.000000 40.678961
2535 74.068428 69.365083 100.000000
2536 74.394359 68.332596 100.000000
2534 76.736271 69.090311 100.000000
856 56.742277 97.128676 100.000000
11080 54.624539 96.097439 100.000000
5568 57.905224 96.046227 100.000000
8309 82.651075 42.640034 100.000000
8015 79.660460 42.150648 100.000000
10657 80.178046 40.856834 100.000000
3185 100.000000 97.331806 56.162902
7725 100.000000 97.830446 76.616479
2332 100.000000 96.535730 76.461837
429 0.000000 38.834951 0.000000
615 6.136857 34.886058 0.000000
8135 70.614622 0.000000 37.373144
8989 70.887564 0.000000 40.629370
8991 70.219435 0.000000 39.947878
8204 72.590041 91.367086 100.000000
3511 72.486545 92.234631 100.000000
6141 70.148541 91.810058 100.000000
7269 0.000000 16.457090 66.309638
9098 0.000000 16.947021 69.448996
7270 0.000000 17.315365 65.985952
2288 21.148237 0.000000 5.435050
2680 22.320365 0.000000 5.107858
8370 21.946910 0.000000 8.530055
384 0.000000 85.091211 53.863293
385 0.000000 85.187609 48.428071
386 0.000000 84.477458 51.404172
3565 22.618360 0.000000 61.518936
3566 21.867130 0.000000 63.023998
3567 21.926994 0.000000 58.792730
8220 59.126545 95.074184 0.000000
5029 59.343292 94.530299 0.000000
9378 56.538897 94.728467 0.000000
7054 0.000000 57.576805 25.003894
493 0.000000 57.027916 28.244949
12978 0.000000 57.794065 27.879481
13098 3.639482 0.000000 34.307119
12259 3.043034 0.000000 34.428743
1931 94.412045 0.000000 35.542292
9550 94.313722 0.000000 38.448561
8437 93.794375 0.000000 37.040837
2498 35.386805 82.056216 0.000000
2499 34.556625 81.064730 0.000000
2497 30.398498 81.676095 0.000000
3161 96.258016 86.998523 0.000000
2158 96.213158 87.882063 0.000000
3159 100.000000 87.500000 0.000000
4002 80.502456 28.350746 100.000000
2389 82.905598 30.855315 100.000000
2388 80.206341 29.869313 100.000000
13430 0.000000 52.728925 3.744971
6002 0.000000 52.341439 6.943316
12841 0.000000 48.733868 51.165295
13696 0.000000 49.402539 52.816570
10621 0.000000 49.502031 49.909917
418 54.433200 74.756548 100.000000
10612 57.282962 74.544936 100.000000
3850 56.831519 75.576099 100.000000
351 25.709319 0.000000 24.831992
10633 46.716955 0.000000 92.412016
13525 47.512841 0.000000 86.882259
10631 47.693064 0.000000 94.084698
4056 71.888622 10.350454 100.000000
9814 74.571971 13.801404 100.000000
9813 71.656929 11.895037 100.000000
8395 62.414403 43.698521 100.000000
8926 64.892771 44.084604 100.000000
7674 63.722989 45.075385 100.000000
829 100.000000 27.442206 77.936162
6096 100.000000 26.918156 81.263487
827 100.000000 26.396404 78.090030
12635 78.334691 97.375829 100.000000
10050 81.118797 98.585534 100.000000
9085 77.463510 98.598560 100.000000
3055 13.829787 0.000000 0.000000
3053 12.765957 0.000000 0.000000
16787 10.363383 2.334566 0.000000
6837 11.702128 0.000000 0.000000
16802 8.618122 3.386332 0.000000
7966 79.438836 34.432347 100.000000
5702 79.299184 35.780307 100.000000
7967 77.158172 33.956094 100.000000
3527 100.000000 38.406128 42.992419
10 100.000000 38.948653 42.555297
9 100.000000 38.845060 44.554732
4242 100.000000 26.804606 49.805130
12857 100.000000 26.049697 47.643926
6692 100.000000 26.829666 46.552615
10258 48.447020 97.944743 0.000000
2645 48.151972 98.140713 0.000000
3688 50.029791 98.089667 0.000000
12446 0.000000 38.228962 59.794220
8089 0.000000 37.782382 62.235244
6237 0.000000 38.585284 62.408166
6335 97.218585 44.463583 0.000000
8780 100.000000 46.153846 0.000000
1288 100.000000 45.192308 0.000000
478 6.509781 0.000000 29.361967
5759 6.102442 0.000000 31.130815
5758 6.039812 0.000000 27.947506
6807 100.000000 57.540344 23.438779
7716 100.000000 58.497776 16.736550
11759 0.000000 41.678124 85.962240
3822 0.000000 40.965181 84.847566
11758 0.000000 41.036822 87.177716
3844 0.000000 34.449953 70.521573
7875 0.000000 34.367588 67.314563
2716 0.000000 33.666665 69.267681
8049 50.272992 17.010296 0.000000
8050 52.092097 18.860784 0.000000
10347 8.179837 67.950148 100.000000
10346 5.452417 67.382748 100.000000
8235 11.193546 0.000000 23.137992
10363 10.490566 0.000000 21.025260
10364 11.179111 0.000000 18.520598
3141 26.966292 0.000000 100.000000
7173 28.089888 0.000000 100.000000
17262 25.104860 1.979608 100.000000
17263 24.867364 1.503672 100.000000
10886 52.747111 0.000000 49.898862
9126 53.547319 0.000000 44.064642
10415 53.891174 0.000000 51.724550
11811 32.710762 52.415774 100.000000
8169 34.910546 53.150415 100.000000
6299 32.557799 53.655657 100.000000
9859 0.000000 16.691492 50.132348
2998 0.000000 17.433243 47.907479
13215 0.000000 16.527754 45.484678
6806 100.000000 56.722061 28.741737
782 100.000000 55.861227 75.549297
780 100.000000 56.962777 76.363247
781 100.000000 56.487107 83.682341
6576 88.876679 0.000000 34.705996
9014 89.253458 0.000000 35.898793
6577 88.806244 0.000000 36.613542
10652 0.000000 10.048104 27.334902
4008 0.000000 10.001447 21.937800
4102 0.000000 9.080146 24.979382
17721 100.000000 86.894498 28.189489
6896 100.000000 86.252885 20.903001
1950 100.000000 56.125749 39.130043
3564 100.000000 55.911295 33.315864
7538 100.000000 56.963542 34.510183
4221 100.000000 24.452697 15.216276
3576 100.000000 23.584010 15.739632
4219 100.000000 23.781803 12.527595
13722 5.774147 68.406350 100.000000
13937 2.828361 67.720023 100.000000
9125 54.881386 0.000000 46.642776
10416 54.899476 0.000000 54.942253
10393 0.000000 69.064643 57.347660
2604 0.000000 70.003723 58.335014
2233 0.000000 69.770673 54.164067
9937 80.507876 14.687929 100.000000
13826 82.774001 17.021995 100.000000
10060 80.628339 15.926621 100.000000
9935 33.488099 70.673254 100.000000
6149 35.635040 69.647478 100.000000
1142 37.278392 70.775084 100.000000
1997 0.000000 25.871443 48.543245
7560 0.000000 26.867508 46.805978
6 0.000000 26.008096 44.475755
2955 0.000000 57.741920 59.652115
2956 0.000000 57.352750 55.879721
2957 0.000000 56.627572 59.598999
10311 0.000000 53.886484 44.310761
7617 0.000000 54.329069 40.208918
12812 0.000000 53.357390 41.091529
16754 64.547159 100.000000 73.025817
16753 66.622523 100.000000 75.453388
17481 65.381614 100.000000 62.660304
5853 3.989725 43.947719 100.000000
5852 5.355055 44.572269 100.000000
3949 0.000000 46.000000 100.000000
13043 0.000000 26.796309 58.697560
12589 0.000000 26.702337 55.121716
3665 0.000000 25.945593 57.617049
848 0.000000 73.358382 33.062866
6613 0.000000 72.332886 35.243882
849 0.000000 73.227536 38.915082
10051 72.275008 0.000000 79.940382
5672 71.728229 0.000000 81.021878
5674 71.791346 0.000000 78.064365
10923 0.000000 34.427540 83.340682
952 0.000000 35.248302 83.994565
13079 0.000000 35.081547 80.618997
255 100.000000 53.840003 45.939661
5339 100.000000 54.343148 42.476164
253 100.000000 54.627495 47.354942
5745 0.000000 3.661095 22.079666
1247 0.000000 3.211383 28.129296
1246 0.000000 4.363466 27.808113
9055 20.448721 34.018557 100.000000
9057 22.597420 32.117447 100.000000
11259 100.000000 36.756977 56.998237
5831 100.000000 36.685386 54.930026
12880 100.000000 37.350777 56.328617
3404 81.273547 77.787890 100.000000
10307 80.260111 78.656541 100.000000
6142 78.773210 77.747676 100.000000
7925 63.765889 59.026736 100.000000
7924 65.306513 59.958647 100.000000
4969 62.855434 59.905206 100.000000
8217 100.000000 48.594772 17.769730
5617 100.000000 47.503181 17.965146
12393 100.000000 48.051421 13.962461
6910 100.000000 26.098922 55.213935
6909 100.000000 25.308164 53.987626
2575 100.000000 25.913541 51.402633
11517 28.051632 83.533265 0.000000
3285 25.729355 82.371427 0.000000
3287 22.927919 83.281469 0.000000
4444 38.989073 98.532178 0.000000
4445 38.564239 98.358725 0.000000
4446 37.153421 98.533716 0.000000
1693 91.392970 100.000000 67.272784
1692 92.339167 100.000000 56.143313
12321 89.700064 100.000000 57.721440
17725 100.000000 64.671453 13.841701
8138 100.000000 64.085287 15.998312
17923 100.000000 64.394700 12.531766
9533 100.000000 65.864747 13.225287
17724 100.000000 65.286578 16.243987
16983 100.000000 65.195296 11.466944
820 78.824033 38.212318 0.000000
455 80.475759 37.244864 0.000000
454 77.191747 35.745136 0.000000
13830 39.155165 55.265263 100.000000
11846 37.022881 54.719038 100.000000
3872 39.245768 54.239448 100.000000
4894 0.000000 96.032319 27.749640
5483 0.000000 96.610912 20.968482
5482 0.000000 95.804916 20.375376
902 42.480147 0.000000 82.601054
901 41.539590 0.000000 80.634903
8035 42.371703 0.000000 76.689338
12401 9.055144 0.000000 20.449991
14063 9.732479 0.000000 20.241146
8305 9.400500 0.000000 23.031605
13537 32.907084 47.946731 100.000000
12105 31.882905 49.064641 100.000000
11978 30.625690 48.235381 100.000000
13389 79.349460 0.000000 24.284338
1660 80.299342 0.000000 27.162438
11976 79.485181 0.000000 28.027577
4752 0.000000 24.285530 90.168451
6957 0.000000 24.533913 94.009182
10274 0.000000 25.355087 91.208867
7427 0.000000 20.651828 93.751872
9633 0.000000 21.473858 88.478199
7425 0.000000 20.290655 89.041595
6380 46.164468 21.846964 100.000000
9482 45.994903 60.622641 100.000000
9484 48.480767 60.359933 100.000000
11322 48.065503 61.358152 100.000000
1816 100.000000 36.737049 83.713464
9430 100.000000 36.146473 81.179299
1817 100.000000 36.962404 80.899771
1843 0.000000 80.841448 9.537253
6007 0.000000 80.477235 6.257710
9221 0.000000 80.087274 9.619633
12101 42.399002 72.010006 0.000000
6690 49.960888 26.597065 100.000000
6689 49.135398 28.542118 100.000000
11720 47.513218 27.020134 100.000000
2850 84.375000 100.000000 100.000000
2852 81.250000 100.000000 100.000000
4068 100.000000 57.634726 91.683736
4069 100.000000 57.780979 83.394997
4613 100.000000 58.848463 90.474649
620 0.000000 52.467696 62.034474
3380 0.000000 52.841508 64.593211
1668 0.000000 53.306671 61.909916
3697 100.000000 36.128000 61.167857
7556 100.000000 36.445583 58.733056
7557 100.000000 36.922850 61.038448
6746 100.000000 42.096068 33.983091
6747 100.000000 41.898343 31.577535
3312 100.000000 42.490362 32.097983
9131 32.213089 33.246968 100.000000
5462 33.452555 34.603183 100.000000
9129 30.808700 35.075221 100.000000
9348 37.412223 0.000000 35.478820
4098 38.184177 0.000000 31.672579
7943 38.383997 0.000000 37.802810
2711 18.157988 48.429725 100.000000
4205 20.970196 48.237265 100.000000
4204 18.652202 49.557999 100.000000
11151 100.000000 76.680875 17.919666
12516 100.000000 75.624976 16.060452
10012 100.000000 76.304800 8.297722
13362 100.000000 8.655953 58.280265
3525 100.000000 7.782185 55.337997
3524 100.000000 8.538965 52.471189
7958 6.695070 0.000000 40.637278
1139 7.164882 0.000000 42.446471
10623 6.713930 0.000000 43.726352
9196 0.000000 28.244223 91.527086
10487 0.000000 27.764701 89.622068
9561 0.000000 27.381255 91.987413
2954 94.427680 94.498857 0.000000
16788 97.170048 95.308407 0.000000
16789 97.673714 94.668358 0.000000
3116 94.627287 96.320963 0.000000
16814 96.741631 95.929733 0.000000
2952 94.177264 95.407338 0.000000
9563 0.000000 27.891126 94.452327
13211 13.177121 0.000000 58.601893
8280 13.430402 0.000000 62.184482
8281 12.618020 0.000000 61.894184
12347 100.000000 23.553523 71.169106
11318 100.000000 24.128197 68.262055
11317 100.000000 24.487801 71.590209
5408 82.575296 9.702678 100.000000
6333 80.253686 8.752578 100.000000
5409 79.375124 6.932902 100.000000
1280 75.133447 0.000000 66.461255
2107 75.529949 0.000000 63.087918
2108 76.082657 0.000000 66.952456
898 0.000000 27.352731 71.432405
899 0.000000 28.144367 73.607784
900 0.000000 28.292622 69.814879
9353 0.000000 41.855605 27.841807
7188 0.000000 41.247003 29.245825
12538 0.000000 41.894490 29.800805
13096 0.000000 5.515186 74.298527
6491 0.000000 5.644964 78.773339
7275 0.000000 6.463102 76.562550
13319 100.000000 75.522420 53.147779
12507 100.000000 75.923453 65.856026
1039 100.000000 74.938266 64.012190
5848 63.640886 8.026183 100.000000
11980 66.401803 11.661857 100.000000
5823 64.177148 11.077344 100.000000
3352 74.634322 47.253943 100.000000
3350 77.260971 47.429402 100.000000
3351 76.458594 48.378490 100.000000
10251 0.000000 50.280213 38.780698
10253 0.000000 51.272002 37.540373
294 0.000000 50.667739 35.254459
6926 12.428678 100.000000 86.430663
7144 10.509027 100.000000 77.382654
6924 9.442994 100.000000 83.351133
1131 6.466197 100.000000 73.275885
1402 7.387732 99.010572 100.000000
13195 5.073197 99.469592 100.000000
7640 5.289324 98.789499 100.000000
1604 0.000000 94.299929 3.984626
3332 0.000000 93.430975 8.661687
8432 0.000000 94.518516 10.257031
4646 0.874292 0.000000 69.254616
1558 0.570878 0.000000 64.967648
4644 1.001955 0.000000 62.602235
7004 40.970782 49.194800 100.000000
10952 40.706815 47.983577 100.000000
4092 43.174155 48.472282 100.000000
14103 3.634716 84.011312 100.000000
13976 5.781856 84.637817 100.000000
13974 2.766100 85.153949 100.000000
13973 1.642693 84.326805 100.000000
893 84.396565 90.402233 0.000000
12174 84.665614 91.359397 0.000000
12503 87.616159 91.014054 0.000000
13191 60.566049 90.513469 100.000000
13245 59.701548 89.371140 100.000000
13517 62.791923 89.825896 100.000000
578 100.000000 49.958315 37.984587
577 100.000000 49.016870 37.715500
4072 100.000000 49.481773 34.121269
12344 0.000000 26.834871 26.063944
10210 0.000000 27.661442 28.992986
13612 0.000000 27.780738 25.999812
13615 0.000000 27.516664 23.030040
9640 72.963892 37.279879 100.000000
12492 73.646625 36.027256 100.000000
13415 75.153889 37.546195 100.000000
13661 36.472863 90.458369 0.000000
6544 36.520983 89.656100 0.000000
6543 33.024366 90.008428 0.000000
5889 91.091210 0.000000 25.656109
1682 91.457433 0.000000 23.415661
1507 5.796908 95.155538 100.000000
14034 3.983034 95.782080 100.000000
14033 3.748480 94.785871 100.000000
12730 1.917513 95.389269 100.000000
8234 10.609734 0.000000 24.427535
1151 11.055655 0.000000 27.473134
7146 87.797157 15.337540 100.000000
4160 89.975306 17.749268 100.000000
4159 87.878969 16.376236 100.000000
4353 0.000000 29.795659 4.622432
10192 0.000000 28.985204 2.534659
10191 0.000000 28.906816 5.500815
7532 76.830349 92.929962 0.000000
2795 73.494699 92.065750 0.000000
11608 71.599852 92.801009 0.000000
10642 24.527056 36.258178 0.000000
9182 28.606378 36.287238 0.000000
8201 28.104858 34.156082 0.000000
11904 10.726657 32.168885 0.000000
11136 9.371522 31.704742 0.000000
7227 0.000000 32.368524 55.798521
9464 0.000000 32.219996 53.115876
11073 0.000000 31.609186 55.580941
5209 63.137227 87.134336 0.000000
13546 60.040901 87.193024 0.000000
4456 61.557730 87.770659 0.000000
4036 0.000000 49.385704 75.158470
4035 0.000000 49.104588 77.009407
9553 0.000000 49.603545 77.098955
12279 100.000000 30.978308 56.263467
3299 100.000000 30.531278 58.567505
11239 100.000000 30.211663 55.849032
9426 100.000000 1.192405 54.187727
7669 100.000000 0.563573 53.843022
7734 100.000000 24.890999 74.891589
7733 100.000000 23.916562 74.605336
575 0.000000 47.709650 94.197482
17180 0.000000 48.346433 92.886526
17181 0.000000 47.784099 92.423020
4406 0.000000 74.122514 60.125640
9897 0.000000 74.702410 56.571037
12469 0.000000 73.773097 54.268486
6899 41.325706 66.161626 100.000000
6898 40.297082 67.227085 100.000000
5190 38.338271 66.476991 100.000000
5277 36.904891 63.436152 100.000000
7505 39.910139 63.686723 100.000000
1331 37.924115 64.418001 100.000000
2033 100.000000 61.645661 13.666321
17878 100.000000 62.040188 9.662335
17726 100.000000 62.387231 10.946415
11100 81.619115 0.000000 73.657731
11013 81.613472 0.000000 78.546652
8500 80.742180 0.000000 76.335068
6958 0.000000 24.743809 97.167720
1585 0.000000 23.783853 97.020653
4009 0.000000 11.076402 22.205911
5891 0.000000 11.507360 26.292170
7616 0.000000 12.009067 23.123694
10496 66.632423 60.697776 100.000000
13370 67.731032 60.084608 100.000000
2157 0.000000 15.061529 77.780034
2156 0.000000 14.927855 83.543326
10870 0.000000 15.924886 81.426622
14060 0.000000 55.337159 82.959153
14062 0.000000 56.369180 82.857425
13702 0.000000 55.718239 79.228152
4252 100.000000 45.592843 93.308161
683 100.000000 45.958741 90.621909
4250 100.000000 46.640000 93.650532
3649 67.840420 52.605865 100.000000
3651 69.736943 52.808371 100.000000
8911 69.140630 53.528884 100.000000
824 84.146931 0.000000 25.686389
6183 34.007133 93.698472 100.000000
2825 31.677350 93.219504 100.000000
13681 33.975000 92.765489 100.000000
272 100.000000 25.800621 69.325345
2040 100.000000 25.711570 65.974945
12733 100.000000 26.555127 68.344407
9555 73.475138 0.000000 69.299445
9556 73.444460 0.000000 66.099598
7940 74.023917 0.000000 67.745685
14011 0.000000 54.971288 92.805953
14010 0.000000 55.436332 95.133959
14012 0.000000 55.759509 92.318048
8242 90.605713 0.000000 38.087836
11263 90.761735 0.000000 40.095021
12376 90.313599 0.000000 40.106002
4700 0.000000 15.947215 63.075593
6058 0.000000 16.841953 62.743450
6109 55.355088 0.000000 69.588373
11045 55.970831 0.000000 75.496855
11661 54.834065 0.000000 76.254339
12616 11.457394 79.303580 0.000000
2276 10.403058 78.386367 0.000000
4413 7.307552 79.077346 0.000000
6249 40.899207 92.734569 100.000000
4203 43.530636 92.554390 100.000000
11575 42.698460 93.464394 100.000000
10506 38.121769 0.000000 69.654966
1315 37.804888 0.000000 63.198788
1317 38.947516 0.000000 65.798233
7115 57.535358 80.154795 100.000000
7805 60.393054 80.113078 100.000000
7575 59.230687 81.004411 100.000000
12790 94.128882 93.788753 100.000000
11242 92.118128 94.343005 100.000000
11928 91.921194 93.013313 100.000000
11198 51.398956 91.201605 0.000000
2897 50.430732 90.218052 0.000000
10294 47.144268 90.799691 0.000000
12760 68.539326 0.000000 100.000000
12331 67.415730 0.000000 100.000000
16566 67.543829 0.000000 98.252399
10954 66.292135 0.000000 100.000000
8984 28.205693 67.023966 100.000000
6172 30.859743 67.973015 100.000000
2682 27.436336 67.993849 100.000000
284 0.000000 80.929168 91.281962
286 0.000000 79.913261 92.468394
16490 0.000000 80.454831 95.900813
13964 0.000000 80.000000 100.000000
16491 0.000000 79.895551 95.851084
11520 88.580174 33.390221 100.000000
13515 90.141971 35.205849 100.000000
13017 87.922832 34.277254 100.000000
10395 76.831300 0.000000 64.562144
5589 77.009574 0.000000 68.413895
12197 90.732214 58.383313 0.000000
12137 95.067104 58.965113 0.000000
701 94.629582 57.993659 0.000000
10273 0.000000 26.157948 88.697874
7768 0.000000 25.301536 87.557708
4696 0.000000 27.477422 97.302816
4697 0.000000 27.000000 100.000000
566 0.000000 28.000000 100.000000
1841 69.665332 41.016303 0.000000
1840 65.564240 39.665504 0.000000
7457 66.217922 41.524564 0.000000
10149 96.709148 24.618004 100.000000
5621 95.855119 25.066326 100.000000
5812 94.213063 22.713115 100.000000
14044 0.000000 59.704403 91.098668
13981 0.000000 60.662798 93.780106
14046 0.000000 60.616264 88.828909
7235 38.983829 51.022726 100.000000
10662 41.148354 50.377415 100.000000
10663 41.300585 51.518776 100.000000
12176 77.807967 8.102696 0.000000
8954 78.784766 10.047653 0.000000
11639 81.767834 11.699103 0.000000
1325 0.000000 24.271845 0.000000
1468 0.000000 24.082194 3.847975
3574 0.000000 25.039445 3.403008
2777 37.506259 68.804578 100.000000
6148 34.404287 68.479072 100.000000
10592 36.471242 67.801404 100.000000
6399 96.870508 73.984257 100.000000
7973 96.295527 72.957268 100.000000
17363 98.310117 73.345215 100.000000
7974 100.000000 72.727273 100.000000
17364 97.982366 72.632441 100.000000
7868 10.047451 70.029598 100.000000
7867 11.434975 71.086234 100.000000
1615 8.452208 70.831719 100.000000
11177 0.000000 17.286700 59.146174
11175 0.000000 17.710626 62.655517
8410 100.000000 21.337586 19.245255
16 100.000000 20.842939 15.538636
15 100.000000 21.744997 16.000706
4138 81.939808 0.000000 57.125414
13519 81.457017 0.000000 53.280544
9233 82.428750 0.000000 53.560826
13549 100.000000 32.988075 82.149142
3902 100.000000 32.285685 84.197705
13502 100.000000 32.071519 81.350953
1824 100.000000 83.936813 59.399462
1826 100.000000 83.886144 77.239990
11537 100.000000 83.101039 67.363759
4971 58.940710 79.499080 0.000000
2001 54.729629 79.106805 0.000000
3090 55.270771 79.956104 0.000000
11462 1.632009 0.000000 44.446122
8172 2.066979 0.000000 41.480826
2810 2.217803 0.000000 46.888260
3925 7.529784 0.000000 66.504573
3927 7.627509 0.000000 63.503741
7472 8.027114 0.000000 65.488988
4210 95.399784 72.387172 0.000000
4663 95.491017 73.355434 0.000000
2148 100.000000 73.076923 0.000000
11049 100.000000 47.066122 82.651379
7696 100.000000 47.574626 86.149245
13379 100.000000 46.746689 84.619386
9344 39.217958 23.603530 100.000000
11090 37.804214 25.136658 100.000000
12212 37.322066 23.170273 100.000000
2725 0.000000 43.531803 69.073929
475 0.000000 43.400793 66.784214
2905 0.000000 42.866841 68.690777
13535 0.000000 50.479272 84.395238
3435 0.000000 50.429995 83.786775
5872 0.000000 50.299727 84.097140
8376 0.000000 50.296403 84.702793
7956 0.000000 38.072559 64.807853
7886 42.651435 79.724019 0.000000
11603 38.646479 80.462275 0.000000
10246 44.030915 80.909776 0.000000
7689 0.000000 40.843683 50.392558
8567 0.000000 41.624341 48.121490
6939 0.000000 40.788644 47.039423
5390 0.000000 58.921404 31.574894
5388 0.000000 59.404414 27.801315
5389 0.000000 58.373235 29.521648
5307 0.000000 46.477361 90.484626
6618 0.000000 45.627799 89.881832
6953 0.000000 45.795924 92.331342
7981 0.000000 7.699244 94.555083
7982 0.000000 7.000000 100.000000
7983 0.000000 8.291342 97.488853
4616 98.703950 0.000000 29.756756
7905 97.570395 0.000000 30.361516
7906 98.179594 0.000000 25.455523
2646 46.333139 98.174869 0.000000
2644 47.703950 98.345306 0.000000
5199 44.586103 97.848602 0.000000
5200 45.731019 97.724961 0.000000
8078 44.199689 97.667255 0.000000
12345 46.067416 0.000000 100.000000
10632 47.191011 0.000000 100.000000
6130 6.251703 0.000000 61.893416
6954 6.680632 0.000000 63.154991
246 6.248944 0.000000 64.687856
10173 69.838821 76.595008 0.000000
7097 75.043535 76.805323 0.000000
2078 73.314197 75.902847 0.000000
10901 47.906641 83.748348 100.000000
6260 44.675411 83.723343 100.000000
6262 45.511408 82.733669 100.000000
7955 0.000000 38.860834 65.197606
3257 0.000000 39.460513 62.695854
13440 100.000000 83.653846 0.000000
5805 100.000000 84.615385 0.000000
17727 100.000000 84.196206 8.550865
11233 100.000000 83.938598 18.127815
5386 100.000000 84.726242 15.390119
4769 73.622658 95.388908 100.000000
5846 71.471066 94.557010 100.000000
4774 73.872204 94.554980 100.000000
2219 100.000000 31.473784 4.443129
8501 100.000000 32.453723 4.389504
17674 100.000000 31.888476 6.572592
17675 100.000000 31.249423 6.246544
7410 39.763149 97.183713 0.000000
8849 38.191695 97.285579 0.000000
11960 39.555596 97.404741 0.000000
12484 68.650523 42.200998 100.000000
228 71.067715 42.399632 100.000000
5456 70.460589 43.520145 100.000000
6483 49.019421 78.774747 100.000000
8699 47.394081 77.947216 100.000000
8700 49.923085 77.980245 100.000000
9904 57.124248 7.618085 100.000000
3295 55.360452 6.485925 100.000000
11796 56.261354 4.719557 100.000000
8025 85.106383 0.000000 0.000000
17510 87.488541 2.328280 0.000000
17511 87.567126 1.770415 0.000000
8026 84.042553 0.000000 0.000000
1283 25.531456 0.000000 66.345069
1282 25.565998 0.000000 63.810765
8272 26.161208 0.000000 65.219834
3839 42.371944 74.579652 0.000000
3838 36.448491 74.806585 0.000000
4704 41.291103 75.567630 0.000000
11120 66.956333 61.578962 0.000000
11119 63.788434 62.324812 0.000000
2391 64.170530 0.000000 61.656638
5906 64.783079 0.000000 57.985354
5907 65.140313 0.000000 62.531091
10546 100.000000 17.944402 5.635589
17067 100.000000 17.458668 3.038605
16986 100.000000 18.114302 2.678826
3018 78.413483 65.145880 100.000000
11643 77.781938 64.065083 100.000000
2466 80.312296 64.489201 100.000000
2092 0.000000 54.376500 67.161332
12687 0.000000 53.757418 65.109631
12009 0.000000 53.770805 68.378015
167 23.853677 0.000000 66.167690
5143 23.881341 0.000000 62.890716
168 24.445260 0.000000 65.009423
1434 98.696022 0.000000 89.630130
1432 98.670951 0.000000 94.063260
1433 97.710281 0.000000 89.239450
16442 4.647377 4.523070 100.000000
16458 4.141540 4.466531 100.000000
17264 6.171579 2.940130 100.000000
7434 65.984975 66.719359 0.000000
5755 63.584479 65.774116 0.000000
5819 60.726998 66.525400 0.000000
10492 33.156277 20.106959 0.000000
10509 35.916526 18.988979 0.000000
13909 35.092835 17.780551 0.000000
6745 28.405734 0.000000 75.174123
9806 28.868998 0.000000 72.053416
9807 29.369391 0.000000 75.155599
7400 100.000000 38.088635 63.955347
5941 100.000000 38.446565 62.553542
4647 100.000000 38.705000 64.587171
4770 75.950322 96.289173 100.000000
4775 76.525145 95.123930 100.000000
11212 78.927330 96.253287 100.000000
7666 100.000000 2.776367 45.525263
13891 100.000000 3.386983 49.502425
7667 100.000000 2.620110 51.649654
1536 40.201883 89.189397 0.000000
11421 38.859852 88.380205 0.000000
11420 35.914153 88.882577 0.000000
17182 0.000000 47.390365 92.778081
574 0.000000 46.715982 93.351335
7422 100.000000 32.692308 0.000000
16988 100.000000 33.094405 2.169314
16989 100.000000 32.402709 1.731394
7509 65.389363 48.593010 0.000000
7510 62.287725 49.563037 0.000000
938 67.376060 50.100001 0.000000
8341 0.000000 43.274253 32.359054
8343 0.000000 43.870713 31.877254
10419 0.000000 43.399495 30.423186
5770 87.126483 0.000000 39.015118
9191 87.270390 0.000000 36.767262
2733 87.586639 0.000000 38.303674
2485 100.000000 47.810150 67.120667
11319 100.000000 47.435740 70.011888
13581 100.000000 46.991262 66.358568
1475 25.320687 4.791518 100.000000
12646 22.935065 6.020938 100.000000
1473 26.291275 3.102581 100.000000
9761 0.000000 26.053023 85.767959
6110 96.221528 0.000000 11.541847
13189 97.137919 0.000000 13.619179
5933 96.000329 0.000000 15.836279
1801 44.943820 0.000000 100.000000
1800 44.735204 0.000000 94.904683
9731 0.000000 76.339006 29.922164
3718 0.000000 77.008347 26.598266
3717 0.000000 76.034560 24.987343
5619 100.000000 43.287562 28.245443
3313 100.000000 42.878446 30.243730
13111 100.000000 42.601099 27.843414
11726 3.925391 0.000000 58.865848
11644 4.275517 0.000000 60.595185
12049 3.823903 0.000000 61.941878
7287 0.000000 97.018044 58.598253
7288 0.000000 96.583192 52.316826
7286 0.000000 95.760464 59.173931
109 33.566606 0.000000 90.374995
108 33.780898 0.000000 94.369292
6187 32.938796 0.000000 94.275479
12886 88.297872 0.000000 0.000000
17512 90.093438 2.245353 0.000000
17513 91.234181 2.596856 0.000000
12479 87.234043 0.000000 0.000000
107 34.612116 0.000000 93.723414
12111 100.000000 8.670147 68.090550
11835 100.000000 8.219623 72.849863
7301 100.000000 7.615797 68.906646
6443 100.000000 46.589457 63.176377
13547 100.000000 46.326816 60.051359
10207 100.000000 46.962980 61.308187
8808 100.000000 27.884615 0.000000
8807 97.166189 26.452019 0.000000
4093 100.000000 28.846154 0.000000
476 0.000000 44.134353 67.614838
477 0.000000 43.956717 64.481977
5835 89.896039 15.492047 100.000000
6943 87.792996 14.258700 100.000000
4106 87.934395 13.451684 100.000000
13100 100.000000 1.273526 39.591277
9766 100.000000 0.696714 38.927026
7853 100.000000 0.923410 34.132745
158 0.000000 67.522646 46.706176
160 0.000000 67.062386 42.522339
8900 0.000000 66.662824 46.178995
3627 12.759544 79.383739 100.000000
3628 12.647579 78.012900 100.000000
3629 15.280762 78.879825 100.000000
12459 0.000000 65.657892 4.932971
4592 0.000000 66.355358 8.947536
10811 0.000000 66.709995 4.406619
2080 100.000000 36.715338 86.737964
11890 100.000000 37.727734 85.981404
2081 100.000000 37.523356 89.072607
5245 6.652394 0.000000 59.786316
5246 6.773605 0.000000 56.417052
5244 7.201212 0.000000 58.443207
6004 71.673804 0.000000 83.985890
915 72.253274 0.000000 83.145489
6346 61.423164 14.934316 100.000000
2966 62.652550 13.804344 100.000000
13778 63.495082 16.347082 100.000000
2349 100.000000 44.658107 97.113766
2350 100.000000 43.748808 96.869637
408 100.000000 44.028963 94.749400
3585 0.000000 80.019193 62.147982
9250 0.000000 79.894710 68.135822
7271 0.000000 80.855311 65.729929
7324 67.207079 80.541544 100.000000
8332 64.640723 80.518524 100.000000
8331 65.533950 79.680752 100.000000
4352 0.000000 30.741613 3.899416
4578 0.000000 30.647475 1.603236
7761 0.000000 29.898875 2.109957
7234 36.920128 51.669418 100.000000
7233 39.164741 52.117456 100.000000
9185 37.088961 52.678924 100.000000
9006 28.575769 7.647491 0.000000
9007 31.627776 6.062390 0.000000
9005 36.170213 0.000000 0.000000
8571 100.000000 37.273401 15.477355
12856 100.000000 37.985450 14.210135
4869 100.000000 38.048514 17.014876
13349 66.791064 68.495654 100.000000
7351 69.137528 68.607808 100.000000
3775 41.461582 61.686442 100.000000
12342 41.140275 60.581798 100.000000
3776 43.708675 61.060291 100.000000
8720 56.659414 48.573025 100.000000
3087 72.546822 80.861855 0.000000
6507 67.415951 80.445713 0.000000
9463 67.636154 81.457714 0.000000
480 7.878533 64.302484 100.000000
5610 8.651866 63.485819 100.000000
9514 10.632576 64.131843 100.000000
10226 100.000000 31.929187 27.876463
9331 100.000000 32.740479 29.866751
10224 100.000000 32.012625 31.293246
11464 78.432979 85.490062 0.000000
5825 82.542566 85.670060 0.000000
5095 80.943444 84.857490 0.000000
10136 92.204700 26.416051 0.000000
6429 89.722100 23.412234 0.000000
7019 89.032655 24.303818 0.000000
12454 87.723732 0.000000 2.149245
7562 3.787803 66.333713 0.000000
12460 0.000000 66.019417 0.000000
8146 0.000000 66.990291 0.000000
2896 54.693645 89.871951 0.000000
8951 58.550003 89.750079 0.000000
3854 55.862234 89.000892 0.000000
1158 27.814805 98.902447 100.000000
13803 25.000000 100.000000 100.000000
10604 25.182892 98.682627 100.000000
9565 24.602330 71.450609 0.000000
11374 22.958921 72.309060 0.000000
1063 27.681253 72.243423 0.000000
9456 2.461929 47.423495 100.000000
12338 5.014338 48.008490 100.000000
12339 0.000000 49.000000 100.000000
10228 25.696175 0.000000 32.289692
10229 26.259521 0.000000 33.206713
2908 25.811164 0.000000 35.068182
4627 72.929610 0.000000 67.555535
4063 72.443315 0.000000 68.779016
4625 72.411233 0.000000 66.081851
10071 6.210694 0.000000 67.489925
11402 6.651358 0.000000 66.135404
1210 75.320803 73.225068 0.000000
1239 76.292526 74.311839 0.000000
1211 80.994954 73.717851 0.000000
6219 28.564465 66.003842 100.000000
8090 28.817607 65.017095 100.000000
10231 31.156682 65.673604 100.000000
6826 82.755596 40.724665 0.000000
7988 78.699237 40.223804 0.000000
4139 82.266709 0.000000 61.100171
10145 83.185316 0.000000 62.427178
787 82.438116 0.000000 65.716667
16567 12.003199 0.000000 4.459974
3596 45.633702 13.109470 100.000000
9524 44.783774 15.189677 100.000000
2530 43.736954 13.443325 100.000000
12765 44.691786 97.045291 100.000000
5652 41.491825 96.591707 100.000000
11152 44.090486 95.950422 100.000000
5703 81.191704 35.919020 100.000000
202 83.719181 37.036429 100.000000
2420 81.792472 37.377820 100.000000
4571 53.873283 64.092395 100.000000
1633 56.254360 63.507946 100.000000
1632 56.801264 64.700370 100.000000
12919 23.299068 0.000000 39.676399
13660 22.703055 0.000000 37.470264
13680 23.381680 0.000000 36.301827
7809 59.210147 0.000000 5.322123
8972 59.917368 0.000000 10.396557
4967 58.862898 0.000000 10.894127
4765 20.152988 0.000000 47.446772
2683 20.182600 0.000000 51.925258
4763 19.382869 0.000000 49.718105
5401 0.000000 6.358772 82.226712
10615 55.820395 0.000000 64.538965
10614 56.674740 0.000000 62.619864
2319 56.419813 0.000000 69.050249
8002 58.964938 26.633614 100.000000
8001 57.319355 24.684603 100.000000
11685 59.870425 24.485655 100.000000
12860 33.805144 46.801484 100.000000
1126 34.686568 45.596024 100.000000
11038 36.450049 46.445676 100.000000
1000 41.217674 55.842447 100.000000
998 41.439970 54.829805 100.000000
999 43.381396 55.486284 100.000000
11482 6.090079 41.446552 100.000000
8547 2.916098 42.753875 100.000000
10661 5.086804 40.930502 100.000000
16569 17.445352 0.000000 6.595442
314 17.021277 0.000000 0.000000
16571 17.806655 0.000000 4.517086
10134 67.534298 87.571100 100.000000
10132 69.121107 86.702219 100.000000
10133 70.519454 87.738951 100.000000
11169 84.102623 59.209581 100.000000
11170 81.584629 58.406438 100.000000
844 83.911203 58.101722 100.000000
13886 6.073669 17.078124 100.000000
2137 7.976415 16.427434 100.000000
7899 3.825695 20.072458 100.000000
2509 93.026596 33.570760 0.000000
2508 94.945733 35.751162 0.000000
6556 96.171147 35.683388 0.000000
3659 0.000000 48.505379 66.781819
3660 0.000000 48.918732 65.057167
3658 0.000000 48.155018 64.573191
11039 37.481702 44.993453 100.000000
4888 39.105860 46.170060 100.000000
12907 78.965664 0.000000 64.517901
6590 78.135317 0.000000 63.451013
13703 78.628354 0.000000 60.590663
10940 40.728774 83.296960 0.000000
11393 44.881335 83.747570 0.000000
12931 34.018024 62.206336 0.000000
2170 33.380992 60.834974 0.000000
7360 28.296128 61.684898 0.000000
11447 72.936568 0.000000 46.662835
11510 72.907505 0.000000 42.487890
11511 73.626577 0.000000 44.360018
2983 100.000000 36.760702 64.022803
12502 0.000000 90.585775 12.211051
5697 0.000000 91.537613 13.119459
11359 0.000000 91.406420 6.426186
5262 0.000000 62.757796 13.788096
11153 0.000000 62.586963 9.650883
7630 0.000000 61.932921 13.213821
11327 43.325603 84.573957 0.000000
1806 39.235208 84.554227 0.000000
2880 41.330568 85.404015 0.000000
963 7.522151 0.000000 30.596755
2198 8.047520 0.000000 30.618998
12003 7.868080 0.000000 33.534774
3199 80.016823 2.206301 100.000000
3197 77.528090 0.000000 100.000000
3198 78.651685 0.000000 100.000000
1497 75.665589 0.000000 79.178113
10227 76.370020 0.000000 82.045440
2146 75.513058 0.000000 83.358110
10585 46.230027 24.047102 0.000000
5427 42.549593 24.998783 0.000000
11229 44.504260 26.745749 0.000000
13600 0.000000 20.730425 25.805769
12318 0.000000 19.789472 26.100673
10390 0.000000 20.399076 29.651081
3823 0.000000 41.687587 83.177539
9279 0.000000 42.330997 81.283671
5873 0.000000 41.648990 80.741376
12750 0.000000 11.183300 14.004485
12751 0.000000 11.618873 18.752043
10174 0.000000 12.225100 15.422056
11071 17.329764 46.332320 100.000000
8910 21.111639 45.847393 100.000000
2710 19.431070 47.264583 100.000000
283 66.018949 16.107115 100.000000
9892 66.721138 14.544798 100.000000
3420 67.778839 17.094896 100.000000
532 31.767612 96.365320 0.000000
531 32.027583 96.756154 0.000000
13814 34.031963 96.426243 0.000000
11953 89.771654 0.000000 43.803875
2861 89.523753 0.000000 45.708430
13264 89.248337 0.000000 43.815777
12495 100.000000 32.564318 61.420135
13094 100.000000 31.791011 61.473929
3068 100.000000 32.137494 59.153891
11584 38.199587 47.475744 100.000000
10566 0.000000 37.244852 11.907306
3158 0.000000 37.098520 15.363349
10565 0.000000 37.965058 13.712895
3492 27.234214 77.892735 100.000000
10262 24.322628 77.957161 100.000000
13848 25.228753 77.077672 100.000000
11224 100.000000 68.618976 12.949549
17828 100.000000 68.299112 17.326477
17737 100.000000 68.010856 15.736867
6281 10.674095 87.625985 0.000000
3058 8.120534 86.732741 0.000000
3057 6.167654 87.524355 0.000000
11891 66.385060 0.000000 45.286364
10183 66.009919 0.000000 48.644131
2504 65.487726 0.000000 45.487725
1163 100.000000 41.698708 51.672960
11820 100.000000 41.226067 50.087928
11540 100.000000 41.735812 49.401362
2192 93.456200 0.000000 63.620757
554 94.162640 0.000000 63.028695
12205 2.765556 100.000000 49.352803
10771 3.111641 100.000000 55.971244
10992 6.117770 100.000000 57.514714
9994 94.655262 0.000000 90.525056
11667 95.630184 0.000000 94.903819
1291 94.325655 0.000000 94.099452
5287 45.265327 35.377384 0.000000
5286 47.603623 32.884463 0.000000
9145 43.368099 33.156326 0.000000
11668 0.000000 39.461858 17.115873
1588 0.000000 39.803218 19.963351
13478 0.000000 40.337397 18.078851
8311 100.000000 34.343434 100.000000
8834 100.000000 33.799949 97.787403
9989 100.000000 34.945113 97.565297
6966 0.000000 8.318237 46.548274
6232 0.000000 8.681137 41.750052
9212 0.000000 7.654976 42.356701
13713 95.260073 2.827175 0.000000
2074 95.184514 2.048474 0.000000
17514 93.664019 1.245837 0.000000
17515 93.544948 1.697838 0.000000
7647 100.000000 27.572228 12.039691
9701 100.000000 27.771880 16.036221
12349 100.000000 26.741966 13.926947
9325 35.421432 47.637290 100.000000
7370 74.644352 0.000000 62.760654
1279 74.486480 0.000000 66.103138
10373 73.978726 0.000000 64.473665
6460 100.000000 42.240361 29.820613
11571 42.798962 44.387988 0.000000
12202 40.298138 42.920025 0.000000
13872 36.636885 44.700326 0.000000
5838 50.519124 78.759297 0.000000
5839 49.667085 77.895959 0.000000
5588 46.461583 78.442194 0.000000
13392 71.530503 0.000000 67.418827
4784 71.848004 0.000000 64.945783
4785 72.037593 0.000000 67.378001
8752 88.783191 0.000000 60.675696
9323 88.251636 0.000000 61.329500
12468 88.304875 0.000000 59.128952
10469 5.915780 5.695631 0.000000
16824 3.295446 7.913229 0.000000
18095 3.589370 8.061178 0.000000
6566 0.000000 38.711490 12.316793
6567 0.000000 38.712161 15.239053
6565 0.000000 39.442665 13.842306
11365 100.000000 39.849494 86.729044
8760 100.000000 39.108639 85.521731
1652 74.327056 0.000000 14.010244
7366 28.508914 0.000000 24.268581
341 29.484015 0.000000 24.045655
340 28.987532 0.000000 27.970310
9930 100.000000 33.962299 16.634224
2405 100.000000 33.541006 13.807786
2404 100.000000 34.432862 14.116464
2809 31.167764 92.345843 0.000000
3025 29.781285 93.005957 0.000000
3026 33.863155 92.921852 0.000000
4484 82.044654 0.000000 69.727528
13260 82.456696 0.000000 72.543723
13161 72.719588 0.000000 35.176143
11017 72.414741 0.000000 32.358235
5069 72.866228 0.000000 32.607291
7690 0.000000 41.215661 52.669013
7691 0.000000 41.674901 51.008679
9167 0.000000 46.233866 10.932118
9168 0.000000 46.610154 9.034562
9169 0.000000 45.665949 9.375521
9733 95.784153 0.000000 49.303706
9734 96.026923 0.000000 46.387641
5809 96.415694 0.000000 49.488968
7628 12.923243 0.000000 70.576655
7633 12.239156 0.000000 73.317548
4856 11.929766 0.000000 69.827848
12701 0.000000 39.513937 79.144049
6682 0.000000 40.265897 77.284089
12700 0.000000 39.470688 76.109787
13734 73.440408 33.825146 0.000000
819 74.338646 36.113710 0.000000
3746 100.000000 42.574098 61.990284
2664 100.000000 43.083319 64.371765
1987 100.000000 42.444385 63.920777
2624 90.818386 0.000000 70.735519
13241 91.177555 0.000000 68.306310
2625 91.355066 0.000000 70.820217
5180 0.000000 35.987547 50.013751
7699 0.000000 35.678988 53.121496
7698 0.000000 36.573525 52.503899
1170 75.462485 0.000000 51.955922
7480 75.278170 0.000000 47.531950
1168 76.221095 0.000000 49.285864
6797 0.000000 36.081621 73.173900
5033 0.000000 35.881547 77.359379
7507 0.000000 36.954808 75.047585
6756 100.000000 35.458890 81.396663
4907 100.000000 35.502749 78.925438
1984 100.000000 62.019408 57.927667
1985 100.000000 62.412448 50.621142
1986 100.000000 63.043940 56.575492
13775 50.637739 30.017532 100.000000
8010 52.102070 31.470005 100.000000
2660 0.000000 16.504854 0.000000
10818 0.000000 16.009690 3.896124
11672 0.000000 17.113626 3.640293
9656 12.866744 0.000000 90.229930
10032 13.147802 0.000000 86.376645
6215 13.946227 0.000000 89.462794
9052 0.000000 41.344566 67.267067
9259 0.000000 41.987147 65.304719
6160 0.000000 41.207074 64.330450
6412 100.000000 36.998129 34.531733
6413 100.000000 37.421731 32.974926
6411 100.000000 37.494761 35.723231
8837 100.000000 48.121591 37.539887
13498 100.000000 48.550917 40.945203
1939 20.224719 0.000000 100.000000
17286 19.087658 1.679739 100.000000
17287 17.854636 2.230314 100.000000
1938 19.101124 0.000000 100.000000
17265 17.576122 1.904409 100.000000
17266 16.349982 2.366638 100.000000
440 91.902663 13.203342 0.000000
12015 87.759475 9.135146 0.000000
438 88.095160 10.491330 0.000000
95 100.000000 2.380081 34.238667
11859 100.000000 3.190687 33.893239
10156 100.000000 2.959570 39.460007
3755 100.000000 15.097742 14.167641
13038 100.000000 15.509094 17.866082
4085 38.997729 28.786640 100.000000
11001 42.137827 28.779280 100.000000
674 39.788289 30.770286 100.000000
10211 100.000000 44.844194 56.021456
9021 100.000000 45.562926 55.233055
10250 100.000000 45.579018 58.307516
1773 25.522792 0.000000 58.984087
4949 26.154601 0.000000 59.101217
1125 35.199127 44.516975 100.000000
3968 0.359762 0.000000 70.602716
11472 0.245265 0.000000 66.513351
5761 63.833233 0.000000 80.881386
6789 64.956733 0.000000 81.086039
11822 64.308770 0.000000 86.428534
4047 22.785174 98.961932 100.000000
11778 46.362086 56.956219 100.000000
11777 45.477444 57.833073 100.000000
10473 44.000357 57.011684 100.000000
6751 0.000000 85.224844 66.410791
11681 0.000000 85.074472 59.422898
2132 0.000000 84.238532 63.048398
1775 24.879370 0.000000 58.611459
1774 25.231270 0.000000 61.482255
389 22.536376 27.223282 100.000000
11238 22.238262 28.809689 100.000000
387 20.222618 28.802021 100.000000
9009 100.000000 16.345113 11.627145
12876 100.000000 14.068398 39.589047
12499 100.000000 13.966898 35.163294
5915 100.000000 14.812082 37.620285
6549 4.995561 59.719254 0.000000
8599 9.048498 60.154540 0.000000
8259 10.249302 59.367769 0.000000
17730 100.000000 83.616586 10.088519
431 0.000000 39.261610 2.091590
2570 0.000000 39.990372 3.015030
2571 0.000000 39.805825 0.000000
6106 0.000000 35.548901 2.838047
8289 0.000000 35.922330 0.000000
8403 0.000000 34.951456 0.000000
11621 0.831610 0.000000 90.714459
12429 1.239843 0.000000 84.976199
11032 1.653830 0.000000 86.500216
1878 39.478765 15.969596 100.000000
10793 38.954714 18.498203 100.000000
10794 37.425903 17.894252 100.000000
1798 37.639982 92.583884 0.000000
1799 37.363326 93.215058 0.000000
11118 61.401445 61.275586 0.000000
12407 65.245822 60.502189 0.000000
13380 58.638854 59.972056 0.000000
6203 74.845117 79.884207 0.000000
13126 70.762197 79.975673 0.000000
9778 100.000000 55.208238 79.727800
10774 71.795345 0.000000 30.039059
9405 71.648810 0.000000 31.824795
9200 71.384966 0.000000 29.965822
3876 78.030462 12.938430 100.000000
6841 25.190051 0.000000 80.445318
6660 25.864813 0.000000 78.588040
5092 26.066489 0.000000 82.126694
1369 60.306983 47.218510 100.000000
1370 59.344738 45.827778 100.000000
1368 62.528913 46.366260 100.000000
7785 100.000000 9.301305 78.755580
11551 100.000000 9.412935 82.881130
6088 100.000000 8.536276 80.483164
2968 64.303984 13.586590 100.000000
2967 61.866869 10.517353 100.000000
3214 42.064918 0.000000 40.926252
3216 40.990286 0.000000 42.260774
8494 41.253207 0.000000 35.346898
13228 48.917870 86.885756 100.000000
3283 51.365820 87.440247 100.000000
3370 49.052764 87.850245 100.000000
10247 63.030218 98.718823 0.000000
5350 67.377493 99.390264 0.000000
538 68.310696 98.835207 0.000000
3571 95.046499 0.000000 74.343646
7418 94.487586 0.000000 71.731200
6713 95.139498 0.000000 71.001870
1880 40.961654 17.192908 100.000000
5990 42.349973 18.369828 100.000000
10272 40.342504 19.524167 100.000000
11356 73.147856 0.000000 77.550456
10491 72.785426 0.000000 76.044384
10020 73.288596 0.000000 75.353621
1384 0.000000 53.398058 0.000000
8363 4.280586 53.094431 0.000000
1385 0.000000 52.427184 0.000000
3730 0.000000 27.619242 63.729008
174 0.000000 26.770537 65.445234
6597 0.000000 27.533354 67.531532
2821 0.000000 95.641441 44.299351
2180 0.000000 96.578058 41.084392
2179 0.000000 95.822543 36.793794
10994 83.868710 74.167390 100.000000
1745 83.473806 75.237964 100.000000
9410 81.291536 74.318157 100.000000
12752 69.918318 39.929045 100.000000
8496 68.041066 39.951456 100.000000
8497 67.736760 38.539651 100.000000
3398 4.710955 0.000000 10.632698
3399 5.327560 0.000000 11.091896
3397 5.045315 0.000000 13.277982
12314 100.000000 96.750179 35.636109
3184 100.000000 95.773643 52.815424
2895 54.652504 90.636746 0.000000
5176 68.416282 0.000000 53.750954
2043 68.688141 0.000000 58.238931
8581 67.767250 0.000000 56.420771
8733 44.680387 0.000000 9.591162
13334 44.134718 0.000000 5.210108
1784 45.158992 0.000000 5.146757
1092 0.000000 40.539107 66.460295
1093 0.000000 39.693240 65.794772
1091 0.000000 39.918716 68.664962
6195 0.000000 74.685356 18.123473
3441 0.000000 75.316986 21.293014
6194 0.000000 75.595934 16.663033
4197 57.800189 97.910945 0.000000
4196 56.753911 97.571056 0.000000
1481 55.205273 97.787397 0.000000
3251 100.000000 14.829527 46.210472
3252 100.000000 13.829351 46.357554
3253 100.000000 14.200568 43.227264
10928 51.870234 52.077459 100.000000
8746 52.021978 53.155730 100.000000
12624 49.921491 52.574003 100.000000
2799 27.069756 69.610546 100.000000
31 27.728119 70.585371 100.000000
7106 25.198898 70.203874 100.000000
7449 60.919027 44.751579 100.000000
3723 57.757780 44.283873 100.000000
8396 59.745337 43.257655 100.000000
4052 0.000000 73.779332 19.704262
3107 0.000000 74.031399 15.101734
10527 100.000000 43.440320 48.927624
10528 100.000000 43.360838 51.743958
10526 100.000000 42.810911 50.034052
13129 76.817242 0.000000 91.880342
13447 78.103567 0.000000 89.049740
16572 77.799015 0.000000 93.946930
18182 77.811279 0.000000 97.291387
18183 78.289276 0.000000 96.164426
9373 24.588813 0.000000 83.930242
9359 24.266195 0.000000 79.661678
8860 49.387940 24.959738 0.000000
12892 51.744166 23.627312 0.000000
12891 49.275780 22.405970 0.000000
12155 92.490974 40.950435 100.000000
11105 89.668696 38.989932 100.000000
6075 92.647293 39.784541 100.000000
11775 72.999686 62.700063 0.000000
11311 71.866454 61.903913 0.000000
2878 0.000000 52.860382 50.797705
10310 0.000000 52.973119 46.768818
2876 0.000000 52.043180 48.292333
5308 0.000000 47.116912 88.610846
5309 0.000000 46.255819 87.591917
11129 79.363593 60.839313 0.000000
1149 74.475210 60.373647 0.000000
12411 75.455679 61.361667 0.000000
10236 30.916143 91.071283 100.000000
12782 28.267558 90.169226 100.000000
11965 31.204129 89.776137 100.000000
11738 90.256941 69.910066 0.000000
13361 86.294710 69.858939 0.000000
11739 87.908181 70.594450 0.000000
6248 0.000000 16.813445 7.505945
13324 0.000000 15.855376 8.177906
6246 0.000000 16.625896 12.030165
9826 37.800047 58.489517 0.000000
9825 43.178446 58.308751 0.000000
4108 39.645507 57.618430 0.000000
4313 39.401982 43.703327 100.000000
8966 36.732551 43.556123 100.000000
1038 100.000000 74.381421 53.763640
9636 100.000000 74.718849 43.765859
3136 86.199079 0.000000 21.125494
8644 85.164900 0.000000 19.479123
7683 86.113033 0.000000 16.777613
1789 100.000000 2.884615 0.000000
2783 100.000000 3.846154 0.000000
2782 100.000000 3.452568 3.689478
7306 100.000000 33.659237 75.830463
8024 100.000000 34.445433 73.953357
1690 19.188099 43.732423 100.000000
7439 21.857167 43.618423 100.000000
7438 19.801937 44.852170 100.000000
12063 55.397539 61.294184 100.000000
1270 55.160865 60.296173 100.000000
1272 57.442006 60.789422 100.000000
5255 100.000000 53.898534 25.995661
13444 100.000000 54.091318 30.499570
10708 100.000000 53.153444 29.566086
10857 11.206170 47.026966 100.000000
3255 13.686962 47.395591 100.000000
6950 10.325429 48.271407 100.000000
7537 81.663638 76.910325 100.000000
3403 83.704048 77.598491 100.000000
7865 78.605891 9.275417 100.000000
785 81.281798 12.018787 100.000000
8770 78.865966 10.679981 100.000000
9051 0.000000 42.118774 68.056356
8151 35.275622 100.000000 71.128457
16748 37.170785 100.000000 85.215370
16730 39.597785 100.000000 84.939713
2084 35.387140 95.506417 0.000000
10059 36.147295 95.839957 0.000000
12276 37.569336 95.439428 0.000000
8150 33.501989 100.000000 80.295114
16780 33.842481 100.000000 90.054030
16757 36.116333 100.000000 93.343785
2764 31.250000 100.000000 100.000000
16732 31.376603 100.000000 86.577223
16733 27.951990 100.000000 81.476915
8258 0.000000 44.170959 83.369836
5728 0.000000 43.930052 85.661234
7291 0.000000 44.547343 84.884291
7051 72.700819 8.259102 100.000000
9982 72.301862 9.155959 100.000000
4247 69.889558 5.946164 100.000000
6087 0.000000 42.708379 76.498806
6085 0.000000 43.484854 74.356290
6086 0.000000 42.530178 73.636798
6574 100.000000 69.276532 39.266195
1485 100.000000 70.163602 43.606808
7093 100.000000 69.257125 47.411975
743 44.811255 32.027446 100.000000
11003 42.376784 31.134047 100.000000
11002 44.609576 29.898731 100.000000
606 11.313645 0.000000 94.897171
17227 12.049402 0.000000 97.127239
17186 11.279566 0.000000 98.095086
17234 10.595580 0.000000 97.022336
8833 100.000000 33.333333 100.000000
13636 24.211879 62.608584 100.000000
10695 23.709179 63.800593 100.000000
11611 21.161491 62.931440 100.000000
12744 100.000000 37.367044 10.217185
9275 100.000000 37.850068 8.363075
10244 100.000000 38.016208 11.412650
4320 100.000000 35.351726 73.074610
4318 100.000000 34.727203 71.025544
4319 100.000000 35.418460 70.726886
271 100.000000 25.039176 68.752399
11724 0.000000 95.864303 14.863107
8434 0.000000 95.563245 10.502926
8433 0.000000 94.860890 17.330160
8113 91.956828 41.783260 0.000000
8111 94.916706 43.014410 0.000000
8112 94.008278 41.749531 0.000000
10513 80.250170 48.064971 100.000000
10514 78.641063 48.568774 100.000000
4112 22.069760 36.496175 100.000000
645 25.259328 36.609336 100.000000
10354 22.244641 38.227679 100.000000
12240 96.875000 100.000000 100.000000
17451 95.175701 100.000000 93.924315
4748 93.750000 100.000000 100.000000
4720 11.784352 57.865800 100.000000
4721 13.383910 57.330194 100.000000
4722 14.419559 58.230171 100.000000
193 0.000000 31.223541 6.438639
13530 0.000000 30.693911 8.588232
8381 0.000000 31.615166 8.951514
10001 85.393258 0.000000 100.000000
4149 86.516854 0.000000 100.000000
9954 89.013999 2.824637 100.000000
12572 0.000000 85.494442 16.796427
11647 0.000000 85.063786 12.383404
5666 0.000000 84.492083 16.954722
1622 0.000000 47.941354 31.401573
9432 0.000000 47.621094 28.902613
326 0.000000 46.986574 31.521086
1333 38.364723 65.456961 100.000000
3973 54.683965 3.496242 100.000000
10436 100.000000 40.217060 25.975392
6681 100.000000 40.101280 27.999211
6018 100.000000 39.509748 26.651669
8139 100.000000 63.250022 19.630023
13918 100.000000 63.527755 12.697159
5028 0.000000 39.947128 43.124597
22 0.000000 39.822313 40.745320
21 0.000000 39.267995 42.254097
7461 100.000000 59.939604 56.661485
7460 100.000000 58.827058 55.674847
9519 100.000000 59.540958 49.899136
171 0.000000 47.223159 6.600440
7059 0.000000 46.167656 6.967061
1314 96.884334 13.491774 100.000000
1312 96.590380 12.279413 100.000000
16670 98.078273 13.906784 100.000000
2427 100.000000 0.000000 70.588235
13635 99.278380 0.000000 69.088558
3599 100.000000 0.000000 64.705882
4542 66.619391 0.000000 6.999696
4544 67.698357 0.000000 10.542403
12729 67.013501 0.000000 14.266331
9285 42.351503 12.387675 100.000000
9454 40.614748 13.456915 100.000000
9286 41.386025 11.157587 100.000000
1169 76.275151 0.000000 53.639417
6521 76.923396 0.000000 51.980933
4926 76.904609 0.000000 55.095917
11360 0.000000 42.411600 20.856112
12961 0.000000 43.029845 20.909263
11361 0.000000 42.880398 18.836145
9356 100.000000 13.131313 100.000000
16686 98.187793 12.013703 100.000000
16685 97.739082 11.307120 100.000000
6496 100.000000 14.141414 100.000000
1313 100.000000 15.151515 100.000000
16664 98.307762 13.134461 100.000000
12277 4.255319 0.000000 0.000000
16574 4.231732 0.000000 2.488120
11225 3.191489 0.000000 0.000000
11536 4.199664 0.000000 5.269329
12278 5.316317 0.000000 4.818119
6184 34.078557 94.472532 100.000000
2823 31.899159 94.185142 100.000000
1349 30.977045 80.660296 100.000000
6645 30.699970 81.731817 100.000000
13599 28.392821 80.888604 100.000000
1512 0.000000 41.606003 10.948332
1511 0.000000 42.547141 9.661651
3327 0.000000 41.813127 7.098024
11833 60.818770 79.081169 100.000000
8968 58.221948 79.277672 100.000000
11834 58.640950 78.340849 100.000000
10368 100.000000 11.538462 0.000000
11143 100.000000 12.500000 0.000000
16991 100.000000 12.172409 3.272066
17064 100.000000 11.471708 3.445178
2924 0.000000 32.414770 97.009168
2925 0.000000 32.083161 93.649020
2923 0.000000 31.489591 96.637658
2213 96.597969 20.987361 0.000000
11213 100.000000 24.038462 0.000000
2214 100.000000 23.076923 0.000000
10773 100.000000 23.211498 97.524504
4488 100.000000 22.222222 100.000000
1577 100.000000 22.298716 96.902194
810 24.355477 99.077544 0.000000
812 22.100945 99.265720 0.000000
9333 24.159924 99.277479 0.000000
1251 100.000000 28.990173 49.319034
6550 100.000000 29.797971 47.045614
10352 100.000000 30.045648 50.873071
16391 5.837069 7.642954 0.000000
16793 3.276653 10.665272 0.000000
16432 7.035921 7.140579 0.000000
3054 6.180346 6.429022 0.000000
16791 9.083959 4.192043 0.000000
16792 3.035966 10.035981 0.000000
3583 83.971754 28.213541 100.000000
3582 87.036108 29.863360 100.000000
3853 86.419567 30.956810 100.000000
2129 67.003946 61.529828 100.000000
5911 68.696972 60.997147 100.000000
1793 100.000000 42.043725 36.239222
8126 100.000000 41.568481 35.057925
1699 18.560878 0.000000 47.349176
9363 17.901734 0.000000 45.183988
12836 18.413773 0.000000 43.025138
8714 11.299688 98.334156 0.000000
8715 10.935498 97.699047 0.000000
8716 6.490716 98.603971 0.000000
417 52.268828 73.845623 100.000000
10613 55.165215 73.771279 100.000000
814 52.808989 0.000000 100.000000
1989 52.204393 0.000000 94.753360
1991 53.247416 0.000000 91.897490
7639 50.652875 64.861005 0.000000
7637 46.148996 65.496328 0.000000
7638 51.087864 65.941946 0.000000
4376 40.489668 37.153766 100.000000
4595 41.979514 38.253961 100.000000
11371 39.969407 38.771600 100.000000
10193 0.000000 28.028319 2.974753
3974 0.000000 27.184466 0.000000
2871 0.000000 27.016140 3.355354
9186 0.000000 40.711305 69.344318
1619 0.000000 40.864325 72.202328
9053 0.000000 41.503987 70.106265
4847 8.728375 46.761146 100.000000
9455 6.171694 46.454772 100.000000
181 81.867467 27.970219 0.000000
3147 79.835597 25.028788 0.000000
3148 78.162272 25.593381 0.000000
3260 100.000000 73.107423 36.322332
7824 100.000000 74.109482 35.154121
5163 100.000000 73.763366 44.800574
5706 87.791700 9.272841 100.000000
12000 90.407586 11.785940 100.000000
2030 88.617460 11.053986 100.000000
179 84.238985 31.140909 0.000000
5149 88.207205 32.938960 0.000000
180 85.558488 30.190437 0.000000
5403 0.000000 6.622402 86.908033
5402 0.000000 5.739911 86.967502
4641 0.000000 6.263194 90.827518
6900 43.072520 67.263744 100.000000
11954 44.660141 66.484806 100.000000
11955 45.536614 67.385367 100.000000
9910 0.000000 40.086353 83.844452
3821 0.000000 40.967326 81.940398
12559 94.373553 76.750353 0.000000
10011 100.000000 76.923077 0.000000
5313 100.000000 75.961538 0.000000
10551 35.558171 77.117874 100.000000
568 38.071977 77.584987 100.000000
10550 36.195469 77.939203 100.000000
13694 61.289462 0.000000 46.151800
12334 60.885139 0.000000 51.256156
7715 60.294128 0.000000 45.841137
11023 25.208626 0.000000 24.859479
10410 24.992872 0.000000 26.676635
10412 24.745429 0.000000 24.978712
4557 90.923206 0.000000 6.414645
6753 90.111296 0.000000 9.066997
4558 89.895261 0.000000 5.938265
9985 100.000000 5.150896 41.514041
2424 100.000000 4.927167 46.643440
13893 100.000000 4.352833 42.620349
11293 67.055871 91.354250 100.000000
13343 63.788801 90.935063 100.000000
7230 65.951557 90.205793 100.000000
9095 49.121031 95.824008 0.000000
11688 48.824955 95.449363 0.000000
6586 46.152091 95.607663 0.000000
13298 2.901387 63.403507 100.000000
482 5.950314 63.556719 100.000000
481 4.459196 64.453589 100.000000
10998 75.124602 38.842154 100.000000
1968 97.468315 19.411452 100.000000
4489 100.000000 21.212121 100.000000
1233 28.422462 0.000000 31.713705
1235 28.101736 0.000000 27.743747
1138 7.647735 0.000000 43.988705
1137 7.588067 0.000000 41.143261
863 7.991399 0.000000 42.491270
9558 10.283287 66.561153 100.000000
3884 12.492651 65.846173 100.000000
7825 13.581673 67.146486 100.000000
5743 100.000000 36.374326 78.928720
5231 57.033023 0.000000 44.160094
5229 57.592609 0.000000 48.140497
5230 56.829146 0.000000 49.859702
7748 93.164533 79.334353 0.000000
5406 96.162402 78.700262 0.000000
6317 0.000000 38.143707 92.805082
12725 0.000000 37.207896 92.477279
4232 0.000000 37.391715 95.732466
4 100.000000 29.810938 73.505530
8264 100.000000 30.554238 72.942157
13453 100.000000 30.249215 75.712981
9445 47.863998 47.139179 100.000000
12672 45.505045 46.415579 100.000000
12673 47.924722 45.812581 100.000000
2326 2.326392 0.000000 51.617902
9072 2.753259 0.000000 49.414355
13352 52.728477 67.853087 100.000000
11114 50.797367 68.401840 100.000000
2272 50.103066 67.403003 100.000000
11948 0.000000 69.503320 12.818170
11947 0.000000 69.994252 17.002502
1236 0.000000 70.594986 12.525228
2995 41.633783 43.727280 100.000000
4314 40.795777 44.965985 100.000000
8870 100.000000 77.625363 62.827483
4476 100.000000 76.637241 57.991253
4475 100.000000 77.441971 50.246384
9396 100.000000 42.536791 71.212067
13461 100.000000 42.727187 73.120819
4345 100.000000 42.190685 72.351774
140 100.000000 46.962086 47.684906
2763 100.000000 46.436233 45.703599
141 100.000000 47.002523 45.263337
9489 47.114798 58.642355 100.000000
9483 46.414265 59.607723 100.000000
9490 44.542759 58.767755 100.000000
5850 73.218036 0.000000 14.142415
1651 73.937455 0.000000 18.418027
8485 72.951741 0.000000 18.947736
3905 0.000000 56.802413 8.985348
3906 0.000000 56.525250 12.828692
3904 0.000000 57.412502 11.294741
16392 9.736233 9.569862 0.000000
16850 5.903755 13.526139 0.000000
16398 9.379561 10.384072 0.000000
3040 0.000000 18.446602 0.000000
16848 5.237479 13.772342 0.000000
16853 5.706660 12.898017 0.000000
10370 20.212766 0.000000 0.000000
16794 14.336427 5.270941 0.000000
16867 14.059118 5.981997 0.000000
840 13.159175 75.386023 0.000000
12036 9.340402 74.808534 0.000000
3262 8.422121 75.584367 0.000000
13606 0.000000 31.000000 100.000000
13510 0.000000 32.000000 100.000000
2262 0.000000 42.636920 57.553192
6828 0.000000 43.520131 58.933065
2263 0.000000 43.362155 55.567893
8734 44.772003 0.000000 15.775138
7727 43.790497 0.000000 11.192368
13148 100.000000 71.500983 89.285541
698 100.000000 70.592394 82.736597
697 100.000000 71.553974 80.350199
8085 49.606066 0.000000 28.428716
13725 50.636873 0.000000 26.407383
12028 50.357271 0.000000 33.832403
3401 100.000000 35.282640 61.193730
3696 100.000000 35.562533 58.194308
711 66.965120 92.760175 0.000000
8479 62.252342 92.876766 0.000000
10450 65.845195 93.459222 0.000000
10160 100.000000 4.380394 23.629257
668 100.000000 3.502939 21.708927
10158 100.000000 3.998039 17.953217
12995 50.276448 0.000000 62.332444
4848 50.872273 0.000000 55.397957
4510 51.453630 0.000000 62.416632
8447 100.000000 51.766977 16.251043
8449 100.000000 52.748025 14.856711
2589 100.000000 52.560198 19.854452
1365 58.640859 0.000000 68.842046
1364 59.515927 0.000000 66.622839
8176 59.281798 0.000000 72.998762
3241 57.388394 97.006006 0.000000
13378 54.651602 96.797466 0.000000
6323 55.746746 97.220815 0.000000
9109 100.000000 42.307692 0.000000
17035 100.000000 42.641755 1.372443
16992 100.000000 41.996234 1.760053
7361 22.397120 61.396062 0.000000
13720 19.985051 60.303526 0.000000
10562 16.427305 61.165946 0.000000
8030 100.000000 39.332766 61.423269
7662 100.000000 39.609574 63.341671
5940 100.000000 39.028335 62.985449
12715 44.287857 0.000000 36.269375
12219 44.331888 0.000000 41.992958
8640 43.308334 0.000000 40.059851
13477 3.312785 23.711469 100.000000
5475 0.000000 26.000000 100.000000
9160 3.243757 22.793015 100.000000
3154 0.000000 3.998327 97.093114
12926 0.000000 5.090814 95.952606
6647 0.000000 4.338362 92.549332
6817 0.000000 76.224105 19.641247
10712 0.648946 0.000000 86.521012
10507 100.000000 58.055013 61.689699
6037 100.000000 59.245981 62.942046
903 42.049893 0.000000 87.411812
11429 41.502190 0.000000 94.211939
3479 40.835017 0.000000 86.136124
13247 100.000000 32.662911 79.594048
10245 0.000000 48.643579 81.167218
10587 0.000000 48.407042 82.512862
9607 0.000000 48.800320 82.330304
651 71.017916 0.000000 63.783675
5500 100.000000 47.683382 56.776807
9667 100.000000 48.523327 60.641498
10208 100.000000 47.612418 60.910392
2015 100.000000 26.877619 60.887175
2016 100.000000 25.956510 62.147437
2014 100.000000 26.081916 58.626804
5091 26.880286 0.000000 83.154936
5675 26.391398 0.000000 85.960558
13480 100.000000 9.191437 63.382544
7565 100.000000 9.668913 67.698993
4689 37.204968 35.682521 100.000000
11599 38.245421 36.778011 100.000000
3799 35.816617 37.382791 100.000000
2696 100.000000 40.404040 100.000000
2697 100.000000 40.487139 97.702984
2698 100.000000 41.414141 100.000000
8016 100.000000 32.489449 47.004403
6649 100.000000 32.939220 49.382015
8017 100.000000 32.173067 49.332939
9213 100.000000 67.996552 21.994236
12196 100.000000 68.894958 23.522996
230 100.000000 68.332314 30.191792
6010 69.960245 72.248723 100.000000
11232 71.894662 71.907367 100.000000
13418 71.789135 72.861244 100.000000
9156 52.219591 17.782880 100.000000
3780 53.891605 19.490808 100.000000
10921 51.661929 20.423187 100.000000
376 34.889369 31.918734 0.000000
6792 37.116373 30.380780 0.000000
6279 34.755592 29.928413 0.000000
10968 27.746323 52.813404 100.000000
9867 28.013385 53.790190 100.000000
10969 25.788764 53.489445 100.000000
13142 45.201692 0.000000 33.703802
11743 44.366200 0.000000 29.615441
12485 45.321824 0.000000 27.090862
10089 52.441689 91.843403 100.000000
7923 54.717170 92.564833 100.000000
7922 52.005523 92.816785 100.000000
10945 83.172018 0.000000 95.346109
18162 83.030967 0.000000 93.271323
18163 83.609098 0.000000 93.915947
2199 7.721528 0.000000 28.680558
8745 51.780539 54.156840 100.000000
8744 54.409721 53.932742 100.000000
12577 53.320375 54.992258 100.000000
3633 100.000000 77.672702 17.260437
13026 100.000000 77.275144 8.612620
9669 100.000000 18.783706 73.576199
6035 100.000000 17.973427 74.171100
223 100.000000 18.420877 69.909656
6933 0.000000 43.734918 79.453756
11358 0.000000 44.057523 76.682737
6931 0.000000 43.376133 77.225602
1629 90.391483 71.603531 0.000000
54 84.627213 71.224023 0.000000
1630 85.552001 72.176587 0.000000
6478 11.223607 65.894095 0.000000
6480 6.894047 65.653416 0.000000
10760 8.193849 66.603560 0.000000
5626 94.990128 0.000000 78.100540
3309 94.310093 0.000000 75.110671
117 5.179903 60.561497 100.000000
116 7.989194 60.151307 100.000000
1171 7.551093 61.139653 100.000000
9664 74.582611 72.566244 100.000000
9665 74.093389 71.471247 100.000000
43 93.682948 0.000000 14.984460
42 92.966203 0.000000 16.812364
10908 93.001572 0.000000 13.862943
13297 87.148629 26.307860 100.000000
12683 85.937954 26.724816 100.000000
13623 84.091873 24.110816 100.000000
4923 0.000000 22.953716 34.043115
4922 0.000000 22.021876 35.722037
7810 0.000000 22.890099 38.190328
13763 100.000000 9.188137 43.874580
12315 100.000000 9.282711 49.132167
7861 100.000000 8.269795 46.846444
9272 0.000000 67.621709 19.517927
1839 0.000000 67.409202 24.334931
12303 0.000000 68.403268 22.507333
5161 77.797736 92.187337 100.000000
5160 74.814700 92.167043 100.000000
597 75.667130 91.082663 100.000000
5330 0.000000 15.091361 53.455209
12370 0.000000 14.375739 50.901235
7529 0.000000 14.285992 55.202138
5806 97.359013 85.587205 0.000000
5804 100.000000 85.576923 0.000000
1724 73.047277 55.208130 100.000000
7490 73.047098 56.202035 100.000000
7382 70.747582 55.471619 100.000000
5006 0.000000 41.314497 35.910081
2413 0.000000 41.589289 37.443737
5051 0.000000 41.754181 36.035213
7345 0.000000 20.388350 0.000000
16922 6.649917 13.811180 0.000000
16865 5.378696 14.620092 0.000000
11113 84.625729 100.000000 52.743747
2121 84.485225 100.000000 69.116194
11112 87.162262 100.000000 62.771063
4830 96.318579 0.000000 6.862430
3639 95.302296 0.000000 10.314906
1115 95.159338 0.000000 6.813615
11547 75.381234 3.998246 100.000000
13289 77.215142 5.087668 100.000000
11561 77.616500 6.253790 100.000000
13565 83.279997 39.199450 0.000000
6531 0.000000 94.873210 33.503441
6530 0.000000 94.867490 25.622365
6534 0.000000 93.856084 31.159003
3888 0.000000 89.330486 56.073801
5128 0.000000 89.845954 49.065109
10711 0.000000 88.600940 50.291008
6915 100.000000 33.681269 49.218265
9991 100.000000 33.217323 47.014016
6762 100.000000 33.909902 46.898101
13646 97.718342 29.838111 100.000000
11441 97.998809 31.013324 100.000000
1311 95.571756 28.669915 100.000000
3757 0.000000 54.396119 27.059014
3759 0.000000 55.000362 23.009810
13582 0.000000 53.948496 23.607701
3891 0.000000 43.555949 19.932187
6268 92.862457 0.000000 31.937451
13598 93.303022 0.000000 31.031791
9968 93.309097 0.000000 33.064624
5887 31.600019 39.120361 100.000000
5886 30.798088 40.777740 100.000000
13107 28.628189 39.925751 100.000000
9199 54.543706 2.910357 0.000000
9838 55.815115 2.899436 0.000000
9839 54.255319 0.000000 0.000000
4796 100.000000 38.461538 0.000000
6557 97.645655 37.451036 0.000000
2812 35.626794 72.940809 0.000000
3840 38.762000 73.767957 0.000000
4154 40.585734 72.863242 0.000000
10713 0.000000 0.000000 88.235294
434 0.000000 0.000000 94.117647
17125 0.000000 0.477254 91.316506
1564 0.000000 35.963533 7.988918
1563 0.000000 35.819218 10.861624
11436 0.000000 36.591874 9.908516
10787 0.000000 41.678623 72.979155
6033 0.000000 42.306330 70.788367
11352 28.146766 95.870679 100.000000
8388 29.224050 96.836639 100.000000
6923 26.774448 96.600085 100.000000
6561 90.074220 93.817923 0.000000
13239 94.486536 93.374421 0.000000
8621 96.575634 0.000000 17.861256
5452 33.645537 100.000000 19.829284
17424 36.099207 100.000000 12.792490
17425 33.432824 100.000000 8.503002
4532 61.230147 95.912886 100.000000
9592 61.911808 94.877383 100.000000
4530 64.566100 95.779356 100.000000
5710 0.000000 31.779970 28.636425
5708 0.000000 31.668528 25.782733
5709 0.000000 31.125863 27.399461
826 83.376417 0.000000 23.194445
8320 82.359502 0.000000 23.427156
8726 82.978543 0.000000 19.050649
13179 100.000000 4.391881 74.879818
12168 100.000000 5.435398 72.663289
4895 100.000000 4.995854 78.774882
9610 71.247572 85.836057 100.000000
10065 67.541602 85.550932 100.000000
13037 10.854145 73.345405 0.000000
7582 9.929162 72.359195 0.000000
12736 5.387857 73.022459 0.000000
1844 0.000000 80.196474 13.172232
1845 0.000000 81.090543 13.825134
6094 0.000000 4.101405 10.350092
6093 0.000000 3.230388 11.507657
11231 0.000000 3.985234 16.138627
771 3.500934 0.000000 59.276968
5333 36.261432 10.164608 100.000000
7774 36.510169 12.808979 100.000000
9518 33.822586 13.985774 100.000000
9144 85.291439 0.000000 84.721135
7224 86.227725 0.000000 84.301163
7226 86.079440 0.000000 87.687215
10130 56.719041 0.000000 93.603866
12127 56.159396 0.000000 87.686685
5627 100.000000 91.517335 50.313984
17732 100.000000 92.001671 41.590041
6636 100.000000 92.541427 56.508589
185 76.971505 0.000000 40.272688
13101 76.278055 0.000000 39.116766
186 76.774400 0.000000 36.869260
1052 0.000000 54.708852 64.643867
1053 0.000000 55.215609 67.828423
7622 0.000000 51.321876 29.402926
7623 0.000000 50.885504 27.293017
7624 0.000000 50.506292 29.970681
10151 27.346665 51.777541 100.000000
10967 25.302856 52.564090 100.000000
9963 93.495478 100.000000 86.995527
1691 93.898202 100.000000 72.751359
12852 91.558199 100.000000 78.378507
7506 0.000000 20.591588 77.011797
764 0.000000 19.988114 81.222952
763 0.000000 21.076068 80.279436
2373 100.000000 52.884615 0.000000
2371 94.626751 50.999446 0.000000
2372 93.052148 51.972169 0.000000
11730 0.000000 50.108226 84.825135
9925 0.000000 49.925222 84.768013
13442 0.000000 49.784964 85.201776
5363 100.000000 40.631699 56.549501
10255 100.000000 40.227818 53.870438
13896 100.000000 40.910772 54.164537
10766 100.000000 31.803236 51.661097
13054 100.000000 31.393449 53.975761
10016 0.000000 7.387198 68.387227
4738 0.000000 8.305595 70.979686
522 0.000000 8.372095 65.901048
4114 0.000000 17.866398 75.085632
12609 0.000000 18.633255 75.758217
1001 0.000000 18.275510 72.136011
4497 41.654864 0.000000 28.225743
4495 42.663827 0.000000 28.271884
4496 42.393724 0.000000 34.189314
975 0.000000 45.320685 48.710377
10048 0.000000 45.359663 46.353857
2109 0.000000 44.800589 47.487638
10110 100.000000 50.529618 59.008781
930 100.000000 49.691059 55.539597
6619 100.000000 50.599507 54.304844
7806 62.912638 79.796185 100.000000
9326 36.651504 48.398691 100.000000
10533 0.000000 49.085993 67.101877
4265 56.697814 0.000000 30.199143
1554 55.957041 0.000000 24.648313
9225 57.063408 0.000000 23.806354
1157 31.589160 99.136823 100.000000
12372 33.774058 98.060286 100.000000
4871 35.531337 99.062938 100.000000
1175 34.042553 0.000000 0.000000
9367 33.511189 0.000000 5.598076
7772 32.978723 0.000000 0.000000
8321 47.042023 79.267139 0.000000
9434 51.736256 21.302176 0.000000
7049 74.818256 16.491042 0.000000
4200 77.429779 18.172368 0.000000
7050 75.565553 15.436563 0.000000
9379 56.096738 95.201881 0.000000
10905 58.594055 95.600786 0.000000
7394 34.720731 15.210041 100.000000
1905 0.000000 67.751215 14.917244
1904 0.000000 66.811606 16.689068
6387 0.000000 11.549604 93.720721
3590 0.000000 10.543571 90.947261
3592 0.000000 10.492336 95.901138
13821 27.770643 0.000000 17.706415
12985 27.954428 0.000000 21.500862
10806 26.966812 0.000000 21.178401
3259 100.000000 72.008419 38.443375
3261 100.000000 72.836894 46.050631
3480 39.598558 0.000000 84.357677
10739 38.473541 0.000000 81.860621
6714 39.149235 0.000000 78.494557
5782 0.000000 50.986884 61.825966
3455 0.000000 50.768210 64.306722
3454 0.000000 51.349132 63.687092
4588 100.000000 17.515888 55.778927
12465 100.000000 16.750283 58.294960
11930 100.000000 16.642745 53.995783
11439 76.431635 82.594675 0.000000
3088 76.899887 81.614163 0.000000
12942 72.221127 82.019698 0.000000
2200 8.133422 0.000000 27.978728
4436 0.000000 68.932039 0.000000
4438 0.000000 68.952355 2.283096
13737 0.000000 69.902913 0.000000
8810 24.938189 0.000000 52.960266
10856 25.393077 0.000000 50.400837
1332 40.739490 64.867714 100.000000
10822 43.104538 64.128891 100.000000
7194 43.807717 65.354080 100.000000
7455 62.899794 40.343409 0.000000
13414 86.460226 0.000000 24.685805
4329 85.316038 0.000000 24.203297
6121 0.000000 13.077094 83.342162
2155 0.000000 14.001153 80.807067
6029 0.000000 13.057948 78.560703
13919 100.000000 22.822752 80.486707
13337 100.000000 23.660071 81.165018
10372 100.000000 22.909697 83.741554
1140 39.114954 71.769011 100.000000
10240 38.331692 72.734719 100.000000
1141 36.074106 71.805594 100.000000
7277 100.000000 23.461698 48.208553
2515 100.000000 24.384867 49.732096
11065 100.000000 23.723869 51.902206
373 56.311231 87.636246 100.000000
11497 56.335868 88.826231 100.000000
1993 53.799222 88.022963 100.000000
6228 61.387342 69.044981 0.000000
9084 62.316598 69.865878 0.000000
1419 65.955150 69.394615 0.000000
1444 68.080251 92.516812 100.000000
1445 71.095747 92.820687 100.000000
1970 100.000000 13.829854 93.256658
556 100.000000 14.655829 93.665831
6497 100.000000 14.188957 97.054515
13741 25.420109 99.646763 0.000000
317 23.076923 100.000000 0.000000
319 26.689614 99.778141 0.000000
2811 1.838551 0.000000 49.874503
4130 1.531466 0.000000 54.077425
4129 1.319533 0.000000 48.348842
1075 91.659677 49.428666 100.000000
11588 90.577800 48.179951 100.000000
1073 94.139165 49.507014 100.000000
9512 0.000000 78.372006 46.304079
10846 0.000000 78.087610 41.636046
13726 0.000000 77.556175 46.505814
3774 44.355083 62.121117 100.000000
6934 42.196813 62.887832 100.000000
12868 100.000000 65.072359 91.939675
4755 100.000000 64.417952 85.014487
7737 100.000000 65.498475 82.393169
10076 82.489777 0.000000 76.136360
5888 33.491190 39.899010 100.000000
10986 93.852623 0.000000 86.906876
5300 93.012987 0.000000 87.243257
10985 93.059013 0.000000 83.772036
3739 64.387249 15.468585 100.000000
282 65.465681 17.497794 100.000000
8582 67.942478 0.000000 61.133215
7759 68.770895 0.000000 62.935735
13002 68.136166 0.000000 65.647814
3533 0.000000 43.591824 90.636714
3534 0.000000 44.295075 91.430483
3535 0.000000 44.198407 89.389326
11735 100.000000 46.948888 14.062080
8075 0.000000 26.752082 7.328675
2870 0.000000 25.996437 3.371010
10432 0.000000 45.362679 94.749034
17136 0.000000 45.901819 93.967250
17137 0.000000 45.575406 93.579073
2658 0.000000 42.292883 28.822389
11455 0.000000 42.393908 30.361024
7497 26.872879 0.000000 76.998297
6474 27.561311 0.000000 76.540100
10116 27.314851 0.000000 80.126585
3643 100.000000 33.197974 38.032641
8764 100.000000 33.521071 40.536702
13655 100.000000 32.774461 40.064632
7612 0.000000 56.175384 74.710392
7611 0.000000 57.443212 75.191557
11803 0.000000 56.977990 71.481275
5921 0.000000 99.072745 10.689472
5923 0.000000 100.000000 6.666667
17183 0.000000 99.528682 5.831705
11832 0.000000 99.041982 5.970684
11865 0.000000 44.589303 25.431991
11461 0.000000 43.983427 23.710443
10839 0.000000 43.802484 26.054736
6302 0.000000 40.269206 92.219522
6301 0.000000 39.202572 93.089576
6615 0.000000 39.901005 95.135729
10707 0.000000 6.964065 13.567663
12424 0.000000 6.871638 7.655404
8509 0.000000 6.015753 10.795884
7014 100.000000 23.130073 9.787128
3577 100.000000 22.915399 12.834089
1113 94.421932 0.000000 9.645057
8931 93.698283 0.000000 9.274118
1114 94.201229 0.000000 6.657973
10687 100.000000 31.761211 46.943604
6812 100.000000 32.051860 44.627898
7963 0.000000 48.092016 80.892991
9883 0.000000 48.514097 79.462098
10893 56.102135 29.231548 0.000000
1529 55.123449 26.895951 0.000000
2455 52.763826 28.420011 0.000000
992 0.000000 32.054399 11.599763
9785 0.000000 31.094237 11.399425
8854 0.000000 33.980583 0.000000
8402 4.616958 31.137231 0.000000
12573 35.969395 65.887188 100.000000
1539 33.614381 65.309949 100.000000
1538 35.891361 64.930249 100.000000
4377 39.684541 35.563825 100.000000
291 100.000000 18.496981 65.337808
3967 100.000000 17.838878 63.263878
3966 100.000000 18.501084 61.440682
3024 91.638382 0.000000 30.139667
3023 91.300919 0.000000 30.873226
2490 91.213488 0.000000 29.261682
10650 79.667991 63.434310 100.000000
10649 81.823206 64.025445 100.000000
6297 38.484674 0.000000 20.115204
3551 38.945960 0.000000 26.882142
816 37.840777 0.000000 25.838119
1795 74.459807 0.000000 33.788365
13103 73.811351 0.000000 32.302321
1796 74.326183 0.000000 30.358623
1579 100.000000 22.326308 93.544434
1392 100.000000 21.489141 92.906667
1391 100.000000 22.226479 90.080994
571 46.033105 9.120667 100.000000
1920 44.470894 9.488856 100.000000
1922 45.316939 7.173797 100.000000
6102 60.473881 0.000000 71.055101
563 69.046448 0.000000 55.099070
562 69.462533 0.000000 57.457511
2863 89.287504 0.000000 47.813513
7373 89.055380 0.000000 49.765669
3652 88.674223 0.000000 48.006928
8251 0.000000 47.900315 55.670054
6465 0.000000 48.619766 56.988591
8865 0.000000 48.649588 54.147201
10054 0.000000 60.391026 24.182255
12193 0.000000 61.313274 25.472537
11856 0.000000 61.384339 20.857310
3654 88.457062 0.000000 45.814475
18047 88.220139 0.000000 47.324349
5646 87.923233 0.000000 45.796950
18048 87.881252 0.000000 47.323037
8354 88.002453 0.000000 8.603532
12181 89.163205 0.000000 8.615623
8352 88.655924 0.000000 11.519147
6920 100.000000 12.408777 19.153741
1488 100.000000 11.408132 15.808281
6919 100.000000 12.452658 14.629364
1178 0.000000 18.719759 6.575574
1176 0.000000 19.471870 9.145918
1177 0.000000 19.470711 5.866271
4239 25.741397 0.000000 95.180363
17187 26.203475 0.000000 97.149692
17188 25.643475 0.000000 97.119784
11605 0.000000 77.669903 0.000000
5440 0.000000 77.947392 4.860129
9730 0.000000 78.640777 0.000000
6090 100.000000 7.852469 77.652276
7786 100.000000 8.796670 76.183109
7918 0.000000 38.699988 97.920719
7066 0.000000 39.529853 97.729494
6614 0.000000 39.136563 95.956275
5793 7.362337 93.815792 100.000000
9713 5.480906 94.228557 100.000000
14038 5.323492 93.229512 100.000000
11200 77.792893 38.828249 100.000000
653 79.385664 37.581076 100.000000
9382 81.062687 39.764146 100.000000
731 86.486318 44.331594 0.000000
730 82.688570 44.085477 0.000000
2048 87.543964 46.119254 0.000000
11883 100.000000 50.435590 41.986666
12329 100.000000 51.418725 42.112742
2096 43.941755 97.483840 0.000000
2097 44.971609 97.388845 0.000000
2095 43.901554 97.305101 0.000000
1486 100.000000 70.913946 35.827342
1487 100.000000 71.183178 45.436344
11927 89.224009 92.823834 100.000000
11926 89.517046 93.761013 100.000000
13188 87.146996 93.167952 100.000000
13867 0.000000 96.311283 46.993801
7464 100.000000 45.519401 86.021579
5548 100.000000 46.100630 87.946567
682 100.000000 45.357935 87.972498
11988 36.262874 78.780182 0.000000
2279 37.559514 77.997133 0.000000
7174 33.093663 78.347301 0.000000
8628 50.670513 98.305002 100.000000
8629 48.783029 99.192769 100.000000
11404 47.585594 98.462091 100.000000
934 12.311678 38.301711 100.000000
11273 9.257759 40.384266 100.000000
11491 8.467332 39.387027 100.000000
9793 0.000000 49.613635 85.540719
11125 0.000000 49.488356 86.261105
3190 0.000000 88.402957 5.614970
584 0.000000 88.439882 12.442857
1601 0.000000 89.414804 6.020679
3427 100.000000 20.472928 32.833547
3429 100.000000 21.311769 35.080353
12467 100.000000 20.709458 37.165715
1218 97.268999 21.669910 100.000000
4981 97.546618 23.066171 100.000000
1219 94.837582 20.486885 100.000000
8573 33.503393 0.000000 20.286859
8572 34.307081 0.000000 15.797371
11989 34.510191 0.000000 21.372085
12957 13.982465 76.976696 100.000000
13083 15.883063 77.872494 100.000000
10501 0.000000 19.508931 13.246150
6680 0.000000 20.389015 15.573470
6679 0.000000 20.389971 11.314476
12651 49.975613 54.310953 100.000000
9003 48.288721 53.999218 100.000000
12966 49.999121 53.542899 100.000000
9907 0.000000 50.510305 96.436501
9906 0.000000 51.430540 96.824378
18010 0.000000 50.819307 95.058662
216 0.000000 50.250982 94.526837
18011 0.000000 50.678780 93.741816
215 0.000000 50.322240 92.418627
5828 26.803632 94.200139 100.000000
5827 29.548695 94.881795 100.000000
11353 26.860373 95.117419 100.000000
9704 99.174651 0.000000 6.141511
8602 99.108479 0.000000 10.486884
10433 98.244235 0.000000 9.601038
1684 6.373781 42.017442 0.000000
17599 3.899543 42.321393 0.000000
17588 3.117323 43.416660 0.000000
1686 0.000000 44.660194 0.000000
4361 0.000000 45.631068 0.000000
17589 2.400079 44.361780 0.000000
2801 29.972127 70.046204 100.000000
6147 32.226914 69.294001 100.000000
10517 23.011013 0.000000 90.046048
920 23.917416 0.000000 87.655335
3928 23.738294 0.000000 91.773035
8919 36.731204 97.978541 0.000000
8920 34.785248 98.032641 0.000000
8918 35.733796 98.187076 0.000000
709 68.819000 92.019130 0.000000
12038 90.625000 100.000000 100.000000
9574 92.196710 98.835736 100.000000
2562 0.000000 18.198997 36.697224
4218 0.000000 17.780471 40.077141
6207 0.000000 18.543610 39.760639
4810 5.617978 0.000000 100.000000
17201 6.469340 0.000000 97.667414
4184 6.741573 0.000000 100.000000
7246 85.320234 0.000000 57.698814
10960 85.487010 0.000000 54.516366
9628 86.008133 0.000000 56.719770
9256 35.246233 6.551609 100.000000
6669 33.132575 10.006537 100.000000
8658 32.655380 8.464808 100.000000
2448 0.000000 17.453589 86.132623
2449 0.000000 18.342582 87.776418
3798 35.799332 39.004410 100.000000
7893 35.661129 40.493449 100.000000
9872 48.907000 59.392615 100.000000
8324 50.868941 60.079239 100.000000
5715 67.009956 65.697933 100.000000
4837 63.822257 65.607361 100.000000
4836 65.243615 64.700705 100.000000
10535 12.969235 68.273180 100.000000
5895 15.055131 69.084604 100.000000
9787 12.152931 69.279745 100.000000
948 0.000000 97.493879 64.587996
3383 0.000000 98.157605 58.391743
12767 100.000000 82.295255 18.922725
12766 100.000000 81.462771 17.614933
17734 100.000000 82.063764 9.361459
9827 100.000000 83.101566 16.685099
17735 100.000000 82.610429 10.717950
13271 100.000000 43.325424 80.432328
1900 100.000000 42.683204 81.109487
10889 100.000000 42.797478 78.882691
62 0.000000 86.124168 24.874795
61 0.000000 87.045455 22.125298
9739 0.000000 86.312758 19.389369
2940 0.000000 100.000000 33.333333
2941 0.000000 100.000000 40.000000
2939 4.598366 100.000000 46.611390
9511 66.842442 53.364911 100.000000
6410 68.206137 54.534713 100.000000
2684 20.801528 0.000000 53.462686
1567 20.417889 0.000000 56.326961
3703 100.000000 6.023509 60.494218
4910 100.000000 5.160936 56.826587
3264 100.000000 6.186280 54.618187
7494 90.686921 0.000000 60.354582
1901 90.357620 0.000000 60.917077
5281 90.309078 0.000000 59.355909
7944 45.726275 50.334122 100.000000
7945 43.475133 50.915480 100.000000
4091 43.360737 49.730818 100.000000
536 36.485700 49.402191 100.000000
7084 34.515226 48.755413 100.000000
675 40.414233 32.571288 100.000000
6821 0.000000 29.181311 68.630549
9522 0.000000 29.428508 65.846992
1820 0.000000 28.545768 65.714642
13044 0.000000 76.548889 71.332584
237 0.000000 75.767184 73.311217
13045 0.000000 76.429013 76.448488
9818 0.000000 44.785407 94.120465
9817 0.000000 44.684741 95.956710
2584 31.082112 0.000000 11.269864
5984 32.414131 0.000000 7.668504
5983 32.226548 0.000000 13.666260
13269 0.000000 37.492640 51.844917
665 0.000000 38.408354 51.148879
667 0.000000 37.821245 48.709526
601 19.411704 0.000000 61.001798
10026 18.399973 0.000000 60.552925
599 18.988423 0.000000 56.974635
3035 83.961574 88.585211 0.000000
4729 87.558452 87.690049 0.000000
2090 82.095711 87.604856 0.000000
2493 77.712434 0.000000 68.946861
2492 78.257548 0.000000 71.306888
2768 77.412598 0.000000 71.959370
331 0.000000 48.879516 91.468338
333 0.000000 48.122319 91.112527
7887 40.003946 78.852228 0.000000
5587 42.402610 78.199460 0.000000
2406 0.000000 58.252427 0.000000
12869 0.000000 58.365882 3.062238
9936 0.000000 59.223301 0.000000
2573 83.118607 0.000000 97.841341
2572 83.146067 0.000000 100.000000
5602 82.022472 0.000000 100.000000
12166 90.425532 0.000000 0.000000
17520 92.161041 1.722065 0.000000
17521 92.277444 1.227648 0.000000
11767 89.361702 0.000000 0.000000
13095 0.000000 52.536101 21.370184
6434 0.000000 52.982491 23.914849
10345 0.000000 53.484066 20.781165
3965 100.000000 17.658744 59.865103
10964 100.000000 18.416713 57.393266
9786 55.777763 91.337763 0.000000
7357 53.990976 91.868970 0.000000
6790 100.000000 31.152388 75.352569
11033 29.635541 0.000000 54.290771
2785 29.538560 0.000000 50.740195
2784 30.458138 0.000000 53.129835
4163 100.000000 38.164960 32.134323
8681 100.000000 37.592886 30.157063
2344 59.652971 0.000000 52.141825
16426 15.747615 13.837638 0.000000
16798 23.579139 6.582998 0.000000
16943 22.478418 7.256209 0.000000
7156 18.759726 12.471022 0.000000
16797 24.899459 6.201378 0.000000
16396 18.222468 12.166440 0.000000
8970 28.501487 74.283984 100.000000
11789 26.555256 75.015273 100.000000
8969 25.457826 74.079802 100.000000
6327 48.150745 0.000000 6.149284
8255 47.185159 0.000000 5.715310
10459 47.872340 0.000000 0.000000
8009 100.000000 5.050505 100.000000
16692 98.627858 3.314741 100.000000
16690 99.041663 3.300313 100.000000
5533 100.000000 39.384200 79.647739
12525 100.000000 38.740486 80.851754
18049 83.832132 0.000000 33.461451
18050 83.293261 0.000000 31.720625
11363 83.585247 15.719790 0.000000
11364 87.080925 18.498132 0.000000
13472 86.499561 17.077905 0.000000
3626 63.402044 0.000000 66.192813
2392 63.148933 0.000000 59.380155
4333 3.069826 100.000000 69.917264
1263 2.759061 100.000000 76.451337
4334 5.988813 100.000000 80.044315
7152 56.501049 84.810610 100.000000
8125 58.156199 85.962910 100.000000
7153 55.544894 85.705269 100.000000
9383 83.839561 40.866601 100.000000
7104 86.500346 42.093926 100.000000
8310 84.754807 42.392527 100.000000
8020 91.429834 48.194523 0.000000
7236 86.885957 47.394359 0.000000
9366 90.463373 49.156039 0.000000
12634 8.389658 0.000000 67.325926
6655 7.912959 0.000000 68.268167
4529 34.423175 0.000000 87.656183
4528 35.301109 0.000000 84.649924
7697 35.517083 0.000000 90.832469
8882 81.091869 21.899137 100.000000
8883 79.716039 19.386749 100.000000
12542 82.383677 21.756852 100.000000
5082 100.000000 42.424242 100.000000
85 100.000000 43.434343 100.000000
5081 97.822331 42.426867 100.000000
6263 100.000000 50.443584 69.236357
6264 100.000000 49.341959 65.291063
6265 100.000000 50.456747 64.022666
4172 30.488375 50.198461 100.000000
5631 33.742731 50.082935 100.000000
6067 21.875000 100.000000 100.000000
4048 20.121729 99.070942 100.000000
2253 84.111475 69.425642 100.000000
2252 87.005232 69.264238 100.000000
5018 86.357204 70.319200 100.000000
9469 80.105747 16.085547 0.000000
7362 82.564980 18.555320 0.000000
6455 82.953317 17.847043 0.000000
10470 0.000000 42.461419 37.586282
2488 0.000000 42.059464 36.919011
2489 0.000000 42.011558 38.874829
4750 48.251002 88.041074 0.000000
2913 47.978888 88.793166 0.000000
4863 0.000000 63.516250 10.296796
4864 0.000000 64.477009 6.106225
4862 0.000000 63.324742 5.248524
788 83.475238 0.000000 66.494141
789 82.914050 0.000000 69.727583
6513 0.000000 44.265503 27.873505
6512 0.000000 43.962724 29.864059
17998 0.000000 44.450833 29.754057
17999 0.000000 44.222796 30.952508
13897 0.000000 43.134426 35.558295
10950 0.000000 43.146321 34.050953
7799 0.000000 42.649621 34.860348
9728 90.378890 6.598249 100.000000
8186 87.046691 3.658009 100.000000
12474 88.903180 4.436360 100.000000
6612 100.000000 37.100993 49.156946
6063 100.000000 36.547569 50.206771
6065 100.000000 36.502892 47.900493
101 0.000000 98.858825 71.991943
3225 0.000000 98.920939 78.963263
1264 0.000000 100.000000 73.333333
2705 100.000000 29.164804 68.785776
3 100.000000 29.083828 72.212617
13132 100.000000 28.264642 70.035130
11705 24.910274 96.791823 0.000000
11706 21.684355 96.944850 0.000000
11025 23.368197 97.255733 0.000000
6666 50.675509 79.396006 100.000000
6667 51.072880 80.190959 100.000000
6484 48.678776 79.671175 100.000000
13668 97.434168 0.000000 56.316478
8652 98.272495 0.000000 51.380401
13674 98.556741 0.000000 56.714048
6189 59.366436 57.372667 0.000000
3424 64.431190 56.881041 0.000000
3423 59.005293 56.215675 0.000000
3725 0.000000 15.192243 27.201278
9790 0.000000 15.783775 23.647113
5228 0.000000 14.714355 22.763304
8973 15.756467 66.233521 0.000000
8038 14.488004 65.213773 0.000000
2093 76.444218 88.458899 0.000000
2089 80.074465 88.217698 0.000000
2088 77.779992 87.629417 0.000000
77 22.840226 0.000000 25.532318
76 22.352591 0.000000 26.229506
10009 22.258653 0.000000 23.668225
8702 38.538778 97.095329 0.000000
2751 0.000000 32.240344 46.379008
12902 0.000000 32.986053 48.126083
12903 0.000000 33.042407 44.797473
6408 35.825394 33.642119 0.000000
375 32.027368 33.922609 0.000000
10624 6.299364 0.000000 44.758591
13523 6.685164 0.000000 46.913346
3082 0.000000 45.621981 12.084800
3081 0.000000 46.351898 12.995494
3818 100.000000 48.076923 0.000000
16995 100.000000 48.568017 2.491692
16996 100.000000 47.988061 2.813908
10701 100.000000 49.059361 4.896541
17055 100.000000 49.053562 2.441814
5526 24.797318 0.000000 22.914524
13152 26.616940 0.000000 16.450019
12837 27.457330 0.000000 12.920778
547 25.153199 0.000000 39.854324
2035 25.347763 0.000000 43.120087
5842 24.718037 0.000000 42.689559
3089 78.047320 80.635818 0.000000
4297 81.484948 81.332525 0.000000
12562 82.823457 80.431962 0.000000
7313 100.000000 37.111801 51.495811
12796 100.000000 37.666811 50.708493
10841 100.000000 37.571343 52.613181
13735 80.258263 0.000000 22.124695
5175 100.000000 31.446629 83.323909
10335 100.000000 31.221741 80.711159
12316 100.000000 10.050165 46.262039
5894 16.874764 69.882493 100.000000
8711 15.729026 70.620815 100.000000
8923 14.570573 69.846897 100.000000
10263 68.561642 63.668072 100.000000
10265 70.680245 64.608216 100.000000
12391 67.973747 64.715896 100.000000
5858 50.670387 70.900306 100.000000
9974 51.787496 71.950211 100.000000
9692 49.028819 71.716112 100.000000
9820 84.754928 0.000000 55.336371
9822 84.199723 0.000000 52.778168
9823 84.966411 0.000000 52.123753
9281 66.241279 88.414982 100.000000
12462 69.110940 88.545353 100.000000
7231 67.733691 89.396927 100.000000
10524 0.000000 75.580132 55.882560
12652 0.000000 76.601522 55.439740
3802 0.000000 76.012624 50.462966
4934 60.342227 35.967360 100.000000
3210 59.239302 37.524463 100.000000
4935 58.075249 35.864110 100.000000
8431 0.000000 17.786357 7.031969
632 0.000000 46.385212 56.602947
10205 0.000000 46.233990 54.196069
630 0.000000 45.558517 55.644614
11670 85.292046 68.425663 0.000000
12604 83.279262 67.514355 0.000000
8285 79.934985 68.195265 0.000000
1719 36.157886 53.555749 0.000000
9287 35.094843 54.900028 0.000000
4025 41.660018 54.556117 0.000000
4970 61.604118 60.629744 100.000000
4968 60.760008 59.824003 100.000000
6625 0.000000 4.751825 39.696242
11171 0.000000 4.491048 45.736142
6624 0.000000 5.523055 43.934029
11191 79.460252 66.059090 0.000000
2292 81.579637 65.262110 0.000000
6356 76.641159 65.186889 0.000000
3289 100.000000 74.652797 88.691582
3290 100.000000 73.803587 91.609190
3288 100.000000 73.643590 81.717763
13279 0.000000 20.135043 22.739462
13278 0.000000 19.660523 20.271808
3471 53.187194 68.787823 100.000000
6606 24.795085 42.464462 0.000000
8080 24.528104 40.867476 0.000000
4316 20.608729 42.875525 0.000000
6607 27.580370 43.150870 0.000000
4315 22.626937 44.047699 0.000000
8100 8.222159 96.948487 100.000000
8099 9.960331 97.525060 100.000000
3062 7.718956 97.780590 100.000000
10970 100.000000 14.909878 24.249502
10971 100.000000 14.047026 21.256076
5539 100.000000 14.847542 19.905424
1185 0.000000 34.461643 56.291016
6870 0.000000 34.850953 53.654999
1911 0.000000 34.192153 54.021259
3346 100.000000 47.175341 31.561073
3344 100.000000 47.644378 34.386806
3345 100.000000 46.794313 34.456546
8360 5.667602 0.000000 92.681150
1915 6.631354 0.000000 94.184383
17191 5.580091 0.000000 96.614822
17192 4.994539 0.000000 95.706745
4164 100.000000 38.766140 33.924324
6308 100.000000 39.375007 32.969213
464 100.000000 39.435668 35.805875
7241 0.000000 75.468410 84.616157
7240 0.000000 76.421307 87.166228
3910 0.000000 76.363282 81.791332
2883 91.687014 71.360687 100.000000
3573 93.626796 72.361181 100.000000
2884 90.425467 72.213149 100.000000
4662 0.000000 81.800735 63.598710
1121 0.000000 82.074866 57.733386
1120 0.000000 81.030959 59.703635
3245 0.000000 41.514405 88.706656
10316 0.000000 37.014084 61.834791
11466 0.000000 37.515332 59.986554
5005 100.000000 59.240969 43.594667
2949 100.000000 58.494006 48.757859
11294 11.040137 11.216995 100.000000
9497 8.274711 14.294548 100.000000
9496 6.677543 14.316097 100.000000
13466 0.000000 91.567584 52.644730
3887 0.000000 90.464316 54.380570
8338 0.000000 91.098004 59.541068
3517 72.246277 34.115962 100.000000
6992 74.243796 33.299637 100.000000
5023 74.641277 35.122355 100.000000
3956 26.009746 0.000000 11.760756
3364 24.915157 0.000000 13.481431
3954 24.730238 0.000000 9.479049
2670 64.737044 17.518824 0.000000
11460 67.165297 20.977567 0.000000
7626 0.000000 43.155315 36.802252
1106 0.000000 43.332198 37.852936
9612 0.000000 43.622871 36.270382
11991 100.000000 25.594488 7.665841
12350 100.000000 25.643397 11.857016
7321 100.000000 24.800249 8.992029
8137 0.000000 32.010910 83.546824
5742 0.000000 32.462969 85.325100
4761 0.000000 32.781161 83.035313
8529 0.000000 88.931515 17.603172
8528 0.000000 89.606516 11.962797
6686 81.701243 100.000000 43.677005
11067 78.084420 100.000000 35.580170
11713 79.318879 100.000000 55.618604
9266 40.221273 80.082730 100.000000
9267 37.740763 79.425614 100.000000
9268 40.252190 79.064932 100.000000
8101 100.000000 25.181992 14.563296
4220 100.000000 24.638397 12.106380
9527 13.928134 0.000000 69.162425
7627 13.222833 0.000000 65.779643
634 14.097213 0.000000 64.629980
8992 0.000000 5.899906 4.907307
12129 12.605244 75.462092 100.000000
7273 10.621231 75.849508 100.000000
704 10.311712 74.836591 100.000000
12443 30.189276 89.481049 0.000000
12737 28.874110 90.301514 0.000000
10063 0.000000 58.151482 42.401260
9394 0.000000 58.964311 39.427759
7708 0.000000 57.869319 37.864345
2036 25.861565 0.000000 41.790823
9029 26.443952 0.000000 43.892881
3997 25.848198 0.000000 44.975061
10987 37.631254 15.779834 100.000000
10988 36.126950 15.369067 100.000000
8131 37.961799 13.610171 100.000000
9294 31.767593 51.219190 100.000000
12096 29.846512 52.091724 100.000000
12770 38.549977 92.981628 100.000000
5866 38.850292 92.092590 100.000000
10619 13.463730 81.936049 100.000000
12177 12.458064 80.955719 100.000000
12461 14.373126 81.131306 100.000000
13711 88.214295 77.611288 100.000000
1203 87.481139 76.820747 100.000000
13712 90.320752 77.255564 100.000000
14053 97.175202 56.909826 100.000000
5000 100.000000 56.565657 100.000000
7052 100.000000 57.575758 100.000000
4682 87.356979 0.000000 66.162490
8562 86.996274 0.000000 68.692015
8563 86.725667 0.000000 65.936026
1296 0.833210 0.000000 11.852181
5760 63.456937 0.000000 75.714908
12188 62.523744 0.000000 74.564145
12189 63.161845 0.000000 71.404172
1343 0.000000 50.000106 44.198392
6276 100.000000 0.567910 23.670315
6241 100.000000 0.496163 28.965683
6242 100.000000 0.000000 23.529412
6732 0.000000 92.162055 57.766576
1405 0.000000 92.767479 62.491693
6731 0.000000 93.040998 56.679358
7830 27.561537 68.560086 0.000000
9639 26.651826 69.824255 0.000000
5929 32.095432 69.536509 0.000000
5359 100.000000 10.314296 15.075282
7406 100.000000 10.806502 19.497932
7408 100.000000 9.917601 18.477507
5720 0.000000 34.996214 11.547565
415 0.000000 35.315177 9.063396
414 0.000000 34.567007 8.775077
2724 20.227092 92.193914 100.000000
7495 20.633468 93.219219 100.000000
2722 17.930883 92.704782 100.000000
12383 94.576399 0.000000 31.909602
9967 93.804283 0.000000 31.313280
12118 94.229534 0.000000 28.682668
7117 58.074177 99.693379 0.000000
10319 57.692308 100.000000 0.000000
10318 61.538462 100.000000 0.000000
5174 100.000000 30.785371 82.595407
5173 100.000000 30.748782 84.977667
13407 100.000000 30.102892 83.266386
7524 79.368851 31.164497 100.000000
8267 82.027639 33.605897 100.000000
7525 79.552425 33.054782 100.000000
8950 62.341449 89.809463 0.000000
12580 64.321744 90.476345 0.000000
10543 66.136401 89.827557 0.000000
10380 39.339167 98.876972 0.000000
13057 42.002465 98.812078 0.000000
4153 40.315063 98.653482 0.000000
6648 100.000000 32.626437 51.915037
7249 100.000000 32.222365 54.372190
12532 0.000000 76.163929 38.958046
2202 0.000000 75.786286 33.892060
12834 0.000000 75.114022 37.418660
3172 18.584610 95.113194 100.000000
10232 15.092062 94.489291 100.000000
3173 18.152890 93.851060 100.000000
13824 0.000000 70.359890 62.460617
13232 0.000000 69.756665 66.112964
13710 0.000000 70.759389 66.785495
176 53.191878 11.112345 100.000000
2226 51.744284 11.606919 100.000000
2070 52.102599 9.467401 100.000000
6409 65.992850 55.142815 100.000000
6341 66.355519 56.212662 100.000000
5663 64.042525 55.661996 100.000000
12230 87.819348 0.000000 84.863259
7225 86.942928 0.000000 86.100502
12026 86.966417 0.000000 81.910021
12272 0.000000 33.329878 88.491458
3988 0.000000 33.870119 85.942819
4762 0.000000 33.098577 85.611940
2723 17.761184 91.649338 100.000000
2171 29.814850 59.634179 0.000000
2172 26.289913 60.550320 0.000000
13914 95.001294 81.680218 100.000000
3958 97.133163 81.370032 100.000000
9846 97.096939 82.371001 100.000000
1490 100.000000 41.884373 62.367477
8979 100.000000 46.845768 26.477314
3182 100.000000 47.671405 25.461562
8977 100.000000 47.433439 28.677011
12518 61.850513 86.466272 100.000000
11792 64.480650 87.504084 100.000000
11945 61.693622 87.734450 100.000000
7703 29.531160 39.536361 0.000000
8536 33.000583 38.565561 0.000000
8535 31.001210 37.615953 0.000000
447 100.000000 88.847143 70.379388
3045 100.000000 89.817298 63.256516
423 100.000000 89.922005 78.111538
6020 0.000000 54.368932 0.000000
6022 5.398024 54.265499 0.000000
5767 13.529921 83.130230 100.000000
10618 10.968865 82.525062 100.000000
10769 38.512143 93.871133 100.000000
10767 41.285595 94.357090 100.000000
10768 38.435475 94.858154 100.000000
5919 100.000000 80.791110 47.104668
2044 100.000000 79.757889 52.052100
2240 100.000000 79.992072 40.989757
5860 0.000000 24.826399 17.982696
2513 0.000000 25.528361 16.879332
2364 0.000000 24.934216 14.590332
8630 33.990788 0.000000 10.373942
1300 34.561710 0.000000 5.088394
8344 80.497781 90.233821 100.000000
12845 79.150016 91.214314 100.000000
596 77.443281 90.212700 100.000000
8059 13.850737 86.633880 100.000000
7692 10.944413 85.895833 100.000000
4259 13.663408 85.395723 100.000000
3842 0.000000 43.503679 39.145187
8698 0.000000 43.735275 37.846743
4515 70.425116 0.000000 22.485018
2780 71.150753 0.000000 22.941880
4516 70.787182 0.000000 25.441582
7636 90.161273 43.585877 0.000000
6827 86.433090 42.872552 0.000000
8591 89.898139 44.753310 0.000000
12703 86.826133 0.000000 71.849132
18035 86.218984 0.000000 71.455040
18033 86.469984 0.000000 69.888844
5651 0.000000 92.000000 100.000000
12226 0.000000 91.457234 93.287387
7033 0.000000 91.000000 100.000000
5331 35.509826 8.408680 100.000000
12764 100.000000 45.153167 71.580638
3050 100.000000 45.383752 69.335841
6867 100.000000 45.775178 72.020219
4883 12.919936 94.585606 0.000000
4882 11.202002 93.963258 0.000000
3608 8.918154 94.859839 0.000000
5932 95.070313 0.000000 17.949448
10644 94.849214 0.000000 21.707508
5656 94.203145 0.000000 19.795827
6290 6.089615 97.686865 0.000000
11708 5.467047 96.852712 0.000000
17590 2.885065 97.422248 0.000000
10925 87.032825 0.000000 10.155061
10926 86.039934 0.000000 9.750110
10927 86.868427 0.000000 7.133201
6101 61.595746 0.000000 72.745200
6103 61.469349 0.000000 66.902193
7133 62.417295 0.000000 69.233205
6283 90.303498 39.858717 0.000000
9312 84.778978 9.745336 0.000000
9313 88.673164 13.105528 0.000000
5544 87.530400 11.118911 0.000000
4618 99.152414 0.000000 33.604399
13303 100.000000 0.000000 35.294118
3031 99.006431 0.000000 38.218682
2574 84.269663 0.000000 100.000000
6267 0.000000 36.280453 46.797424
4903 0.000000 35.637672 44.031716
5181 0.000000 35.368962 47.605976
3174 21.274844 94.383901 100.000000
7496 23.846081 93.545605 100.000000
5912 71.139334 61.353695 100.000000
5165 70.212549 60.368490 100.000000
8070 0.000000 90.626629 24.624290
8069 0.000000 90.347487 31.264102
908 0.000000 91.564563 28.416111
310 40.954123 35.103931 0.000000
12555 9.297774 0.000000 67.824884
12554 9.802119 0.000000 69.729496
12102 9.212081 0.000000 70.724394
7493 91.124728 0.000000 59.644722
8957 91.521417 0.000000 61.198919
10512 91.041306 0.000000 61.757667
3528 34.268394 94.936974 0.000000
9016 32.781562 94.667976 0.000000
3529 31.436288 95.097381 0.000000
92 40.524940 94.339747 0.000000
6834 39.284425 94.772166 0.000000
13272 42.239340 94.739830 0.000000
1397 0.000000 43.085553 42.090680
3556 0.000000 43.313392 43.358470
3675 0.000000 43.628444 41.922798
10698 73.410326 89.449104 100.000000
10697 71.877602 88.657348 100.000000
10885 74.144157 88.755438 100.000000
12210 12.430492 80.064718 0.000000
8570 15.899625 80.488669 0.000000
12209 15.443298 79.589853 0.000000
4877 0.000000 94.697709 55.789545
2820 0.000000 94.725894 48.517233
4878 0.000000 93.793175 52.841534
3709 0.000000 37.167721 27.128883
6369 0.000000 37.584749 25.115755
946 0.000000 36.904268 24.348931
2703 0.000000 5.893276 38.395124
2702 0.000000 5.126905 33.384171
13883 53.589741 22.579497 0.000000
9435 54.045537 20.640606 0.000000
672 27.010196 0.000000 74.216665
6473 27.571282 0.000000 72.816088
6047 96.589672 47.255765 0.000000
6046 93.368638 45.467826 0.000000
12076 93.068304 46.464951 0.000000
3959 95.037167 80.754250 100.000000
12120 92.958616 81.049667 100.000000
9979 28.158562 0.000000 70.526544
6319 28.833729 0.000000 68.252512
3856 100.000000 43.698038 26.109941
13727 100.000000 44.505404 26.047077
5618 100.000000 44.010260 28.709682
4167 86.746659 80.524816 100.000000
4166 89.142549 80.572823 100.000000
4603 88.214641 81.446105 100.000000
3695 29.435445 0.000000 31.959487
6520 77.555131 0.000000 54.324112
6522 77.600415 0.000000 50.576391
12923 0.000000 63.278590 44.057881
2899 0.000000 62.802223 49.329911
2828 0.000000 64.060960 47.395477
4240 25.842697 0.000000 100.000000
17268 24.082895 1.819988 100.000000
17267 23.281439 2.057517 100.000000
1494 89.612169 0.000000 65.676820
10567 89.443457 0.000000 63.482643
8404 89.930407 0.000000 63.896347
12924 100.000000 54.155281 77.095627
13067 100.000000 54.551234 82.300077
13776 100.000000 53.634443 80.819023
11760 36.642442 98.921430 0.000000
8052 34.741834 99.169377 0.000000
6729 37.996425 99.113612 0.000000
3858 33.227235 82.108218 100.000000
249 33.117371 81.285396 100.000000
9360 100.000000 3.235376 95.294329
64 100.000000 4.102071 96.079652
63 100.000000 3.030303 100.000000
13884 88.635381 0.000000 71.755261
9840 89.167857 0.000000 73.806457
13563 88.479683 0.000000 74.619347
2245 78.466240 46.271229 100.000000
2546 100.000000 32.636004 89.883339
10302 100.000000 33.427828 90.262105
11296 100.000000 33.048362 92.814852
3118 92.790297 97.109753 0.000000
16799 96.834619 97.188066 0.000000
6588 77.410005 0.000000 62.208666
5590 77.568725 0.000000 65.805248
1274 100.000000 79.797980 100.000000
17366 98.770621 79.415225 100.000000
11893 100.000000 78.787879 100.000000
1133 3.204884 100.000000 63.065382
1132 6.581638 100.000000 65.894564
8527 0.000000 49.680909 90.839650
9688 0.000000 49.144293 89.379808
13345 0.000000 19.380060 67.845429
12935 0.000000 18.638577 68.611396
13005 0.000000 19.289278 71.827068
2431 25.441406 95.996824 0.000000
2433 26.851490 95.543929 0.000000
9206 24.354382 95.676716 0.000000
10088 0.000000 62.391950 29.326697
13202 0.000000 61.472313 29.286497
8098 0.000000 61.809067 32.972837
1071 100.000000 45.467471 81.858451
13469 100.000000 44.854837 79.940222
17957 100.000000 45.358906 79.732983
1070 100.000000 45.825583 79.471422
17964 100.000000 45.710720 80.760299
3814 5.521785 0.000000 87.932255
3812 5.721685 0.000000 83.988295
3813 6.373383 0.000000 84.231147
6344 75.621512 65.326293 100.000000
2278 13.780777 77.727789 0.000000
6864 9.048550 77.386939 0.000000
8605 84.822689 27.121249 0.000000
8539 86.751570 29.591053 0.000000
8606 87.920063 29.159480 0.000000
5857 53.144693 70.538960 100.000000
5859 51.111153 69.902255 100.000000
2312 68.729734 70.395292 100.000000
2313 71.513302 70.880195 100.000000
2314 69.429292 71.416548 100.000000
5616 100.000000 46.917461 22.254073
3183 100.000000 48.079445 21.754258
2938 6.487583 0.000000 4.254783
16576 5.787503 0.000000 2.400371
4066 91.446538 27.083882 0.000000
53 100.000000 35.633247 41.958282
8933 100.000000 35.199618 39.618989
11566 100.000000 35.938642 39.533710
10035 0.000000 64.571144 34.722016
234 0.000000 63.931879 36.637317
233 0.000000 64.512778 38.584525
12940 79.065678 69.803406 100.000000
12938 81.070974 70.339927 100.000000
12939 79.242725 70.874890 100.000000
5830 100.000000 36.058451 53.709219
6794 100.000000 35.435592 52.296868
6259 100.000000 36.005517 51.255730
7440 22.452941 44.609355 100.000000
13243 24.685534 43.549301 100.000000
6448 24.808428 45.179486 100.000000
6514 8.789936 34.607799 100.000000
13323 8.893323 35.527296 100.000000
7657 6.497911 36.248262 100.000000
10138 31.017784 0.000000 58.487713
3011 31.650894 0.000000 54.186839
3013 32.115177 0.000000 59.755503
3132 37.957914 28.540284 0.000000
6278 35.658829 27.480311 0.000000
9559 10.574765 67.555465 100.000000
6059 100.000000 51.923077 0.000000
17931 100.000000 51.948117 1.610935
17897 100.000000 51.568323 1.698809
4441 100.000000 53.149900 7.014844
17868 100.000000 52.712051 4.695699
17873 100.000000 53.218714 4.552436
2315 100.000000 51.515152 100.000000
8825 100.000000 50.505051 100.000000
7781 100.000000 50.093031 97.292323
5661 0.000000 47.436062 26.103678
327 0.000000 46.773160 28.335257
1808 35.216768 84.400538 0.000000
12786 33.346587 83.631056 0.000000
497 31.111543 84.343457 0.000000
3924 45.762481 96.855587 0.000000
3922 44.576260 96.754844 0.000000
3923 44.329415 96.928686 0.000000
8778 63.677251 0.000000 42.272594
8361 64.810912 0.000000 41.269804
2506 64.566777 0.000000 46.726500
8481 96.455521 15.852709 100.000000
8480 93.929440 13.987051 100.000000
2792 94.119102 13.024755 100.000000
6451 15.451986 0.000000 37.619456
6452 14.572786 0.000000 35.738588
6453 15.181884 0.000000 32.513443
11946 58.862708 87.104385 100.000000
11496 59.148715 88.241104 100.000000
3019 79.982269 66.029766 100.000000
3017 77.727323 66.131565 100.000000
8058 0.000000 95.619997 51.181781
12870 0.000000 42.855498 31.158781
10816 0.000000 42.440529 31.880844
5009 44.085467 91.569289 100.000000
9181 46.993058 91.281565 100.000000
4202 46.484622 92.355095 100.000000
17202 19.320044 0.000000 95.021052
17203 20.013695 0.000000 95.079715
6372 21.348315 0.000000 100.000000
17193 20.679296 0.000000 95.075157
17194 21.484982 0.000000 95.016441
10276 0.000000 43.978001 7.284438
10275 0.000000 43.160364 6.072931
7741 0.000000 43.291783 8.573872
7516 2.762913 66.758921 100.000000
13945 0.000000 67.000000 100.000000
13916 0.000000 66.000000 100.000000
7888 83.753691 83.666785 0.000000
12292 86.817801 84.269071 0.000000
7889 87.785129 83.384410 0.000000
4734 100.000000 33.029368 96.098708
4735 100.000000 32.923731 98.341890
4736 100.000000 32.132775 97.823340
6925 12.356764 100.000000 92.256506
870 100.000000 10.747914 5.230972
868 100.000000 11.904152 6.511106
869 100.000000 11.616550 10.523914
2691 0.000000 54.000000 100.000000
2690 2.818707 54.519811 100.000000
8662 0.000000 55.000000 100.000000
6804 33.822494 80.085994 0.000000
12388 29.702993 80.634237 0.000000
11031 2.290887 0.000000 87.142483
13194 1.447040 0.000000 92.171677
10147 16.200322 39.307937 100.000000
10356 19.388266 38.499059 100.000000
1889 17.486002 40.194454 100.000000
12384 21.274239 74.536037 100.000000
11483 22.823166 73.825095 100.000000
520 100.000000 43.005533 44.355340
805 100.000000 42.612051 43.358106
806 100.000000 43.035695 42.665283
5263 0.000000 62.069247 17.005149
13077 2.084938 35.918676 100.000000
13076 3.582983 34.168065 100.000000
4209 4.641781 34.366717 100.000000
1268 80.802288 0.000000 4.757520
9971 79.787234 0.000000 0.000000
6623 80.851064 0.000000 0.000000
10536 2.980688 68.772121 100.000000
13987 0.000000 69.000000 100.000000
13946 0.000000 68.000000 100.000000
548 25.243376 0.000000 36.404111
10119 24.652534 0.000000 37.056195
8446 24.744764 0.000000 34.522077
8400 100.000000 71.538845 27.766586
8401 100.000000 72.445357 28.367862
12100 0.000000 54.628312 3.556011
1297 0.000000 53.675494 3.076942
10852 4.439876 77.315915 100.000000
13960 2.227593 76.678627 100.000000
8604 4.367829 76.360507 100.000000
4589 100.000000 17.386069 51.757357
11633 97.704338 0.000000 83.155908
2731 0.000000 57.043910 51.987062
3333 0.000000 93.203883 0.000000
1603 0.000000 94.174757 0.000000
6830 97.603659 36.100778 100.000000
6860 97.591002 37.149845 100.000000
7591 95.113157 34.838521 100.000000
3702 100.000000 5.076326 63.118586
3987 100.000000 4.205634 65.283590
3986 100.000000 4.474538 60.582955
6188 0.000000 60.373613 15.195606
3228 0.000000 60.509523 11.666963
708 0.000000 59.703738 13.204889
12478 93.030654 0.000000 10.886507
12872 92.223910 0.000000 10.209059
11817 93.122480 0.000000 7.257792
7191 6.282788 75.923225 100.000000
7011 8.134325 75.335700 100.000000
7192 8.732275 76.393017 100.000000
10531 0.000000 15.351009 70.072813
8225 0.000000 16.100715 69.834984
8216 0.000000 15.590275 66.768855
4766 35.890087 87.488484 100.000000
4179 83.455544 0.000000 77.756233
18031 84.428279 0.000000 77.527673
18032 83.972996 0.000000 80.582465
4181 83.809244 0.000000 85.157650
18034 83.378388 0.000000 81.494783
8405 0.000000 57.127023 14.197031
2613 86.065583 81.891195 100.000000
2933 85.896459 81.144953 100.000000
16849 13.481948 5.689717 0.000000
16393 10.078225 8.775958 0.000000
7717 100.000000 58.793398 9.487938
6768 100.000000 57.768953 13.108587
12647 35.714974 17.620299 100.000000
10982 33.354437 19.695641 100.000000
7395 34.222770 17.185077 100.000000
13911 0.000000 47.598933 71.925508
157 0.000000 47.853351 70.235952
13341 0.000000 47.193622 70.427240
7776 100.000000 25.252525 100.000000
6311 98.035937 24.608995 100.000000
12319 88.912218 0.000000 33.047984
13853 88.508779 0.000000 33.533553
588 68.954792 12.657667 100.000000
12365 69.075768 15.044049 100.000000
11160 3.869308 75.594412 0.000000
3232 3.073405 76.315713 0.000000
9812 6.907802 76.424954 0.000000
1807 37.691314 83.811323 0.000000
7470 54.378127 14.915370 100.000000
11783 54.125940 17.184523 100.000000
9155 52.646809 15.474209 100.000000
7307 100.000000 33.635357 79.386955
11747 100.000000 34.079349 83.185687
8890 48.291357 49.799432 100.000000
11007 50.870037 50.053067 100.000000
8891 49.661624 50.688043 100.000000
3236 77.659574 0.000000 0.000000
9970 78.723404 0.000000 0.000000
17250 78.588233 0.000000 2.605247
7162 29.455836 0.000000 61.039495
7163 30.412628 0.000000 62.424245
6320 29.734793 0.000000 66.306352
1593 5.743466 0.000000 39.902069
10622 6.236559 0.000000 41.946077
5865 5.740813 0.000000 43.842333
9757 55.491413 70.265247 100.000000
5424 55.200078 71.181847 100.000000
3604 35.375045 23.302168 0.000000
11223 33.522448 26.192163 0.000000
338 37.132426 24.747091 0.000000
9113 95.137191 22.136288 100.000000
1393 76.422322 98.871308 0.000000
12425 75.988422 98.240172 0.000000
1394 73.231433 98.461337 0.000000
10784 31.044793 87.643935 100.000000
316 18.085106 0.000000 0.000000
16966 12.416515 5.753667 0.000000
16851 13.730576 4.861627 0.000000
1888 14.395248 41.007739 100.000000
11258 12.661321 42.568709 100.000000
5434 0.000000 45.135654 31.164828
5432 0.000000 45.494345 29.826738
5433 0.000000 44.934010 29.781684
122 0.000000 49.115679 9.132237
124 0.000000 48.563682 11.506915
5223 0.000000 49.451608 11.542893
11574 56.055220 64.792756 0.000000
11762 54.439481 65.504891 0.000000
5757 58.613279 65.627954 0.000000
11272 88.388206 0.000000 37.458190
983 88.466276 0.000000 39.219574
2734 88.023295 0.000000 38.762425
7028 0.000000 23.593064 53.402025
7030 0.000000 24.008221 56.749221
515 0.000000 24.528391 53.493355
12631 15.828954 31.677448 0.000000
17522 18.020780 31.594242 0.000000
13270 20.419970 29.624955 0.000000
6066 81.948916 73.418214 100.000000
3413 84.442378 73.302301 100.000000
10190 22.165946 39.609062 0.000000
3101 16.967276 40.519974 0.000000
8081 19.226468 41.585844 0.000000
8187 63.482815 0.000000 29.975470
9472 64.570012 0.000000 31.726733
8188 64.127259 0.000000 36.265449
11469 0.000000 14.915180 14.818895
10646 0.000000 15.344323 19.224803
11470 0.000000 15.967206 15.803448
10686 100.000000 37.951253 62.146791
2984 100.000000 37.485851 62.871327
13728 34.085049 43.617728 100.000000
8521 0.000000 35.579120 16.952717
1754 0.000000 34.801395 19.089062
3376 0.000000 35.750007 20.309420
2478 0.000000 44.430088 58.554409
6829 0.000000 44.036782 56.558857
2555 14.677198 5.100220 100.000000
13788 10.147692 8.320105 100.000000
1937 13.055129 5.226636 100.000000
13719 69.940486 4.823670 0.000000
3808 72.851260 6.596091 0.000000
7402 69.286207 3.172967 0.000000
11050 10.024829 0.000000 23.608454
1150 10.284075 0.000000 26.892834
8303 9.631619 0.000000 26.032346
12299 35.456429 9.346998 0.000000
5766 31.055926 13.685277 0.000000
7003 34.278425 12.752092 0.000000
13035 0.000000 9.365716 63.793746
4740 0.000000 9.239822 68.861756
11791 6.003254 46.041552 0.000000
11857 5.994095 44.904707 0.000000
17592 3.026149 46.262560 0.000000
9944 0.000000 47.572816 0.000000
17633 3.609015 47.009332 0.000000
17663 3.159605 46.721565 0.000000
11330 93.596542 17.245573 100.000000
1220 94.430922 18.969264 100.000000
5836 91.845156 16.506880 100.000000
11986 39.256376 53.184163 100.000000
8170 37.058052 53.695338 100.000000
10298 9.275328 7.953542 100.000000
8944 12.294127 4.602586 100.000000
11140 0.000000 31.797536 31.678891
6502 0.000000 31.034559 30.063461
2597 0.000000 31.048053 33.450513
2713 7.524590 45.015734 100.000000
7621 3.585545 46.077712 100.000000
13027 0.000000 42.703772 66.180939
13395 25.018047 0.000000 3.044637
3955 25.573673 0.000000 6.805134
8737 24.367459 0.000000 5.606420
12409 50.211207 12.099723 100.000000
11872 50.643893 9.944517 100.000000
11453 0.000000 56.731901 68.570776
13004 0.000000 57.472594 68.534618
5129 0.000000 90.398511 42.502079
2208 0.000000 91.416985 41.286070
11057 0.000000 90.937299 36.041343
7048 5.057272 0.000000 75.725493
2152 4.881620 0.000000 78.523119
2151 4.519983 0.000000 77.054399
5474 0.000000 26.555756 97.469056
9562 0.000000 26.981312 94.795233
5443 0.000000 13.339460 57.544966
2814 0.000000 13.555816 62.289955
7530 0.000000 14.413845 59.894393
1995 13.135063 0.000000 37.853052
6305 12.420132 0.000000 41.356592
6307 12.304448 0.000000 36.137864
13762 77.408001 77.845665 0.000000
10172 71.562762 77.565441 0.000000
11326 72.976080 78.395494 0.000000
436 0.000000 36.318443 26.705192
3375 0.000000 36.009923 23.607966
724 92.707039 0.000000 26.102756
725 92.715124 0.000000 23.707921
726 93.286368 0.000000 24.722642
628 6.239297 5.445074 100.000000
17269 9.402264 3.171976 100.000000
560 7.627111 5.336480 100.000000
629 12.359551 0.000000 100.000000
18118 11.195974 1.369645 100.000000
18120 11.085693 0.929995 100.000000
7244 52.904737 0.000000 82.810504
1990 52.036509 0.000000 88.284618
10772 0.000000 100.000000 53.333333
4629 45.928255 85.234467 0.000000
3606 31.859529 24.684133 0.000000
3734 29.685433 27.588804 0.000000
13283 69.165692 83.407806 0.000000
10044 68.230231 84.100657 0.000000
10046 72.236995 83.896162 0.000000
13266 92.553191 0.000000 0.000000
17523 93.952025 0.901533 0.000000
32 27.803770 71.507144 100.000000
12980 30.317683 71.169074 100.000000
12267 100.000000 45.201956 9.358145
6603 100.000000 44.687319 12.125127
6850 100.000000 44.234066 9.534656
11653 32.889243 42.707139 100.000000
7894 33.160240 41.406368 100.000000
8967 35.600473 42.153849 100.000000
4434 92.376785 74.684954 0.000000
4435 86.545668 74.231532 0.000000
4433 87.243485 75.287368 0.000000
7207 3.327251 0.000000 81.321367
7206 3.801582 0.000000 83.142783
803 3.057960 0.000000 85.854775
6878 14.183551 73.083391 100.000000
12875 15.330171 74.194736 100.000000
9438 12.811096 73.690880 100.000000
9919 0.000000 29.283521 58.874297
13885 0.000000 28.857889 55.419029
4598 0.000000 28.300980 57.989462
7625 0.000000 42.786293 36.481965
3247 0.000000 42.329845 87.573977
6186 0.000000 42.534904 84.289983
5369 16.718536 52.677521 100.000000
11221 19.970709 52.542268 100.000000
924 18.610632 53.773976 100.000000
9371 24.574707 90.111019 0.000000
6876 25.608913 90.893929 0.000000
8603 4.282650 75.567970 100.000000
10058 35.568658 96.188781 0.000000
4146 33.758009 96.089944 0.000000
6273 0.000000 50.993205 49.458359
13629 100.000000 71.488410 62.876973
13693 100.000000 70.914651 66.983492
10896 100.000000 70.578872 59.306078
2550 0.000000 63.496628 28.689759
11950 0.000000 64.531206 30.542711
4678 0.000000 64.564745 25.729708
1736 26.617589 13.549933 100.000000
1734 24.919817 16.477361 100.000000
1735 23.336414 16.342759 100.000000
9139 2.469180 91.664758 0.000000
17593 1.492541 91.082476 0.000000
17594 1.101179 91.662453 0.000000
3645 3.325939 91.037682 0.000000
17619 2.058946 90.576566 0.000000
9905 58.229271 10.622986 100.000000
3764 56.069347 9.667403 100.000000
4466 0.000000 84.712078 7.545345
11677 0.000000 85.729480 8.184940
9741 100.000000 13.516366 75.837027
13641 100.000000 12.502580 77.883846
11716 100.000000 12.615094 73.406949
7869 70.818390 83.889973 100.000000
9608 69.387423 84.682778 100.000000
10413 68.390608 83.787547 100.000000
3638 94.455329 0.000000 12.886472
5655 94.372610 0.000000 16.311135
13718 77.999265 28.760197 0.000000
8212 76.589423 29.598233 0.000000
692 79.329232 30.751011 0.000000
5536 37.247180 19.699660 100.000000
5538 35.528531 19.797922 100.000000
10301 0.000000 38.207939 45.991111
666 0.000000 38.655550 48.213632
13 100.000000 34.501980 3.719086
1764 100.000000 35.574986 3.512988
17676 100.000000 35.322759 5.844455
7936 100.000000 36.108194 7.715645
17677 100.000000 35.978711 5.429850
9830 11.730588 0.000000 30.089985
11183 12.460887 0.000000 29.420412
8872 12.197244 0.000000 32.559051
4870 100.000000 38.567367 15.572829
10170 100.000000 39.220061 15.438189
4868 100.000000 38.880826 17.965966
1043 0.000000 57.000000 100.000000
1045 3.132296 57.801548 100.000000
1509 0.000000 58.000000 100.000000
11145 13.485779 0.000000 20.648643
6862 12.671319 0.000000 19.547632
10377 13.067246 0.000000 14.827403
5662 63.570779 54.616738 100.000000
510 62.979889 53.575653 100.000000
512 65.362703 54.038400 100.000000
5511 90.737294 42.483452 0.000000
5512 87.518426 40.001760 0.000000
1183 83.590603 94.961019 0.000000
2770 79.451515 94.691539 0.000000
5258 81.110577 95.487596 0.000000
7704 40.231718 38.238543 0.000000
12352 37.847437 39.894596 0.000000
7331 42.506552 39.882156 0.000000
4545 100.000000 87.249995 79.088866
448 100.000000 87.826268 69.819933
10890 100.000000 88.177288 80.781825
6009 67.700164 72.025896 100.000000
4546 100.000000 86.992350 68.059703
1017 100.000000 86.371896 76.954466
1016 100.000000 86.217946 64.655043
4940 73.679711 61.746067 100.000000
4581 74.458583 62.727535 100.000000
11103 71.962478 62.335650 100.000000
11600 58.329452 62.158497 0.000000
5198 60.982632 63.137933 0.000000
446 82.831410 24.571762 100.000000
445 79.371200 22.107749 100.000000
10457 46.808511 0.000000 0.000000
1783 46.167592 0.000000 5.447831
9010 100.000000 17.226240 11.908569
504 100.000000 17.585596 8.752148
8783 100.000000 18.124442 12.495559
5719 0.000000 34.622793 15.103240
5885 0.000000 35.614460 13.789557
8375 0.000000 50.159868 84.319042
11731 0.000000 50.019842 84.367944
4455 63.198937 35.786920 100.000000
3685 60.523161 34.283527 100.000000
8425 78.313056 49.510387 100.000000
10683 0.000000 82.257174 92.219270
16492 0.000000 81.580014 96.030976
10682 0.000000 82.000000 100.000000
14052 0.000000 81.000000 100.000000
2769 77.117514 0.000000 75.365603
5238 77.928787 0.000000 75.465681
5237 77.356481 0.000000 79.856563
9861 0.000000 30.649889 14.015492
6773 0.000000 29.989075 11.050072
2847 45.758550 63.322070 100.000000
8345 46.214522 64.654927 100.000000
13967 4.114353 79.706151 100.000000
13256 5.323582 78.976514 100.000000
13446 6.301702 79.879356 100.000000
7673 0.000000 19.619367 76.489480
1359 0.000000 18.894754 80.038937
3027 87.107762 40.102365 100.000000
2945 86.016564 38.650400 100.000000
1504 0.000000 53.373180 72.866344
13190 0.000000 57.147180 34.505578
7707 0.000000 58.127157 33.247286
9060 0.000000 57.511801 30.838823
17127 0.000000 16.734080 97.132801
17128 0.000000 17.393615 97.949956
8971 0.000000 72.709379 68.413594
9717 0.000000 72.066370 71.370364
12405 0.000000 72.892816 73.584359
4032 42.597769 2.910137 0.000000
1675 41.851299 5.699788 0.000000
4033 43.909543 2.826430 0.000000
9461 21.460764 97.071146 100.000000
10603 23.576624 97.885619 100.000000
4046 20.954797 98.132401 100.000000
6475 100.000000 43.044807 72.088965
7762 100.000000 43.226774 73.873865
5979 0.000000 61.161935 8.774977
3229 0.000000 60.142400 8.632178
8141 24.350429 26.642846 0.000000
7713 25.777484 23.678378 0.000000
7712 20.637559 27.172374 0.000000
6849 100.000000 43.475692 7.971437
11881 100.000000 42.669954 9.681519
11069 100.000000 42.684742 6.495311
11837 0.000000 54.936381 75.879909
346 50.880809 48.309106 0.000000
345 45.429680 47.583339 0.000000
12222 47.267214 48.980608 0.000000
4823 89.695810 0.000000 89.973058
1213 88.913760 0.000000 92.575467
5060 88.598643 0.000000 88.165639
7541 90.857475 63.628137 0.000000
11814 90.089435 62.567143 0.000000
9881 85.955806 63.175617 0.000000
16501 0.000000 67.888884 97.799033
16500 0.000000 67.411848 97.661499
16493 0.000000 68.349223 97.636400
12327 0.000000 68.207218 79.297571
13917 0.000000 67.260654 80.559802
13944 0.000000 68.012213 83.788794
1273 100.000000 80.808081 100.000000
1275 100.000000 80.057509 88.633435
2840 100.000000 81.043684 87.428199
8953 82.657501 13.617677 0.000000
13621 85.795283 15.301430 0.000000
9939 87.431840 100.000000 46.671032
8889 86.473060 0.000000 58.280151
11616 86.639347 0.000000 55.917414
4621 87.040751 0.000000 58.064248
11484 0.000000 56.000000 100.000000
16494 0.000000 56.856618 98.508631
14024 0.000000 57.470024 83.219514
14021 0.000000 57.888141 86.754918
14027 0.000000 58.568192 84.308944
11499 77.663706 24.172543 100.000000
618 77.966989 25.876398 100.000000
617 75.307934 23.275314 100.000000
13972 0.000000 85.000000 100.000000
5659 100.000000 52.900048 38.050196
11037 100.000000 52.371721 33.381750
13553 100.000000 53.446364 34.008005
4111 0.000000 72.327982 8.419119
1231 0.000000 72.623932 12.568110
6266 0.000000 73.295674 8.736858
12925 100.000000 53.240023 75.730116
3611 100.000000 53.534779 70.764172
10090 43.592885 52.048850 100.000000
10091 45.721960 51.482899 100.000000
13273 44.097653 54.402307 100.000000
4030 46.130252 53.634121 100.000000
9002 46.767690 54.597337 100.000000
7034 1.153486 92.248376 100.000000
14035 2.178417 91.458920 100.000000
14036 3.141283 92.682834 100.000000
14037 5.075675 92.035262 100.000000
7045 0.000000 10.224780 66.856979
4727 0.000000 11.179416 64.592076
11490 0.000000 10.339008 61.774958
10497 100.000000 35.045165 92.253619
1943 100.000000 35.485696 89.874175
8348 100.000000 36.155882 92.266905
1544 0.000000 45.259618 21.838793
5077 0.000000 45.153361 24.069368
9732 0.000000 45.824879 23.215740
6532 0.000000 76.005374 11.784585
6533 0.000000 75.952457 6.247283
7995 0.000000 75.244666 9.265407
8553 0.000000 59.380298 22.811095
9036 0.000000 60.341680 19.545840
707 0.000000 59.309516 17.837959
12971 24.958892 0.000000 74.969081
9358 24.707521 0.000000 76.988546
10290 24.491597 0.000000 74.068500
2889 0.000000 79.057588 38.584704
10847 0.000000 78.274709 35.918070
8493 40.147058 0.000000 37.385912
12977 52.197243 97.544760 0.000000
5686 53.139299 97.714201 0.000000
5685 53.993311 97.472539 0.000000
11869 0.000000 39.554006 81.741712
5856 0.000000 40.257624 80.426594
11750 0.000000 40.223924 15.198618
1112 0.000000 41.043905 16.479241
3890 0.000000 44.099646 21.387850
3892 0.000000 43.467827 22.176971
1471 73.833430 27.058994 100.000000
1472 73.705576 25.186113 100.000000
1470 75.943161 27.246596 100.000000
9315 0.000000 70.609617 74.978224
4874 0.000000 69.592350 74.264343
9314 0.000000 70.040377 77.794727
7232 69.582793 90.566881 100.000000
10696 70.759314 89.492809 100.000000
14015 0.000000 67.717879 92.505387
14013 0.000000 67.794465 95.898233
14016 0.000000 68.476740 94.968222
4676 61.378684 85.792875 0.000000
835 60.454381 86.571249 0.000000
5211 64.321258 86.425437 0.000000
6598 0.000000 61.016170 75.943262
2853 0.000000 61.854932 75.100948
6599 0.000000 61.111181 72.305727
6083 10.456889 60.819385 100.000000
2358 12.856217 61.567171 100.000000
3096 9.794219 61.804210 100.000000
7938 81.213393 0.000000 69.748279
1319 81.626557 0.000000 66.971188
12241 100.000000 29.996520 24.082232
11082 100.000000 29.203937 23.918075
853 100.000000 29.321450 21.810540
1945 100.000000 36.480230 89.495468
1944 100.000000 35.716039 87.063147
580 7.431332 71.588612 100.000000
13904 8.086185 72.691883 100.000000
118 5.391614 59.513993 100.000000
2517 8.387556 59.099713 100.000000
3772 34.258350 57.423704 0.000000
3773 34.238419 56.112531 0.000000
3771 28.822115 56.638060 0.000000
4192 61.034460 36.125251 0.000000
12359 64.285696 35.484196 0.000000
11072 60.938819 34.109044 0.000000
2365 100.000000 28.317476 38.084510
2366 100.000000 27.595980 36.497714
2367 100.000000 28.207934 35.133586
1815 100.000000 37.656355 82.882380
13902 100.000000 38.308727 82.283641
8762 100.000000 38.389449 84.401341
3911 0.000000 77.292618 84.798189
9682 0.000000 78.210083 87.267377
9681 0.000000 78.092646 82.308663
9142 0.000000 75.303080 78.146132
13441 36.979321 55.696771 100.000000
1154 76.016863 0.000000 35.811201
10073 21.358573 84.942341 100.000000
12602 18.714463 84.360326 100.000000
13545 21.144791 83.865851 100.000000
5967 31.914894 0.000000 0.000000
5966 30.703273 0.000000 3.677975
7155 30.851064 0.000000 0.000000
13894 59.983059 48.051539 0.000000
12398 54.911482 47.516282 0.000000
2140 56.314129 49.240797 0.000000
13315 76.578529 70.112805 100.000000
9658 81.462072 78.714850 0.000000
12252 79.683688 79.690198 0.000000
9659 84.580501 79.521191 0.000000
3135 87.079900 0.000000 22.432288
7421 87.249405 0.000000 25.165326
1044 4.341098 56.919966 100.000000
6724 5.950320 57.623053 100.000000
12941 40.389076 93.481763 100.000000
16568 12.633234 0.000000 5.463841
16578 13.017358 0.000000 4.485196
6868 77.984416 84.764779 100.000000
2990 76.228442 83.938888 100.000000
2992 78.865205 83.930622 100.000000
6118 17.548465 0.000000 41.517356
303 0.000000 59.373024 67.056810
3121 0.000000 58.625239 64.468522
12885 0.000000 58.393128 68.153812
11554 8.763599 36.754390 100.000000
11553 6.036403 38.690054 100.000000
7655 6.404446 37.375881 100.000000
10367 100.000000 37.305225 12.548123
3461 100.000000 36.510652 13.449164
3463 100.000000 36.678592 10.522251
565 0.000000 28.436339 97.100283
6315 100.000000 67.761201 9.616665
17728 100.000000 67.378439 16.797405
11282 12.793975 0.000000 81.535756
11180 13.909712 0.000000 78.979327
7214 13.995396 0.000000 84.382934
8165 39.097903 3.186723 100.000000
13359 41.573034 0.000000 100.000000
7719 39.908377 4.327764 100.000000
1298 0.000000 53.144244 5.561717
6003 0.000000 53.190866 8.444404
1299 0.000000 53.784495 5.598952
13106 78.910470 75.518944 100.000000
13709 76.377711 75.112056 100.000000
9411 78.426866 74.477989 100.000000
11626 0.000000 56.489528 95.704234
14025 0.000000 56.760192 91.571820
9587 0.000000 42.124150 35.337072
13557 0.000000 42.416189 36.236936
12805 0.000000 39.932060 54.354349
7959 0.000000 40.589608 53.399907
7960 0.000000 39.966348 51.775252
1081 0.000000 63.740006 67.614293
3042 0.000000 64.721023 70.064707
1079 0.000000 64.628716 65.229364
728 79.790507 77.155860 100.000000
727 79.444962 76.417555 100.000000
5076 0.000000 44.636659 22.833922
10257 32.663753 90.817066 0.000000
5801 94.144097 0.000000 56.943088
5800 94.628868 0.000000 57.695380
552 94.142500 0.000000 59.451830
3655 10.397926 80.592543 100.000000
3656 10.211234 79.711056 100.000000
3657 11.931669 80.203790 100.000000
10814 74.594248 0.000000 40.009692
6718 75.138753 0.000000 39.129920
12149 75.043657 0.000000 42.959463
2813 37.470725 72.074667 0.000000
10028 60.231675 52.119525 100.000000
6815 58.220493 51.581285 100.000000
10029 59.864977 51.305618 100.000000
13113 80.534333 17.585274 0.000000
86 63.814322 99.597631 0.000000
2178 69.230769 100.000000 0.000000
7903 30.707705 74.491936 0.000000
8003 33.623085 73.785306 0.000000
5964 0.000000 14.035351 26.864740
3726 0.000000 14.752027 30.452210
12794 89.464393 0.000000 10.984117
13277 44.780995 8.230409 0.000000
12822 44.948596 10.849959 0.000000
10429 46.519216 8.206751 0.000000
8143 0.000000 0.539885 26.072604
8145 0.000000 0.616935 33.359801
5579 0.000000 1.266800 27.466294
6935 0.000000 88.893806 63.199308
10782 0.000000 87.707243 66.077259
8626 0.000000 88.597032 69.292374
12473 0.000000 73.049576 49.036734
3918 0.000000 72.544314 43.991747
3917 0.000000 71.716498 48.970600
7112 0.000000 73.052279 4.329062
8759 0.000000 72.815534 0.000000
13355 0.000000 72.057786 4.168549
5960 32.973827 97.348160 0.000000
8287 32.735604 97.614146 0.000000
13627 34.576418 97.481531 0.000000
8893 34.207844 97.717103 0.000000
370 64.216941 76.825143 100.000000
8107 66.833995 76.532351 100.000000
371 66.543101 77.541219 100.000000
7403 29.486667 55.403071 0.000000
10786 29.213672 88.104533 100.000000
12943 28.505053 87.282715 100.000000
8291 18.588887 0.000000 30.748077
5158 17.633332 0.000000 28.031102
5714 18.408851 0.000000 25.856359
9349 0.000000 17.000000 100.000000
6155 0.000000 16.000000 100.000000
17129 0.000000 16.013470 96.459025
12081 6.301339 0.000000 57.339101
9685 0.000000 41.933719 18.195743
1644 58.432749 78.582664 0.000000
2002 53.996178 78.227514 0.000000
11189 19.118720 31.162834 100.000000
3390 100.000000 69.620772 60.063022
9120 100.000000 69.909309 52.615828
6255 9.492858 36.804081 0.000000
6253 7.019720 37.320513 0.000000
6254 6.589344 38.452239 0.000000
12412 0.000000 38.349395 95.905856
13450 100.000000 36.749638 32.867785
2739 100.000000 36.052519 31.660029
12598 100.000000 36.848816 30.654449
5896 0.000000 20.319210 73.077913
4918 0.000000 20.158971 68.871028
12709 82.978723 0.000000 0.000000
12653 83.121187 0.000000 2.762055
2012 81.914894 0.000000 0.000000
220 86.692777 64.265672 100.000000
221 88.450829 63.387351 100.000000
222 89.513942 64.650577 100.000000
144 7.976006 0.000000 36.951357
11752 8.438103 0.000000 35.436471
10292 44.680851 0.000000 0.000000
2556 96.859791 0.000000 2.457955
6168 95.799064 0.000000 3.922554
951 62.419440 17.608206 100.000000
9844 64.622407 18.769248 100.000000
7165 6.063465 0.000000 73.057603
1810 6.528433 0.000000 71.824235
1809 6.419973 0.000000 74.284679
285 0.000000 79.886471 87.075505
4953 0.000000 79.099433 89.665870
14039 0.000000 97.000000 100.000000
3751 0.000000 98.000000 100.000000
16495 0.000000 97.925868 96.607766
10581 21.902988 95.601814 0.000000
9618 19.492959 96.129086 0.000000
8512 22.567170 96.067063 0.000000
3945 0.000000 98.974002 86.737481
3946 0.000000 100.000000 86.666667
3944 0.000000 100.000000 80.000000
2266 100.000000 77.777778 100.000000
17367 98.100743 77.947084 100.000000
17406 98.608687 77.257035 100.000000
11894 95.612326 78.216331 100.000000
17368 97.804051 78.676238 100.000000
13518 0.000000 89.225659 22.300857
8530 0.000000 89.839299 17.395572
2153 4.421242 0.000000 80.541613
4780 3.945990 0.000000 79.004449
2297 0.000000 91.335873 71.769160
2299 0.000000 92.075856 77.035245
1404 0.000000 92.436151 69.500182
13020 92.981156 0.000000 52.648883
10729 92.873987 0.000000 54.927626
2446 92.485545 0.000000 54.064774
3800 100.000000 30.769231 0.000000
17000 100.000000 30.140339 2.035838
4094 100.000000 29.807692 0.000000
2009 76.698629 8.244380 100.000000
705 10.442675 73.779691 100.000000
12244 40.302818 86.966662 100.000000
10951 41.698717 86.186461 100.000000
7201 43.118948 87.104335 100.000000
3126 32.054045 51.485430 0.000000
7109 36.792002 50.890248 0.000000
3127 32.667492 50.165898 0.000000
2079 77.141620 75.311538 0.000000
6886 81.691187 74.777357 0.000000
5893 0.000000 10.946507 29.305472
5892 0.000000 10.715964 25.415251
11642 53.887232 83.040696 100.000000
2231 56.845686 82.921147 100.000000
12073 55.890460 83.761863 100.000000
2265 100.000000 76.767677 100.000000
12156 100.000000 77.322882 90.654487
11051 16.012729 95.821368 100.000000
10013 13.088632 95.483996 100.000000
10233 12.711699 93.490046 100.000000
9188 15.401476 93.195973 100.000000
11456 30.731804 56.654596 100.000000
10485 28.590969 57.475257 100.000000
12501 27.680932 56.399637 100.000000
13170 5.584328 0.000000 56.564652
12175 5.517816 0.000000 59.304921
11348 5.149900 0.000000 57.577362
12843 95.878228 83.882461 0.000000
9891 92.521512 83.016239 0.000000
11786 91.233274 84.079824 0.000000
6555 0.000000 39.365979 44.734480
13033 74.710043 67.319294 100.000000
4913 72.336553 66.518560 100.000000
4912 75.102589 66.309647 100.000000
13176 100.000000 13.632589 9.647339
12239 100.000000 12.630252 10.262669
13144 100.000000 12.786078 6.331838
6569 7.813531 88.296420 100.000000
7068 10.343877 87.972741 100.000000
6570 10.104433 88.924664 100.000000
8729 50.190607 90.925861 100.000000
12535 49.539260 92.082527 100.000000
913 72.878337 0.000000 85.306723
9049 72.998458 0.000000 90.159034
914 72.153525 0.000000 86.943136
7299 43.379933 5.568043 0.000000
3909 0.000000 77.265261 79.572801
5351 11.692396 94.469398 100.000000
7229 0.000000 32.955416 57.466974
7228 0.000000 32.090447 58.452820
11075 0.000000 68.202108 27.190866
2122 82.277115 100.000000 59.010043
2675 0.000000 100.000000 66.666667
6725 6.401888 0.000000 13.915449
7573 6.102099 0.000000 16.234161
7572 5.713338 0.000000 13.725240
9389 50.003690 92.610325 0.000000
8339 53.070894 92.453759 0.000000
8340 50.485930 91.991196 0.000000
9283 0.000000 48.910662 70.130951
8797 0.000000 49.254259 68.952659
13225 0.000000 48.728051 68.619441
8414 0.000000 95.113840 75.362545
8416 0.000000 95.386301 67.709541
10984 0.000000 94.295186 71.136761
11018 86.689768 0.000000 37.284719
3314 86.535811 0.000000 39.801978
11019 86.056886 0.000000 37.820837
7978 35.686874 98.724390 0.000000
3553 34.069344 98.937202 0.000000
5751 58.328108 56.679595 100.000000
5752 57.789152 57.517348 100.000000
5750 56.184192 56.746210 100.000000
523 0.000000 8.504006 60.611029
4702 0.000000 9.514587 58.756708
9712 0.000000 8.717474 55.417015
818 36.801939 0.000000 26.057958
4015 36.185906 0.000000 21.063610
13823 37.303989 0.000000 20.007523
13968 5.112900 80.577393 100.000000
12204 7.022701 80.590198 100.000000
5061 6.662667 81.304279 100.000000
13053 13.041015 70.366828 100.000000
9008 23.849032 55.926100 0.000000
4553 17.548845 56.391773 0.000000
4552 23.035848 57.141229 0.000000
14064 0.000000 86.000000 100.000000
13977 0.000000 85.799719 94.906307
4004 9.063678 94.510940 100.000000
2577 10.396508 95.362749 100.000000
7634 15.906242 15.911650 100.000000
7635 17.467621 15.403744 100.000000
7584 14.273713 18.037905 100.000000
11338 100.000000 14.803791 33.359134
8148 100.000000 15.570265 35.973415
3238 0.000000 92.520479 89.834789
16497 0.000000 92.393867 95.387481
7283 1.550491 100.000000 87.139992
1262 2.209411 100.000000 82.192946
10308 0.000000 100.000000 26.666667
642 4.583287 100.000000 28.457062
4385 0.000000 100.000000 20.000000
9695 10.308393 19.508299 100.000000
13484 100.000000 46.183175 28.302272
8978 100.000000 46.807346 29.287519
10583 0.000000 88.595997 88.598278
4743 0.000000 87.953709 85.521767
4742 0.000000 87.799790 90.519364
12527 0.000000 84.510325 80.659291
12233 0.000000 84.238959 87.443355
10315 0.000000 85.215852 85.263325
12680 0.000000 90.194036 95.462105
12044 0.000000 90.388419 87.443307
1516 100.000000 92.929293 100.000000
11133 97.919755 92.715378 100.000000
10401 100.000000 91.919192 100.000000
6145 37.638377 86.802612 100.000000
11266 100.000000 89.712031 45.993031
3046 100.000000 88.865675 55.502601
13959 0.000000 77.000000 100.000000
13957 0.000000 78.000000 100.000000
13956 0.000000 76.989183 96.281880
13958 2.253459 77.650547 100.000000
12379 1.797103 94.383346 100.000000
13861 0.000000 52.231975 87.671921
11737 0.000000 51.334180 89.356668
8029 0.000000 52.043361 91.082746
11347 5.108238 0.000000 60.615713
13787 4.688458 0.000000 62.246487
5951 4.708616 0.000000 58.954925
12993 0.000000 66.635574 77.960849
12994 0.000000 66.333641 81.228801
5855 0.000000 41.158224 78.604862
4841 0.000000 28.411063 34.548438
4842 0.000000 28.253283 37.831364
4843 0.000000 29.134970 36.840171
3418 69.117451 0.000000 47.845291
3419 69.257616 0.000000 43.799836
3417 69.868597 0.000000 46.783605
7522 88.791805 98.651723 100.000000
7367 28.908248 0.000000 19.737822
6568 7.611484 89.183606 100.000000
10181 5.374115 88.589720 100.000000
11889 5.509971 74.949651 100.000000
7568 100.000000 14.171504 72.038634
9740 100.000000 14.611024 76.112919
2911 61.889118 8.568047 0.000000
9593 64.257874 12.334484 0.000000
9594 64.727361 10.216154 0.000000
2268 21.221031 42.678876 100.000000
7159 0.000000 68.990410 82.716965
6339 70.390662 0.000000 8.302843
640 70.479417 0.000000 3.494207
3230 71.255397 0.000000 7.345120
4054 43.321002 0.000000 80.957987
2918 43.350161 0.000000 73.654993
3537 44.324782 0.000000 78.689131
13754 39.025376 56.264069 100.000000
13966 3.372786 80.313374 100.000000
13965 2.006280 79.742244 100.000000
12308 0.000000 52.073448 83.896203
11895 0.000000 51.257849 84.282761
17942 0.000000 51.700541 85.648299
12307 0.000000 51.238894 86.742309
13943 0.000000 68.803976 87.159675
3981 0.000000 69.779512 86.137240
6869 75.269561 84.789745 100.000000
10248 77.108943 85.632593 100.000000
3849 74.332994 85.667358 100.000000
10463 72.766145 63.307521 100.000000
10219 0.000000 66.398411 74.054233
1656 0.000000 65.813541 77.652416
6361 100.000000 34.063206 54.070716
9690 100.000000 33.994275 57.036562
9689 100.000000 33.172965 54.934551
2518 5.742794 58.468129 100.000000
2516 8.835414 57.972328 100.000000
894 79.601912 90.134042 0.000000
3220 82.099999 89.464719 0.000000
13983 0.000000 69.596363 90.644507
13982 0.000000 70.558527 89.737179
937 0.000000 52.515600 93.591877
13708 0.000000 53.526413 95.065765
2013 87.889923 5.786821 0.000000
9140 87.003573 5.944224 0.000000
9931 91.522076 9.821948 0.000000
18009 0.000000 50.572438 83.944216
18013 0.000000 50.648060 84.753107
11969 0.000000 50.486853 85.183855
18028 0.000000 50.658256 85.226689
9404 96.530065 0.000000 53.704535
9403 95.855627 0.000000 52.088213
13261 100.000000 59.781380 25.054983
6367 100.000000 37.553658 40.693322
13314 100.000000 36.795639 39.487560
6368 100.000000 37.477072 38.224007
5295 31.869752 36.278149 100.000000
5293 29.819818 37.975849 100.000000
5294 29.630481 36.498927 100.000000
11059 0.000000 46.401100 81.735632
7961 0.000000 47.340327 80.964709
1531 0.000000 46.784695 78.347392
14069 2.764897 86.343381 100.000000
13975 5.538535 85.758330 100.000000
6791 100.000000 31.422373 72.384395
5699 100.000000 32.068392 74.777112
11379 64.448214 0.000000 52.713904
2505 65.335652 0.000000 50.167177
6766 65.401705 0.000000 54.918194
13474 75.237114 93.955008 100.000000
10277 78.173551 94.170548 100.000000
3867 0.000000 62.037947 71.090468
9077 0.000000 62.901476 69.712630
3868 0.000000 62.233500 67.868811
13326 35.734089 64.130209 100.000000
13662 34.208616 63.487454 100.000000
11427 0.000000 81.553398 0.000000
3355 0.000000 80.582524 0.000000
6006 0.000000 80.822040 2.898594
9374 0.000000 94.560525 63.369083
4100 73.198849 8.060505 0.000000
13511 2.468545 29.447843 100.000000
8531 74.462524 70.396271 0.000000
10027 74.489642 71.279600 0.000000
55 79.229750 70.940214 0.000000
2291 18.633399 62.141220 100.000000
9849 19.404861 61.056255 100.000000
12848 21.731512 61.843685 100.000000
10241 37.774898 73.843298 100.000000
961 35.319070 72.906154 100.000000
3188 69.247836 0.000000 82.286053
7856 68.534320 0.000000 86.934808
4503 68.114498 0.000000 81.176351
1285 25.788265 0.000000 75.760784
4812 26.285122 0.000000 76.739905
3753 100.000000 14.762613 16.579872
5540 100.000000 14.095443 17.247023
10541 99.269611 0.000000 24.366660
4299 0.000000 27.539629 83.497114
4991 0.000000 27.359797 79.853255
9763 0.000000 26.505809 82.602195
12754 31.720929 0.000000 92.902045
6138 31.012964 0.000000 86.688258
7536 32.396223 0.000000 88.392169
8195 0.000000 20.000000 100.000000
877 0.000000 19.000000 100.000000
12515 2.364512 17.990099 100.000000
8713 0.000000 49.972362 83.982666
2284 0.000000 49.880692 84.257786
1959 67.878574 58.316815 100.000000
1960 64.794751 57.959937 100.000000
1958 66.879436 57.249343 100.000000
8023 89.530059 0.000000 41.903227
7946 88.960938 0.000000 41.729958
8022 89.329561 0.000000 39.965453
9100 0.000000 50.439337 72.627885
9099 0.000000 50.958053 73.714144
3669 0.000000 51.008396 71.475761
11853 100.000000 38.081846 94.185182
12890 100.000000 38.897623 94.164275
12893 100.000000 38.805381 96.031330
2303 36.832919 89.798817 100.000000
12595 100.000000 62.970443 81.153552
7419 100.000000 63.765222 78.426208
4754 100.000000 63.477534 86.162039
2656 90.744241 54.226216 100.000000
2162 88.258280 54.778418 100.000000
17369 88.399101 53.637242 100.000000
11027 51.349610 13.762864 100.000000
9157 50.841073 15.944955 100.000000
6528 0.000000 33.652688 63.029405
6527 0.000000 34.508697 62.084420
1186 0.000000 33.846310 59.258070
13751 0.000000 43.726484 88.125609
5727 0.000000 43.152816 86.485230
11870 100.000000 63.461538 0.000000
17860 100.000000 63.057380 4.882537
17876 100.000000 62.774685 3.172164
11218 0.000000 26.557894 78.975473
12336 0.000000 27.141783 75.787260
8230 100.000000 66.981476 65.331594
2631 100.000000 65.678876 63.740788
7500 100.000000 66.621652 55.509268
5412 0.000000 26.933200 42.277014
4283 0.000000 27.827071 45.102017
5410 0.000000 28.016366 41.288974
9526 44.243853 17.332126 100.000000
5989 42.960025 16.046217 100.000000
5311 100.000000 75.000000 0.000000
6245 95.796745 74.161360 0.000000
7586 100.000000 16.185145 86.991136
13676 100.000000 15.898424 82.342413
7542 100.000000 16.740857 83.781298
3377 100.000000 42.902145 70.188706
2023 0.000000 50.019498 86.806551
2024 0.000000 50.137814 87.787504
2025 0.000000 50.256464 86.862822
3235 79.968121 2.687602 0.000000
12936 81.173568 2.832412 0.000000
8295 88.791700 61.389727 0.000000
12146 94.798518 61.996595 0.000000
2963 94.674549 60.942849 0.000000
12183 90.249921 0.000000 19.547571
13112 100.000000 42.994195 25.756198
11142 100.000000 13.543011 4.953574
17003 100.000000 12.834055 3.344275
17004 100.000000 13.168777 2.163897
2306 91.296869 0.000000 55.169197
12291 91.187405 0.000000 57.387246
2307 90.705932 0.000000 55.720350
4124 4.749089 62.772948 100.000000
3115 0.000000 24.554023 66.996277
8669 0.000000 24.536688 63.473553
11527 0.000000 23.797762 65.362185
9926 0.000000 49.754056 84.558768
9794 0.000000 49.586669 84.872830
2094 73.637852 87.692594 0.000000
3305 75.143452 86.938320 0.000000
6584 71.026155 86.999588 0.000000
11902 83.853709 0.000000 70.414031
11569 86.372610 87.925257 100.000000
11570 85.783301 88.643706 100.000000
2057 0.000000 43.638565 17.174404
9932 0.000000 44.219416 19.108490
5503 92.273440 0.000000 65.289090
1161 92.888477 0.000000 64.331764
9092 92.860833 0.000000 67.026247
12071 34.999697 88.079088 0.000000
9557 12.127329 51.438943 100.000000
12302 15.320108 50.438933 100.000000
12866 15.592883 51.599933 100.000000
5275 35.061398 62.512779 100.000000
1761 35.824431 61.376433 100.000000
5276 38.590987 62.381747 100.000000
9414 0.000000 28.985530 12.445771
9415 0.000000 29.790192 14.486222
4906 100.000000 19.346227 79.470168
4992 100.000000 18.438670 81.031304
4993 100.000000 18.620874 76.997165
10813 74.027886 0.000000 38.749653
11408 74.558607 0.000000 37.107133
7399 69.519989 0.000000 64.675596
10795 69.652724 0.000000 68.459824
10341 68.927492 0.000000 67.043598
7213 0.000000 50.307023 82.804986
17943 0.000000 50.450774 82.605959
17945 0.000000 50.324777 82.413754
7189 0.000000 40.477822 30.253433
4712 0.000000 41.062122 31.749866
3203 100.000000 66.159591 91.529510
13933 100.000000 65.656566 100.000000
13174 87.658306 0.000000 32.459242
13265 88.016510 0.000000 34.109137
9192 87.464456 0.000000 34.569395
8838 100.000000 47.715920 40.567105
8836 100.000000 47.273004 37.485706
315 0.000000 17.475728 0.000000
6547 0.000000 18.091684 3.407722
1027 64.976145 22.563466 100.000000
5978 63.937936 24.002219 100.000000
1329 62.670927 21.677854 100.000000
13222 59.027721 58.570201 0.000000
11910 64.372216 58.126015 0.000000
13998 100.000000 45.201611 23.823815
8473 100.000000 44.466439 22.884348
884 100.000000 44.953357 20.698814
6668 33.574806 11.707746 100.000000
9882 31.491629 14.637933 100.000000
1007 0.000000 9.661822 4.138695
8580 0.000000 8.677065 4.616749
10788 100.000000 29.918763 90.184771
11636 100.000000 30.882499 91.241951
4933 100.000000 29.995788 93.667654
10056 9.757456 0.000000 45.800380
10055 9.656824 0.000000 42.173676
10672 10.155574 0.000000 43.574675
1390 100.000000 21.314371 89.275036
10304 100.000000 22.084647 86.294222
11745 100.000000 90.831648 72.832040
12704 0.000000 14.520617 10.608501
11468 0.000000 15.491647 11.658552
2986 0.000000 15.065607 8.512393
10808 100.000000 63.041147 27.069069
11392 100.000000 62.361135 23.442594
1287 25.789404 0.000000 73.430857
3356 25.386157 0.000000 71.779870
3426 25.869553 0.000000 71.118463
10645 95.759511 0.000000 19.905927
6277 64.642983 76.337904 0.000000
9001 68.238273 75.632043 0.000000
9170 44.736739 68.184545 100.000000
5664 61.780877 55.143846 100.000000
10851 61.265832 54.137721 100.000000
11840 24.513403 0.000000 61.480553
12578 10.217793 70.129357 0.000000
10214 15.769848 69.658008 0.000000
10216 10.405000 68.961992 0.000000
4504 68.844045 0.000000 77.611234
9627 76.384236 26.170683 0.000000
8922 74.350117 26.784837 0.000000
10600 49.628281 0.000000 4.819798
11020 50.000000 0.000000 0.000000
11021 50.413228 0.000000 5.752580
8191 17.912449 65.767069 100.000000
1859 17.255521 64.972547 100.000000
1858 20.020851 65.053130 100.000000
9257 81.234467 2.306237 100.000000
7534 96.215731 88.767326 0.000000
7533 92.949263 88.998741 0.000000
7164 95.720800 89.598607 0.000000
6536 93.180156 45.410584 100.000000
9508 91.080507 43.809768 100.000000
13813 93.778856 44.553201 100.000000
2352 43.617021 0.000000 0.000000
2353 42.880560 0.000000 5.330360
13364 100.000000 69.706897 25.565934
17738 100.000000 70.138630 19.210945
7386 100.000000 70.620305 26.083142
8959 100.000000 69.636128 12.033963
17739 100.000000 69.483466 19.533373
939 64.480042 50.718487 0.000000
2139 60.183695 50.674385 0.000000
2168 64.011313 51.786564 0.000000
9680 0.000000 78.953118 84.496869
4723 100.000000 0.393588 43.023365
4989 100.000000 0.000000 47.058824
4724 100.000000 0.000000 41.176471
11897 0.000000 37.260361 45.783168
5733 0.000000 36.525545 44.074489
8369 84.377426 0.000000 43.578711
10421 84.480575 0.000000 40.175071
10420 85.099516 0.000000 41.974300
6537 95.145465 46.925193 100.000000
8824 97.157502 48.534394 100.000000
4688 94.152351 47.483215 100.000000
368 100.000000 98.530657 16.147065
366 100.000000 98.288210 36.056973
5289 75.335779 54.020896 100.000000
4133 77.788091 54.830116 100.000000
1723 75.277709 55.005943 100.000000
6025 0.000000 55.592939 58.773322
11476 0.000000 55.102038 55.899292
6026 0.000000 54.685520 58.855637
12536 100.000000 3.839381 70.952182
9711 100.000000 3.327414 66.882022
9590 68.370905 0.000000 69.689902
13403 0.000000 36.483725 64.156457
2112 0.000000 36.215004 61.444371
9093 0.000000 35.800043 63.680240
2195 0.000000 50.485437 0.000000
17596 3.956787 49.832797 0.000000
17614 2.523998 49.571769 0.000000
4158 100.000000 4.791709 68.917375
11826 70.731686 97.388832 100.000000
1380 68.848756 97.759079 100.000000
10878 67.475201 96.784849 100.000000
2561 0.000000 17.207058 36.521597
11665 0.000000 16.809955 40.670082
10626 81.625384 24.826356 0.000000
8506 77.749101 21.726057 0.000000
8365 40.920068 0.000000 7.152833
11592 40.352871 0.000000 13.987396
4023 39.818490 0.000000 6.932878
1665 83.449765 78.658448 100.000000
13637 85.397760 78.186165 100.000000
12785 86.314518 78.926807 100.000000
4337 67.992389 43.375349 100.000000
4335 65.964084 43.320938 100.000000
4336 65.866365 41.997245 100.000000
8006 50.268204 57.689905 100.000000
8948 51.254210 56.814941 100.000000
5926 52.901464 57.813819 100.000000
4931 39.165515 0.000000 13.681995
3549 39.699554 0.000000 20.833276
5283 16.117591 81.650366 100.000000
7752 71.348676 25.984248 0.000000
2648 70.778687 27.218230 0.000000
7751 73.386280 28.304730 0.000000
7056 0.000000 59.425497 50.801465
7055 0.000000 58.611767 49.787194
7930 0.000000 58.803864 52.770086
3881 33.082046 0.000000 29.902455
10909 33.791403 0.000000 25.597134
10910 34.123822 0.000000 30.870671
2037 39.382483 81.473566 0.000000
5649 100.000000 8.889861 12.269202
965 100.000000 9.070160 16.950576
964 100.000000 8.170266 14.349762
9933 0.000000 60.315427 48.573154
2444 0.000000 59.309513 47.166069
9433 63.121551 69.635136 100.000000
1561 60.342726 69.257878 100.000000
1560 62.290714 68.584132 100.000000
5067 73.205987 0.000000 31.083292
10916 72.671166 0.000000 30.447284
808 72.938490 0.000000 28.070486
3234 0.000000 76.699029 0.000000
10204 4.589914 77.132017 0.000000
7292 0.000000 44.536449 87.211503
878 0.000000 18.531939 93.231113
66 0.000000 16.025124 36.505743
1014 0.000000 15.635775 31.496650
1015 0.000000 14.927461 34.494353
4451 2.684941 49.608407 100.000000
5765 29.751093 12.355356 0.000000
5764 33.781078 9.032172 0.000000
13250 33.158816 7.699019 0.000000
8732 0.000000 44.737646 3.626715
2311 0.000000 43.746944 2.132803
2310 0.000000 43.851180 4.713758
7878 95.130472 99.078782 0.000000
12989 100.000000 100.000000 0.000000
16804 97.526936 98.954622 0.000000
12404 4.774832 0.000000 68.101519
12669 4.365519 0.000000 70.697867
13930 4.411731 0.000000 67.342187
6974 0.000000 66.193440 67.054767
7138 0.000000 66.553979 70.214638
7139 0.000000 67.096554 67.671491
10903 58.592166 5.428443 100.000000
11913 57.664640 5.832037 100.000000
4832 57.185008 3.013500 100.000000
8596 22.683919 0.000000 69.173020
9121 22.164677 0.000000 71.514851
8597 21.938816 0.000000 67.379563
5734 0.000000 36.311040 41.404998
11898 0.000000 37.138200 42.355137
834 57.159318 86.884784 0.000000
1552 54.421002 87.333266 0.000000
5608 57.895850 87.604091 0.000000
3319 100.000000 44.591159 51.168829
3320 100.000000 44.173358 48.981673
3321 100.000000 44.824766 49.007218
6363 41.753356 39.569766 100.000000
12353 39.695178 39.992627 100.000000
11967 40.087455 0.000000 92.360015
12457 38.813681 0.000000 89.454350
3120 0.000000 58.017810 62.605077
3119 0.000000 58.671941 60.718466
6553 74.489261 17.969055 0.000000
4201 77.534286 19.613802 0.000000
3617 0.000000 12.977422 91.458310
3618 0.000000 12.485792 93.930662
3619 0.000000 13.342463 94.826101
10120 13.495874 0.000000 42.699635
6712 13.883937 0.000000 47.466942
6711 12.942992 0.000000 46.489129
9214 0.000000 29.774905 80.107632
1452 0.000000 29.761291 76.554083
7092 0.000000 28.988167 78.629098
7126 0.000000 87.058331 59.937410
7125 0.000000 87.486297 53.494454
8383 0.000000 86.508718 55.098288
10953 38.635575 48.722816 100.000000
534 38.799058 49.881892 100.000000
1954 0.000000 22.110382 31.609560
12809 0.000000 21.376273 28.911588
10177 0.000000 21.156824 32.953463
10113 27.104089 0.000000 7.539812
5976 80.705306 75.101715 100.000000
17148 0.000000 36.710628 97.779746
17149 0.000000 37.197360 97.854099
4461 0.000000 47.493575 44.939536
13643 0.000000 48.161324 46.394614
4459 0.000000 48.160934 43.535615
2582 100.000000 63.910739 23.145726
5776 100.000000 49.108148 13.851751
7726 100.000000 97.979798 100.000000
17079 100.000000 97.666548 90.437952
17005 100.000000 98.400108 89.204401
5243 100.000000 98.913614 78.288798
17038 100.000000 99.020341 89.883178
3043 0.000000 65.764714 70.421683
3044 0.000000 65.388764 67.191716
3200 39.863169 98.212319 100.000000
3201 38.818870 99.048681 100.000000
1083 37.130932 98.131836 100.000000
8997 0.000000 50.440009 86.154526
18017 0.000000 50.641501 85.658285
18015 0.000000 50.765777 86.414845
18016 0.000000 50.864423 87.172011
5524 62.588426 0.000000 41.353242
3847 61.656297 0.000000 41.530198
3846 62.000330 0.000000 36.659058
11473 46.710352 2.097267 100.000000
8750 45.389316 2.568633 100.000000
5694 87.764542 0.000000 20.917107
5695 88.445230 0.000000 19.907087
5696 88.335862 0.000000 22.391413
12590 8.659008 0.000000 30.221866
11141 0.000000 23.262888 49.850133
5052 0.000000 23.005663 46.048098
5054 0.000000 22.251578 48.924944
13910 95.356385 0.000000 53.413707
4656 95.298264 0.000000 50.822869
12060 0.000000 54.592196 50.451572
11475 0.000000 55.322991 52.498186
10331 0.000000 55.430611 49.014529
3219 77.873885 89.324025 0.000000
12362 0.000000 53.175057 53.744194
6959 0.000000 53.779474 52.076028
235 0.000000 75.688457 68.654697
1286 25.359723 0.000000 74.246993
3357 24.924076 0.000000 72.708238
12157 0.000000 11.395702 88.368383
12158 0.000000 11.369362 83.686793
5065 0.000000 10.405757 85.901592
2543 43.018011 6.202463 100.000000
13198 41.374354 7.331031 100.000000
2544 42.311845 4.559957 100.000000
8108 69.089440 77.280300 100.000000
544 69.785080 76.195725 100.000000
12311 37.550018 0.000000 85.127646
13155 36.517518 0.000000 88.186628
9479 36.219499 0.000000 80.137348
5650 100.000000 8.851837 7.835262
17007 100.000000 8.221555 4.929438
17006 100.000000 8.699807 3.732121
12638 100.000000 9.617774 6.391110
17061 100.000000 9.161524 3.236916
17017 100.000000 9.674670 2.824432
2071 52.612321 7.149000 100.000000
5942 51.084901 7.745716 100.000000
8 0.000000 25.270703 42.133199
7 0.000000 26.033193 41.243735
8124 60.162062 85.105589 100.000000
8943 62.014278 84.112982 100.000000
8942 63.865994 85.331473 100.000000
4191 57.258349 36.530087 0.000000
6937 54.307812 34.740173 0.000000
13899 53.054515 36.780265 0.000000
3467 0.000000 49.624584 81.935011
3416 0.000000 49.417861 80.956141
3415 0.000000 49.355874 82.155812
3865 96.763641 98.136910 100.000000
3866 95.007005 98.894108 100.000000
3864 94.006273 97.876960 100.000000
12013 100.000000 15.665064 32.091480
2136 9.890565 15.519437 100.000000
2135 11.410598 13.519838 100.000000
6226 0.000000 1.856523 89.121207
3498 0.000000 1.866332 83.454795
13457 0.000000 0.884196 86.834859
12929 34.552033 63.393771 0.000000
12568 29.151224 62.812551 0.000000
6354 100.000000 0.000000 17.647059
1738 95.182541 100.000000 57.058646
1737 97.185562 100.000000 75.919916
6078 97.899132 100.000000 58.218677
9354 0.000000 59.267980 3.409785
2165 0.000000 58.406423 6.263978
3391 100.000000 9.615385 0.000000
3393 96.953701 6.512618 0.000000
9210 96.762911 7.251777 0.000000
10722 55.147189 91.620076 100.000000
13301 89.947226 50.817826 100.000000
7474 87.450669 50.739461 100.000000
11615 87.795411 49.629616 100.000000
7744 31.493600 74.079941 100.000000
10741 30.865257 74.897776 100.000000
308 37.162531 35.266935 0.000000
8294 33.250566 35.631583 0.000000
4431 34.880517 37.054642 0.000000
4835 64.033190 63.720794 100.000000
4834 62.295428 64.478342 100.000000
9631 61.299371 63.353201 100.000000
11384 73.882682 29.259870 100.000000
9686 76.343240 29.164517 100.000000
9460 0.000000 15.473239 45.661385
11610 0.000000 14.537660 46.607332
5329 0.000000 15.226810 49.555347
11514 89.740304 100.000000 83.067344
17457 88.696240 100.000000 90.293079
17468 90.103643 100.000000 90.543788
17453 91.353027 100.000000 88.814728
17454 92.595537 100.000000 93.903203
5833 85.157700 23.404467 100.000000
7099 84.665279 21.185163 100.000000
5834 87.789694 24.501868 100.000000
4648 100.000000 39.329297 65.023525
496 29.661430 85.141708 0.000000
4173 33.241402 84.924444 0.000000
1347 9.654553 5.840853 100.000000
17271 12.392537 3.641623 100.000000
17273 11.687804 3.618042 100.000000
13401 83.291892 37.535134 0.000000
13369 66.430641 59.118904 100.000000
7661 100.000000 16.333615 95.641732
7327 100.000000 16.680780 91.273223
12396 100.000000 17.142141 94.833155
8048 24.639753 38.480047 100.000000
11022 22.058955 39.737408 100.000000
1949 100.000000 54.977413 37.546618
6628 0.000000 50.785941 84.102570
11896 0.000000 50.856611 85.311510
13723 0.000000 52.952719 91.237211
11559 74.342618 0.000000 58.732248
5056 74.724897 0.000000 54.922960
10062 75.144774 0.000000 59.277995
5453 2.555113 0.000000 73.280017
2532 2.138283 0.000000 70.925781
7784 2.684026 0.000000 68.654311
12234 0.000000 31.210644 36.797135
2599 0.000000 30.183296 35.811960
13632 0.000000 30.648738 39.348848
5937 24.317124 100.000000 18.081784
17429 21.782204 100.000000 8.864604
17428 19.916551 100.000000 10.806452
1466 0.000000 21.785300 83.088821
762 0.000000 20.750065 84.625468
3310 93.513427 0.000000 75.727363
13299 93.159765 0.000000 79.362166
6095 92.847712 0.000000 75.954997
5376 84.721268 59.421741 0.000000
10206 90.135883 59.219459 0.000000
4826 85.837632 58.391200 0.000000
1547 84.911346 0.000000 35.512360
10435 85.357570 0.000000 38.218709
18051 84.699654 0.000000 37.845452
6659 0.000000 44.069999 9.828981
4076 0.000000 38.685831 17.698248
10069 0.000000 38.006064 16.748200
3893 0.000000 38.221263 19.597426
11707 0.000000 89.335985 43.512416
8452 0.000000 88.313184 43.621006
9531 16.415826 75.865967 100.000000
11983 17.251790 75.159578 100.000000
7389 18.594972 76.047044 100.000000
12830 28.522460 0.000000 9.617058
10112 28.501662 0.000000 5.263599
9141 0.000000 6.692409 95.006030
9510 0.000000 6.000000 100.000000
1355 24.664073 68.081377 100.000000
5595 21.854261 68.169580 100.000000
9270 22.738576 67.254501 100.000000
6542 33.425213 89.336471 0.000000
13133 59.623143 75.306351 100.000000
3835 61.915480 76.088362 100.000000
3837 59.228831 76.345627 100.000000
2947 48.091499 44.424792 100.000000
5218 45.751196 43.604018 100.000000
9230 48.323432 42.911899 100.000000
1716 0.000000 19.008030 3.198494
2486 100.000000 48.659646 68.166828
2487 100.000000 48.191499 69.985793
12617 57.042891 29.552353 100.000000
3594 55.173898 29.738754 100.000000
2346 55.842438 28.127471 100.000000
4902 0.000000 34.848824 42.499729
12135 0.000000 34.683987 45.371913
4474 52.813840 62.061529 0.000000
2343 48.205652 61.967143 0.000000
8275 49.577243 62.953840 0.000000
10922 56.257917 47.422145 100.000000
3222 43.941001 99.757023 0.000000
9890 39.116140 99.798290 0.000000
3223 42.307692 100.000000 0.000000
8983 0.000000 34.772974 77.199919
5261 0.000000 62.867340 17.702710
11144 0.000000 63.655128 18.986578
13492 0.000000 63.574054 14.859217
13063 89.933718 73.707689 100.000000
7178 88.100266 74.262478 100.000000
7953 87.212425 73.259592 100.000000
8772 23.268283 0.000000 32.858020
1382 22.690818 0.000000 30.855448
8773 23.251042 0.000000 30.020010
8498 82.179496 71.103088 100.000000
1978 100.000000 38.752914 26.152322
2673 100.000000 39.073755 24.219007
7372 88.651945 0.000000 52.058639
8517 88.920693 0.000000 53.763843
13923 88.463430 0.000000 54.291591
2451 100.000000 38.379914 27.554567
9159 100.000000 37.789797 27.662823
1976 100.000000 38.097910 25.549907
11959 79.892835 95.255607 100.000000
2961 40.473557 95.230980 0.000000
784 81.670869 13.638023 100.000000
13576 44.399285 98.186461 0.000000
12378 45.604692 98.367508 0.000000
9784 0.000000 38.856704 31.734462
9783 0.000000 39.699173 31.138721
6211 0.000000 39.162894 29.047171
11512 87.261498 100.000000 79.004663
1502 0.000000 53.716034 76.568716
7984 30.823503 70.523607 0.000000
7985 35.933032 70.366572 0.000000
12475 86.131548 2.083807 100.000000
12476 87.292139 2.324667 100.000000
13908 100.000000 36.985128 8.239825
17672 100.000000 37.258903 6.178725
17678 100.000000 37.892175 6.009851
9276 100.000000 38.543537 6.580890
11262 4.344769 0.000000 23.853512
10706 4.242350 0.000000 26.423747
13748 3.821355 0.000000 23.831768
8158 69.288362 58.874075 0.000000
1868 74.428727 58.642514 0.000000
1742 69.767898 57.730805 0.000000
13997 100.000000 46.061783 24.881446
4010 0.000000 10.605702 17.714509
1659 80.808968 0.000000 30.962339
8526 80.479582 0.000000 34.269128
1837 0.000000 66.606828 21.414484
12498 92.829132 53.687305 100.000000
10864 90.712850 52.122404 100.000000
7242 95.655936 53.149431 100.000000
8789 100.000000 13.983466 25.687264
8787 100.000000 14.873834 28.888497
13868 7.202539 0.000000 45.656347
5247 0.000000 45.540305 33.890905
9579 0.000000 45.061240 32.825925
9578 0.000000 45.009072 34.775256
93 41.497952 93.881095 0.000000
3704 43.557017 94.247603 0.000000
8128 0.000000 37.942985 27.124036
1568 0.000000 38.251601 24.684699
3940 36.606448 0.000000 39.190684
3939 36.380499 0.000000 32.419056
8427 0.000000 30.629074 45.321612
10371 0.000000 30.216000 42.144901
4269 0.000000 29.726685 44.571081
11541 67.907504 27.223680 100.000000
7076 66.732024 28.587950 100.000000
13172 65.302035 26.319860 100.000000
5918 0.000000 50.508273 89.680863
5917 0.000000 50.553223 87.450433
1281 74.651959 0.000000 69.074429
5328 0.000000 15.915837 52.116808
6439 0.000000 16.766063 54.895667
3109 0.000000 74.289677 9.833781
6071 0.000000 74.030290 4.649848
11900 0.000000 12.887698 39.604214
7596 0.000000 12.997956 34.326460
10338 0.000000 12.030119 36.197741
11701 89.089108 0.000000 18.963028
5971 89.169217 0.000000 16.383177
5970 89.753307 0.000000 17.917391
4857 11.532092 0.000000 66.331761
7217 10.902123 0.000000 66.248399
11188 11.095932 0.000000 63.376793
865 58.991708 82.343433 0.000000
867 55.853215 82.876536 0.000000
13513 59.318582 83.049833 0.000000
1266 100.000000 28.095177 74.289365
9880 100.000000 27.270597 71.060322
1221 0.000000 43.780808 46.399919
1223 0.000000 43.740220 43.998085
2463 0.000000 43.240638 45.048198
1537 33.741462 64.379187 100.000000
6973 0.000000 65.635925 63.188058
9305 0.000000 60.342869 65.334959
5869 0.000000 59.505505 62.867849
12763 71.223524 0.000000 59.403517
4745 71.404415 0.000000 56.102466
4744 71.883201 0.000000 58.539277
2510 86.167051 0.000000 74.094393
18036 85.748307 0.000000 72.020988
5322 85.883447 0.000000 69.421841
7581 4.300531 71.823202 0.000000
7580 9.871422 71.266960 0.000000
12097 4.915279 70.579819 0.000000
13789 0.000000 33.000000 100.000000
9400 2.492217 30.543064 100.000000
6332 0.000000 11.997582 30.866358
2073 0.000000 11.162775 33.820991
4797 55.392023 45.095188 0.000000
3373 52.331755 43.763250 0.000000
3603 51.042177 45.269247 0.000000
3522 4.113456 0.000000 74.932810
555 100.000000 15.511586 91.443141
7660 100.000000 15.333853 96.300870
491 0.000000 49.143359 4.520782
489 0.000000 48.634292 2.483808
490 0.000000 48.213380 5.315584
9990 100.000000 35.619881 94.963795
3478 0.000000 47.003341 2.045979
4363 0.000000 46.601942 0.000000
4362 0.000000 45.831139 2.374966
8250 100.000000 88.461538 0.000000
1076 100.000000 9.270694 38.116243
5945 100.000000 9.912742 33.938343
11697 100.000000 10.346898 38.572987
57 7.003737 0.000000 30.117978
479 6.791409 0.000000 28.018984
11214 7.240433 0.000000 27.816164
4222 100.000000 35.576923 0.000000
9133 100.000000 36.538462 0.000000
17010 100.000000 36.061577 1.910426
17113 100.000000 35.562049 1.793419
17011 100.000000 35.034708 1.750262
2382 0.000000 12.298638 26.836333
2383 0.000000 13.039716 29.285338
152 0.000000 12.939464 24.614104
3049 100.000000 49.853870 77.512170
11717 100.000000 49.532859 73.920024
11690 100.000000 50.442608 74.533326
4168 0.000000 90.427819 6.103452
10894 72.187655 0.000000 14.746610
4223 100.000000 36.563119 4.143415
17673 100.000000 36.647968 6.442071
17679 100.000000 36.324498 5.932745
4657 94.835348 0.000000 52.822589
5515 94.460672 0.000000 55.073585
5514 94.219466 0.000000 52.507838
8804 90.743887 98.432509 0.000000
13506 94.632539 98.182072 0.000000
6775 89.506917 97.555499 0.000000
4549 0.000000 78.914967 64.574320
12952 0.000000 96.498882 10.388566
8888 60.206818 6.673163 100.000000
9850 59.160424 8.380601 100.000000
9304 100.000000 1.577581 11.648922
147 100.000000 0.885342 5.947106
9303 100.000000 1.712494 6.390507
13290 17.072855 67.285698 100.000000
7826 15.771984 66.333562 100.000000
11056 65.475337 87.780115 0.000000
10648 0.000000 70.313041 35.717768
3395 0.000000 71.343056 37.766881
4865 0.000000 71.352777 31.806637
3810 18.277088 37.224063 100.000000
2948 50.603362 43.899490 100.000000
4833 56.179775 0.000000 100.000000
3972 55.549811 1.871550 100.000000
6125 0.000000 49.504349 63.639101
6126 0.000000 50.223191 62.563660
6124 0.000000 49.540370 60.520081
13219 11.185346 0.000000 13.155867
6863 12.042297 0.000000 16.232416
10978 53.175193 0.000000 56.916607
10705 86.938998 0.000000 89.727776
8853 87.828299 0.000000 91.710717
18165 87.062427 0.000000 92.599783
13595 60.674157 0.000000 100.000000
5880 61.797753 0.000000 100.000000
10327 64.830597 4.973103 100.000000
5125 85.947882 0.000000 60.138778
4217 85.131849 0.000000 60.881419
13757 24.665604 51.540949 100.000000
4171 27.190724 50.498078 100.000000
4568 38.202247 0.000000 100.000000
13822 36.670726 0.000000 95.352239
11534 37.846672 0.000000 93.020144
2459 48.261115 67.578656 0.000000
12861 47.187709 66.538432 0.000000
2460 43.289417 67.132845 0.000000
9984 0.000000 25.467945 83.857075
7769 0.000000 24.489683 85.646023
13552 0.000000 70.915402 58.808295
2605 0.000000 70.527063 55.498240
4844 71.160140 36.467973 0.000000
5296 67.300429 34.765122 0.000000
12360 68.035598 36.983534 0.000000
7122 81.649562 6.602044 100.000000
10287 82.638438 6.390724 100.000000
6912 84.335401 8.645854 100.000000
11848 78.816942 2.143885 100.000000
13055 76.404494 0.000000 100.000000
6061 100.000000 46.336859 72.533202
6866 100.000000 46.169047 74.460292
7364 100.000000 23.781340 64.816262
4947 100.000000 23.449291 61.115288
5268 100.000000 24.405104 62.123103
1206 28.114841 0.000000 48.592108
7380 28.235281 0.000000 51.730507
1207 27.456958 0.000000 49.833804
4562 30.463101 83.515931 100.000000
13093 28.757277 84.247570 100.000000
7088 27.898932 83.275972 100.000000
3513 53.846154 100.000000 0.000000
16750 55.285261 100.000000 21.525237
16744 56.541066 100.000000 18.444068
11829 53.623246 100.000000 44.992808
16735 53.551674 100.000000 22.984309
16736 51.353227 100.000000 26.715238
4141 100.000000 40.339637 85.364455
4140 100.000000 40.684491 83.689347
7175 100.000000 41.127265 86.096902
5577 83.215884 0.000000 73.469410
10355 20.051784 39.544049 100.000000
10938 63.506923 78.861064 100.000000
369 63.946048 77.847206 100.000000
6405 66.593019 78.662907 100.000000
12865 100.000000 33.467934 34.035214
8132 100.000000 32.776545 32.800849
9330 100.000000 33.331577 31.665690
322 43.535734 90.468125 0.000000
5446 43.661629 89.740688 0.000000
320 40.087419 90.061357 0.000000
9575 0.000000 52.684471 81.805837
9576 0.000000 52.004423 80.829369
9437 79.295702 68.838348 100.000000
9436 77.014932 68.089628 100.000000
1860 0.000000 86.587595 8.958450
1861 0.000000 87.448432 4.873025
1862 0.000000 86.527165 4.311474
2442 0.000000 59.094893 43.390215
9934 0.000000 60.016130 44.209232
12674 0.000000 59.734553 40.901812
5184 78.914471 0.000000 42.930683
5183 78.743026 0.000000 46.211551
13342 78.051425 0.000000 44.224118
6331 100.000000 21.153846 0.000000
9507 95.087099 17.188543 0.000000
7686 95.999544 18.667137 0.000000
7190 0.000000 31.052031 58.969310
1447 0.000000 30.670872 55.319349
1449 0.000000 30.177811 57.904167
419 51.122576 74.942484 100.000000
10831 48.445108 75.493089 100.000000
10830 48.304471 74.591965 100.000000
9205 8.547670 0.000000 18.332377
2419 8.034340 0.000000 17.025261
7326 8.437776 0.000000 14.601743
8800 0.000000 32.038835 0.000000
8799 0.000000 33.009709 0.000000
16806 5.643778 28.036826 0.000000
8486 73.651892 0.000000 21.489864
6477 74.446038 0.000000 23.095781
6476 73.752383 0.000000 24.060655
650 70.519115 0.000000 59.741878
6417 100.000000 54.326599 87.351051
9952 100.000000 53.595330 89.786341
6163 100.000000 53.079179 84.446164
11030 9.252299 0.000000 51.574053
11442 9.516315 0.000000 48.900002
13962 9.784487 0.000000 51.450197
4961 100.000000 25.652421 42.654207
4960 100.000000 26.174395 44.532744
1361 100.000000 25.386359 45.123310
9079 35.834080 5.675908 0.000000
3836 61.579197 77.094742 100.000000
9744 58.930773 77.363951 100.000000
4374 0.000000 47.958945 58.646079
4373 0.000000 48.052174 61.535065
4500 0.000000 48.698504 59.712491
2971 8.038120 0.000000 22.391348
2972 8.518364 0.000000 21.232634
12984 8.537296 0.000000 23.906746
4473 49.780331 61.138576 0.000000
2341 44.592013 61.320888 0.000000
3015 13.234880 93.186804 0.000000
3016 14.703054 93.797827 0.000000
3014 16.585470 93.105110 0.000000
6952 60.441919 96.923714 100.000000
12262 47.898914 11.218148 100.000000
12408 48.698513 12.573026 100.000000
3597 47.216263 12.883036 100.000000
2260 100.000000 31.566678 86.110563
2259 100.000000 31.698993 89.069862
12697 100.000000 30.772405 88.022079
17274 10.506012 2.764759 100.000000
18119 11.293899 1.765563 100.000000
18125 11.882100 1.521436 100.000000
627 13.483146 0.000000 100.000000
558 14.606742 0.000000 100.000000
18126 12.408683 1.808674 100.000000
18124 12.245340 1.555424 100.000000
5952 4.282068 0.000000 57.119957
4919 0.000000 21.031303 65.403026
10668 0.000000 21.954497 68.354784
11627 0.000000 22.200361 64.101580
353 25.566046 0.000000 27.163920
1540 26.102636 0.000000 28.916704
10636 25.625831 0.000000 29.858078
4645 1.386255 0.000000 65.553521
5615 54.494730 26.493999 100.000000
2099 52.312206 26.501454 100.000000
13490 53.242442 24.817990 100.000000
7528 9.574468 0.000000 0.000000
2028 10.638298 0.000000 0.000000
16581 9.978572 0.000000 2.450255
2026 10.296682 0.000000 5.661264
16582 10.741814 0.000000 2.397004
12374 58.497602 62.895018 100.000000
12062 57.917398 61.808543 100.000000
9418 60.542319 62.270065 100.000000
7808 59.574468 0.000000 0.000000
5212 60.218513 0.000000 5.040232
5324 0.000000 13.039655 87.854368
6120 0.000000 12.226761 85.770164
5325 0.000000 12.279156 90.183768
6771 0.000000 29.792084 7.483332
8489 98.213400 0.000000 17.890409
8487 98.734125 0.000000 20.399447
8488 97.701002 0.000000 21.648433
5098 91.112155 0.000000 10.274491
3663 91.664704 0.000000 13.221652
2203 0.000000 75.408675 29.714392
11309 0.000000 41.003612 75.203856
1618 0.000000 40.191298 74.215386
958 17.417531 0.000000 80.947838
9996 16.011438 0.000000 78.462569
6326 16.881226 0.000000 73.546757
2997 0.000000 18.225143 46.507530
3194 0.000000 18.826573 49.228600
4049 0.000000 19.080335 45.497709
11095 100.000000 61.538462 0.000000
4443 88.994816 86.656303 0.000000
5824 83.915529 86.642628 0.000000
1787 14.622486 71.883517 0.000000
1785 14.538531 72.813629 0.000000
1786 18.582807 72.468812 0.000000
2053 95.118025 9.946502 0.000000
4816 96.990114 12.384558 0.000000
4818 100.000000 14.423077 0.000000
6234 18.702009 51.602512 100.000000
8902 17.747987 50.746186 100.000000
5612 79.571488 93.245369 100.000000
5162 76.563048 93.122264 100.000000
7665 100.000000 2.055259 47.788724
8399 100.000000 1.869532 53.419934
7989 77.834813 41.933351 0.000000
13306 75.270800 39.875986 0.000000
12879 72.922093 40.474394 0.000000
3209 57.071831 36.759166 100.000000
3208 56.783687 37.949267 100.000000
12371 55.243510 36.815072 100.000000
11240 13.582502 60.480367 100.000000
8142 24.454334 64.732471 100.000000
541 26.499869 64.377968 100.000000
8990 70.540106 0.000000 42.625135
10867 26.041509 0.000000 31.032859
11679 26.523383 0.000000 30.893109
5312 93.558889 75.701510 0.000000
1957 60.156684 65.427582 100.000000
8777 57.035909 65.876517 100.000000
1850 54.817806 34.323114 100.000000
9687 56.017407 35.642917 100.000000
9698 53.934978 35.601115 100.000000
12203 8.400809 80.173624 100.000000
6229 7.835867 79.252254 100.000000
11270 72.840535 90.341243 100.000000
598 75.033603 90.088916 100.000000
3952 43.175169 13.632853 0.000000
2761 41.413655 16.468541 0.000000
6220 43.891660 15.994098 0.000000
11568 83.925205 88.121206 100.000000
12337 84.215624 87.198468 100.000000
5280 90.688095 0.000000 58.268311
9081 19.978371 0.000000 64.805697
5796 20.427950 0.000000 68.928662
4187 19.665384 0.000000 68.077034
13624 0.000000 78.747172 80.163471
10873 0.000000 78.919568 75.958224
10872 0.000000 78.087624 77.553272
11443 53.819185 51.482166 100.000000
11006 51.529073 51.035606 100.000000
3815 100.000000 25.211802 21.920751
3303 100.000000 26.311183 23.649194
9035 100.000000 25.650429 26.169136
11440 96.874718 25.193813 0.000000
5015 14.431953 45.044989 100.000000
8921 14.233594 46.099050 100.000000
4846 11.874705 45.821330 100.000000
5019 15.906930 68.170174 100.000000
13739 100.000000 30.262482 7.445402
4095 100.000000 29.493280 3.875867
2218 100.000000 30.645800 4.478951
11377 38.510784 100.000000 67.324080
6197 40.941534 100.000000 59.297402
11480 36.137021 100.000000 42.039291
8262 14.683146 86.402256 0.000000
4973 11.176985 86.323559 0.000000
6280 12.642953 86.978824 0.000000
13140 92.528622 7.350230 100.000000
6739 96.427483 10.943502 100.000000
2502 93.676892 9.534621 100.000000
204 54.566826 0.000000 93.044263
13136 54.277878 0.000000 84.389684
10735 55.234307 0.000000 88.219371
8040 15.939176 24.787331 0.000000
8039 12.798274 28.170470 0.000000
11875 17.528277 24.987196 0.000000
9956 0.000000 14.640486 67.770218
2816 0.000000 14.264876 63.996346
2815 0.000000 13.669099 66.477281
12905 72.505039 93.750044 100.000000
6985 85.413778 65.016973 100.000000
6983 87.129989 66.035748 100.000000
6984 84.075052 65.738989 100.000000
3494 26.199495 79.010931 100.000000
3493 29.508351 78.808570 100.000000
1350 28.821515 79.872417 100.000000
11193 6.400508 0.000000 24.781572
11194 5.955136 0.000000 25.073217
1374 6.149064 0.000000 22.804224
1718 30.311168 54.127954 0.000000
6173 56.218324 38.530544 0.000000
5382 61.005683 38.438624 0.000000
12150 75.754223 0.000000 41.122489
1155 75.678279 0.000000 38.126854
6404 63.094667 80.921898 0.000000
706 0.000000 58.847558 14.716199
6377 0.000000 5.318483 63.643893
6379 0.000000 5.443696 69.018058
10015 0.000000 6.386548 65.687370
3293 100.000000 11.564358 84.268739
1981 100.000000 12.407043 82.271773
1980 100.000000 12.325030 86.337533
11617 89.351501 46.622284 100.000000
11618 86.867819 46.934850 100.000000
7203 86.381164 45.320048 100.000000
12159 9.076115 0.000000 40.471328
8672 9.004481 0.000000 37.032784
8671 9.601464 0.000000 38.725479
10734 0.000000 50.000000 100.000000
13009 0.000000 49.012177 97.997396
5142 100.000000 99.038462 0.000000
7587 0.000000 84.039299 3.966285
13717 0.000000 84.853073 3.072812
3584 0.000000 80.185332 56.271254
1122 0.000000 81.250315 52.740549
12666 0.000000 80.127879 50.722346
10605 0.000000 45.378749 7.195523
12742 50.158000 5.915572 100.000000
4122 50.900534 3.608578 100.000000
7390 51.415398 5.764762 100.000000
363 11.959220 0.000000 21.356220
7855 0.000000 49.627947 6.520389
11290 0.000000 48.721955 7.042993
1292 93.083528 0.000000 94.612180
5301 92.498433 0.000000 89.759179
1293 93.571415 0.000000 90.524333
4619 90.486030 0.000000 46.491322
12377 89.987008 0.000000 45.486317
4574 90.290514 0.000000 43.940901
7021 63.504871 0.000000 92.667336
5356 64.918163 0.000000 91.902952
1018 100.000000 85.523651 73.688823
6839 100.000000 85.438579 60.181145
715 82.750310 97.400678 0.000000
12787 79.350447 97.279905 0.000000
12915 82.274434 97.990848 0.000000
1104 0.000000 42.900785 37.847680
746 0.000000 2.000000 100.000000
11878 0.000000 3.000000 100.000000
17131 0.000000 2.712147 97.061035
6646 0.000000 3.305197 94.089060
17132 0.000000 3.253918 97.060802
13783 0.000000 80.756538 29.764125
11107 0.000000 80.146103 26.947540
5803 0.000000 79.960411 31.475901
10617 73.894467 0.000000 61.188357
2098 51.443222 28.277220 100.000000
11798 0.000000 19.886392 85.641805
10924 0.000000 19.098567 84.473740
10480 0.000000 19.304560 88.845271
10625 67.898590 14.644243 0.000000
4520 71.098894 17.767592 0.000000
6552 71.193036 16.032060 0.000000
12920 41.861953 58.789130 100.000000
5640 40.439606 57.919707 100.000000
11825 42.942728 57.873213 100.000000
3779 55.755551 18.816106 100.000000
7469 55.863957 16.627766 100.000000
12855 27.339475 88.954080 0.000000
10490 26.995204 89.631600 0.000000
610 100.000000 6.453151 15.440257
6099 100.000000 7.450887 17.514729
608 100.000000 6.770622 20.955840
7069 25.447545 0.000000 69.155619
8976 24.967720 0.000000 67.149535
2031 86.668811 10.143875 100.000000
6911 84.698789 8.050000 100.000000
2029 86.109203 8.627081 100.000000
10777 0.000000 49.744641 88.730679
11780 45.878470 18.440069 100.000000
13656 48.059905 18.330460 100.000000
6382 47.030012 20.304138 100.000000
8622 97.399887 0.000000 17.872467
8620 96.580526 0.000000 22.072429
8283 100.000000 20.598879 92.428187
13439 16.100085 55.014454 100.000000
923 19.840854 55.027740 100.000000
8615 17.749576 56.134883 100.000000
2465 81.355092 65.457506 100.000000
2464 82.832066 64.806983 100.000000
773 3.744531 0.000000 55.395250
772 3.170258 0.000000 56.356545
9073 3.249500 0.000000 52.183002
2227 52.966515 13.254663 100.000000
5988 71.267457 0.000000 31.627203
5986 71.422209 0.000000 33.605923
3765 0.000000 50.270492 83.512774
5871 0.000000 50.162334 83.866217
13730 43.107752 81.735127 100.000000
8814 46.312404 81.733650 100.000000
10693 0.000000 70.873786 0.000000
4494 42.238149 52.781027 0.000000
2558 44.781350 51.405019 0.000000
2560 40.347179 51.537465 0.000000
96 100.000000 2.072138 40.876593
10754 24.613677 80.107577 0.000000
12387 25.455044 81.220556 0.000000
7339 52.629836 44.857896 100.000000
12954 52.349361 46.097296 100.000000
2946 50.290048 45.277871 100.000000
256 100.000000 8.870369 26.150556
12085 100.000000 9.894662 26.276554
5946 100.000000 9.608467 29.773397
12148 89.729054 18.850275 0.000000
12147 93.190039 20.852972 0.000000
516 89.307898 17.206313 0.000000
9501 7.159293 61.510620 0.000000
6676 4.854166 62.213027 0.000000
6678 9.352008 62.309185 0.000000
7837 100.000000 62.626263 100.000000
14054 100.000000 63.636364 100.000000
14073 97.678904 62.834359 100.000000
10321 100.000000 7.301512 87.156918
4601 100.000000 6.244814 89.984340
12889 100.000000 6.503141 84.868336
12622 84.615385 100.000000 0.000000
9467 80.769231 100.000000 0.000000
10336 85.215343 100.000000 14.847101
13731 100.000000 42.646280 75.989176
9128 100.000000 42.946880 74.944805
9127 100.000000 43.117141 76.586062
10717 81.359855 97.260407 100.000000
12694 60.605039 50.633837 100.000000
12693 58.547352 50.653925 100.000000
13568 100.000000 42.416061 77.257241
10979 100.000000 41.857700 76.917876
10981 100.000000 42.126640 75.501498
778 81.413965 83.938754 100.000000
8769 82.495583 83.160179 100.000000
779 83.975566 84.055508 100.000000
1074 93.857694 50.615611 100.000000
11550 92.932086 51.481384 100.000000
12671 90.845117 50.116266 100.000000
2238 86.095248 0.000000 92.154861
2237 84.791363 0.000000 93.705864
4541 84.980303 0.000000 89.117853
3487 58.199743 0.000000 73.985076
11485 68.103419 0.000000 36.636473
13220 67.631996 0.000000 32.700639
11005 68.397727 0.000000 32.974513
8448 100.000000 52.095779 12.269705
2472 100.000000 51.571223 9.344128
4523 100.000000 52.379440 9.176484
2087 74.052362 69.600221 0.000000
2085 78.323202 69.911019 0.000000
5269 86.052850 50.637659 0.000000
11741 88.326903 52.055077 0.000000
8260 13.913962 60.166122 0.000000
4793 17.781142 58.137479 100.000000
10902 20.974726 58.154750 100.000000
13673 81.052199 60.417902 100.000000
9779 80.611770 61.474443 100.000000
4365 77.859546 60.509472 100.000000
13104 73.927445 0.000000 35.511274
769 100.000000 40.344648 73.772320
768 100.000000 39.965414 75.207980
7609 100.000000 39.807033 73.277407
3677 72.089424 0.000000 26.555996
3679 71.734398 0.000000 26.789661
2778 71.726595 0.000000 24.822412
6511 0.000000 43.567002 28.303843
13210 20.391026 78.737664 100.000000
10468 19.301695 79.557313 100.000000
8706 17.787029 78.721369 100.000000
5116 0.000000 57.700162 8.411997
2304 34.425671 90.530356 100.000000
4555 100.000000 42.087383 59.959046
1869 80.084602 58.522835 0.000000
4828 81.360956 57.452721 0.000000
12086 0.000000 30.112542 89.657787
12910 0.000000 29.363608 87.138850
9194 0.000000 29.138864 90.688260
4249 0.000000 34.288273 5.800959
416 0.000000 35.229911 6.143799
6107 0.000000 34.828705 3.520872
828 100.000000 26.895980 74.663493
17742 100.000000 86.356495 9.724176
17743 100.000000 85.783025 12.578179
8511 27.836660 81.811917 100.000000
6774 86.205477 97.849378 0.000000
2906 0.000000 43.139576 71.260854
1215 32.894013 0.000000 71.944041
7750 31.942093 0.000000 73.463685
10474 31.783424 0.000000 68.973421
11635 100.000000 31.020246 94.418254
6780 0.000000 3.616904 89.091630
6971 0.000000 2.788059 86.075435
6225 0.000000 2.668043 91.170247
5730 27.313028 98.278533 0.000000
12213 29.429543 98.165789 0.000000
4978 28.255249 98.010412 0.000000
5298 63.615957 33.298334 0.000000
6030 62.508083 31.106950 0.000000
11255 60.345838 32.165086 0.000000
8103 91.503162 22.639857 0.000000
11400 88.841371 20.403056 0.000000
6428 89.144324 21.587381 0.000000
12565 73.942453 73.610859 100.000000
11868 76.600241 73.516575 100.000000
13882 75.777188 74.272810 100.000000
5738 98.709804 100.000000 36.969395
5241 100.000000 100.000000 60.000000
5737 100.000000 100.000000 40.000000
4507 100.000000 43.799552 46.691252
9390 47.140541 92.253697 0.000000
11199 47.310520 91.558818 0.000000
9056 19.796494 32.745946 100.000000
11237 22.237214 30.555637 100.000000
7381 47.358129 35.617857 100.000000
2602 49.612839 35.699365 100.000000
2601 48.542815 37.020898 100.000000
13947 0.000000 67.003652 84.773800
14006 0.000000 66.668494 89.676462
13942 0.000000 67.807368 88.224952
1892 100.000000 59.591902 84.043658
1258 100.000000 59.137237 76.602768
1891 100.000000 60.181953 77.733329
9918 0.000000 56.632582 38.359792
8171 0.000000 56.140966 35.089228
2640 33.855889 77.816864 100.000000
11663 32.708823 76.792600 100.000000
11788 27.325968 75.947798 100.000000
13047 27.652410 76.883703 100.000000
7445 25.780383 76.369489 100.000000
3515 69.339339 32.991648 100.000000
3516 70.973645 31.909167 100.000000
10493 23.704965 80.406350 100.000000
10467 21.911032 79.615532 100.000000
12286 24.220875 79.596407 100.000000
4572 90.050255 0.000000 41.968597
4573 90.576100 0.000000 41.921872
13984 0.000000 70.372538 94.216545
11155 94.626162 84.827755 0.000000
9381 71.699391 24.906904 100.000000
10075 70.057998 23.116834 100.000000
4984 71.581657 23.147885 100.000000
13795 38.272281 20.708637 100.000000
5537 36.054472 21.599284 100.000000
11076 0.000000 69.000100 25.237062
12 100.000000 34.615385 0.000000
17012 100.000000 34.376928 1.476082
7561 0.000000 26.746013 51.071813
12428 0.000000 25.663087 53.242420
9357 95.804721 9.255587 100.000000
5420 92.468003 6.080093 100.000000
8200 84.140853 0.000000 17.297237
8198 83.186042 0.000000 14.404097
8199 84.295241 0.000000 13.378458
7281 100.000000 75.757576 100.000000
4850 100.000000 76.426383 88.693816
9959 95.390470 0.000000 37.489761
10675 95.930900 0.000000 34.478208
9960 96.152700 0.000000 38.237053
4899 0.000000 46.454552 51.833409
12973 0.000000 47.048964 54.166258
11265 0.000000 47.244052 50.789132
12483 91.500835 100.000000 22.644926
16737 90.613751 100.000000 9.779244
16734 88.758567 100.000000 15.348585
9752 91.764373 0.000000 67.011522
11932 91.724835 0.000000 64.832096
3490 0.000000 44.500969 35.877595
3489 0.000000 44.610939 37.450411
2173 0.000000 45.022746 36.667189
5002 81.878267 68.623508 100.000000
2254 84.561176 68.428654 100.000000
3588 53.528164 98.141524 0.000000
2369 52.684723 98.309718 0.000000
4683 54.583822 98.347762 0.000000
2258 100.000000 32.447577 87.072158
7544 100.000000 33.304469 87.991975
6052 15.639211 0.000000 14.628362
6054 14.635408 0.000000 12.994963
10973 15.162448 0.000000 8.328820
10042 0.564258 0.000000 81.282983
3969 0.468136 0.000000 75.821857
10043 1.010501 0.000000 74.967300
1729 40.921616 0.000000 56.932244
2678 39.577728 0.000000 52.367229
6132 40.846402 0.000000 49.171133
13611 27.136134 0.000000 30.558175
8564 27.348444 0.000000 27.758903
1234 27.725542 0.000000 30.137893
6403 63.029465 81.914313 0.000000
8412 95.461858 67.286266 0.000000
9172 90.760642 67.138844 0.000000
8818 93.276108 67.985485 0.000000
6877 38.777657 61.085866 100.000000
1763 36.655016 60.289533 100.000000
12025 38.993649 60.199242 100.000000
203 55.056180 0.000000 100.000000
3523 100.000000 7.785007 51.007280
7504 71.144228 79.828468 100.000000
12231 68.343319 79.704288 100.000000
6407 69.698633 78.906417 100.000000
7405 5.959502 82.305866 100.000000
7404 8.491822 83.009674 100.000000
13992 6.014762 83.511579 100.000000
6137 31.889616 0.000000 82.278804
9425 31.422790 0.000000 76.759253
7749 32.509516 0.000000 77.698321
928 100.000000 48.736980 56.388918
12705 100.000000 49.546615 60.148754
10823 0.000000 48.252675 26.846501
10824 0.000000 48.128713 24.128311
6535 0.000000 93.777520 23.616571
909 0.000000 92.797975 29.468709
12433 0.000000 98.251295 11.352315
13078 0.000000 97.395932 16.915696
8945 0.000000 98.305437 18.571882
492 0.000000 56.095060 28.858417
2317 0.000000 56.601254 31.633995
4506 100.000000 44.412733 46.793408
5094 100.000000 43.875298 61.408000
11403 100.000000 44.090101 59.337582
4608 100.000000 44.418490 61.270333
3671 100.000000 17.586138 22.643999
3670 100.000000 17.573308 26.219221
13023 100.000000 16.757363 24.462632
1781 45.109094 64.449491 0.000000
1779 44.486319 63.411585 0.000000
1780 39.946345 63.951943 0.000000
9050 93.146987 14.348925 100.000000
1969 95.400367 16.937948 100.000000
3151 93.383835 15.501952 100.000000
3431 62.197057 37.549308 100.000000
3432 63.866734 38.868953 100.000000
3433 61.638483 39.346553 100.000000
582 0.000000 87.288867 16.260768
17744 100.000000 83.192712 7.078817
1611 100.000000 51.374887 92.790192
12020 100.000000 50.645494 87.331125
12021 100.000000 51.675364 89.560091
6583 69.505578 87.727776 0.000000
5210 66.973757 87.065534 0.000000
11438 76.255882 83.540721 0.000000
13030 80.121383 84.025531 0.000000
1854 80.242075 83.146086 0.000000
4705 0.000000 51.271794 24.712704
6432 0.000000 52.098278 24.267325
4706 0.000000 51.648798 22.010325
6688 81.204623 100.000000 23.892324
6687 84.696691 100.000000 35.217144
10920 50.150189 18.179596 100.000000
3870 90.483162 25.979729 100.000000
1144 90.190220 24.411004 100.000000
266 93.182514 27.455407 100.000000
2781 100.000000 4.386528 4.336001
3437 100.000000 4.807692 0.000000
12228 100.000000 5.368808 4.773583
4604 45.545723 0.000000 10.631439
2650 45.932880 0.000000 16.634267
9248 0.000000 42.381241 51.721863
9249 0.000000 42.806612 49.569416
8568 0.000000 42.177504 49.614764
1396 73.281810 0.000000 59.790480
9012 73.740618 0.000000 58.428533
7079 100.000000 48.484848 100.000000
5748 98.354829 46.957703 100.000000
10325 100.000000 47.474747 100.000000
1460 95.508932 13.171677 100.000000
4288 92.800186 10.773099 100.000000
2503 94.513814 11.326702 100.000000
2973 47.573250 0.000000 73.189479
6582 47.924262 0.000000 64.686669
11956 48.629604 0.000000 71.949833
5417 21.359980 0.000000 46.168535
5416 20.871936 0.000000 47.603244
525 20.679339 0.000000 44.541694
47 65.188422 0.000000 36.034180
45 66.225376 0.000000 35.997933
46 65.818035 0.000000 40.832375
1851 55.839727 32.974317 100.000000
3595 54.442089 31.383345 100.000000
12534 57.102869 31.364204 100.000000
8794 92.018205 21.128177 100.000000
8795 92.214610 20.265115 100.000000
6462 100.000000 38.504553 77.749218
10358 100.000000 38.668556 74.850170
12521 100.000000 39.439271 76.843817
9195 0.000000 28.463185 88.411317
5059 89.551800 0.000000 86.109670
5058 88.755841 0.000000 83.813723
11195 89.616602 0.000000 82.552943
7838 100.000000 62.108074 93.083705
7796 100.000000 61.638342 86.075648
11324 100.000000 62.576505 86.587999
4892 95.062808 68.864968 0.000000
13633 91.686638 69.283703 0.000000
4893 95.215779 69.829723 0.000000
11078 0.000000 42.665204 45.579855
3555 0.000000 42.872106 43.732589
8219 0.000000 42.349162 44.017273
2118 7.755301 0.000000 8.098622
2119 8.536669 0.000000 5.980991
2120 8.535398 0.000000 10.261444
1408 0.000000 3.123765 62.992181
4424 0.000000 2.581078 58.591115
4287 0.000000 1.981485 63.100920
8420 10.457825 0.000000 72.396367
7218 10.409592 0.000000 68.041606
13825 57.332280 90.305833 0.000000
4480 58.281650 90.885271 0.000000
11671 0.000000 44.927242 13.566427
9721 0.000000 44.869661 10.962568
6658 0.000000 44.153216 12.467660
3797 38.031310 38.107151 100.000000
232 0.000000 63.649404 39.848178
13358 100.000000 15.748132 47.997335
9895 100.000000 16.475022 45.936850
8177 100.000000 16.559286 49.917245
3339 96.778245 46.286887 0.000000
7374 100.000000 47.115385 0.000000
3340 96.994965 45.345259 0.000000
637 100.000000 23.310293 77.695457
6340 70.563991 0.000000 27.988059
5278 71.096520 0.000000 27.960509
10164 50.681918 94.341651 100.000000
10165 52.550942 95.228433 100.000000
4565 49.342617 95.257234 100.000000
8550 100.000000 10.515773 93.748975
13131 100.000000 10.507809 97.214058
8459 100.000000 9.500404 96.061053
6292 8.949224 96.472837 0.000000
7859 0.000000 37.946514 43.279039
4393 30.420033 86.619751 100.000000
11632 19.935131 31.673011 0.000000
11631 23.746967 28.989809 0.000000
11354 73.628718 0.000000 77.756425
1975 61.377114 28.899738 0.000000
4675 64.081867 30.023648 0.000000
8353 87.656704 0.000000 12.332315
3741 88.162104 82.466138 0.000000
3742 91.661064 81.935404 0.000000
3740 88.058655 81.705795 0.000000
1323 25.531915 0.000000 0.000000
9466 26.212460 0.000000 3.400134
9307 0.000000 50.081801 82.277001
17951 0.000000 50.012444 82.407482
17934 0.000000 50.054479 82.539865
11110 100.000000 45.563737 96.885221
3737 100.000000 46.464646 100.000000
3736 100.000000 45.454545 100.000000
9591 59.370775 94.050680 100.000000
6136 62.394621 93.797549 100.000000
17195 28.804393 0.000000 96.720419
4086 29.213483 0.000000 100.000000
1118 29.549133 0.000000 93.680314
17196 29.580644 0.000000 97.456384
205 55.652587 0.000000 93.759031
11236 0.000000 8.072788 37.664633
8102 100.000000 25.967483 15.950984
3817 100.000000 25.207987 17.685822
12808 0.000000 81.935949 46.436893
12913 0.000000 80.863077 46.622239
13438 100.000000 59.706143 18.174521
11094 100.000000 59.855118 10.855175
1988 100.000000 42.630676 65.927622
2829 21.894349 0.000000 78.669979
5488 18.800360 87.704621 100.000000
4884 18.997399 86.526980 100.000000
7620 21.668987 87.128394 100.000000
13390 9.290637 0.000000 79.077656
9551 10.154132 0.000000 81.448626
8859 9.135017 0.000000 82.703506
4807 100.000000 21.772809 64.077115
4806 100.000000 22.798106 64.152767
676 100.000000 22.283180 67.414268
16805 97.871669 98.473792 0.000000
5141 100.000000 98.076923 0.000000
16808 97.198868 98.116882 0.000000
5934 10.381013 0.000000 53.194533
3921 10.894353 0.000000 56.902980
5935 10.140197 0.000000 57.322063
6329 48.365867 0.000000 11.632455
7672 49.096508 0.000000 15.378759
13141 48.037148 0.000000 17.086296
13091 100.000000 50.046300 90.125127
5478 100.000000 49.290834 84.356837
9422 0.000000 26.848329 11.790757
8436 0.000000 25.856434 9.532394
2362 0.000000 25.924984 13.894295
38 100.000000 42.169642 84.267947
5050 100.000000 41.679948 82.206543
5049 100.000000 42.260652 82.381343
936 0.000000 52.002870 95.064945
8718 0.000000 52.276913 97.109041
2873 83.500724 23.809326 0.000000
8821 86.969327 26.243444 0.000000
12620 85.311401 23.974702 0.000000
1153 75.203503 0.000000 35.453892
10840 0.000000 43.304641 24.377186
11696 40.436779 96.504928 0.000000
5396 38.412778 96.449485 0.000000
5398 39.038108 96.707685 0.000000
3570 0.000000 44.711506 40.908324
3756 0.000000 44.199276 42.571891
9277 0.000000 44.757233 43.301544
7118 56.694588 99.344145 0.000000
17970 59.055186 99.249642 0.000000
17971 56.816811 99.130926 0.000000
11806 51.481645 64.653647 100.000000
12896 51.050685 63.525498 100.000000
11943 46.151902 41.088402 0.000000
13134 49.205125 42.408706 0.000000
13135 50.510689 40.673278 0.000000
4422 0.000000 3.077294 53.701166
11634 0.000000 3.716367 58.097819
5771 0.000000 4.357222 52.217205
3060 2.306734 0.000000 82.650665
2834 38.655586 0.000000 44.825868
7681 39.259518 0.000000 39.604832
2835 39.912763 0.000000 44.269291
18014 0.000000 50.621428 84.298783
12741 23.472476 55.038851 100.000000
11261 26.025786 54.395138 100.000000
12500 26.619447 55.352564 100.000000
16809 2.241829 6.807496 0.000000
16421 4.182521 4.399560 0.000000
16932 2.232614 6.448394 0.000000
16871 6.603221 2.636701 0.000000
16874 6.807337 2.961372 0.000000
1012 100.000000 29.669314 42.871596
1013 100.000000 28.883060 45.417799
1011 100.000000 28.488719 41.714358
10104 98.721473 93.889709 100.000000
6846 69.048753 0.000000 51.814768
10387 68.343700 0.000000 49.303651
2865 24.171832 0.000000 15.344137
4670 24.985824 0.000000 17.068439
550 100.000000 23.361498 19.167386
549 100.000000 22.670669 16.017509
6068 21.686565 100.000000 89.604987
2766 28.125000 100.000000 100.000000
2626 91.199952 0.000000 72.999169
6894 90.547024 0.000000 73.237979
11000 100.000000 11.272868 30.612518
8678 100.000000 12.119829 29.587006
1725 100.000000 12.034473 35.023690
1386 0.000000 52.129061 1.909956
6045 0.000000 51.456311 0.000000
9700 82.085192 47.337744 100.000000
6435 80.741031 45.913799 100.000000
13573 83.402864 46.396813 100.000000
2368 51.094671 98.276840 0.000000
2370 51.847985 98.130875 0.000000
9832 100.000000 0.719191 92.790319
13850 100.000000 0.000000 100.000000
17680 100.000000 0.305688 93.945046
11295 100.000000 32.046676 95.106240
8421 100.000000 31.160510 97.393204
11275 100.000000 39.950687 21.751534
11276 100.000000 40.145212 19.462112
7791 100.000000 40.620059 21.347075
12734 100.000000 27.513775 67.335333
2753 0.000000 60.519414 58.048509
11048 0.000000 61.199295 59.512483
7993 0.000000 61.109190 55.910972
12969 30.347017 0.000000 74.869927
8874 30.311518 0.000000 70.312005
12968 31.100721 0.000000 71.943391
8300 0.000000 77.774107 64.614578
8299 0.000000 76.629515 65.509833
10559 0.000000 77.452783 69.534407
9215 0.000000 29.039360 81.562417
4301 0.000000 28.272584 80.910651
11827 90.729185 86.023900 100.000000
9745 88.593933 85.121709 100.000000
8532 91.501634 85.116979 100.000000
11971 0.000000 49.988497 75.872777
13540 0.000000 49.921897 73.830513
2483 23.262925 0.000000 42.798736
2484 22.657680 0.000000 43.908974
2482 22.698335 0.000000 40.670891
9571 100.000000 19.535475 20.299438
12707 100.000000 20.320981 18.204074
13610 100.000000 20.725974 23.163771
13533 0.000000 95.614522 92.210486
3978 0.000000 94.850771 90.033845
16499 0.000000 94.863517 95.467595
12394 21.644870 0.000000 74.421248
5795 20.765659 0.000000 73.431233
5794 21.322065 0.000000 70.114739
17133 0.000000 44.525143 93.006152
9816 0.000000 44.002764 94.696754
5973 0.000000 45.031894 91.786610
17134 0.000000 44.895912 93.045473
1400 7.093972 98.423729 100.000000
10704 76.697523 0.000000 60.896847
6977 100.000000 20.401253 52.902173
6975 100.000000 20.428899 48.234286
6976 100.000000 21.579137 50.855790
7682 58.778463 70.957131 0.000000
6430 62.699981 71.467972 0.000000
6431 62.658710 70.656189 0.000000
7994 0.000000 61.968220 57.341177
2900 0.000000 61.848439 53.084119
9251 93.597091 61.334599 100.000000
8495 92.495765 60.162661 100.000000
13995 95.788764 60.787131 100.000000
13016 6.460969 31.139303 0.000000
8041 11.828395 27.422848 0.000000
9068 11.158408 26.349218 0.000000
4409 23.998452 89.310339 0.000000
9372 20.690964 89.770995 0.000000
9297 62.360943 75.111331 100.000000
11836 60.119123 74.171751 100.000000
9298 63.334098 74.234607 100.000000
12072 58.584336 83.949290 100.000000
1812 100.000000 70.707071 100.000000
1814 100.000000 70.578506 92.058935
5070 100.000000 71.717172 100.000000
2762 100.000000 46.632512 43.106536
8901 100.000000 43.852185 22.007054
3855 100.000000 43.985479 24.158278
9677 69.257934 21.024846 100.000000
9679 66.813595 19.844707 100.000000
281 67.456805 18.450028 100.000000
8619 69.448901 57.577211 100.000000
12911 7.142496 0.000000 81.868040
11055 7.657295 0.000000 83.971175
12290 45.101831 0.000000 39.938946
12289 45.786715 0.000000 43.516485
9988 45.025256 0.000000 46.196331
7848 0.000000 39.020527 68.389717
9498 0.000000 39.450990 70.635681
3964 30.174865 86.020476 0.000000
9998 34.023418 86.410137 0.000000
3963 33.542719 85.597797 0.000000
3526 100.000000 38.523967 40.998897
8887 29.018322 49.168926 100.000000
6416 100.000000 54.508108 94.169263
13924 100.000000 55.555556 100.000000
13659 100.000000 54.545455 100.000000
13925 96.543792 54.607350 100.000000
1065 100.000000 41.121742 65.685394
1491 100.000000 41.442911 64.099867
10284 100.000000 41.672913 66.245634
13274 100.000000 89.898990 100.000000
13275 100.000000 90.909091 100.000000
17372 98.249279 90.797005 100.000000
2919 42.270958 0.000000 69.156398
17967 100.000000 44.637204 78.243510
17959 100.000000 44.978669 78.527906
4909 100.000000 5.514487 50.747549
12077 100.000000 5.763658 45.406758
5265 88.437174 57.421745 100.000000
12558 90.952799 57.289538 100.000000
6418 90.482319 58.113157 100.000000
2732 0.000000 58.010311 52.643960
6401 100.000000 74.747475 100.000000
6400 100.000000 73.737374 100.000000
12363 0.000000 53.028625 56.413941
6176 0.000000 52.446592 54.265864
11628 0.000000 52.233956 57.374183
2549 0.000000 62.759166 25.474272
988 0.000000 62.102058 23.326438
12194 0.000000 62.007752 26.577288
3358 24.926641 0.000000 70.019051
169 24.412901 0.000000 68.155114
2789 100.000000 34.632405 46.453084
2788 100.000000 34.489898 43.653264
52 100.000000 35.292338 44.583185
11622 8.843132 68.954501 100.000000
11613 10.543980 68.402608 100.000000
5620 93.344106 23.064783 100.000000
11508 0.000000 79.682904 80.500329
3166 0.000000 80.706926 77.677911
11509 0.000000 79.826128 74.090712
8782 100.000000 18.592100 16.805616
8784 100.000000 19.074919 13.277515
13259 100.000000 19.501231 16.593998
3563 100.000000 54.963575 31.844541
5254 100.000000 54.812604 27.174935
12201 0.000000 45.942661 27.892775
127 0.000000 46.494104 25.200524
4236 38.123847 31.738584 0.000000
3133 39.855141 29.777884 0.000000
13667 79.775281 0.000000 100.000000
4606 82.493302 2.446700 100.000000
7527 100.000000 87.488047 59.474052
6072 83.514489 5.558272 0.000000
6074 85.190620 7.643769 0.000000
1222 0.000000 44.278759 44.687237
14003 0.000000 65.869262 93.206450
14005 0.000000 66.128034 97.331111
14014 0.000000 66.922215 94.818858
4920 0.000000 19.862360 64.815896
6880 15.695362 72.319675 100.000000
3508 98.038847 17.953323 100.000000
5344 100.000000 20.202020 100.000000
1967 97.783324 18.668033 100.000000
13163 100.000000 5.390478 87.813855
4896 100.000000 4.436817 85.562487
1196 100.000000 5.709647 82.164156
4703 36.625890 75.971449 0.000000
10300 40.920093 76.506559 0.000000
3048 52.303572 38.154828 100.000000
13555 54.538022 38.067047 100.000000
1755 53.739351 39.317815 100.000000
5864 5.526776 0.000000 47.648916
2434 5.362900 0.000000 51.155829
4915 4.933013 0.000000 48.303455
1912 0.000000 33.636963 52.823565
1910 0.000000 33.676676 55.706146
2849 48.701085 64.079314 100.000000
11245 49.113340 65.218687 100.000000
6972 0.000000 66.720702 63.641014
4134 80.575385 55.306247 100.000000
4293 83.177528 55.909734 100.000000
1856 81.175230 56.328350 100.000000
6158 100.000000 15.198877 72.150084
2760 39.959599 19.217002 0.000000
12357 41.620990 20.607374 0.000000
12356 42.306888 18.204600 0.000000
8246 81.411978 33.786374 0.000000
13752 79.066017 33.567978 0.000000
1179 82.440847 35.558098 0.000000
7783 100.000000 50.827971 95.505559
12720 53.078111 77.356417 0.000000
2186 48.521181 76.956033 0.000000
794 0.000000 88.681525 32.647019
7416 0.000000 89.488901 33.422086
7417 0.000000 89.558174 27.604021
836 100.000000 22.848086 26.876622
12727 100.000000 21.715969 27.412151
837 100.000000 22.017659 23.158383
79 97.752809 0.000000 100.000000
78 96.629213 0.000000 100.000000
16586 96.683888 0.000000 97.292547
5779 96.740856 0.000000 94.275742
11595 0.000000 31.197332 84.612870
11596 0.000000 31.436786 81.162111
11597 0.000000 30.510793 82.241977
6468 100.000000 38.274907 19.864137
4664 100.000000 37.309135 18.998833
4429 54.877811 95.716554 0.000000
12639 58.105132 96.132736 0.000000
3792 0.000000 29.487443 42.042356
10689 0.000000 21.980582 74.908316
4502 0.000000 21.362336 76.989732
4501 0.000000 21.979005 78.737847
9150 58.811760 59.250055 100.000000
1271 57.049725 59.843454 100.000000
12544 56.625544 59.076513 100.000000
12695 6.047891 0.000000 81.782721
10990 5.552979 0.000000 81.443185
7081 6.026310 0.000000 79.041839
87 61.670219 99.154646 0.000000
16587 98.678317 0.000000 97.143274
13605 97.735346 0.000000 94.088064
16588 98.108882 0.000000 97.565043
6371 0.000000 46.070584 64.108170
2243 0.000000 45.898961 61.440857
2242 0.000000 45.334402 63.498988
12824 87.117950 0.000000 50.453078
8689 87.753243 0.000000 50.496417
1678 87.499381 0.000000 52.847187
855 100.000000 29.922049 20.278235
4614 100.000000 30.740070 18.472400
4615 100.000000 30.865894 22.246833
8934 0.000000 47.855062 89.222968
332 0.000000 48.517077 89.533826
12739 0.000000 48.309423 87.815531
585 0.000000 10.462434 56.922410
4956 0.000000 11.428416 54.360899
586 0.000000 10.506594 52.892975
8298 0.000000 77.163361 60.081929
10140 0.000000 77.626165 55.130301
1195 100.000000 6.819887 79.630958
1194 100.000000 6.111706 76.334418
12566 100.000000 54.788789 52.636230
8117 100.000000 54.920088 58.069731
4757 100.000000 54.009647 55.535946
4584 0.000000 86.500594 13.969468
13586 100.000000 41.285345 72.995780
9652 100.000000 40.691751 72.382404
5399 100.000000 41.024420 71.000568
11523 61.793792 73.270067 100.000000
11524 58.913354 73.047379 100.000000
11577 100.000000 32.831725 66.355477
12689 100.000000 33.683733 66.091627
13607 100.000000 33.383715 68.775502
11880 32.744274 0.000000 24.667557
9322 87.890729 0.000000 60.153930
5252 38.656583 6.024434 0.000000
6889 37.536442 9.157537 0.000000
6885 40.250602 5.913721 0.000000
11162 0.000000 74.757282 0.000000
6070 0.000000 75.000421 4.999386
3233 0.000000 75.728155 0.000000
12406 0.000000 37.855471 76.771835
1713 0.000000 37.908186 73.115642
6672 19.035076 86.449372 0.000000
10382 16.508556 87.091738 0.000000
6670 20.168363 87.317294 0.000000
3474 20.720686 60.082364 100.000000
3475 22.530530 59.158915 100.000000
3473 23.909856 60.213797 100.000000
4143 100.000000 53.389243 42.364239
5340 100.000000 53.888267 38.142236
4493 48.549525 52.429217 0.000000
11844 52.844361 53.345003 0.000000
11845 53.836774 52.124085 0.000000
6057 0.000000 16.334719 59.287825
4701 0.000000 15.414117 59.793903
1849 56.961070 34.494923 100.000000
8398 49.956504 93.167170 0.000000
4732 47.188303 93.466619 0.000000
4731 50.273444 93.732981 0.000000
5026 10.900317 0.000000 77.050427
8418 9.935663 0.000000 76.435860
4272 19.261856 12.827358 100.000000
12814 22.445848 9.228872 100.000000
211 62.747143 0.000000 11.286045
3518 63.480141 0.000000 16.226623
11572 62.281865 0.000000 17.763225
12510 100.000000 72.548310 77.791255
12662 100.000000 72.315344 86.748615
9928 100.000000 18.074569 49.634623
11823 100.000000 18.764566 47.824682
12686 100.000000 18.776255 51.095532
1929 95.111373 0.000000 34.613784
12470 95.542202 0.000000 31.112839
24 100.000000 22.416267 54.868495
25 100.000000 22.303193 59.750385
26 100.000000 21.341835 56.103119
8379 100.000000 54.273387 34.408194
972 100.000000 23.021039 87.433083
2525 100.000000 23.123369 91.032525
3374 0.000000 34.971305 22.938597
3400 0.000000 35.427914 26.102090
3248 73.439248 23.331851 100.000000
6274 0.000000 50.168509 51.467651
6275 0.000000 50.885332 53.208776
8336 100.000000 51.358869 34.350789
11607 100.000000 51.895945 38.063724
1605 88.740302 0.000000 38.174235
126 0.000000 46.602714 21.935987
11299 23.608045 0.000000 51.994844
3207 23.382022 0.000000 49.011696
3206 23.930740 0.000000 50.023768
3170 80.219286 0.000000 46.344944
5127 80.930946 0.000000 48.969875
2479 79.942059 0.000000 49.539611
4543 67.021277 0.000000 0.000000
17518 67.928015 1.316517 0.000000
17524 68.396397 1.017772 0.000000
10748 8.294439 0.000000 70.017859
10747 8.697777 0.000000 71.698913
13866 8.179326 0.000000 72.854066
5177 0.000000 49.573372 2.127752
2196 0.000000 50.089207 3.634169
1919 33.502943 48.651199 0.000000
1918 27.436925 49.567640 0.000000
12035 0.000000 35.194780 36.867369
7437 0.000000 34.189005 36.717289
12034 0.000000 34.541622 39.783699
13143 24.534418 83.966312 0.000000
8841 23.577950 84.577299 0.000000
495 27.151441 84.429731 0.000000
9530 14.812050 75.218078 100.000000
703 12.718825 74.530345 100.000000
4556 90.685866 0.000000 3.086205
9845 65.918888 21.163425 100.000000
1330 63.621755 20.154273 100.000000
8082 51.638281 96.834709 0.000000
8083 49.516155 96.904355 0.000000
8084 50.879444 97.103031 0.000000
9242 50.665707 98.413708 0.000000
6998 49.525168 98.294733 0.000000
3589 52.507528 98.005152 0.000000
2767 76.449731 0.000000 72.257290
929 100.000000 48.927939 52.289680
10678 73.531356 83.934745 100.000000
6693 100.000000 35.788580 18.108187
8477 100.000000 34.889044 17.301244
4342 100.000000 35.529960 14.540694
16502 0.000000 50.742395 98.292615
12207 14.267533 43.191035 100.000000
1890 15.799339 41.746295 100.000000
5925 55.051923 58.521120 100.000000
2381 55.001872 59.387013 100.000000
13086 53.079831 58.838455 100.000000
2594 14.876930 29.107313 100.000000
2593 13.003073 31.427764 100.000000
12596 11.812147 30.920202 100.000000
3748 100.000000 43.233059 61.700574
12451 100.000000 43.392013 59.035421
11220 0.000000 25.730501 80.139542
11219 0.000000 26.051579 76.495116
8193 0.000000 25.072656 77.478365
8586 36.255552 96.438597 0.000000
11892 37.650474 96.149164 0.000000
8555 0.000000 58.480567 25.788091
13207 86.854103 0.000000 53.206828
5642 75.740225 3.369192 100.000000
5644 77.962627 4.884209 100.000000
1345 0.000000 49.030313 44.604545
3079 0.000000 49.678059 47.035681
5152 79.107891 0.000000 30.723968
9854 78.709427 0.000000 27.054459
11123 28.445073 0.000000 45.938243
11122 28.759798 0.000000 49.461995
10131 100.000000 71.602570 71.513331
9045 100.000000 72.345833 67.052219
2686 0.000000 45.415990 40.219883
2685 0.000000 44.956998 38.622016
8847 0.000000 51.777946 13.645989
8846 0.000000 52.410197 15.813604
11714 0.000000 52.801824 12.330409
1963 66.777648 71.041816 100.000000
11911 64.944923 71.716333 100.000000
1961 63.960303 70.680817 100.000000
8670 0.000000 24.374116 60.088694
3666 0.000000 24.976407 57.037615
5123 78.510515 44.669083 100.000000
2244 75.300362 44.444595 100.000000
1930 94.816224 0.000000 37.150004
11096 79.999258 28.413115 0.000000
11115 85.525820 48.057595 100.000000
3481 40.232419 0.000000 77.840396
974 100.000000 23.940444 88.580388
1535 0.000000 23.300971 0.000000
9332 0.000000 7.017341 37.782130
3485 100.000000 86.648873 38.541819
17745 100.000000 86.286286 30.426259
2909 59.461097 7.073628 0.000000
2910 61.435404 10.577578 0.000000
2514 0.000000 26.323796 17.901986
3300 100.000000 30.957449 61.368714
7119 100.000000 31.361914 58.909867
9770 34.814364 96.718662 0.000000
5397 37.055074 96.699245 0.000000
2123 81.254500 100.000000 73.894667
17459 81.568732 100.000000 87.025629
2851 84.330244 100.000000 87.272979
8820 90.198325 68.590897 0.000000
11277 93.885787 0.000000 50.037493
13049 93.608403 0.000000 52.601952
11278 93.342936 0.000000 50.572627
4677 0.000000 64.661887 20.178803
4679 0.000000 65.582509 23.351072
13147 87.359509 76.524844 0.000000
2241 0.000000 45.047753 60.633757
11388 0.000000 45.100748 57.886304
6982 49.617879 96.610018 0.000000
4234 64.443725 67.811472 100.000000
11192 77.843302 67.054106 0.000000
1428 71.576883 66.899613 0.000000
10150 98.190910 26.864947 100.000000
3456 100.000000 29.292929 100.000000
456 97.758530 27.611241 100.000000
6378 0.000000 4.614199 67.047081
1407 0.000000 4.230598 62.910598
1406 0.000000 3.682525 67.507970
6471 14.823211 0.000000 39.788999
7618 0.000000 55.445337 38.632610
4929 11.943327 62.504699 100.000000
2290 15.228257 62.495673 100.000000
13164 96.695440 71.964450 100.000000
17393 98.375933 71.798665 100.000000
17390 98.610748 72.168000 100.000000
10522 93.331468 70.629648 100.000000
5071 96.172049 70.991514 100.000000
3572 94.302553 71.461496 100.000000
17374 98.197546 71.345037 100.000000
13187 0.000000 23.693534 40.540863
6875 0.000000 22.864624 42.188951
16402 11.336707 12.163682 0.000000
16431 11.752933 11.262139 0.000000
16810 5.999098 17.061818 0.000000
842 86.195833 57.750685 100.000000
843 86.583586 58.875189 100.000000
11052 0.000000 90.000000 100.000000
7210 0.000000 89.000000 100.000000
11053 2.896354 89.714740 100.000000
18253 27.405506 99.535094 0.000000
18255 26.979813 99.643040 0.000000
13416 26.644858 99.467349 0.000000
18254 27.770540 99.426817 0.000000
2857 27.980281 0.000000 61.338286
2856 27.433743 0.000000 59.366241
9000 27.889126 0.000000 57.649993
8474 100.000000 44.300599 20.571053
885 100.000000 44.478006 17.806497
8828 0.000000 48.724577 22.598073
20 0.000000 48.979261 20.428597
11793 0.000000 48.112053 21.164185
10392 100.000000 13.078924 96.158247
3274 76.134471 46.152241 0.000000
3276 77.887642 47.891834 0.000000
10242 80.926847 47.321673 0.000000
10934 0.000000 57.259923 62.777161
9750 23.934096 0.000000 41.948365
7316 24.389847 0.000000 39.547389
4447 62.764865 0.000000 49.771416
4449 62.499847 0.000000 54.630811
8868 61.869870 0.000000 50.535284
2443 0.000000 58.393366 46.235156
8460 26.595745 0.000000 0.000000
7852 0.000000 47.712915 87.124589
9107 5.167318 47.955182 0.000000
8649 5.782734 48.843151 0.000000
17597 8.307338 47.674388 0.000000
10361 96.806975 84.080042 100.000000
14091 94.854731 83.435338 100.000000
9848 96.964578 83.257450 100.000000
13331 89.780441 5.748280 0.000000
10887 93.356409 9.429381 0.000000
7009 91.743749 0.000000 3.299875
7010 91.990910 0.000000 6.822038
3421 69.291472 17.241731 100.000000
11933 0.000000 49.093156 27.888257
11687 0.000000 49.635899 30.447767
12818 0.000000 50.051047 27.658872
3114 0.000000 25.245413 68.003693
173 0.000000 25.950417 66.867240
13024 0.000000 25.281375 64.976489
8387 31.079135 43.950734 100.000000
1127 33.009764 44.821545 100.000000
9384 82.497235 41.304029 100.000000
5249 74.931267 87.278147 100.000000
3848 73.767310 86.453744 100.000000
1305 76.173361 86.491898 100.000000
10796 0.000000 43.917640 97.619961
9738 0.000000 44.748893 98.028441
2787 100.000000 46.925536 40.423529
625 100.000000 46.160147 40.567658
148 100.000000 0.000000 5.882353
6338 71.324133 0.000000 11.406456
7475 84.125027 49.322059 100.000000
12019 72.765254 0.000000 78.692954
12679 72.301202 0.000000 77.042677
1534 23.404255 0.000000 0.000000
1324 24.468085 0.000000 0.000000
8736 23.954691 0.000000 2.456131
8704 100.000000 86.868687 100.000000
10892 100.000000 87.541071 90.017897
14029 100.000000 87.878788 100.000000
8668 100.000000 55.715431 28.122062
8667 100.000000 55.487161 24.070079
10077 41.803649 20.615193 100.000000
10078 39.712751 21.760233 100.000000
2539 0.000000 21.676379 25.278609
2538 0.000000 21.970053 21.430664
10034 0.000000 21.006308 22.153203
10947 25.440771 0.000000 22.591090
5457 7.552416 94.097839 0.000000
1740 9.883569 93.251634 0.000000
9316 100.000000 51.438920 52.809021
3412 85.051801 72.436780 100.000000
9620 100.000000 13.414666 42.230661
6398 84.598326 16.629837 100.000000
2471 87.522989 18.289196 100.000000
1972 87.213998 19.507887 100.000000
4183 7.865169 0.000000 100.000000
17189 7.281103 0.000000 97.036032
17190 8.115937 0.000000 96.658663
11528 49.628745 0.000000 55.105157
6705 50.277902 0.000000 47.844210
1704 93.333314 19.911967 0.000000
12223 0.000000 63.726028 71.997304
3325 0.000000 40.872050 4.688322
164 0.000000 40.776699 0.000000
8047 27.384913 37.398156 100.000000
12833 90.481527 0.000000 68.320435
9523 90.149194 0.000000 70.729005
12586 89.831303 0.000000 68.137517
12513 77.732051 97.746082 0.000000
9604 73.568962 97.550587 0.000000
6082 47.549280 0.000000 11.501266
2890 46.994278 0.000000 17.230769
2891 46.562485 0.000000 11.193480
13149 47.852317 52.040472 100.000000
8892 47.838741 50.985297 100.000000
13000 49.778913 51.566813 100.000000
13837 2.708311 36.497238 100.000000
13827 0.000000 53.354149 26.735790
6433 0.000000 52.473858 26.726931
2836 0.000000 52.723183 29.763818
12426 71.371659 81.455836 100.000000
5495 72.918214 82.279630 100.000000
9175 70.307215 82.246686 100.000000
5671 0.000000 14.063319 37.801081
11901 0.000000 13.752190 43.249713
5684 5.581100 0.000000 74.490151
11589 5.693436 0.000000 71.515675
10092 94.766873 6.300574 100.000000
16667 97.507410 8.266856 100.000000
16668 97.038751 8.570510 100.000000
2774 95.224012 5.556122 100.000000
4300 0.000000 28.567469 84.575188
9749 24.325500 0.000000 45.376526
428 23.862959 0.000000 47.378387
427 23.728976 0.000000 44.681634
12042 9.071978 0.000000 73.115133
12043 9.198105 0.000000 75.635891
13180 8.638964 0.000000 74.510275
11026 49.687771 14.196713 100.000000
7823 18.062059 100.000000 75.373507
2765 23.887426 100.000000 83.452549
2438 18.293166 100.000000 66.019276
3707 100.000000 9.677542 75.397947
3706 100.000000 10.083101 78.832547
5234 100.000000 37.005142 46.711888
5232 100.000000 36.749583 44.379737
5233 100.000000 37.450195 44.970593
3442 0.000000 74.413083 22.516794
13022 0.000000 74.156471 26.165974
3440 0.000000 74.948877 25.826196
1553 51.539042 87.723738 0.000000
2912 51.674909 88.494088 0.000000
12041 100.000000 68.652844 75.560427
1707 100.000000 69.173698 67.416651
1706 100.000000 69.782714 75.376259
7259 0.000000 68.582383 47.835016
7260 0.000000 69.475372 44.353073
159 0.000000 68.294609 42.219093
13794 3.216902 16.160962 100.000000
5777 100.000000 48.616671 10.468557
12369 100.000000 47.536864 9.657504
17681 100.000000 48.370644 7.409483
17682 100.000000 49.042743 7.954616
4955 0.000000 67.208324 29.175663
8802 0.000000 66.900532 33.913749
13204 0.000000 68.099795 32.656943
4939 76.159252 62.176618 100.000000
13276 96.021134 90.574243 100.000000
8247 95.190771 89.632367 100.000000
17375 97.698014 89.728685 100.000000
11912 100.000000 89.278705 93.176672
9487 100.000000 88.888889 100.000000
10669 0.000000 22.715283 71.583833
10670 0.000000 22.927135 66.960420
7932 79.057018 43.394715 100.000000
7931 81.240343 44.894125 100.000000
9413 0.000000 93.726197 59.653704
12179 86.941206 98.622286 0.000000
10654 0.000000 42.151164 23.205243
10655 0.000000 42.635631 24.944618
10656 0.000000 42.833451 22.744899
12537 0.000000 41.564273 31.006581
4711 0.000000 41.604481 32.709207
10815 0.000000 42.013270 31.527203
5875 0.000000 36.235369 15.400406
5884 0.000000 36.434049 12.871793
28 51.034870 24.659012 100.000000
13206 52.320817 22.937515 100.000000
12010 0.000000 53.182052 70.037429
10933 0.000000 57.790028 65.409120
11454 0.000000 56.971472 65.915526
11411 24.591435 26.712910 100.000000
12247 26.807768 24.549051 100.000000
10510 26.992072 26.263696 100.000000
11481 0.000000 71.573229 22.941606
11179 0.000000 71.496936 19.456843
11178 0.000000 70.619547 21.385716
5055 74.603914 0.000000 50.170548
7798 0.000000 42.181940 33.404757
2355 15.181852 13.428956 100.000000
2356 12.370248 16.414947 100.000000
2354 11.657284 16.026680 100.000000
9187 15.409187 92.119190 100.000000
9026 13.112134 92.521466 100.000000
6436 65.624299 94.733808 0.000000
6438 65.298457 95.348421 0.000000
8748 69.387209 95.246299 0.000000
6243 100.000000 80.527872 34.075347
6032 0.000000 21.781283 71.823008
3059 2.774731 0.000000 83.310293
8274 0.000000 47.372120 47.735821
5582 0.000000 46.683141 45.858262
12817 0.000000 46.599143 48.975821
5487 22.121064 88.265958 100.000000
719 72.403717 0.000000 71.499580
718 72.347721 0.000000 74.269995
8637 71.891602 0.000000 72.432742
451 26.146042 0.000000 51.727928
12547 26.623852 0.000000 49.263941
452 26.913620 0.000000 52.830647
10848 44.303913 37.753086 0.000000
7471 41.864196 36.653602 0.000000
12721 100.000000 43.783267 70.583978
4873 100.000000 43.754470 68.516386
7086 100.000000 44.241656 70.038198
4855 12.339985 0.000000 66.230129
3405 100.000000 21.641014 7.183209
3406 100.000000 20.941017 7.597345
3407 100.000000 20.868414 4.586770
6343 68.386305 56.704015 100.000000
7383 70.828231 56.688475 100.000000
1086 50.932831 94.291799 0.000000
1087 53.422674 93.956341 0.000000
8963 9.375000 100.000000 100.000000
14076 6.250000 100.000000 100.000000
10362 7.575309 99.566628 100.000000
16738 6.068301 100.000000 93.977623
16739 4.428367 100.000000 94.820752
10202 93.806707 36.016423 0.000000
2507 91.912899 33.849352 0.000000
5150 90.900377 34.137294 0.000000
2817 3.802010 0.000000 30.441806
2819 4.258706 0.000000 34.369247
11941 0.000000 28.826208 94.001129
5011 57.515284 20.368272 100.000000
12851 59.421764 21.889416 100.000000
941 57.577333 22.581359 100.000000
5393 100.000000 26.241660 41.665579
5392 100.000000 26.886569 43.556825
6800 66.349506 0.000000 76.202777
6865 37.897581 96.923831 0.000000
5472 37.013105 97.143539 0.000000
1387 100.000000 29.921996 78.409688
12778 100.000000 30.796038 78.169011
9171 46.589174 69.124669 100.000000
6883 49.401639 69.116717 100.000000
6882 48.548313 70.021124 100.000000
7002 30.907131 16.522815 0.000000
7330 42.575095 41.601893 0.000000
7332 39.120364 41.376537 0.000000
1249 27.151490 86.220335 100.000000
5256 83.075682 96.307479 0.000000
9409 78.225229 96.009454 0.000000
5531 100.000000 40.165310 81.326746
1036 22.471910 0.000000 100.000000
4585 23.595506 0.000000 100.000000
17278 20.680653 1.796331 100.000000
1035 18.094667 3.182733 100.000000
17279 20.469096 1.304144 100.000000
8342 0.000000 43.615464 33.691695
9611 0.000000 43.446137 34.883869
18000 0.000000 43.711604 34.848021
6706 49.778931 0.000000 40.256707
10146 49.442530 0.000000 34.305097
12449 94.817775 42.732336 100.000000
3738 97.212774 44.545419 100.000000
13489 94.382982 43.678189 100.000000
11715 82.276106 21.426924 0.000000
8055 84.294746 22.050538 0.000000
7605 41.251960 77.373900 0.000000
6247 0.000000 17.489723 10.259211
10736 26.781120 86.458412 0.000000
10961 22.997977 86.048023 0.000000
6671 23.316978 86.877407 0.000000
12900 100.000000 88.628014 41.748058
6337 100.000000 87.616011 36.196410
10866 100.000000 24.860513 89.812675
6395 100.000000 24.990407 93.403519
2524 100.000000 24.038319 92.122800
3732 57.730596 53.122133 0.000000
11387 2.975408 0.000000 37.834396
8266 47.464319 97.278329 0.000000
6776 47.814984 97.139606 0.000000
6778 46.543834 97.180859 0.000000
1375 6.329787 0.000000 20.757233
9236 5.880249 0.000000 20.706688
16423 5.515934 5.324127 0.000000
16404 5.449313 4.772786 0.000000
16883 3.320091 7.208794 0.000000
12816 0.000000 93.630242 16.073744
5698 0.000000 92.541110 14.531573
907 0.000000 92.652439 22.045443
8679 100.000000 12.952375 26.959559
8788 100.000000 13.934601 30.417835
2748 100.000000 35.671667 34.506970
2749 100.000000 36.192507 36.965282
2747 100.000000 35.424582 37.170733
3215 41.717369 0.000000 46.465156
8639 42.726588 0.000000 47.235520
5936 100.000000 42.578509 41.409057
10094 100.000000 43.029454 40.757494
13524 73.656360 97.944826 100.000000
12113 74.571386 99.015716 100.000000
16590 20.167073 0.000000 2.835238
3041 19.148936 0.000000 0.000000
2752 0.000000 31.552376 44.501605
9319 0.000000 31.716939 42.040160
8426 0.000000 31.040259 42.185118
13464 51.521509 97.689497 0.000000
8641 53.418095 81.224811 0.000000
3091 55.618797 80.675803 0.000000
8642 52.058478 80.443542 0.000000
3562 71.427039 97.946406 0.000000
7593 39.407979 71.192028 0.000000
2154 0.000000 51.390116 91.615106
18018 0.000000 50.874807 91.840471
214 0.000000 51.225929 93.763780
155 0.000000 48.435673 70.243839
156 0.000000 48.176343 68.505504
10074 24.106670 85.529169 100.000000
12481 23.786959 84.420097 100.000000
1250 26.633095 84.947740 100.000000
74 47.392575 59.161423 0.000000
5086 45.885987 60.269136 0.000000
72 51.734721 60.095758 0.000000
13771 48.992468 16.273470 100.000000
8062 26.948400 0.000000 46.435362
1208 27.677094 0.000000 45.995991
950 60.231510 16.300880 100.000000
4079 58.917718 17.463383 100.000000
8617 58.204572 15.082691 100.000000
5493 100.000000 2.264204 23.534984
1338 100.000000 2.671632 29.043379
1337 100.000000 1.798058 27.896161
3302 100.000000 27.226119 25.136482
13820 100.000000 28.028959 26.588949
13559 100.000000 27.439464 28.272258
4849 52.060888 0.000000 56.015823
9235 83.003307 0.000000 57.700689
4932 100.000000 28.895299 92.560329
949 61.122721 19.143438 100.000000
12216 5.937451 0.000000 18.578028
7574 5.493432 0.000000 16.131017
2183 34.835389 0.000000 41.908099
3938 35.558216 0.000000 37.472294
2184 35.861275 0.000000 43.287921
4281 0.000000 36.809990 58.606241
10719 100.000000 37.807554 42.988881
10720 100.000000 37.123815 42.420251
3330 0.000000 52.445996 66.613928
3329 0.000000 53.080119 67.290864
2965 94.904945 59.925017 0.000000
7872 89.552133 60.230371 0.000000
12526 3.610047 90.257795 0.000000
3647 5.752731 90.939920 0.000000
2595 6.667679 90.089495 0.000000
7250 92.679458 0.000000 58.023166
6617 92.569733 0.000000 59.986329
7251 92.180113 0.000000 57.976782
5670 0.000000 14.789401 42.222394
11952 87.425807 78.245594 100.000000
12488 86.094661 77.501486 100.000000
9502 100.000000 38.446848 54.841323
10738 100.000000 38.100581 52.645219
10737 100.000000 38.781669 52.804543
37 100.000000 41.437918 84.119468
2496 0.000000 7.542482 32.702149
3450 90.991621 0.000000 84.906992
3449 91.345024 0.000000 81.649374
5299 92.083453 0.000000 85.253861
89 0.000000 50.027348 82.791287
1595 0.000000 49.969254 83.129220
90 0.000000 50.068344 83.155091
8356 0.000000 0.000000 0.000000
7266 49.135523 81.024219 0.000000
7619 21.530010 86.031249 100.000000
12749 24.179891 86.613252 100.000000
7148 91.685584 0.000000 56.619286
2445 92.105593 0.000000 55.508197
1335 92.134831 0.000000 100.000000
16669 92.969683 1.835795 100.000000
4900 91.011236 0.000000 100.000000
12863 100.000000 79.096336 89.857940
3334 0.000000 92.392168 7.123151
9174 67.634420 82.210021 100.000000
7323 68.749265 81.399970 100.000000
9834 100.000000 33.112231 63.640830
13876 100.000000 32.285986 63.929780
2125 0.000000 30.784542 66.227472
2124 0.000000 29.997224 67.594082
7058 0.000000 30.667749 69.618959
8634 15.384615 100.000000 0.000000
5938 19.230769 100.000000 0.000000
19 0.000000 49.237432 18.339946
2627 0.000000 49.077762 16.335914
11794 0.000000 48.567678 18.503397
1378 68.541670 98.603048 100.000000
8429 65.138417 98.500914 100.000000
1379 66.133324 97.695466 100.000000
3491 0.000000 44.216231 37.221672
17937 0.000000 44.030933 38.090348
3568 0.000000 44.357752 38.863584
17938 0.000000 43.947246 37.380777
1004 26.927925 0.000000 71.370576
11419 27.363965 0.000000 69.068518
12442 31.477289 88.654200 0.000000
2329 31.024965 87.709506 0.000000
13839 27.448241 88.136631 0.000000
12728 100.000000 20.628503 28.368655
13936 100.000000 19.841601 29.652015
4118 49.535147 12.288247 0.000000
4120 51.496458 11.666318 0.000000
13365 50.074327 9.090145 0.000000
4292 85.866529 56.632053 100.000000
2161 88.367185 56.284632 100.000000
9352 0.000000 41.965867 25.576743
9398 0.000000 41.419417 23.863709
8334 0.000000 41.279755 26.472891
7296 100.000000 50.716126 16.989245
7920 100.000000 50.134133 13.453763
11761 100.000000 51.144695 12.961925
1927 49.669955 0.000000 83.981702
10732 49.381110 0.000000 76.626631
2374 50.542396 0.000000 77.160577
12921 100.000000 17.996595 45.912605
5383 64.788913 37.623891 0.000000
12109 1.326060 0.000000 37.528077
2929 1.348737 0.000000 31.423974
2931 1.960725 0.000000 36.026829
13122 4.224670 0.000000 64.442013
11329 66.100905 72.699397 100.000000
12075 63.295789 72.462817 100.000000
11543 0.000000 32.203740 23.970709
13816 0.000000 32.040964 21.742464
13634 0.000000 31.494846 23.008363
4851 100.000000 76.187849 77.005399
7280 100.000000 75.484569 83.764653
5366 100.000000 63.623705 38.866025
9842 100.000000 63.759257 30.790842
5318 100.000000 64.510398 34.440422
13350 100.000000 38.068195 41.452125
11457 29.817354 55.413568 100.000000
11458 32.831402 55.850040 100.000000
973 100.000000 23.841596 84.868814
3470 51.566540 69.174176 100.000000
4660 13.899378 96.524201 100.000000
11108 16.491105 96.951324 100.000000
809 72.786537 0.000000 25.010445
807 73.395774 0.000000 25.994298
5168 88.718688 0.000000 43.905129
5169 88.984928 0.000000 45.844042
10974 81.632006 0.000000 46.031722
10975 80.827309 0.000000 44.613214
13501 100.000000 0.375048 83.530109
13793 100.000000 0.000000 88.235294
13686 100.000000 0.000000 82.352941
7629 0.000000 61.165930 12.527167
7631 0.000000 61.806303 9.920818
3394 0.000000 72.181328 39.782510
1608 16.048191 82.664933 100.000000
5284 18.485416 82.230113 100.000000
1609 18.579118 83.282817 100.000000
2776 38.906291 69.858882 100.000000
3178 0.000000 20.033659 44.184390
3179 0.000000 19.792058 48.598720
3180 0.000000 21.018161 47.630455
7835 20.968483 82.815651 100.000000
113 23.281724 82.375640 100.000000
13856 23.461149 83.373872 100.000000
420 100.000000 2.349395 15.502466
421 100.000000 2.691540 20.040936
422 100.000000 1.901217 17.847089
7948 100.000000 47.335344 43.273807
13226 100.000000 48.089131 43.734497
501 42.288698 80.699960 100.000000
502 43.189702 79.744151 100.000000
503 44.731888 80.835781 100.000000
10222 54.481451 45.736492 100.000000
10220 55.914881 46.468171 100.000000
10221 54.279309 46.835773 100.000000
3509 95.792414 16.291331 100.000000
13116 33.163670 26.224214 100.000000
7196 31.970682 24.929940 100.000000
12444 34.582556 23.940811 100.000000
11372 0.000000 11.287115 59.727830
4726 0.000000 12.065299 62.560997
5442 0.000000 12.248118 58.155643
691 81.343323 30.843301 0.000000
9650 100.000000 1.125167 24.114200
2251 100.000000 0.702943 18.925251
5494 100.000000 1.473739 21.238987
7602 80.898876 0.000000 100.000000
6115 71.423096 94.105480 0.000000
2772 75.371718 94.377340 0.000000
6114 73.835546 93.591860 0.000000
9018 77.983623 29.015070 100.000000
9642 78.056524 27.630429 100.000000
841 17.854708 76.072750 0.000000
1526 23.182709 76.750353 0.000000
12636 22.581963 75.589797 0.000000
5377 100.000000 90.627795 17.813464
17746 100.000000 90.053505 8.533711
17747 100.000000 90.689582 7.125295
10237 31.529401 92.229488 100.000000
1267 80.003939 0.000000 8.089207
9969 79.467580 0.000000 3.538644
832 100.000000 43.382387 71.209304
830 100.000000 43.769268 72.180846
831 100.000000 43.493555 72.929029
12570 97.180813 5.778044 0.000000
10573 100.000000 7.692308 0.000000
10575 97.372549 4.999885 0.000000
1174 35.106383 0.000000 0.000000
1301 35.487321 0.000000 4.237446
5808 97.289730 0.000000 50.369326
13302 100.000000 46.190921 81.978338
7463 100.000000 46.019732 84.825700
9856 77.768028 0.000000 26.298403
9855 78.238433 0.000000 30.187794
13483 100.000000 45.389140 27.180689
9066 53.628257 80.660843 100.000000
11488 51.413249 81.190364 100.000000
8855 73.629025 0.000000 29.100871
4386 0.000000 100.000000 13.333333
17430 2.105648 100.000000 10.886273
7462 100.000000 45.230967 83.863311
4471 95.780116 16.995182 0.000000
9943 76.750235 6.176553 0.000000
307 75.112065 3.791060 0.000000
17525 73.467830 3.240632 0.000000
9942 73.679512 4.297452 0.000000
17526 71.584571 1.938093 0.000000
75 22.764116 0.000000 28.103566
1819 0.000000 28.442792 61.554025
1818 0.000000 29.322546 62.895510
5136 7.298066 34.714778 100.000000
6515 10.142625 32.994221 100.000000
1439 92.449907 32.296849 100.000000
7592 92.596810 33.727238 100.000000
3051 100.000000 45.828978 67.571944
4994 100.000000 45.462832 64.969502
6441 100.000000 46.189018 65.440408
11963 24.199807 39.850184 100.000000
11964 26.690874 39.057516 100.000000
11813 25.472764 40.715107 100.000000
9862 0.000000 31.475975 68.043778
3226 0.000000 31.420061 71.429627
195 0.000000 32.194403 69.631590
8214 0.000000 14.000000 100.000000
8215 0.000000 15.000000 100.000000
17135 0.000000 14.617279 97.002696
1663 91.215357 0.000000 46.302532
7651 91.560445 0.000000 48.753745
12027 90.903636 0.000000 48.895221
5097 83.333371 84.367212 0.000000
5096 85.030534 85.017183 0.000000
859 100.000000 17.609954 91.578661
5480 100.000000 17.914640 95.672160
5316 91.980995 0.000000 31.357498
3022 91.536976 0.000000 31.889130
6999 2.247191 0.000000 100.000000
17318 2.214948 0.636487 100.000000
17321 1.685804 0.712652 100.000000
11280 2.770821 0.000000 53.798478
12991 67.508895 82.582804 0.000000
1346 15.730337 0.000000 100.000000
18122 13.571603 2.246880 100.000000
18123 13.369065 1.977791 100.000000
6967 0.000000 9.005807 50.489008
1750 0.000000 9.986410 49.648437
6013 0.000000 9.356210 45.699786
8876 100.000000 72.033293 49.332529
474 96.585311 0.000000 79.483479
4890 97.251092 0.000000 76.476999
10405 77.547455 2.053035 100.000000
13060 76.090125 1.711216 100.000000
8785 75.280899 0.000000 100.000000
5140 47.256635 72.370530 100.000000
5139 46.309704 71.389374 100.000000
16662 98.672547 14.993177 100.000000
7807 0.000000 93.869956 38.470737
10958 0.000000 92.950354 36.272193
13516 100.000000 9.422615 21.777952
6913 10.746298 28.086306 100.000000
2007 11.113365 26.489473 100.000000
10710 13.541753 25.339164 100.000000
12297 0.000000 16.583404 73.029648
4113 0.000000 17.135639 76.087287
1003 0.000000 17.433360 72.474475
11563 81.621353 0.000000 18.824451
18052 81.299009 0.000000 22.301595
18053 80.716932 0.000000 19.124995
8685 100.000000 82.428422 57.508904
9119 100.000000 83.151264 55.001697
13651 63.892210 42.764814 100.000000
3488 19.550313 0.000000 54.179708
1697 18.601416 0.000000 52.269567
5504 29.117667 0.000000 79.218279
5721 100.000000 27.797297 63.368474
3342 100.000000 28.437951 61.142047
3341 100.000000 28.794227 63.644142
11909 27.188835 0.000000 56.453608
7347 27.685619 0.000000 53.988074
2714 11.060206 44.045558 100.000000
5774 100.000000 56.095483 65.375564
5773 100.000000 57.258986 68.489311
11797 100.000000 56.320790 71.011206
11905 90.915851 0.000000 18.924047
1683 91.208590 0.000000 21.093335
9516 14.599186 100.000000 86.122558
17694 100.000000 38.193406 5.052452
17695 100.000000 38.513197 5.076294
12881 100.000000 5.769231 0.000000
17549 98.814030 4.065275 0.000000
17527 97.955129 3.706877 0.000000
7070 20.473176 0.000000 84.461389
8077 19.830720 0.000000 90.222652
959 19.024595 0.000000 82.097250
3878 16.993086 0.000000 49.564641
3879 16.160799 0.000000 50.636725
3880 16.283803 0.000000 45.999413
13173 91.320804 75.640306 100.000000
7179 90.708086 74.656076 100.000000
14002 93.693679 75.057717 100.000000
7832 6.226710 0.000000 38.809842
7831 6.686389 0.000000 37.368047
6944 52.811142 98.890308 0.000000
18155 51.868245 98.917922 0.000000
18148 52.589344 99.000093 0.000000
2285 0.000000 49.862894 83.836608
5239 0.000000 49.861074 83.488004
12218 0.000000 49.764392 83.619088
4404 0.000000 73.011368 59.265633
12031 0.000000 72.468797 54.184437
1201 0.000000 0.000000 17.647059
4296 0.000000 0.537357 16.498032
1295 0.000000 0.000000 11.764706
5468 18.433593 70.750585 100.000000
12756 100.000000 42.659964 39.717761
9966 100.000000 42.258727 40.036342
17972 100.000000 42.385932 38.795445
6466 70.094300 0.000000 56.824755
1983 69.918682 0.000000 59.473864
3785 62.500000 100.000000 100.000000
13196 59.375000 100.000000 100.000000
8518 60.283575 99.024740 100.000000
1498 75.680512 0.000000 75.031657
1496 76.439975 0.000000 77.289111
12992 92.390516 0.000000 51.688280
9427 92.213943 0.000000 49.045747
10684 92.838402 0.000000 49.775300
11999 3.297622 0.000000 23.820306
11886 3.373122 0.000000 21.064602
12491 73.943057 70.432898 100.000000
9253 70.989677 69.657817 100.000000
12643 22.078031 79.369588 0.000000
8848 19.552153 79.909247 0.000000
313 74.420018 0.000000 87.421690
312 74.831954 0.000000 91.033732
5430 73.997427 0.000000 91.291238
839 17.829417 75.002943 0.000000
8578 13.064888 74.311265 0.000000
407 54.315953 94.879360 0.000000
405 53.922272 94.474445 0.000000
9796 57.279664 31.365165 0.000000
6031 59.310843 30.095288 0.000000
10609 54.589898 49.326641 100.000000
8722 57.329941 49.716685 100.000000
10582 25.008856 95.173950 0.000000
11304 8.631299 38.274725 0.000000
258 100.000000 8.455741 20.039125
257 100.000000 7.750146 23.491177
2473 100.000000 51.107505 5.967183
7498 100.000000 50.583934 9.463662
8813 100.000000 53.713314 21.268131
9941 100.000000 54.613742 17.646891
5253 100.000000 54.719605 22.517697
6461 0.000000 77.834145 23.874984
4338 0.000000 77.762528 28.508228
11711 0.000000 78.602885 26.250753
643 4.571541 100.000000 37.414642
641 9.083004 100.000000 39.855943
4671 24.384819 0.000000 18.261129
7937 100.000000 30.544921 45.365488
1805 100.000000 31.298419 44.699541
5421 100.000000 31.135622 46.905362
4346 100.000000 41.615617 71.594149
4344 100.000000 41.981891 70.317618
12665 100.000000 72.248508 93.818903
6657 0.000000 43.347757 11.233332
13669 36.302312 38.452751 0.000000
10572 97.011986 40.769793 100.000000
16418 1.004700 1.013479 0.000000
16440 0.578854 0.809314 0.000000
16926 0.490140 1.339273 0.000000
3605 34.027435 21.758731 0.000000
10508 37.099238 20.469768 0.000000
7836 100.000000 63.079975 93.089105
17528 85.655909 3.093557 0.000000
17539 84.946977 2.954134 0.000000
3348 81.616822 0.000000 40.138030
3349 81.839743 0.000000 36.960521
3347 82.372638 0.000000 39.506367
9570 62.376372 52.550520 100.000000
10030 61.720325 51.539519 100.000000
8422 64.022694 51.957888 100.000000
7871 71.898179 83.084431 100.000000
5497 74.542346 83.105324 100.000000
1546 85.640531 0.000000 35.574514
7353 85.921894 0.000000 33.595469
7354 86.274371 0.000000 35.366139
3483 0.000000 36.223493 55.690675
3482 0.000000 35.317680 56.087389
2113 0.000000 35.804920 58.747915
3362 86.753327 64.182106 0.000000
981 91.443733 64.707634 0.000000
10209 0.000000 73.449885 12.621228
11529 91.360958 15.252250 100.000000
12541 81.860902 19.983093 100.000000
11987 78.135853 16.393880 100.000000
13786 100.000000 30.147204 97.011390
2976 37.234043 0.000000 0.000000
2975 37.515681 0.000000 6.587204
3363 36.366278 0.000000 5.777937
852 89.340344 0.000000 57.065933
18020 89.714994 0.000000 57.128873
8472 89.702784 0.000000 58.483869
3667 0.000000 51.437240 72.859237
13008 0.000000 51.456777 74.830924
12313 89.817981 68.993082 100.000000
10569 92.586839 69.625925 100.000000
5017 89.902692 70.211429 100.000000
2083 33.665363 95.339183 0.000000
12608 31.346651 95.580807 0.000000
4147 33.619569 95.725096 0.000000
7688 43.546002 69.118215 100.000000
7687 41.878839 68.139037 100.000000
2942 0.000000 28.317097 13.875579
2943 0.000000 27.631817 13.750987
2944 0.000000 28.069004 16.850410
13209 75.405285 0.000000 70.788938
660 74.755885 0.000000 71.923727
699 100.000000 70.764244 74.025850
219 4.279447 83.959378 0.000000
9449 4.017852 83.050418 0.000000
9450 0.000000 83.495146 0.000000
10481 61.449568 80.954790 100.000000
10483 61.525643 81.903890 100.000000
1645 63.012555 78.994598 0.000000
360 28.064371 57.821722 0.000000
17884 100.000000 59.258785 6.690399
17882 100.000000 59.645248 7.322836
17887 100.000000 60.098678 7.291009
7308 97.487925 43.548445 100.000000
6793 100.000000 35.427274 49.889874
8371 22.881536 0.000000 9.799839
8693 71.875000 100.000000 100.000000
8742 69.579327 99.424287 100.000000
8743 71.821547 99.227709 100.000000
4617 100.000000 0.000000 29.411765
4267 9.344104 0.000000 12.853332
13654 92.332715 0.000000 32.850215
11434 91.801206 0.000000 33.371857
2882 88.533109 71.287220 100.000000
2457 49.669585 30.221557 0.000000
8284 46.598664 28.442000 0.000000
5573 45.328717 30.860189 0.000000
1838 0.000000 66.412974 26.203311
6235 20.472732 50.531553 100.000000
10465 0.000000 78.220928 59.554005
3117 89.986260 96.122100 0.000000
13648 87.653194 96.664835 0.000000
5435 0.000000 23.828331 36.591328
2916 96.490476 0.000000 66.158840
4889 96.863118 0.000000 71.033256
7814 95.890172 0.000000 69.838553
1627 23.537237 0.000000 21.632999
1628 23.503727 0.000000 25.033754
1626 22.862542 0.000000 22.628620
10400 91.934226 15.108854 0.000000
439 91.721611 14.017694 0.000000
13120 37.675338 0.000000 46.677186
2677 38.185466 0.000000 51.565245
3947 37.109164 0.000000 50.508803
3221 80.090828 88.810110 0.000000
4548 0.000000 78.998863 70.661944
4547 0.000000 78.263088 68.432972
10874 0.000000 78.174718 72.779613
2615 75.039691 0.000000 76.854742
8454 74.950280 0.000000 80.489618
11924 77.012706 96.640915 0.000000
717 80.905081 96.788813 0.000000
9920 100.000000 6.402829 49.203293
7020 33.253493 0.000000 14.981293
3538 44.443251 0.000000 70.958505
2920 43.369270 0.000000 65.478601
6772 0.000000 28.917682 8.932029
10983 100.000000 60.606061 100.000000
12670 100.000000 61.111195 92.749479
13940 100.000000 61.616162 100.000000
5133 70.069074 0.000000 19.100700
9240 70.599261 0.000000 17.070817
11323 70.701334 0.000000 20.217653
4144 100.000000 52.955250 47.235958
8692 100.000000 52.182539 50.619849
8691 100.000000 51.893260 46.220457
4156 16.855835 0.000000 53.798295
9183 0.000000 42.949354 89.369647
9226 39.641543 8.674497 100.000000
7775 37.963521 10.097244 100.000000
7718 38.690297 7.612186 100.000000
9388 93.328305 0.000000 54.911626
5513 93.892770 0.000000 54.933248
9387 93.595676 0.000000 57.561397
10944 82.436037 0.000000 90.077310
7603 80.903022 0.000000 89.855608
18043 81.842839 0.000000 87.194156
11014 81.493070 0.000000 83.807938
13456 82.577954 0.000000 80.844413
18037 82.539225 0.000000 85.035770
4051 0.000000 73.591474 23.987845
4050 0.000000 72.945935 21.630064
6222 0.000000 72.788585 25.690599
1348 31.656892 79.718976 100.000000
1423 100.000000 41.346154 0.000000
16993 100.000000 41.356620 2.166092
5948 100.000000 40.816149 3.642253
17016 100.000000 40.862954 1.554997
2289 21.121247 0.000000 10.151929
12066 20.735958 0.000000 14.388603
12067 19.862640 0.000000 9.752230
6764 100.000000 20.342835 68.750892
6765 100.000000 21.378333 67.756576
2296 100.000000 21.189584 71.471170
13363 100.000000 9.458141 54.222982
13625 36.002718 97.610488 0.000000
5405 100.000000 77.884615 0.000000
5024 80.157679 0.000000 37.943524
2928 79.084678 0.000000 38.303874
2927 79.577734 0.000000 34.330638
2886 100.000000 47.496123 49.927857
2885 100.000000 46.865729 50.157469
1160 93.000691 0.000000 61.718236
6616 93.072517 0.000000 59.139873
2191 93.571704 0.000000 60.753465
3852 89.851687 32.778251 100.000000
5089 91.411845 35.095789 100.000000
1623 91.262295 89.611488 0.000000
3036 86.675232 89.532691 0.000000
1624 89.194630 90.356144 0.000000
1631 90.633647 72.740731 0.000000
4135 74.078271 78.106806 100.000000
10093 70.971609 78.106183 100.000000
543 71.823691 77.206917 100.000000
1897 61.890954 0.000000 84.364979
12275 60.840834 0.000000 81.909167
13831 61.756515 0.000000 78.323428
5924 0.000000 27.691012 35.668464
9835 100.000000 33.289572 60.949662
10128 81.311105 4.321880 100.000000
10406 80.093682 4.282097 100.000000
11066 100.000000 35.132592 8.350396
3462 100.000000 35.795306 10.963565
4343 100.000000 34.811847 11.203238
5 100.000000 29.259691 75.898932
5995 100.000000 29.147874 89.068956
5954 100.000000 24.757826 86.212432
9471 77.552114 14.699733 0.000000
11852 100.000000 38.449842 91.671536
12974 100.000000 35.606054 25.776054
8308 100.000000 34.986725 23.106091
5534 100.000000 35.864199 22.876607
142 100.000000 47.646441 46.547837
10898 100.000000 48.384347 46.521859
17198 28.029552 0.000000 96.130863
3143 27.397793 0.000000 93.661413
17199 27.492029 0.000000 97.217533
4747 97.270816 99.022450 100.000000
17401 97.370114 99.546400 100.000000
17380 96.054587 99.492592 100.000000
9046 100.000000 72.972842 61.099646
12712 100.000000 72.144521 58.060885
12178 100.000000 72.682735 53.658111
9878 45.763255 25.591735 100.000000
13397 12.100717 48.211588 0.000000
12116 11.044449 47.457612 0.000000
17598 9.242459 48.188982 0.000000
262 100.000000 17.947253 42.075694
9894 100.000000 17.207365 43.944146
2742 100.000000 17.142544 39.933553
573 0.000000 47.351729 91.140486
9898 0.000000 75.141942 60.437119
3620 100.000000 73.426126 53.746863
12285 23.094398 78.802096 100.000000
16985 100.000000 63.360079 6.819156
17864 100.000000 63.410218 3.808132
16990 100.000000 64.244652 7.595462
16999 100.000000 63.846283 6.840029
17866 100.000000 64.249002 4.499960
17862 100.000000 63.503237 9.339124
7344 0.000000 48.843303 36.133038
7342 0.000000 49.253907 33.330787
7343 0.000000 48.391384 33.717777
4802 100.000000 58.585859 100.000000
3791 0.000000 28.912370 40.214094
4270 0.000000 28.818356 43.881313
10991 36.362090 0.000000 54.484960
7186 35.525666 0.000000 52.092568
3359 36.146542 0.000000 48.790101
7962 0.000000 47.823819 82.851810
7850 0.000000 47.704544 84.976861
6182 11.857056 11.584116 100.000000
4998 100.000000 55.486286 93.429604
9308 0.000000 50.195204 82.616130
91 0.000000 50.125597 82.775899
18021 0.000000 50.200383 82.902033
6580 11.103933 34.846055 0.000000
1413 43.126775 23.231701 100.000000
6685 44.199729 24.328177 100.000000
1414 42.122035 24.766644 100.000000
3502 38.519579 13.304012 0.000000
3503 36.992387 12.238427 0.000000
3501 35.816915 15.527329 0.000000
4161 89.540512 18.668116 100.000000
13351 40.520955 91.595389 0.000000
7866 38.056870 91.987277 0.000000
2400 40.834780 92.271077 0.000000
9343 22.124060 60.920118 100.000000
9190 32.524415 0.000000 65.474460
10475 31.441819 0.000000 63.732899
10943 0.000000 2.725555 76.076729
11666 0.000000 2.105566 72.697809
3499 0.000000 1.914262 77.890370
12922 0.000000 37.155854 55.077108
882 0.000000 38.094234 54.354644
8753 0.000000 44.716052 1.355747
10431 0.000000 46.059106 95.825467
10511 0.000000 8.200069 91.086906
13066 0.000000 7.316247 90.010355
9158 100.000000 37.045438 27.902072
11684 100.000000 36.230686 28.364818
5535 100.000000 36.474380 25.373736
11426 3.585559 82.275896 0.000000
10775 0.000000 82.524272 0.000000
9004 71.762589 0.000000 61.758270
1130 72.274696 0.000000 60.623292
8812 100.000000 53.586883 16.646539
3075 49.987768 38.296404 100.000000
350 51.550753 39.429659 100.000000
3076 49.208880 39.731818 100.000000
10801 0.000000 68.524833 12.429647
7187 0.000000 67.782706 11.324275
5027 11.433333 0.000000 73.174283
13588 11.110789 0.000000 69.336711
2569 0.000000 35.114241 31.373524
12355 0.000000 35.383868 33.870531
8879 0.000000 35.941666 32.096592
8851 100.000000 78.145369 41.160442
13602 100.000000 77.192871 38.760669
12859 81.095863 0.000000 25.413426
1661 81.137878 0.000000 28.412011
11655 0.000000 32.737904 91.040068
6832 0.000000 32.989336 94.627935
1617 0.000000 40.097128 71.364990
2554 20.990419 0.000000 65.012880
6629 0.000000 49.099942 84.706948
3093 0.000000 49.204594 83.712491
1462 18.142164 63.221581 100.000000
1461 15.497281 63.577106 100.000000
1835 78.125507 0.000000 36.392289
12078 78.211581 0.000000 40.242538
1482 9.112014 88.392627 0.000000
7365 13.307012 88.430694 0.000000
11586 100.000000 7.105397 10.812213
10374 100.000000 8.049551 8.512728
6190 53.803151 56.800588 100.000000
5927 55.490387 57.630001 100.000000
13594 92.257323 41.984465 100.000000
3369 49.369326 88.809517 100.000000
2893 46.918569 88.331001 100.000000
6656 7.439724 0.000000 69.283325
7555 7.797036 0.000000 70.988330
5868 41.376804 91.832648 100.000000
5010 41.695088 90.856275 100.000000
7839 0.000000 25.527718 38.738113
1863 0.000000 24.925955 35.112071
5436 0.000000 24.604132 39.372258
13481 100.000000 38.344408 50.421582
13619 100.000000 37.771743 47.918219
12229 100.000000 38.591316 48.053454
11996 32.065284 42.097177 0.000000
7702 33.287718 40.168097 0.000000
6605 28.631287 41.380740 0.000000
17750 100.000000 88.984308 6.866626
17794 100.000000 88.689088 8.278618
6270 93.563746 30.876966 0.000000
6271 92.212875 30.939585 0.000000
6272 95.245909 33.112393 0.000000
13408 72.015060 0.000000 31.690130
10859 72.208580 0.000000 30.207930
6635 76.357476 81.451345 100.000000
1907 76.916398 80.429802 100.000000
4275 79.014766 81.400205 100.000000
4596 43.312313 37.046305 100.000000
4370 100.000000 45.581653 49.405785
4369 100.000000 46.347584 51.854084
9022 100.000000 45.624542 52.526049
12436 1.901734 41.391766 100.000000
6639 3.364103 39.996945 100.000000
10660 4.205194 40.429260 100.000000
4563 31.994211 82.764504 100.000000
4561 33.221377 83.727253 100.000000
1870 24.271893 11.682100 100.000000
488 23.787933 13.414279 100.000000
487 20.590908 15.664301 100.000000
330 100.000000 84.925618 33.698173
8906 100.000000 83.992166 33.544149
17751 100.000000 84.415137 25.136645
17753 100.000000 83.542382 25.473043
17754 100.000000 83.972071 25.570413
1607 16.113366 83.760025 100.000000
10215 15.902824 68.435334 0.000000
13915 21.441755 69.138356 0.000000
10804 21.356061 67.896115 0.000000
7420 87.551167 0.000000 27.429362
6540 88.001970 0.000000 28.780175
11085 92.090292 12.365337 0.000000
4268 100.000000 41.502274 32.904196
8031 100.000000 38.746806 60.983516
12496 100.000000 39.072757 59.352779
7526 77.047694 31.242076 100.000000
244 5.837691 0.000000 66.077854
10591 5.472971 0.000000 64.781348
245 5.861586 0.000000 63.375545
6611 4.173610 0.000000 28.783804
10203 4.618235 0.000000 28.929452
3953 40.440991 14.172088 0.000000
4787 71.442213 21.327473 0.000000
4786 74.687913 23.375453 0.000000
4521 72.833004 20.462029 0.000000
13200 87.748109 83.351350 100.000000
11289 90.603512 83.281926 100.000000
10726 89.570023 84.219696 100.000000
3705 44.309087 93.725347 0.000000
4730 47.235042 94.118990 0.000000
6810 89.458185 59.567479 100.000000
3281 87.075292 60.161265 100.000000
11291 0.000000 37.578479 29.542507
435 0.000000 36.677403 29.936880
6779 100.000000 18.058315 29.446435
404 100.000000 18.384480 25.784757
13697 100.000000 41.627689 88.911920
36 100.000000 41.991260 86.613655
2921 100.000000 42.756516 89.799314
13572 100.000000 34.717569 80.569687
12106 100.000000 34.544830 77.426223
11412 24.723208 28.401450 100.000000
5172 66.450993 71.111431 0.000000
12249 100.000000 32.323232 100.000000
3384 0.000000 98.907102 50.979252
12211 0.000000 99.125769 42.671539
2059 0.000000 98.134174 44.826464
12819 95.416625 0.000000 61.635117
553 94.752015 0.000000 60.728952
12282 95.230437 0.000000 58.435459
9568 73.853860 0.000000 80.695510
6824 11.117756 33.554437 100.000000
10144 83.881419 0.000000 59.995489
4215 84.496589 0.000000 61.388031
5236 84.047109 0.000000 63.555911
4212 60.273207 0.000000 21.755305
4028 59.204331 0.000000 21.870062
9751 59.599508 0.000000 16.189620
12792 50.079761 97.700730 0.000000
12793 50.986199 97.816828 0.000000
11132 100.000000 73.481020 25.117427
7656 3.865124 38.216914 100.000000
6638 4.370315 38.818372 100.000000
9797 100.000000 39.942906 65.275985
7664 100.000000 40.184433 63.458078
12489 100.000000 9.192806 71.959826
10946 68.252789 0.000000 6.276107
17251 67.397954 0.000000 5.954551
4512 0.000000 46.529730 59.488329
7907 100.000000 60.769540 26.310881
11416 100.000000 59.926096 31.895483
11279 0.000000 54.731104 46.825420
6960 0.000000 53.803793 48.538384
744 46.553860 33.839768 100.000000
12053 48.612558 34.560888 100.000000
11614 88.878607 48.724491 100.000000
13566 21.834338 19.088544 100.000000
12539 18.738027 21.837051 100.000000
4717 19.603795 19.452224 100.000000
9539 85.515601 0.000000 43.931751
18054 85.574356 0.000000 42.206003
3930 0.000000 38.332881 67.089274
1714 0.000000 38.114582 69.714249
8244 25.794204 49.206564 100.000000
3727 100.000000 33.838914 26.370618
13296 100.000000 32.840104 26.285615
12295 100.000000 33.365160 23.947267
1625 93.897513 90.406394 0.000000
13424 91.320014 91.170003 0.000000
18068 84.481365 0.000000 36.363545
18057 84.345498 0.000000 35.012065
9602 0.000000 79.479913 24.260225
392 0.000000 78.793633 20.895757
4351 47.914161 5.582700 0.000000
4349 47.783319 2.785895 0.000000
4350 46.395231 5.515825 0.000000
10212 100.000000 44.418501 53.414210
12094 100.000000 43.845506 53.573951
13205 100.000000 43.971614 51.301708
6485 45.947422 78.919458 100.000000
11395 46.424748 80.127280 100.000000
10439 35.184208 0.000000 31.714191
4016 35.776538 0.000000 26.726137
3863 42.647034 98.584693 0.000000
3862 44.671429 98.529784 0.000000
9987 43.416541 98.376782 0.000000
9625 69.812745 0.000000 36.000327
4382 69.848889 0.000000 31.755912
8134 70.451719 0.000000 33.977123
4383 69.142935 0.000000 32.579074
6127 91.642423 0.000000 18.669489
3662 91.276148 0.000000 16.263087
3661 92.191949 0.000000 15.779197
5072 36.617025 0.000000 61.036395
9564 37.453373 0.000000 56.543796
5560 69.242895 66.814657 100.000000
8866 65.757308 66.712432 100.000000
3932 13.844001 90.053766 0.000000
3297 11.766761 89.236462 0.000000
2596 10.192248 90.039582 0.000000
2830 22.580179 0.000000 75.694678
11772 0.000000 67.896690 4.245191
7765 58.808580 19.610736 0.000000
7767 61.396438 19.565879 0.000000
11138 58.875174 16.548293 0.000000
6463 100.000000 37.812768 80.014658
5744 100.000000 37.047452 78.680109
6464 100.000000 37.469401 76.755732
1669 59.158546 0.000000 44.674476
1670 58.606944 0.000000 37.818716
1671 59.937523 0.000000 38.886770
11968 100.000000 13.284925 80.459725
3372 53.675980 42.137909 0.000000
3211 100.000000 63.906703 55.136330
3213 100.000000 64.563672 50.322532
5691 100.000000 64.659948 58.554115
1109 32.328007 0.000000 49.632888
11942 31.183284 0.000000 48.718720
16740 61.134129 100.000000 22.301639
16741 63.673010 100.000000 18.661219
1685 0.000000 43.689320 0.000000
3640 0.000000 44.157642 53.756314
9224 0.000000 44.713893 55.982604
9048 0.000000 44.999584 53.495128
13032 100.000000 24.530804 53.053900
2576 100.000000 25.065398 51.324676
530 0.000000 77.597454 32.914974
11425 12.665917 61.856903 0.000000
12944 26.236993 87.142057 100.000000
11190 82.200531 66.727406 0.000000
7857 0.000000 38.702968 43.932434
6034 100.000000 17.721527 78.324080
4280 100.000000 16.977711 75.323480
13160 100.000000 14.901803 80.577057
4279 100.000000 15.805410 76.881954
6701 76.760812 100.000000 14.032521
6700 76.923077 100.000000 0.000000
5332 37.758821 6.531649 100.000000
16916 20.799686 8.604199 0.000000
18102 16.615613 12.631140 0.000000
16901 7.767589 20.252554 0.000000
16904 8.904943 18.708828 0.000000
1493 89.086814 0.000000 65.049594
154 0.000000 12.613666 20.041602
153 0.000000 13.640345 21.532919
2960 42.687556 95.626768 0.000000
12373 44.185204 95.990728 0.000000
12046 100.000000 25.987967 94.929451
9375 100.000000 26.739138 92.098341
9377 100.000000 27.007542 95.992899
7986 0.000000 13.608581 48.053919
8268 84.791416 34.487387 100.000000
1936 87.167735 36.689417 100.000000
200 84.323303 35.760699 100.000000
2934 84.058383 81.333502 100.000000
13508 82.482301 80.718369 100.000000
2932 84.397029 80.529148 100.000000
1067 47.068021 80.974519 100.000000
11749 96.123421 40.682933 0.000000
10167 96.714905 42.253323 0.000000
10166 100.000000 43.269231 0.000000
8046 0.000000 44.256978 15.101275
5722 100.000000 27.762521 59.366957
1100 100.000000 28.636538 58.335362
13528 100.000000 40.659827 27.841445
10375 100.000000 40.870796 25.624942
3495 0.000000 21.316072 14.013255
12121 0.000000 21.195948 18.292590
4866 0.000000 71.907333 26.752526
4867 0.000000 70.908083 26.522530
5516 0.000000 14.563107 0.000000
16907 4.334080 10.737137 0.000000
16913 4.685457 9.905646 0.000000
11165 69.696959 0.000000 21.958487
12385 84.368302 0.000000 4.801849
13445 84.162656 0.000000 1.702517
6754 100.000000 35.843421 83.211737
1874 31.380167 98.594574 0.000000
7980 33.115647 98.720552 0.000000
1872 33.338560 98.470316 0.000000
13293 0.000000 40.063159 26.378999
10297 0.000000 39.439823 26.630159
12437 0.000000 39.906304 28.507312
17989 54.293525 98.909667 0.000000
18156 53.615661 98.838762 0.000000
17966 55.442906 98.855368 0.000000
17975 56.971558 98.766413 0.000000
17996 55.584558 98.711754 0.000000
12629 75.381459 5.033535 100.000000
646 25.092193 34.930969 100.000000
10403 27.536235 33.460944 100.000000
644 27.114815 34.965070 100.000000
9244 73.339821 58.953876 100.000000
10596 74.795800 58.210195 100.000000
4364 76.160252 59.275297 100.000000
7780 81.003651 0.000000 57.048058
1351 80.632619 0.000000 61.468470
1689 16.246709 43.777684 100.000000
1688 16.872009 44.973106 100.000000
3163 3.004057 0.000000 60.129850
8558 2.824408 0.000000 64.187053
7341 2.439571 0.000000 60.630375
535 36.570109 50.571401 100.000000
10595 65.486724 29.866775 100.000000
10006 66.592463 31.865563 100.000000
11433 64.374644 30.948496 100.000000
1679 88.089511 0.000000 52.521870
1357 24.068942 69.130579 100.000000
457 97.590188 28.614349 100.000000
5837 95.149299 27.094716 100.000000
458 94.914960 25.525863 100.000000
12172 0.000000 62.687702 40.426976
12173 0.000000 61.647277 40.629740
11167 0.000000 62.159887 44.627214
11805 54.269898 65.237369 100.000000
12777 91.425871 0.000000 88.516391
4821 90.434673 0.000000 87.554003
8221 61.902059 95.471687 0.000000
6437 62.284229 94.911984 0.000000
17752 100.000000 85.297248 11.180998
11061 100.000000 25.791149 91.057888
13705 100.000000 39.476224 19.877035
11087 100.000000 39.662067 17.592232
3828 85.603821 0.000000 63.555554
5603 84.830967 0.000000 63.907156
1245 64.758230 0.000000 10.939151
2022 65.884136 0.000000 12.370691
2021 65.183641 0.000000 16.783263
3218 100.000000 34.544304 66.058315
3007 100.000000 34.018054 63.098296
115 25.511639 82.016695 100.000000
114 23.322918 81.377619 100.000000
10495 25.827248 81.108052 100.000000
8424 75.596733 49.291478 100.000000
9708 72.582647 48.787977 100.000000
13025 74.305418 48.216952 100.000000
2063 0.000000 48.116016 75.806046
4034 0.000000 48.754528 75.524324
6703 0.000000 48.423879 73.824107
2718 16.604076 22.758784 0.000000
11269 20.540810 63.972975 100.000000
3070 100.000000 32.562155 57.114996
8756 100.000000 32.769616 59.372722
10828 100.000000 23.338164 6.889414
7015 100.000000 23.970241 9.482065
13493 100.000000 45.494930 73.951661
6662 100.000000 26.985718 35.219503
8675 100.000000 26.334244 35.675732
6663 100.000000 26.583865 32.902683
12997 93.994028 0.000000 82.936255
9995 94.823031 0.000000 86.440318
6005 0.000000 81.463653 4.835767
3453 0.000000 51.278427 65.872455
13347 0.000000 51.834273 67.572142
3381 0.000000 51.991146 64.600453
3134 87.060378 0.000000 19.174840
336 39.161169 26.123446 0.000000
3131 41.200382 27.550869 0.000000
2887 100.000000 47.197386 52.811161
5499 100.000000 48.049558 52.937170
7085 100.000000 44.651751 71.344963
6917 100.000000 44.250541 72.274835
13647 6.051633 10.368379 100.000000
13753 6.472472 10.859708 100.000000
10031 3.245462 12.972965 100.000000
12131 75.188333 97.268015 100.000000
7198 37.434925 79.515564 0.000000
6805 33.222320 79.188686 0.000000
8666 90.177881 28.366880 100.000000
1441 89.362515 29.254563 100.000000
9162 100.000000 43.308120 54.128511
11250 100.000000 42.788558 52.497905
1156 30.253920 97.932089 100.000000
2273 100.000000 27.272727 100.000000
6312 100.000000 26.262626 100.000000
10639 55.754715 62.369942 100.000000
1708 100.000000 70.139158 67.195225
7794 100.000000 10.123941 71.538496
8468 71.422725 0.000000 70.479004
8469 70.879382 0.000000 71.656602
8470 70.901870 0.000000 68.261968
10914 26.963337 87.965678 100.000000
6551 71.713811 14.524899 0.000000
9239 69.574882 11.567574 0.000000
11340 68.030584 11.860099 0.000000
13808 79.036980 0.000000 18.532182
3937 78.307567 0.000000 22.804675
3936 77.619956 0.000000 18.260684
10023 77.976753 0.000000 12.799419
8118 100.000000 55.718947 55.288453
8119 100.000000 55.717027 60.368000
4110 59.256304 60.261551 100.000000
9774 87.722831 23.109230 100.000000
2250 100.000000 1.050844 15.116237
10977 75.806745 89.358869 100.000000
3782 0.000000 31.253244 51.829773
4897 100.000000 3.889671 81.045124
8508 0.000000 6.214462 15.822306
8510 0.000000 5.148896 14.761524
9217 0.000000 5.947480 20.738954
1530 57.147226 25.404416 0.000000
11763 56.109919 22.783508 0.000000
1528 54.312826 24.543882 0.000000
12068 93.432184 22.182908 0.000000
7614 96.690675 24.011525 0.000000
603 100.000000 44.890003 38.580098
9017 100.000000 45.032543 35.781568
604 100.000000 45.626871 37.963332
8252 14.824183 0.000000 76.320646
9481 15.041896 0.000000 81.917632
13307 9.287443 23.147695 100.000000
10937 8.206103 25.177054 100.000000
8105 5.326000 26.430779 100.000000
8741 0.000000 66.027418 34.486603
8740 0.000000 65.341930 36.642292
5048 0.000000 66.312181 38.566571
1192 15.994668 80.738500 100.000000
12827 17.652902 100.000000 93.433054
9515 15.235422 100.000000 93.040463
12828 18.750000 100.000000 100.000000
7074 69.470653 29.564814 100.000000
9324 70.668936 28.185143 100.000000
6991 72.442666 30.685290 100.000000
5352 58.745093 56.001712 100.000000
5354 58.066392 55.271388 100.000000
6384 60.094663 55.622150 100.000000
11124 29.260457 0.000000 46.693744
11949 28.892418 0.000000 42.780887
443 29.774042 0.000000 43.453495
9981 17.441659 90.277507 0.000000
9361 15.047932 90.706807 0.000000
9362 17.398063 91.090046 0.000000
5600 0.000000 47.366563 75.849598
12962 0.000000 46.675814 75.575935
11146 0.000000 32.350603 2.229769
10597 100.000000 39.354354 90.492839
10630 100.000000 39.524722 93.236578
10184 16.946174 37.012207 0.000000
10643 20.659865 36.599518 0.000000
4226 20.564521 34.890179 0.000000
9746 86.724383 84.189909 100.000000
7770 85.303523 85.106945 100.000000
343 76.597544 99.431513 0.000000
344 72.770097 98.896243 0.000000
5020 18.906339 68.175944 100.000000
5021 17.856350 69.055132 100.000000
2564 48.177433 55.212355 0.000000
106 43.527594 55.989474 0.000000
2565 49.622521 56.653447 0.000000
7608 100.000000 39.332084 74.070409
10359 100.000000 38.748389 72.396147
8781 100.000000 39.363841 71.846931
8819 88.173013 67.762705 0.000000
9189 33.253173 0.000000 61.254735
1216 33.658886 0.000000 67.186159
2862 89.863087 0.000000 47.487057
13007 89.623655 0.000000 50.068954
5292 0.000000 50.457188 59.643408
13675 0.000000 60.851137 52.288789
11168 0.000000 61.502949 48.745995
201 86.524997 37.776869 100.000000
12627 100.000000 34.762524 56.079280
12626 100.000000 34.798166 53.242465
10313 0.000000 35.261715 71.693659
8982 0.000000 34.532701 73.871085
8996 14.368669 48.916665 0.000000
1136 17.394945 47.584904 0.000000
11629 43.406287 95.054509 100.000000
5654 41.110726 95.481475 100.000000
3439 97.472027 2.596935 0.000000
17529 95.976965 1.157533 0.000000
2076 96.081856 2.079776 0.000000
2557 95.744681 0.000000 0.000000
17530 96.836745 1.413627 0.000000
7298 100.000000 67.448669 30.318907
2342 44.264832 62.360880 0.000000
8088 60.483597 90.385119 0.000000
2476 72.232418 0.000000 24.510291
4997 72.492729 0.000000 22.059733
825 83.209830 0.000000 26.322842
18055 82.530944 0.000000 27.081340
8483 82.598541 0.000000 30.609234
18056 83.061458 0.000000 28.796755
347 50.433075 46.769709 0.000000
9040 53.939429 46.229494 0.000000
8520 63.816097 99.215820 100.000000
8519 62.441175 98.478588 100.000000
224 100.000000 17.315871 70.896021
2160 92.411162 88.239932 0.000000
592 0.000000 26.196384 60.568032
3664 0.000000 25.339034 61.034951
175 0.000000 26.062676 63.483221
7736 100.000000 66.778023 83.002438
7735 100.000000 66.260701 73.708857
10929 54.150763 52.650435 100.000000
6814 56.206607 52.047130 100.000000
2630 100.000000 64.541263 66.847277
6890 73.889776 81.499369 100.000000
5496 75.500111 82.286133 100.000000
9873 100.000000 31.438904 64.061188
9875 100.000000 30.542110 64.077100
6459 0.000000 57.122518 41.930314
7412 18.313592 66.593597 100.000000
7413 20.854059 66.287230 100.000000
5594 19.956614 67.294425 100.000000
2175 0.000000 45.435439 35.655158
866 54.803624 82.039886 0.000000
8725 51.666579 82.629116 0.000000
4207 6.187898 32.424368 100.000000
10423 4.791876 32.505155 100.000000
10334 100.000000 30.406812 80.697916
1026 66.387795 24.897070 100.000000
7840 0.000000 25.906077 35.972823
2903 0.000000 26.803382 34.907843
1864 0.000000 25.847081 32.511492
10462 53.043342 59.746362 100.000000
13065 51.117841 59.160691 100.000000
5391 8.507183 0.000000 38.704182
8484 73.171843 0.000000 22.927122
1871 28.773994 6.876904 100.000000
1674 24.350337 10.166857 100.000000
8650 0.000000 49.514563 0.000000
3995 46.875000 100.000000 100.000000
16742 42.539019 100.000000 77.588057
16731 42.254518 100.000000 85.970370
11397 69.814922 85.555100 0.000000
10332 68.376985 86.325949 0.000000
3304 72.519309 86.247358 0.000000
7212 0.000000 13.945039 75.741021
7863 75.887586 6.585886 100.000000
7864 78.092355 7.717810 100.000000
10445 100.000000 24.914209 42.005745
12975 0.000000 30.453700 96.577748
13650 0.000000 30.000000 100.000000
9291 7.745036 0.000000 11.707629
12584 7.056767 0.000000 9.602571
2018 100.000000 5.476882 14.507753
609 100.000000 5.964599 18.873963
13889 77.589671 0.000000 41.315225
3392 100.000000 8.653846 0.000000
16599 68.215190 0.000000 96.978433
12759 69.662921 0.000000 100.000000
16595 68.935237 0.000000 97.376203
16596 69.505144 0.000000 96.773782
2860 100.000000 30.622917 14.731380
2859 100.000000 31.567102 16.705044
12358 51.779273 38.790504 0.000000
13372 54.936422 40.392107 0.000000
10658 100.000000 62.848291 74.627574
10659 100.000000 63.651568 70.162265
276 100.000000 0.649583 9.272468
3164 19.569710 71.565834 0.000000
4838 21.408435 70.456338 0.000000
5909 23.577741 19.031809 100.000000
6697 68.883582 25.787241 100.000000
2410 100.000000 2.339593 57.763118
5310 4.700319 0.000000 73.598910
177 54.511168 10.442901 100.000000
2069 53.338319 9.245913 100.000000
3296 54.273630 8.057915 100.000000
8248 92.777711 89.397769 100.000000
12074 92.913587 90.305636 100.000000
2401 46.342223 15.629520 0.000000
2402 44.648538 18.735984 0.000000
8197 76.258097 43.096033 100.000000
10703 100.000000 34.106109 23.463490
7223 100.000000 34.307651 20.072836
10638 0.000000 31.463360 19.825931
6289 0.000000 31.982681 17.032606
9860 0.000000 31.095043 16.685307
3338 93.716196 44.460165 0.000000
5606 0.000000 33.099250 34.213938
12273 0.000000 33.229653 31.826788
1847 0.000000 32.523434 33.059543
8779 62.972332 0.000000 45.531456
10159 100.000000 5.086548 19.793601
741 0.000000 19.134000 37.561819
13543 0.000000 45.710527 83.662246
11060 0.000000 46.384230 84.737559
7375 27.131461 0.000000 43.071695
647 98.673100 34.621423 0.000000
648 97.748663 33.005794 0.000000
3948 36.832177 0.000000 44.991529
12110 100.000000 8.132308 63.745431
3558 100.000000 41.345917 69.286601
10157 100.000000 40.416693 38.500292
11227 100.000000 40.177749 40.124240
463 100.000000 39.840149 38.250133
462 100.000000 40.166994 36.487142
13448 64.126085 27.754918 100.000000
13213 62.720867 25.453321 100.000000
6799 70.396735 42.926418 0.000000
12684 66.346007 43.359079 0.000000
4080 59.200537 19.697483 100.000000
5012 57.428574 18.218403 100.000000
7388 21.215735 76.186917 100.000000
7387 19.884914 75.287474 100.000000
10504 0.000000 50.058245 54.532577
5291 0.000000 50.710502 56.528907
12723 56.513694 17.481006 0.000000
4437 0.000000 67.961165 0.000000
576 100.000000 49.460172 41.563058
1687 100.000000 42.049459 64.946735
3724 100.000000 42.221493 67.119032
300 26.733992 93.090508 0.000000
301 23.984779 93.568217 0.000000
299 27.839012 93.584573 0.000000
16994 100.000000 25.697922 2.184727
7613 100.000000 25.961538 0.000000
17020 100.000000 26.352111 1.921958
514 0.000000 24.058144 50.716697
6650 100.000000 47.481623 76.911025
11320 100.000000 47.500665 73.673862
12325 100.000000 48.258384 76.346961
1242 17.138829 35.394510 0.000000
1240 17.425707 33.924458 0.000000
1241 13.719957 35.909770 0.000000
6424 0.000000 48.000000 100.000000
6422 0.000000 47.964846 96.906121
5083 0.000000 80.747395 37.755230
2888 0.000000 79.874613 40.671495
9654 0.000000 80.558234 42.480434
9836 70.426557 96.446407 100.000000
4768 73.103774 96.325070 100.000000
13138 72.621342 97.074630 100.000000
2855 0.000000 62.807877 73.771546
8645 84.187280 0.000000 21.485190
12153 100.000000 41.932705 27.598301
12152 100.000000 42.273327 25.396202
8335 5.647560 0.000000 26.518760
7219 10.362213 0.000000 64.155125
11625 9.928145 0.000000 60.924697
3920 10.626579 0.000000 60.462350
1094 61.673562 0.000000 10.790647
4213 60.842661 0.000000 15.549900
4680 60.770484 0.000000 9.383341
13248 27.617524 0.000000 24.613092
11934 10.837472 0.000000 49.700631
13781 10.123194 0.000000 49.217212
2230 58.099325 81.938050 100.000000
8940 60.092484 82.983549 100.000000
11251 0.464291 0.000000 41.551810
11463 1.023127 0.000000 42.556223
12095 0.816255 0.000000 47.304692
8256 0.000000 44.952194 82.855313
652 76.828255 35.415484 100.000000
12136 100.000000 22.798408 51.163719
12520 100.000000 23.225859 54.075336
2800 29.002189 68.944980 100.000000
7426 0.000000 19.677226 92.906956
1940 44.585072 98.728092 0.000000
3886 44.070853 98.975024 0.000000
13907 88.838366 50.001360 0.000000
13312 40.608089 5.877352 100.000000
1591 5.187621 0.000000 40.760293
8869 4.709890 0.000000 37.684604
1592 5.277620 0.000000 37.298124
10388 66.908419 99.290678 100.000000
12416 65.625000 100.000000 100.000000
1057 72.669902 31.501476 0.000000
2647 71.726937 29.159903 0.000000
1641 69.274381 29.547409 0.000000
10264 71.154445 63.779860 100.000000
8515 93.520165 53.380874 0.000000
1284 25.042518 0.000000 64.212933
6098 100.000000 26.437199 84.873545
7168 100.000000 25.498969 84.433279
7169 100.000000 25.894385 81.500988
178 54.488383 12.656271 100.000000
9768 0.000000 41.641021 21.245378
1971 89.962041 21.402779 100.000000
2970 92.284553 23.025467 100.000000
2969 92.422922 24.204157 100.000000
10919 49.126170 20.322625 100.000000
3783 60.827614 100.000000 44.694368
16743 58.679454 100.000000 26.022529
3784 57.202152 100.000000 44.672572
7265 50.604273 81.806080 0.000000
11664 31.781314 75.752227 100.000000
6056 33.403089 74.990524 100.000000
4067 92.294990 28.892045 0.000000
6503 90.211997 28.319345 0.000000
12806 0.000000 40.416759 56.196739
8443 0.000000 41.163137 55.011531
13642 0.000000 33.363590 25.766282
8116 0.000000 32.525561 26.770347
9019 0.000000 33.310504 28.769947
2694 53.642948 0.000000 76.284631
2695 52.490471 0.000000 75.362874
2693 53.107737 0.000000 69.341081
9350 3.314685 13.897864 100.000000
9351 3.370140 14.909114 100.000000
11362 18.796588 28.324804 100.000000
2592 15.977691 29.843877 100.000000
11544 17.831152 27.526825 100.000000
2396 100.000000 38.649332 22.217282
2395 100.000000 37.844996 22.585401
13804 18.868543 85.447357 100.000000
10833 66.810712 0.000000 40.918245
10834 67.778287 0.000000 40.865478
10832 67.442382 0.000000 46.068926
2166 0.000000 58.300588 9.668636
8406 0.000000 58.019579 13.676744
9629 100.000000 44.229957 55.180492
9385 0.000000 29.670017 49.566802
4082 0.000000 29.282434 52.475963
10282 0.000000 30.189317 52.256943
9025 0.000000 69.377996 39.097998
5100 90.109556 0.000000 12.174840
7873 66.741013 0.000000 31.631610
11098 67.344621 0.000000 28.459055
13743 100.000000 54.807692 0.000000
7552 93.434098 54.566479 0.000000
792 100.000000 55.769231 0.000000
17685 100.000000 34.640092 6.338765
10899 100.000000 48.255536 49.428599
739 0.000000 19.991618 34.346432
2000 100.000000 41.266435 39.088653
1998 100.000000 41.185859 37.816342
1999 100.000000 41.488245 38.578834
4813 0.000000 0.405469 21.069243
1200 0.000000 0.000000 23.529412
59 6.707035 0.000000 32.101937
8867 62.190209 0.000000 45.812233
10230 43.788156 19.508355 100.000000
11587 100.000000 7.293671 4.826141
12128 100.000000 6.369733 5.064830
10574 100.000000 6.730769 0.000000
13682 0.000000 13.249147 16.804794
8790 0.000000 4.995553 8.061099
11979 100.000000 64.351750 73.398594
2632 100.000000 65.161680 73.092272
5235 84.413127 0.000000 67.123473
12735 7.243302 74.005012 0.000000
383 81.418599 89.253389 100.000000
13505 83.944646 89.011536 100.000000
1436 83.996244 90.147914 100.000000
13311 59.361303 98.761362 0.000000
12296 24.949180 30.096458 100.000000
9824 27.613848 29.781023 100.000000
6601 74.708720 80.819546 100.000000
6600 72.482477 80.703725 100.000000
1908 73.897473 80.013490 100.000000
4904 100.000000 20.132771 82.055043
10303 100.000000 21.008219 85.033184
1430 100.000000 19.881297 86.476361
9528 14.109933 0.000000 7.706948
2914 51.334118 89.320102 0.000000
5447 47.364301 89.542465 0.000000
9630 100.000000 44.257581 57.218014
10249 100.000000 44.832798 59.558083
6362 100.000000 33.447772 51.807432
6360 100.000000 34.203534 51.324005
5394 100.000000 26.933614 40.615372
11682 100.000000 20.779169 64.715405
9828 100.000000 83.131106 33.543203
17755 100.000000 82.700090 25.768976
17756 100.000000 83.118786 25.367580
17788 100.000000 82.279557 26.182935
5576 92.329415 0.000000 68.389505
1463 17.791749 64.211075 100.000000
9638 15.293870 64.469111 100.000000
13579 1.425019 0.000000 27.550062
2930 1.944464 0.000000 31.256493
760 0.000000 8.624566 9.424023
10176 0.000000 11.837128 10.715292
10175 0.000000 12.848484 12.214120
9203 22.964044 4.266323 100.000000
17285 25.401496 2.388885 100.000000
5227 0.000000 14.290091 18.108969
13683 0.000000 13.877194 13.509100
16411 15.386540 12.701102 0.000000
10389 0.000000 19.349846 29.788563
740 0.000000 18.786662 33.425425
8152 100.000000 31.683632 69.457791
6994 100.000000 32.292789 71.840242
5272 23.896409 0.000000 60.108503
6961 23.322138 0.000000 60.562478
5273 23.547507 0.000000 57.560189
13322 46.801902 65.826517 100.000000
12899 0.000000 17.528539 43.922888
10900 61.458945 0.000000 60.998078
5042 61.589700 0.000000 55.589290
5041 62.209694 0.000000 58.837809
10598 100.000000 39.245587 87.858348
8761 100.000000 38.590666 86.470817
4331 64.412563 56.725419 100.000000
12688 6.369708 81.689861 0.000000
9957 0.000000 85.875179 12.058538
4760 0.000000 33.585197 83.035629
1477 0.000000 35.548719 95.029078
17138 0.000000 35.758561 97.582815
12976 0.000000 36.445918 95.401015
1476 0.000000 35.000000 100.000000
12114 0.000000 36.000000 100.000000
1574 93.630313 5.126298 0.000000
17531 96.586924 7.764545 0.000000
1566 20.275095 0.000000 60.835508
2077 72.028660 74.948719 0.000000
2209 0.000000 91.979559 45.906106
11640 0.000000 92.937049 42.898597
2207 0.000000 92.254168 40.333180
7821 89.047235 0.000000 76.788465
7803 88.276676 0.000000 77.645954
11040 100.000000 40.884932 18.784167
4758 100.000000 53.088081 52.899277
254 100.000000 53.884877 50.267002
9229 48.663928 41.294694 100.000000
9228 45.605961 41.903152 100.000000
11008 53.174444 50.346089 100.000000
3934 0.000000 6.996114 19.247507
6525 25.524980 0.000000 84.988902
9058 100.000000 25.146915 59.641744
5036 100.000000 24.158834 58.586592
3010 71.762953 0.000000 4.135355
695 72.906064 0.000000 4.586068
3231 72.319818 0.000000 9.386737
11288 0.000000 82.293675 5.643771
10002 0.000000 82.645841 9.287590
10776 0.000000 83.101102 4.582457
11158 7.158186 0.000000 22.668758
1376 6.695242 0.000000 23.231604
11156 6.849057 0.000000 20.702711
44 93.586857 0.000000 18.110588
8243 23.693923 50.437110 100.000000
6236 21.709205 51.517609 100.000000
5598 91.900635 0.000000 62.955264
5711 91.398499 0.000000 63.351565
4246 71.178662 5.809997 100.000000
6040 72.723326 5.944692 100.000000
6039 74.963237 9.279862 100.000000
9710 21.669736 81.698796 0.000000
3286 20.042498 82.480406 0.000000
11819 100.000000 40.751168 48.774936
4518 100.000000 40.796476 50.571905
4517 100.000000 40.320896 49.876114
9254 71.768677 68.564073 100.000000
1426 68.321547 67.723155 0.000000
70 62.839665 67.475828 0.000000
6227 64.792756 68.445991 0.000000
8822 89.048272 28.761822 0.000000
5772 100.000000 56.731043 59.583167
4330 100.000000 56.585057 51.772284
4519 100.000000 40.550931 52.001359
288 57.774991 55.045748 0.000000
2566 53.758751 55.732735 0.000000
6564 0.000000 85.506393 78.630879
6563 0.000000 85.873390 72.365707
6752 0.000000 84.830069 73.894273
7804 62.582407 80.522524 100.000000
277 100.000000 0.000000 11.764706
13011 7.370838 0.000000 86.862618
1913 6.588272 0.000000 88.709155
13012 7.026457 0.000000 85.128427
17757 100.000000 87.798115 8.255807
17758 100.000000 87.164851 6.623937
12381 0.000000 89.909357 37.476759
12996 100.000000 36.386261 42.001412
4043 0.000000 38.488183 86.887889
13685 0.000000 37.544546 86.885424
6316 0.000000 37.885738 89.761409
3875 75.170776 11.103530 100.000000
2736 4.896326 29.254750 100.000000
2738 2.431358 31.609343 100.000000
8307 100.000000 35.312913 20.335058
9893 55.185866 56.736266 0.000000
9327 0.000000 2.627569 7.279736
6092 0.000000 3.336131 7.011317
8731 0.000000 45.565460 5.117950
5479 100.000000 18.877885 95.796168
861 100.000000 18.504324 91.824972
1431 100.000000 19.591524 91.322048
13740 0.000000 99.400207 28.672871
4384 0.000000 99.597935 21.373794
8946 0.000000 98.878329 23.826314
1602 0.000000 90.291262 0.000000
1600 0.000000 89.320388 0.000000
166 3.593586 39.508504 0.000000
13630 4.209255 40.353373 0.000000
3212 100.000000 63.522200 48.093879
5367 100.000000 62.658299 42.757390
11015 46.855888 29.031669 100.000000
10539 46.438238 30.644183 100.000000
9163 100.000000 43.784005 55.674829
6811 100.000000 41.761608 3.873156
17687 100.000000 41.964221 5.832984
17686 100.000000 41.280367 5.764022
2416 100.000000 43.107958 32.645236
8129 5.401299 0.000000 24.330852
8021 95.406621 50.059416 0.000000
11598 51.817801 3.000133 0.000000
9547 53.236385 3.046965 0.000000
9546 52.127660 0.000000 0.000000
11885 3.912670 0.000000 21.125507
4693 3.433047 0.000000 18.221433
4692 4.026257 0.000000 18.488008
4391 92.291645 0.000000 25.232084
7724 92.189525 0.000000 27.157157
5358 92.603518 0.000000 28.384905
10381 89.922477 31.573676 0.000000
5555 44.915752 56.198337 100.000000
10676 96.511249 0.000000 30.654093
12195 70.949208 0.000000 30.154090
13772 70.450219 0.000000 30.797562
3103 16.725740 38.736236 0.000000
3102 20.940236 38.254816 0.000000
997 2.855194 0.000000 18.246318
996 2.856219 0.000000 14.464127
4691 3.574820 0.000000 15.940038
12990 4.118225 0.000000 15.673632
8196 74.246218 41.534969 100.000000
227 73.535428 42.722009 100.000000
226 71.743354 41.289961 100.000000
12854 35.600231 95.135918 100.000000
12853 36.149468 94.226339 100.000000
7431 0.000000 68.278860 8.662428
7433 0.000000 69.043848 6.050177
10446 18.076693 0.000000 12.549387
11367 18.569122 0.000000 8.087038
6017 19.501799 0.000000 14.755271
8543 5.633462 0.000000 22.275028
13325 0.000000 28.155340 0.000000
16903 8.037624 20.467421 0.000000
128 100.000000 41.042346 33.944988
2729 100.000000 40.988622 31.765029
170 0.000000 46.562467 4.478369
172 0.000000 47.584046 3.763817
11704 38.048126 40.944729 100.000000
6365 40.837590 41.124712 100.000000
10805 25.826313 0.000000 19.484695
13153 25.670796 0.000000 15.649068
1722 73.201727 54.225053 100.000000
6723 81.370649 53.638717 100.000000
4575 79.708598 54.226098 100.000000
11418 78.869175 53.151894 100.000000
5749 97.742687 47.760673 100.000000
5747 95.798326 46.166951 100.000000
5638 0.000000 41.733872 3.381661
10266 0.000000 42.424764 5.403023
2309 0.000000 42.769020 3.100597
10126 81.928872 75.804014 0.000000
9765 26.580293 70.730635 0.000000
10289 24.421446 0.000000 71.165931
6489 23.862658 0.000000 69.419055
7947 88.439703 0.000000 42.217067
984 88.585461 0.000000 40.681532
2328 30.604133 86.855092 0.000000
13857 27.156395 87.289770 0.000000
13318 50.433636 2.934371 0.000000
10759 51.063830 0.000000 0.000000
4505 100.000000 44.059441 45.017816
12599 100.000000 44.012639 42.922748
12949 100.000000 44.559729 44.438212
2116 100.000000 2.840731 62.405914
2411 100.000000 1.926082 64.065678
509 17.267117 30.530026 100.000000
7934 0.000000 7.253666 47.394655
8958 92.040106 0.000000 60.582688
1159 92.445514 0.000000 62.477229
5991 100.000000 26.072132 29.820351
9034 100.000000 26.611156 27.238841
151 56.231422 78.564072 100.000000
149 54.505705 77.986322 100.000000
150 56.405677 77.660066 100.000000
1935 90.115286 37.669647 100.000000
9329 7.096590 40.383284 0.000000
17603 10.865680 38.016772 0.000000
17653 11.076460 37.222919 0.000000
17624 11.088905 36.690408 0.000000
8999 28.616383 0.000000 59.323867
5043 72.684598 50.915775 0.000000
940 68.541416 51.468450 0.000000
6905 11.221325 0.000000 7.380687
13935 10.274109 0.000000 10.598888
9945 93.103369 17.883175 0.000000
9946 92.593536 16.555312 0.000000
1635 89.468510 14.686296 0.000000
10913 28.298202 88.981960 100.000000
5775 100.000000 49.590202 9.975525
17688 100.000000 49.576838 7.022975
17689 100.000000 50.068948 7.613353
11764 56.408084 20.130283 0.000000
1832 100.000000 12.966860 55.066786
9153 100.000000 14.018798 54.510168
11693 100.000000 13.626897 58.917698
12956 31.560163 82.709401 0.000000
12005 78.747564 2.529950 0.000000
3237 76.595745 0.000000 0.000000
5338 75.531915 0.000000 0.000000
12560 8.721797 0.000000 57.250366
10084 8.230592 0.000000 58.617369
10038 8.254100 0.000000 54.713229
9295 97.098480 0.000000 26.200324
5565 4.477466 0.000000 21.293720
11312 87.526133 21.745539 100.000000
12722 85.161778 19.426478 100.000000
4341 86.850423 20.234235 100.000000
1549 68.860277 65.918042 0.000000
17604 1.662745 93.256581 0.000000
17605 1.162654 92.696534 0.000000
8655 27.387570 41.907933 100.000000
8656 30.521319 42.407018 100.000000
7435 27.813638 43.692197 100.000000
3607 6.030355 95.951481 0.000000
17606 2.522426 96.336829 0.000000
17591 3.380979 96.730130 0.000000
9506 0.000000 47.005455 43.311523
5583 0.000000 46.415050 43.595823
13520 42.499528 32.757251 100.000000
12439 97.580394 38.146528 100.000000
4326 97.168081 38.831895 100.000000
12650 95.474479 37.063982 100.000000
2620 67.603399 0.000000 51.628536
207 23.257158 0.000000 64.015649
13071 100.000000 33.581711 4.445912
17021 100.000000 33.782133 2.449075
14 100.000000 33.653846 0.000000
10004 0.000000 82.065880 13.948727
10003 0.000000 81.733507 9.513040
8594 82.467357 69.267894 0.000000
11669 87.699336 69.222860 0.000000
5786 0.000000 74.491479 44.521372
12533 0.000000 75.210333 42.208954
5787 0.000000 74.317030 40.484091
6205 0.000000 18.394668 42.890417
7972 0.000000 41.715064 40.970887
7970 0.000000 41.482710 43.030611
7971 0.000000 42.048968 42.536339
8683 6.414249 0.000000 26.854580
6204 34.433190 0.000000 62.999883
4487 33.984394 0.000000 56.716033
4486 35.320772 0.000000 57.938096
1551 55.084170 88.085555 0.000000
7071 20.210977 0.000000 77.890349
8374 19.029720 0.000000 74.912938
4185 19.845803 0.000000 72.130389
17759 100.000000 88.416119 22.622631
13062 27.685308 91.189799 100.000000
10235 29.313961 91.868215 100.000000
3108 0.000000 74.975401 13.462002
10402 100.000000 90.910867 87.655242
7415 9.841814 0.000000 29.365560
932 14.616775 38.612849 100.000000
11936 52.047449 96.465086 0.000000
11487 0.000000 67.764139 51.460770
3745 0.000000 82.678006 35.257413
9992 0.000000 83.526501 32.858853
6180 0.000000 82.884266 30.957710
13556 100.000000 34.117350 8.036710
2403 100.000000 33.863014 11.211600
13072 100.000000 33.251519 8.795275
9428 91.974243 0.000000 45.964880
11378 92.053520 0.000000 42.998792
2462 92.579755 0.000000 44.019977
2347 56.642712 26.513703 100.000000
4590 0.000000 65.337031 10.137449
8466 100.000000 62.659124 65.538306
9292 36.461771 52.174184 0.000000
11503 100.000000 29.757562 16.425092
11504 100.000000 28.691991 13.773551
1770 100.000000 29.717545 12.662678
12431 55.454920 98.565625 0.000000
18157 56.311533 98.665059 0.000000
18150 57.235095 98.616444 0.000000
7141 11.641920 0.000000 56.943032
3919 11.338634 0.000000 60.092440
9623 100.000000 42.770698 57.231721
3747 100.000000 42.712067 59.622064
10783 77.771716 92.010153 0.000000
12798 81.388518 92.613032 0.000000
13338 45.954133 85.427605 100.000000
12979 43.915721 84.599893 100.000000
13229 46.184125 84.484103 100.000000
8751 46.115684 4.609882 100.000000
10396 20.753231 80.593364 100.000000
12018 85.025326 63.284689 100.000000
9178 85.795517 62.297199 100.000000
2858 100.000000 31.433282 13.030854
6167 100.000000 32.299276 14.944780
13691 9.220145 0.000000 17.115737
6626 9.162530 0.000000 43.862377
13864 10.203694 0.000000 16.215833
1580 100.000000 41.703006 19.548271
12125 100.000000 41.495535 16.717232
13431 0.000000 46.869777 39.192046
12564 0.000000 46.418274 37.193803
10153 0.000000 46.129940 39.681116
9165 76.681240 63.367901 0.000000
6699 12.191538 0.000000 9.986778
4499 43.762332 91.197744 0.000000
321 40.131423 90.855463 0.000000
4266 9.393503 0.000000 8.326348
5580 0.000000 2.175615 27.929166
9179 0.000000 2.620386 33.873187
9874 100.000000 31.079144 66.890485
8263 100.000000 30.782799 69.936501
13059 74.069594 14.800550 100.000000
13058 76.666917 16.826638 100.000000
1827 75.351034 17.116352 100.000000
12946 53.796957 97.745827 100.000000
12774 53.480272 96.858039 100.000000
3795 20.034625 73.550504 100.000000
12908 18.472804 74.344172 100.000000
3796 17.061085 73.336705 100.000000
2541 78.995965 0.000000 84.413437
10679 78.015847 0.000000 83.691640
9459 100.000000 53.846154 0.000000
17879 100.000000 53.771696 1.756625
17871 100.000000 53.349209 1.580517
17013 100.000000 53.577647 3.197789
1278 100.000000 15.930352 60.850512
1277 100.000000 15.824349 56.260534
5525 24.946025 0.000000 20.190175
6023 77.594276 76.124450 0.000000
5137 3.736570 37.046904 100.000000
10447 17.635877 0.000000 17.246431
10448 16.561585 0.000000 10.125377
8156 100.000000 34.065155 89.074387
11234 100.000000 34.817189 88.013570
8154 100.000000 34.699671 90.152344
1371 19.041551 54.156744 0.000000
1373 24.604423 54.713753 0.000000
13798 25.341823 53.399937 0.000000
6111 76.899041 41.810827 100.000000
6847 59.801162 0.000000 27.063678
4026 58.886797 0.000000 26.800539
7540 95.235426 63.041391 0.000000
11871 100.000000 62.500000 0.000000
16504 0.000000 52.167909 98.466079
6015 20.671814 0.000000 18.946116
10449 21.514290 0.000000 18.000648
1438 87.430388 90.486685 100.000000
16597 14.504462 0.000000 4.038245
16598 13.981576 0.000000 3.958720
6113 77.403928 40.453901 100.000000
7363 85.757070 21.015672 0.000000
11244 85.658852 0.000000 6.124789
12480 86.686319 0.000000 3.278018
1059 7.600639 0.000000 23.722080
12795 7.191244 0.000000 24.962497
3550 40.268391 0.000000 29.093396
13244 39.198184 0.000000 33.740278
10757 0.000000 61.211288 16.390816
12918 82.796948 9.709242 0.000000
12917 82.119127 8.244567 0.000000
12597 78.992038 6.301180 0.000000
1084 35.755405 97.104830 100.000000
8916 34.246405 96.064724 100.000000
5653 37.954689 96.076967 100.000000
9729 21.546276 0.000000 21.711164
9494 11.959063 0.000000 59.898799
9493 12.382786 0.000000 57.593657
10471 100.000000 38.159363 60.662976
12676 0.000000 33.204161 80.136930
8768 0.000000 32.697519 77.504717
8136 0.000000 32.325154 80.555456
11548 72.857161 2.365318 100.000000
8703 100.000000 37.575848 60.690763
10280 100.000000 37.141115 58.744880
10790 100.000000 37.794656 58.680159
7854 25.213184 13.319480 100.000000
486 21.829761 16.169012 100.000000
8514 83.053827 11.502631 100.000000
13878 80.809011 10.405656 100.000000
883 100.000000 45.439943 17.856659
6602 100.000000 45.028058 14.854682
11736 100.000000 45.919595 14.541171
6769 100.000000 57.118058 18.188156
7658 100.000000 56.395888 23.585216
7659 100.000000 55.792275 18.950485
11723 22.200613 0.000000 20.518209
756 22.187121 0.000000 17.714376
4395 33.152181 87.080149 100.000000
8981 7.540236 82.561529 0.000000
5961 11.286843 82.038265 0.000000
10000 84.842432 0.000000 97.229497
2236 85.779051 0.000000 96.476536
7860 100.000000 7.485438 42.799249
7862 100.000000 7.270802 47.757647
12348 100.000000 6.618456 44.066489
1479 53.730456 97.936866 0.000000
4107 43.937055 57.204596 0.000000
105 39.053638 56.665580 0.000000
1047 100.000000 43.553908 38.372476
17977 100.000000 43.164294 37.624917
17976 100.000000 43.351366 36.733911
1197 100.000000 42.904101 36.521345
2415 100.000000 43.279195 34.971415
8392 0.000000 26.426247 38.594595
8839 23.031164 85.273278 0.000000
8840 25.971671 85.016345 0.000000
8766 68.738847 47.603168 0.000000
5045 70.873219 49.341250 0.000000
6154 46.294009 0.000000 83.397958
12773 33.986974 91.735756 100.000000
11776 33.928331 38.591731 100.000000
11800 79.609196 67.859077 100.000000
5001 82.222185 67.625175 100.000000
8988 5.870275 0.000000 60.750184
8987 5.487932 0.000000 62.062613
2827 0.000000 64.311365 42.719530
9442 0.000000 51.899478 39.674641
9441 0.000000 52.487281 41.821566
12986 0.000000 52.774505 38.708820
1180 86.245192 37.674349 0.000000
7870 69.271555 83.050227 100.000000
12932 0.000000 36.027991 69.560752
12933 0.000000 35.171911 68.375056
5170 70.247977 71.645566 0.000000
4468 69.199880 72.673807 0.000000
10397 74.591662 72.188812 0.000000
11028 75.072276 0.000000 4.667712
17252 75.917815 0.000000 4.993766
10464 0.000000 79.233879 58.472934
10141 0.000000 78.613091 54.449967
13267 59.279673 49.949847 100.000000
533 30.011881 96.610070 0.000000
4996 100.000000 44.852905 65.160936
5079 100.000000 44.293468 65.634087
4610 100.000000 44.356567 63.328181
9164 100.000000 43.298439 56.412364
12232 100.000000 26.932155 57.137081
471 49.138493 86.492900 0.000000
4402 45.231211 86.012227 0.000000
4401 45.134278 86.827044 0.000000
11940 0.000000 29.823418 93.393393
11939 0.000000 29.423277 96.845425
11494 0.000000 88.947961 38.118532
7062 0.000000 9.605764 16.445185
13701 42.834922 47.063720 100.000000
9621 45.501951 47.769966 100.000000
5739 60.519182 0.000000 63.790867
3378 100.000000 42.374033 69.204517
3379 100.000000 42.773575 68.133085
5088 93.136963 35.286678 100.000000
4325 94.238157 37.019344 100.000000
2737 4.688180 30.374878 100.000000
12161 6.622743 29.483670 100.000000
11493 4.611334 31.188590 100.000000
7407 100.000000 10.327154 22.773392
9448 23.863763 70.905602 100.000000
9447 22.456327 70.015760 100.000000
2585 29.735871 0.000000 10.885698
13400 28.720101 0.000000 14.450610
9074 59.735043 93.061842 100.000000
3246 0.000000 42.149466 90.630104
13564 0.000000 41.200647 91.506829
11918 0.000000 41.753003 93.640348
4170 29.327974 51.156999 100.000000
450 26.380411 0.000000 55.716525
11686 61.518875 27.055532 100.000000
11432 62.995986 29.246072 100.000000
11121 60.434948 28.759609 100.000000
1356 26.448259 68.752266 100.000000
6008 68.987970 73.032561 100.000000
8862 93.400930 0.000000 47.799505
8861 94.109169 0.000000 47.164870
4448 63.416021 0.000000 53.670913
2390 63.993356 0.000000 57.081393
9421 0.000000 27.910640 10.654498
4155 16.648468 0.000000 57.945333
9538 16.130229 0.000000 54.539755
6423 0.000000 47.301427 98.204559
5635 25.140904 88.654495 100.000000
4782 28.964576 0.000000 53.077174
1672 20.739612 12.808749 100.000000
10681 18.648379 15.266225 100.000000
9132 29.615708 0.000000 6.641853
10458 46.490831 2.767361 0.000000
6261 42.549272 82.896027 100.000000
13838 29.926052 0.000000 15.835885
10792 66.978576 84.880336 0.000000
10791 65.606511 85.662679 0.000000
10882 100.000000 44.240362 31.583156
10884 100.000000 43.735416 33.430903
6457 100.000000 43.543334 30.809692
7766 61.024441 21.860506 0.000000
12242 58.633648 22.078451 0.000000
9536 60.818491 23.978249 0.000000
267 96.703946 30.902028 100.000000
13620 41.053792 97.513604 0.000000
12144 42.625823 97.601542 0.000000
12561 42.552432 97.400144 0.000000
2715 9.715386 45.442052 100.000000
4458 63.685082 88.555131 0.000000
4457 59.111980 88.357257 0.000000
198 26.137969 17.108759 0.000000
8552 27.079359 18.678747 0.000000
5304 17.134956 79.446129 100.000000
636 100.000000 22.941168 74.168492
638 100.000000 22.205622 77.630026
2294 100.000000 22.012419 73.265773
2398 51.539429 0.000000 74.225869
2399 50.916301 0.000000 69.090734
7684 86.596608 0.000000 12.956146
4306 0.000000 17.271417 28.711636
4307 0.000000 16.824217 24.502556
4308 0.000000 16.232175 27.983650
4257 16.222387 84.863565 100.000000
9983 75.013909 12.541865 100.000000
6892 100.000000 45.596005 30.566740
3901 100.000000 46.399007 31.419926
6893 100.000000 45.837860 34.345405
9964 96.133499 100.000000 87.490817
10521 100.000000 42.227913 46.306088
10520 100.000000 42.255839 48.565537
7578 100.000000 41.740491 47.182433
17200 35.577855 0.000000 95.426429
9457 85.687099 14.187192 100.000000
7760 83.566508 13.166711 100.000000
1238 70.577932 73.890503 0.000000
12119 51.362545 58.401724 100.000000
7576 56.381175 80.961867 100.000000
2232 54.520277 81.853433 100.000000
7990 36.156357 34.283042 100.000000
4690 38.754414 34.123831 100.000000
1606 88.874761 0.000000 39.621518
4038 95.481051 0.000000 24.008641
12117 94.573765 0.000000 25.344639
5501 13.745931 56.267644 100.000000
2100 53.697085 28.163436 100.000000
7569 0.000000 51.128500 19.974000
4707 0.000000 50.836173 22.692644
14070 3.515413 93.776437 100.000000
12380 1.601214 93.348499 100.000000
197 20.936857 20.597359 0.000000
199 25.590435 15.645335 0.000000
2717 22.343922 17.203629 0.000000
13158 52.274017 47.300569 100.000000
1857 83.618124 57.012997 100.000000
8609 4.955589 80.763471 0.000000
8607 10.850023 80.946607 0.000000
8608 8.502122 79.994880 0.000000
1290 100.000000 44.230769 0.000000
17023 100.000000 44.791462 2.188461
5947 100.000000 40.653342 7.476204
8408 100.000000 41.004461 10.740105
8409 100.000000 40.009451 10.140114
5080 100.000000 43.761557 63.775911
12037 100.000000 81.818182 100.000000
9847 100.000000 82.828283 100.000000
17377 98.597697 82.060056 100.000000
12692 9.707233 14.108417 100.000000
12056 0.000000 55.629576 15.011840
11184 0.000000 55.746624 11.297407
10095 8.891141 90.864809 0.000000
3898 0.000000 8.685108 14.261609
8428 0.000000 8.000000 100.000000
6633 84.869027 67.425934 100.000000
1030 87.430549 67.177630 100.000000
1029 87.280867 68.207424 100.000000
12713 49.120058 93.272454 100.000000
8007 51.935087 93.653232 100.000000
8696 4.738532 0.000000 26.441016
120 5.117745 0.000000 28.937540
13356 99.079592 0.000000 62.218336
12769 99.369400 0.000000 56.517984
261 27.654348 17.175224 100.000000
5115 26.685181 19.764706 100.000000
9947 24.995598 19.354531 100.000000
12864 90.041189 4.603197 100.000000
13159 16.465341 91.821677 0.000000
7607 19.823918 91.640378 0.000000
12771 36.385877 92.387887 100.000000
5341 36.689751 91.430036 100.000000
6456 86.175505 19.903211 0.000000
6454 83.147137 16.747149 0.000000
6861 100.000000 38.383838 100.000000
12438 100.000000 39.393939 100.000000
10700 68.442655 94.560545 100.000000
1446 69.570404 93.604297 100.000000
2661 15.957447 0.000000 0.000000
16600 15.637124 0.000000 4.572863
7813 14.893617 0.000000 0.000000
16601 16.198233 0.000000 4.748001
6755 100.000000 35.084238 83.097155
11678 95.787989 0.000000 81.194074
12884 96.718428 0.000000 84.763535
11201 95.786047 0.000000 85.772493
5506 28.192925 0.000000 79.908838
12967 27.834300 0.000000 84.534930
6698 13.188118 0.000000 8.387257
16577 13.482122 0.000000 4.089687
12658 40.979914 0.000000 21.239522
17608 9.500450 40.675277 0.000000
9103 100.000000 50.894496 31.068761
9104 100.000000 50.577139 28.053624
9102 100.000000 51.340952 27.982063
5345 100.000000 19.191919 100.000000
5343 100.000000 19.883087 95.957830
10444 100.000000 24.676791 38.106462
4479 100.000000 23.886383 40.750720
8540 25.437861 71.674932 100.000000
6295 27.330917 72.410974 100.000000
4312 72.002579 0.000000 18.850381
11691 81.547881 59.413173 100.000000
9775 78.954752 59.461104 100.000000
8228 79.679934 58.684316 100.000000
1523 5.220521 0.000000 72.627177
1525 5.365837 0.000000 69.877118
5870 60.996716 49.684387 100.000000
2407 5.348847 58.766715 0.000000
104 38.714902 55.644746 0.000000
4071 100.000000 50.437923 34.375382
8337 100.000000 50.917561 38.145648
1721 88.201140 0.000000 67.576231
395 88.115349 0.000000 69.973522
1339 87.668412 0.000000 68.251194
5785 100.000000 50.858472 24.699570
2588 100.000000 51.868231 24.436973
13371 91.785673 0.000000 72.361000
12164 91.694252 0.000000 75.135421
2662 0.000000 15.533981 0.000000
16909 4.949817 10.580827 0.000000
16908 11.627399 3.641295 0.000000
17853 100.000000 90.362075 25.603629
17852 100.000000 90.061157 23.133287
5628 100.000000 91.481261 28.068391
17760 100.000000 90.720175 29.809650
1578 100.000000 21.632516 95.910774
7335 66.370512 91.227407 0.000000
710 63.619932 91.965748 0.000000
13255 65.774763 5.742106 0.000000
7489 68.827076 7.610355 0.000000
17532 65.291656 4.006347 0.000000
30 26.006482 70.975385 100.000000
9341 75.023153 13.388468 0.000000
9289 78.189757 16.521437 0.000000
3869 0.000000 61.318717 67.783143
11333 0.000000 62.045863 64.824457
10378 13.815397 0.000000 12.150945
6296 26.621201 73.303497 100.000000
9146 29.370470 73.229396 100.000000
7939 74.106741 0.000000 71.423833
8237 100.000000 43.204560 93.573583
409 100.000000 43.825191 92.011673
5489 0.000000 8.361003 75.934528
7276 0.000000 7.396656 73.705816
6548 5.326717 60.609027 0.000000
11424 10.756949 60.910526 0.000000
6989 0.000000 16.685622 32.342666
10752 97.111394 37.936015 0.000000
16603 94.947960 0.000000 97.282704
16604 94.065584 0.000000 96.748616
4954 0.000000 66.225335 30.754181
8850 0.000000 65.445647 28.189534
16417 11.077196 9.232529 0.000000
2537 0.000000 22.790665 25.199379
1541 26.684922 0.000000 28.272458
5575 91.793764 0.000000 69.699089
17690 100.000000 42.354094 4.798067
17691 100.000000 42.796327 4.640262
793 0.000000 87.587624 31.772493
795 0.000000 88.547670 26.933075
1647 30.807633 97.203477 0.000000
5959 33.603956 97.034521 0.000000
1794 100.000000 42.476579 37.374060
17973 100.000000 42.673826 38.495507
1517 100.000000 43.033334 38.812718
17978 100.000000 42.813321 37.777553
9726 0.000000 44.978343 16.105585
9724 0.000000 44.396840 17.180195
7590 24.621393 92.445661 100.000000
12124 25.021478 91.455340 100.000000
10195 27.131978 92.133829 100.000000
4901 0.000000 35.444893 40.467485
5815 0.000000 42.000000 100.000000
5813 0.000000 43.069439 97.037859
5814 0.000000 42.332538 95.729816
1791 57.834490 46.743622 100.000000
11862 96.316886 100.000000 39.364106
13639 94.993419 100.000000 22.414901
13640 93.456296 100.000000 39.954506
9851 53.407996 11.511594 0.000000
9853 52.193653 8.900580 0.000000
5613 81.020034 92.292368 100.000000
5611 82.622882 93.378589 100.000000
5215 53.928103 75.858869 100.000000
7377 0.000000 18.042062 18.138082
11556 0.000000 17.421629 21.183421
11555 0.000000 17.030857 16.881186
9789 0.000000 16.395335 20.207088
524 0.000000 7.430232 62.772847
5216 51.056111 76.172879 100.000000
10330 0.000000 56.156635 50.803910
13280 0.000000 20.330001 19.372126
5962 15.175732 82.616755 0.000000
5963 16.505780 81.586386 0.000000
17761 100.000000 91.479839 12.178448
17762 100.000000 92.080290 17.909532
9247 77.344024 67.098145 100.000000
904 29.246143 94.122971 0.000000
7317 30.310362 94.629853 0.000000
9015 32.818340 94.165402 0.000000
3548 88.525928 0.000000 28.287867
3546 88.868449 0.000000 29.899127
3547 88.347651 0.000000 30.236872
10198 28.960342 0.000000 35.634321
11863 61.189386 67.561287 100.000000
1562 59.594309 68.255392 100.000000
11843 0.000000 26.619225 69.053024
11828 50.000000 100.000000 0.000000
13585 48.113247 99.764007 0.000000
3224 46.153846 100.000000 0.000000
4481 62.074456 91.083722 0.000000
12186 41.093255 97.739979 0.000000
4964 83.815087 0.000000 91.280396
6233 0.000000 23.872464 27.824206
6750 0.000000 23.875373 23.387636
11522 82.855206 0.000000 50.081868
9234 83.356556 0.000000 53.394795
6122 41.438568 52.630729 100.000000
3871 41.542165 53.743083 100.000000
11386 2.502459 0.000000 34.971788
11659 67.635681 0.000000 92.774735
16585 66.311305 0.000000 95.912107
5357 66.163497 0.000000 91.167699
7755 100.000000 31.313131 100.000000
9586 51.968569 96.016112 0.000000
4428 51.356763 95.558816 0.000000
9929 100.000000 18.563753 9.259555
17083 100.000000 0.988664 3.095256
17084 100.000000 1.383946 3.138665
17025 100.000000 1.873087 3.068897
17026 100.000000 2.472818 2.516088
9219 43.755702 0.000000 92.518742
4055 44.280672 0.000000 86.802174
7571 0.000000 50.314767 21.017921
7570 0.000000 50.522315 18.177944
12045 100.000000 39.423077 0.000000
17027 100.000000 39.235777 1.506682
539 69.549282 98.352555 0.000000
10863 5.101926 69.482694 0.000000
3833 100.000000 12.798749 69.205957
7567 100.000000 13.357253 71.764356
4898 0.000000 45.722705 52.733115
684 100.000000 45.195109 90.108250
6853 100.000000 44.485991 87.636868
8995 90.270574 0.000000 49.353808
8994 90.093998 0.000000 51.828948
8167 8.055680 0.000000 86.560228
1914 7.526486 0.000000 89.944105
2528 43.713205 11.351347 100.000000
2529 45.032527 11.269448 100.000000
13758 71.102952 100.000000 33.560878
12030 75.234881 100.000000 49.265384
2176 74.286079 100.000000 26.995182
8233 46.480628 0.000000 74.857051
2974 47.250640 0.000000 79.766069
966 100.000000 25.248225 4.145095
11992 100.000000 26.473635 4.956245
10087 83.968962 0.000000 37.084301
18022 0.000000 50.256008 83.113241
18023 0.000000 50.334156 83.193414
10932 21.195596 0.000000 81.097236
10931 21.403824 0.000000 85.328712
16606 77.223492 0.000000 95.853858
854 100.000000 28.850796 18.632311
5712 91.287229 0.000000 65.553041
7107 0.000000 42.718447 0.000000
13558 100.000000 33.023503 11.310126
11997 35.859000 42.711060 0.000000
9589 68.587016 0.000000 73.495141
7485 69.353608 0.000000 74.474490
9646 46.394875 45.710788 0.000000
9645 40.903453 46.207390 0.000000
12517 100.000000 75.606728 30.224132
17764 100.000000 75.377099 22.976415
17763 100.000000 76.026049 23.298556
4925 76.467640 0.000000 57.333070
8560 77.301729 0.000000 58.202053
8190 15.258686 65.362350 100.000000
6844 50.680928 77.165135 100.000000
6842 48.589456 77.320911 100.000000
13411 0.000000 64.000000 100.000000
8665 92.657853 31.112158 100.000000
8322 47.689436 80.164145 0.000000
10339 100.000000 35.463215 54.962791
5829 100.000000 36.162024 56.254606
5362 100.000000 40.818390 59.307267
6349 100.000000 40.135407 58.426136
5336 74.468085 0.000000 0.000000
5337 77.452106 2.305938 0.000000
1309 100.000000 6.963249 63.980808
6874 100.000000 7.697265 59.831770
6440 0.000000 15.752269 56.072162
804 3.648280 0.000000 87.844454
2637 3.616756 0.000000 92.987527
802 2.505027 0.000000 92.367271
3138 0.000000 14.748080 72.610055
3137 0.000000 15.675489 73.379954
7652 0.000000 37.362350 8.884613
7653 0.000000 38.017263 10.702670
7482 0.000000 38.098870 7.896709
13841 75.955147 0.000000 59.979396
10394 76.219315 0.000000 63.095752
10286 23.793459 42.288414 100.000000
748 75.028798 0.000000 28.167028
6425 74.096367 0.000000 26.796209
17584 99.190723 2.929042 0.000000
17546 99.090299 3.230772 0.000000
1790 97.872340 0.000000 0.000000
17572 98.111484 0.859534 0.000000
17577 98.493291 0.797497 0.000000
13377 53.117156 97.128301 0.000000
13242 51.793549 97.341243 0.000000
3794 18.649994 72.527750 100.000000
5469 20.039356 71.685945 100.000000
7722 21.926462 72.733266 100.000000
13018 69.983180 0.000000 43.112558
6286 70.534934 0.000000 45.572158
6139 30.747776 0.000000 80.301390
11993 29.914913 0.000000 82.752549
2551 24.568138 0.000000 55.535965
5274 24.217654 0.000000 58.048579
2552 23.901098 0.000000 54.994807
11182 51.827194 89.274801 100.000000
3284 51.498834 88.370766 100.000000
4632 30.560530 31.825599 100.000000
5900 27.734382 31.646997 100.000000
5899 30.204982 29.721346 100.000000
3874 78.014368 14.445962 100.000000
9643 0.000000 26.371568 92.259692
10488 0.000000 27.034598 89.268074
5510 86.814279 41.477959 0.000000
2412 0.000000 41.366477 39.293782
67 0.000000 15.119217 38.506404
864 8.524208 0.000000 42.329470
145 8.024186 0.000000 40.003683
4148 31.412956 95.994270 0.000000
8301 29.363282 96.315239 0.000000
7950 49.214874 97.411340 0.000000
7951 48.927300 97.564134 0.000000
12745 50.538547 97.506317 0.000000
9863 100.000000 13.005686 92.146193
9864 100.000000 13.634836 90.241193
13592 1.469344 0.000000 59.983068
9720 0.000000 44.779577 8.452016
7598 30.801786 99.535383 0.000000
11284 28.404024 99.612162 0.000000
9581 29.333737 99.766882 0.000000
9117 10.828119 0.000000 39.236650
13114 10.853312 0.000000 34.655319
6306 11.583952 0.000000 37.911495
4057 68.639578 7.973818 100.000000
589 68.670684 10.080675 100.000000
10753 31.757706 75.482167 0.000000
11498 44.882860 5.521832 0.000000
7300 45.202727 2.780611 0.000000
3111 100.000000 66.307201 46.095584
4309 100.000000 65.525414 53.142131
3445 100.000000 65.321135 44.630498
1322 30.533195 0.000000 23.849790
339 29.972619 0.000000 28.090684
10883 100.000000 44.386311 34.396515
11047 100.000000 43.855334 36.179404
7026 71.842455 0.000000 75.243984
7025 71.378082 0.000000 73.439359
6702 0.000000 48.148068 71.995382
17 100.000000 21.200684 12.839588
4539 100.000000 22.045143 12.957282
7896 11.458804 0.000000 42.308855
10673 10.713366 0.000000 43.033972
9136 100.000000 37.614960 3.874110
12083 88.213098 0.000000 65.418507
4681 87.839067 0.000000 66.372680
7312 100.000000 37.185115 53.734186
6258 100.000000 36.598973 52.555291
4628 81.708848 34.968196 100.000000
9684 0.000000 41.047219 19.383337
1191 18.340417 81.201296 100.000000
1193 17.832895 80.229820 100.000000
6733 88.136696 0.000000 26.817717
2641 88.256926 0.000000 24.714411
13339 88.696194 0.000000 26.164094
13216 10.187804 0.000000 40.607816
10437 100.000000 39.744839 24.060083
2672 100.000000 39.301913 22.087901
6538 87.855080 0.000000 30.601547
1955 62.470548 66.627173 100.000000
4426 80.968678 71.815694 100.000000
8499 83.203886 71.861344 100.000000
11435 100.000000 23.232323 100.000000
10243 100.000000 38.887478 9.902402
7176 89.663048 0.000000 31.588553
5380 90.144923 0.000000 31.482025
10083 89.938371 0.000000 33.281454
9402 95.749200 0.000000 55.795493
12281 95.792430 0.000000 59.218440
12603 86.231695 66.920985 0.000000
8899 0.000000 16.208200 76.952191
12039 87.625643 0.000000 88.113579
18230 16.554231 3.425654 100.000000
18229 17.253678 3.123732 100.000000
4152 40.891635 98.407940 0.000000
13807 77.210104 0.000000 43.547738
5790 76.473062 0.000000 42.498102
9180 0.000000 1.597463 33.772113
6445 0.000000 0.914397 40.325240
6447 0.000000 1.990648 39.678989
11774 76.351184 62.315513 0.000000
9296 34.881839 98.355925 0.000000
7979 35.119382 98.526410 0.000000
5657 36.539950 98.353564 0.000000
364 12.802053 0.000000 24.673478
11675 0.000000 33.935948 42.843831
11972 100.000000 13.262746 18.095128
4214 61.382631 0.000000 22.570606
6848 60.808948 0.000000 27.287961
3843 0.000000 33.699140 72.607393
10563 0.000000 33.706314 76.544376
1198 100.000000 42.448294 35.687082
12581 0.000000 74.894366 52.141378
10691 0.000000 40.357376 33.283485
12430 1.806865 0.000000 81.345815
13593 82.879491 0.000000 44.551607
9335 83.535778 0.000000 44.097842
9583 83.237848 0.000000 47.042649
13041 100.000000 25.545480 39.943657
7641 100.000000 26.257478 38.690667
11770 100.000000 7.144143 96.242051
1259 100.000000 8.389564 92.792092
13465 100.000000 8.212756 97.515866
11531 100.000000 37.473575 74.287389
3635 100.000000 37.099522 72.163353
11530 100.000000 37.969851 72.760775
5633 100.000000 62.574068 15.427280
5632 100.000000 61.604682 20.888528
3894 0.000000 49.270413 38.750775
12800 0.000000 49.741861 35.848134
278 0.000000 32.908084 74.344498
279 0.000000 32.931120 71.095147
8684 6.788848 0.000000 25.944234
16607 91.650433 0.000000 98.270271
16650 91.021262 0.000000 97.561177
18167 91.466468 0.000000 96.598171
8771 78.898178 12.186678 100.000000
2010 76.040434 8.716601 100.000000
5414 6.382979 0.000000 0.000000
16583 6.994391 0.000000 2.036095
16609 6.321024 0.000000 1.956072
10779 37.956426 78.481152 100.000000
7577 39.943274 78.177033 100.000000
10962 26.436371 85.659707 0.000000
6143 77.273098 78.466076 100.000000
1909 75.572554 79.262146 100.000000
5411 0.000000 27.353915 38.428042
11673 100.000000 48.850472 71.782106
11674 100.000000 48.201486 72.847474
6942 78.935098 0.000000 74.754982
4550 79.242648 0.000000 69.465529
2798 79.959393 0.000000 73.619333
2211 17.417698 20.192317 0.000000
2210 10.022349 25.444824 0.000000
12421 97.533220 27.775096 0.000000
1421 94.629938 25.303698 0.000000
5154 76.745023 19.428735 100.000000
7885 76.479334 20.640711 100.000000
1828 74.366532 17.817972 100.000000
17555 86.872268 3.615866 0.000000
17558 86.613598 3.032973 0.000000
8457 100.000000 10.101010 100.000000
8458 100.000000 9.090909 100.000000
8121 70.560766 37.207951 100.000000
10997 72.664489 38.710010 100.000000
8122 70.296285 38.639090 100.000000
7247 51.866934 32.745836 0.000000
5285 50.123078 34.945486 0.000000
13809 100.000000 75.599593 40.615941
4477 100.000000 76.458121 46.029543
2481 79.054980 0.000000 49.387824
7559 78.448874 0.000000 52.868314
13616 78.227120 0.000000 48.369898
1612 100.000000 52.528937 94.219252
4128 72.279598 0.000000 43.927008
8709 72.272711 0.000000 40.494014
4425 78.420704 71.839071 100.000000
8993 22.664274 99.674222 0.000000
8635 19.414759 99.598793 0.000000
3698 0.000000 8.007620 22.489782
3699 0.000000 8.878047 19.469457
681 100.000000 41.676151 58.051892
679 100.000000 41.462457 59.907222
680 100.000000 41.178524 58.009237
10694 15.841978 43.375737 0.000000
7792 100.000000 41.091790 23.290962
10376 100.000000 40.415872 23.674998
9742 0.000000 69.864808 25.735140
12983 0.000000 69.438352 21.518710
9598 0.000000 39.372545 47.272677
881 0.000000 39.262218 50.130734
12134 4.107762 0.000000 37.928209
10912 4.582393 0.000000 41.319093
10897 100.000000 60.633942 85.251050
4611 100.000000 60.064587 92.086473
1033 35.325486 81.859350 100.000000
248 35.300792 80.888134 100.000000
8538 83.410199 27.454683 0.000000
1637 90.144384 16.135526 0.000000
1636 86.563273 13.019776 0.000000
517 87.544951 14.757287 0.000000
1681 91.891966 0.000000 21.124297
4392 92.109502 0.000000 23.425859
1836 77.349764 0.000000 34.642247
1834 77.926493 0.000000 33.045377
163 4.891870 95.068984 0.000000
6161 18.557047 11.098530 100.000000
4274 18.820135 11.950913 100.000000
11401 15.588516 14.168340 100.000000
1732 58.198196 69.957317 100.000000
8393 36.418213 26.730056 100.000000
11089 35.610230 25.442759 100.000000
6505 67.316077 79.498047 0.000000
6506 63.139788 79.959093 0.000000
10810 0.000000 67.340318 8.314015
11465 76.199833 84.574892 0.000000
11292 49.366100 3.880551 100.000000
9626 48.603874 6.260784 100.000000
2757 47.750986 3.846661 100.000000
6962 26.830490 0.000000 59.170166
9582 83.687761 0.000000 49.946272
4206 22.331068 49.327904 100.000000
12519 60.013908 57.376876 100.000000
9370 21.280598 90.757735 0.000000
7897 12.019788 0.000000 46.096116
8440 12.476365 0.000000 50.291072
13214 11.632963 0.000000 49.912741
5820 55.788167 66.300794 0.000000
8366 41.489362 0.000000 0.000000
8364 41.900467 0.000000 7.912851
9038 0.000000 38.712608 78.081656
12815 92.251221 0.000000 80.929800
3484 100.000000 86.181252 50.680267
5431 100.000000 85.795039 36.798283
13034 83.397104 70.354097 100.000000
659 74.532638 0.000000 74.509686
8178 100.000000 17.283151 47.850471
12928 0.000000 88.487945 22.232587
3701 0.000000 87.745090 25.041473
7670 50.006752 0.000000 15.639832
13747 50.637690 0.000000 12.160794
8045 50.712812 0.000000 18.964757
11623 52.272064 0.000000 41.998079
11855 51.536026 0.000000 48.673474
6707 50.985918 0.000000 40.885913
4643 100.000000 40.903554 38.826497
8805 100.000000 40.730448 37.128017
13118 92.522118 36.894390 100.000000
5066 0.000000 9.789276 81.666805
4464 0.000000 10.408154 77.799731
5490 0.000000 9.383598 77.111393
2145 77.241972 0.000000 30.173900
4824 70.376734 0.000000 73.185776
4825 70.433546 0.000000 76.148447
7486 69.956700 0.000000 74.782760
3789 53.122700 0.000000 35.754980
9429 92.700930 0.000000 46.896760
4951 0.000000 53.675477 37.721377
3819 100.000000 49.038462 0.000000
6345 60.438954 11.972141 100.000000
8542 5.351480 0.000000 19.118929
7997 0.000000 63.174111 36.662838
13509 28.269223 35.767259 100.000000
6955 88.967094 0.000000 62.903990
10135 89.310386 0.000000 61.421517
9743 0.000000 69.091962 29.233263
11733 100.000000 19.982680 14.383348
4808 100.000000 45.130139 51.069341
2212 96.382403 19.880882 0.000000
5167 37.594295 0.000000 41.494483
4150 87.035153 0.000000 95.768996
2127 62.125145 97.585664 0.000000
2128 58.576103 97.349525 0.000000
4198 59.201846 97.685114 0.000000
2149 100.000000 74.038462 0.000000
17847 100.000000 73.856327 6.086312
17839 100.000000 73.546556 5.067673
6051 100.000000 75.363190 7.193597
17765 100.000000 74.643327 5.559703
8941 65.895152 84.232051 100.000000
13257 0.000000 61.040581 44.572783
3827 85.293305 0.000000 66.938550
11903 84.978432 0.000000 71.431049
1923 0.000000 11.278578 37.727481
10125 80.543156 76.798527 0.000000
13608 83.924741 77.686864 0.000000
3361 83.273713 64.570911 0.000000
3360 82.121052 63.743067 0.000000
4327 95.715456 38.943333 100.000000
3845 61.028228 0.000000 37.269062
12552 60.367955 0.000000 32.472278
1107 33.037479 0.000000 45.077948
1108 33.486210 0.000000 50.832248
13235 7.236799 0.000000 49.659557
10995 7.968986 0.000000 50.774003
13869 7.554775 0.000000 53.495186
17767 100.000000 74.978323 19.493500
8898 9.361477 0.000000 58.082633
8897 8.784594 0.000000 60.270970
1020 29.872671 62.020905 100.000000
9365 32.152514 62.739319 100.000000
8947 29.428105 63.032132 100.000000
9468 38.324106 26.862437 100.000000
9345 39.932711 25.010891 100.000000
2935 100.000000 16.317997 38.075243
9896 100.000000 16.399624 41.955705
13791 100.000000 43.038975 18.505077
12781 100.000000 43.202260 21.227126
11410 100.000000 42.464252 20.449892
2991 77.177770 83.108115 100.000000
7941 3.968064 43.061964 100.000000
11274 6.844420 42.161675 100.000000
622 68.795842 64.178952 0.000000
6355 73.981388 64.269144 0.000000
5155 58.510638 0.000000 0.000000
3085 58.176994 0.000000 5.601821
5817 9.244578 18.660871 100.000000
13145 9.785767 19.121169 100.000000
8595 6.625497 21.378567 100.000000
13313 41.722118 2.758675 100.000000
13399 0.000000 46.344477 70.964776
13567 0.000000 45.607610 70.487591
13745 0.000000 45.705846 72.395301
8168 0.000000 62.183764 5.437242
1720 31.181366 52.795184 0.000000
12696 66.081480 0.000000 80.639646
1757 10.805569 0.000000 86.960336
1756 10.769885 0.000000 91.626456
6048 9.819436 0.000000 90.665314
11807 0.000000 17.842391 55.715006
3684 59.932965 32.302662 100.000000
3686 58.196575 33.369244 100.000000
5157 17.520391 0.000000 22.575445
3735 27.788816 26.262551 0.000000
3733 26.389579 28.802881 0.000000
3541 77.546711 72.665880 100.000000
3539 80.139411 72.637186 100.000000
3540 79.325614 73.505667 100.000000
10502 100.000000 35.942963 46.505655
6064 100.000000 35.965240 48.876357
11335 100.000000 35.365227 47.499617
4524 21.377361 0.000000 49.441903
4525 21.353647 0.000000 52.624039
4526 20.790010 0.000000 50.417317
1594 0.000000 50.015284 83.418118
3767 0.000000 50.122239 83.474075
13574 31.552360 84.476506 100.000000
1248 29.978695 85.407663 100.000000
12032 77.221150 55.811305 100.000000
3438 97.996469 2.309818 0.000000
17536 96.993582 1.003848 0.000000
5178 84.723874 81.946580 0.000000
1852 84.222390 82.808401 0.000000
1146 92.677627 25.715902 100.000000
1145 89.549052 22.460215 100.000000
7846 70.937313 54.403978 100.000000
12007 71.280526 53.455467 100.000000
377 31.487642 31.899898 0.000000
8202 27.725238 32.123078 0.000000
7221 100.000000 33.414778 21.171624
7222 100.000000 33.481688 18.498123
12810 0.000000 18.451979 62.779113
11176 0.000000 18.224449 59.579579
13536 100.000000 19.275159 54.542856
3998 100.000000 20.256283 57.568583
4000 100.000000 19.308626 59.364936
4256 22.150290 0.000000 28.453882
4452 6.665472 48.998337 100.000000
8042 8.387957 47.813269 100.000000
10482 63.516050 81.230045 100.000000
16841 11.304496 5.434307 0.000000
16843 11.784201 5.302670 0.000000
2189 18.619026 100.000000 33.344746
2188 24.221326 100.000000 45.566576
5939 21.186515 100.000000 25.207978
10607 100.000000 17.171717 100.000000
6171 73.724786 89.136883 0.000000
10162 100.000000 43.753006 19.458550
10155 100.000000 3.564139 43.874177
1252 100.000000 28.208174 47.112358
7917 100.000000 28.169076 49.716418
11308 0.000000 41.863305 75.937314
5250 73.321421 87.962431 100.000000
5481 76.304690 88.349441 100.000000
4498 79.815429 83.114710 100.000000
5439 0.000000 76.917117 8.214071
5441 0.000000 76.819009 3.220247
11437 72.303371 83.006978 0.000000
12998 94.921565 0.000000 82.225688
4638 100.000000 34.850479 34.842169
2740 100.000000 35.082919 31.885820
13128 76.890945 56.705939 100.000000
11766 75.072232 55.940154 100.000000
6881 100.000000 29.606704 55.083865
12691 100.000000 29.959242 53.641157
7473 8.236728 0.000000 62.361245
12301 7.692036 0.000000 60.240687
7114 55.712134 79.412071 100.000000
7216 53.902116 78.707449 100.000000
11004 68.933227 0.000000 36.422419
8904 68.664145 0.000000 40.397395
12413 47.709314 53.809440 0.000000
9668 4.989322 0.000000 31.569523
13185 4.845237 0.000000 34.432660
2818 4.447853 0.000000 31.421082
954 4.747513 0.000000 55.574846
11808 100.000000 38.634093 98.006016
4387 100.000000 37.629000 97.869004
5542 100.000000 38.033914 96.229579
12549 75.416282 31.893108 100.000000
1513 0.000000 42.576742 12.754448
4059 15.899064 33.401553 0.000000
10610 16.183361 85.838917 0.000000
10611 12.551946 85.731127 0.000000
3189 0.000000 87.444721 10.353256
2898 9.164588 100.000000 49.563456
2437 13.451996 100.000000 52.246404
7053 0.000000 57.215183 21.144648
8096 0.000000 56.070581 22.252299
494 0.000000 56.588512 25.255085
7064 0.000000 40.000000 100.000000
6640 2.181502 39.812064 100.000000
8456 19.081055 41.061645 100.000000
4822 90.733704 0.000000 91.219254
9815 91.813344 0.000000 92.405054
9089 91.090247 0.000000 94.652706
3625 62.351043 0.000000 63.590709
890 43.699111 81.923249 0.000000
5822 100.000000 22.028076 82.201479
11937 49.512110 96.238596 0.000000
7876 72.007825 0.000000 34.020630
9061 0.000000 82.291785 72.035148
11620 0.000000 83.105277 71.301529
9062 0.000000 82.485936 67.283920
970 0.000000 69.384667 61.731207
969 0.000000 68.740347 65.298228
9337 100.000000 28.868471 34.058907
9338 100.000000 28.862685 31.110475
9339 100.000000 29.618015 33.020437
9702 100.000000 27.856696 19.960693
11781 73.497320 0.000000 40.618855
13657 45.266170 98.014266 0.000000
13286 43.489997 98.001039 0.000000
3195 0.000000 19.360903 52.622069
5677 0.000000 19.875968 56.606724
12169 0.000000 20.432719 52.429098
8203 94.148168 0.000000 78.910447
13765 97.660125 100.000000 21.568508
16746 99.092482 100.000000 19.634476
2027 9.374058 0.000000 4.602167
16610 9.246110 0.000000 2.041095
2822 0.000000 94.790869 41.225106
9151 7.699999 56.953294 100.000000
6402 10.884663 57.077389 100.000000
11732 100.000000 40.420325 13.136868
7709 0.000000 85.436893 0.000000
17612 4.075196 86.116979 0.000000
17613 4.223788 85.564987 0.000000
12511 0.000000 36.893204 0.000000
4045 0.000000 39.089318 84.073015
4044 0.000000 39.436143 86.898829
3459 41.688630 84.675970 100.000000
3460 43.006731 85.410321 100.000000
13070 0.000000 76.981459 42.770622
529 0.000000 77.302902 37.692987
10942 0.000000 3.180361 72.198412
4286 0.000000 2.550536 67.744664
8786 14.457120 6.658497 100.000000
13115 32.176741 28.079093 100.000000
7197 30.271152 27.498143 100.000000
5111 0.000000 24.831344 25.903628
1865 0.000000 24.865792 30.309156
2470 0.000000 25.815357 28.214208
12200 2.249723 62.637785 100.000000
8064 60.001474 0.000000 77.932725
13085 60.933690 0.000000 76.393124
5220 21.957419 0.000000 54.910730
9899 22.732052 0.000000 57.280872
4527 34.293708 0.000000 82.522860
7942 0.000000 45.000000 100.000000
13139 0.000000 93.812171 45.766082
11641 0.000000 92.756084 50.643283
11339 0.649042 0.000000 52.715626
13580 1.062651 0.000000 56.723857
1557 0.648311 0.000000 59.130697
10855 24.551119 0.000000 49.270545
2610 0.000000 41.428432 45.334209
9648 0.000000 40.744886 43.859931
10489 1.950290 0.000000 57.909151
4011 13.481971 21.759769 100.000000
4040 16.741697 19.015633 100.000000
4041 15.230835 21.399109 100.000000
16747 26.576922 100.000000 83.619907
9097 23.218272 100.000000 69.550164
4817 100.000000 15.384615 0.000000
2609 0.000000 41.873214 44.145372
11812 6.490483 39.482062 100.000000
13223 32.912429 71.975342 100.000000
11035 96.888421 83.101715 0.000000
17610 12.523949 35.240545 0.000000
17611 13.838975 33.791400 0.000000
12529 49.577193 8.233041 100.000000
12261 49.143173 10.514302 100.000000
11444 100.000000 38.275074 70.353481
9193 87.880327 0.000000 36.493681
6956 0.000000 25.480030 94.560291
2361 24.740772 0.000000 32.006108
2907 25.239326 0.000000 33.551784
18 0.000000 49.731257 19.545277
9915 0.000000 49.831202 16.886546
3687 51.243032 97.962348 0.000000
7430 30.042405 100.000000 58.691196
3038 20.087437 90.095787 100.000000
7478 22.712406 90.745986 100.000000
3249 20.150945 91.178227 100.000000
9660 100.000000 14.940006 7.840885
13497 100.000000 14.355069 5.017687
12654 100.000000 15.211113 4.357303
12802 85.451546 0.000000 12.997099
8643 85.033115 0.000000 15.985906
2553 24.249555 0.000000 52.463366
5559 69.954273 67.853944 100.000000
5558 72.067800 67.567187 100.000000
1492 100.000000 41.129921 61.748412
6350 100.000000 40.372334 61.203092
6479 9.685635 64.922558 0.000000
9417 63.210235 62.694575 100.000000
13051 65.823376 63.114042 100.000000
11161 4.812522 74.756002 0.000000
3139 71.993689 0.000000 51.974584
2377 71.826467 0.000000 48.692161
2379 72.489273 0.000000 49.799175
3719 0.000000 44.000000 100.000000
16469 96.689158 4.153490 100.000000
16475 96.065850 4.209784 100.000000
16712 94.790559 2.541325 100.000000
1521 58.426966 0.000000 100.000000
2999 59.550562 0.000000 100.000000
3000 60.749306 4.342382 100.000000
1942 47.103808 98.591846 0.000000
2408 5.675935 57.731986 0.000000
5810 11.562024 57.138044 0.000000
8133 5.972458 56.647620 0.000000
2320 57.609270 0.000000 67.442684
2982 100.000000 37.615819 65.373809
35 0.000000 2.936334 38.913052
34 0.000000 3.810871 34.816506
13197 0.365746 0.000000 46.821561
12139 56.250000 100.000000 100.000000
8164 53.125000 100.000000 100.000000
1456 54.448888 99.449749 100.000000
6704 0.000000 48.797561 71.975801
7731 0.000000 49.378783 72.897309
8798 0.000000 49.337768 70.863017
9961 95.478114 0.000000 40.803891
1573 94.842232 0.000000 42.718964
13746 94.853511 0.000000 39.655623
3766 0.000000 50.167985 83.153000
18025 0.000000 50.107951 82.964844
8211 38.626971 42.351409 100.000000
6394 41.141107 42.625712 100.000000
945 0.000000 36.687602 21.243564
3028 84.476378 38.801999 100.000000
10555 100.000000 42.103425 14.696345
10557 100.000000 42.753342 12.747352
12668 100.000000 42.886387 15.663658
11256 94.662113 0.000000 69.156780
13015 94.465537 0.000000 66.485271
1189 5.932029 0.000000 50.711501
4399 6.537995 0.000000 50.314384
1190 6.312216 0.000000 53.977076
2458 43.913987 68.111123 0.000000
2802 43.780961 69.253523 0.000000
5622 48.882155 68.652152 0.000000
13531 66.092214 81.340092 100.000000
7136 69.494765 0.000000 9.983644
13522 68.763455 0.000000 12.776016
5849 62.128205 8.127285 100.000000
4576 0.000000 31.067961 0.000000
16815 8.002643 24.128274 0.000000
16816 6.713969 24.605582 0.000000
8127 0.000000 41.683504 34.566166
2745 61.314086 42.257090 100.000000
12458 0.000000 91.603223 20.165953
247 33.173699 80.464564 100.000000
8627 0.000000 88.961874 75.446238
10579 0.000000 89.550175 68.245606
11581 100.000000 29.223277 65.995360
7693 100.000000 29.647993 63.836302
17595 3.703159 50.641554 0.000000
2547 100.000000 31.888797 92.089083
10484 37.787027 98.159531 0.000000
6526 25.925798 0.000000 89.178635
3142 26.392315 0.000000 93.789388
8524 25.435195 0.000000 92.285249
8185 85.224668 2.928992 100.000000
5788 0.000000 73.632097 44.250594
9473 64.472626 0.000000 26.245777
7874 65.578939 0.000000 30.112788
8827 0.000000 49.502568 22.420707
6895 90.999313 0.000000 75.704875
1953 0.000000 22.184551 28.171048
6518 15.246777 42.267289 0.000000
5897 0.000000 21.184436 74.011267
2229 74.652755 53.942222 0.000000
7073 80.321527 53.483759 0.000000
7072 73.951221 52.427953 0.000000
5182 66.313515 51.505954 100.000000
6081 63.221191 50.669728 100.000000
7643 65.723961 50.090148 100.000000
5567 4.876243 0.000000 24.005315
8130 5.231847 0.000000 26.496530
3903 100.000000 33.193630 85.179504
2700 91.455804 95.581970 0.000000
2699 87.847076 95.255348 0.000000
10594 6.330126 56.051954 100.000000
3034 89.136330 88.776352 0.000000
3984 90.655054 0.000000 35.787728
5438 91.092990 0.000000 36.684921
4105 89.548094 14.198199 100.000000
11241 92.458961 95.564338 100.000000
11501 89.641807 94.970078 100.000000
13156 85.029273 0.000000 44.494182
1458 54.107836 98.721318 100.000000
1457 51.855878 99.278140 100.000000
13344 36.448100 82.988351 0.000000
5543 84.466192 7.829115 0.000000
13802 80.819716 4.981178 0.000000
9802 83.043472 7.534522 0.000000
4248 67.486377 2.544846 100.000000
12333 69.308656 2.885316 100.000000
12414 0.000000 6.796117 0.000000
12423 0.000000 7.755767 5.479678
2221 40.451864 70.896287 100.000000
2222 43.466678 71.082299 100.000000
10199 92.004931 0.000000 53.399457
7149 91.720298 0.000000 54.772686
8712 91.508512 0.000000 53.167292
10888 100.000000 42.214492 78.860197
4636 100.000000 41.950923 80.522444
13833 94.371951 3.861766 0.000000
17538 92.142941 2.295132 0.000000
2397 52.014777 0.000000 68.871432
10252 0.000000 51.045422 40.702518
11864 0.000000 50.351885 41.784136
12755 100.000000 28.050273 96.296008
3457 100.000000 29.110720 96.589230
2274 100.000000 28.282828 100.000000
5303 4.215696 0.000000 12.235281
13382 4.810911 0.000000 15.851760
12098 90.440170 0.000000 53.563189
12099 90.240995 0.000000 55.159124
5634 24.385196 87.628305 100.000000
8686 100.000000 81.852494 46.291164
12768 100.000000 81.375535 34.187370
1855 81.382421 57.355440 100.000000
7161 100.000000 61.215674 78.817713
11564 80.395780 0.000000 14.320345
6708 80.191233 99.395987 0.000000
7795 100.000000 62.184664 79.963943
7453 0.000000 22.164238 17.212822
11974 56.180309 14.723036 0.000000
7817 82.515384 66.534219 100.000000
13504 85.204000 66.582504 100.000000
8928 100.000000 44.016353 12.204642
6851 100.000000 43.440674 10.990257
8367 84.747911 0.000000 46.647364
8551 100.000000 9.685008 91.156382
2665 0.000000 34.650455 86.305994
953 0.000000 35.308281 86.667735
10525 100.000000 69.373945 85.322800
5625 93.294183 0.000000 65.859024
10124 0.000000 54.812951 33.160588
8829 0.000000 55.334840 35.136422
7211 0.000000 55.684602 32.266974
10223 48.314607 0.000000 100.000000
9599 0.000000 38.860996 46.028867
5930 37.700876 69.398728 0.000000
13721 54.060531 23.476016 100.000000
12264 0.000000 90.696981 18.258840
4194 0.000000 82.534145 51.694092
4511 0.000000 83.202597 45.163211
10129 0.000000 7.430971 79.094317
9800 0.000000 26.210744 95.300093
9801 0.000000 25.665056 97.416193
12184 23.215688 0.000000 54.365897
1328 100.000000 40.765832 42.982634
1327 100.000000 40.492296 41.707515
13119 100.000000 40.956692 41.715845
9334 22.559769 99.453430 0.000000
13812 24.458944 99.450936 0.000000
4162 100.000000 38.102926 34.755898
413 0.000000 44.737325 76.342513
11357 0.000000 44.464740 74.170271
2629 0.000000 48.268148 16.190188
2628 0.000000 48.844822 13.919054
5564 0.000000 47.990442 13.762065
461 95.726455 0.000000 76.818712
9218 11.813954 0.000000 62.970684
5053 0.000000 22.024471 44.514399
10688 24.201947 0.000000 24.046512
5527 24.241108 0.000000 20.821176
10479 61.935572 58.144262 100.000000
7851 0.000000 47.048587 86.100492
6855 43.582306 76.540370 100.000000
6786 44.463527 77.692724 100.000000
567 40.974078 77.275181 100.000000
12471 62.547766 4.327129 100.000000
9773 100.000000 69.134695 31.417353
231 100.000000 68.628141 36.329405
13335 51.149214 5.962662 0.000000
13263 49.479791 5.793944 0.000000
957 18.130891 0.000000 89.691869
1061 32.539775 72.156607 0.000000
10879 34.265064 71.285308 0.000000
1062 29.415370 71.398365 0.000000
3860 100.000000 22.586694 31.213469
3428 100.000000 21.488901 31.692007
9288 81.318966 19.406545 0.000000
12930 39.427903 62.833763 0.000000
6458 0.000000 56.547062 45.260045
4798 0.000000 56.070173 42.136673
1467 0.000000 24.928830 7.060036
3575 0.000000 25.714645 6.139025
13317 49.091180 2.849485 0.000000
13881 34.924863 46.867991 0.000000
1917 28.994028 47.770098 0.000000
587 0.000000 9.698885 54.021092
559 9.046048 5.253186 100.000000
7881 4.165691 8.951172 100.000000
982 86.868185 65.267270 0.000000
980 92.050168 65.765530 0.000000
12820 94.931021 0.000000 64.127234
2450 100.000000 38.286573 29.613786
2843 100.000000 38.819504 31.379944
12011 91.143023 88.684078 100.000000
13534 89.134566 87.846204 100.000000
7352 67.554465 67.715994 100.000000
2300 95.379055 77.745877 0.000000
2147 76.115277 0.000000 87.002963
311 75.214887 0.000000 87.424391
6643 33.722236 15.561501 0.000000
1048 100.000000 44.206918 38.635906
4840 100.000000 44.595080 41.420183
381 78.504411 89.297615 100.000000
4199 80.086377 20.708393 0.000000
11821 53.578676 88.826825 100.000000
4924 71.954909 0.000000 69.664528
1666 85.116952 79.693541 100.000000
11246 100.000000 43.476074 41.868244
1302 35.232023 0.000000 10.320901
11990 35.352596 0.000000 17.449145
995 2.187781 0.000000 15.269376
11298 57.230633 54.307598 100.000000
11297 55.786913 55.058952 100.000000
5135 69.771424 0.000000 14.959271
7135 70.481645 0.000000 12.911494
6336 100.000000 87.986780 50.502849
17028 100.000000 2.898663 3.143422
8068 100.000000 25.000000 0.000000
17029 100.000000 24.661938 2.010430
17030 100.000000 25.152021 2.085063
7095 14.444653 0.000000 22.090407
6053 15.009181 0.000000 18.316553
9393 15.415440 0.000000 23.508292
1098 100.000000 27.893566 55.331603
4243 100.000000 26.878386 53.396013
6887 100.000000 27.627524 51.485694
6342 68.419437 55.792383 100.000000
551 100.000000 22.372964 19.405962
838 100.000000 23.105377 22.846534
17587 1.795818 89.728833 0.000000
17615 1.495646 89.071485 0.000000
4119 50.898724 14.357602 0.000000
13815 54.037048 0.000000 30.405198
1555 54.961580 0.000000 26.537448
8561 55.128596 0.000000 33.412438
11448 100.000000 39.535346 12.873669
11088 100.000000 39.972774 15.389460
2467 0.000000 23.555172 93.929112
1586 0.000000 22.870221 97.017906
10417 54.096560 0.000000 57.882157
5460 54.842623 0.000000 62.640529
424 100.000000 90.006390 90.498499
325 0.000000 46.158468 30.390868
12269 100.000000 38.481923 88.591258
273 100.000000 25.398349 71.860770
16425 4.296439 3.199237 0.000000
16420 4.043334 3.973382 0.000000
16931 5.487193 2.219305 0.000000
16929 5.971104 2.156591 0.000000
7077 7.446809 0.000000 0.000000
12050 60.719524 53.114968 100.000000
12051 58.975017 53.681147 100.000000
13124 0.000000 24.034952 47.025821
513 0.000000 24.871424 49.812149
5547 34.395737 58.204739 100.000000
7319 36.535700 57.597705 100.000000
5545 36.974301 58.543323 100.000000
7031 0.000000 23.902552 32.289330
12829 100.000000 46.830700 74.363161
6062 100.000000 46.796057 71.562664
2206 21.749670 0.000000 25.389536
10452 100.000000 20.095337 6.234689
2654 100.000000 20.641910 9.905649
6593 40.598076 96.728641 0.000000
6591 39.828363 96.939980 0.000000
851 89.702345 0.000000 55.818632
4751 0.000000 23.283292 91.189895
7036 0.000000 22.574224 94.168584
12982 0.000000 72.287093 23.424469
2045 100.000000 78.592862 54.708913
7006 88.686899 62.153715 100.000000
7005 91.569238 62.949928 100.000000
7134 98.378505 0.000000 67.720087
17701 100.000000 40.746585 5.525173
1226 0.000000 49.781938 83.277560
1224 0.000000 49.874346 83.183695
1225 0.000000 49.803610 82.980258
7654 27.338155 100.000000 67.637279
2190 21.054504 100.000000 51.303769
6695 100.000000 36.476853 19.283744
9091 100.000000 36.041277 20.545383
11513 87.500000 100.000000 100.000000
9208 86.162297 98.983341 100.000000
3124 0.000000 5.825243 0.000000
3123 0.000000 4.895132 2.931456
6091 100.000000 43.393146 40.071902
11746 89.867399 8.124473 100.000000
12089 24.255463 34.445490 0.000000
13854 91.623225 0.000000 58.901607
17110 100.000000 37.052540 1.997091
4795 100.000000 37.500000 0.000000
17112 100.000000 37.544775 1.952287
4347 81.221904 87.496291 100.000000
11409 100.000000 42.281930 17.596746
17458 86.946995 100.000000 89.142680
4104 86.753036 11.492390 100.000000
442 30.152849 0.000000 47.787650
5792 71.638287 16.174995 100.000000
590 72.101122 14.363321 100.000000
10608 55.983988 50.736275 100.000000
16446 1.049236 1.512752 100.000000
18134 1.229783 0.950396 100.000000
18135 1.399286 1.073186 100.000000
2704 100.000000 29.907717 70.760966
9149 25.966258 44.992342 0.000000
453 79.791128 35.532284 0.000000
3258 0.000000 40.359742 63.360200
10337 0.000000 41.100992 61.183664
9130 29.417099 34.056844 100.000000
12873 4.973507 65.557242 100.000000
13410 2.075124 65.166626 100.000000
10996 0.000000 2.548675 94.597263
17140 0.000000 2.165090 96.619083
17768 100.000000 80.930129 25.854295
11043 100.000000 80.462189 17.117845
17840 100.000000 80.090305 23.741700
17774 100.000000 79.820643 21.532967
4263 56.128877 0.000000 35.226930
4264 55.774782 0.000000 30.004854
1778 47.225798 90.220855 100.000000
11694 0.000000 31.431838 2.006808
6079 4.362210 100.000000 9.338605
17432 6.813570 100.000000 6.758609
17431 4.657652 100.000000 3.776582
16487 2.484578 100.000000 4.494504
5450 34.615385 100.000000 0.000000
9889 38.461538 100.000000 0.000000
6196 37.596752 100.000000 28.902197
17433 38.843208 100.000000 19.520458
8005 48.743682 56.855981 100.000000
8004 47.901933 57.747214 100.000000
2150 100.000000 73.669807 11.916360
17792 100.000000 73.621156 18.435489
17779 100.000000 73.223541 17.724852
11131 100.000000 74.649418 25.805438
17771 100.000000 74.595623 19.381490
7154 53.535395 85.101781 100.000000
9616 51.072672 85.490144 100.000000
5592 50.943897 84.451378 100.000000
4084 35.981859 28.753890 100.000000
6318 0.000000 38.824925 89.863907
12452 5.404338 64.756862 0.000000
2721 2.328100 64.646312 0.000000
7563 3.069048 65.409711 0.000000
879 0.000000 18.000000 100.000000
8415 0.000000 96.130309 71.962435
7589 90.737099 0.000000 78.698830
3829 90.262270 0.000000 75.920756
3615 100.000000 39.385439 69.353110
3616 100.000000 39.009845 66.805721
3614 100.000000 39.680124 67.145151
12217 6.467658 0.000000 18.520142
9204 0.000000 52.170223 36.493882
16819 25.260573 6.333100 0.000000
16818 25.468212 6.660000 0.000000
10751 0.000000 82.011446 23.542088
8316 0.000000 82.507575 18.407155
10750 0.000000 81.345310 19.218994
989 0.000000 79.930146 45.576075
1032 34.999135 82.900022 100.000000
6178 68.706096 0.000000 25.714137
4381 69.280296 0.000000 28.856585
10809 68.584725 0.000000 29.464687
3140 71.350315 0.000000 50.761885
6287 70.566293 0.000000 49.715332
12047 71.176007 0.000000 47.332608
602 100.000000 45.404386 40.964900
626 100.000000 45.935287 43.407287
1443 100.000000 45.218926 43.850841
5688 97.047499 0.000000 39.498779
10677 96.877405 0.000000 34.761721
7904 29.414078 73.707475 0.000000
134 26.168473 74.114241 0.000000
4131 1.075789 0.000000 51.834088
472 48.410408 87.297045 0.000000
2926 78.676789 0.000000 33.830657
11535 39.325843 0.000000 100.000000
9255 37.812660 2.770995 100.000000
11385 71.426529 26.589964 100.000000
3168 79.467134 0.000000 46.145233
10261 22.657575 77.064646 100.000000
7723 100.000000 89.423077 0.000000
5641 38.744118 57.223028 100.000000
5639 41.334249 56.917926 100.000000
9809 11.964936 92.505489 0.000000
6084 15.070252 92.497507 0.000000
8092 68.703003 25.337625 0.000000
11459 69.237624 23.681420 0.000000
12607 75.646718 0.000000 91.721716
3250 22.517055 91.775863 100.000000
5701 100.000000 32.795529 76.953435
6257 0.000000 85.247579 27.432898
5037 0.000000 85.904135 30.090722
13454 39.079137 14.215619 100.000000
6024 0.000000 55.107767 61.657464
7080 0.000000 54.217470 61.790209
12509 82.459716 0.000000 46.765023
12206 0.000000 100.000000 46.666667
4310 71.262468 0.000000 19.489848
8462 66.373551 71.854239 0.000000
8688 57.564276 40.553328 100.000000
11325 83.474433 20.243061 0.000000
13087 100.000000 95.474988 29.886959
5522 0.000000 40.334872 86.983049
7091 0.000000 28.939784 75.292967
1451 0.000000 29.605594 73.647641
6820 0.000000 28.998203 71.972360
4580 56.177156 14.294787 100.000000
5119 91.643205 42.859364 100.000000
968 100.000000 24.335358 3.862330
967 100.000000 24.822216 6.251028
5985 33.079230 0.000000 10.457615
7385 100.000000 71.620188 14.245477
17772 100.000000 70.834085 18.881745
7384 100.000000 70.550899 13.167512
10328 100.000000 52.964315 11.027938
12070 3.128167 0.000000 30.592298
7396 32.921182 16.701307 100.000000
12283 30.984507 18.643034 100.000000
9517 31.278154 16.669807 100.000000
16796 9.710424 20.552300 0.000000
16820 10.807470 20.171000 0.000000
8735 0.000000 56.126583 47.835333
11489 51.387012 82.261066 100.000000
11181 54.432264 89.639363 100.000000
8296 83.445124 61.336307 0.000000
8297 84.897685 62.171388 0.000000
11417 100.000000 43.818881 79.597304
8327 100.000000 44.242867 78.496863
6252 100.000000 44.392532 80.813533
309 38.565900 36.795067 0.000000
6891 100.000000 44.979990 32.689361
12531 0.000000 34.129622 80.146089
10781 100.000000 46.699949 77.037921
4988 100.000000 0.000000 52.941176
3600 100.000000 0.000000 58.823529
17769 100.000000 80.348147 26.184196
6385 62.142561 56.130496 100.000000
11773 100.000000 94.513959 59.385433
13429 100.000000 93.371916 46.135557
13088 100.000000 94.462451 38.872479
657 30.402382 0.000000 32.345513
1418 70.298053 69.881065 0.000000
10989 77.463999 0.000000 46.951191
9047 100.000000 73.318343 70.971225
5090 98.051688 0.000000 35.340675
6282 14.694402 87.696666 0.000000
13328 17.827393 87.706019 0.000000
7912 100.000000 16.929618 63.018903
13422 0.000000 18.143308 65.698836
12927 0.000000 18.951114 65.101757
12711 100.000000 78.526944 69.554730
13759 100.000000 79.499244 65.536371
12862 100.000000 79.315270 78.466156
7142 24.315861 73.293081 100.000000
8835 80.922526 49.460620 100.000000
10121 0.000000 44.378601 46.457222
10122 0.000000 44.816415 45.394760
13291 35.223921 52.256755 100.000000
7742 16.622546 0.000000 18.165321
6129 6.196388 0.000000 59.605604
12082 5.906226 0.000000 58.259003
12215 1.576554 35.480036 100.000000
5109 0.000000 11.446605 45.254888
1751 0.000000 10.956826 49.512035
4958 0.000000 11.978791 49.639283
3029 98.830763 0.000000 42.713550
3030 98.003723 0.000000 41.182876
17033 100.000000 31.582161 2.271709
165 0.000000 41.747573 0.000000
891 39.974960 82.425150 0.000000
8738 23.335218 0.000000 4.220159
7523 23.592887 0.000000 7.633411
9674 0.580617 0.000000 36.157794
5073 37.048037 0.000000 67.690752
12960 37.488518 0.000000 72.827934
8676 36.543032 0.000000 73.064456
9837 0.670224 0.000000 30.604772
1202 0.765929 0.000000 25.577609
3676 0.000000 12.462689 8.334160
11973 100.000000 13.183081 22.352114
13346 100.000000 12.444098 22.960915
3830 89.809233 0.000000 78.811211
8223 0.000000 47.536929 34.061423
13253 0.000000 63.751957 33.369028
7318 28.358565 95.087172 0.000000
906 27.221272 94.638217 0.000000
10418 20.858698 81.765614 100.000000
5980 0.000000 61.163688 4.465493
5847 70.813435 95.483286 100.000000
12659 87.920109 0.000000 18.071855
2542 78.493485 0.000000 79.550681
6888 58.772857 0.000000 91.740720
8065 59.619736 0.000000 85.685410
11784 59.689830 0.000000 93.635833
10398 0.000000 32.220052 40.472089
9320 0.000000 32.293584 43.288401
11390 0.000000 32.989387 41.540073
858 56.969057 98.299905 100.000000
7465 56.905726 99.249285 100.000000
1884 100.000000 39.989819 34.145854
130 100.000000 40.589186 35.092682
10653 99.210667 0.000000 51.892829
4037 95.075178 0.000000 28.011390
3916 66.231174 77.326490 0.000000
9274 0.000000 49.881677 71.680051
800 29.217004 77.906054 0.000000
2281 32.951924 77.459151 0.000000
5741 28.503416 77.038665 0.000000
9911 43.170860 75.393073 100.000000
7393 45.972478 75.953279 100.000000
9554 90.101724 96.276948 100.000000
12061 93.061059 96.743589 100.000000
2744 60.130855 40.744857 100.000000
12122 62.901550 41.230482 100.000000
17141 0.000000 0.462468 94.249712
13268 0.000000 1.039606 93.145016
10941 0.000000 3.622293 77.008416
13870 0.000000 4.395693 72.154886
12640 20.435517 93.097937 0.000000
7606 18.393435 92.402164 0.000000
2759 38.707626 17.590607 0.000000
11929 37.415745 16.227261 0.000000
11710 89.053109 8.381293 0.000000
1495 89.210849 0.000000 67.484906
1021 27.139263 62.310619 100.000000
11958 24.853384 61.404491 100.000000
1019 27.793090 61.436919 100.000000
4651 0.000000 42.294973 40.752835
4465 0.000000 84.079452 12.760450
4467 0.000000 83.608379 8.597096
12611 38.609195 21.961123 0.000000
9148 30.276413 45.885026 0.000000
3311 93.674747 0.000000 71.850829
2282 57.643622 0.000000 59.825930
13295 56.745631 0.000000 56.065548
12265 0.000000 89.989348 22.036716
871 0.000000 30.265071 27.603593
7545 0.000000 30.881185 24.911091
693 81.766345 32.647632 0.000000
6964 78.947806 31.905693 0.000000
801 25.739113 77.549241 0.000000
3169 79.928982 0.000000 42.456786
12389 80.832315 0.000000 40.916028
13240 0.000000 32.033926 37.678159
1848 0.000000 31.871426 34.739747
5217 45.656233 45.042891 100.000000
1056 75.523839 31.082929 0.000000
7441 85.403332 55.412525 100.000000
6722 84.323906 54.104081 100.000000
8728 53.050382 91.050338 100.000000
4117 0.000000 48.736679 86.787183
13042 0.000000 49.111764 85.961773
13336 0.000000 53.738594 58.564738
7256 16.377890 0.000000 85.334866
5530 92.238381 17.883946 100.000000
12145 20.791022 69.080653 100.000000
12190 19.603913 69.936925 100.000000
10674 100.000000 42.563573 3.148624
8333 0.000000 40.594954 27.595389
9714 0.000000 45.213801 42.165993
13230 61.987317 88.774170 100.000000
9280 63.831826 88.316686 100.000000
9282 64.756266 89.155742 100.000000
12803 84.631344 0.000000 9.134361
11248 100.000000 78.427883 81.166147
11657 61.272423 59.073458 100.000000
0 0.000000 13.484562 3.770085
1435 0.000000 12.621359 0.000000
3047 0.000000 12.549561 4.406519
9504 100.000000 37.792408 54.482193
393 87.985855 0.000000 72.551727
9161 0.000000 25.000000 100.000000
5075 100.000000 39.351969 30.844018
4317 16.633799 44.911934 0.000000
4673 20.177384 45.891061 0.000000
12753 31.423426 29.350470 0.000000
2981 0.000000 25.242718 0.000000
9028 0.000000 47.117101 83.561177
7998 0.000000 62.806776 32.959527
1041 0.000000 32.623010 4.598105
192 0.000000 31.744543 4.308428
17283 30.843006 2.966478 100.000000
1667 82.081422 79.759704 100.000000
1289 100.000000 44.193005 4.570318
17696 100.000000 44.730958 7.010084
17697 100.000000 44.085508 7.082902
12445 28.754781 0.000000 63.675853
239 0.000000 35.992695 85.360633
238 0.000000 37.027211 83.564204
2039 0.000000 36.029296 81.673349
2985 0.000000 14.334425 6.652747
9211 0.000000 13.439647 8.499319
260 29.325221 17.089973 100.000000
259 29.718217 15.331351 100.000000
18196 76.145467 0.000000 97.986335
18197 76.521814 0.000000 98.051929
16612 75.924449 0.000000 95.645549
16613 76.595680 0.000000 96.234199
5791 73.884390 19.183716 100.000000
7884 75.902412 21.882969 100.000000
10606 73.472658 20.602403 100.000000
13541 47.142247 0.000000 29.460452
13130 46.154864 0.000000 31.353464
2651 46.350306 0.000000 23.745988
12563 0.000000 47.191900 36.722324
8224 0.000000 47.997403 36.380887
5192 0.000000 87.096241 78.125606
5191 0.000000 87.872060 73.493460
12660 0.000000 86.889709 72.188619
7237 83.199324 46.893642 0.000000
7238 85.592706 48.287131 0.000000
17034 100.000000 31.023120 2.699471
17036 100.000000 30.644622 2.303565
4975 100.000000 4.565713 37.553417
5867 39.200134 91.188775 100.000000
5186 93.996224 38.354148 0.000000
3145 91.860187 38.236507 0.000000
5807 22.845698 46.846444 100.000000
6995 100.000000 32.546961 69.068001
8659 30.578413 11.863430 100.000000
11951 27.840047 14.051016 100.000000
8657 29.722587 10.904593 100.000000
8842 47.150038 62.281357 100.000000
12897 50.278482 62.297037 100.000000
2848 48.587768 63.101055 100.000000
81 0.000000 83.993266 21.636337
82 0.000000 83.558003 27.207374
80 0.000000 84.565529 24.853222
7432 0.000000 69.084762 9.611260
2055 0.000000 43.447662 14.113380
9407 0.000000 83.383867 38.366272
6781 0.000000 84.277226 35.341113
11809 2.706155 0.000000 23.264096
1654 1.889308 0.000000 21.714229
1653 2.362145 0.000000 19.316086
2075 97.407732 4.023170 0.000000
4291 41.277296 3.020881 0.000000
365 11.866991 0.000000 26.025203
7882 4.875885 9.585841 100.000000
1717 0.000000 19.901950 3.341399
7346 0.000000 20.875185 3.913660
11446 73.214732 0.000000 50.799277
5057 73.942202 0.000000 52.324221
6392 73.411681 0.000000 53.865391
6224 0.000000 1.892900 94.046888
17142 0.000000 1.671726 97.390229
3975 28.723404 0.000000 0.000000
13507 28.634227 0.000000 1.863781
3976 27.659574 0.000000 0.000000
9601 3.192049 0.000000 66.800065
3162 3.337465 0.000000 62.972439
9748 3.679441 0.000000 65.498818
5185 91.699572 35.834939 0.000000
1425 96.270269 38.589776 0.000000
5572 96.587961 45.394352 100.000000
4756 100.000000 64.055108 92.700884
13840 100.000000 64.646465 100.000000
2936 7.048917 0.000000 6.754800
2937 6.335910 0.000000 7.533727
8292 55.202813 42.026880 100.000000
3781 0.000000 32.173592 49.765157
3990 0.000000 32.947861 51.344871
4017 35.321984 0.000000 22.618830
7521 91.000177 97.591624 100.000000
7101 87.843494 97.164789 100.000000
73 53.260803 58.916357 0.000000
5385 54.176328 57.706806 0.000000
13460 0.000000 24.727121 81.429025
441 30.702616 0.000000 43.989912
4174 0.000000 47.450945 9.162020
12522 0.000000 47.973467 7.481666
11389 0.000000 34.083181 24.360156
9791 0.000000 34.683466 25.830237
1199 100.000000 42.720997 34.317692
12600 90.017210 16.652871 100.000000
4440 100.000000 53.898746 9.759296
10948 100.000000 53.513997 13.090589
9209 86.214955 97.986573 100.000000
7675 99.065369 0.000000 46.744543
6843 48.527610 76.516750 100.000000
9940 80.293558 52.708637 100.000000
1422 92.294720 24.356144 0.000000
296 95.323076 26.890337 0.000000
12630 3.440354 0.000000 12.852989
2962 39.477878 95.780869 0.000000
13184 40.040681 96.197293 0.000000
13183 41.776249 95.982495 0.000000
4375 42.205170 35.555510 100.000000
5840 100.000000 45.876667 76.855585
1360 0.000000 17.854224 78.972171
2324 0.000000 17.406270 82.508466
1358 0.000000 18.174998 83.317059
298 98.080118 29.350677 0.000000
17616 3.009267 51.451975 0.000000
11235 7.478856 51.000730 0.000000
13554 7.774043 49.622073 0.000000
4357 24.375138 92.767790 0.000000
4356 21.980109 92.250374 0.000000
13482 85.136365 6.799317 100.000000
10152 0.000000 45.860634 42.319151
3631 100.000000 78.691264 15.515534
11044 100.000000 79.611931 14.194262
17773 100.000000 79.208552 22.479235
6151 73.538670 74.646572 100.000000
13419 71.366872 73.801708 100.000000
1182 81.725798 94.268731 0.000000
13137 81.588250 93.529736 0.000000
2771 78.133863 93.898195 0.000000
9912 92.737001 70.670721 0.000000
7676 98.078291 0.000000 46.245181
5689 97.007667 0.000000 45.080390
6872 0.000000 71.339493 62.990729
6871 0.000000 72.357314 63.582664
11604 0.000000 71.907802 58.913846
2261 0.000000 42.551956 54.470564
3146 89.077616 37.839917 0.000000
374 53.704904 87.037464 100.000000
16505 0.000000 2.282268 3.329308
5145 0.000000 1.687905 5.951344
9503 100.000000 38.099781 56.730635
4788 73.106592 24.097118 0.000000
13658 0.000000 50.135589 32.839048
11111 91.489362 0.000000 0.000000
5740 32.388329 76.498047 0.000000
8632 27.541420 76.069145 0.000000
2668 14.523358 99.589333 0.000000
2228 68.183495 54.480269 0.000000
1744 70.560769 56.315492 0.000000
3318 75.548365 55.435270 0.000000
3263 12.443514 76.536276 0.000000
6592 41.646024 96.860963 0.000000
5372 100.000000 69.199687 54.244908
9258 82.558652 4.465803 100.000000
7705 61.131421 54.215337 0.000000
289 56.453554 54.052228 0.000000
17037 100.000000 23.754494 2.007607
17106 100.000000 23.348341 2.151013
6427 100.000000 23.530316 4.062209
5798 100.000000 34.600677 39.710473
3642 100.000000 33.983075 38.416071
4637 100.000000 34.694578 37.557276
655 30.993148 0.000000 28.373347
656 31.375811 0.000000 33.040915
557 100.000000 14.414892 90.273972
13486 100.000000 14.976986 85.955224
10189 0.000000 46.737718 18.731901
13532 0.000000 47.306105 20.720498
10187 0.000000 47.731413 18.561552
9676 40.167721 82.144787 100.000000
13327 40.192873 81.102013 100.000000
13262 100.000000 66.346154 0.000000
17775 100.000000 66.252420 7.491725
17723 100.000000 65.705530 6.426583
2167 68.745261 52.861919 0.000000
11860 26.823564 0.000000 89.755743
13471 59.071757 98.294949 0.000000
18152 61.696576 98.345797 0.000000
6516 60.753882 98.008382 0.000000
527 21.277922 0.000000 42.130331
3277 22.066807 0.000000 41.473074
11799 21.996790 0.000000 44.947492
4031 45.846409 52.573172 100.000000
12591 100.000000 47.387842 4.493900
17708 100.000000 47.776491 6.681792
17717 100.000000 47.395367 7.050187
7632 100.000000 98.812628 59.390588
5821 0.000000 40.723216 10.864020
7644 0.000000 40.091736 9.455053
10918 0.000000 40.135728 12.277366
8614 19.430155 57.159411 100.000000
8613 21.295384 56.130086 100.000000
5038 22.695057 57.189305 100.000000
6965 29.354451 82.603782 100.000000
10279 40.625000 100.000000 100.000000
11376 43.750000 100.000000 100.000000
10067 54.545709 66.332668 100.000000
10068 52.279577 66.840253 100.000000
10066 51.881580 65.768620 100.000000
895 0.000000 54.485204 53.756884
13157 50.141508 46.575173 100.000000
8319 5.909733 0.000000 11.700935
6019 5.697677 0.000000 9.016411
9699 6.408202 0.000000 10.755677
12317 100.000000 10.191063 51.115770
8407 82.186962 0.000000 7.834965
6622 82.025563 0.000000 3.631786
123 0.000000 48.257896 9.287295
9137 81.166662 54.964165 0.000000
7554 87.088914 54.634941 0.000000
6501 16.315847 0.000000 62.499690
9537 15.694826 0.000000 57.788850
2841 100.000000 80.283704 76.048315
2249 100.000000 81.267719 73.837711
9986 100.000000 5.968115 40.265735
7024 64.423655 60.918650 100.000000
10239 54.472892 15.686299 0.000000
10201 52.868899 13.849739 0.000000
8051 52.490455 16.325351 0.000000
6314 100.000000 68.269231 0.000000
17816 100.000000 68.058849 4.827621
17808 100.000000 67.694571 3.934108
10139 30.028051 0.000000 57.696958
12898 33.660156 0.000000 77.910707
7535 33.248429 0.000000 83.833434
3613 80.440358 51.808957 100.000000
270 78.185516 52.068260 100.000000
11915 77.579076 50.703090 100.000000
8525 81.042782 0.000000 37.384688
4430 53.127167 95.211935 0.000000
406 51.894689 94.780072 0.000000
7911 100.000000 16.645561 67.515084
9122 100.000000 16.075542 64.685892
5928 100.000000 15.674685 68.032877
4029 48.006385 53.060648 100.000000
11285 63.420405 0.000000 22.587137
13458 34.879399 92.134239 0.000000
3970 0.000000 0.000000 76.470588
3500 0.000000 0.949660 80.218258
6256 0.000000 1.033167 74.305991
5521 0.000000 40.691526 89.389072
7295 100.000000 49.661691 17.480471
9997 0.000000 36.727239 6.936844
7481 0.000000 37.494001 5.955633
7777 0.000000 36.853891 3.864059
8368 84.009136 0.000000 46.813284
7551 37.829292 97.510331 0.000000
13626 36.450249 97.375822 0.000000
17455 79.440185 100.000000 86.934869
3593 52.916017 29.841715 100.000000
11210 39.128648 97.913857 0.000000
12185 41.489235 97.968172 0.000000
12698 100.000000 39.626323 95.696750
12699 100.000000 39.558486 97.906180
5845 20.054007 93.943480 0.000000
129 100.000000 41.120399 36.045144
3331 100.000000 41.606075 37.230909
8673 9.512080 0.000000 35.164827
16485 100.000000 99.436420 87.561518
5242 100.000000 100.000000 80.000000
17124 100.000000 99.751864 86.079495
17039 100.000000 99.571036 76.756462
7520 62.768639 84.996375 0.000000
4952 0.000000 54.590341 36.532711
10628 78.761768 51.895595 0.000000
8974 16.080160 67.281023 0.000000
8013 20.777850 66.706916 0.000000
9691 100.000000 33.294542 58.224925
10519 100.000000 42.767059 47.557193
519 100.000000 43.198912 46.183532
12716 83.105024 0.000000 38.405812
10101 82.510121 0.000000 36.681320
8315 83.067655 0.000000 34.562081
747 74.931751 0.000000 31.996946
7952 85.946568 73.953244 100.000000
13628 64.009207 0.000000 71.315790
10323 64.555454 0.000000 66.769024
17617 4.220507 86.786637 0.000000
17618 2.739153 87.151341 0.000000
5251 72.151355 86.995258 100.000000
190 61.079693 96.544056 0.000000
13006 57.726941 96.633729 0.000000
5596 0.000000 39.397531 22.192255
5597 0.000000 39.779030 24.448259
1589 0.000000 40.150455 22.269758
12710 60.841128 0.000000 41.935793
9549 93.725873 0.000000 39.980050
10434 98.520543 0.000000 4.737282
12512 65.576251 0.000000 86.098608
3193 0.000000 0.000000 70.588235
13110 21.932065 0.000000 51.491742
13398 0.000000 47.020611 73.201880
7764 100.000000 43.546710 75.845468
17961 100.000000 43.803893 75.015086
8326 100.000000 44.130766 75.993684
6153 45.166077 0.000000 83.126262
6152 45.543389 0.000000 90.107182
7987 0.000000 13.504032 52.533466
3801 100.000000 31.730769 0.000000
694 73.404255 0.000000 0.000000
7991 74.024446 0.000000 4.649181
13383 48.936170 0.000000 0.000000
6328 48.995654 0.000000 8.046673
3809 20.952180 35.268011 100.000000
11765 23.274626 34.714108 100.000000
2872 0.000000 26.213592 0.000000
11560 84.344915 76.546630 100.000000
1204 86.573267 75.801875 100.000000
11479 29.926744 100.000000 25.434103
17434 30.291450 100.000000 11.240665
17435 28.449351 100.000000 12.287363
11648 51.543782 0.000000 15.072710
10758 51.353215 0.000000 7.235146
13577 52.333102 0.000000 10.424793
2540 79.728729 0.000000 79.121781
4605 83.911058 4.718617 100.000000
2205 20.882619 0.000000 23.744247
11830 71.361901 98.323202 100.000000
8776 45.687406 74.781180 100.000000
1640 46.845053 73.864656 100.000000
6901 100.000000 82.692308 0.000000
6903 96.042366 82.263723 0.000000
3402 100.000000 35.793691 63.824796
2980 100.000000 35.395726 66.287755
3009 100.000000 34.936041 63.638496
2058 0.000000 97.133725 46.086656
2060 0.000000 97.540002 39.431918
13476 83.328548 0.000000 10.452047
11908 83.276984 0.000000 6.436177
600 19.728685 0.000000 57.863722
5032 15.829603 98.643793 0.000000
5031 19.750073 98.526125 0.000000
12757 19.240829 98.123975 0.000000
7550 39.348011 97.638267 0.000000
7160 100.000000 60.796420 71.361139
11350 100.000000 61.858725 72.521169
5974 0.000000 44.842203 89.542321
658 75.082802 0.000000 73.821750
4789 27.064029 60.497712 100.000000
13310 89.267136 0.000000 59.325230
2750 0.000000 31.394054 47.795328
6735 27.745256 96.678851 0.000000
6734 29.155671 96.934787 0.000000
12738 100.000000 19.526206 50.108406
13589 79.417923 0.000000 90.386219
12287 100.000000 72.764191 13.008976
17778 100.000000 72.581533 20.146006
3084 57.446809 0.000000 0.000000
17540 59.167583 1.653959 0.000000
11172 44.849133 35.515690 100.000000
742 43.687759 33.964163 100.000000
1921 43.755442 7.850443 100.000000
11994 29.899353 0.000000 78.459549
4609 100.000000 44.937685 62.719817
6968 70.632981 35.345708 100.000000
5614 55.231499 24.839943 100.000000
16822 23.223987 10.211158 0.000000
875 24.172809 10.425110 0.000000
5660 16.949472 15.212937 0.000000
876 15.664625 17.575986 0.000000
3244 0.000000 54.201004 30.967871
3242 0.000000 53.600749 29.342428
10010 73.378681 0.000000 62.944560
9197 54.841574 6.314497 0.000000
13151 52.896079 6.056800 0.000000
9852 54.137846 9.115964 0.000000
8161 100.000000 28.437621 4.358986
17040 100.000000 28.657456 2.053557
13706 100.000000 41.240920 47.987217
8723 37.867414 39.552327 100.000000
1634 59.217452 64.060410 100.000000
7491 74.949213 56.707571 100.000000
8347 100.000000 37.285068 91.958010
5541 100.000000 37.019251 95.056363
2987 0.000000 15.125970 5.464260
18058 84.998105 0.000000 39.718728
18059 85.353208 0.000000 40.380108
11790 29.146796 75.382201 100.000000
13048 29.851493 76.396151 100.000000
6710 79.755206 98.802597 0.000000
4229 100.000000 23.187628 94.433450
1638 44.179735 73.737819 100.000000
4290 39.988607 3.276995 0.000000
2351 42.553191 0.000000 0.000000
12839 88.366805 0.000000 15.035321
7977 89.281983 0.000000 13.543976
7753 100.000000 45.833543 21.250513
8034 79.091175 4.482564 0.000000
6201 76.343662 78.953159 0.000000
4332 62.260585 57.138079 100.000000
12332 70.755704 3.012364 100.000000
2177 73.076923 100.000000 0.000000
342 72.509305 99.425538 0.000000
8878 100.000000 78.701073 30.466262
2239 100.000000 79.730239 30.131793
2046 100.000000 79.153251 41.584878
2545 43.913764 3.403240 100.000000
10326 100.000000 48.195792 97.656546
10234 100.000000 47.288837 96.422458
12306 100.000000 47.629512 94.094152
4019 47.563188 12.934798 0.000000
13420 48.728391 15.005659 0.000000
13068 100.000000 55.431609 86.506883
10895 100.000000 70.635794 51.062178
7845 64.378472 0.000000 19.980104
11495 0.000000 87.958817 38.031904
11689 50.221047 95.134925 0.000000
11751 48.848866 94.687966 0.000000
6587 47.273843 95.121401 0.000000
13698 26.738055 38.620336 0.000000
1068 48.932677 80.618597 100.000000
3003 0.000000 51.038324 68.623848
10584 43.733850 22.102197 0.000000
12641 68.433930 0.000000 44.713429
6854 40.491318 75.932757 100.000000
12506 0.000000 45.906852 20.538397
1542 0.000000 45.301359 19.810243
3308 0.000000 25.723278 70.241782
3113 0.000000 24.717970 70.936675
11346 0.000000 69.254156 34.066007
12645 0.000000 68.511339 37.176515
10033 71.334787 52.510607 100.000000
12008 73.331758 53.255907 100.000000
4012 10.428620 24.326758 100.000000
3507 7.553236 26.825210 100.000000
13832 0.000000 8.572407 81.628216
5604 0.000000 33.353678 36.421890
8755 0.000000 33.636281 39.306490
649 70.106361 0.000000 62.469919
7398 70.251365 0.000000 66.269240
8063 58.858906 0.000000 79.554784
9871 49.445387 58.505751 100.000000
7747 82.978177 95.449988 100.000000
13109 81.251676 94.321110 100.000000
7182 70.560092 89.731314 0.000000
12605 68.524051 90.524804 0.000000
12335 72.891671 90.591510 0.000000
3266 100.000000 6.952629 57.814351
12225 79.870207 13.427702 0.000000
9805 89.498980 12.993942 100.000000
8651 0.000000 42.578684 42.301057
6760 65.384615 100.000000 0.000000
13080 61.781613 99.758868 0.000000
821 0.000000 8.607710 33.653062
10956 49.175927 97.117066 0.000000
8265 48.611232 97.276084 0.000000
10955 50.035596 97.292513 0.000000
4169 0.000000 91.262136 0.000000
5783 100.000000 50.252221 21.214048
5784 100.000000 51.337037 20.574222
8664 93.189097 30.194077 100.000000
12708 90.545343 27.347005 100.000000
6100 14.044822 0.000000 39.082910
5679 0.000000 20.422316 60.814261
12170 0.000000 20.984871 56.593251
10957 0.000000 91.986891 35.302934
11391 100.000000 61.576606 26.970812
9923 0.000000 62.000000 100.000000
9902 2.703651 61.162571 100.000000
4125 3.598136 62.012471 100.000000
4323 26.842748 93.127278 100.000000
2666 6.988723 0.000000 18.313629
3591 0.000000 9.641383 92.709723
10169 0.000000 8.986935 89.949898
10168 0.000000 8.695397 93.738357
7588 91.555283 0.000000 78.237094
12588 0.000000 27.552479 53.351500
4600 0.000000 27.510540 56.749952
4599 0.000000 28.126441 55.218240
7350 0.000000 49.935599 82.482835
11036 0.000000 49.896397 82.855442
11287 81.106867 17.771447 100.000000
2653 100.000000 19.685308 10.127015
121 5.609706 0.000000 28.745696
119 5.518827 0.000000 31.443025
9843 0.000000 43.163692 94.180624
12320 89.469216 100.000000 71.369300
2234 0.000000 69.629353 49.508305
2235 0.000000 68.808179 52.762677
1326 100.000000 40.367143 43.354343
11884 100.000000 40.005090 41.882302
7919 0.000000 39.000000 100.000000
7140 11.237773 0.000000 53.403462
614 4.250479 37.080639 0.000000
664 8.027414 34.644796 0.000000
10117 85.405911 0.000000 46.338784
9877 43.345036 26.333013 100.000000
9879 45.037467 27.775760 100.000000
10534 0.000000 49.659411 67.459340
8796 0.000000 49.803667 69.541330
3002 0.000000 50.280273 67.972655
4099 76.680098 11.494174 0.000000
12714 79.969464 14.775361 0.000000
5264 88.758382 58.460405 100.000000
13842 100.000000 54.762972 73.232575
11148 100.000000 55.425479 69.278612
3612 82.602092 52.875358 100.000000
2611 0.000000 42.056797 45.808429
17891 100.000000 55.060405 1.549235
17892 100.000000 54.696269 1.360586
2293 84.188146 66.088495 0.000000
12888 24.595534 37.805926 0.000000
12284 29.076735 20.666679 100.000000
13679 31.008829 20.345486 100.000000
1946 8.376088 0.000000 83.269429
8166 8.753847 0.000000 85.671529
1559 0.295685 0.000000 61.702275
2103 0.309654 0.000000 56.072542
4083 0.000000 28.823425 49.656786
4271 0.000000 29.250784 46.957870
4282 0.000000 28.507773 46.992802
13587 0.000000 85.611076 3.852428
13529 92.304789 0.000000 77.304267
9723 66.580520 83.082705 100.000000
11267 64.805747 82.140448 100.000000
5201 0.000000 24.263404 12.356154
2363 0.000000 24.969732 10.981575
4650 44.588562 72.084505 100.000000
4799 0.000000 55.019387 42.964523
10904 58.743939 3.242915 100.000000
9261 3.633983 11.711837 100.000000
9260 7.630918 8.343840 100.000000
13863 100.000000 100.000000 100.000000
13470 54.896251 96.293614 0.000000
3192 0.000000 0.000000 64.705882
10312 0.000000 52.991525 43.777733
8749 44.584859 5.301410 100.000000
4773 100.000000 93.624236 67.122338
4771 100.000000 94.505122 78.064549
17042 100.000000 93.880271 82.949992
1515 100.000000 92.932721 79.689909
12263 64.763403 32.672971 100.000000
3788 52.816981 0.000000 26.982753
10634 53.822952 0.000000 21.374965
4324 29.306977 92.716678 100.000000
13171 47.272683 26.316671 0.000000
11010 100.000000 10.047906 86.733145
11552 100.000000 8.977793 87.907347
10057 69.642766 18.273159 0.000000
12528 68.244277 19.411465 0.000000
11253 72.255413 10.464929 0.000000
12069 74.399421 11.567121 0.000000
11593 41.533684 0.000000 14.083873
6940 42.370119 0.000000 21.213446
10503 100.000000 36.455444 45.945342
758 22.641954 0.000000 15.941384
931 22.834795 0.000000 19.386217
13714 96.930815 79.368049 100.000000
17365 98.545920 80.060371 100.000000
16405 13.561159 12.308482 0.000000
16422 12.890190 12.523227 0.000000
16887 8.226281 17.339096 0.000000
4633 32.873242 29.497223 100.000000
8394 34.370659 27.454539 100.000000
11565 100.000000 22.383618 47.071933
13597 54.337127 18.187388 0.000000
7061 100.000000 86.799950 58.365855
3486 100.000000 87.120152 48.960209
187 77.503738 0.000000 38.289041
6721 100.000000 79.807692 0.000000
5404 100.000000 78.846154 0.000000
111 96.636318 79.818891 0.000000
13570 73.361753 96.521790 0.000000
10440 71.538045 95.943399 0.000000
13569 69.843365 96.367607 0.000000
6133 41.958651 0.000000 52.732102
8162 100.000000 28.305131 7.602157
10036 100.000000 29.201562 7.206041
8155 100.000000 34.085149 91.545971
10498 100.000000 34.224712 94.718521
2868 58.669247 71.856420 0.000000
2869 54.413083 71.272517 0.000000
2867 54.202454 72.226452 0.000000
13649 1.835981 28.766766 100.000000
6938 0.000000 40.046280 48.734142
2728 100.000000 41.419783 31.096608
2331 100.000000 95.346386 73.302251
1527 22.126872 77.761765 0.000000
12418 22.042146 78.632794 0.000000
799 25.665563 78.289365 0.000000
9588 69.114273 0.000000 70.852715
10477 76.673902 0.000000 13.575297
10476 75.779888 0.000000 9.067154
9173 76.822946 0.000000 7.832387
7340 2.751704 0.000000 57.355719
12587 89.363894 0.000000 70.604027
9841 89.853027 0.000000 73.338552
11062 100.000000 25.644932 87.499023
9094 0.000000 35.875380 66.291470
251 68.977119 74.064712 100.000000
250 66.385502 74.402029 100.000000
6990 67.021347 73.526245 100.000000
621 0.000000 52.817343 59.367235
16823 3.427530 8.698464 0.000000
6391 72.717279 0.000000 53.771876
3386 85.747681 81.126219 0.000000
3387 89.998549 81.054631 0.000000
3388 87.396604 80.285823 0.000000
3637 95.237067 0.000000 14.140014
3758 0.000000 55.545530 26.026303
5561 0.000000 55.122544 29.723194
7992 74.711506 0.000000 9.296169
8548 27.618933 0.000000 32.914937
4432 100.000000 41.641211 29.562718
3694 29.867336 0.000000 36.002392
1934 87.582712 35.451969 100.000000
13801 24.558558 3.744302 100.000000
17294 26.290132 1.954194 100.000000
17288 27.110586 1.683587 100.000000
17289 28.220180 1.300446 100.000000
960 32.274060 73.070848 100.000000
7502 100.000000 67.739156 57.632233
2657 0.000000 42.453632 27.132188
11931 71.075418 0.000000 43.863711
2477 0.000000 44.161221 61.331865
12883 0.000000 43.357270 62.280245
3760 55.065350 40.643357 100.000000
9614 53.515860 86.065712 100.000000
11700 88.598094 0.000000 17.672094
2669 63.257153 13.974729 0.000000
1049 60.685413 12.348566 0.000000
7338 67.935596 0.000000 76.083620
6492 0.000000 4.711594 78.005737
8915 31.047717 95.960638 100.000000
6223 0.000000 72.534234 30.129314
6221 0.000000 73.465439 28.219376
4642 100.000000 41.140622 40.239956
11226 100.000000 40.681268 40.185724
9632 86.329085 18.809787 0.000000
10505 38.300559 0.000000 75.622708
977 0.000000 45.878458 50.140062
10049 0.000000 45.962533 47.498241
6370 74.141191 85.468360 0.000000
6490 0.000000 5.176168 82.773166
10137 58.566580 39.235475 100.000000
16790 1.718724 9.937388 0.000000
17452 97.046050 100.000000 95.353783
1758 11.747136 0.000000 90.797554
3464 12.590303 0.000000 94.799623
11086 100.000000 40.277305 17.420629
6159 100.000000 16.269686 71.799917
11137 59.893241 14.215916 0.000000
11861 62.087566 15.042772 0.000000
12677 100.000000 17.704043 14.969951
6482 100.000000 17.657674 18.432120
9958 0.000000 49.697143 83.019234
9951 0.000000 49.691063 83.375081
10827 0.000000 49.353999 78.172445
8279 0.000000 49.713374 78.668217
33 0.000000 3.665796 41.911480
4360 0.000000 2.593973 44.285096
811 22.676156 98.978231 0.000000
23 0.000000 39.201196 39.680746
3104 71.329793 21.320760 100.000000
13542 100.000000 25.136937 97.024058
10442 97.807734 0.000000 72.372927
2915 97.415668 0.000000 66.860570
994 0.000000 32.528257 9.005193
1829 0.000000 32.845390 6.765118
191 0.000000 32.096651 6.677833
7968 61.864980 17.155824 0.000000
4567 37.078652 0.000000 100.000000
17290 34.320279 2.430907 100.000000
6654 35.955056 0.000000 100.000000
1173 5.153190 61.396286 100.000000
2461 93.069858 0.000000 41.667258
354 93.198309 0.000000 44.775151
12779 0.000000 63.802837 57.620946
7448 0.000000 64.953766 55.569352
12780 0.000000 63.907824 52.510826
11722 26.312775 16.800103 100.000000
16424 11.480278 12.970379 0.000000
16397 12.321445 12.656208 0.000000
16801 18.130163 6.734774 0.000000
13485 53.333533 72.890385 100.000000
12463 56.147198 72.902593 100.000000
13491 100.000000 22.037179 42.631492
10288 100.000000 21.283677 45.646801
11718 100.000000 49.545188 70.488284
10350 100.000000 38.327321 66.199444
4418 88.195358 0.000000 63.357947
11907 0.000000 33.702987 49.862553
1876 0.000000 34.334528 51.630571
13663 100.000000 43.764428 57.535642
1128 72.791937 0.000000 61.536563
8955 70.786517 0.000000 100.000000
6467 70.753907 0.000000 56.495538
5047 39.141096 0.000000 72.791383
847 0.000000 74.226715 35.589881
6929 30.061668 98.486996 0.000000
6162 28.439273 98.576664 0.000000
1500 29.366322 98.688023 0.000000
2275 98.822666 26.318355 100.000000
5492 76.710960 0.000000 46.025103
5491 75.913528 0.000000 44.903829
8986 18.281452 73.263977 0.000000
8803 22.013853 73.693620 0.000000
11478 21.525743 72.976858 0.000000
8079 42.914017 97.804432 0.000000
13931 0.000000 50.048995 83.739248
1103 19.439584 99.208846 0.000000
12455 11.236442 99.304346 0.000000
9595 3.846154 100.000000 0.000000
12799 7.692308 100.000000 0.000000
112 91.944091 80.168647 0.000000
10749 24.062427 0.000000 26.548010
2689 23.721979 0.000000 27.317583
10999 100.000000 20.314364 73.374085
3451 100.000000 20.263283 77.650284
9670 100.000000 19.461686 75.410139
4178 58.496582 0.000000 16.671770
16614 74.582353 0.000000 94.217326
8179 0.000000 55.692668 2.866925
6021 0.000000 55.339806 0.000000
5035 100.000000 24.760945 56.197159
10107 100.000000 26.111950 19.788691
1768 68.377352 50.790981 100.000000
1769 67.883510 49.535068 100.000000
8545 44.611320 0.000000 62.513153
8232 45.616443 0.000000 68.780284
1881 26.545364 0.000000 62.164247
3326 0.000000 40.860623 8.241281
5607 0.000000 45.203264 27.891898
12208 0.000000 45.532626 25.711367
17780 100.000000 85.840133 27.698701
5387 100.000000 85.431574 21.082722
17781 100.000000 85.434883 29.283243
16751 72.981332 100.000000 11.759974
16773 71.552077 100.000000 17.772167
9491 100.000000 8.976857 32.151429
6884 93.445723 26.303357 0.000000
18001 0.000000 44.723298 28.501166
4284 0.000000 27.819226 49.366022
5584 0.000000 45.934111 44.951066
359 87.034303 87.032451 100.000000
358 89.952771 86.941710 100.000000
8095 0.000000 49.717290 14.176352
12288 92.570028 47.862404 100.000000
10061 100.000000 19.441665 71.392935
1116 29.788037 0.000000 87.988808
1117 30.633253 0.000000 92.202040
5445 81.772722 56.299695 0.000000
13125 18.247205 97.063005 0.000000
2429 19.369168 97.560601 0.000000
11011 0.000000 74.363485 30.279660
2134 0.000000 83.519035 60.799959
13406 0.000000 83.360482 65.626748
17600 2.910020 42.100257 0.000000
12057 65.548969 83.452431 0.000000
1752 0.000000 33.841901 17.959145
7108 97.249805 35.523465 0.000000
8631 100.000000 31.305087 33.157291
4535 100.000000 32.174363 34.445275
4534 100.000000 31.580748 36.555437
7879 92.046712 99.307036 0.000000
16825 95.832757 99.596455 0.000000
5687 96.191810 0.000000 42.389957
17782 100.000000 72.398817 6.685467
5693 30.779444 72.997074 0.000000
3991 0.000000 32.967573 54.375992
7124 42.041105 96.629649 0.000000
11695 42.489927 96.316815 0.000000
9884 0.000000 48.980866 78.630340
12224 0.000000 48.996004 80.210879
8277 0.000000 49.367623 79.455303
9273 0.000000 50.408612 70.320255
6421 3.413718 21.632963 100.000000
6420 6.462124 19.665979 100.000000
17143 0.000000 1.300641 96.285174
8278 0.000000 49.743632 80.093798
8019 0.000000 67.725452 64.381275
7468 0.000000 68.068973 68.866239
7740 0.000000 42.647436 7.361900
5599 0.000000 47.779012 73.767087
3536 45.387532 0.000000 76.634865
4509 69.107090 59.366684 100.000000
2603 100.000000 41.303925 56.230302
13790 9.312564 0.000000 64.901607
8896 9.327770 0.000000 61.877515
11624 9.750635 0.000000 63.648496
1046 100.000000 43.872961 40.548576
4064 72.922829 0.000000 70.494600
10021 73.423269 0.000000 72.477422
720 72.861926 0.000000 73.356600
1569 0.000000 39.027527 24.504507
12402 8.911705 0.000000 22.746445
10935 100.000000 42.215152 57.815337
10797 100.000000 28.199498 32.317269
10798 100.000000 28.158865 29.521012
9727 87.423332 43.585127 100.000000
469 90.436018 44.813045 100.000000
468 88.417358 45.091771 100.000000
7678 10.968107 59.773600 100.000000
13614 13.994291 59.371907 100.000000
729 77.797181 76.915853 100.000000
6144 76.244816 77.503835 100.000000
10845 75.445469 76.621366 100.000000
3307 0.000000 25.421608 73.790108
7458 70.309328 0.000000 69.964458
3292 100.000000 10.642395 82.489034
3291 100.000000 10.890695 86.269294
10379 41.057599 99.054203 0.000000
11215 43.223170 99.242156 0.000000
9921 75.855287 2.421181 0.000000
8032 78.839097 5.243159 0.000000
13073 0.000000 79.449764 53.840077
12945 98.190844 0.000000 14.143096
10540 99.041141 0.000000 15.388600
3579 48.865518 0.000000 46.746056
9369 47.768621 0.000000 41.160613
12826 48.744446 0.000000 37.926563
13590 0.000000 23.926000 78.227638
4311 71.309624 0.000000 15.745934
8273 25.863539 0.000000 61.793734
3715 0.000000 60.194175 0.000000
11099 67.991234 0.000000 26.620027
6179 68.058498 0.000000 22.341086
13031 67.028865 0.000000 85.366780
11645 26.915578 0.000000 33.371748
9346 26.569314 0.000000 36.584688
5384 48.594621 57.991897 0.000000
4972 7.886346 85.772848 0.000000
3056 0.000000 86.407767 0.000000
5690 0.000000 72.220382 20.107551
1916 0.000000 73.008745 16.865659
1230 0.000000 72.010353 16.326663
3716 0.000000 76.995925 21.916120
9480 37.429194 0.000000 78.106785
1276 100.000000 14.804826 58.830699
5797 100.000000 15.197493 64.012084
4805 100.000000 14.038603 63.638323
5371 100.000000 68.487326 51.534278
4917 100.000000 40.252600 77.413496
6996 100.000000 39.967492 78.967704
9622 100.000000 42.771371 54.868057
3446 100.000000 64.446631 42.378242
9624 100.000000 42.235148 55.637086
7818 79.900064 66.879658 100.000000
3265 100.000000 7.063289 52.623126
5302 4.077865 0.000000 8.360219
11445 100.000000 37.912737 67.948689
10936 100.000000 41.809464 56.390210
13246 57.379419 90.045973 100.000000
7204 84.076033 44.163174 100.000000
8952 81.773651 43.747577 100.000000
10740 26.761504 52.027854 0.000000
9232 100.000000 74.479984 75.057888
1037 100.000000 73.919497 63.108575
2325 2.004102 0.000000 53.868466
3693 0.000000 27.014016 15.583691
3692 0.000000 27.286165 19.313711
4709 100.000000 61.554812 52.403581
4708 100.000000 61.676026 45.968845
10349 100.000000 38.631891 68.525927
9948 14.687462 0.000000 56.713721
635 15.095728 0.000000 62.505026
5205 14.036824 0.000000 60.016709
1164 100.000000 41.616942 54.216434
6922 25.425310 95.827497 100.000000
13097 24.026732 0.000000 28.301740
9606 100.000000 42.227263 53.300756
13451 59.505876 58.290487 100.000000
13192 61.584123 91.620074 100.000000
9380 64.783282 92.090895 100.000000
6134 62.362980 92.698485 100.000000
2474 100.000000 52.115983 6.225807
17930 100.000000 52.018927 4.592938
17870 100.000000 52.264950 4.348167
4305 53.517953 32.911074 100.000000
6217 25.919301 66.264327 100.000000
13671 58.158565 41.968724 0.000000
3371 56.913323 43.621392 0.000000
13294 61.714543 43.572583 0.000000
7459 69.793895 0.000000 71.953337
12569 7.525619 99.160917 0.000000
12456 12.280715 98.723029 0.000000
13010 91.048230 31.224615 0.000000
1129 72.328191 0.000000 63.254076
7087 27.233828 82.522551 100.000000
5629 100.000000 92.503237 31.562712
17785 100.000000 92.629421 17.738110
3317 86.678562 51.896053 100.000000
1415 83.301562 51.838522 100.000000
1417 83.525493 50.637655 100.000000
12059 64.184196 84.221289 0.000000
540 29.070392 64.034189 100.000000
542 26.676448 63.360681 100.000000
10915 48.592500 63.919591 0.000000
11573 53.136969 63.922033 0.000000
1054 0.000000 55.578347 64.316141
11452 0.000000 56.163645 66.719351
2038 0.000000 36.944472 79.142315
6825 85.226115 33.216520 100.000000
1034 18.382001 4.257550 100.000000
3074 19.893500 4.034964 100.000000
10293 46.427333 90.153804 0.000000
9661 100.000000 15.461521 11.226880
2667 7.033779 0.000000 15.692071
12583 7.047235 0.000000 12.764970
7325 7.637738 0.000000 14.916423
5271 82.701512 51.247005 0.000000
10455 17.206403 88.346735 0.000000
7579 20.559242 88.077660 0.000000
4987 100.000000 0.477528 48.372673
12052 100.000000 0.888732 44.079083
10019 73.884381 0.000000 74.936436
12575 74.326326 0.000000 78.097628
4728 0.000000 12.029526 67.063689
11079 0.000000 12.063185 71.770181
2051 0.000000 12.900261 69.127185
11492 2.511426 32.483363 100.000000
6357 79.046365 64.400004 0.000000
8516 89.602973 0.000000 52.665356
2054 100.000000 13.461538 0.000000
13583 83.242369 48.955714 0.000000
10188 0.000000 47.396773 16.059144
8306 0.000000 47.147575 13.499145
16616 92.686094 0.000000 97.170724
16608 92.321340 0.000000 98.282740
18195 92.250794 0.000000 97.075904
12163 43.445365 59.861036 100.000000
6041 40.454725 59.597912 100.000000
13551 0.000000 45.044221 71.918727
4078 0.000000 45.022611 68.737835
2726 0.000000 44.117451 71.018964
8873 30.797484 0.000000 67.282052
9647 0.000000 40.437350 41.359542
3336 24.144061 58.189744 100.000000
3335 26.166446 59.219183 100.000000
11423 100.000000 31.078584 39.211470
2194 100.000000 31.973457 39.598557
1804 100.000000 31.583411 42.110782
5485 27.818104 99.290392 0.000000
13417 25.885108 99.276756 0.000000
18216 26.043651 99.398410 0.000000
18217 25.411241 99.506619 0.000000
12807 0.000000 81.375938 41.777134
7183 0.000000 50.136336 79.476389
9552 0.000000 50.075107 77.712413
7263 62.426511 0.000000 25.331620
4579 57.281208 12.526445 100.000000
3763 55.705452 11.917562 100.000000
3306 76.613147 86.196829 0.000000
4854 4.817784 55.204828 100.000000
3128 6.380302 54.135726 100.000000
10731 49.671125 0.000000 69.537447
10849 48.640256 37.144793 0.000000
11944 47.315431 39.222037 0.000000
6310 71.636347 24.578648 0.000000
6185 0.000000 43.118699 81.656296
6932 0.000000 42.894990 79.136423
8544 44.850829 0.000000 53.787576
11382 46.014031 0.000000 60.344478
6042 37.940573 59.441103 100.000000
4053 39.234713 84.211641 100.000000
3458 40.300685 85.279981 100.000000
5068 73.319659 0.000000 33.971499
6043 39.346535 58.715160 100.000000
3396 0.000000 71.458848 42.994960
10647 0.000000 70.419458 41.055529
5753 0.000000 70.548434 46.402495
767 8.329655 55.068618 100.000000
5342 37.289558 90.644848 100.000000
11727 0.000000 65.348885 81.261949
1658 0.000000 64.832062 77.458629
3149 53.454871 86.610034 0.000000
11516 51.928748 85.860823 0.000000
11415 100.000000 61.027393 33.542201
8616 100.000000 60.036857 38.808538
3714 0.000000 61.165049 0.000000
11676 100.000000 11.378183 67.942171
3834 100.000000 12.130997 65.905581
6986 100.000000 11.924339 70.507827
2618 33.374217 22.278398 100.000000
2616 30.995446 23.856998 100.000000
2617 31.133395 22.128193 100.000000
10070 88.963665 0.000000 21.427027
11532 89.467616 0.000000 22.971547
5876 88.839038 0.000000 23.857692
3793 0.000000 29.763803 39.400388
505 100.000000 16.678491 8.398718
8330 100.000000 16.141469 5.183764
506 100.000000 16.976244 4.814898
10037 8.978220 0.000000 54.567632
10039 8.630035 0.000000 51.420327
9955 0.000000 41.875850 59.349957
8445 0.000000 41.854951 56.312681
4593 100.000000 49.775251 25.936489
4594 100.000000 48.932554 29.931906
3181 100.000000 48.625103 25.470746
13305 100.000000 86.591095 88.899370
13304 100.000000 85.656337 87.334993
1429 100.000000 18.916334 87.863853
1893 59.582285 0.000000 59.889389
2345 60.614704 0.000000 57.277601
3790 51.693312 0.000000 32.710603
1232 0.000000 71.650949 12.439134
8074 0.000000 71.287274 8.273003
10762 37.836296 99.549152 0.000000
11216 41.683600 99.518835 0.000000
6728 39.713514 99.305379 0.000000
10466 43.712319 78.897008 0.000000
8455 74.762296 0.000000 84.008133
10472 42.969886 56.291336 100.000000
12490 48.216229 8.344302 0.000000
9869 100.000000 11.111111 100.000000
5226 43.004080 88.783123 100.000000
10426 41.621267 87.889927 100.000000
2892 44.362220 88.026758 100.000000
7205 85.617295 43.865447 100.000000
11477 0.000000 56.171262 55.062927
13249 100.000000 72.115385 0.000000
17786 100.000000 71.724955 5.522654
10086 0.000000 4.928248 58.174646
2269 19.129743 42.494277 100.000000
2187 44.253592 76.938243 0.000000
9080 38.268237 2.747634 0.000000
11407 40.025842 1.909184 0.000000
11406 40.425532 0.000000 0.000000
3831 89.627925 0.000000 75.733088
12934 71.870612 38.513786 0.000000
1842 68.807798 39.046235 0.000000
887 55.642718 95.167033 100.000000
1639 45.620391 73.007426 100.000000
4273 15.838323 15.033025 100.000000
7679 12.689698 18.256220 100.000000
12732 12.763491 17.083667 100.000000
7771 82.539732 85.445399 100.000000
4348 81.944330 86.405363 100.000000
7842 79.863137 85.578342 100.000000
11451 36.748413 86.026950 100.000000
13238 35.149345 86.516935 100.000000
12740 94.827325 17.405996 100.000000
8461 100.000000 33.978670 59.941061
13309 100.000000 24.200544 98.337134
6396 100.000000 24.127555 95.474244
1101 20.964949 98.807650 0.000000
7098 85.682496 20.832075 100.000000
1662 91.495751 0.000000 43.736605
12326 8.466045 0.000000 64.970274
12545 8.847520 0.000000 66.238522
9443 0.000000 77.032843 17.314096
8149 0.000000 86.460247 66.250768
5683 5.440088 0.000000 78.059204
5953 100.000000 24.760502 82.080410
9585 24.719101 0.000000 100.000000
17204 24.360574 0.000000 97.567044
17208 25.070436 0.000000 98.167182
3315 87.043594 0.000000 41.453188
12298 37.430122 5.430475 0.000000
10590 5.096705 0.000000 63.547969
8192 0.000000 24.579129 74.788764
12023 0.000000 23.757410 73.511031
2340 0.000000 78.609326 15.877602
391 0.000000 79.493328 16.615364
9166 81.015859 62.761860 0.000000
13756 74.528948 75.707192 100.000000
545 72.916081 76.387252 100.000000
3469 20.150928 52.578130 0.000000
17635 14.966271 52.542595 0.000000
17601 15.058983 53.493695 0.000000
1811 6.956166 0.000000 73.784766
7902 7.599571 0.000000 73.821599
4829 97.332977 0.000000 8.478272
9754 0.000000 45.323643 44.081062
11157 7.454748 0.000000 20.724898
5315 92.478311 0.000000 30.595394
5529 0.000000 2.987233 16.709122
5746 0.000000 2.636864 22.269137
6634 78.115086 82.273014 100.000000
5854 7.770813 42.890406 100.000000
11331 96.798872 20.022391 100.000000
5571 95.919770 49.121870 0.000000
886 58.749745 95.047613 100.000000
8566 0.000000 42.400426 47.652370
5874 0.000000 10.093952 72.551336
5085 40.115413 60.511532 0.000000
4921 35.832754 59.579489 0.000000
10620 0.000000 48.859514 48.094603
11264 0.000000 48.051487 49.457564
1162 100.000000 41.133316 52.119187
7877 96.153846 100.000000 0.000000
4390 0.000000 9.776647 89.082006
17001 100.000000 29.481408 1.556644
17046 100.000000 29.119575 1.871517
4626 72.880685 0.000000 64.578697
6519 12.471900 42.221469 0.000000
9975 0.000000 11.000000 100.000000
3806 0.000000 10.000000 100.000000
3912 100.000000 6.060606 100.000000
16694 97.838811 4.317638 100.000000
16696 97.949009 4.101945 100.000000
10993 45.339929 72.753866 0.000000
8930 43.915954 73.632148 0.000000
8929 48.853809 73.445691 0.000000
9615 51.221327 86.474285 100.000000
5016 12.932749 44.553775 100.000000
8208 78.696849 44.051188 0.000000
591 0.000000 26.838307 62.007381
10690 0.000000 22.861147 76.304206
9108 0.000000 48.543689 0.000000
7721 22.871585 71.726736 100.000000
13799 21.211423 70.836926 100.000000
8638 43.936165 0.000000 47.500285
459 95.625238 0.000000 73.298886
460 96.323564 0.000000 74.491647
1906 0.000000 67.018302 12.298042
4591 0.000000 66.068609 13.596117
7046 3.105024 0.000000 70.797670
7047 3.020526 0.000000 75.154017
7503 72.560461 79.037252 100.000000
2633 100.000000 4.477332 13.698033
4946 100.000000 23.249171 57.262622
2586 30.548790 0.000000 7.498920
3621 7.766724 0.000000 47.203652
4551 100.000000 29.598856 57.891253
3298 100.000000 30.079476 61.122696
4687 92.841765 46.195343 100.000000
766 12.159864 55.031550 100.000000
765 10.431483 53.912576 100.000000
2527 78.709625 79.519450 100.000000
2193 100.000000 32.384655 42.283113
17770 100.000000 74.110254 18.983318
8815 90.958026 0.000000 30.928324
8817 90.798227 0.000000 32.408753
5381 90.561389 0.000000 31.238793
2958 3.743198 38.400626 0.000000
11302 100.000000 62.120283 30.669854
11303 100.000000 61.869973 38.259072
7754 100.000000 30.303030 100.000000
3365 23.922505 0.000000 11.587139
9577 61.834728 71.387257 100.000000
1733 61.181498 70.288350 100.000000
4725 100.000000 0.298555 38.526111
18161 52.649068 98.833130 0.000000
18160 52.154182 98.817139 0.000000
6946 53.239041 98.538966 0.000000
17991 52.306198 98.649437 0.000000
17994 52.967090 98.646325 0.000000
17621 7.738629 47.141185 0.000000
4881 6.038829 46.952662 0.000000
12324 0.000000 29.134729 22.384771
872 0.000000 30.021503 23.855146
1255 0.000000 29.863367 20.537074
6908 100.000000 25.479372 56.733454
669 100.000000 3.082446 16.508802
8286 32.411677 97.864960 0.000000
17145 0.000000 18.579430 97.285738
17144 0.000000 19.296138 96.570814
7358 100.000000 12.196521 94.492116
3682 100.000000 12.250498 90.281582
2709 100.000000 40.774782 44.597605
2050 0.000000 13.814927 70.916289
8823 95.904511 49.037282 100.000000
7035 0.000000 21.693445 93.239277
3477 0.000000 47.867637 1.658721
7258 100.000000 34.879949 85.437010
7564 100.000000 10.605220 67.712456
7822 20.963146 84.009798 0.000000
7272 19.815860 84.768330 0.000000
5087 41.700870 59.386641 0.000000
8583 32.184353 58.620088 0.000000
337 40.467870 23.423336 0.000000
146 100.000000 0.000000 0.000000
17047 100.000000 0.383731 5.275482
9419 62.459098 61.636430 100.000000
5922 0.000000 99.309074 15.743577
1951 100.000000 55.336469 43.509286
4685 100.000000 55.571681 49.301306
13819 58.192166 69.564760 0.000000
13613 57.407093 68.811937 0.000000
5623 53.812203 69.176077 0.000000
16461 2.957677 1.857362 100.000000
17291 3.953052 0.775864 100.000000
17361 4.175550 0.965697 100.000000
1788 96.808511 0.000000 0.000000
362 27.335745 58.771920 0.000000
5317 92.098378 0.000000 29.298727
5645 88.221161 0.000000 44.009453
3761 56.042878 39.294382 100.000000
2659 0.000000 42.866778 28.976123
449 100.000000 88.202783 61.135765
4965 0.000000 44.776742 65.592112
3825 0.000000 45.557003 66.111292
9420 0.000000 39.362411 8.047581
8565 0.000000 40.057606 6.393934
9184 0.000000 43.105028 26.631449
11887 83.691510 11.411848 0.000000
402 100.000000 19.525644 25.458440
7451 19.645540 65.567575 0.000000
7452 23.599247 64.624865 0.000000
7450 17.795042 64.618089 0.000000
12832 100.000000 60.892394 41.880769
4022 39.361702 0.000000 0.000000
8072 0.000000 80.753799 71.610045
17341 1.529418 4.262713 100.000000
17344 1.590170 4.611872 100.000000
3851 56.492873 76.644259 100.000000
9644 53.632338 77.060944 100.000000
2950 100.000000 57.686789 54.098856
3324 100.000000 11.974307 25.262516
9201 20.917309 6.793607 100.000000
17787 100.000000 81.848609 26.127726
7858 0.000000 38.568385 41.307008
3064 0.000000 44.216435 48.316557
13452 0.000000 23.595465 43.784341
845 0.000000 24.378553 43.117973
11474 0.000000 55.863473 61.565612
2567 0.000000 34.142428 30.806412
2568 0.000000 34.633141 33.937059
5724 0.000000 51.206980 8.633033
2417 8.020251 0.000000 19.568897
11709 85.872484 5.807356 0.000000
11084 88.645734 8.838256 0.000000
5648 100.000000 9.632472 11.176976
17661 9.985337 48.925063 0.000000
17660 11.089530 49.108418 0.000000
17622 8.977058 48.758171 0.000000
10344 0.000000 52.981036 18.202348
7311 0.000000 53.982481 17.446332
4400 6.941408 0.000000 53.259981
8625 92.606415 0.000000 39.677521
9671 92.122463 0.000000 38.343982
9673 92.676105 0.000000 37.007292
13056 0.000000 70.072950 8.095879
2712 16.171134 47.894350 100.000000
8213 0.000000 14.304346 93.758590
17146 0.000000 13.949496 96.674429
537 64.627778 98.227821 0.000000
6677 8.625544 63.082772 0.000000
4570 0.000000 0.935836 62.651316
2101 0.000000 0.000000 58.823529
6406 68.579160 78.099405 100.000000
12663 100.000000 73.058520 86.185436
5556 45.647441 55.353474 100.000000
10185 12.847028 39.065798 0.000000
11109 13.741063 37.386999 0.000000
17623 10.928711 38.922935 0.000000
1082 39.042754 97.301964 100.000000
8054 87.011073 24.406977 0.000000
17293 27.745373 2.461217 100.000000
962 34.547237 74.007122 100.000000
4235 100.000000 34.905984 41.783460
11526 0.000000 23.744931 69.225070
3512 51.441653 99.814687 0.000000
3514 54.377367 99.758100 0.000000
8864 0.000000 47.938046 52.565917
986 0.000000 62.886014 21.499084
11658 0.000000 50.167788 23.296957
10213 0.000000 49.700040 25.209553
12092 0.000000 50.485391 25.143958
12937 94.007498 0.000000 23.240566
9042 51.425803 96.156228 100.000000
713 44.353105 89.028980 0.000000
6970 0.000000 2.805293 80.588639
6969 0.000000 3.915259 83.026091
4941 0.000000 33.198232 20.252180
1753 0.000000 34.043247 21.271252
8240 65.438537 34.737685 100.000000
8241 62.648607 33.479144 100.000000
6644 90.778734 20.929753 100.000000
8884 58.883089 67.446651 100.000000
862 8.172800 0.000000 44.991231
17243 23.141859 0.000000 97.782662
17205 23.665836 0.000000 96.960011
9584 24.080039 0.000000 94.717368
8097 0.000000 55.567656 18.967967
13393 0.000000 56.506240 19.109978
10576 54.867142 70.234080 0.000000
10577 49.970260 70.706095 0.000000
3873 56.428585 94.210632 0.000000
3099 56.073601 93.631218 0.000000
225 100.000000 17.607964 66.656892
137 100.000000 40.974900 81.842412
138 100.000000 40.596077 79.606721
5957 51.324545 75.143470 0.000000
6744 52.795774 74.172829 0.000000
5955 47.582306 74.382483 0.000000
12894 28.135943 54.637863 100.000000
9866 30.203741 54.237856 100.000000
6150 70.965886 74.594300 100.000000
13375 100.000000 39.443548 57.665888
13376 100.000000 39.847053 55.838590
12546 8.829203 0.000000 63.436689
7710 4.933612 84.933230 0.000000
217 8.023343 84.325169 0.000000
9542 44.017419 92.577130 0.000000
9391 47.094599 92.875738 0.000000
7428 32.829988 100.000000 50.305268
13591 0.000000 23.675939 83.225505
1465 0.000000 22.808599 80.856570
12965 0.000000 50.397190 11.629863
12165 0.000000 51.235127 11.790121
5429 74.157303 0.000000 100.000000
18201 73.666153 0.000000 97.203473
18203 74.100144 0.000000 97.414113
8227 78.883713 57.674400 100.000000
8229 77.428698 58.466464 100.000000
9572 0.000000 0.000000 47.058824
9573 0.264889 0.000000 51.121946
2102 0.000000 0.000000 52.941176
7883 78.606450 23.423126 100.000000
3689 8.009470 31.331984 0.000000
12761 100.000000 29.818714 86.547659
17919 100.000000 62.151491 3.615367
17899 100.000000 61.810875 3.558616
1172 6.733166 62.105236 100.000000
4540 100.000000 21.458411 10.076410
10143 100.000000 22.280696 9.975389
8254 15.525899 0.000000 72.707673
633 14.869360 0.000000 68.131596
6324 15.968565 0.000000 67.754633
1058 7.664115 0.000000 26.392144
3001 0.000000 50.689476 66.444473
9858 0.000000 15.967026 48.590113
2143 0.000000 46.776894 67.917086
3519 63.744054 0.000000 10.797831
7844 64.308908 0.000000 14.945394
8351 85.358788 0.000000 2.651196
1119 100.000000 18.702668 44.146013
4340 84.801154 18.031059 100.000000
13571 0.000000 86.176841 44.619023
10007 0.000000 85.923443 51.234531
3328 0.000000 52.482933 69.012971
10200 96.767067 70.655526 0.000000
10515 100.000000 71.153846 0.000000
8960 100.000000 70.192308 0.000000
9106 100.000000 34.931139 48.689545
6795 100.000000 34.860928 50.721130
9105 100.000000 34.369863 48.884022
16506 0.000000 2.883965 4.321742
1982 69.411100 0.000000 60.875259
10802 0.000000 61.176734 36.764105
9395 0.000000 59.995616 36.830493
12675 0.000000 60.601815 40.651361
3322 100.000000 11.457710 27.214489
3323 100.000000 11.169881 23.776483
9147 30.001555 72.227130 100.000000
12504 0.000000 99.270537 35.633964
12091 24.761832 0.000000 27.936534
10637 25.148914 0.000000 28.724752
12776 24.747199 0.000000 29.692810
6684 46.157666 23.510868 100.000000
8914 0.000000 31.774563 61.690880
1442 100.000000 45.759520 46.250187
10040 100.000000 75.402824 73.139231
7901 7.356196 0.000000 71.684965
1025 67.319570 23.485956 100.000000
6386 60.264153 56.491485 100.000000
8271 0.000000 29.008771 18.950068
12323 0.000000 28.236672 20.802605
11205 68.085106 0.000000 0.000000
17542 69.913248 1.652341 0.000000
11204 69.148936 0.000000 0.000000
4559 69.879119 2.483851 0.000000
17543 69.068468 1.288491 0.000000
3622 8.371485 0.000000 48.152068
9764 43.118547 0.000000 87.311232
13845 97.922679 35.041102 0.000000
6000 72.209046 0.000000 37.262070
8710 72.832255 0.000000 38.864607
7671 49.790399 0.000000 21.395109
12963 0.000000 46.185859 73.903013
9653 0.000000 45.347065 74.702398
2824 29.346427 93.721756 100.000000
5130 100.000000 44.800987 67.421989
8792 100.000000 44.748745 69.604380
8382 0.000000 86.855117 49.369746
12142 41.580184 87.190762 0.000000
13561 100.000000 15.761195 22.233990
5557 47.133347 56.091025 100.000000
13920 47.588810 55.345554 100.000000
2655 85.882519 53.153235 100.000000
2634 100.000000 3.914800 8.289323
3153 0.000000 5.000000 100.000000
5916 100.000000 15.602240 39.888238
8087 48.683383 0.000000 23.551210
1265 100.000000 28.449296 78.218903
8226 0.000000 63.719524 76.772094
10102 0.000000 64.466261 74.048554
10180 100.000000 46.922065 58.534933
10123 100.000000 46.204856 56.949275
5044 76.603907 50.261400 0.000000
8765 74.446540 48.574147 0.000000
10743 22.411169 0.000000 50.372091
13906 22.536260 0.000000 53.255143
382 79.555369 88.377471 100.000000
11209 82.013144 88.451979 100.000000
8463 63.268925 72.372419 0.000000
8717 0.000000 53.000000 100.000000
8719 0.000000 52.000000 100.000000
5905 4.117446 52.143699 100.000000
13797 27.706810 0.000000 89.386025
1253 0.000000 30.543539 18.765888
318 26.923077 100.000000 0.000000
11906 0.000000 33.809128 46.607440
1875 0.000000 34.503387 48.642786
10844 77.084123 76.048828 100.000000
10154 79.284254 86.864132 0.000000
6304 0.000000 12.838231 64.763693
8467 100.000000 63.743758 62.135631
9397 0.000000 40.883009 21.968124
5658 0.000000 40.595683 24.713876
14068 96.802055 91.696409 100.000000
11135 95.091174 92.778662 100.000000
13847 93.302123 91.609870 100.000000
12271 100.000000 14.072182 79.192760
17295 4.875331 1.032595 100.000000
17358 4.173494 1.229560 100.000000
5931 33.901819 68.545803 0.000000
7828 31.111623 67.724587 0.000000
13167 0.000000 69.977473 3.403210
4411 20.461974 88.883680 0.000000
4410 23.928386 88.510660 0.000000
16759 59.587300 100.000000 74.517713
17491 59.203818 100.000000 83.969088
17489 60.351517 100.000000 88.281603
10409 42.892623 11.019343 0.000000
5999 71.625320 0.000000 36.227117
6001 71.796576 0.000000 38.789911
13929 88.818544 0.000000 58.110412
12477 88.348803 0.000000 56.680041
13357 88.866917 0.000000 55.786619
6073 82.117784 5.204981 0.000000
8417 100.000000 46.741940 55.213578
17790 100.000000 70.847164 6.961180
17791 100.000000 70.229202 7.671763
17837 100.000000 71.336538 6.682328
4013 11.484248 22.385431 100.000000
16619 64.370943 0.000000 96.235189
16620 63.597049 0.000000 97.068559
17436 2.015490 100.000000 7.195019
5204 6.539983 0.000000 76.801036
11998 3.208651 0.000000 26.916159
3807 0.000000 9.000000 100.000000
17313 3.113036 6.138169 100.000000
17315 3.150785 6.451411 100.000000
7685 87.285606 0.000000 15.724681
9364 17.169100 0.000000 45.268156
1698 17.816456 0.000000 48.760112
10309 92.403380 19.195729 100.000000
5064 0.000000 9.305591 85.901559
7166 73.890400 95.551591 0.000000
4759 76.776533 95.156355 0.000000
6330 72.609757 94.820609 0.000000
12427 31.394038 93.566963 0.000000
12612 14.076277 0.000000 16.838152
2804 49.541203 69.706375 0.000000
1212 88.764045 0.000000 100.000000
9999 91.411577 2.963053 100.000000
4151 87.640449 0.000000 100.000000
7738 24.026844 0.000000 75.953573
5320 23.910805 0.000000 72.625631
11321 45.854840 61.488712 100.000000
17168 0.000000 36.228777 97.690894
1711 46.872767 97.994961 0.000000
1710 45.915727 97.879661 0.000000
11222 0.000000 68.748135 17.244505
17099 100.000000 28.163492 2.214969
17050 100.000000 27.674276 2.447335
7615 100.000000 26.923077 0.000000
17051 100.000000 27.068703 2.997075
4251 100.000000 46.504135 96.711062
4230 0.000000 37.000000 100.000000
4231 0.000000 38.000000 100.000000
12368 28.782334 10.961572 0.000000
5248 0.000000 45.982015 35.319739
978 0.000000 46.162055 32.930977
10959 86.181264 0.000000 53.767096
17722 100.000000 87.384755 26.447966
11505 91.737036 0.000000 25.766728
9067 53.108814 79.608769 100.000000
5124 86.368890 0.000000 63.275195
3826 86.050035 0.000000 66.192226
518 84.809852 13.357306 0.000000
16826 3.160961 9.446207 0.000000
1772 100.000000 30.521943 11.092212
2217 100.000000 31.359703 8.956260
4254 0.000000 37.801232 40.305374
10548 0.000000 52.586348 71.854267
7829 26.372241 67.254976 0.000000
631 0.000000 45.753487 58.616135
10438 0.000000 4.686505 87.639614
716 85.016110 97.094447 0.000000
11383 46.144109 0.000000 50.441737
11533 89.313967 0.000000 25.477660
10256 87.387792 0.000000 60.336851
4620 87.736347 0.000000 57.824136
2638 35.534881 78.695140 100.000000
2526 80.154169 80.542432 100.000000
2692 3.600091 53.415394 100.000000
10348 57.994026 0.000000 30.133568
11334 74.308740 66.035532 0.000000
7484 61.366135 0.000000 32.130274
7483 62.328755 0.000000 31.357660
5680 6.988482 0.000000 70.546806
5297 66.316878 32.159607 0.000000
4027 58.168730 0.000000 22.739461
6761 64.393924 100.000000 44.431717
17450 67.006046 100.000000 60.621409
685 23.001832 98.445258 0.000000
686 23.964712 98.674095 0.000000
5769 63.166091 49.276359 100.000000
13340 100.000000 30.514112 35.554118
798 22.414143 21.690479 0.000000
7032 100.000000 11.740700 44.702415
10725 100.000000 10.987251 48.229995
10724 100.000000 10.733877 43.212126
1110 0.000000 41.799179 14.620832
8623 92.481672 0.000000 41.817021
7779 0.000000 36.097783 5.019326
2579 70.887555 0.000000 74.609051
5407 80.627494 6.916489 100.000000
10404 78.598590 4.181012 100.000000
4417 88.616049 0.000000 64.284216
7929 88.671266 0.000000 66.464991
1833 100.000000 12.717055 59.437661
2440 100.000000 36.618359 76.801662
817 37.323923 0.000000 30.293306
10829 19.099674 0.000000 64.978302
2133 0.000000 84.163122 56.661318
12294 0.000000 50.082148 65.446683
8318 79.540904 0.000000 61.012738
4407 79.051044 0.000000 57.006565
8482 100.000000 34.693745 58.968837
3077 0.000000 43.072099 47.220270
2339 0.000000 77.841551 19.080782
2338 0.000000 77.783432 14.606131
947 100.000000 89.766719 16.589458
17749 100.000000 89.429241 9.674051
10320 100.000000 8.301767 84.967097
3112 100.000000 65.945216 37.928408
5949 100.000000 41.740295 8.234363
7200 46.246167 87.264186 100.000000
11521 46.870301 86.359190 100.000000
499 16.164823 0.000000 34.537422
500 15.832480 0.000000 28.910463
498 16.870504 0.000000 31.010433
1143 19.645300 16.331040 0.000000
11557 0.000000 40.256380 39.583671
2439 100.000000 36.038540 74.882945
2441 100.000000 35.968521 77.086040
4908 100.000000 35.308633 75.891435
6027 0.000000 12.138212 76.516482
2049 0.000000 12.986595 73.771977
3510 73.783699 93.008279 100.000000
2993 43.413552 43.006135 100.000000
6393 42.932767 41.841408 100.000000
13653 44.798521 42.742345 0.000000
4831 97.555059 0.000000 4.507859
3073 17.539540 6.609693 100.000000
7378 0.000000 18.950878 19.312040
2671 66.339617 16.026151 0.000000
12775 25.199703 0.000000 31.020537
5159 16.534113 0.000000 24.577171
3722 56.721237 45.602821 100.000000
13738 57.525570 73.687588 100.000000
470 91.294837 46.344677 100.000000
9520 100.000000 60.075882 44.814845
9521 100.000000 60.668232 49.891114
3960 0.000000 38.724889 7.116328
3961 0.000000 39.168443 4.916336
2797 80.773630 0.000000 72.566509
13391 14.589044 36.003277 100.000000
13760 16.030035 36.764440 100.000000
10072 5.783663 0.000000 68.766878
3443 6.146029 0.000000 70.275125
12955 0.000000 48.723923 94.951340
17184 0.000000 48.859090 93.166446
7921 54.279878 93.484259 100.000000
5943 53.588057 94.351013 100.000000
7663 100.000000 39.839705 61.883718
16752 62.629155 100.000000 71.572690
17460 63.030979 100.000000 58.958917
16755 60.857223 100.000000 69.859144
17476 61.449605 100.000000 60.259720
5106 0.000000 67.343403 59.977921
7132 0.000000 66.329439 59.572572
7454 0.000000 22.986780 20.447382
11850 98.936170 0.000000 0.000000
17580 98.815805 0.478603 0.000000
17585 99.139484 0.415962 0.000000
8975 100.000000 64.639016 78.464946
2881 37.480645 85.951297 0.000000
2879 41.438499 86.363209 0.000000
1031 37.600004 82.484571 100.000000
1519 37.551254 83.352285 100.000000
8985 14.961132 73.560870 0.000000
8579 18.066645 74.070071 0.000000
4103 7.061811 62.921968 100.000000
696 72.340426 0.000000 0.000000
919 23.646902 0.000000 82.538248
8012 95.324256 0.000000 47.730837
1571 95.437959 0.000000 44.331990
5104 0.000000 63.285589 81.106070
2854 0.000000 62.607356 77.955830
8961 0.000000 62.427158 81.445464
8377 29.123796 18.960818 100.000000
918 15.836428 24.457304 100.000000
916 17.962654 23.952913 100.000000
13258 100.000000 4.205361 56.437589
12422 0.000000 66.769538 50.020844
10317 0.000000 37.278070 64.579881
13834 0.000000 36.719770 67.107991
7274 0.000000 6.432064 71.276591
11921 17.703351 34.824770 100.000000
13665 88.788574 66.294107 0.000000
13844 100.000000 5.142525 92.922581
9735 100.000000 4.305926 91.381229
9776 0.000000 62.811940 59.440225
2901 0.000000 62.856914 54.887867
4891 100.000000 69.230769 0.000000
12351 66.550162 29.875129 0.000000
5147 100.000000 26.959548 37.704382
9424 100.000000 40.176775 47.476826
1696 100.000000 39.733723 49.025688
9769 100.000000 43.561300 85.669479
1898 100.000000 43.413918 82.887117
10965 100.000000 44.146891 84.438631
3630 71.811633 75.427079 100.000000
8881 0.000000 36.715543 33.214098
2877 0.000000 51.801461 51.898314
3712 100.000000 32.602168 18.603038
4809 100.000000 45.028577 53.238823
18002 0.000000 44.762880 27.204686
6803 29.371621 79.650471 0.000000
3861 29.348345 78.752602 0.000000
11097 25.519897 79.133733 0.000000
4089 0.000000 7.623933 57.024807
7706 0.000000 58.940003 35.178428
11081 0.000000 59.762212 32.125792
7348 0.000000 49.854443 82.022563
17946 0.000000 49.982871 82.182341
3366 0.000000 50.030070 81.721822
6486 100.000000 39.916307 51.405971
11831 89.166026 0.000000 37.958354
10552 7.435505 65.188547 100.000000
17793 100.000000 88.391909 9.867386
4190 57.929300 34.565665 0.000000
10114 58.421664 33.015732 0.000000
6936 55.614697 32.873701 0.000000
12395 45.977566 37.070536 100.000000
12690 0.000000 81.619789 28.475849
9715 0.000000 81.254750 33.055700
2159 92.394040 87.325060 0.000000
16621 97.501533 0.000000 96.593878
16622 97.169771 0.000000 97.040542
9499 87.014797 0.000000 44.014645
12138 87.502058 0.000000 44.819917
18060 87.189847 0.000000 46.011448
2286 0.000000 49.749776 84.032716
2866 23.579304 0.000000 17.881716
2864 23.243382 0.000000 13.784969
5898 0.000000 21.071617 70.256838
12004 34.816294 93.601020 0.000000
12305 21.142290 0.000000 77.102009
9451 0.000000 40.826275 94.455269
8680 0.000000 64.311494 81.066722
7517 3.018041 65.988924 100.000000
10108 100.000000 26.917603 17.884133
8044 14.735666 19.635288 100.000000
7585 15.975923 17.570580 100.000000
8043 17.964473 16.814297 100.000000
7549 37.427482 97.747089 0.000000
7170 81.838546 0.000000 27.584974
7322 69.883005 80.605638 100.000000
17795 100.000000 84.936124 24.489198
17796 100.000000 85.182049 27.138334
11920 72.596819 43.566864 100.000000
7027 36.674552 85.138719 0.000000
2201 0.000000 74.979837 33.378931
3587 0.000000 84.793669 20.510033
9039 0.000000 37.918498 80.437536
4470 95.969325 16.215362 0.000000
4469 100.000000 20.192308 0.000000
10453 100.000000 19.230769 0.000000
11961 83.141736 70.299423 0.000000
2068 0.000000 26.556839 21.713535
2066 0.000000 25.632412 20.027352
2067 0.000000 25.747129 23.944175
8372 29.984155 21.060889 0.000000
8373 28.126994 20.183156 0.000000
8575 100.000000 94.286660 19.463371
2333 100.000000 95.959596 100.000000
11699 100.000000 94.949495 100.000000
17052 100.000000 95.703865 87.618874
17053 100.000000 96.385983 90.481766
4081 0.000000 28.410316 52.581257
7595 41.305342 70.263255 0.000000
12594 0.000000 49.597013 84.219485
3465 0.000000 49.388817 84.422003
8880 0.000000 36.035511 35.078114
10862 5.073487 68.390047 0.000000
229 100.000000 67.890868 37.567855
7499 100.000000 50.122937 4.674841
17054 100.000000 49.548408 2.379024
2115 100.000000 3.724434 61.248421
2117 100.000000 3.292927 55.898458
11315 0.000000 61.983541 61.211396
48 33.707865 0.000000 100.000000
17247 32.948619 0.000000 97.650316
17248 33.295053 0.000000 97.116179
17206 34.202042 0.000000 96.933649
17625 8.598977 46.099838 0.000000
16623 4.890160 0.000000 1.918076
40 0.000000 10.664571 8.481383
12999 11.993863 40.965106 0.000000
4990 0.000000 28.141080 77.346836
11652 89.773337 0.000000 35.467469
11316 90.203622 0.000000 36.602094
11650 89.840600 0.000000 37.186296
735 44.446995 94.288205 100.000000
734 47.554745 94.287540 100.000000
4564 46.097632 95.195352 100.000000
11130 0.000000 48.811524 62.506183
5732 6.775077 55.406520 0.000000
5731 13.275773 55.000660 0.000000
3468 10.957572 54.264439 0.000000
6131 90.745916 36.524590 0.000000
10342 60.926223 0.000000 95.633533
6055 37.018704 75.151966 100.000000
11925 55.313473 43.281632 100.000000
10186 53.598883 42.534157 100.000000
9088 53.192773 41.437788 100.000000
9635 0.000000 45.592011 31.838373
11742 0.000000 21.548997 60.606794
12758 0.000000 22.064870 56.579258
8218 40.024326 98.165421 0.000000
11370 66.613702 0.000000 68.023273
6801 67.068017 0.000000 73.184499
5034 100.000000 23.941581 55.179636
13780 47.430182 38.494100 100.000000
18003 0.000000 45.033031 26.324868
18004 0.000000 45.077080 25.384399
1066 100.000000 41.373571 67.366181
1064 100.000000 40.898979 67.356679
583 0.000000 87.989793 19.284359
3125 28.460137 50.859211 0.000000
12601 49.701948 89.782957 100.000000
2754 0.000000 59.619649 58.383966
7254 0.000000 60.268633 55.190754
7253 0.000000 59.450225 54.284547
12236 57.670086 68.826940 100.000000
3787 36.944384 30.797462 100.000000
9399 5.157071 27.946450 100.000000
8905 69.478391 0.000000 39.946736
7379 3.221344 26.721971 100.000000
3897 33.768131 0.000000 40.704354
7701 34.481479 0.000000 36.313812
9694 0.000000 26.385034 72.799949
1363 100.000000 24.337820 45.456114
17056 100.000000 14.374044 2.352435
10640 53.381845 62.929540 100.000000
7369 38.408052 57.999785 100.000000
1657 0.000000 65.332669 73.950037
6300 34.823781 54.200040 100.000000
9782 0.000000 39.433936 34.006465
1762 33.174579 60.333107 100.000000
12540 32.175049 58.996884 100.000000
5546 35.219209 59.301448 100.000000
8123 0.000000 84.089238 69.368672
4639 0.000000 5.332426 91.429966
12310 20.170417 0.000000 26.811715
2204 21.307591 0.000000 28.530194
7103 86.604846 95.627266 100.000000
11744 44.485399 0.000000 22.897690
7728 43.596652 0.000000 18.250249
13644 6.030538 43.449829 0.000000
17627 2.979518 45.161912 0.000000
17628 2.999940 45.732780 0.000000
2255 0.000000 97.931897 33.770280
2181 0.000000 97.019358 32.900832
6080 4.150539 100.000000 17.897738
2042 90.272886 36.371590 100.000000
991 0.000000 79.088641 49.283885
990 0.000000 79.068434 43.676047
5682 6.011820 0.000000 75.955752
2169 63.131364 53.066052 0.000000
3410 75.849168 8.378699 0.000000
3409 79.512312 11.860180 0.000000
10803 0.000000 60.789683 32.764193
8174 54.220283 0.000000 6.447262
1352 55.317012 0.000000 5.491545
9613 0.000000 20.251946 7.069969
3885 10.141741 64.998387 100.000000
13193 28.889098 14.710678 100.000000
6198 41.347733 100.000000 36.048957
17437 44.149688 100.000000 43.463232
593 44.190752 100.000000 23.865171
2612 86.198809 82.658234 100.000000
3648 83.788424 82.290285 100.000000
13412 0.000000 65.000000 100.000000
485 72.002814 0.000000 92.315370
6661 100.000000 27.454954 33.317002
17296 2.638517 8.456410 100.000000
6802 67.096327 0.000000 78.775612
18219 24.488642 99.569635 0.000000
9041 33.726526 67.353958 100.000000
13514 75.113819 6.627562 0.000000
7401 72.505867 5.171149 0.000000
13014 95.125379 0.000000 67.642154
7773 38.714164 11.225949 100.000000
5578 84.125526 0.000000 74.238530
188 60.240575 97.028495 0.000000
10723 55.090308 90.642966 100.000000
17209 30.529675 0.000000 96.388051
10963 31.460674 0.000000 100.000000
17210 31.198781 0.000000 95.564763
511 64.584123 52.995568 100.000000
1055 76.280507 33.542491 0.000000
5418 92.058311 4.672471 100.000000
5419 95.361175 7.774434 100.000000
8222 75.027245 38.234596 0.000000
2994 43.416497 44.335241 100.000000
2621 66.909195 0.000000 54.460129
2619 66.741588 0.000000 49.766782
12361 53.718752 73.184586 0.000000
13777 58.652576 72.842033 0.000000
12191 87.217121 99.419222 0.000000
13877 69.739459 5.798171 0.000000
13089 0.000000 75.651085 64.107521
8757 0.000000 74.667585 65.692840
12648 45.535744 94.680611 0.000000
6585 44.060355 95.167876 0.000000
17797 100.000000 84.968475 6.853971
1214 89.942281 0.000000 94.214314
18204 90.586530 0.000000 96.206821
18205 90.052487 0.000000 96.520930
6499 82.193138 0.000000 43.100650
12364 55.712946 84.368944 0.000000
209 51.461127 84.440622 0.000000
11515 54.013884 85.155020 0.000000
16624 5.328282 0.000000 2.284142
1474 30.337079 0.000000 100.000000
17211 29.999133 0.000000 96.881187
12953 84.795394 86.210242 100.000000
1243 64.065577 0.000000 4.873831
5950 34.375000 100.000000 100.000000
3354 0.000000 79.611650 0.000000
3353 4.011682 79.813556 0.000000
2215 89.423454 0.000000 29.696858
1341 89.955985 0.000000 29.809861
4602 100.000000 5.953964 95.396637
1260 100.000000 7.177263 91.747712
11147 100.000000 55.119574 63.523087
17058 100.000000 13.847788 2.969066
17117 100.000000 13.505279 2.521634
12450 89.379582 72.908373 100.000000
5221 87.632666 72.246281 100.000000
12632 100.000000 14.214453 7.632857
1483 4.999668 88.321854 0.000000
1581 100.000000 41.859525 22.622913
1582 100.000000 41.231863 21.118678
2164 0.000000 59.225044 7.183928
4861 0.000000 59.039818 11.180429
3895 0.000000 48.740085 41.388416
8355 0.000000 47.961831 41.085199
18062 85.467585 0.000000 41.309843
750 0.000000 17.840973 25.282427
7336 100.000000 31.824074 78.129755
6216 15.132761 0.000000 88.025452
13468 54.398225 47.989969 100.000000
2874 80.632941 22.615899 0.000000
2875 83.301776 25.011459 0.000000
9486 95.070034 87.682690 100.000000
17387 97.248741 87.608065 100.000000
17381 97.391726 88.241322 100.000000
17376 96.984073 89.127889 100.000000
17382 97.281476 88.729520 100.000000
9980 16.388396 89.285691 0.000000
4880 11.609832 44.980413 0.000000
1342 90.357568 0.000000 28.506558
1823 89.799661 0.000000 27.449693
2061 90.465359 0.000000 26.233980
8450 0.000000 87.320246 43.680779
8451 0.000000 87.715157 48.091399
12628 72.453917 3.280159 100.000000
2008 74.093266 5.964014 100.000000
1545 85.321119 0.000000 32.933569
16507 0.000000 52.554464 98.359411
6743 82.426566 54.766234 100.000000
10518 22.128044 0.000000 87.821830
8592 0.000000 50.403463 82.036018
9306 0.000000 50.213505 82.144185
17947 0.000000 50.249117 82.477622
1090 0.000000 50.457385 74.746586
13707 67.813901 95.621777 100.000000
13405 2.290676 60.005172 100.000000
6089 100.000000 7.552509 82.459792
5502 9.858373 56.075075 100.000000
4983 90.752791 17.412953 0.000000
5395 93.433410 19.053672 0.000000
3941 66.607409 74.643543 0.000000
3943 62.997571 75.364239 0.000000
4396 22.750253 52.451264 100.000000
4398 21.333618 53.230727 100.000000
892 80.922412 90.954582 0.000000
13201 81.392022 91.756600 0.000000
9347 26.517007 0.000000 40.530485
11306 71.552380 0.000000 53.502566
4746 72.026421 0.000000 55.319840
2047 83.086539 45.715566 0.000000
5171 70.382132 70.765508 0.000000
8504 0.000000 16.625550 88.424222
9011 73.906601 0.000000 55.814991
6390 73.277592 0.000000 56.616591
483 70.683119 0.000000 92.064939
484 71.114462 0.000000 86.746307
1005 26.376725 0.000000 70.869457
6784 26.003746 0.000000 68.521726
7302 100.000000 7.189848 74.306769
6325 17.123328 0.000000 67.137061
8066 42.696629 0.000000 100.000000
9697 51.780312 35.640327 100.000000
9696 53.115133 36.870919 100.000000
2600 50.890407 36.947124 100.000000
4285 3.733541 24.349551 100.000000
5370 14.493655 53.850930 100.000000
6364 43.665622 40.547330 100.000000
13287 9.357034 0.000000 31.609269
11753 8.891939 0.000000 33.694420
5103 0.000000 63.819870 84.800459
10500 100.000000 42.828531 86.486379
1899 100.000000 42.819541 83.800292
12162 8.999468 27.422120 100.000000
11070 9.575405 26.016693 100.000000
2005 11.144452 25.500120 100.000000
17009 100.000000 19.494081 3.393117
17059 100.000000 19.107666 2.697970
10545 100.000000 18.967852 5.269502
16987 100.000000 18.737964 2.129260
12270 0.000000 17.539031 51.799345
3768 96.042878 15.305235 0.000000
17699 100.000000 33.326200 6.475825
17700 100.000000 32.765133 7.012144
1680 87.902707 0.000000 54.938536
732 82.482937 42.361907 0.000000
13108 4.408766 0.000000 84.290039
3992 5.112386 0.000000 84.552165
2635 4.499591 0.000000 88.424330
7694 100.000000 47.984655 90.667261
11719 100.000000 48.801857 95.422666
56 81.540127 71.729931 0.000000
4241 25.032525 0.000000 95.557700
17212 25.397283 0.000000 97.711167
4695 0.000000 65.907634 48.024953
11422 67.176686 44.382679 100.000000
5455 69.836086 44.830088 100.000000
3586 0.000000 85.423024 22.309457
2327 2.373813 0.000000 55.863349
12420 33.584410 66.299279 100.000000
10561 18.844830 62.362536 0.000000
9135 40.827527 65.056497 0.000000
12112 0.000000 65.895776 52.574505
9760 0.000000 64.970245 50.261403
670 26.518386 0.000000 74.744119
9177 83.426098 61.349525 100.000000
3282 86.274795 61.246733 100.000000
6840 25.311544 0.000000 76.833127
12093 100.000000 11.701949 21.076645
17798 100.000000 80.163430 7.850838
17829 100.000000 79.704098 7.381704
6135 65.827664 93.420686 100.000000
17213 32.217110 0.000000 96.859920
17214 31.649374 0.000000 96.331682
5977 61.569846 23.101742 100.000000
5781 0.000000 51.720993 61.829866
5134 69.220345 0.000000 17.912956
8114 68.143051 0.000000 16.981715
13459 36.409236 91.351798 0.000000
2833 14.241111 0.000000 30.958714
7094 13.853126 0.000000 25.914785
7096 14.828116 0.000000 27.316017
4261 38.263178 66.815407 0.000000
8610 36.456619 65.744072 0.000000
5763 31.969746 66.633865 0.000000
7279 66.186253 45.265289 100.000000
7446 0.000000 65.503135 59.057961
7447 0.000000 65.909264 56.390811
927 63.077266 46.899065 0.000000
6251 100.000000 44.585248 83.066014
10966 100.000000 43.947149 81.872488
12260 92.307692 100.000000 0.000000
9064 67.506975 48.270709 100.000000
12813 67.072796 47.196641 100.000000
1747 69.591976 47.613668 100.000000
12959 60.797159 21.101987 100.000000
687 25.288429 98.416677 0.000000
8907 25.536939 98.124277 0.000000
8646 0.000000 35.048840 64.868320
6060 97.974121 0.000000 61.958261
18038 89.995519 0.000000 58.994471
13154 57.318396 16.337406 100.000000
4442 92.928635 86.483489 0.000000
1181 84.838875 35.252469 0.000000
6028 0.000000 12.199597 81.185512
7788 100.000000 30.106287 39.205809
1803 100.000000 30.713489 42.244114
6665 0.000000 6.586689 43.000464
11683 100.000000 19.970208 65.209433
290 100.000000 19.326521 67.336638
292 100.000000 19.286562 63.419104
7668 29.323121 95.439700 0.000000
6293 96.476134 12.739215 0.000000
5093 26.547407 0.000000 79.622409
13455 93.189580 0.000000 38.508017
11966 40.449438 0.000000 100.000000
2842 100.000000 3.933280 52.282083
8556 20.000959 0.000000 30.802793
10098 20.728936 0.000000 31.320768
9293 29.682195 0.000000 2.907868
2636 4.689572 0.000000 92.939540
12633 81.960607 0.000000 49.781643
4490 34.967466 99.763021 0.000000
11355 73.271288 0.000000 79.904898
1489 100.000000 10.556189 10.701089
3280 83.913148 60.299697 100.000000
12850 42.167802 8.768697 100.000000
9227 40.498834 9.903223 100.000000
3497 0.000000 21.401992 8.838091
5148 100.000000 27.650253 39.527302
12508 100.000000 27.606177 42.547476
12006 71.910112 0.000000 100.000000
9758 74.186243 1.547068 100.000000
11549 73.476915 1.879971 100.000000
13288 0.000000 80.360641 17.560557
6904 94.159094 33.342368 0.000000
6524 24.987334 0.000000 88.291967
6720 23.380722 51.049232 0.000000
9054 52.321233 4.404944 100.000000
1395 72.607562 0.000000 58.028274
12115 100.000000 38.017187 75.280657
18045 85.173535 0.000000 74.186623
18044 84.821310 0.000000 74.832783
7100 83.336460 18.693963 100.000000
10664 89.976683 0.000000 24.593718
6177 68.878110 0.000000 21.701546
5676 27.127272 0.000000 86.558438
10443 0.000000 3.883495 0.000000
8791 0.000000 3.912225 4.620330
7131 90.824415 81.299093 100.000000
8028 8.638428 0.000000 77.670230
12895 0.000000 20.073199 39.564597
13146 0.000000 21.028287 42.238266
12621 0.000000 21.041719 37.480079
3786 35.094973 32.772088 100.000000
9086 78.125000 100.000000 100.000000
9044 3.792725 0.000000 50.630748
955 4.290840 0.000000 53.333686
3950 0.000000 47.000000 100.000000
3951 0.000000 46.500391 98.030724
13846 11.398213 58.718920 100.000000
6545 0.000000 33.879507 94.991015
11654 0.000000 33.581460 91.641387
6642 33.158711 18.052224 0.000000
293 0.000000 51.007835 32.182459
2837 0.000000 51.846581 31.291596
1448 0.000000 29.743641 55.374958
13499 52.188004 97.854149 0.000000
4182 7.863247 0.000000 93.705734
5552 59.455585 76.077765 0.000000
143 7.558250 0.000000 38.402556
5400 100.000000 40.698638 69.114412
10881 100.000000 40.509251 70.630061
8465 100.000000 40.102270 69.163527
10052 72.810743 0.000000 81.674927
1703 96.668634 21.991051 0.000000
17980 61.159054 99.376312 0.000000
6589 77.925433 0.000000 60.334692
7558 78.151761 0.000000 57.221066
12440 100.000000 19.765888 35.646366
6313 100.000000 67.307692 0.000000
673 37.858775 32.552999 100.000000
5700 100.000000 32.923200 74.002276
11396 100.000000 20.836294 96.200576
10365 0.000000 76.368383 15.673876
252 69.135135 75.031431 100.000000
712 42.016037 88.575875 0.000000
4950 0.000000 53.944374 34.336353
1926 48.392472 0.000000 80.503598
12642 89.625977 0.000000 38.443961
11651 89.531880 0.000000 36.990974
9545 53.191489 0.000000 0.000000
6835 37.754119 94.413907 0.000000
6836 36.718585 94.818610 0.000000
7811 78.441317 91.356018 0.000000
7812 77.037044 90.719200 0.000000
2793 75.083389 91.339554 0.000000
9870 100.000000 11.310748 96.260261
9505 49.116616 0.000000 62.446737
13353 100.000000 28.198800 10.391722
7649 100.000000 27.449525 8.316071
9500 86.038737 0.000000 45.442075
9078 36.532145 3.470239 0.000000
2977 38.297872 0.000000 0.000000
13677 34.272164 4.698870 0.000000
17060 100.000000 7.814271 4.567077
12441 100.000000 19.088725 38.280552
3171 100.000000 19.372276 42.150433
264 100.000000 18.624211 40.861756
4253 0.000000 37.679380 37.216944
4255 0.000000 38.490405 38.390358
280 0.000000 32.193396 72.815150
1450 0.000000 30.503153 73.578455
11368 0.000000 31.485692 74.889830
5117 88.630639 41.968365 100.000000
13052 37.708382 81.489761 100.000000
3749 0.000000 87.378641 0.000000
4227 0.000000 88.349515 0.000000
17629 2.218938 88.321504 0.000000
12579 1.257966 0.000000 79.799492
2531 1.575799 0.000000 73.377812
2533 1.959549 0.000000 76.125320
5726 0.000000 43.446259 83.890932
1522 57.303371 0.000000 100.000000
10425 83.356665 2.931769 0.000000
6470 14.548296 0.000000 43.949185
13716 5.791475 0.000000 36.755742
7833 6.207302 0.000000 36.249841
99 0.000000 49.302996 55.676778
98 0.000000 49.879591 57.496783
5426 57.449288 71.980952 100.000000
1412 41.318049 22.939596 100.000000
6104 77.221720 53.663377 100.000000
4655 94.633815 0.000000 49.578164
1308 100.000000 5.801633 66.606788
1310 100.000000 6.519605 70.466453
753 32.139386 91.614780 0.000000
755 28.653614 91.872227 0.000000
6116 67.044004 0.000000 59.312860
9245 67.248415 0.000000 64.243177
3191 0.000000 1.229513 67.970688
5266 100.000000 25.185724 63.077660
7477 0.000000 1.191315 53.767421
6446 0.000000 1.281333 46.905245
4942 0.000000 32.897907 17.346999
4943 0.000000 32.375145 19.729642
11058 100.000000 10.751663 26.833924
6244 0.000000 77.794809 10.205761
13221 67.215134 0.000000 36.458396
10351 100.000000 30.595593 53.646944
10976 81.420318 0.000000 42.959929
10699 65.159458 94.676216 100.000000
10366 0.000000 76.983660 12.966420
6011 17.931468 77.171110 0.000000
2082 35.934138 95.188422 0.000000
9532 100.000000 66.179733 22.718440
9566 100.000000 67.038007 23.434186
7297 100.000000 66.502272 30.475459
13749 96.435972 0.000000 58.168732
9707 57.468973 13.085657 0.000000
5465 92.933580 0.000000 70.005104
17631 1.544177 92.069883 0.000000
9138 2.779054 92.431472 0.000000
8633 0.000000 92.233010 0.000000
7476 0.000000 1.468181 58.655558
13852 57.268753 0.000000 37.374840
8018 58.017083 0.000000 43.646719
2247 100.000000 82.220113 71.363077
17645 2.245169 48.514721 0.000000
17656 3.215138 48.802103 0.000000
8312 96.706173 32.444924 100.000000
265 93.468373 29.053862 100.000000
12947 41.035169 73.543357 100.000000
4508 70.610624 58.628811 100.000000
6250 100.000000 44.906211 81.908306
9509 88.814168 43.254046 100.000000
1730 42.165834 0.000000 60.859084
7819 43.374094 0.000000 55.729475
7787 100.000000 29.150749 39.107991
13603 100.000000 28.811221 36.526111
12585 100.000000 29.511476 36.245562
16605 65.510719 0.000000 94.951009
5355 65.168539 0.000000 100.000000
16627 64.992091 0.000000 95.772287
7815 0.000000 35.730532 88.658530
7816 0.000000 34.919420 89.018954
7778 0.000000 36.263222 2.344286
11343 1.489468 40.840155 100.000000
9392 85.681809 11.817086 100.000000
1440 89.780344 31.127663 100.000000
9693 87.385037 28.845716 100.000000
9477 22.340078 3.718764 100.000000
3531 18.368501 6.853044 100.000000
3072 20.589560 4.297190 100.000000
356 93.730979 0.000000 45.374334
355 93.707401 0.000000 42.893071
12214 2.214850 34.313438 100.000000
4460 0.000000 47.578476 42.801380
12789 0.000000 47.270584 41.135026
13388 100.000000 44.887739 85.499817
9756 55.511096 69.305023 100.000000
9290 79.144423 18.612038 0.000000
4962 45.713583 96.623401 0.000000
8147 4.569877 67.325881 0.000000
5996 13.361857 0.000000 51.024414
3430 58.986101 51.930092 0.000000
1367 13.430450 26.544722 100.000000
12743 56.370494 0.000000 3.711097
7999 56.382979 0.000000 0.000000
12821 45.463487 13.293090 0.000000
5647 87.821939 0.000000 43.966312
7646 87.966339 0.000000 42.356786
8523 32.934499 37.552085 100.000000
5461 34.572458 35.963629 100.000000
9567 100.000000 66.741643 11.701808
17799 100.000000 67.075881 5.226255
17813 100.000000 66.604024 6.104947
8076 0.000000 27.921946 6.457687
10285 89.973575 0.000000 53.971041
125 0.000000 47.346625 23.208864
10765 90.404928 100.000000 42.101146
9202 19.461960 6.972773 100.000000
2423 100.000000 4.135075 47.784917
10780 18.042673 0.000000 71.263806
10385 18.167490 0.000000 65.890241
2452 100.000000 38.972376 28.793997
12243 0.000000 46.591907 41.539114
12582 100.000000 36.259037 66.638136
2978 100.000000 35.821379 68.954409
9101 0.000000 13.969305 32.204031
12250 28.673486 10.204391 100.000000
11839 0.000000 36.135420 38.217402
9124 54.369477 0.000000 38.368604
12410 0.000000 7.798223 11.181894
7195 29.437053 25.781077 100.000000
9888 27.331085 27.970308 100.000000
5138 5.786579 34.651134 100.000000
10532 0.000000 49.450127 65.740834
17139 0.000000 43.736244 92.695128
17150 0.000000 43.224305 92.269066
11917 0.000000 42.616864 92.655122
17151 0.000000 43.012899 91.177740
9263 0.000000 36.841786 36.202690
12367 24.732133 13.066407 0.000000
18063 87.716626 0.000000 46.836365
18061 87.565630 0.000000 46.281692
2708 100.000000 40.745874 46.649625
2707 100.000000 41.246111 45.827020
7429 27.087350 100.000000 37.214484
11877 100.000000 67.465678 74.692881
12040 100.000000 67.998234 83.848434
7355 56.239123 92.357954 0.000000
9804 58.478905 92.749132 0.000000
2004 59.488799 92.230598 0.000000
12248 100.000000 9.564878 14.789909
3279 22.200476 0.000000 38.697898
6288 0.000000 31.562983 14.191479
3129 0.000000 32.501650 14.416279
9301 0.000000 37.500356 34.205828
11381 47.150858 0.000000 57.130995
3580 48.363711 0.000000 55.863536
7060 92.441070 9.553210 0.000000
11779 96.069209 13.337374 0.000000
10599 100.000000 40.088447 89.344398
10869 93.821638 54.933063 100.000000
1956 59.453931 66.642903 100.000000
738 56.987968 66.918207 100.000000
3294 53.750170 5.356350 100.000000
671 26.609395 0.000000 72.830813
9262 0.000000 36.984510 39.283758
5965 31.606987 0.000000 5.019211
10523 0.000000 76.127926 60.243117
397 0.000000 86.465855 33.501361
396 0.000000 86.902361 38.351598
1643 66.197408 27.592323 0.000000
1642 68.728536 27.304646 0.000000
8093 65.690800 24.972384 0.000000
3900 0.000000 76.737887 47.067968
3899 0.000000 77.098923 50.837565
6347 59.301447 13.573243 100.000000
1205 89.338945 76.207642 100.000000
16758 36.853527 100.000000 89.713567
13835 100.000000 74.936814 35.113098
7180 88.691738 75.223806 100.000000
1746 86.109059 74.774459 100.000000
8793 100.000000 44.261160 67.904649
8826 0.000000 48.900288 24.848567
2598 0.000000 30.190859 31.611886
16628 23.135083 0.000000 1.865570
10744 21.956531 0.000000 48.346543
6833 100.000000 36.107620 85.101692
1739 6.581511 93.281366 0.000000
11164 3.757600 0.000000 26.702932
1318 81.554291 0.000000 63.568880
5692 25.791681 73.148821 0.000000
2308 90.973482 0.000000 53.348324
8697 87.496388 0.000000 47.943779
13843 50.929273 49.763900 0.000000
2138 55.022863 50.807331 0.000000
269 75.495917 51.430706 100.000000
268 76.435010 52.606277 100.000000
13879 73.644064 52.178442 100.000000
5219 21.263497 0.000000 56.019856
41 0.000000 11.638624 5.835549
17634 10.093195 39.761823 0.000000
13562 75.625400 0.000000 23.916558
3267 76.135388 0.000000 28.788255
2902 0.000000 26.765925 30.552851
11637 45.711188 99.111385 100.000000
4513 0.000000 47.186582 57.506277
12340 90.068186 0.000000 38.426982
6469 100.000000 38.916640 20.402464
7645 87.496904 0.000000 42.848456
206 23.262746 0.000000 67.516181
8598 22.604688 0.000000 65.437891
2257 0.000000 98.654442 31.203154
8086 48.725937 0.000000 31.081095
11380 63.640910 0.000000 48.447797
11185 0.000000 55.921322 7.709558
69 59.660290 68.186708 0.000000
16456 5.593330 5.223096 100.000000
16455 4.966101 5.232011 100.000000
17347 7.514092 3.223952 100.000000
236 0.000000 74.866483 71.974186
11332 100.000000 76.303495 28.344243
13670 100.000000 76.354627 35.415232
10424 3.337686 32.727369 100.000000
3152 92.316020 15.316658 100.000000
3150 91.228478 13.500234 100.000000
8325 53.030704 60.716602 100.000000
4858 0.000000 28.467685 31.089217
5188 38.049495 67.279382 100.000000
9488 39.117658 68.041731 100.000000
3106 72.973954 21.636584 100.000000
3105 71.320138 19.652589 100.000000
6389 100.000000 2.433936 68.577788
13810 94.790171 96.091871 100.000000
12235 0.000000 30.756143 78.068704
8758 0.000000 71.844660 0.000000
16602 15.049413 0.000000 4.234982
16716 99.295946 2.981352 100.000000
16717 99.059958 2.405170 100.000000
11873 100.000000 2.020202 100.000000
16702 99.366921 1.806844 100.000000
16707 99.455339 1.423467 100.000000
13332 100.000000 30.398587 31.482824
16827 26.945887 5.942939 0.000000
8362 10.374907 53.118868 0.000000
17152 0.000000 11.358383 97.290583
11054 12.650951 11.746442 100.000000
3530 15.020652 9.306429 100.000000
3532 15.259213 10.213414 100.000000
4974 100.000000 5.327889 36.594549
7600 100.000000 28.975127 10.227141
2174 0.000000 45.623057 37.622701
11748 100.000000 34.056623 86.480355
3644 100.000000 33.538063 36.313613
5257 85.543899 95.799729 0.000000
9246 100.000000 40.484587 95.139151
3993 50.000000 100.000000 100.000000
6691 100.000000 27.533903 45.427167
2583 100.000000 64.704613 18.897680
2559 41.462623 50.436848 0.000000
723 100.000000 64.624109 26.488432
7414 10.046086 0.000000 33.024565
1152 10.540799 0.000000 30.449972
11166 69.443712 0.000000 25.300894
9328 8.649527 0.000000 89.642512
6049 8.975073 0.000000 94.768705
9637 13.134336 63.905953 100.000000
2393 90.653039 0.000000 51.351344
5361 30.414150 99.191251 0.000000
3552 32.556054 99.115871 0.000000
3554 31.673215 98.971591 0.000000
10761 10.364120 67.676511 0.000000
12079 100.000000 39.873343 3.069733
17692 100.000000 40.236483 5.218211
17693 100.000000 39.773726 4.884468
10529 100.000000 39.555753 6.711437
17683 100.000000 38.912683 4.950720
17684 100.000000 39.429325 4.538490
11602 90.298717 90.912781 100.000000
9831 11.163851 0.000000 31.288420
12016 69.419579 41.097816 100.000000
4905 100.000000 19.160079 83.677075
5108 0.000000 66.864206 55.179666
10343 39.299863 61.678062 0.000000
4936 58.819657 34.795833 100.000000
9043 50.811786 97.162023 100.000000
4839 15.243282 70.826669 0.000000
3368 0.000000 50.041284 80.758729
3367 0.000000 50.251271 81.419926
7184 0.000000 50.301086 80.592429
4371 100.000000 46.325468 48.509338
2663 100.000000 43.211825 67.074335
9241 100.000000 43.727633 66.212856
3581 84.808261 27.258179 100.000000
1320 80.882328 0.000000 66.094585
9513 0.000000 78.059167 50.418602
526 20.498058 0.000000 41.117644
11349 100.000000 61.448178 64.818342
13560 100.000000 60.997947 57.609137
2394 91.236372 0.000000 51.118574
12887 93.406529 3.914890 0.000000
17545 90.742753 1.697737 0.000000
1576 95.954471 8.103183 0.000000
1575 91.373737 4.007484 0.000000
5668 90.692730 4.374043 0.000000
17800 100.000000 81.404261 25.946081
4001 83.344543 29.468115 100.000000
5365 100.000000 15.946207 27.525764
5802 0.000000 80.520995 33.601488
4077 0.000000 39.027809 19.790686
3999 100.000000 20.115954 61.825125
13236 100.000000 28.459671 66.527369
8302 26.619373 96.353710 0.000000
2432 28.622611 95.889211 0.000000
13733 38.021006 98.707028 0.000000
13638 100.000000 19.564377 32.229717
403 100.000000 19.016555 29.369717
8282 100.000000 20.478858 88.906963
17557 98.932440 3.448480 0.000000
8949 49.542312 55.836583 100.000000
12746 52.266446 55.892769 100.000000
12948 100.000000 45.059555 46.624275
13865 100.000000 44.786860 29.462784
2111 75.671682 0.000000 56.184793
8181 0.000000 56.310680 0.000000
9722 63.485637 83.075938 100.000000
4039 96.048114 0.000000 27.009953
8856 72.176846 13.229563 0.000000
4115 0.000000 48.791848 88.203784
349 51.129418 40.759471 100.000000
348 52.935529 40.317618 100.000000
12762 31.397368 43.922800 0.000000
1085 26.213741 0.000000 72.953249
4811 26.118984 0.000000 74.725783
7113 55.273148 80.159669 100.000000
11228 43.174214 29.119069 0.000000
3989 0.000000 34.129067 88.871209
9271 53.878675 21.731289 100.000000
942 55.629223 23.053346 100.000000
12330 42.028908 66.130597 0.000000
1237 0.000000 71.061171 16.522681
6737 19.915148 0.000000 42.783640
4764 19.249018 0.000000 45.138147
1006 26.635988 0.000000 68.421915
6212 0.000000 38.700027 26.894706
4472 55.449774 61.117000 0.000000
6796 0.000000 35.306112 74.659588
6123 43.774655 53.172043 100.000000
10564 95.174999 28.492324 0.000000
11879 100.000000 33.490083 44.855369
976 0.000000 45.211130 51.089408
5519 67.739968 46.343204 100.000000
5520 68.188534 45.419804 100.000000
1748 70.003680 46.277762 100.000000
10079 25.027665 97.798032 0.000000
4980 27.366477 97.798303 0.000000
12024 0.000000 96.457483 65.252491
13387 56.576850 53.207382 100.000000
18040 83.076203 0.000000 83.133154
8346 22.263164 0.000000 12.155600
757 21.743956 0.000000 14.725423
6169 94.912929 0.000000 3.478771
10115 0.000000 53.057183 35.449927
6472 15.498162 0.000000 42.554858
4800 0.000000 55.654153 45.672754
3913 100.000000 7.070707 100.000000
6809 90.442891 60.711181 100.000000
6541 88.751815 61.218996 100.000000
65 100.000000 4.040404 100.000000
1514 100.000000 91.876879 84.489376
6637 100.000000 91.737550 66.759066
922 21.816969 54.074191 100.000000
4397 23.519527 53.311938 100.000000
10259 49.898688 97.877417 0.000000
9672 92.113526 0.000000 35.499973
1304 77.869463 87.416114 100.000000
17702 100.000000 34.125779 5.743176
6487 100.000000 36.426996 34.517789
11286 100.000000 36.897517 36.574934
9154 100.000000 14.363380 50.188799
10411 24.526383 0.000000 26.396411
97 100.000000 1.588400 34.262622
6348 100.000000 1.083185 28.840288
2826 0.000000 65.095511 45.493307
5591 53.633999 84.087571 100.000000
5360 29.342107 99.045286 0.000000
100 0.000000 49.208245 58.078945
13742 92.759792 0.000000 34.339116
8438 93.264854 0.000000 35.675141
242 3.265406 0.000000 47.502634
243 2.689631 0.000000 44.495852
3971 53.932584 0.000000 100.000000
12644 18.662283 79.064588 0.000000
12825 86.407902 0.000000 50.789804
12791 12.941329 52.695505 100.000000
17216 1.928766 0.000000 96.989227
17215 1.400886 0.000000 96.305635
8935 44.074024 97.120274 0.000000
8936 42.871728 96.996750 0.000000
8937 42.644033 97.199820 0.000000
9580 18.746421 0.000000 18.486764
13166 18.287626 0.000000 21.576289
13381 4.641314 0.000000 18.673718
6963 9.259655 43.502043 100.000000
4439 100.000000 54.271858 5.764546
3414 0.000000 49.051998 81.594172
1825 100.000000 84.712842 68.539991
1518 39.848044 83.161221 100.000000
8537 7.694296 0.000000 56.867718
6758 7.233059 0.000000 55.696629
3385 52.162455 25.972610 0.000000
3037 19.694149 88.950139 100.000000
1134 19.280539 48.680626 0.000000
3411 82.625845 72.578587 100.000000
17391 97.397822 70.521776 100.000000
17383 97.537551 69.892104 100.000000
1613 100.000000 42.184833 42.194961
1974 58.252223 27.803239 0.000000
3278 21.569637 0.000000 38.482857
6388 21.964546 0.000000 35.392403
9548 94.280304 0.000000 41.322557
11034 29.061882 24.167379 100.000000
3816 100.000000 24.321995 18.674935
8925 15.291220 0.000000 52.529573
10053 0.000000 60.522154 28.605432
5153 78.157014 19.460893 100.000000
17709 100.000000 45.281982 7.039088
11734 100.000000 46.255163 10.257923
17703 100.000000 45.805787 7.312724
17704 100.000000 46.329523 7.536797
3569 0.000000 44.079494 40.613355
12567 100.000000 38.071190 37.277889
9176 82.909158 62.361179 100.000000
1570 0.000000 38.597150 22.176966
7648 100.000000 26.579207 9.793635
11207 3.793185 93.233242 0.000000
17636 2.241578 93.799597 0.000000
398 0.000000 85.904781 38.504025
8924 14.681446 0.000000 48.662277
11399 15.410621 0.000000 47.388672
4739 0.000000 9.076794 73.087740
17637 1.371471 92.357725 0.000000
13208 100.000000 26.735317 64.676295
4225 20.435551 33.243446 0.000000
12493 9.222017 52.025989 0.000000
17638 4.969156 52.056486 0.000000
3636 100.000000 36.811914 74.476429
10022 79.163931 0.000000 9.930805
18064 79.130266 0.000000 13.762518
7158 0.000000 69.197287 78.300373
7467 0.000000 68.411118 74.110495
5267 100.000000 24.708518 65.501071
1316 38.641605 0.000000 58.468588
13373 39.880660 0.000000 61.338235
1060 8.097422 0.000000 25.192835
4075 100.000000 51.442428 57.471946
5778 96.736604 0.000000 89.735804
6334 97.143079 43.483987 0.000000
2110 0.000000 44.711737 49.693055
10530 82.298454 2.902876 0.000000
5624 53.983462 68.087158 0.000000
2322 0.000000 80.033389 3.399494
2321 0.000000 79.615606 7.255519
5349 23.865340 59.448283 0.000000
361 22.749814 58.335329 0.000000
7029 0.000000 23.066813 56.619535
10461 0.000000 54.859679 17.060485
6719 84.327183 2.936158 0.000000
4634 33.944679 31.148872 100.000000
4672 14.703289 46.752886 0.000000
10408 51.497653 78.734383 100.000000
7215 52.356971 77.939080 100.000000
2348 58.003311 28.302584 100.000000
13300 59.091938 30.228752 100.000000
12386 0.000000 18.489902 10.803068
4021 38.685252 0.000000 6.775041
8073 0.000000 81.607251 74.842520
9474 0.000000 82.627993 77.564390
5717 47.162597 97.598578 0.000000
9309 48.606323 97.750186 0.000000
17949 0.000000 50.956334 83.597407
17948 0.000000 50.776309 83.209620
10271 66.919400 96.245258 0.000000
275 67.758399 96.722222 0.000000
8153 100.000000 31.977725 66.627120
2832 13.317047 0.000000 29.801450
8144 0.000000 0.000000 29.411765
9675 0.000000 0.000000 35.294118
4537 100.000000 96.270262 19.560938
1821 35.359953 0.000000 73.261944
1217 34.179601 0.000000 72.901534
6572 34.668924 0.000000 68.542299
12530 0.000000 56.410739 63.482132
943 55.707945 21.006863 100.000000
88 60.096490 99.503329 0.000000
4157 17.529902 0.000000 57.178171
6500 17.364168 0.000000 61.867237
2794 70.863887 91.294693 0.000000
6978 100.000000 18.724913 33.646938
7915 63.490246 4.627424 0.000000
17547 62.935247 2.632154 0.000000
17563 62.080097 2.328242 0.000000
11342 32.498345 18.514109 100.000000
11795 48.516969 82.565519 100.000000
9302 0.000000 38.457990 34.913654
9300 0.000000 38.010899 31.923100
16672 98.014822 7.961807 100.000000
6488 85.927142 26.684463 0.000000
5997 14.273156 0.000000 51.977014
10278 42.262780 98.884995 100.000000
12375 100.000000 48.972156 75.284233
777 82.760799 84.653018 100.000000
13500 81.469866 69.564155 100.000000
3931 0.000000 37.595902 67.336948
10384 93.617021 0.000000 0.000000
17569 94.871472 1.036998 0.000000
17561 95.045633 0.854861 0.000000
5222 85.193609 71.372573 100.000000
7758 15.504507 100.000000 38.382395
5166 71.779121 59.682477 100.000000
5164 72.821747 60.726330 100.000000
8037 12.821731 64.046803 0.000000
2587 100.000000 52.900921 24.947547
3683 100.000000 11.412059 92.106415
473 51.392763 87.091397 0.000000
7890 85.691089 0.000000 51.452392
5074 100.000000 39.706012 29.361672
4845 70.388307 34.197089 0.000000
3557 100.000000 41.828303 68.256597
1928 48.729905 0.000000 91.129216
13423 73.387359 0.000000 37.148672
11314 0.000000 39.234248 36.918423
11313 0.000000 39.823829 38.469270
5326 0.000000 39.998129 36.050043
8189 63.034139 0.000000 36.313912
12718 62.034642 31.091101 100.000000
5998 13.733016 0.000000 55.465154
9355 100.000000 12.121212 100.000000
4668 90.170185 0.000000 66.009910
4666 90.423166 0.000000 64.023991
4667 90.742539 0.000000 66.004348
17217 46.962762 0.000000 62.383948
1572 94.764419 0.000000 45.960650
11068 100.000000 43.322950 3.642851
17065 100.000000 43.072045 1.953537
17066 100.000000 43.562715 1.603767
2806 0.000000 79.305609 11.875452
7177 89.148972 0.000000 31.604699
9013 89.366583 0.000000 33.656421
5078 22.369018 92.636053 100.000000
5729 26.625636 98.561225 0.000000
6930 28.742368 98.392821 0.000000
10602 18.920588 96.366202 100.000000
9462 22.054548 95.767342 100.000000
2052 95.352063 8.937706 0.000000
5669 90.347152 5.240972 0.000000
12486 0.000000 12.000000 100.000000
7880 0.000000 13.000000 100.000000
10296 29.493504 63.991487 0.000000
12523 24.008165 63.289668 0.000000
6740 87.419390 0.000000 78.108869
6742 87.765097 0.000000 75.168217
7181 67.100932 89.132953 0.000000
7078 100.000000 49.494949 100.000000
13252 100.000000 42.853775 77.392010
5305 15.472401 79.842318 100.000000
3935 77.361551 0.000000 22.397984
5486 27.230725 99.102834 0.000000
13425 25.599301 99.140486 0.000000
736 57.189851 67.855466 100.000000
737 54.819320 67.355041 100.000000
1077 100.000000 8.337502 40.882993
846 0.000000 25.072529 45.851357
13181 0.000000 18.413500 52.547483
7075 68.099141 30.797653 100.000000
12322 100.000000 37.506651 69.994225
11187 100.000000 36.663057 69.493810
9799 100.000000 2.270567 88.965623
5374 100.000000 3.237858 87.143690
5373 100.000000 2.425465 93.690623
3217 3.167112 63.938775 0.000000
11139 7.282085 63.970398 0.000000
13366 30.757998 23.000378 0.000000
11538 100.000000 82.983479 83.669427
7789 0.000000 12.855384 49.822424
7790 0.000000 12.626482 45.209341
5353 56.972151 55.943940 100.000000
12238 100.000000 13.389489 13.932452
612 100.000000 77.701044 74.623311
611 100.000000 76.852116 69.840305
12557 47.994056 0.000000 28.265176
2295 100.000000 21.187132 75.569087
7743 15.844098 0.000000 19.839140
11702 44.261140 93.179487 0.000000
12084 5.388033 0.000000 34.253378
380 0.000000 63.106796 0.000000
378 3.988151 63.074615 0.000000
379 0.000000 62.135922 0.000000
12840 45.010728 98.128454 100.000000
4566 47.744660 96.334199 100.000000
12341 47.752511 97.572843 100.000000
10778 0.000000 49.744788 87.193678
297 95.954740 28.253051 0.000000
12390 66.327114 63.983902 100.000000
13784 0.000000 51.445781 82.169115
8885 0.000000 51.400810 80.068433
3542 66.034170 39.374966 100.000000
4454 64.896661 37.801602 100.000000
2469 100.000000 9.791372 58.969941
2468 100.000000 10.288780 55.368557
722 100.000000 65.470007 30.202897
721 100.000000 65.389643 21.453025
9705 56.183520 9.926620 0.000000
9706 55.304252 11.985690 0.000000
12842 88.660078 0.000000 31.739250
8801 0.000000 67.530140 37.842535
12858 0.000000 74.162650 48.554541
3711 100.000000 31.704898 20.447813
3710 100.000000 32.625894 22.444989
9641 100.000000 31.828257 24.214576
797 23.833991 22.881993 0.000000
8317 0.000000 83.072502 13.440450
5665 0.000000 83.527884 17.641683
5270 80.155803 49.594626 0.000000
6539 88.174401 0.000000 32.113267
9716 76.415015 71.110241 100.000000
7167 100.000000 14.601592 10.704798
8159 64.351691 59.327303 0.000000
12556 47.533570 0.000000 23.223315
10616 55.809711 0.000000 58.795809
7123 43.220050 96.791063 0.000000
4938 75.536872 61.156577 100.000000
9368 47.885141 0.000000 34.009810
10142 43.248441 45.665136 100.000000
3754 100.000000 14.263245 13.713188
9478 27.033920 10.236502 100.000000
6770 100.000000 56.713112 13.309317
17485 61.091468 100.000000 82.921212
3770 92.221677 11.494683 0.000000
7127 0.000000 88.179517 58.178874
5901 26.365268 98.967819 0.000000
5903 25.231270 98.835528 0.000000
979 0.000000 46.712958 34.624892
13433 0.000000 56.433361 16.185784
4186 18.975124 0.000000 69.542118
8157 69.537167 59.919282 0.000000
10085 0.000000 6.307613 59.025603
10196 0.000000 5.639203 53.152759
6736 19.843039 0.000000 37.951536
9340 84.084454 60.483434 0.000000
2003 59.369299 91.562441 0.000000
11301 17.051566 100.000000 80.406610
11300 13.964185 100.000000 78.446269
6069 17.804901 100.000000 88.002246
7916 100.000000 28.490683 52.315106
13544 0.000000 45.772246 85.773893
7487 66.228366 3.584123 0.000000
6415 63.829787 0.000000 0.000000
6414 62.765957 0.000000 0.000000
9243 51.814653 98.422339 0.000000
2456 49.642526 27.388765 0.000000
6517 11.726264 43.633419 0.000000
17639 9.149537 43.482554 0.000000
13436 0.000000 31.862056 86.590097
11471 1.914369 0.000000 26.781854
10571 1.151596 0.000000 22.710379
5609 69.773340 31.850976 0.000000
12221 42.892882 49.111865 0.000000
8774 39.235454 47.993907 0.000000
6373 21.173344 0.000000 90.132133
6509 53.060713 43.579236 100.000000
12022 54.994082 44.556992 100.000000
11539 100.000000 42.252849 50.912096
1584 100.000000 17.307692 0.000000
17068 100.000000 16.950701 2.063711
17069 100.000000 43.918578 2.422449
12874 8.834773 32.740347 100.000000
5368 100.000000 62.845444 34.735375
3674 0.000000 15.803192 86.163708
6206 0.000000 19.209912 41.576595
5862 0.000000 24.811949 21.742387
5861 0.000000 23.959038 19.208833
10570 92.320501 0.000000 74.206122
5467 31.116401 0.000000 18.314570
11975 79.959783 0.000000 30.912681
11063 100.000000 26.523937 88.604318
5040 25.741830 57.271511 100.000000
3337 26.755776 58.144800 100.000000
6016 19.849943 0.000000 21.076760
2065 0.000000 48.548887 77.471911
13281 49.422211 73.878415 100.000000
1455 100.000000 51.304160 84.943244
6164 100.000000 52.523345 88.516643
12130 5.123949 0.000000 68.431691
10589 5.105625 0.000000 66.258536
10486 5.448289 0.000000 67.365571
4963 43.855772 96.575484 0.000000
9683 95.188762 33.720951 100.000000
4587 100.000000 18.240775 53.367094
689 18.661607 9.765820 100.000000
688 16.922618 9.991486 100.000000
2248 100.000000 82.026910 86.049736
6595 88.503969 91.782494 0.000000
9753 42.063156 70.030961 100.000000
11506 0.000000 38.643080 56.954867
11507 0.000000 39.563352 56.760027
880 0.000000 39.124235 53.639822
9065 92.819961 0.000000 3.476365
9458 86.394770 15.939065 100.000000
11824 100.000000 19.511105 46.050910
7411 41.147637 97.296953 0.000000
7409 41.316822 97.079697 0.000000
6730 36.483996 99.354313 0.000000
4491 35.053059 99.555075 0.000000
2301 89.943867 77.645274 0.000000
8328 100.000000 43.713400 77.723731
13251 100.000000 43.291913 78.244880
18041 100.000000 43.417291 77.100035
8120 68.624511 37.391587 100.000000
4453 66.346307 36.689812 100.000000
11757 68.182438 35.881430 100.000000
10842 38.257889 87.605787 0.000000
3496 0.000000 22.355266 12.848083
7082 95.049449 31.047555 0.000000
897 0.000000 54.354314 56.448796
11208 100.000000 43.936591 73.907085
1336 100.000000 8.080808 100.000000
8767 0.000000 31.820385 77.946837
7436 0.000000 32.221015 75.500206
6604 100.000000 45.418418 12.227410
1416 80.680345 50.659872 100.000000
10080 22.505891 98.122723 0.000000
17517 89.080985 2.454552 0.000000
17550 88.377763 2.149752 0.000000
17516 88.790483 1.741478 0.000000
933 11.842969 39.769485 100.000000
10730 93.017839 0.000000 56.796648
4478 100.000000 23.141607 43.925247
12280 92.820478 92.143424 0.000000
1366 58.597556 0.000000 63.160870
9492 87.467812 92.188842 100.000000
13578 90.066999 91.988050 100.000000
6359 23.371944 65.540982 100.000000
10733 22.419424 64.620030 100.000000
11009 37.500000 100.000000 100.000000
13409 37.353354 93.678085 0.000000
7954 0.000000 49.381531 85.294230
3632 100.000000 77.790188 31.195547
17801 100.000000 78.183750 23.677345
11150 100.000000 76.966953 28.516866
17802 100.000000 77.551114 24.591698
17070 100.000000 10.995602 2.211746
12199 0.000000 63.000000 100.000000
9965 35.074425 94.510272 0.000000
7016 36.105553 94.058761 0.000000
4145 100.000000 52.408745 42.341219
10456 69.308613 0.000000 4.676133
5586 56.403502 0.000000 40.438710
2917 96.980053 0.000000 61.920047
13384 0.000000 45.599909 98.068373
4416 88.562666 0.000000 62.510270
12448 52.254482 49.442782 100.000000
2144 76.526475 0.000000 33.083614
4018 46.860085 10.717310 0.000000
6284 7.159050 0.000000 37.163678
7964 6.948423 0.000000 34.894429
6285 7.460237 0.000000 35.626475
11268 54.122709 0.000000 13.521943
1556 55.049063 0.000000 19.378918
12366 71.447119 17.983247 100.000000
9075 56.995629 93.288222 100.000000
888 56.437800 94.231470 100.000000
4109 59.870207 61.232626 100.000000
8559 100.000000 13.215241 62.022551
2280 36.949618 76.967707 0.000000
9973 53.059776 71.321860 100.000000
6906 46.389849 97.377443 0.000000
956 4.820765 0.000000 52.014035
12258 0.000000 44.655367 63.107740
3721 2.351638 42.084234 100.000000
3720 0.000000 43.000000 100.000000
12615 18.079149 0.000000 76.553718
9453 93.332380 0.000000 21.455719
12623 92.963857 0.000000 19.304021
4195 0.000000 83.108169 56.705325
17049 100.000000 60.915691 6.761749
17071 100.000000 60.576639 5.563911
17903 100.000000 61.070147 3.910292
6560 100.000000 35.353535 100.000000
8453 74.394716 0.000000 81.440980
10111 27.451293 0.000000 3.011221
5643 76.219187 2.817992 100.000000
16699 98.477791 4.058903 100.000000
16710 98.337584 3.499786 100.000000
11957 83.956979 45.242764 100.000000
68 0.000000 15.790782 41.508448
3452 100.000000 21.137517 80.023184
9023 0.000000 35.275118 91.783616
12724 0.000000 36.275129 91.514829
7442 100.000000 12.613396 62.801257
570 47.829316 9.017355 100.000000
572 46.941651 6.671524 100.000000
17766 100.000000 74.170484 7.361216
11729 99.109473 0.000000 79.947962
13805 98.746743 0.000000 84.172986
10441 98.222486 0.000000 78.324776
2563 0.000000 17.742181 32.836723
12065 36.074376 84.003971 100.000000
2548 0.000000 63.670595 23.426367
4827 87.990871 57.347133 0.000000
17297 85.444938 50.648807 100.000000
17335 1.744047 4.879914 100.000000
17336 2.309878 4.833103 100.000000
4176 0.000000 47.721648 11.397942
12300 7.161882 0.000000 61.650842
6419 6.950731 18.266329 100.000000
13233 10.135868 16.279701 100.000000
9913 95.882556 71.431030 0.000000
17803 100.000000 71.954901 22.411444
1306 100.000000 14.997289 53.625574
13040 100.000000 15.151785 49.997571
1307 100.000000 15.820598 51.965673
1409 22.561947 94.340409 0.000000
11249 100.000000 78.191495 90.881903
11247 100.000000 77.736210 83.612841
5099 90.761504 0.000000 14.012208
9833 100.000000 0.503561 88.872218
12849 55.184337 68.330563 100.000000
6128 92.370035 0.000000 18.832972
12415 33.419107 0.000000 35.213261
12274 32.648628 85.258034 100.000000
17641 2.852534 44.651147 0.000000
8000 100.000000 59.615385 0.000000
17913 100.000000 58.781002 1.316675
702 100.000000 58.653846 0.000000
7553 86.307841 53.037676 0.000000
10755 0.000000 81.037182 25.028271
11754 45.471944 97.053597 0.000000
6777 46.896440 96.998493 0.000000
13900 0.000000 83.022428 22.650985
13939 0.000000 82.536393 27.471274
944 0.000000 37.657169 22.292224
7908 0.000000 57.578883 5.847283
7001 13.713507 100.000000 62.151577
1354 55.234499 0.000000 12.227677
11117 48.198150 96.986804 0.000000
4142 100.000000 40.061918 83.386102
12392 43.417196 0.000000 32.305254
9821 55.499814 0.000000 39.931592
13494 0.000000 86.007962 60.524820
12606 100.000000 41.865441 73.612556
5780 95.728664 0.000000 90.275539
4116 0.000000 49.251767 87.502573
8932 93.715120 0.000000 11.923260
1887 0.000000 5.588157 27.015333
1885 0.000000 6.353838 32.573710
595 49.804895 100.000000 43.557642
17506 50.480240 100.000000 60.803332
17502 51.524843 100.000000 62.855058
2701 90.641133 94.804101 0.000000
13084 16.904876 42.454187 100.000000
6608 100.000000 13.353533 50.431454
4887 41.282174 46.167400 100.000000
6980 47.406036 96.442857 0.000000
6981 47.587246 96.774502 0.000000
10820 93.515651 85.702644 0.000000
13767 96.012263 86.262065 0.000000
1372 19.596296 55.268713 0.000000
17662 16.737834 54.906908 0.000000
17642 15.796092 55.516998 0.000000
11583 100.000000 5.377168 31.659722
11582 100.000000 6.127895 35.046321
10727 0.000000 65.270946 40.937815
11449 0.000000 65.802971 18.390593
7957 7.141951 0.000000 39.526882
10601 49.796352 0.000000 10.299739
2246 75.115436 46.039007 100.000000
9544 72.410720 46.086935 100.000000
5454 72.620002 44.747939 100.000000
17856 100.000000 99.256884 3.769160
17805 100.000000 98.738589 6.107433
16486 100.000000 99.250485 8.969207
13836 91.886788 12.438022 100.000000
9111 100.000000 0.924852 82.613633
9110 100.000000 1.200145 86.873475
4699 0.000000 15.045136 63.549885
3857 100.000000 43.405329 23.742969
5007 0.000000 40.708674 35.785199
2414 0.000000 41.029557 37.629503
1749 72.254794 47.372873 100.000000
7604 41.207607 34.089311 100.000000
8653 96.445725 84.910022 100.000000
17384 98.315035 85.400103 100.000000
8654 96.725063 85.972953 100.000000
2422 100.000000 4.646051 51.787027
5735 90.600697 0.000000 62.183808
7137 76.983973 0.000000 48.963896
18153 60.198433 98.556477 0.000000
18154 60.999246 98.479012 0.000000
16630 22.073028 0.000000 2.064224
16629 22.640824 0.000000 2.651562
2679 22.340426 0.000000 0.000000
16632 18.877053 0.000000 2.188376
2287 20.147867 0.000000 6.076545
16631 19.488155 0.000000 3.230830
11916 13.855531 0.000000 73.826841
5713 90.915573 0.000000 63.812403
4674 63.657099 28.076814 0.000000
9534 63.283470 25.777555 0.000000
1973 60.452571 26.292490 0.000000
1002 0.000000 17.792190 69.059278
162 0.000000 95.145631 0.000000
17644 1.579322 94.549493 0.000000
10861 0.000000 96.116505 0.000000
17643 2.144652 95.093670 0.000000
11196 0.000000 61.215098 63.318468
12434 0.000000 98.305116 5.166351
13374 0.000000 98.058252 0.000000
12950 0.000000 97.274541 5.257396
2495 0.000000 8.248354 28.376011
1948 8.682476 0.000000 80.571826
16533 0.000000 1.639798 2.423025
16561 0.000000 1.316195 2.834474
3520 3.492425 0.000000 77.033723
3521 3.656502 0.000000 72.207514
8257 0.000000 44.379786 81.044235
7110 37.758899 49.541661 0.000000
4060 11.377835 37.190633 100.000000
4062 10.804446 36.336635 100.000000
11345 13.437825 35.141678 100.000000
13386 31.230790 13.042946 100.000000
9134 13.831579 80.375895 100.000000
2581 70.912809 0.000000 77.009352
2580 71.344776 0.000000 76.214768
5673 71.256408 0.000000 78.922499
9605 75.428100 97.112096 0.000000
7083 96.402171 31.145682 0.000000
3996 25.157815 0.000000 46.290666
3543 67.096501 40.815803 100.000000
8522 62.989815 97.721882 100.000000
4531 63.806084 96.803026 100.000000
17104 100.000000 47.410322 1.836448
17019 100.000000 46.755672 2.402274
13394 100.000000 46.376870 5.208993
17074 100.000000 46.089766 2.874305
9401 0.000000 24.000000 100.000000
7518 60.031449 84.316598 0.000000
13792 17.877245 0.000000 33.419125
10556 100.000000 41.924976 11.650395
11091 100.000000 4.605865 29.121177
12831 100.000000 4.011103 32.711409
11092 100.000000 3.816177 26.977999
6610 100.000000 12.814433 45.856676
6609 100.000000 12.128373 50.608743
7547 100.000000 26.298882 71.694202
1726 100.000000 12.419973 40.809227
12678 100.000000 13.155275 37.544197
12497 80.216241 0.000000 84.680564
13575 42.285170 98.184303 0.000000
7044 0.000000 11.130767 69.568002
9465 0.000000 28.404697 24.286631
9037 0.000000 38.822799 81.220454
13123 0.000000 50.169699 48.879706
1028 90.001237 67.955006 100.000000
9264 90.098175 66.859162 100.000000
2105 100.000000 11.923429 61.322679
13704 100.000000 2.478027 78.871147
13689 100.000000 1.982620 84.951248
9112 100.000000 1.645384 80.805314
467 27.907667 0.000000 65.794607
17218 6.074690 0.000000 97.116655
12182 89.605137 0.000000 20.471392
1147 78.632904 59.683145 0.000000
2988 31.342978 64.690183 100.000000
3389 100.000000 68.723905 59.599438
8231 100.000000 68.122793 66.705537
4586 23.151203 0.000000 94.732980
11660 64.655239 73.432527 100.000000
833 56.688901 85.997037 0.000000
3092 59.058768 80.395219 0.000000
13354 26.357083 0.000000 46.553859
12548 25.921011 0.000000 48.202049
17551 91.413481 1.976940 0.000000
6631 100.000000 90.725288 56.720501
8871 11.638899 0.000000 33.773689
13434 13.455120 62.882605 0.000000
4073 100.000000 52.286664 55.460144
10763 31.499899 57.812693 100.000000
13690 100.000000 1.425259 91.208117
17705 100.000000 0.880496 95.843058
5084 0.000000 79.885880 35.956483
5144 0.000000 2.344758 11.557046
2791 91.169706 10.281354 100.000000
2337 0.000000 23.041549 4.168569
2336 0.000000 22.330097 0.000000
4582 76.926742 63.112765 100.000000
13732 36.558389 0.000000 13.522070
4211 89.871209 45.797062 0.000000
8430 92.359321 47.316200 0.000000
10270 64.653028 95.887071 0.000000
3610 100.000000 54.392825 66.979944
3609 100.000000 53.347606 64.014548
13069 10.122359 85.007313 0.000000
3505 100.000000 10.678608 89.695681
11818 42.823864 0.000000 93.575621
1802 43.820225 0.000000 100.000000
394 87.501663 0.000000 70.730229
4718 16.360709 22.681262 100.000000
7018 88.689021 25.050050 0.000000
210 52.795611 83.569777 0.000000
208 48.979350 83.885112 0.000000
8173 2.575649 0.000000 39.499818
7424 97.288857 30.852235 0.000000
13168 59.362616 70.255608 0.000000
1964 0.000000 23.149978 63.135067
1992 0.000000 23.873815 62.382720
6907 47.961695 97.417651 0.000000
7892 85.906324 0.000000 48.424977
7891 85.197623 0.000000 49.092356
9609 72.431216 84.800109 100.000000
2019 100.000000 4.929145 9.263623
4597 44.372827 38.728368 100.000000
4710 0.000000 41.121776 34.000667
1655 1.615586 0.000000 16.260214
1010 26.411056 97.067477 0.000000
1009 27.930620 97.292692 0.000000
9069 100.000000 26.967608 30.385628
3650 69.088349 51.941033 100.000000
5327 0.000000 40.430711 37.837415
13428 49.887202 51.110730 0.000000
8175 100.000000 21.094874 60.673289
6105 75.193666 53.144980 100.000000
8011 100.000000 18.245176 85.165718
7543 100.000000 17.538135 82.553620
12107 76.749220 0.000000 25.171608
13321 100.000000 18.181818 100.000000
16677 98.312921 17.057742 100.000000
5477 100.000000 48.042839 83.523841
5476 100.000000 48.725410 87.941337
4957 0.000000 12.559033 53.676113
10715 0.000000 45.103349 80.155508
10716 0.000000 45.606332 81.547506
161 3.837388 94.161955 0.000000
13177 26.944737 22.694764 100.000000
8378 27.392981 20.930712 100.000000
8852 70.987057 0.000000 53.354057
4188 70.295033 0.000000 53.546554
13617 100.000000 42.699815 23.199216
11203 72.055632 3.767722 0.000000
10118 24.317114 0.000000 35.141694
7315 24.066901 0.000000 36.867578
11619 23.845911 0.000000 34.290051
1712 0.000000 37.057552 70.722438
10008 0.000000 85.721161 56.028766
13678 36.263266 93.321825 100.000000
6191 11.057790 91.658146 0.000000
8439 93.860175 0.000000 34.090963
10702 70.019912 65.636548 100.000000
10025 18.238448 0.000000 55.980089
7539 95.667125 64.094934 0.000000
10770 100.000000 64.423077 0.000000
5636 61.096473 77.031881 0.000000
5637 56.331676 76.781145 0.000000
17426 23.664372 100.000000 6.570179
17075 100.000000 32.042341 2.098152
822 0.000000 9.552248 35.163537
2072 0.000000 10.247258 32.103163
823 0.000000 9.297303 30.268343
9617 17.842158 96.631407 0.000000
11785 20.577876 96.547621 0.000000
4483 37.663413 80.459712 100.000000
6291 11.723296 96.875738 0.000000
18151 58.529641 98.528239 0.000000
10838 84.468094 0.000000 49.566866
10322 65.591133 0.000000 67.263987
17219 26.976621 0.000000 96.295390
17236 26.634676 0.000000 96.808618
9090 89.887640 0.000000 100.000000
16625 90.371778 0.000000 98.037082
12346 100.000000 23.198823 67.743286
677 100.000000 22.648589 70.645256
8423 65.920639 52.486037 100.000000
13162 100.000000 38.880927 70.495119
2430 15.053351 97.646042 0.000000
12551 14.956322 97.047509 0.000000
7261 3.445103 8.531523 100.000000
12354 0.000000 0.000000 82.352941
9619 15.936427 96.369815 0.000000
7746 10.912344 95.491868 0.000000
13584 15.183704 95.103086 0.000000
7314 23.814318 0.000000 38.868312
7745 13.472688 95.978357 0.000000
12748 0.000000 38.694256 74.806276
8557 19.481992 0.000000 33.009372
8290 19.296283 0.000000 28.490794
1777 47.216645 89.247328 100.000000
12268 2.515475 0.000000 30.784448
11154 76.054182 1.841937 0.000000
10179 50.309239 49.006452 100.000000
10178 52.328794 48.481659 100.000000
12981 7.531204 30.524023 100.000000
11102 70.268546 62.930596 100.000000
2130 69.462549 61.948484 100.000000
9811 57.212440 58.380921 100.000000
18228 14.283956 2.809362 100.000000
18227 14.694510 2.807213 100.000000
1501 28.374464 98.896266 0.000000
9216 0.000000 29.593675 83.589516
4423 0.000000 2.119374 54.999046
2775 40.503034 68.998901 100.000000
71 57.551423 67.254352 0.000000
12054 49.045149 33.238350 100.000000
1095 51.270330 33.001319 100.000000
372 56.015966 86.585331 100.000000
10047 100.000000 46.865930 90.745448
11981 65.841088 8.621102 100.000000
6108 91.622162 8.709632 100.000000
8184 88.495791 5.900644 100.000000
4791 72.392970 0.000000 28.356472
8413 96.101792 66.432831 0.000000
8411 92.632607 66.583516 0.000000
10217 31.016253 66.721277 100.000000
6498 82.970977 0.000000 41.751869
5207 23.425961 91.520274 0.000000
12610 2.423268 0.000000 78.023002
11849 77.722682 32.915681 100.000000
11935 0.000000 36.902629 49.275448
4492 32.414688 99.675607 0.000000
7797 90.278844 0.000000 34.656252
1590 0.000000 40.444260 20.332684
13539 100.000000 3.049036 25.143350
5914 100.000000 14.860898 41.748584
8965 100.000000 15.652574 43.956197
1879 41.683941 14.749439 100.000000
1846 0.000000 32.614960 35.774239
9310 20.142106 25.105804 100.000000
4624 22.363050 24.703976 100.000000
11854 20.102308 26.484580 100.000000
9336 83.739790 0.000000 40.848935
4177 57.367239 0.000000 17.154475
6594 89.438996 92.761668 0.000000
2056 0.000000 42.712711 15.949159
6979 100.000000 17.570394 32.899692
9446 50.146903 47.823544 100.000000
7147 0.000000 93.198227 74.354657
9412 0.000000 93.497294 66.751013
11373 100.000000 39.067221 40.530036
8491 100.000000 38.603936 38.876398
11851 30.585061 98.287719 0.000000
911 0.000000 84.312370 46.682993
910 0.000000 84.229252 40.952909
7492 73.638053 57.196259 100.000000
4686 100.000000 28.144007 44.443831
16745 65.913919 100.000000 26.572739
16762 67.878457 100.000000 24.125088
16763 68.751209 100.000000 14.846153
751 0.000000 18.303332 29.321791
10578 52.309957 66.950223 0.000000
1524 4.925163 0.000000 70.555714
2270 47.797283 68.076235 100.000000
2271 47.416386 66.917504 100.000000
9917 29.513066 46.326022 100.000000
11606 100.000000 46.427102 17.988274
9900 10.664696 10.336075 100.000000
8210 35.712990 0.000000 66.361975
8660 0.000000 64.270878 16.253289
8661 0.000000 65.086385 15.114014
7368 0.000000 64.376935 12.127831
6918 100.000000 44.864646 73.226763
10238 54.446870 13.551272 0.000000
10709 100.000000 52.211806 28.563981
5566 5.063544 0.000000 21.616260
1853 80.667468 82.240405 0.000000
8513 23.633409 96.450315 0.000000
912 0.000000 85.144329 42.764412
5593 51.045958 83.359096 100.000000
3175 0.000000 54.956294 9.518300
3176 0.000000 55.253229 5.993574
3177 0.000000 54.283557 7.355685
8677 100.000000 13.027242 32.449264
6782 0.000000 85.055124 37.399453
4777 88.784499 79.014766 100.000000
4779 90.168754 79.841197 100.000000
4165 87.712322 79.762325 100.000000
465 26.982363 0.000000 65.481379
466 27.279985 0.000000 62.219154
10014 32.686949 61.655569 100.000000
7599 33.562848 99.433281 0.000000
8391 100.000000 2.044174 74.736218
5314 19.099847 0.000000 5.053991
16633 18.563219 0.000000 2.657057
16570 18.190871 0.000000 3.385862
10641 53.079546 61.784423 100.000000
3122 0.000000 4.854369 0.000000
17417 98.390161 86.464596 100.000000
17385 98.686052 86.112985 100.000000
17632 2.843388 47.758067 0.000000
7111 0.000000 73.786408 0.000000
10544 100.000000 18.269231 0.000000
3769 95.975973 14.256027 0.000000
11405 0.000000 41.806974 53.532389
6165 100.000000 51.941020 82.212826
8832 100.000000 52.454340 77.991102
1499 30.541987 98.819382 0.000000
2224 49.770136 72.548232 0.000000
11838 0.000000 55.178295 71.908433
8475 15.625000 100.000000 100.000000
11351 20.294971 23.349782 100.000000
5908 20.830236 21.390059 100.000000
10651 82.290699 63.282947 100.000000
10868 42.894137 74.434380 100.000000
11159 40.397514 74.716472 100.000000
4394 32.687985 86.083707 100.000000
10665 34.779025 85.619709 100.000000
9311 23.169863 22.275092 100.000000
1353 56.502330 0.000000 10.563233
5667 56.195597 0.000000 17.963162
3157 0.000000 37.353552 18.878230
6559 98.002833 34.427900 100.000000
16665 98.584608 12.672879 100.000000
8739 0.000000 65.357113 32.556223
5910 22.573682 21.080255 100.000000
10586 6.565098 0.000000 80.209138
3254 12.855683 48.749452 100.000000
103 0.000000 97.779804 70.582768
9781 0.000000 97.857768 77.185695
11585 100.000000 38.772948 57.128436
4389 100.000000 36.329165 97.922066
3472 53.335348 69.662247 100.000000
12838 25.134456 22.566591 100.000000
4339 0.000000 77.083917 30.380760
7531 0.000000 14.991517 56.883561
6218 26.271253 65.322781 100.000000
7793 71.264519 0.000000 38.333758
3094 0.000000 49.376666 83.042692
3466 0.000000 49.463156 83.726032
9949 0.000000 49.572237 83.254963
3343 100.000000 29.199174 60.995300
1728 41.100418 0.000000 65.125682
561 69.616529 0.000000 54.233185
1797 40.842360 92.973803 0.000000
3275 72.419820 46.752604 0.000000
5448 30.256020 0.000000 39.989405
5449 29.379895 0.000000 39.479372
12171 0.000000 21.564354 52.523370
9207 0.000000 22.633928 52.983211
8067 43.234734 1.786979 100.000000
11649 51.661376 0.000000 23.112711
5969 0.000000 96.643016 90.306752
4006 0.000000 95.799769 86.110118
8962 5.286314 100.000000 86.553498
136 26.834399 75.055840 0.000000
135 22.249125 74.587752 0.000000
8908 69.654397 93.439175 0.000000
8909 68.257573 93.917303 0.000000
11914 11.458802 0.000000 81.730625
10568 12.136671 0.000000 86.271808
10451 65.555588 94.096049 0.000000
8747 68.809587 94.486591 0.000000
13127 87.417954 0.000000 73.063785
10746 8.789875 0.000000 68.971750
9030 100.000000 91.346154 0.000000
17806 100.000000 91.035843 9.279302
13890 100.000000 39.482983 42.166381
13117 100.000000 39.630997 40.219477
10148 83.978825 0.000000 95.965083
4927 13.393308 63.159242 100.000000
4928 11.163339 63.312779 100.000000
13046 80.305537 62.478273 100.000000
9780 78.118083 61.730306 100.000000
13774 100.000000 29.336602 52.752874
8180 0.000000 56.586758 2.697004
13601 0.000000 57.281553 0.000000
7642 65.382104 48.762799 100.000000
7039 65.128492 47.469568 100.000000
1102 16.957335 99.013349 0.000000
7305 9.790616 99.352976 100.000000
8476 12.500000 100.000000 100.000000
1403 0.000000 91.742179 64.599324
6298 32.518213 54.762422 100.000000
3977 0.000000 95.000000 100.000000
16509 0.000000 95.501350 96.503781
2758 47.747700 1.558424 100.000000
1209 80.267862 72.567598 0.000000
2453 85.851676 73.193709 0.000000
1952 0.000000 22.969055 29.856106
10383 94.680851 0.000000 0.000000
11816 93.892412 0.000000 3.478483
10718 81.501130 96.214778 100.000000
11 100.000000 39.366562 44.089319
1533 0.000000 45.864490 79.328833
1532 0.000000 46.021341 76.577791
412 0.000000 45.270123 77.609172
5189 36.023223 66.849700 100.000000
1765 96.996429 51.093568 100.000000
1766 96.573691 52.066767 100.000000
16833 96.770843 94.111450 0.000000
16834 97.266287 93.784846 0.000000
444 81.687303 25.329877 100.000000
5030 62.410722 94.313504 0.000000
8478 62.386152 93.665864 0.000000
11064 100.000000 27.391716 89.371895
13320 100.000000 41.287605 27.609689
2727 100.000000 41.068467 29.673561
7548 100.000000 25.872616 74.910877
12399 86.874667 0.000000 34.936983
12400 87.086537 0.000000 32.650066
8490 100.000000 39.212791 38.363769
6726 6.598829 0.000000 16.535090
6941 43.483232 0.000000 25.425661
3700 0.000000 7.888196 16.702985
7820 24.377465 94.806984 100.000000
8964 8.908487 100.000000 90.716775
11127 100.000000 47.973563 31.138628
11128 100.000000 48.127213 28.135970
17497 52.941006 100.000000 60.040036
12625 49.599309 66.329097 100.000000
6175 0.000000 51.580072 55.366849
7209 2.804450 88.802096 100.000000
10182 5.262949 89.413444 100.000000
4042 0.000000 21.359223 0.000000
13855 0.000000 21.947650 4.232502
5458 54.242799 0.000000 69.549300
12964 41.985299 83.878016 100.000000
13081 35.075582 56.075907 100.000000
7320 36.721727 56.638977 100.000000
4277 80.824965 82.277576 100.000000
4276 81.720501 81.427061 100.000000
1401 9.503972 98.461005 100.000000
8115 0.000000 32.527776 30.123657
16511 0.000000 96.866920 95.584817
12731 0.000000 96.000000 100.000000
16512 0.000000 97.393326 96.042327
14075 2.420722 100.000000 93.392275
7282 3.660601 100.000000 89.679514
16829 25.290475 7.841759 0.000000
1383 22.674222 0.000000 34.082168
1381 22.036953 0.000000 31.615043
9909 0.000000 7.766990 0.000000
16594 16.636779 0.000000 4.293764
6641 31.179845 18.276117 0.000000
5505 28.923685 0.000000 83.859013
3804 0.000000 75.135284 47.108681
3803 0.000000 76.040253 44.762873
13308 39.709118 12.261577 100.000000
6627 8.735246 0.000000 45.782219
2838 0.000000 52.449232 33.253485
4421 100.000000 6.035790 23.672364
11029 9.649616 0.000000 54.365185
8754 0.000000 32.808047 38.532157
12788 0.000000 47.616057 38.880891
4790 29.625296 59.761010 100.000000
10876 59.265735 0.000000 32.195925
329 100.000000 84.401319 45.936014
4405 0.000000 73.438682 64.518727
334 0.000000 73.763934 70.031991
2447 92.557089 0.000000 56.216199
18086 17.553857 11.459097 0.000000
16415 12.361296 16.623626 0.000000
10357 0.000000 32.782964 61.210295
10329 0.000000 30.367805 16.280446
8053 0.000000 84.377636 30.023236
10422 5.896633 30.873670 100.000000
4065 93.919867 29.413971 0.000000
7145 85.431364 12.800971 100.000000
13061 0.000000 64.687280 60.569013
1099 100.000000 28.927158 55.285011
4189 69.752109 0.000000 50.656456
5563 96.129914 0.000000 62.057398
2964 100.000000 60.576923 0.000000
13218 6.800033 11.645397 100.000000
6140 31.881727 99.309933 0.000000
2688 23.299729 0.000000 27.530234
9777 0.000000 62.660828 62.831566
6763 100.000000 34.068470 44.963851
7650 91.819120 0.000000 51.195516
6738 19.068449 0.000000 40.506048
6119 18.154097 0.000000 38.456115
1166 50.871498 99.551326 0.000000
1167 52.032443 99.317046 0.000000
1165 49.525881 99.255223 0.000000
13316 100.000000 31.003569 25.985744
6193 12.227007 90.776547 0.000000
3052 100.000000 46.113314 70.259677
13285 0.000000 7.433887 84.508078
8471 89.647568 0.000000 60.193954
10005 37.085089 5.489931 100.000000
2894 45.264290 88.787974 100.000000
11874 0.000000 71.354440 54.651320
7130 70.261235 88.965995 0.000000
10635 52.564496 0.000000 18.538061
8056 58.331614 0.000000 86.269303
17706 100.000000 1.675865 93.816244
9798 100.000000 1.010101 100.000000
17711 100.000000 1.247930 95.216855
4966 57.776788 0.000000 11.182872
3086 57.254683 0.000000 6.211805
6014 0.000000 10.394140 45.275727
8569 20.616002 80.835205 0.000000
3708 100.000000 10.567432 75.118126
16641 80.248211 0.000000 95.316745
18164 80.017887 0.000000 93.047763
18209 80.489401 0.000000 92.927983
1096 52.635699 34.314341 100.000000
8593 0.000000 50.518216 81.266375
6845 100.000000 10.896996 78.353462
4930 37.952250 0.000000 13.448173
7185 0.000000 50.558322 80.040725
6741 87.011022 0.000000 75.019618
2409 100.000000 1.488176 59.139072
17284 30.773148 3.955282 100.000000
17300 31.810236 3.487947 100.000000
17272 32.862342 3.119603 100.000000
8694 75.000000 100.000000 100.000000
850 89.309687 0.000000 54.807893
18066 89.643529 0.000000 54.312614
12309 19.126590 0.000000 23.716447
9596 0.000000 100.000000 0.000000
12871 0.000000 99.029126 0.000000
17185 0.000000 99.094056 2.784259
12220 0.000000 34.124982 2.821552
1135 23.739074 47.056599 0.000000
5484 0.000000 90.653510 66.527267
3205 58.287875 81.359338 0.000000
9603 71.542677 96.933295 0.000000
17935 0.000000 43.941956 36.696517
6546 0.000000 34.000000 100.000000
17153 0.000000 34.392099 97.399912
17154 0.000000 33.714725 97.863082
1478 0.000000 34.753839 94.653662
17173 0.000000 35.004521 96.891711
8390 100.000000 2.920368 72.824235
9431 100.000000 40.682596 87.882566
1410 21.863426 95.007273 0.000000
10756 19.065763 94.708134 0.000000
1024 0.000000 50.662238 82.365907
1743 75.526123 57.545690 0.000000
3095 0.000000 49.098348 82.744677
7996 0.000000 62.216945 36.736004
6651 100.000000 48.258512 80.068510
8442 12.038914 0.000000 53.766856
132 84.726854 33.346944 0.000000
10972 18.919769 97.472840 100.000000
6987 100.000000 11.591278 75.242680
2267 22.136688 41.260844 100.000000
17807 100.000000 92.604563 43.949225
13427 56.971132 7.943529 0.000000
9198 55.922352 5.201246 0.000000
12029 77.361118 100.000000 72.284353
17456 77.081760 100.000000 88.404563
17646 12.074061 51.103125 0.000000
6675 16.505641 51.376852 0.000000
6674 15.127398 50.047750 0.000000
5428 100.000000 11.600775 80.084922
528 0.000000 76.712249 33.960165
8857 72.176659 11.641026 0.000000
5347 13.586118 84.258279 100.000000
12970 46.271481 99.461008 0.000000
4193 0.000000 83.632977 51.385185
7245 22.213366 0.000000 92.998749
17220 22.010591 0.000000 96.876167
17221 22.534382 0.000000 96.365643
12706 100.000000 53.539421 94.448583
8831 100.000000 51.437656 73.196647
8830 100.000000 51.426787 77.552284
7017 86.376500 22.845019 0.000000
10414 33.970265 56.976380 100.000000
5826 80.157695 86.172742 0.000000
8636 0.000000 29.126214 0.000000
5562 95.663931 0.000000 65.243216
8877 100.000000 71.344011 54.345831
13796 40.425872 46.972100 100.000000
8695 73.715121 100.000000 69.068795
16729 70.742601 100.000000 71.914707
17465 72.820353 100.000000 85.168614
17464 75.482499 100.000000 82.803592
17466 74.254493 100.000000 84.260250
5213 60.638298 0.000000 0.000000
5214 61.200315 0.000000 5.139370
13736 100.000000 39.133702 55.256908
11545 17.091288 26.294570 100.000000
1715 0.000000 19.417476 0.000000
1883 100.000000 40.485112 32.804949
11024 22.478011 97.718673 0.000000
2521 85.676778 91.321950 100.000000
7202 44.482500 86.292016 100.000000
11576 0.000000 52.253351 44.895991
1097 50.492814 34.409098 100.000000
4944 0.000000 23.161311 16.244956
11283 12.947294 0.000000 75.892154
10692 0.000000 71.018988 3.990107
2256 0.000000 98.442804 37.922887
3598 46.425388 14.768315 100.000000
9972 48.033753 14.526237 100.000000
13744 47.182118 16.462860 100.000000
8036 41.268361 0.000000 73.130692
5046 40.095078 0.000000 69.337437
5364 100.000000 17.080243 28.758284
11630 23.597878 30.932613 0.000000
4224 23.951242 32.645905 0.000000
10939 61.237110 78.098164 100.000000
12245 78.235521 62.586454 100.000000
8183 71.084550 44.835304 0.000000
3196 66.226872 45.458929 0.000000
12702 27.236479 0.000000 39.470721
11077 46.491233 40.116577 100.000000
18042 89.839420 0.000000 59.531563
5319 23.314375 0.000000 70.883781
13426 100.000000 54.166541 61.066670
12253 53.208786 0.000000 14.260433
9819 53.200672 0.000000 7.442405
1705 96.647110 22.954842 0.000000
8419 9.612962 0.000000 73.006190
6632 100.000000 90.735869 41.168366
3032 100.000000 47.364146 63.867874
5197 58.403388 63.970887 0.000000
5196 55.540587 63.034120 0.000000
4074 100.000000 52.358506 60.684003
8207 9.079570 30.441428 100.000000
4228 3.803011 89.218452 0.000000
5259 0.000000 9.353410 96.639679
8708 92.048277 0.000000 95.670611
6208 100.000000 40.335605 92.254917
6209 100.000000 41.063044 90.848677
3544 64.567301 40.272334 100.000000
5240 0.000000 49.949069 83.639388
8014 25.456630 66.008286 0.000000
10017 100.000000 1.544844 70.552662
10018 100.000000 1.242486 76.786161
4024 94.239084 0.000000 44.239074
16728 68.547361 100.000000 73.470385
12160 8.484952 28.813211 100.000000
11922 51.389123 98.572462 0.000000
17993 51.551592 98.685682 0.000000
11782 10.605993 9.135126 100.000000
2520 82.474134 91.276995 100.000000
7732 100.000000 24.315585 78.117165
11430 100.000000 25.355082 78.265177
12002 8.380930 0.000000 32.701306
11502 8.610941 0.000000 26.765966
11876 9.191273 0.000000 28.184376
5039 24.584188 56.230326 100.000000
2979 100.000000 35.019906 68.612375
1831 100.000000 11.956507 56.494994
5844 16.600358 94.297759 0.000000
18169 99.378126 0.000000 89.079482
18170 99.370014 0.000000 84.899657
13849 100.000000 0.000000 94.117647
18171 99.455977 0.000000 93.421180
7834 79.933039 0.000000 65.338559
1123 0.000000 33.627161 66.162838
196 0.000000 32.925030 67.904570
13074 100.000000 78.184795 8.197896
9540 0.000000 0.638243 10.484561
8357 0.000000 0.000000 5.882353
1148 73.272474 59.498533 0.000000
5569 100.000000 50.961538 0.000000
17045 100.000000 50.865242 3.013852
17077 100.000000 50.393169 1.989928
5570 100.000000 50.000000 0.000000
17078 100.000000 50.016129 2.260948
8386 30.835086 45.250804 100.000000
6449 28.399843 45.158708 100.000000
10812 74.202338 0.000000 42.102292
7479 74.424341 0.000000 45.916072
17386 98.712304 74.032679 100.000000
12618 94.287934 73.456064 100.000000
10789 100.000000 38.441052 58.923084
6426 100.000000 24.132757 6.589846
10096 8.510638 0.000000 0.000000
16611 8.792812 0.000000 3.153051
16634 8.296587 0.000000 3.141004
2989 31.657345 63.727077 100.000000
10428 0.000000 52.021940 19.045090
13036 47.856104 73.191131 100.000000
13282 50.136232 72.834630 100.000000
4669 71.811257 0.000000 22.112424
6076 95.181735 40.679739 100.000000
6077 95.074672 41.687060 100.000000
9803 55.431972 92.973720 0.000000
8397 52.905312 93.396970 0.000000
9087 0.000000 58.521523 56.333266
12464 0.000000 27.700243 86.916451
9762 0.000000 26.831875 86.124945
7121 83.603766 9.196090 100.000000
4419 100.000000 6.151016 29.447607
4420 100.000000 5.272797 26.220621
9788 80.088187 61.797675 0.000000
11982 18.835618 0.000000 35.681712
9759 74.737313 1.215255 100.000000
13150 71.119533 0.000000 82.072640
3187 70.302535 0.000000 82.607274
13604 70.641758 0.000000 79.151994
3186 69.825718 0.000000 78.151750
426 23.259397 0.000000 45.906154
8435 100.000000 69.969330 33.627796
6715 100.000000 48.901816 44.551171
6716 100.000000 49.897521 46.195220
6717 100.000000 49.028809 48.347189
4976 100.000000 4.777548 33.528055
11662 34.712424 76.054112 100.000000
6673 20.969196 49.885706 0.000000
2786 100.000000 46.436288 37.540363
905 25.893837 94.152820 0.000000
6921 24.338258 96.802472 100.000000
5601 82.122595 0.000000 95.736853
13227 48.750837 85.926384 100.000000
8611 30.375157 65.261521 0.000000
10427 18.246464 83.327604 0.000000
4914 4.357438 0.000000 49.267281
10024 77.988385 0.000000 6.807746
17256 77.041828 0.000000 4.181747
17257 77.420017 0.000000 2.867022
17253 76.382050 0.000000 3.401580
13029 6.889218 12.750462 100.000000
18172 99.205737 0.000000 94.278643
12293 89.770809 85.099010 0.000000
7268 0.000000 98.002878 27.392609
3155 0.000000 4.000000 100.000000
18067 81.742141 0.000000 24.894846
1548 66.236015 64.984174 0.000000
5756 61.085329 64.869767 0.000000
9440 0.000000 51.647435 42.780684
2845 0.000000 52.633127 78.535707
993 0.000000 33.024100 11.634686
1051 58.377341 11.114384 0.000000
5993 100.000000 24.931203 29.227941
1702 100.000000 44.580035 91.001813
8912 91.602013 0.000000 37.398235
5288 52.581093 0.000000 62.791403
6012 0.000000 9.751527 40.487219
1830 0.000000 33.533836 8.402248
1042 0.000000 33.445195 5.142209
11725 0.000000 85.684175 34.388303
4058 69.147486 6.734640 100.000000
9597 100.000000 39.631305 47.172637
16513 0.000000 0.373574 5.599684
5841 100.000000 46.500129 79.661730
8895 35.525020 97.831051 0.000000
6202 71.687015 79.188541 0.000000
13092 26.017479 83.861607 100.000000
5851 73.584488 0.000000 9.345136
12719 57.550372 77.663943 0.000000
1646 62.367047 78.004040 0.000000
7680 10.837111 20.819216 100.000000
17255 48.835402 0.000000 67.155171
17388 98.680376 91.453567 100.000000
17389 98.350547 91.946136 100.000000
5110 0.000000 11.856124 40.840944
860 100.000000 18.115605 88.716944
8057 90.590040 82.215757 100.000000
2614 88.236782 82.474094 100.000000
2706 100.000000 30.049692 67.183213
12419 18.200231 78.177727 0.000000
2277 14.657840 78.708317 0.000000
12187 100.000000 24.113975 22.319742
8033 81.574370 7.050030 0.000000
17777 100.000000 69.123335 7.164426
17809 100.000000 69.620410 5.078910
17810 100.000000 69.919512 6.196159
8707 93.670225 85.999522 100.000000
8534 94.197874 85.080746 100.000000
1550 71.470570 65.095455 0.000000
2435 5.232889 0.000000 54.449113
10386 67.369088 0.000000 19.331671
5334 67.263407 0.000000 23.697416
12574 48.468717 84.921327 100.000000
6652 100.000000 47.341529 79.975734
605 10.163640 0.000000 94.811904
16452 4.007481 3.578211 100.000000
16457 3.631129 4.397811 100.000000
17338 2.320842 5.177741 100.000000
1303 79.030190 86.503433 100.000000
9709 69.295484 97.325470 0.000000
12151 100.000000 41.552625 25.357168
2844 0.000000 51.998849 76.209821
12576 0.000000 51.788900 78.500917
5975 81.423849 75.955522 100.000000
11680 54.496228 72.037975 100.000000
7172 28.363659 0.000000 93.054951
6044 28.694270 0.000000 88.750674
11450 38.980619 86.065451 100.000000
10667 37.194701 85.130041 100.000000
13432 100.000000 40.543018 65.438453
8464 100.000000 40.310989 67.249035
2959 7.595403 35.911575 0.000000
7257 100.000000 35.526253 84.782148
4583 100.000000 97.115385 0.000000
17824 100.000000 97.766321 8.782166
17825 100.000000 97.234675 9.453312
4536 100.000000 96.153846 0.000000
17811 100.000000 96.694834 9.697625
17812 100.000000 96.032673 9.838046
2494 78.313723 0.000000 67.248907
8109 0.000000 11.650485 0.000000
39 0.000000 10.667308 3.075938
9737 100.000000 33.121542 16.008893
9736 100.000000 32.842815 13.565406
5958 0.000000 29.286007 33.234779
11042 100.000000 32.794016 44.725944
11041 100.000000 33.130725 42.570866
4945 0.000000 23.410130 12.304678
1069 48.938389 81.557286 100.000000
13333 11.427673 33.176823 0.000000
8554 0.000000 58.354585 21.711110
3824 0.000000 45.920897 68.421319
7290 0.000000 45.147059 85.323570
1124 0.000000 32.910000 64.768899
194 0.000000 32.220833 66.501268
1469 0.000000 23.910527 8.456240
1398 0.000000 43.299351 40.552539
3762 0.000000 43.681825 40.274569
12783 13.546230 28.630641 100.000000
6914 12.042795 28.452123 100.000000
917 14.984974 26.388712 100.000000
4412 0.000000 47.436463 65.989915
323 0.000000 47.567468 68.318238
324 0.000000 47.968134 66.833733
796 18.968408 25.888823 0.000000
569 37.804445 76.519480 100.000000
9755 90.149359 20.480124 0.000000
2142 0.000000 46.216784 66.309331
12012 92.162032 87.784220 100.000000
13652 92.921692 86.890656 100.000000
1941 47.014842 98.875128 0.000000
4995 100.000000 45.265891 66.892043
357 87.734851 86.072826 100.000000
7975 93.687667 55.768461 0.000000
2425 100.000000 0.713173 73.194614
2426 100.000000 0.000000 76.470588
6813 58.488361 52.625240 100.000000
94 38.816788 93.983883 0.000000
11260 24.124704 54.061913 100.000000
13479 93.547468 0.000000 29.100033
13898 93.800114 0.000000 26.417063
13169 95.043485 0.000000 55.539369
10430 0.000000 45.291066 96.525605
4911 72.876076 65.464026 100.000000
3841 0.000000 43.898159 39.138965
9914 0.000000 50.701154 14.743842
8845 0.000000 51.427009 16.900078
3033 100.000000 48.218608 64.333054
11858 100.000000 3.347727 29.553875
11810 2.560354 0.000000 26.675514
7334 0.000000 57.244421 16.999193
7730 0.000000 48.948091 73.876002
2687 23.717282 0.000000 29.174175
2360 24.238181 0.000000 30.276869
10745 23.766027 0.000000 31.598615
16635 80.876461 0.000000 96.272023
12747 50.956424 55.006459 100.000000
10627 48.853262 54.849351 100.000000
4127 71.611286 0.000000 41.632596
10295 35.275197 64.566549 0.000000
5716 45.399420 97.540154 0.000000
4415 3.304827 78.851466 0.000000
17467 93.754179 100.000000 93.705761
7456 62.435422 41.836673 0.000000
12088 92.422558 0.000000 12.791872
12167 94.386679 2.947844 0.000000
17552 92.924608 1.468333 0.000000
5187 90.480456 0.000000 16.971926
5972 89.926004 0.000000 15.167253
11601 88.188139 91.379662 100.000000
8304 9.047222 0.000000 25.111247
9529 14.550444 76.095750 100.000000
8546 100.000000 40.029176 71.489394
17371 98.518130 98.542323 100.000000
17402 98.711123 99.080528 100.000000
6785 42.461699 78.478913 100.000000
10225 100.000000 31.150087 29.612846
13764 100.000000 30.251466 27.881511
58 7.251611 0.000000 32.812058
13254 12.617202 76.242283 100.000000
3731 0.000000 27.584695 60.121231
17439 39.507805 100.000000 43.182702
17440 41.515985 100.000000 49.625662
9662 86.871374 0.000000 27.388947
13858 86.045558 0.000000 27.799479
16591 20.856479 0.000000 2.269002
2681 21.276596 0.000000 0.000000
16636 21.477721 0.000000 3.074722
733 45.639253 93.370347 100.000000
2041 93.352394 38.730433 100.000000
13001 73.791389 0.000000 48.372162
5523 0.000000 39.793207 89.740659
521 100.000000 43.512549 44.243459
17222 3.985689 0.000000 96.546564
8359 4.494382 0.000000 100.000000
17223 4.541046 0.000000 96.298212
13463 100.000000 0.582491 78.814524
4522 73.927076 19.426471 0.000000
5224 41.776218 89.734923 100.000000
1776 44.819938 89.551661 100.000000
8091 0.000000 22.677852 8.474694
17647 3.864320 51.734094 0.000000
7928 88.699646 0.000000 68.976490
1614 100.000000 42.199279 44.197671
12143 100.000000 42.668458 45.326322
12192 100.000000 51.635569 31.069469
7252 0.000000 60.062184 52.227742
13829 0.000000 52.092364 10.297879
6523 73.033708 0.000000 100.000000
2623 49.145596 99.022381 0.000000
18144 50.675686 99.095674 0.000000
10906 61.456043 96.007675 0.000000
8938 23.762934 87.701570 0.000000
9795 5.071545 0.000000 44.515536
7566 100.000000 10.229927 63.510086
3097 9.224621 62.689118 100.000000
10877 32.736794 95.116792 100.000000
1080 0.000000 63.599301 62.748395
16839 6.820654 26.388524 0.000000
700 100.000000 57.692308 0.000000
790 100.000000 56.730769 0.000000
7976 93.987302 56.920239 0.000000
786 84.172543 14.946937 100.000000
874 12.951044 21.210093 0.000000
11525 60.445149 72.271322 100.000000
2790 92.175828 11.966563 100.000000
1344 0.000000 49.612169 41.584494
12835 0.000000 21.978513 40.055677
1882 100.000000 39.886945 31.715264
3301 100.000000 27.055644 21.641263
9535 62.884449 23.753070 0.000000
60 0.000000 86.812055 27.901023
11656 18.446330 18.821031 100.000000
4872 100.000000 43.301278 69.284299
5466 32.413919 0.000000 19.305713
3066 31.639403 0.000000 23.917737
4321 100.000000 34.212365 68.621343
6858 31.322017 98.087341 0.000000
6856 32.097948 98.211193 0.000000
3908 100.000000 41.766068 42.993175
13178 100.000000 3.399277 76.926054
6230 9.941586 78.660388 100.000000
4244 9.359005 77.489794 100.000000
12914 50.641753 98.794939 0.000000
7546 0.000000 30.711300 21.817249
11923 49.504918 98.502166 0.000000
7583 12.765684 20.266019 100.000000
7193 7.609022 0.000000 4.284299
16584 7.718931 0.000000 1.721415
16637 8.033795 0.000000 2.286679
5723 0.000000 50.070984 8.892939
11012 80.758738 0.000000 80.498400
2185 45.426335 77.634298 0.000000
17080 100.000000 20.997571 2.113641
17081 100.000000 20.531768 2.365958
9810 13.777450 91.963798 0.000000
4792 16.085046 57.209964 100.000000
2622 46.541971 99.138487 0.000000
5470 17.143077 71.540408 100.000000
8160 14.311131 71.337679 100.000000
4733 88.040882 0.000000 96.817444
18173 88.340605 0.000000 94.400149
16638 88.733167 0.000000 96.268744
10494 26.194487 80.147127 100.000000
4137 81.479416 0.000000 60.062198
12972 100.000000 37.119667 67.245245
4238 41.558117 31.337720 0.000000
4630 48.417175 85.751727 0.000000
5464 92.350502 0.000000 71.305981
8253 14.600621 0.000000 72.029836
11801 0.000000 48.242960 86.020837
4631 49.859166 85.158220 0.000000
11394 47.405806 84.506658 0.000000
5585 56.087045 0.000000 45.500095
6558 100.000000 36.363636 100.000000
6831 97.729036 35.137772 100.000000
4514 70.145396 0.000000 25.249807
12487 0.000000 37.647898 2.928264
430 0.000000 38.508457 2.526583
11558 0.000000 40.767695 39.506807
6798 74.083203 42.460702 0.000000
7802 88.026618 0.000000 81.076093
2846 0.000000 52.716950 74.933502
10547 0.000000 51.994163 73.566158
17082 100.000000 10.643005 2.382579
17018 100.000000 10.251579 2.087597
287 52.786401 54.532918 0.000000
7756 9.694638 100.000000 28.907382
8875 100.000000 10.576923 0.000000
7128 71.927719 88.401567 0.000000
5444 87.615690 55.989106 0.000000
4982 100.000000 24.242424 100.000000
11740 18.131137 95.556795 0.000000
3448 90.451469 0.000000 81.869668
9868 90.209233 0.000000 84.598655
1924 0.000000 10.476608 36.725732
1925 0.000000 10.867264 41.051999
13770 91.320402 0.000000 27.322485
7508 91.699535 0.000000 28.157741
9865 30.179754 53.167434 100.000000
2359 24.275461 0.000000 32.972569
12090 24.393792 0.000000 28.192062
11398 27.128799 30.240625 0.000000
4776 4.888340 0.000000 8.198112
6767 66.099570 0.000000 52.512606
3896 34.154356 0.000000 46.295389
4427 32.680974 0.000000 39.417616
1040 0.000000 33.255680 2.465272
5471 35.088269 97.223464 0.000000
6366 100.000000 38.049670 39.587106
4803 100.000000 14.660953 68.034203
12685 0.000000 62.863496 65.933359
11519 84.271123 94.426562 100.000000
1965 0.000000 23.510534 59.854105
295 0.000000 51.568935 34.336042
9118 100.000000 83.557531 45.451555
6294 24.750648 72.523748 100.000000
2316 97.408021 50.331613 100.000000
1089 0.000000 50.949181 75.744468
9747 3.976632 0.000000 68.146416
6322 71.051747 0.000000 35.350408
4359 0.000000 3.410722 48.021843
9444 47.963862 48.438230 100.000000
2375 51.733199 0.000000 80.643729
3811 18.682275 35.619968 100.000000
12593 23.036789 89.529792 100.000000
16768 47.987163 100.000000 17.892849
16769 49.786321 100.000000 22.041432
3021 39.001959 89.433886 100.000000
16767 44.113260 100.000000 75.348435
16770 45.943882 100.000000 79.883129
749 75.640463 0.000000 32.216823
10850 59.568902 54.693975 100.000000
10825 100.000000 44.474222 36.714698
10728 0.000000 97.227806 24.083190
1867 21.860955 7.927801 100.000000
11771 100.000000 0.961538 0.000000
1105 0.000000 43.075263 39.205373
7392 46.421576 76.995208 100.000000
3382 0.000000 97.655640 51.866532
8939 100.000000 27.528825 48.349897
11211 8.955119 0.000000 48.740977
5736 30.769930 0.000000 36.606251
6819 15.283675 29.812178 0.000000
1822 34.835671 0.000000 78.564053
189 64.547177 97.051991 0.000000
7262 61.662596 0.000000 27.735624
7129 67.992647 88.427256 0.000000
8647 53.980407 99.271258 0.000000
8648 52.335963 99.134619 0.000000
8140 27.731776 24.129008 0.000000
10324 100.000000 22.771462 4.401021
12661 100.000000 22.494137 7.014214
13329 100.000000 21.803410 3.849124
11431 100.000000 65.384615 0.000000
9024 96.466117 65.307825 0.000000
9666 76.211686 71.930537 100.000000
17086 100.000000 39.807181 1.228528
9649 0.000000 41.085697 41.336927
13203 18.420689 63.637428 0.000000
7739 23.437038 0.000000 78.114142
5321 23.347909 0.000000 74.262943
17087 100.000000 15.800797 2.444284
3634 100.000000 36.172085 71.967492
1022 0.000000 51.005238 82.794676
1023 0.000000 50.932919 81.143247
17498 54.714141 100.000000 60.764428
5678 0.000000 19.230398 60.859874
4485 34.610046 0.000000 51.874859
2182 35.188879 0.000000 47.374823
13421 0.000000 32.824817 24.342677
13622 0.000000 33.363466 23.028370
10218 0.000000 32.667727 22.177674
6269 92.991805 0.000000 29.743567
6579 93.156052 0.000000 27.411827
1244 65.363066 0.000000 5.863895
4853 2.114067 55.362917 100.000000
3012 32.802976 0.000000 55.396374
3889 0.000000 89.998383 61.327937
4916 100.000000 40.930502 77.984320
4635 100.000000 41.581587 78.471444
139 100.000000 41.285656 80.105647
11074 41.172447 83.996807 0.000000
10817 0.000000 15.120579 2.484462
17351 1.655723 6.079582 100.000000
17352 2.326644 5.822360 100.000000
7757 13.031976 100.000000 42.546716
896 0.000000 53.760211 55.167430
13905 8.307990 100.000000 14.361512
1420 66.343606 70.279114 0.000000
2387 82.420993 32.199821 100.000000
12951 0.000000 96.311061 5.189655
10860 0.000000 95.325814 4.989040
2475 72.487968 0.000000 26.500738
10800 100.000000 84.848485 100.000000
13385 100.000000 84.744307 84.467299
17008 100.000000 20.068779 2.763422
16639 93.588752 0.000000 97.748741
3914 93.258427 0.000000 100.000000
16640 93.154201 0.000000 97.382912
10826 0.000000 46.505344 15.610013
5681 7.053890 0.000000 67.707109
5789 100.000000 13.043484 88.447359
2216 89.104609 0.000000 27.829217
10714 0.000000 43.538904 49.071862
3641 0.000000 43.269497 52.135365
3065 0.000000 44.087971 50.789644
17707 100.000000 43.421081 5.687398
17714 100.000000 43.056275 5.116455
17715 100.000000 43.793822 6.328014
2454 91.115923 73.727953 0.000000
13921 74.805627 96.133430 0.000000
3243 0.000000 53.329288 32.185647
2643 87.745772 0.000000 23.525157
2642 87.787993 0.000000 25.530395
4136 74.101666 77.165235 100.000000
6578 88.412791 0.000000 35.485683
2421 82.682722 39.148089 100.000000
2741 100.000000 35.356909 28.822569
2719 0.000000 64.077670 0.000000
3069 100.000000 31.775947 56.631695
10891 100.000000 88.480571 91.337322
6554 0.000000 40.044244 45.794208
13526 55.875399 0.000000 51.967697
17554 67.072946 1.633085 0.000000
17553 67.084312 2.134858 0.000000
9634 10.469248 30.620927 100.000000
4208 7.499975 32.540820 100.000000
3926 7.117509 0.000000 64.776110
6351 100.000000 39.699419 59.992480
5022 17.672524 0.000000 52.925146
12823 86.696681 0.000000 47.434453
7267 42.060507 97.694122 100.000000
12403 4.717003 0.000000 65.323118
13021 79.781943 98.302885 0.000000
4020 48.449795 10.674960 0.000000
11899 100.000000 40.799060 63.605549
17535 87.175302 2.584249 0.000000
17534 86.822962 2.767746 0.000000
4450 4.429835 50.643618 100.000000
5904 8.390656 51.110054 100.000000
7220 100.000000 7.596178 38.275667
9408 100.000000 6.819895 38.966254
2428 15.512226 98.171933 0.000000
13013 100.000000 51.437348 67.886157
8502 100.000000 51.441354 62.564882
2807 0.000000 78.698850 8.395688
2805 0.000000 78.438405 12.192127
9278 37.996008 95.089921 0.000000
7949 100.000000 39.768972 45.604634
11692 100.000000 39.879373 43.721854
9423 100.000000 40.285486 45.234148
7512 0.000000 51.293013 78.470455
6038 100.000000 60.357445 63.952633
6210 100.000000 41.498475 94.467856
8236 100.000000 42.145453 92.230404
84 100.000000 42.722432 95.781072
10283 0.000000 30.515693 48.974816
4781 28.429894 0.000000 55.429884
5323 86.425082 0.000000 68.026190
3269 0.000000 13.740042 90.496648
13695 100.000000 15.796285 8.105783
6859 30.036102 60.950870 100.000000
4640 0.000000 5.875768 94.643224
13811 0.000000 45.363596 87.554173
12649 95.248801 36.035465 100.000000
5008 44.432595 90.535761 100.000000
6238 0.000000 39.106453 59.718216
6192 14.328931 91.336170 0.000000
8584 15.565337 49.194427 100.000000
1184 85.864757 94.263169 0.000000
6818 14.112802 28.788716 0.000000
2796 80.334072 0.000000 69.472132
5306 92.563811 0.000000 21.308465
16679 98.426081 16.465245 100.000000
16680 99.081328 16.672936 100.000000
10391 96.794102 15.140836 100.000000
11428 75.281565 89.939496 0.000000
13618 100.000000 48.528455 34.138999
5463 92.940078 0.000000 73.175066
5105 0.000000 62.828133 84.595849
13175 0.000000 42.100814 78.700409
3227 0.000000 96.955898 69.482788
9767 100.000000 0.402474 34.209575
425 100.000000 89.118684 84.047541
12614 100.000000 27.139487 86.725216
12847 100.000000 27.904059 86.687817
17089 100.000000 95.045999 85.467390
4612 100.000000 59.595960 100.000000
1459 97.942056 15.272892 100.000000
9342 86.775213 85.840254 0.000000
10821 90.397025 85.956340 0.000000
4772 100.000000 93.939394 100.000000
17090 100.000000 94.399881 89.873163
6951 9.150331 49.644829 100.000000
5762 62.754125 0.000000 79.963955
6303 0.000000 12.809385 61.063051
7067 7.988281 87.359702 100.000000
11500 87.050139 94.247899 100.000000
5843 17.675681 93.648422 0.000000
5994 100.000000 28.311152 89.482087
9376 100.000000 27.732520 92.633593
6166 100.000000 32.228749 11.755445
13475 100.000000 32.413913 8.725245
5944 100.000000 10.387705 30.350105
11104 100.000000 10.885830 34.665894
7038 65.396568 46.286058 100.000000
10799 85.858398 0.000000 81.086943
2011 89.332670 6.204519 0.000000
7610 0.000000 56.899770 79.080310
5707 69.865901 0.000000 87.234901
6947 0.000000 42.637805 63.586746
13284 0.000000 8.302523 87.180835
8276 31.675734 0.000000 37.854274
3882 32.378192 0.000000 34.070661
8441 12.861676 0.000000 54.457174
3578 47.496270 0.000000 49.065604
2418 7.528263 0.000000 17.706863
9416 0.000000 2.912621 0.000000
16761 48.247728 100.000000 75.754373
16760 49.604374 100.000000 75.131804
17494 48.307147 100.000000 66.578390
5151 88.875503 32.046795 0.000000
3447 100.000000 65.138677 37.916093
17441 40.710808 100.000000 19.858646
7511 46.607305 11.103021 100.000000
17392 97.941854 70.891349 100.000000
4358 0.000000 2.279002 50.279970
3545 0.000000 90.945485 47.630777
935 0.000000 51.835575 93.023691
10871 0.000000 16.868251 80.009602
1111 0.000000 40.921993 13.398068
17814 100.000000 69.040718 17.333028
10764 29.135572 58.568305 100.000000
14028 94.596031 84.228701 100.000000
5379 90.403490 0.000000 32.838006
13019 100.000000 33.820063 42.959437
17958 51.430739 98.986347 0.000000
1994 13.693705 0.000000 34.468003
4175 0.000000 46.919348 11.170214
17648 1.866202 90.213614 0.000000
10865 89.496336 53.085365 100.000000
17370 87.614129 52.942974 100.000000
4577 0.000000 30.097087 0.000000
17057 100.000000 14.945680 1.770555
4295 0.000000 1.230325 16.423515
17126 0.000000 45.241204 93.268666
6709 82.987709 99.270506 0.000000
4070 100.000000 50.016523 30.581238
2808 27.689746 92.526004 0.000000
2922 100.000000 43.672927 88.767588
4366 74.582893 60.050671 100.000000
2062 90.860740 0.000000 27.770163
7356 56.973192 91.871545 0.000000
8763 0.000000 43.770124 81.883011
10549 100.000000 81.513109 59.748923
5987 70.932093 0.000000 32.585385
11518 85.119018 93.534521 100.000000
5605 0.000000 33.774526 33.987230
16428 2.390888 2.122847 0.000000
16434 2.699451 2.402293 0.000000
16831 3.615416 1.170902 0.000000
13785 100.000000 21.670017 38.466628
3061 2.890822 0.000000 79.582178
3646 4.572188 91.704579 0.000000
7714 74.983397 44.362555 0.000000
6442 100.000000 45.702518 62.031866
6916 100.000000 44.506610 74.642009
11174 100.000000 44.726241 76.883217
6694 100.000000 36.481430 16.642996
51 100.000000 36.076639 44.228936
4875 0.000000 70.172106 70.537308
13645 100.000000 53.209508 58.276765
12080 5.967207 0.000000 55.989557
1188 5.731928 0.000000 53.807955
302 0.000000 60.244564 69.739112
16514 0.000000 55.714406 97.650129
9719 0.000000 71.801473 76.242516
9718 0.000000 71.191019 71.217894
2803 45.934494 70.216321 0.000000
4245 11.326626 76.827366 100.000000
13874 0.000000 83.000000 100.000000
13991 1.808249 82.505515 100.000000
14050 1.981674 80.685914 100.000000
11579 85.910967 0.000000 31.118808
14105 1.830201 98.263185 100.000000
13953 0.000000 99.000000 100.000000
3982 0.000000 70.785543 84.946973
3239 0.000000 93.000000 100.000000
3979 0.000000 94.000000 100.000000
13724 0.000000 54.075402 91.465146
14104 0.000000 54.168633 87.488668
13862 0.000000 53.323564 88.545814
10454 14.782487 89.101707 100.000000
12613 14.526168 88.309129 100.000000
12784 16.789407 88.542572 100.000000
218 8.701872 83.486286 0.000000
4741 0.000000 87.348513 87.785374
11984 0.000000 87.060603 91.465402
13851 6.669677 76.932507 100.000000
16516 0.000000 56.265138 97.965749
13979 0.000000 62.686716 91.971182
13980 0.000000 62.278427 87.831290
14095 0.000000 61.588036 90.958521
13873 0.000000 61.874094 96.269261
14059 0.000000 54.319296 83.752617
13860 0.000000 53.189093 84.866121
5498 66.928651 97.748318 0.000000
16517 0.000000 54.271262 97.560714
16518 0.000000 53.774703 97.598438
16515 0.000000 55.095439 97.096834
8663 0.000000 54.587824 95.228557
16558 0.000000 54.738631 97.471526
4852 2.933846 56.089944 100.000000
13941 0.000000 54.591562 79.881722
13609 0.000000 53.522264 80.901787
14057 0.000000 54.997373 89.884055
11230 0.000000 4.782388 21.423703
16519 0.000000 59.784707 95.354991
14061 0.000000 55.917606 85.616752
3083 0.000000 30.138992 60.982924
13978 0.000000 61.865652 84.030714
9901 0.000000 61.549059 79.538858
14041 0.000000 60.701218 83.702444
1424 100.000000 40.384615 0.000000
6857 33.048337 98.056473 0.000000
8894 33.995625 97.900446 0.000000
8249 94.750106 88.659982 100.000000
14031 0.000000 71.000000 100.000000
5101 2.484780 71.921529 100.000000
14086 0.000000 72.000000 100.000000
16521 0.000000 71.595510 96.845757
16522 0.000000 70.966023 96.282990
14020 0.000000 72.283641 94.210656
16554 0.000000 72.095762 97.185046
9903 0.000000 60.370924 78.593347
9922 0.000000 60.194754 74.177428
13779 0.000000 59.298849 76.706518
9924 0.000000 61.000000 100.000000
16523 0.000000 60.768162 97.333293
14042 0.000000 60.000000 100.000000
16524 0.000000 66.865524 97.452867
6097 100.000000 27.440525 84.088503
8601 100.000000 41.435256 97.475824
4653 61.922848 6.361329 0.000000
11341 64.365150 7.528726 0.000000
7914 61.278608 3.600316 0.000000
14040 0.000000 59.465496 81.491569
14045 0.000000 58.799739 93.515165
14026 0.000000 57.738986 95.103736
16525 0.000000 58.602485 96.724383
11804 0.000000 56.073804 70.203108
616 75.736572 25.424450 100.000000
13003 0.000000 57.971044 71.677201
4463 0.000000 11.328204 79.236767
7601 0.000000 11.193746 74.573750
14043 0.000000 59.631212 86.363339
14022 0.000000 56.872284 87.040666
14092 0.000000 61.409920 87.070376
8239 0.000000 58.222578 79.274822
16526 0.000000 57.385044 97.381802
4289 97.277983 40.256141 0.000000
8238 0.000000 58.412504 74.925340
8618 72.110238 57.875804 100.000000
7116 54.338413 99.489209 0.000000
10291 30.359538 97.937910 0.000000
1508 2.759563 58.798140 100.000000
13782 0.000000 59.000000 100.000000
10858 45.505069 70.231180 100.000000
2380 100.000000 18.546918 21.570728
1 0.000000 14.370146 3.061926
2 0.000000 13.592233 0.000000
1648 28.930689 97.526199 0.000000
1649 31.031082 97.531823 0.000000
11728 98.715537 0.000000 73.821873
9231 15.603439 87.627728 100.000000
4885 16.728072 86.890578 100.000000
4258 16.388425 85.959680 100.000000
5193 0.000000 87.980263 79.830665
8288 31.212774 97.741299 0.000000
4979 29.525968 97.757657 0.000000
1520 57.796138 0.000000 93.113053
17224 35.134293 0.000000 97.224023
11116 33.677507 98.242257 0.000000
8590 0.000000 67.371625 76.308994
8913 0.000000 30.902348 62.854086
2126 0.000000 30.095693 64.400178
3668 0.000000 51.768811 70.709198
10875 76.097737 57.493471 100.000000
304 0.000000 59.126838 71.776603
2839 100.000000 41.238247 43.537862
83 100.000000 42.302950 97.544950
7466 0.000000 67.316777 71.871015
1399 0.000000 42.821341 40.676626
13437 0.000000 31.057535 88.225179
7264 47.011940 81.596962 0.000000
8585 12.234907 50.096106 100.000000
9452 0.000000 44.493731 33.734767
18005 0.000000 44.015911 33.529950
8380 0.000000 44.030243 35.101393
18006 0.000000 44.242014 32.481828
13292 34.489207 51.369246 100.000000
17649 11.218882 49.866702 0.000000
17650 11.474799 50.504577 0.000000
11567 26.922354 97.573240 0.000000
10911 4.458652 0.000000 45.219130
3067 32.035479 0.000000 28.995446
18007 0.000000 44.233047 31.715752
9908 0.000000 51.000000 100.000000
5122 10.988370 84.763101 100.000000
5121 8.430441 84.135848 100.000000
5346 10.999256 83.637033 100.000000
3933 6.360447 69.658560 100.000000
5132 0.000000 72.699053 88.906345
5630 0.000000 71.589570 89.081960
9772 0.000000 76.318175 92.004872
16527 0.000000 76.031981 95.676944
14017 0.000000 76.000000 100.000000
16528 0.000000 75.471327 96.980611
10558 0.000000 70.860380 79.812557
12257 100.000000 52.423478 66.315736
14096 0.000000 68.637993 91.445592
13986 0.000000 70.000000 100.000000
10537 2.921175 69.847790 100.000000
274 64.402290 96.409712 0.000000
16529 0.000000 60.303917 96.617097
14008 0.000000 65.939541 85.163991
335 0.000000 74.008655 76.008238
13818 0.000000 78.419551 91.651944
13817 0.000000 77.403131 90.682729
13927 0.000000 78.170996 95.608614
1453 100.000000 50.181422 82.211260
1454 100.000000 50.858311 79.827518
16530 0.000000 68.935248 97.152911
5131 0.000000 73.782438 88.653795
5112 0.000000 73.138026 84.633532
7239 0.000000 75.682229 89.104092
13985 0.000000 69.425631 95.170810
16550 0.000000 69.424648 97.989125
16555 0.000000 69.762360 97.621903
16498 0.000000 70.199160 97.327677
16531 0.000000 70.634430 96.956803
13888 2.681584 70.888219 100.000000
13963 0.000000 79.000000 100.000000
14081 2.568870 78.748025 100.000000
3476 0.000000 49.565788 82.662179
7349 0.000000 49.768223 82.565360
10853 6.836287 78.112584 100.000000
7278 0.000000 74.822032 88.615847
13684 0.000000 75.381220 93.117357
13948 0.000000 73.417626 93.563362
13922 0.000000 79.214113 95.035129
9143 0.000000 74.218533 82.873308
13949 0.000000 74.399360 93.330374
925 60.207069 45.190700 0.000000
7012 7.347972 74.062210 100.000000
9476 0.000000 83.776225 75.930296
4659 11.438718 96.236970 100.000000
4658 11.997551 97.112258 100.000000
10281 10.144833 96.793565 100.000000
1966 0.000000 22.590259 60.149390
579 5.504328 70.767842 100.000000
3110 100.000000 66.932002 38.249916
7711 0.000000 84.466019 0.000000
5114 0.000000 71.983019 83.294762
11841 0.000000 81.609649 86.717692
11842 0.000000 82.490428 85.063372
3165 0.000000 81.630531 80.984249
5107 0.000000 68.037884 56.260242
5102 4.887122 72.894816 100.000000
581 5.179222 71.792150 100.000000
4876 0.000000 69.123593 69.864930
5113 0.000000 73.007087 79.439453
3980 0.000000 69.942251 81.618139
6873 0.000000 71.737161 67.393457
1813 100.000000 69.579470 95.008669
9976 95.337658 70.126841 100.000000
10099 21.434251 0.000000 32.376166
14080 94.732825 74.274064 100.000000
13769 96.303692 74.827820 100.000000
13064 92.508313 74.044460 100.000000
17093 100.000000 22.431116 2.056932
13892 100.000000 3.774007 38.352100
7910 0.000000 56.732146 5.507756
10553 9.585539 65.735639 100.000000
6562 0.000000 86.329076 76.818915
17155 0.000000 12.674197 97.082156
17147 0.000000 13.483395 97.784756
17156 0.000000 13.125014 97.423253
9220 12.323641 66.737742 0.000000
12472 0.000000 77.326381 74.536861
10340 16.869876 76.809383 100.000000
926 57.918388 46.497045 0.000000
12328 0.000000 16.680290 84.110874
13880 19.387153 85.569965 0.000000
9792 0.000000 34.074014 27.326196
7391 0.000000 34.860916 28.424144
13237 100.000000 46.559062 68.534191
9032 97.286017 92.454453 0.000000
639 70.212766 0.000000 0.000000
306 71.276596 0.000000 0.000000
12637 69.955417 0.000000 28.324803
16830 8.687793 24.268342 0.000000
5913 100.000000 40.413752 30.165876
213 63.104327 0.000000 6.515941
5768 62.883594 47.934941 100.000000
6493 51.243656 0.000000 93.584694
3929 24.531800 0.000000 91.713442
5202 0.000000 24.092416 15.447942
10260 21.521332 77.894883 100.000000
4977 39.188670 68.426707 0.000000
4260 40.081605 67.622857 0.000000
2755 0.000000 60.400305 61.244373
3504 100.000000 11.520208 88.159874
17254 97.920304 0.000000 1.912839
17258 98.378159 0.000000 2.598379
9725 0.000000 44.890897 18.411219
4783 29.188380 0.000000 56.809692
1996 12.851399 0.000000 33.373305
6170 8.284091 52.693128 100.000000
17095 100.000000 44.283454 2.295307
10399 0.000000 31.478426 39.753585
3713 0.000000 60.193056 3.948564
2436 17.425737 100.000000 53.341454
1543 0.000000 44.734599 20.565086
11755 0.000000 32.562139 87.841324
11756 0.000000 31.881452 89.989283
971 0.000000 68.382733 60.832755
17063 100.000000 55.633221 3.531948
17076 100.000000 56.134382 4.429695
17909 100.000000 55.571916 5.657710
8163 100.000000 27.568148 5.112978
17832 100.000000 93.318738 11.394478
17833 100.000000 93.792960 9.685194
11336 72.005031 49.822383 100.000000
1767 70.327696 50.249260 100.000000
9063 69.982973 49.046511 100.000000
6571 89.578341 26.610550 0.000000
11149 68.750000 100.000000 100.000000
6787 64.459467 0.000000 76.160001
5413 100.000000 49.164747 21.604290
6852 25.567459 82.904389 100.000000
11163 2.918847 0.000000 21.142282
17302 19.749934 1.541654 100.000000
3778 16.471053 0.000000 40.583425
7695 100.000000 46.882044 87.492268
12140 100.000000 40.721542 15.875174
10666 34.245078 84.702586 100.000000
6529 0.000000 34.240995 64.691909
10880 100.000000 28.793101 81.153827
1388 100.000000 29.612837 81.035846
9318 100.000000 29.244836 83.743820
13692 0.000000 96.593584 15.718505
10742 22.661823 0.000000 47.657497
12014 84.877367 5.845720 0.000000
3039 17.329838 89.562105 100.000000
5517 91.660961 55.235903 100.000000
1873 31.856818 98.382176 0.000000
8816 91.157722 0.000000 32.147325
12256 100.000000 52.421271 71.980655
10103 37.874112 86.793907 0.000000
240 0.000000 36.612547 87.605415
13887 22.969168 0.000000 51.109528
5574 0.000000 44.596666 31.551419
16718 97.663014 1.159672 100.000000
16666 97.176892 1.165274 100.000000
16958 10.259322 3.792786 0.000000
16911 10.962369 3.476893 0.000000
2996 0.000000 18.087498 49.598087
12482 88.461538 100.000000 0.000000
12904 16.673538 33.796432 100.000000
7248 53.882807 30.809637 0.000000
17088 100.000000 16.385882 2.981600
17096 100.000000 16.664745 2.465052
12664 100.000000 72.981767 93.060357
17157 0.000000 44.139807 92.957129
2141 0.000000 46.758543 64.988787
17158 0.000000 15.492660 97.608437
17159 0.000000 15.111954 97.238858
5832 88.163849 25.985616 100.000000
3877 91.872108 64.109676 100.000000
9808 92.379566 65.265784 100.000000
1294 0.914950 0.000000 16.991461
6902 100.000000 81.730769 0.000000
13231 100.000000 27.644078 30.762634
5920 100.000000 80.518796 62.388015
17729 100.000000 66.722375 18.300669
9525 45.702721 16.438609 100.000000
13895 0.000000 56.037225 4.954964
11638 80.751634 9.767855 0.000000
4569 35.281868 4.168702 100.000000
8843 0.000000 1.941748 0.000000
13913 72.272864 40.056295 100.000000
7935 0.000000 6.826643 52.722902
6664 0.000000 6.177821 48.140144
9495 4.292628 17.463537 100.000000
7333 0.000000 58.165140 17.680976
8507 76.199160 22.602030 0.000000
17097 100.000000 40.411231 1.966642
10460 0.000000 54.473790 20.145577
13912 94.929738 82.589555 100.000000
13050 92.808747 82.846523 100.000000
8323 50.633991 61.099231 100.000000
5473 35.912058 96.957210 0.000000
1886 0.000000 6.954864 26.163349
16642 95.778694 0.000000 97.944340
2006 13.763266 23.775919 100.000000
17733 100.000000 91.362203 39.137344
17820 100.000000 91.074877 34.545938
7120 63.063366 0.000000 85.934882
624 63.619591 64.068713 0.000000
4304 13.000938 91.552142 100.000000
4302 10.979177 91.986658 100.000000
4303 10.562451 91.048555 100.000000
17819 100.000000 66.274054 16.851507
17821 100.000000 65.861772 18.311334
10299 45.148392 76.220426 0.000000
5956 46.231811 75.321107 0.000000
3273 14.367532 97.539293 100.000000
13199 85.155146 83.284244 100.000000
10499 12.529615 88.588045 100.000000
14066 3.511548 82.010695 100.000000
13993 3.790238 82.968955 100.000000
8060 12.925892 87.685591 100.000000
8061 10.701512 86.982023 100.000000
5992 100.000000 25.688531 32.997879
8674 100.000000 25.530324 36.539281
110 95.183198 81.105900 0.000000
8349 100.000000 80.769231 0.000000
2330 34.464036 87.242253 0.000000
2298 0.000000 90.911096 79.272434
6927 0.000000 91.703839 84.884028
10314 0.000000 86.279646 82.783762
12227 15.248505 91.091440 100.000000
7294 15.025056 90.073952 100.000000
7293 17.600494 90.608475 100.000000
12382 1.322557 0.000000 70.267038
16510 0.000000 96.028710 94.840823
3272 14.816008 98.609473 100.000000
13672 12.174513 98.054457 100.000000
2578 9.105406 96.145049 100.000000
13527 83.929727 98.278409 100.000000
3240 0.000000 93.706362 89.203601
4005 0.000000 94.905998 83.153806
2323 0.000000 79.091277 3.985138
2676 0.000000 100.000000 60.000000
8389 26.737857 97.663140 100.000000
11106 0.000000 80.343906 22.221029
9663 86.706457 0.000000 30.238421
11578 86.462482 0.000000 32.984315
8444 0.000000 41.094869 57.958456
2511 86.470509 0.000000 77.833315
2512 85.400778 0.000000 76.780042
12877 51.218243 79.616172 0.000000
8727 52.382117 90.219381 100.000000
5863 6.120357 0.000000 47.364845
13473 9.225333 0.000000 46.617191
8980 11.279581 82.828451 0.000000
4388 100.000000 37.373737 100.000000
11271 95.578959 32.839630 100.000000
2017 100.000000 5.950519 9.977043
11217 0.000000 96.918014 75.028251
4007 0.000000 95.950320 78.938996
7041 9.801799 93.479364 100.000000
7285 17.977528 0.000000 100.000000
17225 17.924410 0.000000 95.815379
7255 16.532820 0.000000 92.963837
17226 17.184979 0.000000 97.104496
10269 67.939917 95.839676 0.000000
7304 12.401685 99.079652 100.000000
102 0.000000 98.594439 65.219934
16534 0.000000 96.384662 95.183098
8270 0.000000 28.988493 15.676229
1254 0.000000 29.760361 17.449321
12514 0.000000 21.000000 100.000000
5553 57.257469 75.008464 0.000000
9885 0.000000 88.771002 82.758702
12466 0.000000 87.226691 83.638216
11609 58.037765 73.872278 0.000000
10194 64.018313 73.540042 0.000000
7898 2.365332 20.102353 100.000000
1587 0.000000 23.000000 100.000000
6444 0.000000 22.000000 100.000000
9887 0.000000 89.766144 80.822351
10580 0.000000 90.196445 73.680509
9027 11.170326 92.784787 100.000000
17160 0.000000 21.787856 96.769857
17161 0.000000 21.151394 96.222193
8350 86.170213 0.000000 0.000000
10835 8.782393 91.566599 100.000000
662 8.084772 90.667654 100.000000
3167 0.000000 80.740941 84.039608
14030 95.945904 86.911896 100.000000
7150 10.750353 81.494728 100.000000
9475 0.000000 83.494451 82.793619
10105 0.000000 89.318562 92.041933
14067 1.688275 99.003861 100.000000
13954 3.542800 98.513680 100.000000
14088 5.458993 87.748086 100.000000
14101 3.293281 88.094670 100.000000
13715 0.000000 85.881495 89.227271
12846 0.000000 84.878297 92.835393
10082 100.000000 93.353539 25.548127
7519 58.432417 85.104475 0.000000
1895 62.088245 0.000000 91.303103
1896 60.842637 0.000000 88.755338
1088 0.000000 50.487344 76.689728
17162 0.000000 20.623839 97.349958
5062 8.635427 81.016338 100.000000
3624 12.694173 90.545543 100.000000
3942 61.783705 74.485713 0.000000
14084 1.812649 83.468765 100.000000
13971 0.000000 84.000000 100.000000
7043 9.246821 92.446399 100.000000
7042 7.365336 92.838188 100.000000
3623 12.494836 89.534441 100.000000
661 9.833254 89.972731 100.000000
13988 0.000000 86.413686 91.792714
11985 0.000000 86.701772 87.782123
4367 49.672574 76.032983 0.000000
6928 0.000000 92.869948 82.431008
663 7.280625 89.904656 100.000000
13402 5.610667 90.285847 100.000000
9886 0.000000 89.368025 86.332914
3752 0.000000 98.825453 94.026815
16482 0.000000 99.402152 96.700400
16544 0.000000 99.480887 94.224580
12132 0.000000 83.322774 90.101011
13871 8.155871 86.344388 100.000000
5120 8.306581 85.255886 100.000000
10836 7.381894 92.022797 100.000000
5063 8.578106 81.942658 100.000000
7208 0.000000 88.000000 100.000000
17163 0.000000 18.069073 96.626766
8245 0.000000 94.014927 79.273730
10106 0.000000 88.364895 94.414991
14102 2.828846 87.333449 100.000000
16535 0.000000 83.146115 95.522276
16536 0.000000 82.676507 96.155683
16538 0.000000 83.620235 94.657694
10837 6.439244 91.227535 100.000000
16537 0.000000 84.012053 93.007491
14065 0.000000 86.624838 95.582465
17260 78.190225 0.000000 3.707700
17261 77.814550 0.000000 3.345617
16807 4.068622 30.128969 0.000000
16832 4.676982 30.172902 0.000000
14071 1.976461 96.384318 100.000000
16539 0.000000 92.991623 93.815229
13360 6.440000 96.198382 100.000000
1505 7.138809 94.608194 100.000000
1506 7.990218 95.330142 100.000000
16775 7.409526 100.000000 92.811974
5968 0.000000 96.833988 82.016822
6757 0.000000 97.835038 84.531123
16540 0.000000 94.214459 94.057462
16541 0.000000 93.651646 95.582267
16542 0.000000 93.337408 94.650274
13806 92.852142 81.946802 100.000000
3271 16.826637 97.984042 100.000000
9703 17.500683 98.999397 100.000000
12667 5.963431 97.248276 100.000000
14072 4.018843 96.779104 100.000000
13955 3.068373 99.242440 100.000000
16681 2.816643 99.678008 100.000000
13903 0.000000 100.000000 93.333333
16774 1.012213 100.000000 90.908550
16776 2.486956 100.000000 97.058720
16764 3.742209 100.000000 97.054350
14074 3.125000 100.000000 100.000000
17164 0.000000 19.988233 96.001074
14083 1.939376 97.355453 100.000000
14082 3.810754 97.706113 100.000000
16777 1.089851 100.000000 94.010482
3750 0.000000 97.780518 91.976726
16543 0.000000 99.456068 90.997775
3063 5.569873 98.076981 100.000000
3915 67.878958 78.424664 0.000000
12682 4.969513 0.000000 81.234888
13952 0.000000 100.000000 100.000000
131 87.970304 34.283385 0.000000
133 88.203292 35.913969 0.000000
16545 0.000000 99.028222 97.369062
16496 0.000000 98.555908 97.600729
14099 0.000000 74.000000 100.000000
14100 0.000000 75.000000 100.000000
16548 0.000000 74.465261 97.115439
14018 2.304391 75.744795 100.000000
14051 1.735057 81.584677 100.000000
13989 5.455904 86.814556 100.000000
14049 3.108874 81.305935 100.000000
14048 3.648720 80.855168 100.000000
14094 0.000000 87.000000 100.000000
16532 0.000000 82.302739 96.881186
16547 0.000000 80.991003 95.803438
14089 0.000000 87.475021 95.330370
14047 4.667368 81.393223 100.000000
13961 3.700060 90.787051 100.000000
10854 4.284415 78.160717 100.000000
13926 4.063816 73.947134 100.000000
16546 0.000000 74.943433 96.108756
13950 2.948272 74.861669 100.000000
13951 1.528807 73.960466 100.000000
8903 0.000000 64.863033 85.001134
16549 0.000000 73.140078 97.023156
14077 0.000000 73.000000 100.000000
14078 2.160754 72.953991 100.000000
16551 0.000000 73.983510 96.138064
16552 0.000000 73.635304 96.681145
16553 0.000000 72.503896 97.683771
16520 0.000000 59.237386 97.118908
13859 0.000000 63.287039 96.110990
14019 0.000000 71.227635 93.395848
17944 0.000000 50.561376 82.897353
17950 0.000000 50.649605 82.974009
14058 0.000000 55.107068 86.418252
14023 0.000000 57.798507 90.455967
16556 0.000000 58.236311 97.884106
16557 0.000000 57.840085 97.592411
13348 66.741257 8.507034 0.000000
8858 69.211914 9.716277 0.000000
4820 100.000000 41.421889 41.641379
13099 100.000000 41.815809 41.379804
17986 100.000000 41.854891 40.574215
17982 100.000000 42.053280 40.893457
17936 100.000000 41.936581 40.041965
11197 100.000000 27.898219 81.091691
14056 0.000000 55.902339 88.808265
14007 0.000000 65.419542 89.041798
14004 0.000000 65.239234 95.839599
14098 0.000000 58.731699 88.749500
14009 0.000000 64.338867 88.671882
13932 0.000000 64.360821 96.129565
14087 0.000000 63.800600 92.295932
14097 0.000000 64.838054 92.530871
14079 0.000000 63.292102 88.361099
17665 8.762286 45.500710 0.000000
17651 8.837079 44.881038 0.000000
7329 100.000000 49.135863 79.296662
14085 0.000000 50.072680 84.055023
18027 0.000000 50.519495 83.658775
18026 0.000000 50.477049 83.480954
7359 24.539493 62.309143 0.000000
16643 72.862854 0.000000 94.290810
16617 73.461523 0.000000 94.107326
18202 73.189283 0.000000 96.458480
6783 0.000000 85.090979 32.445954
16395 10.174962 11.733750 0.000000
16430 12.141226 10.348751 0.000000
16859 15.519337 6.745980 0.000000
12432 56.781617 98.411965 0.000000
3434 0.000000 50.445767 83.117736
18024 0.000000 50.391492 83.418331
9938 88.001367 100.000000 29.471656
8071 0.000000 81.632470 69.183379
857 59.977970 97.929584 100.000000
13512 62.657488 82.820692 0.000000
7729 42.678663 0.000000 12.997191
9020 100.000000 46.096370 54.355208
11542 94.406189 28.900691 0.000000
11847 53.249417 2.544072 100.000000
815 51.999559 2.006899 100.000000
10171 100.000000 38.701985 13.234979
3436 0.000000 50.598498 83.423154
16644 67.097257 0.000000 96.579200
18181 67.703336 0.000000 95.956760
305 75.402585 2.959430 0.000000
8886 0.000000 50.939827 79.297497
10685 0.000000 50.521547 78.468411
13449 19.931693 76.972944 100.000000
4482 34.816398 79.770019 100.000000
7514 0.000000 50.932348 77.593713
7513 0.000000 51.403178 76.891716
17710 100.000000 32.380312 6.674872
12987 78.900382 0.000000 5.779892
17712 100.000000 30.879352 6.781789
1510 13.632323 0.000000 93.671158
17228 14.116426 0.000000 96.909047
17229 13.371905 0.000000 96.534908
17249 14.702106 0.000000 97.157570
17233 15.182922 0.000000 97.630588
4278 100.000000 16.780344 79.867807
17822 100.000000 81.106909 8.676190
17823 100.000000 81.591054 8.913146
8182 0.000000 18.719660 15.437745
11612 0.000000 17.733017 13.924910
5290 0.000000 51.402587 58.925048
12453 0.000000 38.148426 83.844753
17165 0.000000 33.302020 96.924486
17175 0.000000 32.926532 97.140397
12304 100.000000 45.389228 4.475398
17100 100.000000 45.773213 2.284862
17024 100.000000 45.460011 1.789744
1877 0.000000 35.120728 50.778263
1261 100.000000 8.029580 88.914233
4778 91.336479 79.079625 100.000000
14090 94.055480 79.143033 100.000000
13875 92.412850 78.191467 100.000000
12592 26.040836 89.555275 100.000000
4753 0.000000 23.480026 87.638372
12804 79.682405 7.859623 0.000000
367 100.000000 97.362162 19.333455
564 0.000000 29.000000 100.000000
411 0.000000 44.547171 78.547987
7423 97.749786 30.228561 0.000000
5194 0.000000 31.568264 64.853750
10819 96.367258 32.950872 0.000000
690 14.256407 13.099421 100.000000
12254 12.979211 13.103883 100.000000
2756 48.771543 1.848193 100.000000
5451 30.769231 100.000000 0.000000
3602 47.761902 44.047054 0.000000
7933 0.000000 7.957627 51.599443
5378 100.000000 90.384615 0.000000
8730 0.000000 44.715102 6.065067
5799 100.000000 34.220128 41.176568
17101 100.000000 26.704381 2.468820
3256 0.000000 40.157526 59.696165
13496 0.000000 19.593168 17.202223
12251 31.483029 5.921860 100.000000
7037 0.000000 22.521509 90.044955
1464 0.000000 22.624205 85.555404
16673 97.833268 10.142235 100.000000
16682 98.275414 11.191493 100.000000
6653 34.831461 0.000000 100.000000
12958 52.273674 92.920389 0.000000
3962 0.000000 38.273760 5.223309
9470 77.060276 13.050550 0.000000
7284 16.853933 0.000000 100.000000
17230 15.973092 0.000000 96.904722
17231 16.636206 0.000000 96.743264
13028 67.491527 33.915834 100.000000
12123 25.460729 90.440903 100.000000
12717 100.000000 38.243336 45.404580
5025 11.962146 0.000000 77.116799
17556 98.642993 3.445640 0.000000
1187 0.000000 34.886086 59.018232
2649 45.372482 0.000000 21.228789
8574 100.000000 94.230769 0.000000
8533 92.248565 84.256301 100.000000
9485 87.816428 25.911004 0.000000
9223 13.201160 100.000000 20.850305
1411 24.509867 94.662534 0.000000
16781 92.040125 100.000000 10.902708
16778 93.738222 100.000000 11.186661
16779 95.433412 100.000000 11.157433
4097 100.000000 16.220418 34.806108
11486 77.129739 0.000000 85.587781
16645 75.492892 0.000000 94.939000
18211 75.492243 0.000000 96.757250
16615 75.130323 0.000000 94.126033
13828 0.000000 38.772446 71.631472
6376 46.935542 0.000000 36.164958
17855 100.000000 99.645453 11.352158
12909 0.000000 30.305914 85.911030
1771 100.000000 29.735732 9.726695
1596 0.000000 49.933806 83.371685
17102 100.000000 21.787887 1.557210
17103 100.000000 21.435678 1.879994
7008 100.000000 22.115385 0.000000
1782 45.744681 0.000000 0.000000
17713 100.000000 33.787760 6.175406
16436 2.290019 3.892112 0.000000
16438 2.425513 4.275595 0.000000
16968 3.542824 2.863529 0.000000
16960 1.125970 4.323956 0.000000
16963 1.431211 3.652096 0.000000
1334 95.425599 4.486252 100.000000
16683 94.177637 2.572549 100.000000
17652 1.914572 94.171451 0.000000
7105 85.539568 40.496891 100.000000
12553 9.822483 0.000000 66.383536
1977 100.000000 38.483781 24.144784
6375 45.977575 0.000000 37.954724
2720 0.000000 65.048544 0.000000
13596 34.784691 0.000000 26.483175
17235 10.108689 0.000000 97.307517
17232 9.563175 0.000000 97.395828
6397 82.208401 15.365920 100.000000
6214 14.902335 0.000000 94.090646
17776 100.000000 68.510394 5.759710
17105 100.000000 47.715787 2.286064
17827 100.000000 82.899254 8.620467
9541 43.931091 91.908976 0.000000
1362 100.000000 25.189614 48.447126
7143 45.093703 96.337130 0.000000
654 76.241434 36.753436 100.000000
16930 2.506107 5.848657 0.000000
1340 90.347255 0.000000 30.135481
17815 100.000000 68.570063 18.625257
10041 66.885588 75.504742 100.000000
12916 85.733333 11.418457 0.000000
2131 67.704019 62.543990 100.000000
3130 0.000000 33.487830 14.692140
5718 0.000000 34.038630 11.692492
6231 0.000000 8.933082 37.743701
13538 67.990060 0.000000 30.043784
13687 99.496643 0.000000 75.476931
12048 100.000000 57.722418 7.820974
9406 0.000000 82.389619 40.624133
17654 3.307606 87.659303 0.000000
16435 8.544755 9.808313 0.000000
6374 46.684805 0.000000 43.050687
11594 0.000000 34.423068 91.826641
16684 98.244104 13.618043 100.000000
17094 100.000000 23.031632 2.534235
9265 89.948561 65.734322 100.000000
16589 3.537443 0.000000 2.923197
16647 2.918042 0.000000 2.030327
607 10.112360 0.000000 100.000000
3729 100.000000 34.445849 29.136191
3728 100.000000 34.723427 26.112502
9269 25.438061 67.187488 100.000000
8612 0.000000 38.720959 9.497702
17092 100.000000 15.335551 2.143036
5550 16.676267 84.137776 0.000000
7597 22.818212 0.000000 72.305855
11866 100.000000 22.742943 39.432673
5818 6.273916 20.747680 100.000000
5816 8.754754 18.276182 100.000000
3653 88.049873 0.000000 48.713743
8690 88.266358 0.000000 50.498847
12681 100.000000 11.079328 53.478879
6112 74.768524 40.234693 100.000000
6573 100.000000 68.506296 43.203831
2773 92.099113 2.120175 100.000000
9950 0.000000 49.639606 83.704561
1321 29.993582 0.000000 20.356744
390 0.000000 79.694284 20.310586
2064 0.000000 47.823229 78.399249
7328 100.000000 17.302236 87.151514
16593 70.886722 0.000000 97.126561
16648 71.414438 0.000000 95.532519
16649 72.192788 0.000000 96.772351
17002 100.000000 62.486541 6.882759
16984 100.000000 62.851215 8.613011
1979 100.000000 13.164590 84.595874
3681 100.000000 7.123288 33.344062
3777 17.181031 0.000000 36.587313
6050 100.000000 74.644498 13.243704
5581 0.000000 1.720795 22.064970
3156 0.000000 36.450695 18.024614
16408 14.673186 11.768766 0.000000
16811 7.468576 18.491317 0.000000
7800 0.000000 42.758027 32.952456
9059 31.970607 7.293980 100.000000
12435 0.000000 97.386558 10.799805
17655 2.559329 95.519452 0.000000
6036 100.000000 59.716543 70.323647
9033 45.225469 97.237687 0.000000
7501 100.000000 67.497786 47.113281
2114 0.000000 35.377265 61.640583
10127 83.742092 6.442468 100.000000
4237 39.498685 33.374269 0.000000
10680 21.094267 13.733755 100.000000
18180 87.414439 0.000000 93.636568
18175 87.731876 0.000000 94.466775
12087 0.000000 30.985914 92.590010
13700 20.327166 0.000000 34.381318
432 0.000000 0.000000 100.000000
17965 100.000000 43.962737 77.057835
17072 100.000000 99.324320 68.608962
12657 100.000000 14.046792 82.977070
770 100.000000 40.616847 75.870433
3080 0.000000 45.683272 14.676673
12494 0.000000 45.714826 17.697719
5811 11.821711 56.016936 0.000000
18188 70.811071 0.000000 94.915893
16592 70.138186 0.000000 97.371401
13186 100.000000 41.278377 13.802686
17442 17.598079 100.000000 12.684349
11467 40.809907 26.756484 100.000000
3907 100.000000 41.736351 45.007375
11787 87.790181 0.000000 4.887698
6508 51.224644 42.345248 100.000000
8624 92.098811 0.000000 40.721557
7965 6.426218 0.000000 34.294377
13664 5.905716 0.000000 34.021196
17304 21.070739 2.033562 100.000000
17303 21.624795 2.080366 100.000000
4216 84.591601 0.000000 58.600179
5282 90.114504 0.000000 57.147058
3160 100.000000 86.538462 0.000000
17830 100.000000 86.809497 8.242398
7199 15.259481 85.041866 0.000000
3098 58.982291 93.306620 0.000000
5551 13.693223 83.439418 0.000000
5549 12.079424 84.239638 0.000000
1709 47.122575 97.815515 0.000000
17299 22.114305 2.509159 100.000000
11173 100.000000 45.130875 75.566472
12447 0.000000 37.741242 57.462272
17107 100.000000 97.152689 86.368878
17108 100.000000 96.761025 88.328120
50 32.584270 0.000000 100.000000
5179 28.629348 2.695925 100.000000
4180 84.793522 0.000000 80.975985
7827 0.000000 52.008424 28.810846
5206 26.435545 91.505527 0.000000
754 29.062553 91.167507 0.000000
16962 1.410801 4.459564 0.000000
4355 25.426686 92.073699 0.000000
17657 12.740898 52.145431 0.000000
17983 100.000000 42.268837 41.133454
17238 12.703945 0.000000 97.844315
18019 0.000000 51.026844 90.623277
4003 80.534743 26.404907 100.000000
18069 83.184248 0.000000 30.219395
4819 100.000000 41.613895 39.981635
17130 0.000000 37.687098 97.904185
17167 0.000000 38.184120 97.932690
18070 89.970796 0.000000 55.393985
17952 0.000000 50.116767 82.545033
17953 0.000000 50.162470 82.398280
10045 71.266958 84.745918 0.000000
12312 96.322845 48.199541 0.000000
3444 6.596481 0.000000 68.996434
12255 70.589445 60.939943 0.000000
6309 70.138725 22.345615 0.000000
18072 88.657038 0.000000 50.083600
18073 88.396537 0.000000 49.118815
3268 0.000000 13.937453 85.875156
11369 67.556812 0.000000 68.841258
7337 67.903669 0.000000 72.258884
437 0.000000 35.723430 29.106403
5208 0.000000 39.446134 73.127265
4814 96.009046 97.059793 100.000000
17394 98.171022 97.518382 100.000000
7849 48.012458 70.851619 100.000000
9916 31.192107 47.186176 100.000000
4014 100.000000 41.768960 38.776631
17984 100.000000 42.179645 39.046731
1792 100.000000 42.066855 38.102267
17981 100.000000 42.007065 39.252869
4715 91.342635 0.000000 33.445208
4716 91.009548 0.000000 33.339311
13699 87.739809 65.140658 100.000000
10542 63.970136 89.290464 0.000000
3859 100.000000 22.217542 35.243869
13768 100.000000 2.876336 82.983814
9152 100.000000 58.580222 69.349967
4090 45.669723 49.090808 100.000000
18082 89.450034 0.000000 53.738695
18077 89.243948 0.000000 53.168918
11919 0.000000 51.676622 26.868958
9678 68.159857 22.162900 100.000000
5013 3.146288 0.000000 4.828206
4061 8.656683 37.973467 100.000000
2519 84.503951 92.451602 100.000000
1620 0.000000 48.775406 30.998957
1621 0.000000 48.336737 29.207580
17169 0.000000 22.308075 96.989087
8576 100.000000 93.269231 0.000000
10081 100.000000 92.307692 0.000000
7900 83.159603 98.734724 0.000000
2500 100.000000 38.831353 46.353760
1695 100.000000 39.202726 47.823019
2501 100.000000 39.274330 45.933017
12064 0.000000 49.785312 81.248011
4123 50.011661 1.803520 100.000000
18065 86.552777 0.000000 44.836260
8541 46.911696 96.073497 0.000000
12058 61.547312 83.581335 0.000000
985 88.185628 0.000000 40.619545
18008 0.000000 43.843305 34.292765
17109 100.000000 38.818401 1.665739
12397 100.000000 39.031122 3.076094
17032 100.000000 38.545165 2.080179
13462 100.000000 42.417186 74.253438
1866 24.462104 6.540646 100.000000
9284 42.974145 10.167434 100.000000
4661 0.000000 82.724871 61.958008
11938 39.664808 93.531702 0.000000
11703 42.115069 93.458287 0.000000
11366 24.083953 48.592134 0.000000
1480 55.814468 98.118772 0.000000
6696 69.591155 24.341633 100.000000
4698 60.586814 89.127214 0.000000
17170 0.000000 42.682146 90.958153
3425 63.514527 55.525594 0.000000
263 100.000000 18.010133 37.656089
2743 100.000000 16.972893 35.894441
813 51.685393 0.000000 100.000000
8701 100.000000 28.795444 86.569934
12801 0.000000 18.824602 56.321789
9386 0.000000 29.958451 47.078436
17111 100.000000 36.553924 2.012733
9031 95.887337 91.317507 0.000000
3408 76.326982 9.969558 0.000000
17395 98.549347 82.579807 100.000000
1932 3.848634 0.000000 46.102632
16652 11.093392 0.000000 3.873499
4719 16.680987 21.225909 100.000000
17987 100.000000 41.831625 39.513275
17658 2.631553 87.920326 0.000000
13435 46.203424 50.134828 0.000000
619 0.000000 52.128515 59.906161
13217 10.171477 0.000000 36.902443
3204 100.000000 67.285456 91.841777
17834 100.000000 71.240401 21.701648
4462 0.000000 10.660151 81.658338
12726 0.000000 37.105171 89.648871
7443 23.725311 76.298299 100.000000
4652 0.000000 42.594223 39.157271
17835 100.000000 80.625440 8.411218
17305 34.007294 4.099523 100.000000
1694 100.000000 39.154328 50.399561
328 100.000000 85.248227 47.259518
18012 0.000000 50.899799 88.080457
6997 21.229218 9.349352 100.000000
16836 97.733557 96.458112 0.000000
2378 72.246904 0.000000 46.894316
4126 71.702613 0.000000 45.390400
10305 55.319149 0.000000 0.000000
1072 100.000000 45.316157 77.839598
17306 34.222313 3.113073 100.000000
13934 94.819941 64.741776 100.000000
2104 100.000000 10.923996 59.055214
6510 0.000000 47.041900 96.085948
11337 74.341606 50.151972 100.000000
13800 72.790233 50.876197 100.000000
6383 9.552921 0.000000 86.181971
8104 93.959258 23.708737 0.000000
10843 100.000000 0.909215 65.955515
613 100.000000 77.037747 80.738360
2735 87.632697 0.000000 40.479884
17954 0.000000 50.205074 82.409054
3883 12.825643 64.785636 100.000000
6358 23.664388 66.506905 100.000000
17396 97.836043 87.325626 100.000000
17379 98.149529 86.903758 100.000000
4262 35.752774 67.628204 0.000000
16444 0.000000 0.543892 96.462043
17172 0.000000 0.898971 96.843735
2106 100.000000 11.198625 64.241364
16838 7.770525 3.280251 0.000000
16803 8.928970 2.472443 0.000000
5882 91.637907 0.000000 39.759314
11305 91.690890 0.000000 41.732712
6620 100.000000 49.805693 51.096607
6321 29.577574 0.000000 71.158302
10254 100.000000 39.510146 53.262669
7909 0.000000 57.466275 2.852380
16451 3.477018 3.529650 100.000000
16454 3.087216 3.304860 100.000000
17292 4.648964 2.257204 100.000000
8329 64.483823 75.846978 100.000000
16653 11.505011 0.000000 3.928540
17240 18.619117 0.000000 95.132075
7895 11.187469 0.000000 46.218307
9299 64.689991 75.019937 100.000000
4737 100.000000 32.932294 35.498917
410 100.000000 44.708146 94.178339
17659 3.093878 98.742842 0.000000
1610 100.000000 52.525253 100.000000
4879 10.868442 46.460216 0.000000
3100 59.270774 93.943023 0.000000
6213 0.000000 38.375331 29.377664
4665 100.000000 36.763843 22.123321
11995 35.635960 41.249493 0.000000
9600 3.521930 0.000000 68.690096
1008 25.356317 97.450974 0.000000
4538 100.000000 95.306735 12.973435
3820 100.000000 48.191736 4.797886
5878 62.921348 0.000000 100.000000
5879 65.643151 3.809000 100.000000
6988 100.000000 11.031732 71.343626
8106 7.105513 23.807674 100.000000
12126 55.514848 0.000000 82.217193
17836 100.000000 98.278122 7.759166
3071 100.000000 16.161616 100.000000
1484 7.756897 89.216412 0.000000
17559 67.482831 3.179426 0.000000
3743 0.000000 82.122427 31.993637
3985 90.699189 0.000000 33.960760
2590 31.807199 0.000000 43.585195
2591 31.042300 0.000000 40.405008
9222 16.546146 100.000000 18.757455
12001 2.343496 77.851237 0.000000
7102 84.347455 96.854602 100.000000
11888 57.543186 83.627170 0.000000
17817 100.000000 94.297210 7.882927
6575 49.438202 0.000000 100.000000
6495 50.088195 0.000000 92.452257
6494 50.561798 0.000000 100.000000
17716 100.000000 50.470831 6.929760
10064 65.732361 86.521013 100.000000
12912 100.000000 37.336061 25.199543
1727 100.000000 11.360292 39.497723
8110 0.000000 10.679612 0.000000
1078 100.000000 8.214770 35.385775
3744 0.000000 81.761356 36.743875
2674 0.000000 99.276524 59.098488
2779 71.341318 0.000000 26.024220
9993 64.893617 0.000000 0.000000
4560 65.957447 0.000000 0.000000
3678 71.962196 0.000000 28.356399
5279 71.552457 0.000000 28.189278
3601 100.000000 0.692228 59.442458
11962 83.964589 0.000000 56.300948
4622 87.278773 0.000000 55.466391
4121 51.031789 1.483799 100.000000
546 25.859271 0.000000 38.372102
11206 39.299313 90.276254 100.000000
4414 6.166233 78.114228 0.000000
14055 96.818589 63.384637 100.000000
13938 94.499131 63.662640 100.000000
9252 94.627260 62.564098 100.000000
12417 91.693635 73.115153 100.000000
18117 11.246858 0.000000 99.523772
10917 0.000000 39.410831 10.906134
7763 100.000000 43.601504 74.314106
12246 29.005557 22.425259 100.000000
6504 0.000000 44.633613 51.764710
4354 0.000000 30.449362 6.206410
8008 100.000000 4.857894 96.879774
1664 90.872035 0.000000 43.973421
9083 100.000000 33.552835 29.278643
4533 100.000000 32.438883 37.365910
16765 54.803304 100.000000 72.591338
17463 56.605137 100.000000 84.891425
16771 56.407518 100.000000 69.982530
3832 100.000000 13.080256 65.317814
4804 100.000000 13.684553 68.333215
13996 96.948670 61.960435 100.000000
10360 100.000000 83.838384 100.000000
5981 91.393193 59.034172 100.000000
1760 94.294463 59.541406 100.000000
18176 84.048593 0.000000 93.716822
2163 91.284993 56.173510 100.000000
11698 100.000000 9.917954 42.007595
17838 100.000000 77.141975 22.308296
9317 100.000000 28.346031 83.889265
7843 80.571209 84.718486 100.000000
2034 100.000000 60.701081 19.513279
6948 0.000000 42.656478 60.684993
6949 0.000000 41.910891 62.406755
3008 100.000000 34.581830 61.368084
4623 24.250924 25.030295 100.000000
4937 85.733138 32.027372 100.000000
17246 2.367131 0.000000 96.273231
17242 2.787540 0.000000 95.736426
4959 3.370787 0.000000 100.000000
17241 3.201592 0.000000 97.054103
7022 64.044944 0.000000 100.000000
5877 18.864723 98.331924 100.000000
10560 66.522144 3.172442 100.000000
17331 2.945568 0.814621 100.000000
17334 2.720897 0.786589 100.000000
16654 63.143139 0.000000 96.440273
16575 62.549289 0.000000 96.025195
16655 89.262785 0.000000 96.830482
16656 61.840378 0.000000 95.740458
1228 100.000000 67.676768 100.000000
3202 100.000000 66.666667 100.000000
12988 96.670013 68.363034 100.000000
17398 97.898471 67.804389 100.000000
17397 98.801459 68.529218 100.000000
17400 97.489610 69.199893 100.000000
9977 95.000217 69.100076 100.000000
18029 0.000000 50.150479 82.948944
1227 100.000000 68.686869 100.000000
1229 100.000000 68.433457 92.670280
5459 53.674334 0.000000 63.186846
12656 100.000000 13.880263 87.081782
17783 100.000000 73.091259 7.335695
12772 100.000000 41.250246 76.438179
10949 100.000000 54.372019 13.162459
9962 76.953787 56.609773 0.000000
8492 100.000000 38.698775 36.500692
1256 100.000000 58.685231 82.113680
1676 39.584224 8.669548 0.000000
6816 39.488891 10.696967 0.000000
13990 96.956048 55.773293 100.000000
5518 94.195653 56.068309 100.000000
5881 91.144803 0.000000 38.912103
12882 0.000000 43.211271 64.662824
11375 89.749114 78.233051 100.000000
7488 61.702128 0.000000 0.000000
9655 20.774842 0.000000 38.181018
6174 59.275702 40.251680 0.000000
11083 100.000000 28.633946 22.141846
4999 100.000000 56.530190 92.550427
17574 97.935004 1.148219 0.000000
6727 100.000000 6.969160 26.742551
3680 100.000000 7.984098 29.544258
11281 100.000000 34.109036 35.585223
9651 100.000000 40.957668 74.406302
17427 26.656134 100.000000 12.474686
11254 70.850757 8.117678 0.000000
4101 73.654810 9.681366 0.000000
11590 92.829887 66.454001 100.000000
11591 93.248827 67.798267 100.000000
8209 79.504571 45.749478 0.000000
5982 92.870045 58.359926 100.000000
1598 95.822420 58.797024 100.000000
7782 100.000000 49.413204 92.825712
17620 3.553966 41.388840 0.000000
7243 100.000000 53.535354 100.000000
10197 0.000000 5.237670 48.636056
17925 100.000000 57.062168 5.962471
17926 100.000000 57.562524 5.313996
13999 96.011238 67.162117 100.000000
14093 98.128868 66.519965 100.000000
17399 98.009644 67.290810 100.000000
2652 100.000000 20.470704 12.558847
10671 10.462422 0.000000 46.257530
16800 96.291265 97.734739 0.000000
16756 46.858686 100.000000 75.887138
17461 47.605596 100.000000 88.206482
13082 18.730670 77.834790 100.000000
4132 79.176296 55.776950 100.000000
16749 96.848161 100.000000 11.028168
17541 59.801835 1.403727 0.000000
17565 60.477878 1.764358 0.000000
17562 61.256599 2.053390 0.000000
2357 16.132106 61.298690 100.000000
16503 0.000000 50.129834 97.770685
6240 0.000000 49.688772 96.145831
10100 21.133230 0.000000 35.022422
2904 0.000000 27.633418 32.626633
13075 30.493646 77.618373 100.000000
13503 0.000000 48.404849 38.769868
10306 57.409933 3.346605 0.000000
17244 22.824838 0.000000 97.220321
5260 12.270758 23.796395 100.000000
8549 28.127702 0.000000 35.635237
9829 100.000000 82.274272 33.912311
13994 95.292956 65.904353 100.000000
14000 97.588236 65.282475 100.000000
1050 59.061770 9.166016 0.000000
10629 57.440233 5.938410 0.000000
4096 100.000000 16.575870 31.995961
16560 0.000000 3.261236 3.988347
1389 100.000000 29.207384 78.943439
11646 27.386181 0.000000 36.072865
17307 28.148477 1.716061 100.000000
987 0.000000 62.261800 20.078138
11252 0.000000 0.000000 41.176471
17174 0.000000 12.091914 96.312919
1257 100.000000 58.067572 76.052328
10097 0.000000 9.708738 0.000000
16559 0.000000 49.707696 97.978478
6239 0.000000 49.486490 93.359581
1565 21.123504 0.000000 60.001989
2376 50.885652 0.000000 86.017929
6581 46.761896 0.000000 67.373651
5375 100.000000 3.528288 90.614472
8687 100.000000 82.732515 45.284806
13105 58.632371 24.107423 0.000000
18039 85.493621 0.000000 73.702619
212 62.198905 0.000000 5.622001
18145 51.142493 99.200640 0.000000
2491 90.716411 0.000000 29.640167
17343 1.613131 3.756575 100.000000
3144 93.014651 40.103488 0.000000
18168 81.425320 0.000000 93.086722
16579 79.541755 0.000000 96.160887
4294 0.000000 0.950105 21.599110
3422 69.405830 19.130808 100.000000
17014 100.000000 59.690198 4.863566
17043 100.000000 59.195723 4.890158
17748 100.000000 59.749076 2.573808
5902 27.400372 98.754254 0.000000
16977 1.662521 5.756495 0.000000
16973 1.419511 5.688516 0.000000
5554 54.407337 75.942956 0.000000
4368 52.402176 76.613907 0.000000
10109 91.188502 80.563404 100.000000
12343 100.000000 27.910309 23.428384
8705 100.000000 85.858586 100.000000
17403 98.033371 84.697587 100.000000
13750 95.192232 79.948486 100.000000
3957 97.089522 80.422861 100.000000
8775 92.848176 80.054237 100.000000
14032 93.022317 83.609758 100.000000
17414 98.380895 74.349072 100.000000
13969 93.846404 76.193045 100.000000
13755 91.645971 76.503551 100.000000
13688 96.435629 75.768250 100.000000
12266 92.131020 68.694471 100.000000
13970 93.402950 77.221200 100.000000
2264 96.579394 76.967244 100.000000
5528 0.000000 2.065061 16.702601
17404 98.148743 75.250758 100.000000
5146 0.000000 1.470391 11.191815
16657 2.157337 0.000000 2.742402
9978 100.000000 69.696970 100.000000
17564 71.242228 2.373979 0.000000
17571 71.413812 2.152381 0.000000
17664 9.092582 42.183405 0.000000
17640 9.747684 42.460473 0.000000
1597 97.624435 58.091679 100.000000
1599 94.275078 57.384259 100.000000
17115 100.000000 64.684334 9.042927
18111 0.747142 0.568816 0.000000
18110 0.577838 0.460050 0.000000
8844 0.000000 0.970874 0.000000
16978 0.266361 1.172478 0.000000
16979 0.262813 0.801181 0.000000
4801 98.473908 59.297351 100.000000
1759 97.396593 60.107522 100.000000
14001 97.287649 64.225726 100.000000
17407 98.240271 68.947279 100.000000
13165 89.819606 0.000000 40.135704
7007 91.279199 61.822086 100.000000
16949 1.420734 2.779344 0.000000
16952 1.212666 2.743723 0.000000
7376 27.965831 0.000000 42.104733
11413 27.849081 0.000000 38.459858
11414 28.529211 0.000000 39.015735
10161 100.000000 28.660489 25.101071
401 100.000000 29.407279 26.454686
17116 100.000000 34.078722 1.911061
399 100.000000 29.552756 29.670737
17408 98.599122 84.249282 100.000000
400 100.000000 28.778506 28.074489
10980 100.000000 41.557174 74.978699
6838 100.000000 84.747556 56.263226
2639 32.644343 78.737990 100.000000
5883 91.168460 0.000000 41.447293
16466 98.692214 1.326958 100.000000
16472 98.461205 1.617896 100.000000
16675 97.925183 0.760907 100.000000
7720 10.080309 100.000000 68.157504
17567 58.360309 2.486895 0.000000
17566 58.220881 1.510094 0.000000
13404 13.740123 100.000000 70.606041
678 100.000000 21.902421 70.110609
7057 0.000000 29.825539 70.840341
17373 98.502752 83.059889 100.000000
17409 98.155265 83.781913 100.000000
17410 98.405649 83.484409 100.000000
17932 100.000000 56.784311 2.228199
17916 100.000000 56.518280 2.653592
7000 9.569110 100.000000 59.100780
17842 100.000000 76.563120 24.266429
17843 100.000000 76.838231 23.252814
8863 85.586216 93.205325 0.000000
7023 65.104055 62.072919 100.000000
16663 99.130621 15.974482 100.000000
7801 88.922034 0.000000 80.114731
17176 0.000000 11.749975 96.831056
18177 99.615729 0.000000 83.062561
18178 99.599159 0.000000 79.876950
12237 100.000000 23.918079 26.151110
7151 32.173623 45.997009 100.000000
5754 0.000000 70.591077 51.532505
594 46.793402 100.000000 53.965212
18256 100.000000 0.239385 80.292041
5195 0.000000 32.251325 63.805018
17740 100.000000 79.233338 7.481714
17818 100.000000 94.896903 5.175562
17844 100.000000 95.457496 5.021446
17849 100.000000 95.737687 6.958232
17411 98.302795 80.908807 100.000000
17416 98.484559 80.550030 100.000000
17378 98.806731 81.393032 100.000000
17412 98.265116 76.309615 100.000000
17413 98.212372 75.771550 100.000000
8358 0.000000 0.856053 6.031822
17405 97.940768 74.631876 100.000000
4794 100.000000 38.403162 3.721114
17031 100.000000 38.011600 1.937948
16406 1.316286 1.322731 0.000000
16812 0.600782 1.759345 0.000000
16659 2.587332 0.000000 2.400234
5014 2.127660 0.000000 0.000000
17415 98.363299 76.825393 100.000000
12655 54.722204 55.905786 100.000000
16508 0.000000 0.966205 2.963528
18030 0.000000 50.775439 92.941174
11134 96.473035 93.848248 100.000000
13488 97.936050 94.956447 100.000000
12198 34.875197 55.217370 100.000000
11243 95.040877 94.960537 100.000000
2032 100.000000 60.699083 12.984441
16828 97.807768 93.422744 0.000000
18074 82.117783 0.000000 25.747079
4654 59.530124 4.845111 0.000000
17568 57.920836 2.669653 0.000000
18179 99.773950 0.000000 78.544353
13396 98.876404 0.000000 100.000000
13521 29.787234 0.000000 0.000000
16660 1.050315 0.000000 2.259522
16658 1.632547 0.000000 3.323711
17469 71.049430 100.000000 55.103755
11580 100.000000 24.765098 25.157736
2386 1.063830 0.000000 0.000000
13121 0.000000 97.087379 0.000000
3506 7.055893 28.229553 100.000000
17470 72.775596 100.000000 51.749703
17044 100.000000 51.406021 3.418397
17120 100.000000 51.970906 3.130758
17784 100.000000 51.723868 4.667017
774 100.000000 88.918596 16.380461
13761 97.380913 96.131098 100.000000
17420 98.363198 98.044353 100.000000
4815 100.000000 96.969697 100.000000
17419 97.890245 96.919743 100.000000
17121 100.000000 24.197563 1.970092
13467 100.000000 98.989899 100.000000
8505 0.000000 70.130805 30.513558
5156 59.746725 3.409617 0.000000
17933 100.000000 56.637134 6.134571
16678 98.201822 17.513923 100.000000
18075 88.335193 0.000000 48.290959
17443 32.034760 100.000000 9.893238
17609 8.598243 41.858212 0.000000
9927 70.927080 51.424420 100.000000
16389 8.014044 8.392909 0.000000
17845 100.000000 71.588584 21.531289
18088 3.517699 2.591693 0.000000
9953 89.328238 2.092032 100.000000
6945 54.500630 99.071271 0.000000
17846 100.000000 92.902348 13.670179
17308 22.087925 2.156122 100.000000
16462 97.948068 2.284308 100.000000
16471 98.378107 2.130569 100.000000
5437 91.500390 0.000000 35.189117
17848 100.000000 78.696160 23.034594
1377 78.023809 71.741231 0.000000
5126 86.729187 0.000000 60.560544
17667 2.372748 98.118147 0.000000
6596 85.162556 92.246419 0.000000
17444 14.956567 100.000000 8.649860
2953 100.000000 95.192308 0.000000
9082 100.000000 34.120090 32.346993
16449 2.933305 1.261689 100.000000
17332 2.040683 2.097456 100.000000
17362 1.568572 2.851021 100.000000
13182 8.988764 0.000000 100.000000
17245 9.030527 0.000000 97.486844
16478 99.686783 0.572606 0.000000
16481 99.377895 0.822944 0.000000
17544 99.765006 1.035397 0.000000
17421 97.992107 90.249731 100.000000
388 21.378644 26.761493 100.000000
8917 32.383592 96.993201 100.000000
16400 4.348786 4.781626 0.000000
17309 30.851948 2.148099 100.000000
12867 94.256762 43.591688 0.000000
16782 58.084739 100.000000 72.366280
17504 57.818586 100.000000 82.384016
17348 3.177624 7.082182 100.000000
17346 2.258902 7.553121 100.000000
11977 0.000000 8.737864 0.000000
17668 2.889060 98.394245 0.000000
11101 11.538462 100.000000 0.000000
17669 15.979456 54.591427 0.000000
17602 14.862667 54.301393 0.000000
9123 100.000000 90.039175 31.658113
17850 100.000000 89.510019 24.001774
17851 100.000000 89.101571 24.352264
11186 57.893955 98.988491 0.000000
16480 98.422161 2.043445 0.000000
17259 98.958718 0.000000 1.833915
3983 91.049968 0.000000 34.734507
10268 100.000000 1.923077 0.000000
6353 95.505618 0.000000 100.000000
16661 96.180495 0.000000 97.535177
17311 29.838034 2.523608 100.000000
17974 54.448774 98.667426 0.000000
18149 54.877658 98.750632 0.000000
17985 55.939699 99.001081 0.000000
17854 100.000000 84.626577 7.698739
16676 97.342690 6.794137 100.000000
16688 98.049016 6.875593 100.000000
17519 67.027646 1.224514 0.000000
8682 79.121626 56.608730 100.000000
17073 100.000000 58.460830 2.902520
17119 100.000000 57.871573 3.512669
17804 100.000000 58.216364 1.595951
16463 96.536901 3.411125 100.000000
16671 94.770738 2.012435 100.000000
1583 100.000000 16.346154 0.000000
17177 0.000000 35.327950 97.375901
7371 89.192069 0.000000 51.568323
18078 88.988233 0.000000 52.469397
17548 94.741378 1.213356 0.000000
17570 63.925949 3.095152 0.000000
8956 69.313137 0.000000 92.770025
18076 80.010255 0.000000 18.053890
17207 33.584931 0.000000 96.538920
17560 66.820111 3.140430 0.000000
18081 88.932509 0.000000 51.787264
18080 88.897788 0.000000 51.052699
16689 97.476792 5.925861 100.000000
4403 100.000000 44.444444 100.000000
17438 9.047691 100.000000 6.316345
12906 29.213691 99.414433 0.000000
13224 0.000000 37.296536 31.764482
18083 86.863525 0.000000 45.574201
17607 3.200796 95.798650 0.000000
17968 100.000000 44.383404 77.369341
17446 13.715531 100.000000 11.807494
17445 10.886124 100.000000 10.461602
16562 0.000000 51.383694 98.724128
17310 3.508186 7.305452 100.000000
16563 0.000000 51.745536 98.503646
18084 86.248050 0.000000 43.993136
12017 84.012975 64.113785 100.000000
18085 78.564834 0.000000 10.825122
17969 100.000000 44.179944 77.229431
17698 100.000000 46.880271 7.367551
17197 8.595094 0.000000 97.782842
17276 16.431087 1.685424 100.000000
17277 15.846018 1.550500 100.000000
17237 34.694978 0.000000 96.970272
17741 100.000000 78.738888 7.798786
17731 100.000000 64.660940 4.346603
17670 12.635654 51.662849 0.000000
4694 0.000000 66.051914 43.620663
16713 97.831341 5.691015 100.000000
16711 98.558202 6.034127 100.000000
16997 100.000000 52.506884 3.095634
17736 100.000000 52.330160 1.614171
16394 10.706485 10.752124 0.000000
16419 10.973953 9.932674 0.000000
16795 5.655080 15.396811 0.000000
17671 8.926744 44.225430 0.000000
16476 98.646067 1.716251 0.000000
17533 99.250430 2.595796 0.000000
16840 12.022112 4.310298 0.000000
16919 11.782261 4.188829 0.000000
16842 4.824909 11.694920 0.000000
16437 8.768519 9.087512 0.000000
16399 9.189503 8.176984 0.000000
16869 5.405894 12.091123 0.000000
16390 7.680845 9.165658 0.000000
16844 4.417858 12.653166 0.000000
16846 9.209212 4.553672 0.000000
16847 3.037422 10.484110 0.000000
16854 16.046975 5.447414 0.000000
16855 14.957637 6.935854 0.000000
16856 6.430306 15.066242 0.000000
16857 5.854739 16.197994 0.000000
16858 5.615002 16.089302 0.000000
16955 7.197243 15.326841 0.000000
16860 10.472883 19.282038 0.000000
16861 24.388033 6.237704 0.000000
16862 17.474496 7.777306 0.000000
16880 5.549340 18.443593 0.000000
16938 5.813429 18.550868 0.000000
16863 6.224099 18.517654 0.000000
16864 7.729443 17.413909 0.000000
16886 20.010260 6.139732 0.000000
16888 18.098458 7.588752 0.000000
16870 12.544326 5.202356 0.000000
16868 13.724883 3.736402 0.000000
16872 2.687052 6.768792 0.000000
16401 4.417837 5.244173 0.000000
16873 5.960259 2.833037 0.000000
16875 2.602341 7.486005 0.000000
16954 16.506933 6.463005 0.000000
16956 17.253813 5.992587 0.000000
16877 17.351129 6.245204 0.000000
16878 15.890982 8.052813 0.000000
16879 6.667628 16.818794 0.000000
16403 10.358473 13.541327 0.000000
16881 5.643860 18.026171 0.000000
16882 15.940516 8.313854 0.000000
16884 7.991844 2.153198 0.000000
16885 7.489806 3.031833 0.000000
18089 1.511168 0.834090 0.000000
16925 1.597471 0.518465 0.000000
18104 1.338879 0.755612 0.000000
16889 2.054444 0.501211 0.000000
16890 2.143646 0.761671 0.000000
16891 0.793565 2.026216 0.000000
16427 2.015097 1.527257 0.000000
18090 1.342522 2.089770 0.000000
16947 1.253526 2.447806 0.000000
16894 2.322870 0.925765 0.000000
16895 21.601100 5.172392 0.000000
16896 19.066732 7.953462 0.000000
16897 8.350830 18.075248 0.000000
16914 7.421206 19.883417 0.000000
16900 18.746154 8.585421 0.000000
16902 20.173328 8.427009 0.000000
16813 22.615376 6.441108 0.000000
16410 14.276426 14.298165 0.000000
16915 20.401437 7.210312 0.000000
16905 21.250636 6.733225 0.000000
16414 13.949382 13.522601 0.000000
16412 8.061426 7.320505 0.000000
16413 8.307778 6.518756 0.000000
16910 11.096336 4.599275 0.000000
16912 11.447791 3.409236 0.000000
16409 12.653646 14.240730 0.000000
16898 6.830496 20.117774 0.000000
16917 5.782809 23.007420 0.000000
16918 8.515125 20.664499 0.000000
16921 15.809484 4.875247 0.000000
16927 16.026752 5.063834 0.000000
16923 15.289641 5.022443 0.000000
16924 1.310502 0.363463 0.000000
16980 0.872555 0.374843 0.000000
16928 5.819738 14.882254 0.000000
16817 1.746910 6.308559 0.000000
16933 6.156131 2.347297 0.000000
16934 18.498765 6.972321 0.000000
16936 3.032868 7.781441 0.000000
16937 7.853640 2.909053 0.000000
16939 17.504761 7.004752 0.000000
18108 4.641841 1.831581 0.000000
18109 4.901528 1.704187 0.000000
16940 5.482683 1.650711 0.000000
16941 5.678281 1.767313 0.000000
16942 2.115378 5.507518 0.000000
16944 8.683906 20.727597 0.000000
16945 2.936696 0.695336 0.000000
16946 2.898705 1.023657 0.000000
16892 0.774467 2.578346 0.000000
18093 2.006919 3.397454 0.000000
16948 1.323714 3.282407 0.000000
16950 3.109607 1.237889 0.000000
16951 3.110009 1.031448 0.000000
16953 17.982435 4.711547 0.000000
16957 6.237319 16.495224 0.000000
16959 3.749508 10.568651 0.000000
5415 5.319149 0.000000 0.000000
16961 4.038309 1.476340 0.000000
18215 5.032507 0.763157 0.000000
16964 3.918081 1.262384 0.000000
16965 4.439951 13.594542 0.000000
16971 4.653591 13.062226 0.000000
16967 4.672842 13.686868 0.000000
16835 4.389592 1.576287 0.000000
18094 4.494987 1.772618 0.000000
16970 1.410319 5.131536 0.000000
16969 1.022228 5.220914 0.000000
16439 3.115197 4.062957 0.000000
16974 1.313836 5.472941 0.000000
16975 3.886885 2.817574 0.000000
16976 4.694409 2.167592 0.000000
18092 4.397182 2.770124 0.000000
18087 3.028709 4.766141 0.000000
18091 0.959321 0.631055 0.000000
16981 0.146332 0.565059 0.000000
16982 0.576697 0.225674 0.000000
17354 2.204829 6.167875 100.000000
17312 2.351130 6.382607 100.000000
17316 7.652085 2.756563 100.000000
3805 11.235955 0.000000 100.000000
16443 5.415887 4.333754 100.000000
17178 0.000000 0.251590 96.207351
433 0.000000 1.000000 100.000000
17179 0.000000 0.610716 98.326445
16445 1.494866 1.654593 100.000000
17319 0.798828 2.178302 100.000000
18115 1.632320 1.116943 100.000000
17320 2.403803 0.877340 100.000000
17280 0.870781 2.584540 100.000000
17326 0.394766 1.430718 100.000000
17322 0.468973 1.867438 100.000000
16447 0.790575 1.121536 100.000000
17324 1.391299 0.498900 100.000000
745 1.123596 0.000000 100.000000
17325 0.998927 0.546997 100.000000
16448 0.461886 0.884852 100.000000
17328 0.252395 1.279764 100.000000
18237 0.267516 0.981444 100.000000
17327 0.137806 1.101808 100.000000
17329 0.758712 0.456952 100.000000
17330 3.539419 0.570435 100.000000
18141 1.183890 2.840824 100.000000
17333 1.437223 2.319443 100.000000
18113 1.491575 2.003243 100.000000
18239 6.393928 1.314339 100.000000
18231 6.041183 1.198206 100.000000
17337 5.064520 2.324609 100.000000
17339 5.818546 2.070047 100.000000
17340 5.430434 2.714512 100.000000
17342 4.131217 2.101741 100.000000
18130 4.011103 1.924551 100.000000
18220 4.909107 1.302415 100.000000
16453 2.885992 2.902970 100.000000
18243 5.202980 1.282831 100.000000
17349 3.069785 7.402683 100.000000
17350 8.122987 2.908092 100.000000
17270 9.551293 2.350335 100.000000
17301 8.148573 3.185319 100.000000
18245 6.988428 1.757426 100.000000
18242 6.755512 1.785491 100.000000
18116 2.022327 2.770668 100.000000
18142 3.395909 1.929830 100.000000
18218 4.018520 1.591878 100.000000
16460 0.217978 0.659350 100.000000
17359 0.088946 0.690290 100.000000
17360 0.543261 0.267472 100.000000
17356 1.206858 3.539813 100.000000
16470 97.526559 2.377855 100.000000
16691 96.937330 1.417095 100.000000
16693 98.270512 5.174616 100.000000
16695 95.214551 1.968673 100.000000
6352 94.382022 0.000000 100.000000
16700 95.956946 1.657473 100.000000
16697 95.365600 1.511042 100.000000
16464 96.437635 2.839900 100.000000
16465 97.089518 2.988973 100.000000
16468 97.060567 2.450943 100.000000
16701 98.379080 4.302607 100.000000
16703 98.346003 0.735968 100.000000
16467 98.916999 1.030587 100.000000
16704 99.136975 2.009546 100.000000
16723 99.527437 0.438225 100.000000
16474 99.360276 0.880487 100.000000
16724 99.183264 0.401530 100.000000
16708 96.148550 1.237207 100.000000
16709 95.887021 1.336406 100.000000
16714 96.529514 1.258039 100.000000
16715 98.623000 3.560722 100.000000
16719 99.164535 2.265729 100.000000
16720 97.669654 0.884619 100.000000
16721 99.882249 0.984435 100.000000
16722 99.714378 1.192701 100.000000
16473 99.696868 0.699170 100.000000
16705 98.755427 0.478999 100.000000
16725 99.632498 1.379214 100.000000
16727 97.843496 5.976867 100.000000
17573 99.243632 2.155272 0.000000
16477 98.913693 1.495239 0.000000
17581 99.506743 1.377902 0.000000
17575 99.474544 1.802707 0.000000
16479 99.018864 1.050951 0.000000
17578 99.862947 0.642385 0.000000
17582 98.550075 0.581763 0.000000
17537 97.581503 1.295795 0.000000
17583 97.686795 1.121865 0.000000
17579 99.428067 0.362302 0.000000
17586 99.662411 1.289830 0.000000
16564 0.000000 99.357594 98.517366
16565 0.000000 99.720760 96.064579
17422 99.295559 99.383679 100.000000
17423 98.179056 99.752672 100.000000
16484 1.395087 100.000000 96.465838
16784 0.621235 100.000000 95.952413
17123 100.000000 99.361665 94.361174
17448 1.125017 100.000000 4.589048
17449 2.747096 100.000000 2.067771
18166 68.544687 0.000000 95.086205
16573 78.549234 0.000000 93.441829
18184 78.635164 0.000000 96.141982
18214 5.952664 0.000000 1.089111
16580 79.050461 0.000000 94.961676
18185 79.507007 0.000000 93.639136
18186 70.260007 0.000000 94.939555
18189 69.144153 0.000000 95.418799
18187 69.727807 0.000000 95.388508
18191 68.024723 0.000000 95.199033
18192 76.941615 0.000000 97.987182
18193 77.376119 0.000000 97.783107
18194 91.947462 0.000000 97.179539
16618 74.054960 0.000000 95.240922
18198 74.522159 0.000000 97.212056
18199 74.957293 0.000000 96.399973
18200 75.270730 0.000000 96.444451
16626 89.671512 0.000000 97.933561
18206 89.690335 0.000000 96.212873
18174 89.195041 0.000000 95.002639
16646 21.786927 0.000000 2.561701
18207 80.788483 0.000000 93.491816
18208 88.795643 0.000000 94.561750
16651 72.602868 0.000000 96.013864
18210 72.922178 0.000000 96.690789
18212 91.041127 0.000000 96.254719
18213 89.522610 0.000000 95.565077
16687 99.038501 16.273007 100.000000
16674 97.558299 9.399573 100.000000
16785 1.751761 100.000000 98.381140
16726 94.292219 2.330915 100.000000
16698 95.069053 1.579904 100.000000
16706 98.442809 0.561388 100.000000
18146 99.396776 0.209939 100.000000
6759 68.239589 100.000000 45.645669
17471 68.851264 100.000000 62.066990
17474 71.334903 100.000000 85.767932
17472 69.901657 100.000000 85.988405
17473 68.160075 100.000000 84.777409
17475 69.720721 100.000000 58.682781
17477 63.728661 100.000000 85.384946
17478 62.161301 100.000000 81.947598
17480 65.736573 100.000000 84.643529
17482 64.909348 100.000000 85.763573
17479 66.978834 100.000000 88.974865
17483 64.338419 100.000000 59.769189
17486 59.178677 100.000000 61.581595
17484 59.903054 100.000000 56.213480
17487 48.350411 100.000000 85.262144
17488 46.737632 100.000000 66.243117
17490 58.343655 100.000000 62.645068
17492 50.918095 100.000000 86.823043
16772 51.222469 100.000000 74.395340
17493 49.562049 100.000000 84.834389
17462 49.368754 100.000000 62.405287
17495 49.040047 100.000000 86.462726
17496 47.521477 100.000000 65.635273
16783 70.159252 100.000000 16.544799
16766 53.175604 100.000000 75.478942
17499 54.976416 100.000000 84.390666
17500 54.048036 100.000000 88.991627
17501 52.713158 100.000000 85.088527
3994 44.266867 100.000000 59.973587
17503 55.795629 100.000000 56.215427
17505 57.031090 100.000000 60.664798
17507 51.994680 100.000000 86.576728
17508 57.665409 100.000000 60.087179
17509 58.620536 100.000000 84.679846
16837 97.298866 96.770631 0.000000
18096 18.654747 10.156345 0.000000
16821 8.617728 22.521652 0.000000
18097 2.831265 5.224185 0.000000
16433 2.871072 2.853917 0.000000
16845 4.230903 12.504650 0.000000
16852 14.109921 4.831826 0.000000
16866 5.165503 14.486945 0.000000
16935 7.211478 18.129738 0.000000
16972 12.953616 5.010884 0.000000
16876 2.426808 7.301927 0.000000
18098 1.755229 0.893039 0.000000
18099 1.787242 1.204522 0.000000
16893 0.723758 2.330713 0.000000
16407 1.326999 1.805670 0.000000
18101 1.863052 1.365803 0.000000
16899 6.958743 19.661836 0.000000
16906 21.383477 6.965334 0.000000
18103 1.242175 0.656415 0.000000
18105 3.138931 4.383963 0.000000
16429 2.176404 1.864246 0.000000
18106 1.906892 3.755008 0.000000
18107 2.119696 3.740150 0.000000
16441 0.322517 0.488180 0.000000
18112 0.369263 0.293476 0.000000
17857 100.000000 65.189947 6.375545
17858 100.000000 64.964485 15.112578
17859 100.000000 63.090345 10.720418
17861 100.000000 62.725715 11.426781
17867 100.000000 63.889628 9.599127
17865 100.000000 64.137726 11.244125
17863 100.000000 63.761876 3.530837
17874 100.000000 64.070059 3.717707
17869 100.000000 52.747360 1.847699
16998 100.000000 53.015876 2.937308
17875 100.000000 63.691726 9.618860
17877 100.000000 62.367968 4.095523
17048 100.000000 61.400950 6.735726
17085 100.000000 61.927121 6.807327
17789 100.000000 61.404570 9.899437
17022 100.000000 54.077590 2.588002
17880 100.000000 53.638095 4.916541
17881 100.000000 53.972353 4.053092
17883 100.000000 60.117047 2.955265
17015 100.000000 60.175310 4.748930
17911 100.000000 60.972719 3.032525
17041 100.000000 54.580897 2.570464
17888 100.000000 54.336080 1.322645
17889 100.000000 54.007880 1.416818
17890 100.000000 54.296574 3.798581
17062 100.000000 55.019191 3.357396
17906 100.000000 55.489147 2.006964
17893 100.000000 54.580173 4.016801
17914 100.000000 58.163519 4.904420
17114 100.000000 58.773936 4.000500
17921 100.000000 58.322351 5.801845
17894 100.000000 58.629531 6.481485
17895 100.000000 58.969360 6.887495
17896 100.000000 59.299178 2.733856
17898 100.000000 51.200281 2.032765
17900 100.000000 61.347225 4.193277
17901 100.000000 61.000218 9.193951
17902 100.000000 60.580795 9.588400
17904 100.000000 60.433863 8.146686
17905 100.000000 55.058153 5.233337
17907 100.000000 54.732344 4.593020
17908 100.000000 55.963687 1.596242
17910 100.000000 56.196068 2.442295
17885 100.000000 60.705630 2.655898
17912 100.000000 60.241074 7.964195
17915 100.000000 58.958585 2.084902
17928 100.000000 57.830008 5.388015
17122 100.000000 56.745868 4.167773
17917 100.000000 55.913437 6.598169
17118 100.000000 57.326453 3.885850
17841 100.000000 57.142328 2.091430
17918 100.000000 56.361887 5.956374
17920 100.000000 61.754385 10.008855
17098 100.000000 40.119092 1.566226
17091 100.000000 94.725124 88.351276
17922 100.000000 59.161771 2.204814
17924 100.000000 64.979959 4.941269
17927 100.000000 57.574257 2.266759
17929 100.000000 57.838625 1.843845
17171 0.000000 17.739337 97.438740
17166 0.000000 20.315975 96.775726
17239 13.037325 0.000000 97.294712
17314 6.691093 2.877228 100.000000
18221 7.933731 1.518404 100.000000
18222 7.351340 1.702887 100.000000
18235 8.287250 1.590178 100.000000
18223 15.494862 3.581151 100.000000
18226 14.879334 3.640654 100.000000
18224 16.431410 3.248350 100.000000
18225 14.617361 3.388192 100.000000
17298 14.835094 2.001001 100.000000
18121 14.689684 1.631543 100.000000
18248 13.560192 2.612284 100.000000
17281 12.093017 2.747918 100.000000
17275 10.585360 3.237672 100.000000
18127 13.762564 1.276114 100.000000
18128 13.013660 1.654861 100.000000
17282 11.678963 2.707512 100.000000
18129 12.927012 1.542762 100.000000
18114 3.473655 2.135873 100.000000
18233 13.586944 2.929091 100.000000
17317 7.690732 2.357830 100.000000
18131 9.089741 1.391827 100.000000
18236 9.008336 1.197430 100.000000
18132 1.949781 1.111988 100.000000
17323 0.579259 2.139623 100.000000
16450 2.163432 1.454395 100.000000
18133 2.002970 1.274579 100.000000
18136 1.062495 0.783353 100.000000
18137 0.755568 0.743847 100.000000
18139 0.509504 0.529587 100.000000
18140 0.621418 0.653809 100.000000
18238 0.872973 2.936202 100.000000
18241 6.834695 1.509776 100.000000
18240 7.180220 0.978832 100.000000
17353 5.535239 2.945739 100.000000
17345 4.690904 1.892817 100.000000
17357 1.294047 3.782716 100.000000
16459 2.356199 2.834476 100.000000
18232 5.532945 1.293082 100.000000
17355 6.264393 2.552659 100.000000
18246 7.398231 1.503243 100.000000
18143 0.324491 0.350823 100.000000
17418 98.376372 79.061848 100.000000
16483 98.471111 99.464288 100.000000
17447 12.335319 100.000000 10.779850
17576 99.407967 2.084458 0.000000
17666 2.880467 49.182897 0.000000
17630 1.879399 88.740239 0.000000
17626 8.311219 46.663475 0.000000
17831 100.000000 65.600685 17.308408
17872 100.000000 52.999265 1.591381
17886 100.000000 60.393727 2.590023
17955 0.000000 50.081048 82.663021
17956 0.000000 50.007468 82.555367
17939 0.000000 44.123824 36.192474
17940 0.000000 43.929724 36.065192
17941 0.000000 43.811837 37.048605
18147 50.473444 98.974835 0.000000
17963 52.821050 98.727297 0.000000
17960 54.034394 98.767981 0.000000
17988 53.502070 98.669599 0.000000
18158 54.346621 98.842944 0.000000
17962 51.869293 98.725891 0.000000
17992 52.025871 98.772098 0.000000
17997 55.044190 98.959347 0.000000
17979 100.000000 42.978763 37.684133
17990 53.220410 98.791822 0.000000
18159 52.987871 98.829849 0.000000
17995 52.643075 98.795222 0.000000
18079 79.643320 0.000000 16.167234
18071 89.822561 0.000000 54.874068
18100 1.750601 1.045491 0.000000
18247 4.174209 1.631534 100.000000
18249 4.492438 1.472774 100.000000
18250 9.861598 0.647314 100.000000
18138 0.901891 0.798933 100.000000
18251 0.347258 0.563612 100.000000
18252 0.222432 0.393446 100.000000
18190 69.422560 0.000000 95.087778
18234 13.750030 3.085510 100.000000
18244 5.542101 1.117182 100.000000
