6949 18.286373 100.000000 10.320773
10322 18.423112 100.000000 13.377944
10549 19.332975 100.000000 11.816637
521 84.404456 42.701259 100.000000
1969 82.724840 41.600376 100.000000
1970 83.085141 38.095013 100.000000
8210 94.010347 100.000000 87.985486
2060 96.468690 100.000000 89.191872
7005 95.620816 100.000000 83.061327
3380 71.441385 90.098131 0.000000
2200 70.184772 90.663949 0.000000
3381 71.928539 92.951853 0.000000
7842 40.999127 47.179280 100.000000
5272 40.275716 43.838569 100.000000
7843 41.886839 44.589913 100.000000
3985 26.366429 56.738354 0.000000
8128 25.010693 58.526008 0.000000
9128 27.108832 59.376156 0.000000
1181 2.049093 35.853053 100.000000
8630 1.845635 34.063864 100.000000
9648 2.733106 33.938420 100.000000
5451 0.000000 92.279544 35.960248
4437 0.000000 91.179414 45.099703
5452 0.000000 93.089301 42.597203
440 36.022774 100.000000 56.954526
442 36.569204 100.000000 53.645826
49 35.305276 100.000000 53.196958
7686 97.802530 100.000000 83.176327
7648 97.060467 100.000000 78.148571
8937 77.515099 56.561971 100.000000
3087 76.687670 57.879718 100.000000
3086 76.352644 55.464848 100.000000
3088 76.055032 56.648984 100.000000
8709 12.035998 34.816321 0.000000
558 10.801010 36.714785 0.000000
7063 12.255017 37.208636 0.000000
8727 28.057161 100.000000 78.089550
3967 26.723623 100.000000 78.283851
8890 27.285943 100.000000 80.710498
4815 17.217194 61.215404 0.000000
136 19.352715 63.256923 0.000000
4816 19.327443 60.079070 0.000000
8604 9.643916 7.333445 0.000000
14 8.548660 6.011353 0.000000
8506 8.442633 7.914645 0.000000
9444 3.616185 0.000000 81.903163
4441 4.548788 0.000000 84.199750
4411 3.302340 0.000000 85.415047
812 9.984520 0.000000 47.190858
3264 9.408560 0.000000 43.965641
7020 10.814077 0.000000 44.317299
7920 62.245460 0.000000 56.883880
8437 62.785266 0.000000 60.232863
2169 61.301727 0.000000 59.781494
10172 46.980733 0.000000 35.612670
6071 47.926629 0.000000 33.291643
9170 48.211726 0.000000 36.916305
9568 100.000000 58.220740 71.746752
2615 100.000000 57.643790 75.597218
2614 100.000000 55.059423 73.214568
9854 0.000000 46.153846 0.000000
5636 0.000000 48.076923 0.000000
4899 0.935261 44.743803 0.000000
5650 100.000000 30.037997 13.235208
3262 100.000000 32.385500 14.757667
7766 100.000000 29.703253 15.840856
1833 59.434100 100.000000 4.020008
1834 58.620421 100.000000 8.805318
1832 60.425739 100.000000 9.513385
3714 27.953264 100.000000 18.566555
3715 29.232668 100.000000 18.056874
3713 28.551451 100.000000 15.546261
8095 20.998259 1.782467 100.000000
7955 22.222222 0.000000 100.000000
9707 21.664129 3.067454 100.000000
565 12.238201 3.547428 0.000000
6547 11.086244 2.355623 0.000000
3840 11.004470 4.426922 0.000000
5163 30.580676 49.619853 0.000000
10016 31.006448 46.589439 0.000000
3874 29.046344 47.205697 0.000000
4863 52.130682 42.026885 0.000000
503 51.997477 43.698804 0.000000
502 52.733881 43.231254 0.000000
1368 11.111111 100.000000 100.000000
5576 11.903619 98.281272 100.000000
5595 12.962963 100.000000 100.000000
4443 58.414995 0.000000 68.114667
4442 59.968233 0.000000 68.632376
4811 58.946506 0.000000 71.776565
6090 12.848888 4.009370 100.000000
6088 13.172218 5.869218 100.000000
6089 11.899734 5.976563 100.000000
1102 7.798805 32.939498 0.000000
961 8.612166 33.799142 0.000000
960 8.771492 31.948855 0.000000
4611 34.069189 100.000000 63.426902
1995 34.862024 100.000000 60.040930
1997 33.161221 100.000000 59.858780
5710 23.423583 63.104899 0.000000
5709 21.647083 64.325429 0.000000
4568 23.376605 65.719850 0.000000
3968 26.291512 100.000000 75.892054
3969 25.440089 100.000000 78.155430
1797 100.000000 65.851076 36.585868
4099 100.000000 62.312508 39.380279
1798 100.000000 62.793589 34.937265
4984 62.825191 10.893927 0.000000
9939 63.517442 13.620006 0.000000
4514 64.189480 11.485844 0.000000
5501 62.681814 0.000000 50.096772
7306 60.759052 0.000000 49.380185
8255 62.166740 0.000000 45.937835
9976 59.485295 60.154689 100.000000
2257 60.104119 65.399895 100.000000
9315 58.216686 62.489432 100.000000
2198 0.000000 20.754717 100.000000
10376 0.000000 18.867925 100.000000
8503 0.581491 19.096029 100.000000
1122 88.699768 58.781734 100.000000
1123 87.405703 59.542396 100.000000
1124 87.339113 56.011484 100.000000
7451 9.453537 0.000000 84.634475
7449 10.928234 0.000000 84.665932
7450 9.932243 0.000000 87.858792
10501 74.501064 10.130325 0.000000
10513 73.824858 7.536132 0.000000
263 72.753202 8.963637 0.000000
341 48.159346 100.000000 48.533817
1038 48.424573 100.000000 53.714490
8294 50.106480 100.000000 50.490581
9749 1.331167 88.993795 0.000000
7365 0.000000 86.538462 0.000000
8307 0.000000 88.461538 0.000000
7391 100.000000 3.675689 90.759110
978 100.000000 3.704605 93.967950
5739 100.000000 0.000000 93.548387
2219 74.548847 62.064889 100.000000
8414 75.927001 62.851371 100.000000
2217 75.320910 64.838936 100.000000
4990 49.147066 0.000000 83.752176
4991 48.065814 0.000000 86.461453
4992 47.746259 0.000000 83.086887
1888 50.147321 71.449361 100.000000
2732 52.098932 71.999805 100.000000
8913 51.355619 75.747129 100.000000
969 45.709508 0.000000 59.749102
989 46.774322 0.000000 60.420296
970 46.063571 0.000000 62.666446
5921 14.321717 84.551218 100.000000
10057 16.172102 84.912666 100.000000
3437 15.177875 86.434239 100.000000
7932 0.578920 11.647243 0.000000
7931 0.696456 9.397324 0.000000
9345 0.000000 9.615385 0.000000
4294 31.225155 100.000000 50.544730
12913 31.230223 100.000000 48.085141
12879 30.615702 100.000000 48.553965
20 29.961861 100.000000 46.353357
3185 29.958489 100.000000 50.443584
4403 35.545391 72.728565 0.000000
2133 37.045646 71.979900 0.000000
2132 35.634952 69.984342 0.000000
3665 100.000000 0.000000 90.322581
9412 91.525424 100.000000 0.000000
2689 89.830508 100.000000 0.000000
1693 91.681897 100.000000 3.184706
3334 27.142039 0.000000 75.038026
3333 26.090805 0.000000 74.593513
8541 26.722188 0.000000 71.898124
3419 32.728434 100.000000 85.143616
6669 33.367917 100.000000 88.156236
9030 34.291848 100.000000 86.026023
90 9.704707 14.780883 100.000000
92 8.759875 14.810264 100.000000
10508 9.393470 13.208468 100.000000
3796 76.271186 100.000000 0.000000
6742 74.217743 95.390177 0.000000
3749 74.576271 100.000000 0.000000
10412 75.842511 43.408825 0.000000
3469 74.641973 40.893738 0.000000
3471 74.311333 43.718337 0.000000
7316 42.270274 4.379306 0.000000
1072 41.189984 3.708525 0.000000
1074 41.163543 5.694271 0.000000
9115 7.111681 13.889514 0.000000
9114 7.022825 12.200684 0.000000
7309 6.310145 13.185989 0.000000
1274 59.429093 90.984865 0.000000
1272 57.495822 89.367207 0.000000
1273 58.133752 93.516811 0.000000
295 85.236999 73.375384 0.000000
5779 85.045469 75.882264 0.000000
296 86.170225 75.273319 0.000000
4291 98.894491 0.000000 45.187957
5234 97.460715 0.000000 42.977403
10301 98.557584 0.000000 41.797556
875 0.000000 0.000000 26.666667
2753 0.881588 0.000000 25.819634
876 0.000000 0.000000 30.000000
993 1.665212 0.000000 28.241179
1648 35.811946 81.201634 0.000000
6459 34.105683 79.164600 0.000000
8726 34.114294 81.564271 0.000000
1985 35.189472 32.242931 100.000000
1984 35.684867 30.293056 100.000000
8964 36.406070 32.460398 100.000000
2973 75.803528 0.000000 98.557692
2972 75.000000 0.000000 100.000000
9054 74.833197 0.000000 97.589319
966 79.792102 11.914424 0.000000
2820 78.656968 12.668544 0.000000
2076 80.015365 14.897570 0.000000
9886 69.397757 58.758908 0.000000
7437 67.987147 59.678404 0.000000
9247 69.513679 61.747865 0.000000
3327 34.719014 8.361695 0.000000
5230 33.488190 8.118246 0.000000
7516 33.763398 10.279333 0.000000
9132 17.241043 57.358738 100.000000
4142 15.225885 58.791076 100.000000
4252 15.340263 55.067325 100.000000
2203 18.463284 77.885610 100.000000
2204 16.919819 76.291514 100.000000
8283 18.474679 75.441071 100.000000
5145 59.309658 0.000000 56.324564
5310 58.362710 0.000000 59.047454
8436 58.005516 0.000000 55.761359
2294 84.788475 53.825586 100.000000
2296 83.507264 54.662093 100.000000
7602 83.366225 50.736121 100.000000
7123 54.592060 0.000000 30.772451
5598 52.859301 0.000000 28.729579
6823 54.649402 0.000000 26.308102
10083 100.000000 90.322581 0.000000
7029 100.000000 88.688346 2.508414
3571 100.000000 87.096774 0.000000
2310 39.623955 0.000000 59.756757
2311 40.164361 0.000000 63.155501
2312 38.701002 0.000000 62.343960
8963 35.309990 35.230233 100.000000
8718 37.180021 35.743969 100.000000
3466 81.398235 42.781174 100.000000
251 81.338751 38.305554 100.000000
6253 97.080041 64.299635 0.000000
6251 98.472106 66.080969 0.000000
6252 98.466452 62.847933 0.000000
9324 69.267313 0.000000 98.225530
1967 70.335983 0.000000 96.493363
1966 70.696628 0.000000 98.595543
8775 0.000000 96.325657 53.225535
2237 0.000000 98.161359 45.667092
2236 0.000000 96.333442 42.009311
4625 55.132805 0.000000 12.024064
6069 53.818100 0.000000 13.421414
4699 53.956319 0.000000 9.797339
3038 98.864712 75.381891 0.000000
3039 98.790463 78.453487 0.000000
3037 100.000000 77.419355 0.000000
7894 100.000000 25.345630 96.782467
3418 100.000000 28.255506 96.208264
7019 100.000000 28.052288 98.240341
1113 0.000000 3.750658 90.338003
9340 0.000000 0.000000 86.666667
8450 0.000000 2.374445 92.108610
2971 76.388889 0.000000 100.000000
4378 41.241677 4.293998 100.000000
2063 42.279998 7.883725 100.000000
4377 40.744742 8.718076 100.000000
10545 71.023213 50.650045 0.000000
9276 72.369098 50.001817 0.000000
9275 71.022165 47.834821 0.000000
2946 26.276491 16.706345 0.000000
2945 24.941339 16.239495 0.000000
2494 24.973482 18.777814 0.000000
10324 67.861276 0.000000 33.228320
1263 67.857703 0.000000 37.620112
1265 66.312920 0.000000 35.320403
3270 62.932269 91.160651 100.000000
3998 63.773117 88.268553 100.000000
7872 64.773318 92.088037 100.000000
6105 51.479860 98.063939 0.000000
7298 50.847458 100.000000 0.000000
6106 52.542373 100.000000 0.000000
4475 71.244285 0.000000 28.423535
4798 71.652296 0.000000 31.837989
4000 70.516097 0.000000 30.745840
5846 64.960621 50.202238 0.000000
7002 63.874983 49.216226 0.000000
5847 64.306596 51.745804 0.000000
4454 100.000000 15.956630 97.699572
8392 100.000000 15.692686 99.058248
6133 100.000000 13.056806 98.789553
7292 100.000000 16.319943 93.431558
3298 100.000000 18.491164 92.704141
6792 100.000000 18.190034 93.961621
5906 85.371482 37.686017 0.000000
6828 85.320913 34.086825 0.000000
5907 83.903885 34.877025 0.000000
5464 74.097913 0.000000 94.314462
5463 74.956170 0.000000 95.554006
9055 73.722321 0.000000 96.116334
6846 42.274916 18.325368 0.000000
7419 40.959289 19.594483 0.000000
6844 42.377625 21.140219 0.000000
4781 9.140574 100.000000 70.746041
778 8.339247 100.000000 74.976887
498 10.077971 100.000000 73.444337
5977 53.095919 91.291286 100.000000
5976 51.240089 91.687786 100.000000
10150 51.657782 87.670908 100.000000
10177 33.273649 100.000000 67.145304
3655 34.935284 100.000000 66.626032
1550 0.000000 23.096015 29.521321
7438 0.000000 22.950129 36.850420
8616 0.000000 25.326447 32.365824
5219 22.442535 92.391817 0.000000
9337 21.759868 90.997279 0.000000
9799 21.189803 91.954543 0.000000
191 23.155446 91.246241 0.000000
9117 98.462843 56.431488 0.000000
4765 96.930017 55.195628 0.000000
7542 97.302606 57.472964 0.000000
4857 75.525456 72.432409 0.000000
4217 73.894178 71.190331 0.000000
9157 74.378489 74.376676 0.000000
5518 20.024122 0.000000 89.705416
2175 20.097955 0.000000 85.969614
2174 21.261596 0.000000 87.385798
493 23.286573 100.000000 4.963978
8777 22.748278 100.000000 2.590311
8934 21.948177 100.000000 5.115851
4789 21.198426 100.000000 2.581696
197 5.666965 97.787791 100.000000
3407 6.382808 96.221687 100.000000
198 7.610373 98.086237 100.000000
21 90.865508 8.843126 100.000000
5844 88.769046 4.370394 100.000000
1195 90.663941 4.502628 100.000000
4520 67.324899 31.924754 100.000000
5305 69.081555 33.413402 100.000000
3788 67.818977 35.562654 100.000000
6313 0.000000 0.000000 16.666667
6314 0.000000 0.000000 13.333333
6315 1.474190 0.000000 14.754038
8191 74.060172 0.000000 30.644593
4036 74.519448 0.000000 34.297876
7075 73.042816 0.000000 33.170758
2197 0.000000 21.213770 94.817713
3100 0.000000 23.540623 95.675707
9238 0.000000 22.272216 90.179936
774 44.573571 46.823022 0.000000
5376 43.108874 47.694455 0.000000
4787 44.614091 49.761810 0.000000
7334 100.000000 18.093183 59.373258
8023 100.000000 15.225772 60.501646
7559 100.000000 15.134256 57.564675
6813 12.342901 75.382103 100.000000
1884 13.524484 74.229226 100.000000
7803 14.074432 76.686252 100.000000
4604 32.139013 82.601923 100.000000
4605 34.560872 85.408864 100.000000
7447 32.785240 86.561583 100.000000
516 0.685204 7.487056 100.000000
8443 0.743217 9.041428 100.000000
887 0.000000 7.547170 100.000000
8875 77.739167 67.163870 0.000000
1915 78.225443 69.228566 0.000000
1695 78.713857 67.675846 0.000000
9984 76.553876 0.000000 7.501442
8648 76.066522 0.000000 10.998195
5081 75.248981 0.000000 7.742696
5603 40.981233 22.681402 0.000000
8345 42.603028 24.435763 0.000000
10241 12.201193 100.000000 60.076150
7540 12.667433 100.000000 56.654546
7539 11.542415 100.000000 56.710664
9094 10.321823 14.602069 0.000000
5862 10.070918 16.258771 0.000000
5861 11.041514 15.865241 0.000000
7028 100.000000 71.308118 29.603229
2727 100.000000 73.390108 26.564906
1777 100.000000 73.843433 29.274222
1001 43.586160 100.000000 80.433370
7534 41.820048 100.000000 80.058816
1002 42.248411 100.000000 83.639856
3740 2.667989 19.181808 0.000000
8107 2.493321 17.540223 0.000000
3741 1.805373 18.545887 0.000000
5373 1.826431 16.655434 0.000000
332 90.463069 100.000000 93.003776
333 91.775627 100.000000 87.455611
331 89.498762 100.000000 87.878546
7857 15.305253 0.000000 68.543764
8082 15.795024 0.000000 65.286901
4822 16.661011 0.000000 67.694523
9016 63.508003 67.489924 100.000000
1583 65.245722 69.050927 100.000000
1582 64.163166 72.369975 100.000000
3047 94.451488 46.852439 100.000000
642 95.710408 48.671938 100.000000
3048 94.492672 49.784016 100.000000
3118 9.193826 0.000000 61.408543
10536 8.864451 0.000000 63.894176
3119 8.025268 0.000000 62.472500
4320 88.553632 61.441067 0.000000
6785 90.209786 63.272545 0.000000
6784 90.112078 60.262590 0.000000
6931 85.440676 100.000000 37.257663
9207 82.851492 100.000000 36.896968
3121 84.416011 100.000000 42.313959
1865 23.921348 0.000000 77.394718
5856 22.678952 0.000000 78.967599
1866 22.873663 0.000000 75.685403
8677 16.441271 100.000000 42.171082
9527 17.078012 100.000000 40.326586
9528 16.206377 100.000000 39.697894
10450 49.929791 73.994551 0.000000
10181 49.613916 76.955012 0.000000
10404 51.311698 76.629037 0.000000
8330 0.000000 73.875969 7.852445
1162 0.000000 75.808395 6.974846
7765 0.000000 75.000000 0.000000
4777 0.000000 48.925962 66.714115
2445 0.000000 49.805735 61.266192
2444 0.000000 48.249753 59.236683
1820 66.540440 100.000000 81.171964
1863 67.978618 100.000000 78.660607
8314 66.428947 100.000000 76.271862
6497 46.404969 50.464032 0.000000
4075 45.495038 52.577760 0.000000
3717 85.369958 0.000000 3.343826
496 86.443145 0.000000 7.027293
5995 84.804312 0.000000 6.664077
1073 40.091167 4.495230 0.000000
3886 40.399485 2.138159 0.000000
7427 38.808616 2.789542 0.000000
6649 74.674742 0.000000 65.103010
6647 73.230888 0.000000 67.022483
6648 73.072906 0.000000 63.038917
3401 83.838269 0.000000 39.302955
3400 83.960918 0.000000 36.046750
10071 85.052544 0.000000 38.501267
7682 61.100872 62.142588 0.000000
10512 59.369591 62.565043 0.000000
6544 60.694411 65.286262 0.000000
945 42.250749 0.000000 67.078005
1963 41.837122 0.000000 69.449685
946 41.273777 0.000000 67.868201
9965 39.356881 0.000000 86.488490
7943 38.685475 0.000000 84.631712
7945 40.027110 0.000000 84.103951
2184 93.643784 92.127663 100.000000
2594 92.204813 88.783561 100.000000
2593 93.762492 89.173787 100.000000
4473 34.574834 62.028510 0.000000
9080 36.155881 64.267240 0.000000
4474 36.421528 61.472117 0.000000
2106 28.157663 35.187862 0.000000
8507 26.762199 32.656711 0.000000
4540 25.887427 36.077498 0.000000
1599 63.020146 10.297672 100.000000
8581 63.313878 13.997672 100.000000
3447 61.952598 12.366155 100.000000
3836 20.482736 91.322676 100.000000
5042 22.221633 91.869783 100.000000
7995 20.968464 93.129945 100.000000
4167 21.404189 95.283062 100.000000
4168 21.828976 97.460686 100.000000
4166 20.033651 96.079143 100.000000
1376 33.930251 3.620037 0.000000
8320 35.014602 4.020696 0.000000
7754 34.501102 1.959300 0.000000
5608 83.503319 100.000000 56.765397
8694 81.230431 100.000000 58.954699
8695 82.766572 100.000000 63.204400
5488 22.249169 78.728212 0.000000
3909 24.594255 79.457709 0.000000
9604 23.567980 76.930955 0.000000
5735 47.150964 1.868358 100.000000
2430 48.208130 3.324376 100.000000
2432 47.206329 4.950325 100.000000
2002 73.259981 55.269012 100.000000
3778 73.830665 58.740053 100.000000
2003 72.426365 57.430767 100.000000
7568 89.662946 66.201106 100.000000
9875 88.880258 62.839655 100.000000
8756 90.438293 64.902573 100.000000
7086 57.841920 0.000000 49.178427
7305 59.093933 0.000000 50.917020
9050 57.858129 0.000000 52.582025
7487 11.698792 47.355275 100.000000
3078 12.338654 43.979264 100.000000
7204 13.853161 46.441463 100.000000
7056 54.237288 100.000000 0.000000
8957 53.432099 100.000000 5.634218
2980 100.000000 96.817666 31.493732
7750 100.000000 94.931337 36.564768
7752 100.000000 94.120309 31.581854
10454 2.483241 0.000000 53.039426
6913 2.862502 0.000000 55.381359
1412 1.599977 0.000000 54.452505
8970 0.000000 11.081666 52.411082
9387 0.000000 12.788185 48.295485
1708 0.000000 9.902825 48.212161
7423 56.469534 61.175911 100.000000
7422 55.725016 63.536183 100.000000
8979 54.786779 60.657853 100.000000
2540 72.092927 19.108251 100.000000
6751 72.912087 16.346602 100.000000
1726 73.783156 21.289657 100.000000
4120 87.993849 34.650352 0.000000
4119 86.948706 36.095742 0.000000
9405 88.909246 37.661006 0.000000
10410 75.322774 64.918501 0.000000
7597 76.633598 66.165946 0.000000
3239 76.400621 63.591338 0.000000
8100 8.814049 100.000000 26.215198
2536 7.382550 100.000000 22.278152
8085 7.616657 100.000000 27.604997
10099 20.234362 0.000000 79.057124
890 18.982200 0.000000 77.647766
6938 20.296304 0.000000 75.149789
9838 19.087950 15.336119 100.000000
9107 18.800854 13.172903 100.000000
8536 19.971340 13.289599 100.000000
1222 60.362411 18.634642 0.000000
1221 61.901689 18.889103 0.000000
1430 60.961762 16.158815 0.000000
232 100.000000 75.094490 34.323411
1778 100.000000 75.728428 30.657506
2414 100.000000 78.372457 32.449725
5275 70.590448 88.588005 100.000000
5276 70.520929 84.788672 100.000000
2215 72.113832 87.581633 100.000000
10591 0.000000 57.360782 5.604806
8338 0.000000 57.692308 0.000000
8891 0.000000 55.769231 0.000000
6262 71.102894 50.376975 100.000000
9445 69.532739 49.127613 100.000000
8489 70.407105 46.681678 100.000000
1629 19.119444 24.866532 0.000000
9910 17.483507 25.398188 0.000000
4785 18.447598 27.976724 0.000000
5814 5.211424 11.944823 100.000000
5816 5.760740 13.310027 100.000000
9492 4.997452 13.597603 100.000000
6070 47.529289 0.000000 29.516861
6072 46.777023 0.000000 32.718917
2729 40.386759 16.770553 100.000000
2730 40.219338 13.261746 100.000000
2731 41.529787 15.838841 100.000000
9645 16.171209 0.000000 13.231882
10604 18.017873 0.000000 12.417977
8766 17.311352 0.000000 16.465438
4022 34.108736 0.000000 91.701959
9472 33.347235 0.000000 94.482197
8131 32.657881 0.000000 91.607506
2682 51.563354 13.688309 100.000000
2363 50.811561 9.675226 100.000000
2683 52.053182 10.104903 100.000000
7610 70.713875 0.000000 54.820224
9574 71.640885 0.000000 53.528425
8041 71.643158 0.000000 56.719519
930 64.555680 27.998948 0.000000
931 63.990752 25.780816 0.000000
73 63.243525 27.167382 0.000000
2762 81.392758 0.000000 45.060135
9037 81.528073 0.000000 48.470659
10500 80.203552 0.000000 46.559844
2218 74.084513 64.971858 100.000000
3779 72.936897 61.228841 100.000000
4112 30.989544 0.000000 79.753402
4419 30.525066 0.000000 82.494797
4063 29.655948 0.000000 80.749199
2741 53.591904 0.000000 74.585662
5812 52.451280 0.000000 76.558933
8933 52.332843 0.000000 73.350798
6369 13.361929 65.765032 0.000000
8876 15.061918 67.052300 0.000000
10445 15.091300 64.800004 0.000000
3179 3.764232 40.849534 100.000000
3856 4.502019 38.040905 100.000000
8710 5.666794 39.430457 100.000000
9367 0.000000 11.073295 3.785438
4843 0.000000 11.503919 7.246014
854 0.000000 14.201736 2.896223
4215 100.000000 31.034483 100.000000
4216 97.920010 27.932370 100.000000
4214 100.000000 27.586207 100.000000
881 96.071593 14.259639 0.000000
9656 94.402374 12.295912 0.000000
6216 94.612445 15.710506 0.000000
4790 22.033898 100.000000 0.000000
4788 20.338983 100.000000 0.000000
770 46.287699 100.000000 20.676292
769 44.534547 100.000000 20.172856
7994 45.561295 100.000000 24.578828
8155 1.408451 0.000000 0.000000
4989 2.606582 1.563595 0.000000
5006 2.816901 0.000000 0.000000
3360 65.269748 100.000000 79.004070
3361 64.756849 100.000000 74.807687
8783 0.000000 71.153846 0.000000
8343 0.000000 69.468327 9.482218
8442 0.000000 71.821349 8.580421
7185 73.460375 38.405042 0.000000
8094 73.683519 35.784112 0.000000
8038 72.346239 36.075434 0.000000
9388 0.000000 14.466408 44.118858
6404 0.000000 15.574159 48.304045
2289 100.000000 5.197548 82.919489
2241 100.000000 8.844718 81.169180
2290 100.000000 7.831410 84.836399
4185 80.897696 72.973884 100.000000
9420 80.441624 76.027697 100.000000
10132 79.314107 71.974233 100.000000
2391 30.495335 100.000000 92.467508
2392 28.941818 100.000000 91.175729
2393 29.116905 100.000000 94.137476
308 42.782768 64.634197 0.000000
3650 42.022658 67.645537 0.000000
306 44.335013 68.696347 0.000000
4056 22.016791 82.972933 100.000000
9378 21.220832 84.588756 100.000000
1689 20.085195 82.153368 100.000000
7565 100.000000 26.105686 86.796992
5113 100.000000 23.399563 86.016875
7566 100.000000 25.589224 85.019408
7586 6.875578 0.000000 26.574055
1560 7.916367 0.000000 27.814443
7585 6.781576 0.000000 29.534574
3646 0.566620 3.240211 0.000000
143 1.360842 5.033085 0.000000
9588 1.354841 3.275034 0.000000
6263 71.940069 47.923545 100.000000
6684 73.477743 49.268172 100.000000
6264 72.637820 51.656061 100.000000
991 47.291911 0.000000 62.759617
4972 66.560364 76.520881 0.000000
4435 67.396206 79.530852 0.000000
4434 68.189517 78.204335 0.000000
8815 0.824630 24.685784 100.000000
5490 1.544015 22.952201 100.000000
377 1.725248 24.768831 100.000000
7066 67.903725 0.000000 13.940053
1487 66.121132 0.000000 14.423402
7067 67.007562 0.000000 10.371700
9330 35.673562 44.916391 100.000000
8949 36.808224 42.195821 100.000000
4720 37.489718 45.787606 100.000000
726 15.992330 0.000000 48.829673
3090 16.286093 0.000000 45.354226
3459 17.381461 0.000000 47.165941
1266 81.064577 57.280283 0.000000
1267 80.092764 60.884006 0.000000
1268 81.986014 61.166708 0.000000
3864 76.152935 94.401592 100.000000
7897 78.465508 95.530774 100.000000
9884 77.777778 100.000000 100.000000
6779 92.905007 84.922507 0.000000
6780 91.585499 82.329088 0.000000
318 91.241059 84.983668 0.000000
1236 85.597064 25.170270 100.000000
6561 86.977976 29.160406 100.000000
8177 85.308249 28.961149 100.000000
6337 53.559533 0.000000 70.571525
4301 62.529174 21.842825 0.000000
1223 61.213950 20.900615 0.000000
4302 61.463289 23.439741 0.000000
6198 25.104915 0.000000 20.112941
5170 24.391503 0.000000 18.002402
3414 25.485035 0.000000 17.023530
2590 93.658843 43.773289 100.000000
2591 92.009094 43.151668 100.000000
2589 92.496916 39.990263 100.000000
3936 86.343903 77.771099 0.000000
3937 84.969807 78.743216 0.000000
3938 86.449511 80.975956 0.000000
933 4.240965 19.724612 0.000000
932 3.777520 21.479168 0.000000
1661 4.695621 21.172305 0.000000
8064 4.844414 15.775248 0.000000
6862 4.176420 15.679518 0.000000
6864 4.570579 16.709872 0.000000
4967 90.116269 61.393090 100.000000
4968 89.912559 57.749812 100.000000
7868 32.768502 14.473473 100.000000
5594 31.706725 12.360822 100.000000
9021 33.175210 11.083897 100.000000
9754 62.855146 24.642804 0.000000
4533 76.218785 0.000000 59.316110
6250 74.563907 0.000000 56.931572
10405 76.134050 0.000000 55.029258
1024 50.645034 39.115263 0.000000
6002 50.385733 40.921540 0.000000
6675 51.381424 40.648039 0.000000
1867 27.216916 100.000000 15.876493
1869 26.459590 100.000000 13.038238
2620 25.791484 100.000000 16.318432
3522 8.238459 27.805839 0.000000
8724 8.902645 28.561011 0.000000
9153 8.957107 27.269479 0.000000
6333 9.874583 65.764278 0.000000
6848 7.960380 67.125318 0.000000
3442 10.353429 68.003119 0.000000
8121 13.911539 0.000000 96.782455
6819 15.256112 0.000000 98.215589
5767 13.888889 0.000000 100.000000
445 65.807492 40.153337 100.000000
9273 65.405341 43.896124 100.000000
1060 64.273576 41.108594 100.000000
7925 96.502841 33.859227 0.000000
4546 95.701600 29.232586 0.000000
7212 94.327530 31.198936 0.000000
218 61.348284 85.512776 0.000000
573 63.185905 82.960307 0.000000
3084 60.788003 81.449529 0.000000
6334 100.000000 36.484043 73.750253
7681 100.000000 36.293276 77.382506
7680 100.000000 32.996910 75.889917
8774 5.872707 67.199864 0.000000
8670 4.136244 66.190462 0.000000
8672 4.609836 68.260273 0.000000
10240 5.969017 65.418290 0.000000
7173 42.560178 18.716941 100.000000
7172 44.093254 18.151144 100.000000
10182 43.602925 21.882683 100.000000
1431 62.573256 15.993859 0.000000
5547 63.769580 19.803861 0.000000
7200 7.005340 41.033922 0.000000
10374 5.950716 40.148551 0.000000
9193 5.865031 42.212764 0.000000
2498 62.560768 5.970321 0.000000
2499 63.505118 8.894375 0.000000
2460 64.255214 6.854183 0.000000
3760 0.000000 42.136139 32.156083
9614 0.000000 43.587789 29.927936
4193 0.000000 42.518355 25.465564
5723 30.414204 81.718027 0.000000
8111 28.471172 79.623592 0.000000
10159 28.576651 82.189781 0.000000
3955 72.767142 0.000000 91.252148
3139 71.738115 0.000000 92.384111
3141 71.462401 0.000000 90.149199
5571 85.844071 0.000000 27.787743
7908 85.355979 0.000000 23.449487
5572 86.824548 0.000000 24.851011
646 100.000000 53.688778 59.411032
8046 100.000000 56.363117 60.240734
647 100.000000 53.836618 62.368441
2879 11.990185 100.000000 38.018729
1028 11.317346 100.000000 41.591441
2878 12.775657 100.000000 40.548788
2568 100.000000 72.510441 10.573282
7982 100.000000 69.846158 13.809592
2566 100.000000 69.701469 10.967862
9009 51.388889 0.000000 100.000000
4794 50.777076 3.375642 100.000000
4246 50.000000 0.000000 100.000000
1079 98.747822 0.000000 62.085095
5866 97.365697 0.000000 63.026259
1080 97.551432 0.000000 59.532810
9536 17.074534 100.000000 8.583455
9537 15.915778 100.000000 9.680536
10323 17.172255 100.000000 11.599288
6471 73.756479 12.993581 0.000000
547 71.928636 11.728039 0.000000
6083 72.507948 14.755633 0.000000
2058 71.131335 100.000000 79.658909
10206 72.937691 100.000000 78.198694
9741 71.623332 100.000000 73.520368
9399 75.312040 36.538276 100.000000
9471 75.593374 40.323269 100.000000
9400 74.029447 37.157367 100.000000
3800 62.689933 27.610672 100.000000
2298 62.666427 31.101735 100.000000
3799 61.491592 28.541962 100.000000
260 78.133882 86.549507 0.000000
261 79.412200 88.916823 0.000000
259 79.343294 85.228784 0.000000
3095 12.024777 0.000000 54.681054
5012 10.775634 0.000000 53.777040
5013 11.891643 0.000000 51.284130
2530 27.204737 100.000000 73.746733
9067 26.813544 100.000000 70.785052
6241 25.933125 100.000000 73.372944
2472 15.953571 100.000000 6.925936
6175 38.590210 100.000000 26.842258
2345 39.994936 100.000000 27.081825
9372 39.184474 100.000000 23.618942
10514 0.000000 51.954108 59.127754
10255 0.000000 51.070223 62.336756
10271 0.000000 52.243927 66.428608
7853 34.257635 64.856506 0.000000
10409 78.614339 75.324999 100.000000
9390 79.771653 80.009200 100.000000
9389 77.966998 78.143386 100.000000
8154 0.000000 0.000000 0.000000
8504 1.812744 2.235343 0.000000
2633 36.111111 0.000000 100.000000
5354 36.751497 0.000000 97.149148
6194 37.500000 0.000000 100.000000
8847 100.000000 23.315619 6.661673
4180 100.000000 22.463354 5.252122
9460 100.000000 24.944724 5.188433
5437 0.000000 11.737265 79.560125
7380 0.000000 12.953247 76.542748
5458 0.000000 10.423573 74.760904
2508 33.934047 83.868853 0.000000
6666 32.325429 81.614735 0.000000
4960 32.102549 83.830257 0.000000
7513 8.824970 37.036920 100.000000
10504 7.318216 36.811151 100.000000
7511 8.722453 34.271884 100.000000
5644 56.560594 61.274179 0.000000
9164 55.021151 59.044953 0.000000
9165 54.962061 62.321460 0.000000
1136 33.510278 100.000000 97.554897
1138 34.938748 100.000000 96.894222
3384 33.376818 100.000000 94.988416
4954 48.992796 100.000000 4.658090
2687 47.392116 100.000000 8.451056
2686 48.987762 100.000000 9.578242
1553 41.431534 37.123806 0.000000
6265 42.391772 34.715177 0.000000
6266 40.852961 34.509691 0.000000
1610 100.000000 45.532255 58.279568
1612 100.000000 43.620829 55.867939
7700 100.000000 46.458600 54.921065
4106 96.268007 80.097518 0.000000
8922 97.389493 82.383237 0.000000
10170 97.530487 79.354178 0.000000
6486 58.003277 60.283248 0.000000
6014 56.560471 58.243027 0.000000
9629 31.116259 0.000000 2.325727
1070 31.048870 0.000000 4.778590
8980 29.946320 0.000000 4.202045
8878 9.143877 81.501075 100.000000
5485 10.241753 83.005916 100.000000
5484 8.802673 83.130560 100.000000
4580 8.130431 18.674997 100.000000
7106 8.848059 19.449356 100.000000
6843 8.097270 20.150213 100.000000
3260 100.000000 69.207827 51.129598
6690 100.000000 72.126725 48.685526
3258 100.000000 72.236787 52.872307
6629 100.000000 43.187194 13.470220
6630 100.000000 41.299749 16.013027
6628 100.000000 40.427122 13.670708
8566 28.123137 0.000000 85.527074
8915 29.278359 0.000000 87.241541
9374 27.974553 0.000000 88.896645
5507 17.651233 0.000000 88.978841
5541 18.849480 0.000000 87.696230
4832 18.536852 0.000000 90.958431
5342 0.000000 92.556228 93.006397
12624 0.000000 91.599139 96.462984
12585 0.000000 92.540276 97.539238
5333 53.578333 43.781886 0.000000
1972 53.121104 41.909551 0.000000
5858 40.148418 0.000000 81.267053
1990 41.146919 0.000000 81.978810
5494 7.980907 31.112121 0.000000
949 8.119668 29.419653 0.000000
948 7.280331 30.240460 0.000000
8349 100.000000 67.351308 72.821846
7654 100.000000 66.041354 70.056231
9188 100.000000 68.970945 69.712412
10062 1.186093 89.073763 100.000000
8075 0.000000 90.566038 100.000000
790 0.000000 88.679245 100.000000
10260 92.860276 10.818964 0.000000
2626 91.372451 10.039638 0.000000
10259 91.975798 12.353319 0.000000
1882 13.262444 100.000000 96.656345
5370 76.724606 38.019812 100.000000
5369 77.440606 42.526721 100.000000
10369 64.228272 100.000000 69.648630
7810 62.968386 100.000000 73.609834
6191 6.262478 25.182728 0.000000
6192 6.273471 26.323994 0.000000
6190 6.869928 25.793852 0.000000
9013 0.000000 52.461496 36.839819
1533 0.000000 52.569049 43.917036
1219 0.000000 54.073834 41.828103
9543 15.607471 23.262533 100.000000
9271 14.873196 22.237710 100.000000
9806 16.042453 21.306859 100.000000
5015 26.957997 100.000000 85.167137
5014 28.191267 100.000000 86.373589
10115 27.834460 100.000000 83.317178
7054 38.469477 0.000000 79.410797
364 37.155547 0.000000 79.769594
363 37.796711 0.000000 76.663744
7084 86.033640 0.000000 41.129782
8254 84.850990 0.000000 41.113423
4596 22.209195 0.000000 20.778303
10091 21.397167 0.000000 24.273627
9089 20.657139 0.000000 21.231040
8816 0.936263 26.636250 100.000000
3535 4.462999 100.000000 42.923308
3534 2.998433 100.000000 37.681417
8013 2.931779 100.000000 47.912510
9603 25.622100 61.837503 0.000000
6674 23.287095 60.172374 0.000000
8568 58.259459 43.921745 100.000000
10080 57.082884 44.807247 100.000000
9353 57.221719 40.884166 100.000000
5560 86.464731 0.000000 97.296579
10524 87.500000 0.000000 100.000000
2892 86.111111 0.000000 100.000000
481 23.296898 100.000000 25.275881
1410 24.065292 100.000000 23.572917
2427 22.918960 100.000000 22.838570
2012 17.357850 48.516218 100.000000
7357 18.801988 50.991989 100.000000
4809 16.447025 51.634445 100.000000
3269 62.319770 87.721115 100.000000
9100 35.281854 0.000000 62.807799
7098 36.132120 0.000000 65.244090
8274 34.640675 0.000000 66.516742
2317 93.372666 69.613738 0.000000
2318 92.304032 68.439672 0.000000
2316 92.595348 70.919612 0.000000
6729 87.695707 0.000000 63.592448
5759 88.503299 0.000000 66.233589
2928 87.166510 0.000000 66.040795
7004 95.023172 100.000000 77.570968
7647 96.580386 100.000000 73.128542
5325 7.929773 0.000000 75.794726
5324 9.036750 0.000000 75.665754
4384 8.271647 0.000000 78.472214
2986 4.348986 6.507047 0.000000
7036 5.382137 6.407716 0.000000
5849 4.375555 4.603122 0.000000
1117 27.458448 0.000000 31.634760
1116 28.081049 0.000000 35.128382
3762 26.449864 0.000000 34.562258
6121 97.227276 100.000000 6.455055
7590 95.599040 100.000000 9.135045
6588 97.925959 100.000000 12.378944
1432 61.338973 14.116324 0.000000
4365 7.216103 30.469107 100.000000
180 8.134861 30.868687 100.000000
6490 7.174659 32.368370 100.000000
8074 23.439590 0.000000 58.085052
6414 22.367252 0.000000 57.424187
8073 23.425850 0.000000 55.336343
307 45.140320 65.337609 0.000000
3433 46.676083 68.327741 0.000000
6898 47.092663 65.174051 0.000000
3724 48.991044 27.099074 100.000000
5902 47.676119 26.504138 100.000000
817 48.449776 24.090297 100.000000
6392 94.121315 88.151039 0.000000
5426 92.358415 88.455773 0.000000
5425 94.047268 91.435162 0.000000
4439 89.023804 100.000000 66.473719
4438 91.329632 100.000000 63.886639
3904 89.796793 100.000000 59.855339
8346 43.835389 22.290837 0.000000
9607 44.358949 25.082650 0.000000
10312 45.305140 22.924539 0.000000
5473 77.292654 13.377420 0.000000
9172 76.627675 15.769558 0.000000
5474 77.965302 16.316112 0.000000
436 100.000000 2.688507 75.452153
435 100.000000 2.238372 72.760450
1564 100.000000 5.497463 73.083357
4472 34.922030 59.266254 0.000000
226 33.069440 59.775169 0.000000
1609 58.848045 75.873482 0.000000
8887 57.168059 75.277496 0.000000
1607 58.411968 77.647516 0.000000
5724 38.445423 100.000000 10.927646
2253 39.297198 100.000000 7.319130
491 37.626086 100.000000 7.310387
8034 28.444721 0.000000 75.803807
5189 28.559835 0.000000 79.092171
8532 27.339915 0.000000 78.099263
3060 74.309974 73.463099 100.000000
6086 75.660419 75.129993 100.000000
2895 74.948620 77.233707 100.000000
8667 43.399523 100.000000 58.945736
6148 41.910726 100.000000 59.406649
8595 42.660941 100.000000 63.187848
8721 100.000000 42.059099 47.999679
8720 100.000000 45.053572 45.368436
1271 100.000000 45.258368 48.844792
9778 47.035179 0.000000 89.017292
3372 48.304297 0.000000 89.841496
10246 47.175624 0.000000 92.447367
5406 30.838750 34.034986 100.000000
5405 29.146836 34.267219 100.000000
7968 29.955160 31.389907 100.000000
4508 31.788787 94.435883 0.000000
7616 31.213675 92.118302 0.000000
8731 29.859886 93.163304 0.000000
8461 71.600072 0.000000 65.285390
9003 71.855670 0.000000 69.275399
4808 17.819854 54.268334 100.000000
5676 0.000000 9.271368 56.478999
5677 0.000000 8.224589 52.028429
5675 0.000000 6.472914 54.955787
2029 66.094566 100.000000 70.896163
2030 67.787335 100.000000 66.318160
2031 65.432526 100.000000 65.239954
3427 5.095090 25.600639 0.000000
9025 4.411733 26.360670 0.000000
2952 5.068611 27.720331 0.000000
7608 2.667865 75.803674 100.000000
9872 2.530597 73.933165 100.000000
7609 3.839251 75.103559 100.000000
10574 67.821264 100.000000 34.758726
9936 67.190544 100.000000 29.189262
5845 65.882340 100.000000 33.485703
4478 64.307158 37.461095 0.000000
3072 63.077705 38.548751 0.000000
4477 64.438054 40.227892 0.000000
4618 20.174856 29.582813 0.000000
4600 20.164115 32.546522 0.000000
4617 21.879455 30.930191 0.000000
7178 10.971488 21.434990 0.000000
6916 10.501150 20.176321 0.000000
5133 10.199432 21.886880 0.000000
7340 9.565019 20.839771 0.000000
10345 64.770756 82.037564 100.000000
4978 64.035705 77.837337 100.000000
10086 66.004361 80.681611 100.000000
4818 50.836359 64.895649 100.000000
1890 49.423567 67.269472 100.000000
8965 48.897750 63.229740 100.000000
734 64.579310 42.952050 0.000000
3074 63.246942 41.357315 0.000000
144 13.337989 25.205711 100.000000
145 14.614428 24.362193 100.000000
146 14.211834 26.764769 100.000000
10222 6.707157 0.000000 32.520376
1141 5.570075 0.000000 34.306554
10000 5.596384 0.000000 31.300994
7359 96.173287 0.000000 2.526902
12782 95.392706 0.000000 1.487527
12783 95.988481 0.000000 1.347256
3302 100.000000 20.689655 100.000000
8193 97.693586 14.791614 100.000000
8192 100.000000 17.241379 100.000000
1595 17.355527 100.000000 70.893351
6570 15.881749 100.000000 70.169761
6569 16.223244 100.000000 74.213484
5388 92.467992 40.363051 0.000000
898 92.026554 43.422017 0.000000
900 93.866740 43.419712 0.000000
5155 51.950825 0.000000 85.295060
1713 52.957979 0.000000 82.647160
2343 53.339243 0.000000 85.659141
5420 56.762910 0.000000 3.628540
6565 57.407089 0.000000 7.345777
6788 55.573857 0.000000 7.576854
7705 46.610873 72.164115 100.000000
3228 45.332210 73.887913 100.000000
3229 44.398728 70.005351 100.000000
187 96.761230 100.000000 42.972219
9075 95.266303 100.000000 45.051291
185 96.660259 100.000000 47.557146
1065 37.111690 38.077325 0.000000
1066 35.875599 38.789810 0.000000
1064 37.188408 40.330432 0.000000
3166 10.009656 23.315748 100.000000
7352 11.301156 21.590303 100.000000
3104 10.988150 24.541888 100.000000
6995 1.465364 2.158096 100.000000
4425 2.466931 1.802748 100.000000
2023 2.537099 3.397508 100.000000
10537 61.259685 0.000000 74.250838
3105 62.496620 0.000000 74.939513
10184 61.318033 0.000000 77.101043
4395 98.885557 100.000000 78.294538
7139 98.450342 100.000000 73.659722
7271 22.715892 3.670885 0.000000
5128 22.657494 1.760420 0.000000
1782 21.456732 3.343058 0.000000
1781 20.201402 3.000264 0.000000
9119 20.284761 4.802870 0.000000
784 84.881253 100.000000 3.721179
783 85.012930 100.000000 8.410593
9617 86.608627 100.000000 5.025971
939 83.865999 8.046516 100.000000
940 83.796297 11.563059 100.000000
938 82.324421 7.670751 100.000000
6398 57.246563 78.691091 0.000000
3085 58.934830 80.227918 0.000000
5510 11.566165 64.632743 0.000000
6368 11.767756 66.746811 0.000000
8427 100.000000 72.413793 100.000000
9949 100.000000 73.544571 97.011287
8305 100.000000 75.862069 100.000000
10040 2.449522 15.997047 0.000000
204 1.851203 15.095694 0.000000
5174 50.378304 47.507665 100.000000
9163 49.306400 48.000825 100.000000
7289 49.619358 45.341885 100.000000
10044 13.136395 96.468569 0.000000
4619 12.313705 98.042128 0.000000
1983 14.113833 98.277380 0.000000
7619 2.045880 19.508791 100.000000
5491 1.414548 21.129002 100.000000
10480 1.283641 19.248928 100.000000
8502 0.670322 20.947369 100.000000
6610 33.802817 0.000000 0.000000
9595 35.211268 0.000000 0.000000
5620 34.538567 0.000000 2.798044
8837 84.891282 100.000000 82.074558
10433 84.266149 100.000000 77.925570
6600 83.283876 100.000000 82.549049
7641 60.007387 100.000000 48.435123
7573 61.467483 100.000000 52.774624
7572 61.841336 100.000000 48.473139
10530 0.000000 44.056448 67.545170
278 0.000000 44.274594 71.482543
277 0.000000 44.794039 69.094038
10465 91.295620 0.000000 14.571078
8071 89.699470 0.000000 10.939959
8072 91.162043 0.000000 10.155141
2814 96.931387 0.000000 50.209378
26 95.833887 0.000000 47.395715
25 97.421715 0.000000 46.969792
8188 92.072126 70.105162 100.000000
2854 91.161143 72.075348 100.000000
7392 90.788581 68.207826 100.000000
7851 100.000000 5.202445 11.644324
3521 100.000000 2.522076 12.287703
151 100.000000 2.629323 9.064703
1633 0.000000 65.276985 47.163729
4448 0.000000 63.693457 40.414178
4577 0.000000 63.073349 48.815557
720 0.000000 0.000000 3.333333
12675 0.333546 0.000000 2.328997
12640 0.570820 0.000000 3.895009
4194 0.000000 44.149147 24.151980
1529 95.711869 0.000000 54.711371
6975 95.286692 0.000000 57.007594
1530 94.539759 0.000000 54.016603
4105 95.028024 80.634420 0.000000
4107 95.208342 78.062070 0.000000
599 48.662624 0.000000 74.126122
598 49.110404 0.000000 76.692927
6980 47.974170 0.000000 77.086101
1328 20.751663 40.900902 100.000000
3814 21.846940 38.587061 100.000000
1326 22.213191 41.044594 100.000000
2723 39.004550 69.129737 100.000000
4952 38.672300 65.303290 100.000000
2724 40.623312 67.209926 100.000000
4113 78.254568 39.763435 100.000000
7141 77.844102 35.128322 100.000000
3468 79.686226 39.083208 100.000000
2769 45.374810 0.000000 85.117375
2768 46.733365 0.000000 85.790814
1613 45.759666 0.000000 88.480554
5335 14.166071 18.829168 100.000000
1456 13.171734 17.786407 100.000000
1455 14.305913 16.479098 100.000000
10425 21.284145 100.000000 19.251556
2426 22.505796 100.000000 19.916059
9718 22.093420 100.000000 17.056095
5346 100.000000 12.225365 3.596221
5328 100.000000 15.020632 3.297250
6986 100.000000 14.240079 4.736289
6201 61.047650 100.000000 32.321413
6200 62.832274 100.000000 29.308120
9996 60.875945 100.000000 25.512771
8248 100.000000 79.310345 100.000000
8213 98.874828 78.969799 100.000000
6806 99.030756 76.370394 100.000000
1318 80.709554 65.053646 100.000000
2411 79.072092 64.573222 100.000000
4347 79.678943 61.632189 100.000000
9430 83.849110 19.216910 0.000000
10333 84.903750 21.885334 0.000000
334 85.525896 19.195272 0.000000
10360 0.000000 35.535030 30.729998
5252 0.000000 35.872896 23.737020
5253 0.000000 33.830458 27.113345
6248 73.026852 0.000000 58.923678
8042 71.276783 0.000000 60.774942
4826 19.799308 100.000000 46.453811
4827 19.191585 100.000000 43.452566
8059 18.476494 100.000000 45.961353
9726 64.371366 85.077063 100.000000
3780 62.709633 84.857978 100.000000
5160 63.229080 81.541205 100.000000
3278 52.108721 0.000000 70.547761
1164 0.000000 76.923077 0.000000
10111 0.000000 78.846154 0.000000
7918 1.797117 78.295278 0.000000
8749 41.509998 0.000000 88.682118
8750 40.332432 0.000000 87.299387
8313 41.373099 0.000000 85.233659
10490 34.722222 0.000000 100.000000
5353 35.416954 0.000000 97.138997
6211 35.713856 44.021806 0.000000
6209 34.272675 44.837057 0.000000
6210 35.471776 46.226395 0.000000
10105 100.000000 67.730555 5.384225
9287 100.000000 66.186887 7.728477
2361 100.000000 64.726383 5.391024
2446 0.000000 49.241127 54.448372
1314 0.000000 50.254262 49.912312
6199 0.000000 48.740538 47.338929
5720 3.808760 10.688061 100.000000
7307 3.105989 9.831820 100.000000
5489 3.802640 9.057585 100.000000
3627 100.000000 63.434017 53.632066
904 100.000000 59.939336 53.907266
3628 100.000000 61.427363 50.256542
1850 4.445517 0.000000 14.297223
1848 4.420114 0.000000 10.879269
1849 6.054283 0.000000 11.392448
8 100.000000 41.379310 100.000000
7 100.000000 37.931034 100.000000
5496 100.000000 37.910954 96.945113
8371 23.515790 100.000000 35.960000
9158 24.005950 100.000000 38.860140
8137 24.744547 100.000000 36.174768
8333 8.081293 32.680483 100.000000
8332 7.232689 34.404322 100.000000
1481 24.408951 9.345548 0.000000
1483 23.089794 9.486807 0.000000
2417 23.506435 11.597073 0.000000
4219 72.748049 72.664902 0.000000
4218 72.547300 70.000819 0.000000
7216 71.290884 70.590274 0.000000
3164 8.901548 24.105200 100.000000
1111 8.236518 25.836591 100.000000
6826 7.959417 24.300218 100.000000
5165 62.098060 0.000000 17.827342
626 60.921665 0.000000 19.847291
625 61.010753 0.000000 16.703182
1662 10.457580 0.000000 50.477738
813 8.983039 0.000000 50.103879
4953 37.041571 62.986541 100.000000
7976 35.440281 60.048640 100.000000
2014 37.416689 59.555336 100.000000
5114 100.000000 20.940619 86.383922
5115 100.000000 20.933352 84.470968
1144 27.180465 93.512055 0.000000
2798 26.351441 91.944183 0.000000
1142 25.568864 93.077106 0.000000
5637 100.000000 18.500254 8.774666
3689 100.000000 18.913285 10.667965
3616 100.000000 16.478628 9.706116
1562 88.410978 0.000000 94.174159
1841 87.101188 0.000000 91.665770
1563 88.310393 0.000000 91.104181
9856 64.002185 0.000000 85.885356
8520 65.212390 0.000000 87.421012
9195 63.989206 0.000000 88.618086
5884 87.914980 0.000000 97.212546
3608 50.053833 97.347238 0.000000
3607 48.269944 96.408844 0.000000
4739 49.152542 100.000000 0.000000
6749 8.606817 100.000000 36.658106
3209 8.788343 100.000000 41.633322
1029 9.894345 100.000000 39.301843
5070 73.696463 19.166802 0.000000
6808 74.924253 21.534797 0.000000
5071 75.049604 18.658885 0.000000
7947 5.247129 0.000000 7.859751
7946 4.649900 0.000000 4.477641
1951 6.152241 0.000000 4.796585
9612 100.000000 60.747798 74.945640
5255 100.000000 60.268297 78.922852
807 100.000000 25.627523 22.264712
806 100.000000 23.623352 25.130996
6701 100.000000 22.144069 22.009950
634 30.635065 28.540880 100.000000
7967 31.532855 31.009841 100.000000
4841 48.332536 100.000000 59.189764
1524 48.073852 100.000000 65.533559
6080 49.975830 100.000000 62.481890
10338 68.373732 0.000000 90.425479
9192 67.656601 0.000000 92.436448
10337 67.378407 0.000000 90.310450
1657 77.682546 0.000000 46.029721
8439 76.397226 0.000000 47.270309
5873 76.536430 0.000000 44.047707
7839 75.224607 85.560873 0.000000
6706 75.973339 88.564956 0.000000
8814 76.672373 85.946030 0.000000
444 65.416895 35.813553 100.000000
4607 66.453459 34.028357 100.000000
3823 66.854042 37.546927 100.000000
8864 38.978015 0.000000 43.126205
5718 37.375874 0.000000 43.711839
1924 38.120171 0.000000 40.153521
7169 3.465549 51.849004 100.000000
7279 4.853748 53.970509 100.000000
7170 2.239280 54.419663 100.000000
10475 22.843212 7.599776 0.000000
1482 23.819091 7.914444 0.000000
9252 23.870655 6.146786 0.000000
4169 100.000000 28.951933 22.473626
5093 100.000000 27.673745 19.795515
6412 87.611060 21.959023 100.000000
3552 85.568382 18.580234 100.000000
10518 86.688550 16.824618 100.000000
6244 41.347940 0.000000 76.316879
6245 40.233538 0.000000 77.052519
34 40.228953 0.000000 73.876643
3758 8.643867 66.491217 100.000000
3757 7.958421 68.196105 100.000000
7024 6.907625 66.574246 100.000000
8061 6.390396 68.209780 100.000000
2897 56.279314 13.338573 100.000000
6297 58.176633 16.143299 100.000000
5926 56.443060 17.928777 100.000000
8315 100.000000 57.116186 27.698400
6604 100.000000 59.384317 23.948832
7155 100.000000 60.431111 27.621349
743 35.138943 68.260116 100.000000
5697 37.341087 70.731299 100.000000
6946 35.877009 71.853806 100.000000
350 65.252059 0.000000 58.227696
9815 64.847226 0.000000 54.747312
2924 66.350683 0.000000 55.813994
1580 81.091740 0.000000 84.522105
4686 80.010523 0.000000 81.772040
10085 81.600493 0.000000 81.685261
3479 95.944355 5.441061 0.000000
6371 95.384980 7.688031 0.000000
6370 96.699487 8.424282 0.000000
5646 57.941543 62.870258 0.000000
7011 58.899197 65.346689 0.000000
3480 96.562311 2.766465 0.000000
10027 97.318070 5.650675 0.000000
5823 98.000424 2.793628 0.000000
3835 19.214407 89.986543 100.000000
3834 19.319258 91.895249 100.000000
714 60.050324 49.140982 100.000000
715 58.729355 51.138122 100.000000
713 58.466495 47.153167 100.000000
8081 44.825703 100.000000 28.553719
9417 43.740870 100.000000 25.484032
8080 43.158238 100.000000 31.130121
7484 5.149541 48.715200 100.000000
8279 7.046571 46.208860 100.000000
5268 7.590438 48.506244 100.000000
1299 0.000000 80.769231 0.000000
1300 0.000000 78.825514 8.628562
1301 0.000000 80.916647 12.430831
7324 22.335711 100.000000 35.574273
8370 22.761739 100.000000 38.494199
4682 49.027434 42.936974 0.000000
9748 48.722749 45.205092 0.000000
4680 49.972085 44.752084 0.000000
9338 1.252324 0.000000 73.698726
9798 2.099423 0.000000 71.583284
9797 2.529495 0.000000 73.904730
8009 66.621715 0.000000 85.862004
8010 65.332361 0.000000 84.234973
8008 66.694079 0.000000 82.596596
3049 93.048873 46.931093 100.000000
527 51.011821 100.000000 15.998906
4466 53.096852 100.000000 17.301638
4440 52.366456 100.000000 11.082897
3517 10.964270 100.000000 36.835033
3180 2.239902 41.990743 100.000000
53 1.243821 44.551986 100.000000
10244 0.985301 42.918274 100.000000
6084 52.206261 0.000000 40.125563
9563 53.419963 0.000000 37.519005
321 53.634117 0.000000 41.310280
3654 35.590885 100.000000 63.386900
1785 97.863692 74.255116 100.000000
12880 97.552413 76.234350 100.000000
1784 96.792608 74.817712 100.000000
12886 97.266662 76.652926 100.000000
12885 96.982065 77.036099 100.000000
2145 9.798912 100.000000 85.863774
3134 10.821574 100.000000 82.179480
2146 9.288827 100.000000 83.019980
9312 54.816496 69.456262 0.000000
8231 52.787944 70.928519 0.000000
8888 55.100458 73.139333 0.000000
5371 83.098592 0.000000 0.000000
9843 84.115593 2.342704 0.000000
3719 84.507042 0.000000 0.000000
2733 52.460371 68.202352 100.000000
10355 50.993310 68.763328 100.000000
3234 51.616742 48.493143 100.000000
7288 50.881787 45.370018 100.000000
698 52.417670 45.378054 100.000000
5827 1.991908 28.970114 100.000000
4354 2.865334 27.894459 100.000000
10438 2.610603 29.523606 100.000000
4740 47.457627 100.000000 0.000000
4741 47.363970 100.000000 3.868390
8113 78.012348 0.000000 61.976889
10004 77.762923 0.000000 57.404262
9960 37.286554 0.000000 88.946244
3313 37.301880 0.000000 85.564907
9964 38.387191 0.000000 87.479169
10134 71.427173 100.000000 26.918130
7102 71.790510 100.000000 21.531496
6637 70.064242 100.000000 23.144362
140 37.529899 27.452944 0.000000
10580 38.550782 25.959244 0.000000
1523 37.449119 25.312630 0.000000
6242 38.724151 28.125342 0.000000
1409 39.794415 5.237755 100.000000
4202 40.553957 10.658189 0.000000
9661 41.484474 11.075047 0.000000
6215 41.076411 9.565455 0.000000
4226 13.260785 0.000000 20.889900
9770 13.104827 0.000000 24.310649
1854 11.724654 0.000000 22.686532
216 100.000000 56.769437 44.237083
703 100.000000 55.524981 48.168306
8664 100.000000 52.460901 45.015437
3504 9.009098 53.612129 0.000000
7410 8.518838 51.304744 0.000000
8287 6.796903 53.443253 0.000000
3722 69.200825 15.573222 100.000000
5183 67.889502 15.138654 100.000000
5182 68.107888 12.098558 100.000000
8551 68.726785 0.000000 66.223225
2721 70.220358 0.000000 67.736230
2720 68.826714 0.000000 69.694757
10505 0.000000 11.538462 0.000000
12577 0.000000 9.404046 1.457043
4019 53.695788 0.000000 2.231854
6039 53.923553 0.000000 5.868702
2533 52.483844 0.000000 4.304762
7165 100.000000 18.736511 21.826547
9212 100.000000 20.491237 19.162749
2697 51.728779 0.000000 52.949334
2696 51.532499 0.000000 49.596786
6357 52.838748 0.000000 50.737993
8091 92.323442 79.178165 100.000000
3110 93.660116 82.140088 100.000000
3109 92.417594 82.536183 100.000000
9725 0.000000 83.680889 73.725566
8162 0.000000 82.047478 81.397399
8216 0.000000 83.948209 83.914130
5301 0.000000 68.470891 19.309356
9171 0.000000 67.503002 13.858479
9767 15.769539 0.000000 17.724862
1740 14.485954 0.000000 19.283454
422 14.610692 0.000000 15.973167
6282 37.877916 9.998678 0.000000
6281 37.745172 7.312863 0.000000
3326 36.342758 8.697274 0.000000
5125 44.313685 10.229239 0.000000
9466 43.255271 8.383258 0.000000
243 42.857049 11.253731 0.000000
7797 6.593929 43.274841 0.000000
6150 0.000000 2.642806 85.963494
4450 32.347831 9.407959 0.000000
8631 45.833333 0.000000 100.000000
7462 44.444444 0.000000 100.000000
7461 45.637273 0.000000 97.160118
2691 67.845313 35.380944 0.000000
691 66.703801 32.357250 0.000000
2692 66.491694 35.130624 0.000000
8697 70.526148 77.128761 100.000000
8698 71.642705 80.412211 100.000000
4304 70.423256 81.075286 100.000000
2874 21.347905 35.499454 100.000000
3815 23.096128 36.383269 100.000000
1 38.677734 44.754490 0.000000
10014 40.121912 46.613480 0.000000
2 40.249222 43.586401 0.000000
8929 98.497945 5.686994 0.000000
12837 99.200266 7.717362 0.000000
12838 99.253973 5.566683 0.000000
9650 98.203896 8.791622 0.000000
1159 4.572261 0.000000 29.880285
4147 5.733089 0.000000 28.250709
7327 45.098936 0.000000 72.000733
2635 45.798963 0.000000 68.653985
7478 46.554230 0.000000 71.577001
6436 1.815666 76.203803 0.000000
5497 100.000000 41.519777 97.622086
8176 100.000000 39.995572 94.927024
926 100.000000 43.485463 96.238294
2051 9.533635 100.000000 89.953355
4486 11.059671 100.000000 85.965161
10552 100.000000 33.877451 95.096801
2078 100.000000 36.209972 93.299304
8324 54.201748 92.682338 0.000000
8325 55.854473 90.986190 0.000000
6012 53.726331 88.834284 0.000000
1488 67.364132 0.000000 17.731740
7353 68.255763 0.000000 20.888632
1502 67.020522 0.000000 20.851970
5606 83.099776 100.000000 51.557176
5607 81.604256 100.000000 53.485897
2470 44.466480 14.826177 0.000000
6159 45.990826 15.198365 0.000000
2471 45.263252 12.443692 0.000000
4190 28.911264 100.000000 30.525225
7491 27.871865 100.000000 28.138417
4188 27.607530 100.000000 31.705205
4721 38.223005 49.399167 100.000000
3475 38.841224 52.583200 100.000000
6877 37.157142 52.281693 100.000000
1860 48.580053 0.000000 62.626332
7841 47.886612 0.000000 65.407965
9441 28.990438 0.000000 48.349695
9704 29.442385 0.000000 51.652085
8734 28.019972 0.000000 51.278138
6964 48.894635 75.070722 100.000000
6400 100.000000 10.231189 86.087637
451 100.000000 12.976670 85.708403
6401 100.000000 11.406917 87.908725
1270 100.000000 43.226073 52.243692
9620 7.199714 0.000000 17.341240
3508 7.420258 0.000000 13.756122
6802 8.553354 0.000000 15.611062
2674 0.000000 62.056731 8.027521
9861 0.000000 60.239584 5.657396
2675 0.000000 60.555761 12.457208
3602 0.000000 35.321102 36.620418
9565 0.000000 37.052038 34.903189
10051 7.869257 21.145052 0.000000
5058 8.240721 22.522555 0.000000
4504 8.712809 21.139221 0.000000
266 15.253034 52.325130 0.000000
6890 17.576632 51.883502 0.000000
5074 16.458547 49.971568 0.000000
5410 1.535820 68.118253 100.000000
5411 0.000000 67.924528 100.000000
4738 0.000000 66.037736 100.000000
3236 11.630733 100.000000 24.666206
9819 11.534340 100.000000 29.661818
9818 12.940825 100.000000 27.501771
4970 6.365579 75.038448 100.000000
7287 5.215025 73.190837 100.000000
8533 6.682024 73.068982 100.000000
5030 79.321987 17.184129 0.000000
8606 78.507456 18.853922 0.000000
9478 79.967718 20.092895 0.000000
7148 6.629835 0.000000 96.308117
7147 6.297115 0.000000 92.428060
4908 7.698674 0.000000 93.142505
9675 0.000000 7.855974 3.192180
7769 0.000000 6.062802 6.069590
10258 0.000000 8.315361 5.473027
9031 0.742252 22.814028 100.000000
2448 2.989481 21.513417 100.000000
2449 2.356233 23.012865 100.000000
2450 2.201178 21.302694 100.000000
6832 32.310299 70.891604 100.000000
5624 31.500927 73.435593 100.000000
9217 30.279477 70.082376 100.000000
8035 100.000000 95.356785 75.343747
7103 100.000000 97.392469 78.710133
10233 100.000000 94.547009 78.633591
4870 31.803414 100.000000 73.176298
10377 31.565738 100.000000 77.495229
4871 33.290800 100.000000 75.274292
1037 46.795214 100.000000 55.840622
3542 45.309525 100.000000 52.070972
4679 45.100412 100.000000 57.564544
8401 44.152367 62.181493 0.000000
7528 42.173060 60.782881 0.000000
7349 90.446339 100.000000 15.887003
9774 88.607959 100.000000 13.241788
1063 88.846900 100.000000 18.788135
3063 90.266374 91.260622 100.000000
3062 91.950284 91.640650 100.000000
4263 91.599907 94.386483 100.000000
9357 0.000000 9.433962 100.000000
3711 92.356916 100.000000 49.190044
3712 90.508290 100.000000 47.891320
3710 90.698750 100.000000 53.568153
1588 17.210836 18.358631 0.000000
1586 16.835954 16.489731 0.000000
1587 15.933886 18.026867 0.000000
3315 16.270154 20.295820 0.000000
9533 0.000000 37.331207 8.481676
5022 0.000000 38.426525 14.536489
9531 0.000000 39.400197 8.834330
2722 70.369077 0.000000 72.074236
9805 69.492609 0.000000 76.116165
7753 68.593569 0.000000 73.043343
8842 0.000000 67.842234 73.669690
4127 0.000000 65.884341 73.265806
4126 0.000000 66.599116 82.159007
3692 0.000000 45.950404 35.690578
7650 0.000000 45.163383 35.418098
10590 0.000000 45.420857 39.344637
3691 0.000000 45.572362 33.715332
2071 48.356070 54.754669 100.000000
3170 50.054331 57.961601 100.000000
1680 48.522624 59.255967 100.000000
5994 86.021912 0.000000 10.866266
7158 80.235592 96.194072 0.000000
7159 80.905212 92.318239 0.000000
4660 78.951302 92.484618 0.000000
3578 13.300842 15.294022 0.000000
9735 14.069145 13.235262 0.000000
1958 12.584701 13.640710 0.000000
588 21.000464 56.477841 100.000000
1496 22.891700 56.617039 100.000000
4017 21.913518 59.300170 100.000000
347 26.658824 100.000000 25.472546
3554 26.531778 100.000000 29.506101
746 25.396156 0.000000 37.471261
175 24.424144 0.000000 40.306839
747 23.962090 0.000000 37.138838
5200 22.054841 100.000000 29.332946
9068 23.134344 100.000000 30.994971
483 23.174757 100.000000 27.871418
5798 37.824355 36.604757 0.000000
648 37.862294 34.014953 0.000000
650 36.226068 35.816970 0.000000
3295 74.763442 29.761178 100.000000
3296 74.309830 33.352086 100.000000
3294 73.138920 29.497801 100.000000
1373 37.217420 100.000000 48.149266
1371 36.849857 100.000000 44.707521
1372 35.702105 100.000000 47.141681
4359 69.562310 53.697403 0.000000
7452 69.386523 56.090196 0.000000
8495 70.442992 55.497930 0.000000
891 17.749281 0.000000 79.775565
9687 16.571047 0.000000 82.049170
3584 16.472957 0.000000 78.670572
349 63.773469 0.000000 57.470427
1748 6.006676 29.819114 0.000000
12872 5.447336 30.274063 0.000000
12873 5.793675 30.889846 0.000000
7373 5.524332 29.039181 0.000000
12874 5.059898 29.205342 0.000000
12875 5.227442 29.716283 0.000000
2553 100.000000 52.030373 57.103099
10266 100.000000 53.433649 54.019874
9071 100.000000 55.082077 57.032893
4141 13.208047 59.834747 100.000000
4140 14.587922 61.049985 100.000000
4501 13.340550 62.713923 100.000000
1776 16.096324 100.000000 86.838856
7191 17.517077 100.000000 85.535471
9154 16.819529 100.000000 83.979197
7111 97.090047 0.000000 20.901182
207 98.844832 0.000000 21.889044
8969 98.079535 0.000000 24.693410
3716 100.000000 24.137931 100.000000
1088 98.382517 22.190404 100.000000
3884 65.832137 94.177232 0.000000
3450 64.591891 90.810334 0.000000
1296 63.491164 93.673039 0.000000
937 39.297065 100.000000 53.455594
441 37.663418 100.000000 55.626172
7673 39.048431 100.000000 58.371793
8992 35.869275 100.000000 79.050802
4040 36.192335 100.000000 76.281680
4039 34.767983 100.000000 77.277322
1600 61.619527 8.507742 100.000000
6634 37.769417 100.000000 14.467417
615 36.677773 100.000000 11.102656
4689 22.577442 19.814784 100.000000
7657 23.890676 18.627146 100.000000
10232 23.543719 20.914458 100.000000
2861 34.659720 24.401114 100.000000
2860 33.816672 20.562463 100.000000
8615 35.743548 21.141105 100.000000
928 49.167584 34.722751 0.000000
927 50.602556 35.224937 0.000000
7999 50.008794 32.723503 0.000000
6514 100.000000 29.939582 54.471230
6257 100.000000 33.780434 53.840168
2715 100.000000 32.349274 57.617074
10227 97.005489 0.000000 76.160646
7040 95.707473 0.000000 73.765296
8705 97.072158 0.000000 72.902413
5317 65.310234 100.000000 94.973429
5776 64.814815 100.000000 100.000000
5318 66.666667 100.000000 100.000000
7652 100.000000 64.512808 72.144626
4717 100.000000 65.636189 75.240033
2575 100.000000 81.255609 32.270576
2415 100.000000 80.188924 35.640114
1321 4.600905 29.204369 0.000000
3369 5.881056 2.338146 100.000000
1526 7.202304 1.631013 100.000000
3368 6.737429 3.355310 100.000000
883 11.267925 100.000000 90.369699
223 46.179430 55.461630 0.000000
4076 44.446813 54.416384 0.000000
675 48.812795 0.000000 79.933493
7238 5.815977 0.000000 58.508089
7219 6.984658 0.000000 60.617405
6527 5.636561 0.000000 62.213201
2838 15.627553 8.422207 100.000000
2839 14.744385 10.441368 100.000000
2840 14.517431 8.654163 100.000000
7879 91.666667 0.000000 100.000000
7880 93.055556 0.000000 100.000000
6186 93.907496 4.360598 100.000000
7896 80.380310 96.129069 100.000000
7898 79.389831 92.024377 100.000000
10046 44.323469 0.000000 69.045887
9483 43.592276 0.000000 72.415622
3541 2.918656 7.570451 0.000000
2985 3.573906 6.945212 0.000000
10031 2.735856 5.892344 0.000000
7820 24.177216 100.000000 77.863791
9242 24.480521 100.000000 80.583763
5274 39.642902 40.351624 100.000000
5273 38.572126 43.031606 100.000000
3729 33.075969 22.738920 0.000000
9513 33.883805 20.573954 0.000000
9218 32.373463 20.545083 0.000000
7267 26.640253 0.000000 51.220458
7093 25.969470 0.000000 48.740065
7266 27.424401 0.000000 47.883931
9760 6.249562 31.843072 100.000000
7965 21.707726 28.040162 0.000000
7964 22.945346 28.910709 0.000000
10068 85.022705 0.000000 62.841661
3291 85.717085 0.000000 59.892726
2927 86.401361 0.000000 63.230609
9028 47.300049 0.000000 80.002062
2770 46.418463 0.000000 82.581325
6602 35.844121 0.000000 9.526959
3686 36.680659 0.000000 10.794646
3920 35.535746 0.000000 12.150429
1279 4.330415 6.515616 100.000000
3851 3.657917 7.408210 100.000000
1280 3.497927 5.886888 100.000000
7948 100.000000 36.572398 43.686906
5991 100.000000 34.433921 40.772859
7949 100.000000 38.168122 40.093484
4847 26.569638 19.351182 0.000000
7778 3.167940 25.820232 100.000000
4355 3.833053 26.942243 100.000000
3273 24.827906 94.230104 0.000000
1955 24.131132 95.490188 0.000000
3272 25.720100 95.622426 0.000000
1361 22.963868 100.000000 69.981960
1362 23.093922 100.000000 66.546557
8682 21.807864 100.000000 68.477451
4949 45.070423 0.000000 0.000000
7732 43.661972 0.000000 0.000000
7315 43.557848 2.623605 0.000000
10419 51.305768 0.000000 46.175461
1847 52.656818 0.000000 47.289395
6764 0.000000 28.846154 0.000000
6968 0.000000 26.923077 0.000000
12578 0.000000 26.215859 4.003458
8747 0.000000 23.896723 6.986379
12579 0.000000 25.207971 2.909574
8738 50.324494 0.000000 35.490955
1836 50.149076 0.000000 31.825245
8369 51.581600 0.000000 32.469575
562 0.000000 16.355972 31.730738
563 0.000000 15.951222 36.501174
561 0.000000 18.242258 33.377650
8316 100.000000 55.262089 24.903303
5556 100.000000 56.615882 21.360606
3978 21.243593 0.000000 90.034835
1845 53.824839 0.000000 44.959678
323 55.034797 0.000000 42.624075
5803 55.184247 0.000000 46.267869
6814 11.257046 76.151735 100.000000
5754 10.986411 77.698505 100.000000
6627 9.688683 75.848072 100.000000
6789 6.882588 10.107096 0.000000
8505 8.115683 9.697099 0.000000
7716 7.297721 8.171967 0.000000
5800 40.740741 100.000000 100.000000
5038 39.588842 100.000000 96.181312
8627 38.888889 100.000000 100.000000
4230 7.106382 15.566118 0.000000
9334 6.495568 14.541970 0.000000
6189 6.229790 15.714893 0.000000
6472 75.197772 15.850738 0.000000
5072 73.834141 16.432218 0.000000
7276 0.000000 96.226415 100.000000
7433 0.000000 94.339623 100.000000
5546 2.130039 95.850156 100.000000
6062 30.939532 100.000000 60.666482
7108 31.341785 100.000000 63.305142
6614 31.972939 100.000000 61.186873
2384 77.787512 0.000000 72.840795
2917 77.515862 0.000000 69.174299
6632 78.835388 0.000000 70.485376
7962 18.556411 87.444163 0.000000
7394 20.353025 87.866323 0.000000
4431 19.409103 85.948529 0.000000
4974 81.781000 0.000000 16.948660
8692 82.868387 0.000000 19.533881
4704 81.647430 0.000000 20.514258
6295 14.202357 0.000000 57.629440
1899 14.408099 0.000000 54.238309
6294 15.541138 0.000000 56.154382
3378 100.000000 89.297175 41.488526
1021 100.000000 91.949706 39.348351
1020 100.000000 91.503881 43.913148
5349 49.975059 0.000000 66.849611
5262 51.359113 0.000000 65.333295
3279 51.103220 0.000000 68.913262
4414 100.000000 84.599472 16.416985
6054 100.000000 86.142228 18.497261
6055 100.000000 83.149178 21.173795
2008 93.731174 59.075010 0.000000
413 94.496118 56.941188 0.000000
5023 92.977697 56.686340 0.000000
4766 100.000000 89.880413 9.966020
8358 100.000000 86.366182 12.731853
5975 100.000000 86.563442 9.238920
2517 0.000000 17.070882 43.589989
9628 81.667637 16.183100 0.000000
9429 82.929126 17.122848 0.000000
5120 82.680115 14.750182 0.000000
408 5.884559 17.023470 0.000000
8063 5.490338 15.779535 0.000000
409 5.149359 16.949234 0.000000
6831 71.205766 21.575674 100.000000
2541 70.663044 17.607017 100.000000
730 100.000000 78.328494 44.238571
731 100.000000 79.121620 39.808888
732 100.000000 81.438683 42.522706
4203 40.214516 9.062380 0.000000
4201 39.403812 11.064671 0.000000
1939 80.048970 100.000000 10.527529
3116 78.283852 100.000000 12.188905
751 79.944680 100.000000 15.388114
4552 7.216220 25.883100 100.000000
6310 6.565366 25.276413 100.000000
9356 7.143117 24.186466 100.000000
2919 85.397402 73.242572 100.000000
10334 84.488679 70.538128 100.000000
6773 85.776464 70.838759 100.000000
3568 10.051899 100.000000 4.067768
2267 8.431337 100.000000 4.403307
3026 10.006846 100.000000 8.383221
679 0.000000 21.215593 19.469571
678 0.000000 19.668623 25.106737
1551 0.000000 22.225924 23.761709
3261 9.720961 63.535094 0.000000
6332 7.878810 64.542586 0.000000
9722 13.830656 12.433217 100.000000
8127 14.168453 14.415440 100.000000
9723 13.041828 14.435784 100.000000
9386 0.000000 59.055544 15.857437
8554 0.000000 60.703658 20.499147
254 0.000000 24.812696 22.541392
255 0.000000 27.103763 22.069870
253 0.000000 26.685218 16.420471
9609 67.342580 0.000000 49.192159
9608 66.057892 0.000000 52.072342
1729 65.595515 0.000000 48.019031
4511 97.963637 0.000000 36.691193
4512 97.566280 0.000000 39.613615
4513 96.321479 0.000000 36.541789
1461 100.000000 80.776649 6.927792
1416 100.000000 78.410753 5.031458
7031 100.000000 81.664867 3.159041
10497 8.739421 0.000000 87.363133
6861 8.826793 0.000000 90.445989
2580 16.462063 35.481077 0.000000
10408 15.703590 33.903118 0.000000
9284 14.894851 35.611784 0.000000
4280 0.000000 29.178098 95.945289
7069 0.000000 30.776854 97.002320
4281 0.000000 30.301227 93.190891
9281 51.784113 57.314147 100.000000
3171 51.409890 61.104483 100.000000
9997 88.286168 32.685433 100.000000
10100 89.781144 32.950390 100.000000
9998 89.493134 36.109810 100.000000
897 0.000000 81.557902 33.578831
896 0.000000 79.292133 37.441393
1202 0.000000 80.674057 45.107027
7071 88.401588 100.000000 7.386554
2690 88.135593 100.000000 0.000000
6481 42.798152 53.140607 0.000000
3593 43.203851 55.947857 0.000000
1977 51.428502 33.392392 0.000000
9318 23.605656 0.000000 13.070138
5171 23.130973 0.000000 17.016863
2424 22.076370 0.000000 13.781528
10030 94.917113 0.000000 68.074135
5892 94.013269 0.000000 65.454901
7663 95.329663 0.000000 65.426327
3035 27.775635 17.469671 0.000000
304 31.890223 100.000000 97.646962
303 33.333333 100.000000 100.000000
3075 100.000000 33.570860 90.720996
8297 100.000000 32.540856 92.688937
1199 100.000000 96.551724 100.000000
1198 100.000000 93.103448 100.000000
329 100.000000 93.872200 95.671462
5715 42.531533 87.491324 0.000000
9710 40.504873 88.781544 0.000000
5716 43.452048 92.434206 0.000000
9777 32.282524 8.979985 100.000000
536 81.690141 0.000000 0.000000
10444 82.211993 1.528389 0.000000
4622 44.980664 54.973785 100.000000
1104 43.376329 52.618122 100.000000
1103 44.819569 51.219739 100.000000
1119 13.821672 21.144297 0.000000
1742 12.781200 22.622135 0.000000
2497 14.021062 23.555636 0.000000
1120 14.894860 19.571949 0.000000
10280 14.717285 17.441965 0.000000
2130 37.152947 0.000000 59.557319
183 36.607968 0.000000 57.441541
182 37.726333 0.000000 56.772096
467 28.272450 73.938447 0.000000
8433 28.198312 71.361500 0.000000
8880 26.439168 72.100428 0.000000
8397 85.276377 0.000000 35.349786
8398 84.130432 0.000000 32.670394
8183 85.533917 0.000000 31.903314
8663 100.000000 48.426679 47.321765
1269 100.000000 47.526418 51.290389
9125 21.619256 100.000000 51.214950
9575 20.625597 100.000000 52.101404
8310 21.506586 100.000000 53.851088
7030 100.000000 84.620807 3.835956
5973 100.000000 83.582019 8.391549
10499 55.202041 35.632784 100.000000
9351 55.664031 38.885937 100.000000
2539 54.557354 37.542497 100.000000
9503 31.683486 13.515288 0.000000
5124 31.669261 16.086213 0.000000
2164 32.948209 14.635658 0.000000
8339 0.000000 59.615385 0.000000
6076 0.000000 61.538462 0.000000
6044 11.199297 63.712338 100.000000
9544 11.399666 61.045788 100.000000
5416 0.000000 0.000000 83.333333
5415 0.654396 0.000000 86.770154
4640 100.000000 49.188714 32.456127
5551 100.000000 51.546854 34.416731
4641 100.000000 48.651206 35.851997
2165 33.091791 17.775110 0.000000
2163 34.400911 15.576422 0.000000
4155 0.000000 29.591605 89.054566
4156 0.000000 29.702545 84.488985
4154 0.000000 27.834237 86.325201
3461 23.392786 100.000000 56.939672
4164 24.405793 100.000000 58.474630
3499 24.602213 100.000000 54.898145
3201 63.684144 29.621780 0.000000
219 59.597280 83.032668 0.000000
6397 57.702822 82.379107 0.000000
5942 1.947856 32.190475 0.000000
4261 1.521835 33.647952 0.000000
3748 2.192133 33.403018 0.000000
8446 100.000000 10.259473 68.459739
58 100.000000 9.556867 71.829128
10161 100.000000 6.621315 69.353007
5810 79.395705 0.000000 59.299968
8114 79.876189 0.000000 62.949930
3176 94.938380 38.314653 0.000000
7806 94.366705 40.593694 0.000000
3577 96.188837 40.968422 0.000000
10228 0.000000 58.763204 4.120308
5149 50.099366 0.000000 62.880182
5916 51.693919 0.000000 61.746867
8768 69.426374 0.000000 60.275997
8770 67.955884 0.000000 59.750233
222 68.744853 0.000000 57.059267
4480 0.000000 16.856718 95.331763
4481 0.000000 15.318413 96.086788
4479 0.000000 16.981132 100.000000
6480 41.773873 54.642025 0.000000
1036 18.692582 10.759993 100.000000
8153 19.628530 11.643152 100.000000
4430 17.555661 85.639011 0.000000
3148 7.754995 98.414866 0.000000
3149 9.976069 97.605164 0.000000
3150 7.319306 95.874194 0.000000
3688 37.779674 0.000000 8.908003
4026 37.738522 0.000000 12.315888
3954 72.792619 0.000000 93.959186
9397 25.260825 0.000000 90.545655
6711 23.814203 0.000000 89.885941
1618 24.907565 0.000000 87.259164
5290 67.713376 67.678513 100.000000
8751 69.273204 68.991260 100.000000
5395 68.348215 71.169349 100.000000
4485 0.000000 25.548366 26.874856
10592 0.000000 58.907961 9.339338
3057 36.600542 0.000000 82.745688
3312 37.893244 0.000000 82.325208
6900 3.564521 27.957692 0.000000
6899 3.854632 26.868427 0.000000
9151 3.289826 26.699658 0.000000
1677 35.227283 100.000000 4.409006
1676 33.728068 100.000000 6.601387
614 35.140488 100.000000 8.992732
4657 81.104526 0.000000 95.212230
4656 82.532188 0.000000 95.001855
3389 82.230696 0.000000 97.562075
5073 36.492415 0.000000 13.957787
2162 37.530848 0.000000 15.869744
142 1.448100 6.921587 0.000000
6950 2.253437 8.229329 0.000000
6951 2.118335 6.434937 0.000000
9571 94.791297 0.000000 23.063220
2476 95.642523 0.000000 26.515840
5752 94.103168 0.000000 25.707209
7986 89.168981 43.705285 100.000000
7269 90.539917 46.272437 100.000000
7987 89.381000 47.201781 100.000000
2716 100.000000 29.502247 60.105548
6932 100.000000 32.792490 61.616818
10252 3.380849 69.595723 0.000000
8671 2.246435 67.252532 0.000000
9278 100.000000 73.922018 2.341706
7401 100.000000 72.640288 5.212180
9179 100.000000 70.567780 3.657205
2425 23.880877 100.000000 20.358469
4342 23.195691 100.000000 17.754382
4030 28.057761 92.458555 0.000000
4029 28.835066 94.075441 0.000000
10354 20.039796 18.878653 0.000000
6238 19.957166 16.692527 0.000000
2405 18.662761 18.207823 0.000000
1883 15.251981 75.086790 100.000000
5088 0.556511 32.636641 0.000000
2571 0.383100 31.409302 0.000000
2570 0.000000 32.692308 0.000000
9999 53.667928 54.522823 0.000000
657 52.882432 52.520424 0.000000
5516 52.409150 54.693176 0.000000
7791 24.563402 0.000000 67.821745
6758 23.413758 0.000000 66.430170
40 24.690608 0.000000 63.899487
3162 100.000000 48.826596 8.573433
5780 100.000000 45.249558 10.410467
3163 100.000000 46.072361 6.745240
8026 46.081972 67.687534 100.000000
1889 48.117862 69.845709 100.000000
4812 96.538715 0.000000 4.726223
3596 97.837664 0.000000 5.376432
3598 97.078533 0.000000 7.762863
5742 30.270683 0.000000 89.377765
8830 29.038008 0.000000 90.052826
9000 80.218041 0.000000 11.555752
550 80.902439 0.000000 8.283694
549 81.822312 0.000000 12.869648
9526 3.072919 35.389597 100.000000
4353 2.235046 37.951900 100.000000
2456 86.522576 100.000000 93.466518
7370 84.855818 100.000000 94.784766
12799 85.910081 100.000000 97.062630
3940 24.355394 100.000000 16.982617
1780 21.333629 1.584253 0.000000
10140 20.024178 1.401776 0.000000
9902 19.407996 37.905149 0.000000
5207 21.068995 39.482767 0.000000
5209 21.093973 37.165357 0.000000
10125 19.447739 40.981085 0.000000
8612 35.348325 100.000000 91.825514
844 35.998967 100.000000 89.884969
1429 34.785595 100.000000 88.984570
7535 20.995921 21.765907 0.000000
1631 19.690699 22.426638 0.000000
1630 20.666924 24.034155 0.000000
5403 22.034006 23.033474 0.000000
2558 15.586152 4.506276 100.000000
7494 16.323375 6.121783 100.000000
3532 15.037667 6.751077 100.000000
4350 31.476908 90.682734 100.000000
9211 33.224520 89.959877 100.000000
7738 33.445810 92.973766 100.000000
2421 0.000000 11.479632 10.868345
2275 0.000000 13.671822 10.819474
855 0.000000 14.309940 6.537376
6720 16.158175 100.000000 66.056191
6719 15.133096 100.000000 67.814549
3284 82.362806 18.883968 0.000000
6593 100.000000 46.334231 30.086319
9183 100.000000 42.457901 29.656586
8943 100.000000 44.627516 26.741085
3314 17.713684 20.320204 0.000000
5478 83.547354 65.381924 100.000000
3021 84.305072 64.194244 100.000000
3020 84.762432 67.536149 100.000000
9035 100.000000 97.729796 45.974448
3413 100.000000 97.235286 41.070188
8179 100.000000 100.000000 43.478261
1381 8.082973 5.809470 100.000000
7553 6.936064 5.937814 100.000000
7554 7.474403 4.423102 100.000000
6753 14.083170 0.000000 38.625041
6321 15.283947 0.000000 38.080311
6754 14.747127 0.000000 40.837614
6536 52.381904 0.000000 17.665833
6537 50.978804 0.000000 18.801403
5446 51.422410 0.000000 14.539376
7466 68.043897 0.000000 87.754861
7465 68.022179 0.000000 84.138403
1395 69.713980 0.000000 85.209632
8148 98.739352 0.000000 68.308024
5865 98.775814 0.000000 65.297424
6714 100.000000 0.000000 67.741935
2375 63.471896 0.000000 6.853978
8599 62.012126 0.000000 7.120523
8628 62.702071 0.000000 3.488383
5220 23.196317 93.936203 0.000000
7317 25.744432 44.404852 0.000000
7336 24.846900 41.393191 0.000000
7335 23.194355 44.188143 0.000000
4999 35.138397 100.000000 13.310497
4998 33.792201 100.000000 11.420398
10009 33.963502 100.000000 15.000748
463 10.771607 79.548180 100.000000
6154 9.485804 78.009939 100.000000
10283 88.643642 15.043146 0.000000
10282 88.275106 17.620370 0.000000
5999 89.741692 17.633263 0.000000
4256 100.000000 49.694297 23.209649
3386 100.000000 47.822543 20.815422
7294 100.000000 51.033493 20.132800
1946 43.530088 0.000000 12.509426
1945 45.237649 0.000000 11.400125
5703 44.281128 0.000000 15.446105
7719 89.252174 74.760514 100.000000
7561 88.290558 71.865490 100.000000
2853 89.609958 72.113868 100.000000
6048 79.903406 0.000000 4.042183
6046 78.424367 0.000000 3.845963
6047 78.873239 0.000000 0.000000
10331 96.493326 39.436988 100.000000
6 98.243515 38.597055 100.000000
5241 98.306585 42.269085 100.000000
3411 100.000000 57.452335 67.751179
3410 100.000000 57.050268 63.941832
7073 100.000000 60.232739 65.882616
4761 29.337531 22.602350 0.000000
4747 30.272959 21.730786 0.000000
4760 29.205048 20.801902 0.000000
10411 41.412307 75.450454 0.000000
5434 43.872694 77.830744 0.000000
9953 43.094110 73.994365 0.000000
9867 98.670560 100.000000 29.948479
2672 100.000000 100.000000 30.434783
7247 100.000000 100.000000 26.086957
9844 100.000000 26.819279 91.749410
8690 100.000000 25.625245 89.826778
10223 100.000000 28.494590 89.960652
9292 10.525539 12.806154 0.000000
9291 11.377630 14.101566 0.000000
1957 11.668989 12.157530 0.000000
1954 25.174971 96.962020 0.000000
5355 26.803317 96.844108 0.000000
7448 21.397491 0.000000 17.627000
6091 19.829247 0.000000 18.334126
4082 20.482025 0.000000 14.620137
4324 88.121115 0.000000 25.663509
5365 87.644442 0.000000 28.364455
6015 58.009215 57.285767 0.000000
5583 56.654752 55.779855 0.000000
1245 4.466011 0.000000 97.593526
1247 3.985827 0.000000 94.862042
2447 5.301937 0.000000 95.511041
7190 16.826666 100.000000 88.777985
9715 18.266799 100.000000 87.440267
10012 87.573585 76.633293 100.000000
8167 87.169501 79.097760 100.000000
2918 86.238180 76.099450 100.000000
9223 74.008308 46.531622 0.000000
10556 75.568796 46.316688 0.000000
264 72.780311 5.580913 0.000000
9264 72.976185 2.746680 0.000000
9855 71.636320 2.976690 0.000000
2129 21.168720 19.678172 0.000000
10210 21.190731 17.504683 0.000000
9979 100.000000 91.020943 92.648161
330 100.000000 93.110509 90.747023
1264 66.202760 0.000000 40.218563
6875 68.086679 0.000000 41.951881
638 1.967162 0.000000 38.196629
637 3.096489 0.000000 36.726907
5227 2.516227 0.000000 40.019534
9455 52.213284 3.670533 100.000000
5643 51.520581 6.856958 100.000000
8140 85.151544 81.050178 100.000000
5380 86.715300 81.680095 100.000000
4516 86.222532 84.411761 100.000000
3865 75.925926 100.000000 100.000000
2714 100.000000 29.004082 57.336018
10453 82.143522 19.954110 100.000000
6350 81.954214 24.311855 100.000000
7825 80.453713 20.090470 100.000000
3174 41.554061 96.382182 0.000000
3173 41.059615 92.773348 0.000000
6205 38.917081 93.051879 0.000000
7938 18.152393 0.000000 41.555909
3458 17.418386 0.000000 44.259168
2149 16.742197 0.000000 42.281560
5468 77.432687 31.931609 0.000000
8057 78.163076 34.786075 0.000000
8058 79.268831 32.791266 0.000000
8497 86.466158 45.061051 0.000000
2278 86.112126 41.545713 0.000000
2277 84.972990 43.180966 0.000000
4084 19.580250 0.000000 11.697855
2422 21.087746 0.000000 10.814384
4092 68.289848 69.201487 0.000000
10263 68.236795 66.081627 0.000000
10262 66.854255 67.053064 0.000000
4907 7.981286 0.000000 96.767094
111 55.555556 0.000000 100.000000
3574 56.944444 0.000000 100.000000
112 56.154515 2.245804 100.000000
5202 58.941684 0.000000 94.722107
5203 59.435268 0.000000 97.351625
3576 57.980410 0.000000 97.319870
6470 24.323904 28.135942 0.000000
6469 25.528501 30.164679 0.000000
1095 26.152574 26.852790 0.000000
8496 23.037696 57.256741 0.000000
6855 22.908655 54.518794 0.000000
8820 21.130146 55.846085 0.000000
3881 60.905744 14.428482 100.000000
8474 59.372575 12.966990 100.000000
3446 60.507197 10.624387 100.000000
10042 75.432474 67.975379 100.000000
3059 75.559313 71.885307 100.000000
3058 73.761357 68.947894 100.000000
3091 35.920817 96.733614 0.000000
1211 37.102024 95.827762 0.000000
8575 35.029398 95.080503 0.000000
3420 0.000000 71.323162 55.195584
1568 0.000000 73.581593 57.854959
9053 0.000000 73.189169 46.485264
6662 27.322894 0.000000 44.350386
1149 26.129214 0.000000 43.696307
149 27.072019 0.000000 41.281054
6440 97.321664 85.148260 100.000000
651 97.201067 88.484208 100.000000
6439 95.978660 84.768913 100.000000
4770 55.371065 86.718416 0.000000
6249 72.976262 0.000000 54.953124
10479 74.399397 0.000000 52.243267
1807 46.975616 12.351795 0.000000
3989 47.429784 8.886002 0.000000
5126 45.829983 9.491258 0.000000
922 30.774921 54.533249 100.000000
4239 28.922510 55.502144 100.000000
4490 29.122173 52.510418 100.000000
4372 96.661783 0.000000 65.605828
4371 97.467426 0.000000 68.297973
10434 96.208376 0.000000 68.057957
8212 9.535555 20.433518 100.000000
4976 9.819581 18.449801 100.000000
1019 100.000000 94.148651 42.000409
7281 46.076439 77.776066 0.000000
2168 44.789957 75.399316 0.000000
8410 20.866499 51.314201 100.000000
7836 20.164461 49.113409 100.000000
8411 21.694806 48.725617 100.000000
3509 47.548803 65.433048 100.000000
3751 76.767902 100.000000 3.387037
3145 66.947761 0.000000 3.379243
3144 65.526267 0.000000 3.370250
9219 66.197183 0.000000 0.000000
6176 37.759800 100.000000 24.278539
4944 27.489545 0.000000 21.042584
510 28.634388 0.000000 22.923369
3550 27.225787 0.000000 24.676514
1956 23.444949 96.901909 0.000000
10601 24.494225 98.456678 0.000000
3249 26.456100 98.456810 0.000000
10104 72.253024 91.789373 100.000000
3329 72.258837 96.008936 100.000000
5051 70.531403 92.447168 100.000000
9049 21.941997 0.000000 33.912982
3366 21.122595 0.000000 37.001127
5809 20.470791 0.000000 34.128939
5020 0.000000 55.477937 27.599315
2372 0.000000 57.159869 33.248692
8780 0.000000 57.354862 24.699580
1949 0.000000 58.687600 30.705188
5787 100.000000 60.832209 83.059899
3067 100.000000 64.311660 81.661443
7018 100.000000 63.691585 85.862430
9982 21.205757 53.086076 0.000000
9981 19.058980 54.260150 0.000000
8799 59.515340 15.892591 0.000000
6258 100.000000 35.798330 50.451206
9654 100.000000 39.581249 50.803469
6259 100.000000 37.804918 53.883976
10446 21.148492 15.214432 0.000000
1570 19.898925 14.488534 0.000000
1239 24.259814 100.000000 64.480115
6881 23.136103 100.000000 63.228506
9110 67.858470 86.470550 100.000000
9111 67.339889 89.133536 100.000000
9112 66.213268 85.050603 100.000000
830 74.553810 100.000000 39.802408
5548 73.393486 100.000000 42.712536
5549 75.415341 100.000000 44.448368
8025 43.350560 45.909630 100.000000
6306 42.336930 47.384486 100.000000
5378 44.206653 0.000000 88.307433
7092 43.838372 0.000000 92.055636
3826 42.762752 0.000000 90.382472
248 100.000000 11.678338 49.785158
1575 100.000000 10.609038 46.542065
7940 100.000000 14.084291 47.145388
3859 85.255080 0.000000 73.325138
3860 84.634397 0.000000 70.588235
3288 85.965185 0.000000 71.073335
8321 4.560193 100.000000 52.733043
10367 6.600034 100.000000 53.593122
4882 6.161751 100.000000 45.808210
9135 16.127078 94.903238 100.000000
7428 14.187605 94.780561 100.000000
7429 15.021120 93.423445 100.000000
3526 100.000000 75.254287 82.812030
6135 100.000000 77.508113 87.683112
4524 100.000000 73.583078 86.567391
2699 4.545053 8.100500 100.000000
9841 0.000000 13.119682 93.727955
8391 0.000000 10.260511 90.581550
8762 0.000000 11.687399 96.209801
4243 84.895945 75.389466 100.000000
8546 8.038350 11.757388 100.000000
892 8.569256 10.183261 100.000000
894 9.036519 11.606945 100.000000
2574 96.443529 0.000000 30.018704
489 95.605886 0.000000 32.600013
2463 94.878582 0.000000 29.102466
108 45.901271 0.000000 30.474616
5277 0.000000 71.971512 79.707388
1076 0.000000 72.925283 90.431687
6458 0.000000 74.415896 80.910478
5883 0.000000 89.248089 65.128635
5955 0.000000 87.329277 67.592288
3620 0.000000 88.661706 73.711099
8364 56.720237 100.000000 94.422653
7802 58.085995 100.000000 89.612519
8365 56.109353 100.000000 88.372658
9511 70.276395 87.776261 0.000000
3902 71.872591 88.028968 0.000000
3789 69.135399 37.828743 100.000000
3623 64.922415 0.000000 28.775130
3624 66.372260 0.000000 30.869062
1786 64.854127 0.000000 32.877743
6817 0.000000 45.380204 69.052015
6815 0.000000 45.461067 67.225049
6816 0.000000 45.045844 67.548272
7325 45.898355 0.000000 74.826224
4551 6.262919 26.673422 100.000000
375 2.640933 24.541253 100.000000
376 2.049415 26.784631 100.000000
5263 52.796359 0.000000 63.998737
8976 41.261930 41.246313 100.000000
8530 42.022447 83.229734 0.000000
3168 44.427146 85.977080 0.000000
10493 0.000000 44.973105 65.514110
9975 0.000000 44.783859 62.177830
8854 0.000000 44.234597 64.579148
4179 93.976751 22.758200 100.000000
4178 92.058681 20.417612 100.000000
6267 93.141308 18.937897 100.000000
9928 100.000000 75.043607 54.881321
6762 100.000000 77.779995 52.847752
5747 100.000000 77.811313 57.016812
3102 10.589627 27.235981 100.000000
3103 9.455694 25.938110 100.000000
4751 18.565587 100.000000 17.093398
10600 19.910187 100.000000 14.714410
10248 20.058681 100.000000 18.263381
3318 14.150109 100.000000 21.775129
3319 14.330434 100.000000 17.630116
3317 12.894850 100.000000 19.019364
2322 0.000000 91.396758 58.140643
8942 0.000000 90.523701 63.204685
7039 0.000000 91.623679 64.873515
6530 68.168207 96.845437 100.000000
7874 66.723100 92.621055 100.000000
9355 68.692673 92.763413 100.000000
9095 49.135988 0.000000 34.103109
2083 73.518386 86.039719 100.000000
5897 73.925278 90.637583 100.000000
3797 57.347701 86.969845 100.000000
4590 56.886790 91.245940 100.000000
4670 55.387860 87.302027 100.000000
1352 0.000000 14.747470 29.349760
1351 0.000000 17.281012 26.930158
3443 0.000000 15.970521 24.245834
9640 89.398349 96.991754 100.000000
3877 87.598413 96.869116 100.000000
6147 88.112812 93.853560 100.000000
12750 0.000000 54.862328 20.264623
3567 0.000000 54.143416 13.076743
12764 0.000000 53.882343 18.310824
3565 0.000000 56.163913 17.000305
12751 0.000000 55.964760 22.390956
9203 32.576675 48.705232 0.000000
9449 34.270454 47.505297 0.000000
9186 32.751654 45.758555 0.000000
9613 73.207928 0.000000 5.552733
1876 72.778943 0.000000 8.852026
1875 71.957819 0.000000 6.031682
540 64.424751 16.563550 0.000000
3210 8.152684 100.000000 47.301837
1857 9.825859 100.000000 50.348986
1027 9.864574 100.000000 44.547966
6787 56.630370 0.000000 11.155897
4051 97.939975 11.616851 100.000000
7622 100.000000 13.793103 100.000000
7293 100.000000 67.800439 3.503313
12907 100.000000 69.554336 2.620257
1438 0.000000 83.424063 64.100967
1436 0.000000 84.751112 56.452707
1437 0.000000 83.202910 56.432403
3819 33.805648 100.000000 82.769408
2287 19.338813 100.000000 72.364252
3844 19.497068 100.000000 69.183809
1596 18.494603 100.000000 71.004948
5048 100.000000 16.024095 40.541150
5047 100.000000 18.970914 42.502090
7342 100.000000 16.587451 44.511835
6285 46.850494 34.380094 100.000000
6284 47.151194 32.265409 100.000000
2563 47.833915 33.881804 100.000000
2719 69.263125 21.915397 0.000000
2717 69.726672 24.514065 0.000000
2718 70.624948 22.874177 0.000000
2107 37.043393 100.000000 63.149107
10507 36.190100 100.000000 60.616956
8344 83.333333 100.000000 100.000000
12800 82.573309 100.000000 96.136963
3046 81.481481 100.000000 100.000000
7998 1.088347 29.487509 0.000000
2608 1.434298 27.981559 0.000000
6456 0.669982 27.990360 0.000000
8020 83.380879 100.000000 11.087954
8019 85.118721 100.000000 13.533369
6184 87.283614 67.223545 0.000000
9721 85.640140 67.823236 0.000000
4325 86.986881 70.380118 0.000000
9911 20.539032 0.000000 4.752954
10309 20.161215 0.000000 8.170551
10302 19.476383 0.000000 5.984373
7396 29.279114 0.000000 37.260785
8454 29.648360 0.000000 33.951329
8525 100.000000 84.373923 40.836964
3376 100.000000 87.155522 39.083275
6744 100.000000 86.581909 43.403933
6066 28.116448 0.000000 14.398773
6065 28.713942 0.000000 10.400614
1446 29.590225 0.000000 13.787614
1476 18.017702 100.000000 26.713950
1477 17.389315 100.000000 28.866687
1475 18.444132 100.000000 29.327541
8017 7.193527 81.154293 0.000000
2026 8.094376 83.674708 0.000000
8018 9.486559 82.318928 0.000000
8702 38.845089 100.000000 89.595328
843 37.288283 100.000000 89.027324
5039 38.434193 100.000000 92.568713
2896 54.654712 10.830567 100.000000
2898 54.796260 15.193495 100.000000
2684 53.240702 12.436243 100.000000
5685 0.000000 44.230769 0.000000
5684 0.907299 42.299872 0.000000
10319 31.844649 21.760411 100.000000
7973 31.191414 25.334513 100.000000
7114 29.953284 22.745453 100.000000
3564 80.653973 0.000000 87.348104
6115 79.128694 0.000000 87.638833
4687 79.563267 0.000000 84.786661
10221 100.000000 59.439465 36.585193
6830 100.000000 56.113765 37.796033
4206 100.000000 56.808764 34.008767
5917 52.097599 0.000000 58.927824
6811 53.090431 0.000000 57.339156
5918 53.030348 0.000000 60.550745
5079 76.855941 0.000000 98.317928
7105 78.120919 0.000000 98.083699
704 77.777778 0.000000 100.000000
6342 19.724337 100.000000 50.143864
8935 21.031828 100.000000 48.696166
5520 49.967908 0.000000 2.744734
2532 51.173402 0.000000 3.129038
5521 50.401669 0.000000 5.209502
1792 0.000000 8.933509 85.221873
1793 0.000000 6.119968 82.469580
1794 0.000000 7.348314 87.429242
8809 11.887413 0.000000 80.831125
10515 10.266156 0.000000 81.404680
8981 10.920594 0.000000 78.212862
4016 21.823384 62.257961 100.000000
9752 20.300624 60.757847 100.000000
8512 24.040521 23.334580 100.000000
8514 25.756549 21.939468 100.000000
9032 25.484430 25.139519 100.000000
2262 100.000000 31.804761 17.457020
2261 100.000000 34.001200 19.634635
4170 100.000000 30.658724 19.972959
9510 100.000000 79.270881 76.859835
7383 100.000000 80.427325 73.581395
3004 100.000000 82.310875 77.257338
10113 100.000000 26.278549 35.879301
10370 100.000000 24.277445 39.256755
2858 100.000000 22.077694 35.373519
5344 17.731045 15.139476 0.000000
2406 17.848577 16.811340 0.000000
6646 37.628725 77.797308 0.000000
10231 39.501533 76.729445 0.000000
5282 37.414251 74.621253 0.000000
10429 0.000000 84.905660 100.000000
789 0.000000 86.792453 100.000000
1040 0.000000 85.956312 88.179376
7489 81.664673 47.519918 100.000000
2180 80.257678 49.418414 100.000000
3467 79.577300 44.059110 100.000000
10473 5.334721 70.318079 0.000000
9913 6.688059 69.004976 0.000000
1435 1.218652 0.000000 97.241620
5384 2.467616 0.000000 94.999375
8291 2.056502 0.000000 98.112339
6658 12.698554 82.177032 0.000000
6612 12.973033 83.842024 0.000000
6613 14.537479 83.394505 0.000000
1360 43.572220 42.149388 0.000000
6531 43.277845 44.873874 0.000000
776 44.778663 44.211501 0.000000
8430 46.638360 0.000000 3.765743
5500 47.887324 0.000000 0.000000
6247 48.016611 0.000000 4.896591
2185 95.582930 95.998007 100.000000
6665 94.984773 92.315665 100.000000
899 93.405667 46.271796 0.000000
9319 91.602205 46.362892 0.000000
9761 6.133443 33.944547 100.000000
10277 63.687352 100.000000 65.118988
10278 64.216451 100.000000 60.414828
2353 37.982208 100.000000 66.274630
2108 38.620424 100.000000 62.601361
4631 76.346141 18.155709 0.000000
4632 77.511360 20.019143 0.000000
4630 77.391587 17.822889 0.000000
1736 93.956537 74.153216 100.000000
3032 94.557568 76.463902 100.000000
1737 93.651393 76.279906 100.000000
9280 72.358755 78.229413 100.000000
2081 73.030441 81.981151 100.000000
10379 80.241094 0.000000 90.146402
5525 78.581524 0.000000 90.527708
4068 83.202823 0.000000 6.030594
6463 84.189513 0.000000 9.954279
9894 4.980350 0.000000 21.348102
9893 5.938734 0.000000 22.370901
9727 4.838624 0.000000 23.999975
3195 0.000000 2.117638 12.976880
358 82.235109 11.171329 100.000000
359 83.832157 15.279739 100.000000
4400 100.000000 78.956087 15.713880
4413 100.000000 81.151659 18.061661
4463 100.000000 77.734833 19.726675
5990 100.000000 75.048932 50.707098
5989 100.000000 77.936131 48.645269
5904 100.000000 24.825076 98.436925
4103 71.532130 21.078262 0.000000
6004 72.062482 23.965190 0.000000
9967 90.404960 80.286633 0.000000
319 90.436066 82.641291 0.000000
5678 0.000000 60.045898 43.570566
2371 0.000000 58.669935 38.229361
6180 0.000000 58.525746 45.674661
3099 57.892459 100.000000 45.419277
3097 59.612516 100.000000 41.857597
9787 59.485915 20.059087 100.000000
8625 57.984206 20.841676 100.000000
3755 26.935850 0.000000 68.387269
9187 27.803401 0.000000 70.004150
3621 0.000000 89.939858 78.097514
3367 0.000000 88.075327 83.909191
1041 0.000000 87.114263 77.912433
2097 42.611027 35.131785 100.000000
2098 42.041764 38.383077 100.000000
2096 40.996129 35.410048 100.000000
5799 39.721600 96.960985 100.000000
5943 37.372971 95.582250 100.000000
6999 37.842223 92.635207 100.000000
3069 100.000000 66.953774 85.437905
3068 100.000000 68.268077 82.339080
4523 100.000000 70.164200 85.787240
7944 39.146544 0.000000 81.828549
8383 37.339802 74.564702 100.000000
5656 39.618412 73.846651 100.000000
1917 78.809662 71.738415 0.000000
1916 77.580701 70.643170 0.000000
8407 100.000000 12.770338 15.600830
8006 100.000000 13.980514 18.634716
5519 100.000000 10.309261 17.943505
531 16.100689 30.327799 100.000000
530 15.370638 32.980075 100.000000
7524 14.552926 31.118573 100.000000
9917 100.000000 13.078826 43.683483
857 100.000000 11.765154 40.185691
1545 4.462080 65.353353 100.000000
4428 5.770691 65.114818 100.000000
4429 5.303977 66.651685 100.000000
8668 44.843278 100.000000 63.062528
3434 48.368127 71.188060 0.000000
3435 48.726499 67.913995 0.000000
9283 64.585158 76.398708 0.000000
1228 62.648874 75.863561 0.000000
9382 63.919303 79.323263 0.000000
8733 27.136481 0.000000 54.142055
8735 28.485872 0.000000 54.420603
3615 100.000000 32.013154 38.160529
4544 100.000000 30.868871 41.731728
5104 100.000000 28.295237 38.971126
5339 88.881078 100.000000 33.481090
5400 90.138059 100.000000 29.260678
5641 87.995408 100.000000 28.225082
2347 68.889597 0.000000 17.341457
3208 69.833285 0.000000 20.907530
5442 17.947520 100.000000 78.299762
2288 17.866659 100.000000 74.329224
5407 16.516478 100.000000 77.876684
5043 20.689920 89.731862 100.000000
3868 75.055330 100.000000 24.507445
2333 73.252160 100.000000 25.844943
2332 74.794610 100.000000 29.775007
10075 36.308857 100.000000 24.964773
10384 36.903349 100.000000 21.437429
9646 74.485163 100.000000 59.850124
5351 76.774722 100.000000 61.885012
772 75.932145 100.000000 55.809435
271 86.017547 6.965855 0.000000
272 84.575888 7.866033 0.000000
273 85.996276 9.948785 0.000000
6399 100.000000 7.697334 88.315390
5337 100.000000 6.878138 91.542917
4158 70.280469 40.887251 100.000000
4160 68.951225 41.140469 100.000000
340 47.016176 100.000000 51.584045
5886 47.795505 26.103756 0.000000
9606 46.009024 25.724021 0.000000
6538 46.790463 29.098896 0.000000
2661 10.393508 72.463106 100.000000
9081 11.934209 73.395414 100.000000
2662 10.811635 74.471009 100.000000
505 4.156107 71.601850 0.000000
10495 5.908818 72.263444 0.000000
5929 15.461232 0.000000 4.692788
5984 16.821436 0.000000 5.530525
5928 15.726631 0.000000 8.843586
9255 15.221823 100.000000 24.241710
9385 15.432694 100.000000 20.979471
4782 20.008203 9.752592 100.000000
8184 20.669673 11.240674 100.000000
664 41.294500 0.000000 96.312322
663 43.055556 0.000000 100.000000
9224 41.666667 0.000000 100.000000
9842 0.000000 78.400454 85.247860
10148 0.000000 78.422738 93.457899
8161 0.000000 80.256263 89.971830
8194 25.893601 100.000000 80.685666
9892 26.083425 19.082037 100.000000
9868 27.325665 17.507026 100.000000
5617 27.175476 20.394699 100.000000
8696 50.022431 42.840312 100.000000
6339 100.000000 72.891061 19.973130
5569 100.000000 70.671980 18.702587
6748 100.000000 73.332911 16.696379
3706 10.455638 93.780727 0.000000
8986 8.581006 92.901447 0.000000
6807 9.178375 95.003306 0.000000
6173 67.396046 0.000000 65.104191
8769 68.412605 0.000000 62.890448
9900 2.320027 31.087016 0.000000
3928 2.418484 29.636048 0.000000
2055 1.837478 30.840540 0.000000
6854 83.500330 0.000000 13.133664
4973 83.027927 0.000000 16.320165
4489 30.323162 84.093543 0.000000
4487 28.432787 84.538986 0.000000
4488 30.349030 86.275823 0.000000
9065 17.785395 88.447023 100.000000
5662 17.747882 90.425891 100.000000
5532 9.795354 86.402161 100.000000
5533 9.966289 88.393320 100.000000
3355 8.146161 87.048872 100.000000
4102 70.873280 18.278543 0.000000
9440 69.421504 17.375482 0.000000
5094 70.057872 20.144415 0.000000
2834 75.049914 100.000000 90.949471
2833 76.859221 100.000000 89.616649
5085 75.596162 100.000000 85.752824
2873 22.837452 33.765529 100.000000
2041 21.764699 32.085288 100.000000
1507 23.684280 30.837751 100.000000
3495 28.372005 100.000000 46.233922
3496 27.167777 100.000000 47.377986
3497 28.386445 100.000000 49.724860
472 67.899594 48.063543 100.000000
8528 66.953801 44.223774 100.000000
7819 68.746429 44.841269 100.000000
4885 100.000000 51.778307 50.212238
1312 81.404621 28.535620 100.000000
1311 79.428285 25.432339 100.000000
6349 80.453897 23.858112 100.000000
5285 0.000000 6.552276 68.311305
5283 0.000000 7.736658 72.774015
5284 0.000000 9.248680 70.219683
708 78.194509 0.000000 27.009417
9757 79.127846 0.000000 24.540952
5258 79.591539 0.000000 28.173270
324 94.697921 0.000000 44.355984
7829 94.292612 0.000000 47.565862
9508 93.219481 0.000000 44.196704
7152 88.501369 0.000000 45.119954
4925 89.496337 0.000000 42.372381
8499 90.135919 0.000000 46.249044
2785 74.394935 0.000000 4.685724
5080 74.013488 0.000000 8.239425
2876 21.666834 7.203935 0.000000
2292 20.399364 6.763058 0.000000
2291 20.598315 8.774441 0.000000
3638 0.000000 24.803285 92.065903
4982 76.108588 40.726702 0.000000
1257 76.617469 38.548909 0.000000
1259 75.033671 37.957035 0.000000
9332 1.304527 74.706682 100.000000
10077 1.433327 76.628829 100.000000
6381 0.000000 75.471698 100.000000
5319 100.000000 69.315846 91.351453
9948 100.000000 72.752020 93.381316
8381 100.000000 69.902559 95.824592
10293 54.583229 40.144138 100.000000
7144 55.784644 42.299528 100.000000
7146 54.493261 43.174846 100.000000
1474 31.121350 100.000000 31.497446
2800 30.159799 100.000000 29.389508
1146 29.929312 100.000000 32.756147
895 0.000000 80.098838 26.038165
8811 0.000000 78.170389 20.429506
8812 0.000000 78.232854 30.626050
717 100.000000 100.000000 34.782609
718 97.754203 100.000000 34.164412
8083 14.866279 0.000000 63.017293
9139 14.451313 0.000000 66.271939
2396 0.000000 31.804274 23.143982
4737 0.000000 34.267333 19.474374
5086 100.000000 39.944987 90.156922
8109 100.000000 43.606091 90.716513
8108 100.000000 41.908422 93.092083
4319 89.107194 64.331396 0.000000
4321 87.702496 64.164631 0.000000
8223 88.869123 66.751557 0.000000
10286 17.251957 100.000000 67.388581
8386 18.382318 100.000000 65.072201
4729 17.319027 100.000000 63.885875
8870 2.101513 12.700953 100.000000
1918 2.022723 11.236824 100.000000
9821 2.594551 11.961265 100.000000
6732 69.149844 100.000000 11.184701
3290 68.348768 100.000000 5.802350
9011 67.386678 100.000000 11.220035
3906 82.930703 0.000000 30.128745
3905 81.674739 0.000000 31.111301
6423 81.746120 0.000000 27.821712
2546 0.000000 98.050147 83.137932
8954 0.000000 98.135183 69.530611
7795 0.000000 96.240600 74.777839
10442 100.000000 51.464004 10.086076
1715 100.000000 48.588439 11.534133
7919 61.623162 0.000000 53.366353
5503 63.260055 0.000000 53.923451
7442 85.478744 70.806430 0.000000
8995 84.175233 71.355444 0.000000
2397 2.947413 15.685111 100.000000
290 3.328248 14.821296 100.000000
1303 3.475737 16.086202 100.000000
5107 100.000000 39.046448 70.490709
4282 100.000000 35.019828 69.685999
7061 12.589354 39.305922 0.000000
3127 14.014238 40.117174 0.000000
7062 13.773013 37.571535 0.000000
190 25.088765 0.000000 4.896204
2069 23.727931 0.000000 3.109600
2070 25.063430 0.000000 2.196075
5077 75.939611 0.000000 96.881212
4653 13.894276 2.189327 100.000000
5954 12.685264 2.011740 100.000000
8680 71.107406 25.627731 0.000000
8275 70.062781 27.622060 0.000000
8679 71.812130 28.381104 0.000000
1148 25.312210 0.000000 46.286082
174 24.854860 0.000000 43.377917
6721 15.145600 100.000000 64.891295
1962 42.909275 0.000000 69.481201
228 31.655171 57.612645 0.000000
1329 31.963267 54.870827 0.000000
10525 30.146211 55.727672 0.000000
8897 27.028107 0.000000 94.440649
8896 28.356281 0.000000 94.944656
2598 27.367660 0.000000 97.346935
3817 33.418392 100.000000 79.190150
3818 32.164546 100.000000 81.656191
1597 18.414948 100.000000 68.254106
8387 19.508212 100.000000 65.981747
8598 21.661685 100.000000 22.237283
8219 0.000000 7.684601 31.389814
2603 0.000000 6.328684 36.177933
3957 0.000000 9.255754 33.812804
7074 73.473757 0.000000 37.320822
5890 74.877669 0.000000 37.362748
5889 74.610039 0.000000 40.079987
1960 45.787068 0.000000 15.773076
1961 47.016929 0.000000 12.587057
2079 100.000000 36.635267 90.350990
4045 87.408996 5.584763 0.000000
8361 85.836820 4.082965 0.000000
8772 100.000000 29.032258 0.000000
8879 100.000000 32.258065 0.000000
8804 100.000000 28.429286 2.070677
22 92.931721 9.421750 100.000000
10471 92.250703 4.380496 100.000000
10533 94.056617 7.998002 100.000000
6415 31.260685 0.000000 55.400470
6177 30.855620 0.000000 52.123171
3782 32.259867 0.000000 52.637266
8347 22.078500 100.000000 46.535267
9126 22.277704 100.000000 49.241361
1034 17.324988 10.636417 100.000000
1035 18.192903 8.927654 100.000000
9130 79.661017 100.000000 0.000000
3794 77.966102 100.000000 0.000000
6985 78.900200 100.000000 3.282897
3259 100.000000 69.662206 54.998259
727 17.230711 0.000000 50.826558
7523 16.956693 0.000000 54.601440
725 15.780497 0.000000 52.541866
4855 95.713391 62.877123 0.000000
3959 95.941351 65.324296 0.000000
9938 61.765922 94.054222 100.000000
7744 60.439580 96.877096 100.000000
9921 59.299230 91.455605 100.000000
9619 5.913024 0.000000 19.342113
9618 7.077895 0.000000 20.610132
3972 100.000000 23.322754 1.241811
3971 100.000000 23.499390 2.695819
9469 100.000000 21.125945 2.214689
7717 6.578914 6.494373 0.000000
7718 6.142600 8.134062 0.000000
4597 14.773708 100.000000 56.339042
5553 13.463731 100.000000 58.400058
3669 14.364656 100.000000 60.374607
740 17.675538 0.000000 76.088787
169 4.558375 88.073262 0.000000
8241 2.436703 87.443936 0.000000
9851 3.434443 89.659812 0.000000
9018 0.000000 23.214917 43.471113
8030 0.000000 25.416911 38.840818
3233 52.208377 52.905459 100.000000
3235 53.347085 49.465207 100.000000
3219 56.571315 68.417098 0.000000
9313 56.658284 71.681822 0.000000
3220 57.887354 70.537149 0.000000
7963 16.803765 87.131424 0.000000
4176 100.000000 85.782142 88.567900
7667 100.000000 82.048749 89.160222
4174 100.000000 83.172135 84.708529
5216 20.813189 10.818924 0.000000
5870 19.549395 10.338435 0.000000
4285 48.000154 0.000000 71.215271
6979 47.292668 0.000000 74.370388
8623 42.188617 0.000000 13.728941
3484 41.251797 0.000000 11.638141
3720 42.514194 0.000000 10.227932
3948 59.591919 27.819652 0.000000
4817 61.156295 28.196510 0.000000
3949 60.435533 25.310210 0.000000
9663 100.000000 88.226243 92.270625
2112 100.000000 87.269807 95.805678
2111 100.000000 85.388806 92.050313
2105 30.493003 34.508563 0.000000
100 32.436294 32.366451 0.000000
99 30.674777 30.779672 0.000000
6286 43.148100 100.000000 96.569887
6287 41.410457 100.000000 96.327990
6288 42.592593 100.000000 100.000000
6280 49.270142 40.387754 100.000000
8873 50.369424 40.486882 100.000000
4860 26.017956 100.000000 90.132388
5016 26.606070 100.000000 87.469771
9733 25.113235 100.000000 88.168661
126 11.019251 0.000000 7.339191
3666 9.473348 0.000000 6.850877
127 10.704854 0.000000 3.930555
10510 0.000000 15.405062 78.561544
5307 0.000000 16.129585 83.953433
6868 0.000000 18.105417 81.083595
5574 12.665449 97.089457 100.000000
9377 12.562005 95.521172 100.000000
10118 14.004011 96.802383 100.000000
9668 89.953289 30.154976 100.000000
6448 91.283715 32.843212 100.000000
5345 17.567040 13.249243 0.000000
4 18.715256 13.826537 0.000000
3 18.537319 11.842176 0.000000
125 39.737570 25.477550 100.000000
9701 38.900208 28.857435 100.000000
123 38.065649 25.310015 100.000000
2617 28.628582 66.626587 0.000000
2616 30.390589 66.075224 0.000000
757 28.939940 64.478172 0.000000
9180 100.000000 5.811554 42.727507
5959 100.000000 3.672845 45.640783
1639 100.000000 2.303566 42.259193
4987 27.485207 100.000000 95.979546
1842 25.754609 100.000000 97.895965
524 27.720586 100.000000 98.538195
8362 17.311792 0.000000 8.948611
10303 18.811588 0.000000 8.698152
4947 6.235927 21.092712 0.000000
6402 5.864246 19.706814 0.000000
8936 5.464774 21.053520 0.000000
572 86.065201 53.316196 100.000000
8732 86.091384 56.662399 100.000000
5056 13.806861 0.000000 5.017453
5054 14.143532 0.000000 8.408179
5055 12.572316 0.000000 7.930420
7032 62.098592 12.805355 0.000000
7630 100.000000 0.000000 29.032258
2932 100.000000 1.705664 25.645271
2934 100.000000 3.128868 28.185252
1091 49.362160 33.926345 100.000000
6572 49.756688 36.426196 100.000000
2565 48.691207 35.287678 100.000000
8642 89.192941 8.987616 100.000000
7471 0.973974 39.859448 100.000000
7470 1.696856 40.625826 100.000000
10371 0.731226 41.661842 100.000000
8031 0.000000 25.713272 45.264962
10386 3.007688 59.672652 100.000000
1913 3.152387 61.391377 100.000000
1912 1.592452 60.825742 100.000000
7122 98.140220 31.485173 100.000000
10516 25.179278 97.961554 100.000000
8359 23.740258 98.673657 100.000000
6461 23.211075 96.619699 100.000000
5041 22.246824 89.396064 100.000000
1315 0.000000 50.650242 56.668196
5528 71.681493 59.062979 100.000000
5529 71.052176 56.297530 100.000000
5743 30.799895 0.000000 85.614152
4064 29.463879 0.000000 83.980785
2930 100.000000 43.397211 71.296960
6777 100.000000 47.206739 70.518705
5632 100.000000 46.746392 73.838379
9771 20.210781 100.000000 97.259519
9772 22.009677 100.000000 97.386910
4329 21.810969 100.000000 94.554465
2247 68.865659 25.632456 0.000000
2246 68.421492 27.579737 0.000000
4537 95.424689 0.000000 88.948271
10276 94.334716 0.000000 89.037600
8037 94.421750 0.000000 86.558965
841 13.592389 92.610386 100.000000
902 14.836488 91.740951 100.000000
1873 100.000000 69.293585 33.571476
1872 100.000000 72.114373 36.012902
5195 100.000000 69.031912 38.232889
9500 64.236885 43.957591 100.000000
819 47.983071 21.138100 100.000000
818 47.095929 23.144910 100.000000
8767 46.835022 19.759166 100.000000
10380 10.708923 14.891143 100.000000
10294 11.397893 13.045675 100.000000
7574 11.858671 14.755710 100.000000
3753 40.598485 100.000000 74.048999
2938 39.251308 100.000000 75.429639
6771 40.555575 100.000000 77.905740
8869 32.993140 43.118156 0.000000
2433 31.390531 43.796149 0.000000
5704 43.338095 0.000000 18.423729
920 42.384391 0.000000 21.130277
919 41.883069 0.000000 17.564362
5148 50.780727 0.000000 58.790418
10208 59.793000 100.000000 54.832940
2829 60.019978 100.000000 60.567062
9308 61.243123 100.000000 57.328977
1846 53.992020 0.000000 48.509608
3244 55.313298 0.000000 49.822645
6356 54.134172 0.000000 51.980071
8197 7.633083 10.400106 100.000000
4410 7.114284 11.822967 100.000000
8757 77.257040 70.877100 100.000000
2412 78.332718 67.730221 100.000000
500 11.673836 100.000000 69.384175
499 11.744374 100.000000 73.941291
1069 30.116973 0.000000 7.202468
8005 28.630241 0.000000 6.289735
3563 81.752719 0.000000 89.867714
9137 100.000000 16.727842 80.892463
4467 100.000000 18.934503 78.232235
7059 100.000000 20.820734 81.413287
3631 28.905426 0.000000 60.623778
6416 30.269905 0.000000 58.591513
1604 29.992550 0.000000 62.430377
4983 77.244089 42.895319 0.000000
3152 0.000000 85.263194 65.697468
1039 0.000000 85.548691 76.170210
771 75.517467 100.000000 50.495374
379 74.022639 100.000000 54.045199
1655 77.636202 0.000000 42.640616
8226 78.806275 0.000000 41.031008
1656 78.901145 0.000000 44.571548
244 22.222755 20.766659 0.000000
7217 13.379749 54.260790 0.000000
5162 11.850228 56.257260 0.000000
4573 13.989930 56.652133 0.000000
6129 31.975287 0.000000 35.059072
10432 31.489861 0.000000 38.461053
6130 30.594725 0.000000 36.162823
8304 0.000000 37.119390 85.902505
1008 0.000000 37.822827 81.193171
1007 0.000000 36.024500 80.884397
6958 0.000000 26.487470 11.662317
4759 0.000000 24.216891 16.600124
3824 67.562917 41.089920 100.000000
3790 68.064512 38.633743 100.000000
7179 85.084897 100.000000 23.201404
7180 85.183354 100.000000 18.764070
7181 83.506689 100.000000 21.153962
4711 87.227921 52.612213 100.000000
3213 86.961828 49.083513 100.000000
3212 88.360711 51.607077 100.000000
7348 0.000000 83.944702 48.802755
3432 0.000000 85.826667 47.539578
10563 24.342989 95.894957 100.000000
5266 64.662495 100.000000 54.616815
5265 62.805595 100.000000 56.397883
4951 38.443949 62.293492 100.000000
8473 60.008576 16.827563 100.000000
161 21.021948 0.000000 50.636688
159 22.045674 0.000000 51.300613
160 20.986927 0.000000 53.346424
9222 72.711051 44.012661 0.000000
3470 73.095363 41.146487 0.000000
8765 71.485960 41.275698 0.000000
1934 60.376828 0.000000 62.612935
2170 61.842745 0.000000 62.999876
1307 26.077325 77.569862 0.000000
10146 29.577465 0.000000 0.000000
9810 28.700318 0.000000 2.758496
9790 28.169014 0.000000 0.000000
3351 83.941346 61.297510 100.000000
3350 84.942634 62.871482 100.000000
8470 20.362463 98.108554 100.000000
10511 20.370370 100.000000 100.000000
8471 18.783331 98.312043 100.000000
10281 23.959836 1.964322 0.000000
8206 25.352113 0.000000 0.000000
10290 23.943662 0.000000 0.000000
9737 22.527293 74.593702 0.000000
5570 21.514660 76.261138 0.000000
8301 30.078835 60.732046 100.000000
4961 28.445539 61.657955 100.000000
8199 28.623489 58.573324 100.000000
9263 100.000000 45.479576 94.148482
9853 100.000000 47.397181 91.750168
5031 80.825622 18.055522 0.000000
5784 15.756504 85.372187 0.000000
5785 13.999989 85.278375 0.000000
5786 15.114545 86.930938 0.000000
3030 3.131795 12.688933 100.000000
8455 3.147303 11.311750 100.000000
1062 87.034382 100.000000 22.395591
5640 89.340717 100.000000 24.146382
6164 86.488176 100.000000 78.560140
7431 86.117022 100.000000 84.844171
4287 16.935411 30.265875 0.000000
4288 16.958496 32.947723 0.000000
4286 18.524810 31.344313 0.000000
8565 15.910420 100.000000 37.159002
3147 14.912863 100.000000 36.450869
911 15.280124 100.000000 39.303350
5121 83.973608 13.300902 0.000000
2991 85.740398 12.895135 0.000000
3832 84.424504 10.482614 0.000000
5805 76.905618 26.302197 100.000000
621 77.566402 22.418258 100.000000
5804 78.364794 26.918742 100.000000
2576 14.645171 100.000000 52.401443
4598 15.673761 100.000000 53.263239
10566 15.576453 100.000000 50.331591
1615 45.035680 0.000000 91.568344
6972 2.869471 82.279528 100.000000
8268 4.295286 83.719502 100.000000
1420 2.899832 84.337612 100.000000
4046 88.548087 3.914571 0.000000
355 88.242398 1.765935 0.000000
4047 87.196010 2.814716 0.000000
3805 12.604692 23.159838 100.000000
775 45.946826 46.129193 0.000000
6502 47.036173 48.158452 0.000000
6501 47.350301 45.667349 0.000000
6373 0.000000 88.623866 58.383100
10256 85.044198 100.000000 62.102213
9865 84.148450 100.000000 67.904722
1707 47.684524 100.000000 18.190962
529 49.406630 100.000000 20.198319
528 49.202782 100.000000 14.610840
2964 57.914269 0.000000 75.288955
2965 59.816271 0.000000 75.503517
758 58.560882 0.000000 78.847520
7393 21.059835 89.580170 0.000000
9909 20.362878 90.768900 0.000000
9509 60.348604 94.270824 0.000000
2780 89.734629 100.000000 38.599741
4529 91.069368 100.000000 34.392507
5660 2.399775 0.000000 24.579296
5661 1.224538 0.000000 22.097328
23 92.646427 13.100649 100.000000
2538 53.785153 35.002561 100.000000
2075 53.165316 22.467861 0.000000
2073 53.355287 19.450445 0.000000
2074 51.963143 20.157022 0.000000
2500 100.000000 53.020022 90.448067
2501 100.000000 54.022575 93.645926
2502 100.000000 51.020316 92.810654
4161 23.370551 0.000000 69.450378
7790 24.360291 0.000000 71.110683
3271 61.114581 89.249921 100.000000
305 31.481481 100.000000 100.000000
2520 29.750365 100.000000 97.353659
7310 17.829831 15.128140 100.000000
786 18.000332 17.705709 100.000000
7311 16.900961 16.774229 100.000000
2052 8.290853 100.000000 88.200893
2053 7.468558 100.000000 94.317121
5573 100.000000 75.708734 17.859656
6352 93.849845 69.113592 100.000000
6419 93.300810 71.301400 100.000000
6420 92.726206 68.743611 100.000000
7474 28.596141 0.000000 45.057419
611 29.536791 0.000000 42.336008
610 30.018370 0.000000 45.432246
1196 88.888889 0.000000 100.000000
1800 89.393951 0.000000 97.306491
624 96.057895 0.000000 97.217836
8849 94.807762 0.000000 94.310863
8850 96.279363 0.000000 94.383292
9987 83.239725 100.000000 73.284243
6166 85.368852 100.000000 72.851384
7611 80.794274 0.000000 14.734468
4135 0.000000 41.359832 54.819967
7763 0.000000 41.009605 60.857847
5212 0.000000 42.415972 60.351567
9657 100.000000 33.168436 65.827808
873 100.000000 31.701564 69.044532
872 100.000000 29.255692 67.020337
5105 19.071055 40.683409 100.000000
5106 19.674603 43.380321 100.000000
601 17.865789 43.067793 100.000000
7564 38.336666 0.000000 59.439401
10483 39.146924 0.000000 56.578968
9024 48.097599 56.505004 0.000000
10167 47.265731 53.295592 0.000000
1926 39.611913 0.000000 39.569331
2281 27.642824 11.039451 100.000000
2283 26.670136 10.039682 100.000000
4336 27.722487 8.146529 100.000000
3982 61.194420 0.000000 97.592814
3983 62.500000 0.000000 100.000000
3984 61.111111 0.000000 100.000000
2544 26.886792 90.382378 100.000000
557 25.351355 90.606235 100.000000
9762 25.288807 88.142240 100.000000
6109 19.301517 100.000000 60.108763
816 18.455334 100.000000 59.455173
8419 18.395256 100.000000 62.007013
6563 23.365054 100.000000 49.413016
6562 23.823696 100.000000 46.805364
8832 22.917019 100.000000 47.404035
8968 74.770430 35.326391 0.000000
3861 73.919651 33.361716 0.000000
7743 100.000000 60.473564 86.609007
9063 100.000000 57.995660 84.049816
233 100.000000 77.098695 36.873985
4264 100.000000 64.516129 0.000000
4265 100.000000 62.614742 1.653415
9887 100.000000 61.290323 0.000000
6468 100.000000 61.132113 30.192520
6467 100.000000 63.288606 28.360729
3320 100.000000 63.105108 31.462976
7411 10.625789 51.410850 0.000000
3503 11.226299 53.851870 0.000000
265 12.874478 51.634523 0.000000
5970 0.000000 5.590598 89.054073
1112 0.000000 6.616515 93.345323
6704 27.620157 14.300491 0.000000
3034 29.101889 15.900777 0.000000
5397 29.300581 13.187033 0.000000
3359 63.551174 100.000000 79.415565
369 100.000000 80.396394 54.896504
371 100.000000 82.524485 52.957110
1986 100.000000 83.148200 56.515723
7928 71.312544 0.000000 75.738911
8535 70.687430 0.000000 78.749857
2276 0.000000 15.649700 10.901553
2357 0.000000 17.324388 11.684415
1337 0.000000 18.396693 6.400605
6553 0.000000 70.604548 17.674056
8209 92.510172 100.000000 92.359991
12802 91.569566 100.000000 96.375850
12803 92.915338 100.000000 95.789845
5180 12.930824 0.000000 69.962591
3787 13.438465 0.000000 72.281122
5247 12.031667 0.000000 72.195639
9383 0.000000 4.667908 33.956462
7537 0.000000 6.140657 28.876727
6275 0.000000 2.737958 32.002525
10073 85.452516 12.300407 100.000000
596 85.981298 100.000000 56.377759
595 86.852285 100.000000 51.131992
6805 84.796703 100.000000 51.675634
972 43.686111 0.000000 21.831353
973 42.755102 0.000000 23.796998
3093 38.153610 98.177022 0.000000
5142 39.537086 98.018178 0.000000
9480 100.000000 44.486902 1.744511
9479 100.000000 40.997265 2.346412
2966 100.000000 41.935484 0.000000
2159 100.000000 71.615133 82.871925
368 90.756116 39.668572 100.000000
8448 6.253418 49.310448 0.000000
8286 6.487086 51.195234 0.000000
9626 8.218271 48.736313 0.000000
8256 40.677966 100.000000 0.000000
6841 21.961191 66.371251 0.000000
2791 66.951304 100.000000 91.515940
3752 65.107709 100.000000 88.829064
682 0.000000 69.278230 52.084928
1262 0.000000 70.976631 44.300559
1261 0.000000 68.901127 42.615850
2543 28.545352 90.612578 100.000000
4352 30.113398 91.284808 100.000000
1636 29.591892 92.952669 100.000000
134 84.745763 100.000000 0.000000
132 86.440678 100.000000 0.000000
133 86.031983 97.297714 0.000000
9877 41.024361 0.000000 38.268388
9161 42.415795 0.000000 36.601703
878 42.231799 0.000000 40.321695
4672 0.654792 16.754873 0.000000
7768 1.260093 17.173042 0.000000
4673 1.099074 15.580709 0.000000
1250 20.704670 17.158343 100.000000
6202 20.397470 15.281275 100.000000
1248 21.849418 15.401028 100.000000
7884 21.243563 13.063468 100.000000
5982 100.000000 9.660494 4.227402
6987 100.000000 12.565053 5.605543
5983 100.000000 10.374016 6.752739
3750 74.687293 100.000000 4.452417
5882 72.881356 100.000000 0.000000
7689 0.000000 38.782192 39.927328
3604 0.000000 36.304006 42.487043
10151 0.000000 38.173957 47.224571
9362 41.826423 13.284899 0.000000
9660 40.590571 12.523391 0.000000
7010 57.727124 39.444304 0.000000
8452 58.622515 36.994372 0.000000
7211 56.888333 36.539207 0.000000
1234 0.000000 2.763175 62.100515
9827 0.000000 2.433852 58.557314
9539 0.000000 0.000000 60.000000
3609 1.552078 82.293901 0.000000
7926 2.734125 84.014964 0.000000
1129 3.631135 82.129228 0.000000
2068 92.199185 0.000000 50.322862
2067 92.715180 0.000000 47.368021
6651 93.725906 0.000000 50.700547
10346 78.886782 21.688362 0.000000
8395 79.050576 24.699307 0.000000
8396 80.646241 23.683968 0.000000
10435 36.620899 0.000000 62.261990
10101 37.668834 0.000000 61.627303
8190 72.646785 0.000000 29.473597
3356 36.309172 4.295726 0.000000
3358 35.808894 2.100980 0.000000
6905 70.424427 11.107948 0.000000
6906 69.624943 8.608134 0.000000
1098 69.112549 10.722695 0.000000
3894 80.164177 0.000000 21.680144
3893 80.525668 0.000000 17.719540
847 94.343894 0.000000 78.257601
9954 95.648752 0.000000 77.149935
9955 95.625515 0.000000 80.463606
4637 4.556257 0.000000 75.534924
10485 3.992247 0.000000 78.723536
4638 3.202621 0.000000 76.326457
10001 38.147811 16.167291 100.000000
7331 38.669008 13.554584 100.000000
1831 39.272048 16.318939 100.000000
6930 100.000000 86.206897 100.000000
3588 98.786733 82.273802 100.000000
8214 100.000000 82.758621 100.000000
9323 58.866148 0.000000 53.794021
236 24.627856 100.000000 6.538035
237 26.565016 100.000000 6.504518
235 25.947430 100.000000 3.189738
6354 88.860963 77.060837 100.000000
6353 88.554126 79.535259 100.000000
8376 15.991614 0.000000 29.591765
405 16.679227 0.000000 32.351603
7053 15.252082 0.000000 32.675602
6424 12.961059 0.000000 58.941198
2210 11.732222 0.000000 59.859479
3096 12.165094 0.000000 57.317518
10492 83.078342 62.661904 100.000000
8244 16.128024 0.000000 70.916364
7858 14.780408 0.000000 71.743641
5722 4.365500 11.732581 100.000000
8456 4.134067 12.797996 100.000000
8457 3.707853 12.132839 100.000000
4134 0.000000 41.040720 48.030625
6124 0.000000 40.727404 41.958884
8884 0.000000 39.683532 45.648535
5818 100.000000 28.008545 33.489452
5817 100.000000 28.147715 30.850214
3274 100.000000 30.604088 32.532791
1921 12.453919 100.000000 49.237268
1858 11.267987 100.000000 52.159189
7541 12.520750 100.000000 53.397686
1290 15.960541 8.119876 0.000000
1291 15.147100 6.627456 0.000000
1292 14.649209 8.599079 0.000000
6945 40.035523 0.000000 36.534690
10403 21.763386 0.000000 91.552800
9881 20.756062 0.000000 92.497869
5236 100.000000 91.360382 25.917168
5237 100.000000 93.516237 28.016821
5238 100.000000 91.694266 30.812326
497 88.165781 0.000000 7.660334
10541 86.951235 0.000000 3.609381
671 88.489088 0.000000 3.624832
6872 82.893592 0.000000 22.960587
8827 84.222368 0.000000 25.246055
10005 82.952249 0.000000 26.575293
156 20.395025 0.000000 96.254377
7956 21.823701 0.000000 97.024941
9785 20.833333 0.000000 100.000000
8016 100.000000 61.294159 13.208905
8015 100.000000 60.755359 16.324056
5184 100.000000 58.302292 14.788863
5931 9.818336 17.809152 0.000000
5537 10.689111 17.443115 0.000000
8257 7.506032 93.956647 0.000000
8916 5.357313 27.218646 100.000000
3023 4.859766 25.819227 100.000000
6311 5.831485 25.540339 100.000000
4159 69.917621 43.561889 100.000000
7784 93.800686 0.000000 39.060345
9175 92.763878 0.000000 36.517297
9176 93.919108 0.000000 36.485762
8182 17.798817 100.000000 31.470282
2865 16.782394 100.000000 31.053412
9436 5.148926 100.000000 5.150191
9077 3.470145 100.000000 5.166471
9437 5.242773 100.000000 10.868343
6045 12.907913 65.556047 100.000000
2315 41.758369 53.505929 100.000000
6305 42.015348 50.070182 100.000000
4397 100.000000 100.000000 73.913043
4062 38.127584 0.000000 70.563363
35 38.631451 0.000000 73.634416
4846 36.997525 0.000000 73.391076
10503 0.000000 1.270684 77.855263
9431 0.000000 1.987205 81.925566
9647 0.000000 3.481363 79.937981
2612 0.000000 55.535539 90.861230
5935 0.000000 54.584347 80.931668
1155 0.000000 53.483856 89.404387
5127 44.673638 7.238177 0.000000
8522 43.470102 5.570599 0.000000
683 33.069201 0.000000 15.131632
1503 32.786182 0.000000 18.740722
5240 31.772488 0.000000 16.340992
1078 98.793987 0.000000 58.847624
4406 100.000000 0.000000 61.290323
6099 40.808748 15.012043 0.000000
7767 39.466015 14.045494 0.000000
6100 39.697181 17.255302 0.000000
8893 66.930179 26.930068 0.000000
2245 67.681233 25.033849 0.000000
1486 65.994051 0.000000 18.944926
6010 43.852507 28.653930 100.000000
401 42.261295 28.698776 100.000000
5966 42.941524 25.365961 100.000000
1050 17.214497 0.000000 64.332399
1049 18.653003 0.000000 63.608867
3833 18.050376 0.000000 66.925510
6739 9.280295 40.449624 0.000000
4894 9.647179 42.680936 0.000000
7993 10.876066 39.545458 0.000000
3956 0.000000 10.805594 35.773279
8068 0.000000 12.034925 31.592912
7003 100.000000 53.006526 78.408494
1224 100.000000 49.676680 76.067066
1226 100.000000 52.444788 74.667777
6763 0.500060 29.921556 0.000000
8788 41.408766 31.665290 0.000000
6243 39.766442 29.740092 0.000000
8787 39.555027 32.774307 0.000000
344 75.360264 51.541459 0.000000
343 77.106219 53.892302 0.000000
2477 76.928585 49.647522 0.000000
4388 18.108291 93.314265 0.000000
9462 18.962246 94.960699 0.000000
4389 19.656014 93.551650 0.000000
7260 3.446490 4.455279 100.000000
2024 2.642084 5.015302 100.000000
3498 78.675545 10.473855 0.000000
5688 79.442029 9.397903 0.000000
3939 70.635445 0.000000 24.752825
4471 68.992689 0.000000 24.505715
792 100.000000 85.104786 36.588333
793 100.000000 83.069004 34.175437
791 100.000000 85.972268 32.234194
12580 0.000000 16.371150 2.704735
2582 86.277767 68.513881 100.000000
4459 87.428843 69.469589 100.000000
3500 87.065395 71.449029 100.000000
252 79.704401 34.461650 100.000000
10544 78.172319 30.497891 100.000000
4583 57.407407 100.000000 100.000000
4584 55.010468 97.467436 100.000000
4585 56.141702 94.937860 100.000000
5515 53.585417 56.844726 0.000000
9090 55.113839 55.790160 0.000000
1779 100.000000 72.897071 32.240458
1989 42.503394 0.000000 82.776312
7921 76.227566 0.000000 90.486532
5279 77.336459 0.000000 91.872828
5278 76.176839 0.000000 92.725441
6655 63.888889 0.000000 100.000000
4703 63.765654 3.782304 100.000000
7693 26.991671 0.000000 8.341426
907 41.059580 100.000000 7.085997
8845 42.070508 100.000000 10.227253
908 42.563414 100.000000 6.844892
4387 18.800461 92.295266 0.000000
3637 0.000000 27.118739 94.202543
4279 0.000000 28.381202 91.275981
9350 0.000000 26.263306 88.937393
6298 98.211315 60.716693 100.000000
6300 99.184880 60.364544 100.000000
9477 99.086065 63.170126 100.000000
317 95.694763 100.000000 20.149769
2694 93.878923 100.000000 16.589821
315 93.725949 100.000000 21.418657
8416 94.531443 97.637558 100.000000
8417 96.296296 100.000000 100.000000
8415 94.444444 100.000000 100.000000
6677 51.190069 42.383478 0.000000
9127 51.064080 44.250819 0.000000
913 20.545165 0.000000 27.681358
912 21.270122 0.000000 30.822792
7361 19.719066 0.000000 31.151435
4334 7.934082 72.798975 100.000000
4335 7.042052 71.407688 100.000000
6885 18.541157 6.838068 100.000000
864 19.111644 4.402836 100.000000
1232 19.824386 6.029305 100.000000
8618 0.000000 46.650235 75.974181
279 0.000000 45.386339 72.080079
5194 0.000000 45.005232 77.565061
5193 0.000000 46.890946 83.848673
4187 82.328899 76.089658 100.000000
4786 45.715126 48.267302 0.000000
3242 56.525576 0.000000 47.668668
5792 57.783545 0.000000 45.520183
2474 96.382187 0.000000 23.807986
7110 95.433348 0.000000 20.278812
4767 100.000000 89.875505 5.349634
5974 100.000000 86.666024 5.864895
9594 67.988071 0.000000 97.844049
7905 68.055556 0.000000 100.000000
7904 66.666667 0.000000 100.000000
6550 82.513458 51.215258 0.000000
7207 83.301137 49.423195 0.000000
7209 81.956338 48.174212 0.000000
1075 0.000000 73.584906 100.000000
6383 0.000000 74.959546 91.017864
2621 48.369567 45.536203 100.000000
4807 63.149232 100.000000 46.023828
5264 63.114458 100.000000 51.179680
6256 64.760606 100.000000 48.791789
2640 100.000000 59.946727 97.551880
9919 100.000000 58.620690 100.000000
2638 100.000000 56.687980 96.328192
450 0.000000 21.229606 48.413222
7593 0.000000 23.795917 49.477756
9014 2.257772 100.000000 75.781775
9415 2.332916 100.000000 66.656919
5864 0.000000 100.000000 75.000000
2992 0.000000 64.150943 100.000000
2993 1.667270 63.583697 100.000000
2994 1.725093 65.274095 100.000000
6338 4.943256 35.465611 100.000000
9941 5.966070 36.349499 100.000000
7514 91.153259 67.698518 0.000000
7515 90.139120 68.649139 0.000000
7300 91.395114 69.916695 0.000000
5091 39.886965 0.000000 3.434050
1675 40.845070 0.000000 0.000000
93 41.496391 0.000000 4.030926
372 9.210667 64.384606 100.000000
5651 10.816603 66.570416 100.000000
325 96.889024 0.000000 79.494504
327 96.790052 0.000000 82.725778
1766 0.000000 28.301887 100.000000
1765 0.000000 26.415094 100.000000
10443 20.192423 20.656347 0.000000
1881 14.793288 100.000000 94.289431
7242 13.863451 100.000000 93.531363
3276 100.000000 29.718878 35.610196
8096 0.000000 65.406311 90.564125
2199 0.000000 22.641509 100.000000
3101 0.000000 24.528302 100.000000
6107 52.780470 97.417579 0.000000
7475 14.234492 0.000000 78.585171
4110 15.100585 0.000000 80.989452
10158 13.484319 0.000000 81.271922
310 88.026331 29.242432 0.000000
5783 89.333002 28.148781 0.000000
7706 87.806355 26.342381 0.000000
4898 1.396749 46.673122 0.000000
7812 61.061670 100.000000 72.405348
8337 59.705630 100.000000 78.038572
9560 61.782400 100.000000 77.162621
7653 100.000000 63.171195 68.637982
9730 100.000000 61.668345 71.822114
9908 100.000000 60.149071 69.168128
4266 48.344060 29.391972 100.000000
9598 47.969076 31.677643 100.000000
5903 46.980807 29.484466 100.000000
8141 61.522638 0.000000 80.299745
8142 62.689273 0.000000 78.177961
5731 62.797763 0.000000 81.349514
3883 68.294649 94.786120 0.000000
8277 66.591395 91.356964 0.000000
3970 100.000000 25.956594 1.550905
7589 98.208343 34.999628 100.000000
9360 100.000000 34.482759 100.000000
9504 0.000000 45.844835 44.391090
9505 0.000000 46.581561 39.766185
3029 4.821412 0.000000 80.952913
3547 100.000000 37.453282 66.774557
1059 0.000000 21.291443 10.597976
8218 0.000000 22.666167 13.186964
6715 46.588063 100.000000 60.919915
9267 7.462714 69.794388 100.000000
4655 63.297444 0.000000 63.454135
7818 4.985646 44.555415 100.000000
8280 5.542249 46.136606 100.000000
7486 3.851253 47.147220 100.000000
677 0.000000 18.564767 21.852600
1305 26.390101 74.694047 0.000000
103 41.291764 100.000000 18.666916
4503 42.969863 100.000000 17.132334
4502 41.656756 100.000000 14.352606
9288 13.171929 100.000000 32.370356
6523 14.287097 100.000000 29.532129
8674 100.000000 45.075271 41.318989
8675 100.000000 41.992267 39.003569
6678 100.000000 45.499945 37.458567
4310 0.000000 89.777661 51.787028
424 0.000000 89.370388 44.711279
7748 0.000000 88.456477 51.393474
7138 52.289043 47.934881 0.000000
7013 52.024344 45.561242 0.000000
7492 51.019486 46.354521 0.000000
7055 55.932203 100.000000 0.000000
28 57.304118 100.000000 5.014947
1643 57.627119 100.000000 0.000000
835 100.000000 10.747875 24.281941
4220 100.000000 9.732659 27.754006
836 100.000000 7.502425 24.675936
10589 0.000000 52.653928 55.323807
1316 0.000000 51.575998 52.917792
2710 67.478875 75.766457 100.000000
9458 67.494929 79.441122 100.000000
9248 65.895816 76.475614 100.000000
901 16.362041 93.082090 100.000000
5083 4.379417 0.000000 18.594954
7762 5.902035 0.000000 15.787350
765 77.763087 0.000000 23.500331
7338 78.546807 0.000000 20.978120
5377 42.941868 50.438991 0.000000
9005 41.541186 48.593766 0.000000
6479 41.529713 51.376196 0.000000
4930 79.926916 0.000000 92.913992
1501 66.054314 0.000000 22.701173
7557 64.854144 0.000000 24.839585
7400 64.748486 0.000000 20.978449
1191 100.000000 14.881781 13.642761
6660 100.000000 17.689073 14.389018
6661 100.000000 15.901883 16.334747
10238 86.355071 0.000000 38.064907
9925 1.380294 0.000000 18.412559
5084 2.685573 0.000000 20.439147
10191 84.934846 0.000000 19.909444
6853 84.354526 0.000000 16.626817
5938 85.747517 0.000000 17.669371
5293 27.201705 0.000000 2.127084
4620 11.864407 100.000000 0.000000
6887 13.559322 100.000000 0.000000
4153 59.299876 23.665408 100.000000
2666 18.111226 22.334674 100.000000
2285 17.423184 24.849361 100.000000
2665 16.721896 22.952602 100.000000
7399 64.655719 0.000000 16.982821
10066 64.438763 0.000000 12.888630
8605 10.917847 6.527797 0.000000
3842 9.751743 5.264394 0.000000
2280 67.933465 100.000000 73.090683
8084 16.271793 0.000000 61.861490
2469 66.496681 100.000000 51.873757
2813 66.581178 100.000000 59.042954
2467 68.455444 100.000000 54.363462
2213 54.036983 100.000000 81.310191
1537 52.666091 100.000000 84.445464
5239 54.335779 100.000000 86.714232
2842 30.920885 9.919303 0.000000
9120 31.257652 7.451757 0.000000
8318 57.213522 0.000000 62.299791
8434 56.910689 0.000000 58.179108
5359 96.965156 70.814675 100.000000
1006 96.023074 71.377971 100.000000
9695 96.002782 68.186379 100.000000
7771 19.466857 0.000000 66.251123
5707 18.833993 0.000000 69.503950
4881 19.667640 51.211699 0.000000
9352 56.635200 36.812510 100.000000
9216 63.183114 100.000000 96.740163
851 60.563380 0.000000 0.000000
9970 62.123139 2.607881 0.000000
1895 61.971831 0.000000 0.000000
5915 34.877449 18.353812 0.000000
7854 48.505722 0.000000 14.207401
6344 47.229530 0.000000 16.657798
5774 63.846909 95.582057 100.000000
5775 65.832169 96.189431 100.000000
4191 0.000000 27.402908 27.875874
3950 58.655762 24.463369 0.000000
8263 59.813187 21.696762 0.000000
9359 0.000000 13.535150 34.930405
4723 0.000000 13.771108 39.954880
3582 45.762074 100.000000 43.847409
4793 44.698059 100.000000 46.985024
339 46.392221 100.000000 47.760324
7244 62.092486 19.704375 100.000000
3880 61.244416 17.444819 100.000000
3882 62.349098 16.340976 100.000000
3161 100.000000 49.526427 5.474500
9057 100.000000 52.058785 7.190184
6794 100.000000 88.537728 50.550741
6743 100.000000 88.858535 45.938613
7463 100.000000 91.170699 48.360566
6137 69.083198 0.000000 96.420222
5060 14.730252 100.000000 45.321550
910 14.874748 100.000000 42.013127
6374 13.766617 100.000000 43.133576
6261 47.851512 15.095041 100.000000
6293 48.845265 13.605483 100.000000
6289 48.875194 16.669264 100.000000
5192 0.000000 45.172186 85.602675
4518 0.000000 43.410942 86.856426
3307 0.000000 45.250656 93.039228
10350 25.985106 83.326625 100.000000
3769 28.136163 82.963751 100.000000
3768 27.638250 85.818642 100.000000
7658 24.345613 16.035737 100.000000
7960 22.946079 17.096882 100.000000
7023 19.561217 84.287683 100.000000
1690 18.210903 82.375434 100.000000
8000 21.575764 80.787334 0.000000
8250 19.797301 80.593894 0.000000
6362 20.835435 82.483734 0.000000
2920 86.667109 73.752794 100.000000
1712 54.081372 0.000000 80.109699
3223 55.558825 0.000000 79.053341
2556 55.157597 0.000000 82.130334
8707 4.540769 51.047601 0.000000
1275 2.357460 53.343507 0.000000
10236 4.594318 53.329044 0.000000
10213 1.826507 48.135328 100.000000
52 1.504213 46.323979 100.000000
8242 3.221435 45.404049 100.000000
1871 23.459011 61.503357 100.000000
1870 23.686114 59.007234 100.000000
5314 12.889481 28.687019 0.000000
6228 13.857866 27.170582 0.000000
86 12.751260 26.668856 0.000000
10135 32.853015 100.000000 48.899143
1106 33.158858 100.000000 44.914585
1108 31.947448 100.000000 46.720995
9837 15.074181 12.524692 100.000000
8106 16.034381 10.467875 100.000000
4919 62.492609 89.651894 0.000000
760 59.042026 0.000000 82.130644
6323 60.482423 0.000000 82.725640
3052 59.389240 0.000000 85.300373
3297 100.000000 20.079471 93.693638
6793 100.000000 19.360934 95.070505
5832 40.760224 100.000000 22.945381
5250 42.523244 100.000000 21.838598
9033 38.093590 32.412867 100.000000
6060 36.978479 28.839333 100.000000
7413 100.000000 39.371872 5.378752
8810 100.000000 38.860676 9.086267
6850 100.000000 36.010012 7.340068
6591 51.061250 0.000000 72.292111
8808 12.012753 0.000000 77.525264
842 11.953412 91.541410 100.000000
840 13.239094 90.608444 100.000000
4880 34.311650 0.000000 37.225984
4879 35.222266 0.000000 33.405737
403 35.868557 0.000000 37.148493
6893 16.785447 54.354359 0.000000
10311 15.084528 54.843824 0.000000
1839 10.700316 0.000000 66.778652
1837 9.492857 0.000000 69.686996
1838 9.183433 0.000000 66.391025
681 0.000000 67.810505 57.345542
7177 0.000000 69.254446 63.597459
4177 92.985660 24.918539 100.000000
6581 26.918087 100.000000 38.497776
6583 26.537368 100.000000 41.860269
7460 27.903463 100.000000 41.010411
1844 24.074074 100.000000 100.000000
525 25.925926 100.000000 100.000000
8309 22.654567 100.000000 52.184733
3462 23.410489 100.000000 54.265877
8719 23.977589 100.000000 51.867106
5796 5.009169 35.346890 0.000000
5797 5.290169 36.580161 0.000000
617 5.785866 34.755838 0.000000
7903 67.099576 4.312566 100.000000
579 68.849238 4.080109 100.000000
9227 68.366836 8.185581 100.000000
3493 16.666667 100.000000 100.000000
10117 15.309009 98.364386 100.000000
6348 17.068565 98.325212 100.000000
5320 49.098415 82.329605 0.000000
5321 49.390200 79.900697 0.000000
5322 47.693932 80.275797 0.000000
7720 89.974498 77.405068 100.000000
1584 66.197863 72.757182 100.000000
603 17.387679 40.436536 100.000000
5299 16.806464 37.834544 100.000000
10136 18.543999 38.028508 100.000000
10035 53.441113 0.000000 19.892299
6067 53.607466 0.000000 16.596484
9678 0.000000 46.213728 69.312636
7089 17.725031 56.186843 0.000000
4575 16.014480 56.626707 0.000000
9177 68.379086 0.000000 3.340979
9178 67.605634 0.000000 0.000000
2077 81.033271 7.386609 100.000000
5141 39.378950 96.086107 0.000000
6820 7.821284 62.095257 0.000000
6821 6.707818 59.967008 0.000000
6822 5.786294 61.553674 0.000000
5404 30.057566 37.102048 100.000000
10477 31.853649 36.839126 100.000000
9549 31.034067 40.109503 100.000000
1937 2.476790 21.762621 0.000000
1938 2.176536 20.463623 0.000000
1936 1.885563 21.987907 0.000000
1764 0.000000 25.784655 96.990692
2651 51.365302 40.009671 100.000000
2653 51.334618 37.974557 100.000000
6179 52.330364 38.733198 100.000000
636 29.609312 26.432848 100.000000
8661 42.609682 29.327730 0.000000
6691 43.548399 32.188850 0.000000
8662 43.952145 29.497998 0.000000
6545 34.332358 22.720249 0.000000
5913 35.551802 21.310550 0.000000
6142 35.099416 0.000000 53.642582
299 35.501074 0.000000 56.905977
6496 34.062418 0.000000 56.544544
3181 79.458225 69.619767 0.000000
1696 79.651034 67.478589 0.000000
4356 3.539083 29.325927 100.000000
2795 75.821984 81.156509 100.000000
2893 74.037181 79.707883 100.000000
1147 29.881316 100.000000 36.661220
4189 28.661962 100.000000 34.065509
7333 100.000000 17.304207 62.930151
1327 21.501589 43.423636 100.000000
5221 22.451822 45.942705 100.000000
9485 20.422646 46.369679 100.000000
3723 49.753587 24.861528 100.000000
3632 50.219742 27.899588 100.000000
4779 10.380900 100.000000 67.745148
3425 100.000000 40.395371 23.702422
8626 100.000000 42.140107 21.815943
8384 100.000000 43.237849 23.978711
10216 76.675603 34.049397 0.000000
4060 77.360932 36.689623 0.000000
6031 38.380212 0.000000 92.966609
10002 38.340154 0.000000 90.315432
1010 39.321231 0.000000 91.627023
6737 88.336524 0.000000 51.632003
428 89.164049 0.000000 55.259892
711 87.336888 0.000000 54.761957
9221 16.868573 3.689338 100.000000
6884 17.712220 5.264823 100.000000
6220 13.377822 1.188995 0.000000
6219 12.676056 0.000000 0.000000
8237 12.337609 1.629032 0.000000
8070 48.284646 37.116499 0.000000
1459 46.706797 35.471831 0.000000
1053 46.743326 38.320421 0.000000
7314 73.732214 83.704983 0.000000
3901 72.567776 85.681268 0.000000
4965 74.284242 87.243449 0.000000
5769 97.223418 54.540951 100.000000
640 97.144317 50.891384 100.000000
6954 98.585643 53.186945 100.000000
6426 100.000000 83.704071 61.052388
1988 100.000000 86.138393 58.114531
4587 63.934311 0.000000 75.978237
5732 64.066271 0.000000 79.399715
4415 23.700687 17.269895 0.000000
246 23.481754 19.693743 0.000000
421 13.207868 0.000000 15.325097
420 13.579000 0.000000 18.024176
4900 100.000000 68.898011 88.151568
4522 100.000000 71.667127 89.355572
3275 100.000000 33.113692 34.627976
8877 90.723493 100.000000 20.831303
7272 98.486155 0.000000 2.663276
1492 99.176761 0.000000 5.560495
1005 94.968131 70.980602 100.000000
1004 95.571567 73.558258 100.000000
6351 94.446031 72.381388 100.000000
5138 47.397943 92.361985 0.000000
4132 48.768450 90.413768 0.000000
3167 46.682987 88.382873 0.000000
10532 45.977571 6.602566 100.000000
5736 45.824660 2.935444 100.000000
7485 2.382142 49.936723 100.000000
2351 67.080602 37.989414 0.000000
9104 66.944097 40.988347 0.000000
283 68.284713 40.705786 0.000000
7934 87.808030 79.599887 0.000000
2523 96.713384 0.000000 85.784521
4309 95.581946 0.000000 86.308231
2524 95.638867 0.000000 83.535859
8004 21.247583 58.702264 0.000000
5708 21.380917 61.606826 0.000000
4688 21.067429 21.354803 100.000000
9644 20.062407 23.438692 100.000000
1512 19.513433 21.734156 100.000000
5139 28.112902 100.000000 56.351332
3618 28.424942 100.000000 59.341432
10257 29.410024 100.000000 56.832463
2931 100.000000 41.316883 67.458705
9926 47.614493 11.962542 100.000000
2889 46.621725 13.987733 100.000000
5372 93.996735 17.195375 100.000000
585 95.041742 21.217039 100.000000
9321 67.026709 0.000000 62.124667
9322 66.105492 0.000000 64.476052
2512 65.665187 0.000000 61.452740
4727 13.606685 75.249292 0.000000
4728 15.374488 75.320251 0.000000
2400 14.176135 73.463690 0.000000
4041 34.921457 100.000000 73.198555
3016 84.523166 85.032080 0.000000
4547 84.917041 81.929218 0.000000
4742 83.521932 82.396492 0.000000
8028 100.000000 31.266825 98.014390
10314 100.000000 34.463562 97.670577
12732 0.000000 8.943075 96.501340
12733 0.000000 7.478259 96.503616
1905 100.000000 54.824420 69.728417
4385 9.598374 0.000000 78.501082
4386 8.808785 0.000000 81.582601
354 87.323944 0.000000 0.000000
356 88.732394 0.000000 0.000000
9293 0.000000 28.311323 70.202554
6429 0.000000 25.213506 71.106670
6428 0.000000 27.106306 75.515057
8836 84.301186 100.000000 86.493862
6786 85.456046 100.000000 90.062832
3082 0.676123 2.757459 100.000000
4642 0.000000 0.000000 100.000000
4735 0.000000 36.414924 16.306293
288 3.478590 79.411182 100.000000
7655 2.904740 77.628491 100.000000
7526 4.131082 78.302010 100.000000
7912 96.170261 76.610611 100.000000
7407 21.558275 86.418564 0.000000
4184 12.979476 100.000000 36.673718
3518 11.914175 100.000000 34.444665
6962 100.000000 51.716101 86.267782
4731 100.000000 55.143469 84.922123
4733 100.000000 55.568207 88.501474
607 22.368793 47.666625 0.000000
608 21.660243 50.455402 0.000000
609 23.642301 50.136734 0.000000
1131 24.888324 13.387889 100.000000
1133 25.471755 10.730827 100.000000
2282 26.273412 12.452468 100.000000
10568 0.000000 44.620807 66.856147
7532 0.000000 43.271541 64.520360
1898 65.229738 56.611735 100.000000
3006 63.522289 54.114336 100.000000
3008 64.684908 52.387794 100.000000
9019 90.746250 0.000000 49.734808
6833 91.520632 0.000000 53.065914
6736 89.962361 0.000000 52.409907
10597 22.770757 94.444280 100.000000
184 36.702504 0.000000 54.170731
10274 53.666892 74.846260 0.000000
5911 2.420024 70.990230 0.000000
976 1.364589 72.130316 0.000000
506 3.040111 72.930807 0.000000
10306 69.280524 0.000000 35.521018
8423 69.402061 0.000000 39.480489
9624 100.000000 22.190441 42.661141
5356 100.000000 23.227174 46.223426
7343 100.000000 19.844364 45.329127
1469 85.794656 96.746943 100.000000
3876 87.037037 100.000000 100.000000
1886 17.720166 29.482531 100.000000
1896 18.793794 31.475191 100.000000
532 17.041548 32.403982 100.000000
448 0.000000 18.398218 48.124156
2518 0.000000 20.183667 41.979501
5387 80.751017 50.137865 0.000000
2085 80.290490 46.606971 0.000000
2478 78.848861 48.328443 0.000000
1168 25.123292 60.534702 100.000000
1169 26.848478 59.463727 100.000000
1170 26.723136 62.656642 100.000000
7799 27.973313 20.048363 0.000000
4369 97.771313 73.193977 0.000000
4370 97.627135 76.322604 0.000000
9600 67.054901 8.400050 0.000000
3198 65.722003 7.796980 0.000000
8040 66.429575 10.742852 0.000000
5729 36.705190 6.271397 0.000000
5728 37.610431 4.794705 0.000000
5751 93.267396 0.000000 22.361156
4004 92.653677 0.000000 24.980915
2954 79.970237 0.000000 36.860647
8227 80.043537 0.000000 39.646240
3080 78.831760 0.000000 37.445516
767 76.490648 0.000000 22.269050
766 76.867845 0.000000 25.665164
7775 67.286091 0.000000 73.837255
8542 67.006385 0.000000 76.453411
7773 66.245686 0.000000 74.731355
6653 34.721052 100.000000 25.425309
268 33.942688 100.000000 21.695519
270 32.882202 100.000000 25.827888
9573 39.477708 36.269876 0.000000
7543 96.801297 59.060253 0.000000
7824 96.961593 61.392042 0.000000
7544 98.284970 59.508503 0.000000
1025 45.029668 0.000000 65.363695
8600 65.790574 18.146475 100.000000
9124 67.275985 21.009555 100.000000
8375 65.701411 21.876249 100.000000
7168 82.149369 96.235758 0.000000
7167 83.244328 92.274754 0.000000
1348 2.467530 0.000000 68.851454
1350 2.878843 0.000000 65.454367
7229 4.054807 0.000000 68.165619
5936 96.387380 77.270490 0.000000
6372 95.704638 10.601687 0.000000
9807 94.028415 8.569643 0.000000
1313 79.751347 29.943024 100.000000
1923 67.756199 16.267066 0.000000
8519 68.632247 19.344631 0.000000
2940 38.213947 100.000000 72.649168
2354 37.325958 100.000000 69.598845
4337 36.698609 100.000000 72.912781
1506 23.864628 27.025375 100.000000
9446 25.367426 28.501143 100.000000
1513 20.192353 19.313727 100.000000
787 19.527876 17.439091 100.000000
3974 24.780071 37.017930 100.000000
3816 23.470155 39.407756 100.000000
8390 4.410670 60.229189 0.000000
8389 2.168611 60.881319 0.000000
6710 4.065065 62.159637 0.000000
5334 15.180927 19.965302 100.000000
3540 3.748887 8.585238 0.000000
3539 3.081514 9.335647 0.000000
3287 87.431300 0.000000 71.610151
5109 86.658747 0.000000 74.065443
2773 100.000000 14.758690 90.850520
1283 100.000000 16.851150 90.404328
1282 100.000000 16.602622 91.829036
6556 17.848994 2.198977 0.000000
6491 18.996407 2.626152 0.000000
10059 18.768558 1.199987 0.000000
326 98.003667 0.000000 81.924424
6009 97.869853 0.000000 85.151755
9551 100.000000 9.884465 98.590654
7621 100.000000 10.344828 100.000000
4662 38.953514 100.000000 79.581870
4661 40.674382 100.000000 81.802290
2567 100.000000 71.129568 8.327743
1415 100.000000 74.581270 7.035225
9434 100.000000 9.609744 62.678633
8024 100.000000 13.442626 62.846935
8447 100.000000 11.499295 65.540828
4648 13.780735 85.889179 100.000000
5778 19.327070 28.456288 100.000000
9379 20.595458 85.948133 100.000000
5535 55.958354 53.330112 0.000000
658 54.348800 52.765628 0.000000
4531 32.543264 3.183655 100.000000
10007 33.031948 5.957252 100.000000
4532 31.700333 6.343670 100.000000
10226 27.480638 6.030035 0.000000
7664 27.737544 8.906669 0.000000
2767 28.853328 6.923118 0.000000
9679 59.430172 0.000000 21.907821
627 59.801259 0.000000 17.530453
1392 45.174165 0.000000 81.557854
1394 46.182131 0.000000 79.932956
4517 0.000000 43.392571 93.564754
8758 57.705053 12.320572 0.000000
8798 58.072913 15.223229 0.000000
5725 58.847517 13.642522 0.000000
8717 40.310533 0.000000 18.117604
5476 39.548553 0.000000 21.435270
9 38.747812 0.000000 18.091206
6920 66.101695 100.000000 0.000000
46 67.796610 100.000000 0.000000
45 67.018699 97.376578 0.000000
4883 7.423297 100.000000 40.356859
10153 100.000000 63.016593 21.312888
6603 100.000000 60.116548 19.777468
10447 100.000000 63.375199 17.792791
2659 72.860119 30.989364 0.000000
10362 74.371129 30.976630 0.000000
1127 43.096383 37.395350 0.000000
6542 44.369037 37.649701 0.000000
6103 44.012591 35.408076 0.000000
9286 48.603913 19.159746 100.000000
7505 49.198906 21.794034 100.000000
7097 15.695162 100.000000 43.821080
9409 15.699536 100.000000 41.401307
9759 81.897401 100.000000 48.488371
1403 80.162233 100.000000 50.048796
6991 91.595924 56.817075 0.000000
4837 90.200762 57.358856 0.000000
9328 91.454998 59.303048 0.000000
9696 55.421846 100.000000 17.984962
9109 56.511093 100.000000 24.005518
7722 57.717994 100.000000 18.554728
10195 80.813130 53.763263 100.000000
10194 81.990978 52.005806 100.000000
7577 0.000000 15.094340 100.000000
5768 15.277778 0.000000 100.000000
4111 23.977334 14.344006 0.000000
2944 25.778699 14.099415 0.000000
2408 100.000000 27.684417 11.906244
4914 100.000000 27.407406 14.451978
2872 100.000000 25.169082 13.013085
10468 67.489340 0.000000 71.042149
6172 67.561157 0.000000 68.049356
10229 25.227695 64.967414 0.000000
10220 26.806752 67.038384 0.000000
756 27.217411 64.523391 0.000000
5666 21.008813 98.362618 0.000000
8911 19.267465 98.290271 0.000000
620 79.028650 20.920277 100.000000
870 100.000000 28.408822 80.952304
8646 100.000000 29.990364 83.732934
8687 100.000000 26.747935 83.270627
8441 0.000000 72.748480 16.473805
9940 0.000000 73.759885 23.973005
10084 0.000000 74.800665 15.085597
1868 27.950047 100.000000 12.781986
9467 92.869773 0.000000 6.467272
8763 94.619817 0.000000 8.393110
3064 93.641940 0.000000 10.540674
3507 8.072547 0.000000 9.790640
1953 6.872382 0.000000 7.376782
6722 8.203643 0.000000 6.323366
177 59.630262 44.995072 0.000000
5199 60.187225 48.050415 0.000000
5201 61.204865 46.554805 0.000000
6504 83.383364 67.869614 100.000000
2655 81.999784 68.208939 100.000000
1317 82.207560 64.647708 100.000000
665 42.805088 0.000000 94.432329
7091 44.381686 0.000000 95.587601
10175 100.000000 100.000000 60.869565
7328 100.000000 98.120419 64.560007
4090 100.000000 97.918469 59.163148
5962 98.414125 45.936694 100.000000
925 100.000000 44.827586 100.000000
5961 100.000000 48.275862 100.000000
3675 14.657939 96.886492 0.000000
2999 16.202140 73.466962 0.000000
4233 17.014245 71.034312 0.000000
2401 14.743034 71.450934 0.000000
6081 24.293780 100.000000 2.880344
3248 25.423729 100.000000 0.000000
2793 45.997262 2.505380 0.000000
2794 44.848866 3.956067 0.000000
822 44.040328 0.000000 51.271466
416 42.868969 0.000000 52.686772
3486 43.047446 0.000000 49.451348
2314 41.527309 56.473230 100.000000
9268 40.387124 58.042112 100.000000
3477 40.191429 54.548516 100.000000
3073 61.856901 39.759065 0.000000
337 62.093992 42.577092 0.000000
8115 58.174315 37.924910 100.000000
1380 58.951497 41.537285 100.000000
2224 13.850926 0.000000 33.396800
2222 14.632931 0.000000 35.773033
2223 13.395696 0.000000 36.502621
8400 40.176749 67.136888 0.000000
8399 38.053417 66.537263 0.000000
3736 39.524262 69.613010 0.000000
3485 40.412286 0.000000 9.981693
7432 39.121700 0.000000 10.223925
3253 40.200604 0.000000 7.055392
2548 0.000000 100.000000 87.500000
12582 0.000000 99.118033 90.721049
578 70.315829 4.057826 100.000000
9023 69.813188 7.924679 100.000000
9148 100.000000 17.972866 83.610835
2045 53.685670 3.922820 100.000000
2047 54.539851 7.252440 100.000000
5642 53.129712 7.867781 100.000000
3511 42.002433 9.164619 0.000000
3510 41.126677 7.867041 0.000000
4862 25.027829 100.000000 92.604017
4986 25.468591 100.000000 95.276998
4988 27.100184 100.000000 92.674982
1635 28.078587 92.210556 100.000000
426 90.789044 0.000000 55.921855
427 90.031169 0.000000 58.599967
2428 40.811471 0.000000 70.283099
6740 78.390722 96.125816 0.000000
3795 76.467256 95.839832 0.000000
4671 53.517951 87.464713 100.000000
6214 52.102483 83.746400 100.000000
150 100.000000 0.000000 6.451613
152 100.000000 0.000000 9.677419
4649 12.456948 86.357658 100.000000
3436 14.150147 87.597750 100.000000
3256 68.376994 2.054165 0.000000
3266 69.468991 1.924807 0.000000
6643 69.014085 0.000000 0.000000
8368 100.000000 76.276100 14.153557
9069 24.236978 100.000000 29.528210
6712 100.000000 3.005891 70.105450
6713 100.000000 0.000000 70.967742
1508 22.186744 28.811797 100.000000
2040 20.498326 30.227584 100.000000
5777 20.884162 27.167327 100.000000
8691 83.841010 0.000000 18.808321
3206 8.807993 100.000000 79.035377
4848 7.128278 100.000000 79.930705
4994 7.554758 100.000000 84.558916
674 0.000000 0.000000 96.666667
12734 0.000000 0.799493 95.648710
672 0.000000 0.000000 93.333333
2258 51.115597 79.528048 0.000000
2259 50.960605 82.968736 0.000000
2127 50.911210 17.984883 0.000000
8699 50.521495 20.632941 0.000000
6087 76.549574 78.149475 100.000000
2796 77.964809 82.314881 100.000000
7506 49.818446 19.118341 100.000000
5568 100.000000 71.172168 15.986666
5567 100.000000 68.732369 17.222094
2506 33.554701 85.677995 0.000000
4451 30.298533 39.740806 0.000000
2104 29.443546 37.657013 0.000000
1067 28.872355 40.295183 0.000000
2233 31.128041 0.000000 91.993424
2138 31.926795 0.000000 94.628675
2232 30.533088 0.000000 94.981947
6260 65.164653 28.856638 100.000000
4606 65.184113 32.206765 100.000000
9566 63.931455 29.875093 100.000000
1478 71.408301 0.000000 51.019316
1480 72.583371 0.000000 51.372284
9879 18.631358 100.000000 22.540357
10249 19.206877 100.000000 20.484401
10605 17.977185 100.000000 20.355560
7867 32.398721 18.059421 100.000000
5964 52.988198 0.000000 54.102765
8079 54.244487 0.000000 55.398100
4249 6.030461 16.112004 100.000000
6625 6.130691 14.437842 100.000000
360 6.845148 14.727646 100.000000
1468 83.990596 96.611514 100.000000
5205 84.597972 93.378586 100.000000
947 7.446495 28.644701 0.000000
5997 97.786402 0.000000 88.278793
9817 97.710500 0.000000 91.373390
4538 96.613185 0.000000 88.706709
7951 79.460771 35.764910 0.000000
1458 32.310217 51.848464 0.000000
5164 30.290445 52.778701 0.000000
1465 20.587225 77.483496 0.000000
1466 19.616664 75.811867 0.000000
1467 19.153530 77.575384 0.000000
9864 69.019484 89.189122 100.000000
5089 16.448889 12.714796 0.000000
4091 16.617155 14.598963 0.000000
8428 5.022584 48.491053 0.000000
7881 28.106125 0.000000 72.611028
9394 7.462340 36.894956 0.000000
10076 6.432601 36.196528 0.000000
10394 6.538084 38.082588 0.000000
4254 34.635312 97.247107 0.000000
3092 36.700719 98.482577 0.000000
5103 91.306059 100.000000 25.377505
3011 92.235726 100.000000 29.941504
5102 93.176245 100.000000 25.727815
6134 100.000000 43.151057 64.490767
3958 100.000000 41.685597 61.908214
3227 100.000000 44.462254 61.474922
7588 96.413483 31.935458 100.000000
6702 94.689920 32.288381 100.000000
4367 94.690092 28.746935 100.000000
9525 60.087327 100.000000 96.159762
9753 58.583058 100.000000 95.279855
5152 59.259259 100.000000 100.000000
9442 0.000000 15.843744 40.529713
5137 0.000000 19.173636 88.334423
8537 6.373087 24.098739 100.000000
9662 8.404927 100.000000 54.824393
3017 8.754473 100.000000 61.031507
3019 10.056112 100.000000 56.150164
6079 50.137686 100.000000 56.648109
8463 100.000000 7.729999 65.914163
9020 34.160933 13.043691 100.000000
5386 3.482060 0.000000 91.599266
1706 15.492958 0.000000 0.000000
1705 16.739180 1.466123 0.000000
5825 16.901408 0.000000 0.000000
4053 98.134110 8.392417 100.000000
4052 95.986782 5.972991 100.000000
3732 100.000000 12.135064 91.527209
4453 100.000000 13.079175 89.544318
9443 90.736750 0.000000 18.446753
6734 89.341520 0.000000 14.852207
8857 7.500938 17.076103 0.000000
4231 7.865705 16.001933 0.000000
9335 5.719842 14.353338 0.000000
6870 0.000000 16.921210 75.371561
5379 42.718741 0.000000 86.561377
863 19.854255 2.067161 100.000000
4145 55.967249 54.368011 100.000000
4143 55.399003 50.170841 100.000000
4144 57.272986 52.934053 100.000000
8424 69.696282 0.000000 43.350489
1388 70.824182 0.000000 41.032047
9788 71.159648 0.000000 44.476094
2131 37.547141 69.693823 0.000000
4926 35.938075 67.176906 0.000000
1686 52.687891 3.349592 0.000000
10026 53.521127 0.000000 0.000000
4018 52.112676 0.000000 0.000000
688 44.335318 4.191416 100.000000
6117 10.169492 100.000000 0.000000
3570 11.684311 100.000000 3.825125
3033 94.676787 78.784927 100.000000
220 69.540695 0.000000 54.250373
9738 70.520346 0.000000 52.286082
7972 47.106476 45.858507 100.000000
7258 46.901409 48.235504 100.000000
795 45.903859 46.602438 100.000000
2151 54.686850 21.474124 0.000000
2036 54.587421 24.887099 0.000000
6618 20.712670 87.719549 100.000000
6650 22.163742 86.968840 100.000000
1253 73.164538 100.000000 93.222074
9358 74.677039 100.000000 95.021629
10041 47.264229 2.772189 0.000000
63 48.674311 2.587696 0.000000
1045 39.811644 27.028488 0.000000
7154 41.137076 28.401182 0.000000
1046 41.056289 25.642174 0.000000
5667 22.736788 98.419329 0.000000
5831 36.619718 0.000000 0.000000
4948 46.478873 0.000000 0.000000
3705 0.000000 2.130239 48.618146
8136 0.000000 0.000000 50.000000
4085 0.000000 2.684106 51.664640
10243 28.857237 3.464132 0.000000
4666 22.955999 79.126771 100.000000
4700 24.400189 78.710126 100.000000
4664 24.342104 81.095858 100.000000
7882 29.000482 0.000000 69.855801
8360 28.252362 0.000000 67.268529
1605 29.825291 0.000000 66.305518
1799 100.000000 65.751267 32.651520
7027 100.000000 68.101282 29.673465
2740 27.140045 90.758540 0.000000
2799 25.459160 90.337252 0.000000
7290 18.102502 22.704523 0.000000
7634 19.066978 20.532365 0.000000
9952 29.166667 0.000000 100.000000
9847 29.930973 0.000000 97.588206
10060 30.555556 0.000000 100.000000
367 88.928311 39.459402 100.000000
5554 65.363083 2.417420 100.000000
9083 65.277778 0.000000 100.000000
984 51.402383 29.040777 100.000000
3807 51.077414 25.889980 100.000000
10437 29.407639 0.000000 95.559036
8831 29.550023 0.000000 92.707229
9235 40.660946 0.000000 48.883629
9087 39.801781 0.000000 46.128779
9331 41.067062 0.000000 45.807219
8204 36.207523 0.000000 17.266476
3921 35.261189 0.000000 15.349540
2547 0.000000 98.421985 92.246263
12583 0.000000 98.088922 96.027146
7695 0.000000 100.000000 100.000000
6127 13.515828 100.000000 77.949737
3135 12.310656 100.000000 81.878358
8126 13.829038 100.000000 81.561300
6427 8.947000 60.048622 0.000000
3184 9.781474 61.702538 0.000000
3551 85.067581 14.909611 100.000000
2313 43.251248 56.765672 100.000000
7642 42.048376 59.503921 100.000000
9236 40.199868 0.000000 53.040646
9746 38.410989 0.000000 53.444617
2623 48.757660 42.796287 100.000000
2622 47.408034 42.969754 100.000000
8708 77.515684 10.459239 0.000000
1491 77.970942 7.929167 0.000000
1490 76.438089 7.861195 0.000000
10550 34.645581 100.000000 44.787151
8660 34.203054 100.000000 47.941157
8833 54.375153 63.937672 100.000000
8834 55.742849 66.697384 100.000000
7883 29.523917 0.000000 73.066258
9615 31.103882 0.000000 73.331499
8033 29.996497 0.000000 76.916094
5069 5.988098 96.983865 0.000000
7977 5.577764 98.440836 0.000000
9966 4.410180 36.609471 0.000000
4890 4.401375 34.972177 0.000000
4892 3.627010 36.266585 0.000000
4775 39.256043 20.972879 0.000000
487 94.709758 0.000000 34.861729
1734 93.335362 0.000000 33.885910
488 94.090857 0.000000 31.553369
3053 94.325233 0.000000 70.950312
3055 93.754048 0.000000 67.884800
7615 11.684510 82.884729 100.000000
464 11.996107 81.129101 100.000000
5922 13.191064 82.797866 100.000000
5430 40.350697 0.000000 30.652385
8907 39.607681 0.000000 27.698841
6268 41.015702 0.000000 27.248249
10078 92.706355 66.206546 100.000000
8684 93.851243 65.709798 100.000000
5830 88.441662 0.000000 11.336310
495 87.345674 0.000000 10.019876
120 36.575604 3.011373 100.000000
122 37.054343 6.017761 100.000000
7409 35.666511 6.073100 100.000000
2734 53.952254 71.576052 100.000000
7236 53.684718 76.260607 100.000000
9082 14.450584 0.000000 12.249534
10528 0.000000 76.506289 82.695213
6382 0.000000 76.853203 92.069806
3992 3.933060 47.113584 0.000000
3990 5.880129 45.776331 0.000000
3991 5.044856 44.279070 0.000000
9773 0.000000 34.403122 47.559672
8701 0.000000 36.409280 50.385907
2685 47.551903 100.000000 13.221511
6866 45.949015 100.000000 11.965531
768 46.095221 100.000000 16.532438
2816 6.973448 0.000000 74.473590
2817 6.928990 0.000000 71.028423
2815 8.327432 0.000000 72.624391
4764 20.066842 0.000000 59.015125
1999 21.104984 0.000000 56.589392
4763 21.355697 0.000000 59.833681
6345 55.427985 57.434870 100.000000
6346 54.326296 53.575257 100.000000
33 39.468656 0.000000 70.666555
7875 40.119981 0.000000 67.299593
1758 72.503621 0.000000 2.883207
4272 14.341868 31.368010 0.000000
7426 14.117703 29.196466 0.000000
4270 13.052595 30.826988 0.000000
8892 90.279695 75.387555 0.000000
4461 89.623003 73.274208 0.000000
2826 89.182159 75.663303 0.000000
508 100.000000 25.233964 28.674887
509 100.000000 27.151599 25.259657
425 0.000000 90.483799 36.640552
7531 75.902945 33.838847 100.000000
8493 76.463648 30.233411 100.000000
8924 50.636290 0.000000 96.699246
7085 86.884134 0.000000 44.328690
4924 87.650588 0.000000 41.000525
2021 100.000000 98.694993 22.599842
9523 100.000000 100.000000 21.739130
3699 0.000000 46.728449 56.643131
3700 0.000000 47.051013 64.080372
10413 34.438477 100.000000 69.602283
4343 39.169278 0.000000 76.645115
9317 14.127050 100.000000 25.614710
1375 34.019773 5.891715 0.000000
1377 32.877002 4.214384 0.000000
10329 46.715460 18.040191 0.000000
10119 44.999353 17.935072 0.000000
1357 100.000000 20.727013 92.340704
8311 80.760315 0.000000 28.967766
5257 80.282218 0.000000 31.828115
15 40.996690 65.258828 0.000000
9045 73.742983 100.000000 87.344132
7580 4.427475 42.636261 100.000000
2325 6.193233 41.952020 100.000000
8483 61.998949 65.542355 100.000000
2284 62.996567 63.596665 100.000000
1735 92.754118 73.311433 100.000000
6730 81.800475 68.133476 0.000000
5296 82.904088 66.982644 0.000000
5874 81.603418 65.536893 0.000000
3908 26.713355 80.548343 0.000000
9918 27.105228 82.616197 0.000000
4645 91.504459 4.990927 0.000000
2625 90.655916 7.283083 0.000000
2624 92.245735 7.840239 0.000000
2707 38.983051 100.000000 0.000000
492 38.332509 100.000000 3.652971
2708 40.076179 100.000000 3.540837
781 100.000000 15.967141 85.616362
453 100.000000 14.637974 83.387330
10036 35.815003 41.423544 0.000000
9840 34.481031 39.928427 0.000000
5561 40.251862 100.000000 92.139242
3197 56.155450 38.861149 0.000000
5540 69.729161 19.917458 100.000000
3845 6.698109 29.359690 0.000000
9898 69.706097 78.123058 0.000000
4971 68.196963 75.502817 0.000000
8824 80.506958 0.000000 25.904430
6873 81.651754 0.000000 24.242738
9133 17.443844 96.639039 100.000000
9134 15.690019 96.635803 100.000000
2387 100.000000 93.598522 46.342425
10551 100.000000 95.653602 48.430405
8253 100.000000 93.441128 50.586446
2216 71.874925 83.646445 100.000000
9820 73.842805 49.420997 0.000000
8217 75.141752 48.691657 0.000000
3226 100.000000 46.588310 64.403524
706 79.541078 4.353281 100.000000
2141 80.805263 3.895376 100.000000
702 100.000000 55.065040 51.471116
2410 100.000000 30.258391 10.519849
6515 100.000000 26.583338 55.745722
9006 100.000000 26.645969 58.740515
8174 100.000000 24.282056 57.406996
3633 50.591046 30.659249 100.000000
2870 97.010630 100.000000 38.423548
8982 98.464351 100.000000 41.171577
716 98.645837 100.000000 37.534516
2473 16.890040 100.000000 5.603342
2136 15.204510 100.000000 3.697156
8444 58.939461 0.000000 14.323456
2883 58.088324 0.000000 18.358572
8170 86.021615 0.000000 89.245647
5449 84.636889 0.000000 89.457127
7631 84.990463 0.000000 86.778922
834 100.000000 8.799925 21.357431
1115 100.000000 12.186686 21.323607
7649 14.496144 67.241837 100.000000
1578 14.747882 64.953250 100.000000
3056 35.343656 0.000000 83.335991
7633 35.049374 0.000000 86.353716
4651 34.019809 0.000000 84.333994
9641 17.197714 94.607278 0.000000
2442 15.340948 93.917693 0.000000
4235 16.110410 96.225706 0.000000
1385 36.659581 0.000000 22.893676
1384 35.814295 0.000000 20.524817
9465 37.172981 0.000000 19.445887
2758 66.454843 24.471143 0.000000
2759 66.979110 22.177120 0.000000
684 33.258824 0.000000 11.860311
685 34.302387 0.000000 13.504628
1741 12.759930 24.680832 0.000000
6227 13.611597 25.513540 0.000000
4368 92.987820 28.811536 100.000000
10534 22.222222 100.000000 100.000000
3993 16.378335 71.141132 100.000000
438 18.316560 72.688577 100.000000
9364 16.659032 73.844879 100.000000
3919 4.628485 18.102721 0.000000
6863 4.054217 17.042640 0.000000
10069 3.844516 18.310710 0.000000
3838 98.902865 0.000000 94.424748
5740 98.887323 0.000000 90.943468
2810 80.603311 66.645141 0.000000
5029 19.758848 25.693988 100.000000
5028 18.862704 24.123663 100.000000
2736 38.496136 0.000000 3.099967
6654 38.846966 0.000000 6.418012
5455 62.320030 45.280553 0.000000
10517 62.578522 47.930986 0.000000
5880 63.637008 46.704742 0.000000
5558 73.662240 100.000000 48.206910
9736 33.282738 100.000000 18.036426
9314 34.911030 100.000000 17.748983
1397 70.324104 0.000000 81.803223
1396 69.066411 0.000000 82.373761
10316 69.278801 0.000000 79.683982
1447 30.554493 0.000000 10.497585
1071 31.807973 0.000000 7.046240
8784 80.612397 100.000000 88.108820
5628 79.502212 100.000000 83.523019
8785 78.724922 100.000000 88.671594
1527 6.944444 0.000000 100.000000
749 6.116434 1.042509 100.000000
748 5.555556 0.000000 100.000000
6322 61.092298 0.000000 86.178763
10327 61.724625 0.000000 83.009627
10326 62.728004 0.000000 84.494475
1246 3.320067 0.000000 97.594547
4426 2.777778 0.000000 100.000000
2110 100.000000 83.617087 94.447140
2352 38.821482 100.000000 69.561688
1205 39.636670 100.000000 66.275303
8478 0.000000 43.369738 40.910054
8477 0.000000 44.598142 42.905516
5461 0.000000 44.386818 37.896357
2403 7.588677 21.372379 100.000000
2974 8.513371 21.352315 100.000000
6876 35.891768 55.721535 100.000000
2015 38.445992 56.126775 100.000000
4854 43.034855 100.000000 90.364146
1014 44.673488 100.000000 92.134234
1003 44.039698 100.000000 86.756239
3343 0.000000 0.000000 73.333333
3344 0.000000 0.000000 70.000000
3345 1.049088 0.000000 70.082486
5513 26.440814 0.000000 19.022034
8988 26.063625 0.000000 22.535914
3673 61.354336 10.010792 0.000000
4985 62.286180 8.547191 0.000000
6043 100.000000 13.849372 36.969209
4931 100.000000 10.201611 36.913465
8952 100.000000 12.066560 34.033159
2402 6.968574 22.740118 100.000000
2978 6.159522 22.693511 100.000000
4032 6.771004 21.269407 100.000000
3050 12.335666 73.597964 0.000000
10462 11.950439 75.375807 0.000000
9673 56.078461 0.000000 28.540463
8987 7.863472 90.649665 0.000000
10190 9.830158 91.806122 0.000000
2649 9.573643 89.967506 0.000000
10056 17.846282 86.518528 100.000000
9669 16.604034 86.994513 100.000000
3146 66.256037 0.000000 6.779391
7734 67.722358 0.000000 6.784836
5382 0.000000 79.245283 100.000000
5383 1.469204 80.799101 100.000000
5000 0.000000 81.132075 100.000000
10414 84.228833 68.718506 0.000000
1944 85.860892 100.000000 27.417319
6759 100.000000 94.727567 24.048703
6670 32.337358 100.000000 95.799784
865 77.013377 0.000000 3.801093
3913 77.928328 0.000000 7.503996
5261 77.237629 0.000000 89.785843
5259 76.372101 0.000000 88.202328
7065 79.134201 100.000000 60.517441
8846 77.828682 100.000000 56.186573
9086 20.390130 100.000000 55.268699
7476 13.081855 0.000000 78.108188
4028 85.915493 0.000000 0.000000
7237 43.956550 0.000000 83.986269
4937 46.734969 95.167463 100.000000
10043 45.231580 89.927259 100.000000
2172 47.417921 91.024361 100.000000
4198 81.878254 0.000000 55.601174
6139 80.460080 0.000000 53.691784
4196 81.730463 0.000000 52.017981
5664 32.664265 100.000000 56.251282
6063 31.830087 100.000000 58.600493
10137 100.000000 26.649016 88.472306
9823 100.000000 28.532766 87.694129
7674 6.185774 28.415783 0.000000
5140 27.532929 100.000000 53.466627
7184 26.108444 100.000000 54.044519
9062 26.877728 100.000000 56.480509
4610 32.592070 100.000000 63.503466
8588 31.733635 100.000000 66.097793
5773 94.601744 0.000000 97.259498
2749 65.631122 19.456296 0.000000
541 66.063727 16.529779 0.000000
3619 27.322078 100.000000 61.126220
2050 28.575711 100.000000 63.102252
4623 56.046602 0.000000 14.698007
10090 36.092602 0.000000 85.137771
4183 98.406697 100.000000 93.279973
3925 98.130534 100.000000 97.030213
12805 99.134308 100.000000 96.490590
3926 100.000000 100.000000 100.000000
3927 100.000000 100.000000 95.652174
1557 23.719687 0.000000 20.565696
6094 29.068894 77.964171 100.000000
5444 29.722823 81.161473 100.000000
8409 27.651688 79.481085 100.000000
3098 57.703328 100.000000 39.240318
10554 59.387263 100.000000 35.818655
8479 0.000000 43.615683 46.501161
2941 35.816321 0.000000 80.340660
8771 36.201317 9.074816 100.000000
9776 23.467923 86.018236 0.000000
9064 23.411856 87.874555 0.000000
10339 24.946715 87.504885 0.000000
6000 91.520195 18.067624 0.000000
6001 90.252841 15.014011 0.000000
12664 15.744993 0.000000 1.895773
12644 14.698201 0.000000 2.373759
5419 14.084507 0.000000 0.000000
4327 88.781383 70.113452 0.000000
5647 17.889850 92.541822 100.000000
903 16.239866 91.024600 100.000000
7341 100.000000 17.522212 47.869772
10178 35.623884 0.000000 44.428618
3703 36.716021 0.000000 47.308265
3702 35.464284 0.000000 47.990767
7130 3.535775 17.277922 0.000000
7132 3.169984 18.111024 0.000000
8272 0.000000 84.919993 39.430137
8271 0.000000 82.865433 41.380560
10340 4.565727 14.672307 0.000000
8711 4.263506 13.512740 0.000000
8712 4.045969 14.480614 0.000000
2457 0.719842 38.491230 0.000000
6574 0.607022 36.809795 0.000000
9532 0.000000 38.461538 0.000000
3043 7.999924 0.000000 24.919525
4445 8.942804 0.000000 23.366858
6522 9.180615 0.000000 26.095912
9145 18.024482 7.988209 0.000000
2044 18.991153 6.227709 0.000000
2043 17.628964 6.375177 0.000000
8521 66.425386 0.000000 89.026180
5659 64.903485 0.000000 90.899470
6525 4.262979 0.000000 63.986006
7234 5.534109 0.000000 65.917513
8171 49.560451 0.000000 20.254076
8172 50.628849 0.000000 22.642985
7865 5.893168 75.219195 0.000000
6435 3.780942 75.250847 0.000000
7864 5.549598 77.135694 0.000000
1919 1.503593 11.956919 100.000000
1030 1.629004 13.688187 100.000000
10160 0.994090 12.903748 100.000000
10147 91.109775 36.328269 100.000000
3676 23.029673 0.000000 48.906116
6225 24.515635 0.000000 49.532247
8978 23.293401 0.000000 52.101955
2650 67.822154 0.000000 53.685596
4173 70.132879 100.000000 16.920220
7101 72.200395 100.000000 15.922792
7587 70.836203 100.000000 11.117770
9796 3.198681 0.000000 71.379024
3811 51.443696 60.235813 0.000000
3810 50.095515 57.164951 0.000000
9745 49.105043 60.394293 0.000000
1084 4.214145 0.000000 33.313465
1499 52.610022 35.945046 100.000000
1498 51.737103 34.232894 100.000000
7628 52.613357 33.282810 100.000000
8460 80.091670 100.000000 70.079574
8458 81.298743 100.000000 73.944486
8459 82.031170 100.000000 68.845256
7599 84.020801 32.383757 0.000000
7598 82.687488 32.474965 0.000000
3587 97.413030 81.523220 100.000000
7776 97.739563 78.523544 100.000000
9438 58.174657 28.714516 100.000000
6453 56.663018 26.629347 100.000000
4152 57.990584 24.892279 100.000000
95 41.439314 0.000000 8.243747
10061 2.718161 89.594416 100.000000
8076 1.476479 91.120040 100.000000
7026 12.875219 0.000000 31.266240
3820 11.548944 0.000000 32.696367
10205 11.825463 0.000000 29.540646
1440 100.000000 9.677419 0.000000
1441 100.000000 12.433246 1.733309
1439 100.000000 9.432686 1.977532
2844 5.015467 16.383504 100.000000
1976 5.382849 17.975850 100.000000
4114 4.439259 18.046203 100.000000
8821 90.740741 100.000000 100.000000
12804 90.195484 100.000000 97.101490
3875 88.888889 100.000000 100.000000
12806 89.315157 100.000000 96.127821
3373 19.481448 100.000000 53.433656
6108 19.160768 100.000000 56.970089
4455 100.000000 12.669125 97.388846
4374 100.000000 14.857326 96.152982
2835 76.259541 100.000000 94.739519
6082 71.089623 13.776388 0.000000
6207 71.642230 16.435904 0.000000
7992 75.642472 2.726380 0.000000
7991 76.788256 3.108075 0.000000
866 76.056338 0.000000 0.000000
1510 31.716066 0.000000 82.376447
11 39.768110 0.000000 15.599313
8593 40.048014 0.000000 12.747261
9395 40.908357 0.000000 14.899270
1987 100.000000 85.455086 52.971685
6795 100.000000 88.597833 55.286799
9422 75.745960 57.803962 100.000000
8561 75.193097 59.758276 100.000000
7052 74.618801 56.688531 100.000000
3661 52.513326 100.000000 94.026996
1536 53.122420 100.000000 89.359645
1535 51.516851 100.000000 88.340652
1509 33.120388 0.000000 81.858477
4652 34.483291 0.000000 81.104113
5841 59.302487 40.080745 0.000000
176 59.837180 42.462446 0.000000
338 60.734286 41.149930 0.000000
10015 100.000000 67.683776 56.796897
6511 100.000000 66.768542 53.843869
7385 78.948584 58.021795 100.000000
3671 77.969975 60.397691 100.000000
10003 31.825741 100.000000 17.847684
2806 30.935988 100.000000 20.867483
269 32.360326 100.000000 21.438186
1853 30.634544 100.000000 67.893119
10602 30.680683 100.000000 65.287273
9463 29.561599 100.000000 66.051348
3718 83.598521 0.000000 2.762204
5441 18.128751 100.000000 81.905106
10586 19.669936 100.000000 81.214429
10520 19.256318 100.000000 78.754061
10598 20.288519 100.000000 78.889750
4913 100.000000 24.669888 15.608147
476 29.692805 44.451150 0.000000
4823 37.565296 9.026281 100.000000
4825 36.789693 11.819148 100.000000
3346 26.240204 7.829137 100.000000
3490 27.686325 5.315309 100.000000
1242 50.000000 100.000000 100.000000
1244 51.851852 100.000000 100.000000
419 50.305074 100.000000 93.190797
1861 69.420974 100.000000 81.622638
2059 70.722969 100.000000 84.998703
2376 64.848300 0.000000 6.666372
7161 64.119592 0.000000 3.396497
9691 57.017686 30.695655 100.000000
6273 79.293917 52.859939 0.000000
8175 100.000000 21.431384 58.071509
6040 100.000000 23.898418 60.080224
3216 100.000000 20.825462 61.349437
1249 21.556232 18.356595 100.000000
449 0.000000 19.563416 53.450127
6406 0.000000 16.767581 53.008054
6953 1.213339 0.000000 40.369858
3770 0.000000 0.000000 43.333333
2862 0.000000 0.000000 40.000000
7250 9.061402 80.111573 0.000000
1225 100.000000 49.703300 72.769292
1908 69.588615 46.110171 0.000000
10417 70.891230 44.374431 0.000000
2329 3.596686 33.371904 100.000000
4269 4.167509 34.444724 100.000000
7729 100.000000 20.023237 14.812799
8173 100.000000 18.850262 16.702969
7696 1.851852 100.000000 100.000000
12703 2.324947 100.000000 95.986482
6405 0.000000 13.953680 52.687728
2358 0.000000 16.035147 16.601725
5453 0.000000 15.096462 14.587583
1252 71.246339 100.000000 93.225780
12823 70.572785 100.000000 96.379836
12807 71.766315 100.000000 96.686811
6149 0.000000 4.528376 84.463323
328 100.000000 96.288293 93.434893
7415 43.666867 100.000000 54.547494
8544 43.497724 100.000000 50.214753
5481 42.479102 100.000000 52.583605
3847 19.654031 36.019023 100.000000
3846 18.142166 34.911144 100.000000
4079 17.144030 4.898381 0.000000
4080 18.022607 3.712429 0.000000
4078 16.853613 3.216155 0.000000
6005 9.704844 29.022069 0.000000
5256 10.491695 27.337949 0.000000
9782 9.526621 27.695243 0.000000
9839 34.431393 37.162161 0.000000
7033 32.663424 35.766740 0.000000
10183 32.993713 38.779102 0.000000
432 43.743772 100.000000 68.693276
129 41.978207 100.000000 71.873607
131 43.675792 100.000000 74.756424
6110 94.789474 81.737694 100.000000
6111 94.832818 84.424377 100.000000
2154 4.876249 3.035519 0.000000
5850 5.775502 4.737659 0.000000
10430 18.042333 100.000000 47.856411
12928 17.765444 100.000000 46.747672
3557 17.300665 100.000000 48.047959
2581 87.075143 66.373266 100.000000
2583 85.558323 65.416492 100.000000
9831 88.154164 44.967503 100.000000
9200 87.511032 41.358564 100.000000
10010 100.000000 39.159199 76.596728
8685 94.950138 68.471800 100.000000
9694 95.005752 65.462457 100.000000
10330 58.494681 32.351142 100.000000
6664 100.000000 62.880859 93.379542
9862 100.000000 59.413796 90.237296
7742 100.000000 63.189194 89.580657
2057 72.454608 100.000000 83.477266
1929 75.039348 7.748865 0.000000
399 40.624425 28.805206 100.000000
400 41.346315 25.461970 100.000000
1107 32.206088 100.000000 41.660760
2921 32.635768 100.000000 37.481202
12887 31.739557 100.000000 39.139965
2712 11.363746 1.941481 100.000000
2713 11.615788 3.930259 100.000000
7988 8.717865 12.459384 0.000000
9627 7.894349 11.427501 0.000000
5327 7.876228 13.128831 0.000000
5167 62.208467 0.000000 21.483635
9680 60.981280 0.000000 23.631313
6178 20.202599 38.286393 100.000000
6006 0.000000 28.047868 47.517596
8032 0.000000 27.752347 40.860939
1928 74.050366 5.256919 0.000000
9342 70.992395 0.000000 13.070952
8644 72.393849 0.000000 12.334950
5789 72.068989 0.000000 16.201468
6442 15.614649 100.000000 31.017306
10325 15.268647 100.000000 27.472117
566 13.405794 4.570593 0.000000
564 13.379728 2.682148 0.000000
9012 0.000000 50.784538 34.027414
4572 0.000000 49.931797 41.613161
4571 0.000000 51.426550 40.576970
10440 30.255644 100.000000 74.433604
7930 29.608235 100.000000 77.765936
5590 28.851856 0.000000 57.491459
5589 27.603487 0.000000 57.013332
6499 75.578427 0.000000 42.072686
9990 76.577028 0.000000 41.363505
9665 63.286996 53.503815 0.000000
479 63.798199 56.585158 0.000000
478 65.104985 54.805930 0.000000
3441 11.397505 69.968747 0.000000
2399 12.794799 71.696734 0.000000
173 13.236665 69.782288 0.000000
4260 0.825347 33.951172 0.000000
4262 1.271691 32.124902 0.000000
3701 36.027763 0.000000 50.644902
4796 100.000000 100.000000 0.000000
2911 100.000000 96.774194 0.000000
12713 99.371193 96.621793 0.000000
3973 25.892780 34.473574 100.000000
3975 24.294246 34.021882 100.000000
9447 25.474767 31.653242 100.000000
10095 0.000000 28.409089 61.796960
6008 0.000000 28.341686 54.390467
8764 0.000000 26.066752 57.559517
5965 42.013277 22.145859 100.000000
5932 92.574654 77.429899 0.000000
6020 91.717317 79.357076 0.000000
7196 92.981039 79.635642 0.000000
3415 25.706366 0.000000 13.978440
5172 24.516906 0.000000 15.292977
6487 0.000000 4.568460 56.957591
4783 0.000000 4.937061 60.407657
673 1.053695 0.000000 94.417958
5385 2.156506 0.000000 91.167852
10406 76.200899 0.000000 50.932273
5958 74.959143 0.000000 48.140768
5087 0.858931 31.026777 0.000000
5408 15.017325 100.000000 77.843664
5592 28.913433 9.224236 0.000000
7789 25.638004 0.000000 69.738807
1356 0.000000 69.811321 100.000000
1077 0.000000 71.698113 100.000000
1355 0.000000 70.921728 90.954389
7849 0.000000 30.578239 10.531709
8917 0.000000 28.613027 9.429032
10245 0.000000 28.877460 16.220089
1220 100.000000 15.780364 68.491127
195 100.000000 16.556686 71.675667
59 100.000000 13.057588 70.412950
4567 24.539748 100.000000 48.975495
2093 25.293460 100.000000 51.465373
9530 61.545083 100.000000 94.034759
9524 61.111111 100.000000 100.000000
4745 0.965003 0.000000 90.435295
5467 76.557062 29.486748 0.000000
7254 74.991260 28.200754 0.000000
8278 75.881617 31.359980 0.000000
7436 4.715833 30.684799 100.000000
2330 3.884618 31.532344 100.000000
4755 4.168613 30.023196 100.000000
7560 64.172377 0.000000 69.189217
4591 62.933849 0.000000 69.149711
4593 63.797141 0.000000 66.540679
8262 57.792828 20.858791 0.000000
4483 72.617543 71.786410 100.000000
2894 73.312590 75.795283 100.000000
4482 71.603467 74.351187 100.000000
5701 32.080219 98.224594 0.000000
4253 33.330977 97.710974 0.000000
5700 31.522859 96.839716 0.000000
1653 57.682724 0.000000 41.746871
1654 56.278818 0.000000 40.307567
1652 57.519485 0.000000 38.042550
3178 94.666059 35.157020 0.000000
3177 96.440732 37.956996 0.000000
2013 39.236572 60.155030 100.000000
9269 40.873063 61.445201 100.000000
9684 21.814616 72.787831 100.000000
3649 23.080634 71.288903 100.000000
9577 23.608358 73.881899 100.000000
3546 100.000000 39.827893 64.085988
6934 100.000000 36.340203 63.098131
10094 100.000000 39.020336 60.785556
10458 50.488493 5.005287 0.000000
5923 51.771559 5.742870 0.000000
8806 51.290038 2.763166 0.000000
5696 56.414951 0.000000 44.022539
8950 36.150430 38.700554 100.000000
3169 45.108558 90.222590 0.000000
5168 24.192570 100.000000 33.028869
2677 77.520036 100.000000 84.357878
4298 56.226239 0.000000 24.371619
2885 56.538963 0.000000 20.365544
2884 57.734371 0.000000 22.800769
3157 0.000000 60.467997 72.057754
7595 0.000000 61.399050 64.539428
3158 0.000000 59.688093 64.020118
7043 14.391335 35.423677 100.000000
5298 16.121836 35.247150 100.000000
314 5.253691 31.833408 0.000000
7777 5.158255 33.816801 0.000000
616 6.041183 32.686727 0.000000
4373 97.802014 0.000000 66.107102
12645 2.197992 0.000000 1.793830
5005 2.994711 0.000000 3.880499
12646 3.170254 0.000000 1.526826
5683 4.596902 0.000000 41.840484
4676 3.866557 0.000000 39.430439
4678 5.183399 0.000000 38.991137
8562 76.487306 60.400851 100.000000
10254 100.000000 2.240611 20.436243
10218 100.000000 3.876140 18.112951
7624 100.000000 5.197190 21.596147
5878 38.404210 5.952157 100.000000
1407 39.055683 2.831750 100.000000
8989 94.299439 95.021206 0.000000
5424 92.548583 92.308146 0.000000
2658 72.570748 33.579052 0.000000
8796 37.689799 63.532136 0.000000
5082 2.897463 0.000000 16.518177
6165 87.630430 100.000000 72.292797
7265 89.521142 100.000000 71.835725
6871 6.220726 86.624428 100.000000
5564 5.349013 88.185124 100.000000
1418 4.412593 85.984517 100.000000
1589 26.347849 83.970959 0.000000
5146 0.890160 0.000000 56.057629
2627 1.898536 0.000000 57.207123
2629 0.952288 0.000000 58.628517
8144 92.222115 100.000000 22.357345
4713 100.000000 53.083318 14.376220
5017 100.000000 52.172100 17.187366
5018 100.000000 50.262630 15.336417
7143 19.166942 56.625753 100.000000
589 19.921863 53.931756 100.000000
6156 63.222467 0.000000 15.369523
6158 62.917252 0.000000 10.957923
1930 15.279496 0.000000 90.195079
1931 14.640574 0.000000 93.233418
1932 13.935870 0.000000 90.663523
3077 100.000000 33.889396 88.119521
9474 100.000000 37.257545 87.443936
1603 35.332095 27.695724 100.000000
6059 36.366872 24.845836 100.000000
3277 52.486759 0.000000 67.611110
6380 3.506178 30.505673 0.000000
6378 2.852344 30.728595 0.000000
6379 3.130583 31.779443 0.000000
10543 92.310121 0.000000 9.253035
9468 91.253786 0.000000 6.593253
2639 100.000000 59.668896 94.456821
4157 100.000000 56.396913 92.269629
2220 28.283952 0.000000 41.992250
6145 1.289067 100.000000 63.134219
477 28.726138 42.565635 0.000000
1068 30.125643 41.958359 0.000000
9042 7.768841 2.974845 100.000000
3502 9.618449 55.935669 0.000000
10131 10.334256 58.201447 0.000000
8686 76.085453 17.960518 100.000000
5323 75.673082 21.872851 100.000000
10431 80.641863 100.000000 64.654112
5562 42.140605 100.000000 93.077497
6218 93.174701 16.954695 0.000000
6217 93.136880 13.815034 0.000000
9448 0.000000 40.750486 28.305551
5135 0.000000 16.532734 89.813357
5306 0.000000 13.596358 85.170092
8168 0.000000 14.540191 91.374221
9793 86.779722 100.000000 10.637503
1061 86.928506 100.000000 16.226743
4306 69.769410 100.000000 65.222147
9789 71.355357 100.000000 67.281964
4307 71.004158 100.000000 61.775392
8077 0.000000 92.452830 100.000000
3416 26.749710 0.000000 15.732387
6326 57.616485 9.341032 0.000000
5727 58.865378 11.349849 0.000000
6847 58.903332 8.741332 0.000000
693 31.049932 100.000000 84.368607
694 30.419133 100.000000 80.970133
7518 4.903766 55.491976 0.000000
1614 46.172308 0.000000 91.082067
8800 50.164569 0.000000 8.157170
6246 48.543511 0.000000 9.371474
7256 49.332378 0.000000 5.501334
9398 26.751563 0.000000 91.203695
8895 28.116423 0.000000 92.040950
443 64.185875 37.394466 100.000000
5673 59.061256 0.000000 43.322271
4916 59.038287 0.000000 39.266117
5674 60.178773 0.000000 41.442281
3658 59.171887 100.000000 29.925841
3657 57.540981 100.000000 28.306005
9636 57.571658 100.000000 33.286989
7322 23.054222 100.000000 33.627749
6738 8.080253 41.929564 0.000000
7798 7.687964 44.417398 0.000000
82 54.929577 0.000000 0.000000
83 56.338028 0.000000 0.000000
81 55.203952 0.000000 3.217658
6441 16.364040 100.000000 33.046476
8180 17.188902 100.000000 33.485807
6984 78.452770 100.000000 7.361955
3117 76.521495 100.000000 8.611989
8445 60.417180 0.000000 14.042394
3120 8.301102 0.000000 59.368310
6766 75.415147 88.540267 100.000000
4344 96.271294 52.006922 0.000000
4346 94.772803 49.062283 0.000000
9610 94.208051 51.823197 0.000000
7398 0.000000 81.853697 71.073219
4424 0.000000 81.792576 61.224440
4250 13.196991 54.405353 100.000000
7646 11.180472 55.492891 100.000000
7645 12.013176 52.453225 100.000000
635 29.330191 29.144131 100.000000
660 28.204162 28.014635 100.000000
2609 1.851077 26.488570 0.000000
950 2.291541 24.834293 0.000000
952 1.509916 25.070072 0.000000
645 100.000000 51.131705 60.309992
3642 100.000000 23.496223 11.689129
7137 100.000000 23.204405 9.691479
2871 100.000000 25.470763 10.746361
1121 13.540930 18.775797 0.000000
10558 12.213250 18.792278 0.000000
2882 12.606746 20.593317 0.000000
909 14.076799 100.000000 39.097900
5987 89.695082 68.971415 100.000000
10423 36.894752 88.083582 100.000000
2124 36.270814 84.167783 100.000000
5435 44.034460 81.971065 0.000000
8531 41.758694 79.263940 0.000000
61 48.925012 0.000000 30.881994
9088 39.146317 0.000000 49.761856
10215 18.055556 0.000000 100.000000
157 18.797391 0.000000 96.818040
8931 19.444444 0.000000 100.000000
6476 100.000000 91.777627 61.593915
9992 100.000000 93.910084 62.765902
9616 100.000000 92.813860 65.811051
5292 26.107654 0.000000 1.582301
5294 26.160457 0.000000 3.588347
1559 22.952713 0.000000 23.955594
2118 73.067010 0.000000 76.297939
7502 73.656599 0.000000 73.483388
4073 74.688687 0.000000 75.378785
9933 0.000000 20.808713 59.040395
6232 0.000000 22.412746 65.792135
9585 0.000000 23.586826 59.159550
5188 32.273198 96.056680 100.000000
6796 33.603040 95.608698 100.000000
5186 33.603189 97.876131 100.000000
3352 84.921542 60.439236 100.000000
3664 100.000000 3.774058 86.857433
2852 100.000000 75.893440 27.305012
3308 0.000000 45.283019 100.000000
4005 93.385531 0.000000 28.219660
4003 91.956876 0.000000 27.323565
2461 71.736317 4.254675 100.000000
7119 71.218456 8.087493 100.000000
2579 17.317096 37.789715 0.000000
2578 15.429960 37.887899 0.000000
6003 49.446717 41.283799 0.000000
7112 48.169260 40.461816 0.000000
8743 47.222222 0.000000 100.000000
9306 46.578997 0.000000 97.941170
5169 25.327624 100.000000 33.828883
7430 26.011987 100.000000 35.981161
1522 48.019473 48.249961 100.000000
1521 47.448522 50.831940 100.000000
567 43.420123 76.875043 100.000000
568 43.748328 73.733858 100.000000
569 45.063290 77.048777 100.000000
5611 70.610400 57.749791 0.000000
6058 23.590449 100.000000 94.926428
1843 23.853271 100.000000 97.581050
7095 28.761612 100.000000 80.769733
692 29.364738 100.000000 83.765102
4801 0.725889 13.829081 0.000000
203 1.375113 14.172222 0.000000
8475 1.302227 12.728157 0.000000
5153 58.238995 95.752750 100.000000
6842 20.387489 65.892823 0.000000
135 18.505660 65.751178 0.000000
6761 19.543865 67.703656 0.000000
3887 30.441357 0.000000 48.794353
2139 32.639471 0.000000 97.291861
6464 31.944444 0.000000 100.000000
2140 31.255054 0.000000 97.415115
5243 32.664361 0.000000 24.735574
9155 33.987902 0.000000 24.353523
10032 33.317988 0.000000 27.551474
8534 21.735685 0.000000 62.985760
6757 22.197398 0.000000 65.887682
8296 20.879758 0.000000 65.872676
3679 20.241712 100.000000 58.358944
3678 21.324672 100.000000 56.897014
2186 91.600150 0.000000 63.388375
5893 92.960150 0.000000 62.803377
10292 92.738720 0.000000 65.894980
1801 90.854127 0.000000 97.581423
5226 90.016955 0.000000 94.870815
4059 91.679925 0.000000 95.243431
2383 19.561456 66.657040 100.000000
2382 21.016317 67.694217 100.000000
10047 19.744709 68.868869 100.000000
8962 0.000000 47.212563 45.687042
10436 0.000000 48.057248 40.104770
2648 8.214725 88.898876 0.000000
7201 6.584208 88.595248 0.000000
3764 34.633708 0.000000 9.769015
5008 49.273134 0.000000 59.666526
3501 87.951631 74.253659 100.000000
9185 38.325104 57.565333 0.000000
10496 40.184906 59.160124 0.000000
4212 39.810369 55.813188 0.000000
3594 41.665482 57.219438 0.000000
518 1.182934 6.617727 100.000000
3083 0.905571 4.754624 100.000000
10287 1.888567 5.746940 100.000000
8967 11.430555 58.407835 100.000000
4639 100.000000 46.028664 33.916775
2250 73.239437 0.000000 0.000000
2249 74.647887 0.000000 0.000000
2786 73.598762 0.000000 2.624333
3917 82.191694 96.437925 100.000000
4950 81.123713 92.781335 100.000000
3918 82.840733 93.105631 100.000000
4845 0.000000 9.104289 11.287439
7007 0.000000 6.722832 11.907521
7006 0.000000 6.959724 14.974057
3494 18.518519 100.000000 100.000000
1400 62.973745 35.749419 0.000000
8871 2.629101 13.261551 100.000000
7733 43.088653 0.000000 2.954895
94 42.760612 0.000000 6.528399
1621 81.214013 2.829807 0.000000
5254 81.839036 5.793614 0.000000
1549 82.871928 3.997823 0.000000
8746 89.035170 6.667573 0.000000
4382 89.783285 9.606070 0.000000
9569 0.000000 86.309478 15.949043
381 0.000000 84.534240 18.305745
8739 0.000000 85.600665 23.458062
1132 24.072324 11.649851 100.000000
7886 22.640815 12.504630 100.000000
10109 23.289826 9.903826 100.000000
8523 17.236452 100.000000 55.401810
814 17.910297 100.000000 57.585822
3375 18.344935 100.000000 54.579568
6498 70.341113 93.905933 0.000000
8594 70.704538 97.251852 0.000000
8651 72.441593 96.583303 0.000000
3555 25.334486 100.000000 31.087500
5197 16.747069 0.000000 94.688116
5619 15.982100 0.000000 92.520597
4834 17.242510 0.000000 91.838290
6187 72.944629 91.069624 0.000000
1354 62.713558 34.917169 100.000000
1353 62.887342 38.822681 100.000000
9914 60.590809 0.000000 71.825012
4048 0.000000 43.399936 80.095146
4636 3.587981 0.000000 73.819032
3505 10.438299 29.791346 100.000000
7745 10.316146 32.427003 100.000000
179 9.141804 31.489153 100.000000
6181 26.684197 42.632963 100.000000
2440 25.388992 40.510068 100.000000
6856 27.384607 40.130619 100.000000
6019 0.000000 47.075407 92.211514
8151 100.000000 36.818743 33.518713
7404 100.000000 40.578001 32.765945
8152 100.000000 39.342316 36.322183
9246 33.903837 95.586716 0.000000
990 47.895737 0.000000 59.895479
4476 42.326652 70.463468 100.000000
5744 41.948962 74.122599 100.000000
5506 3.650841 0.000000 28.478006
4148 4.725075 0.000000 26.922465
1531 95.563299 0.000000 51.378200
7145 55.662743 45.900832 100.000000
5586 72.222222 0.000000 100.000000
2462 70.833333 0.000000 100.000000
1539 91.579750 0.000000 70.329364
8951 91.328799 0.000000 66.788758
3054 92.775907 0.000000 69.049671
8741 11.908565 32.456941 0.000000
5313 11.834704 30.204270 0.000000
8776 0.000000 98.163222 57.527305
4800 70.559352 0.000000 33.764530
8261 58.768538 18.269968 0.000000
10459 58.643870 0.000000 25.161389
5657 66.392421 0.000000 91.909284
5658 65.333804 0.000000 94.186527
777 7.001676 100.000000 75.613566
3744 10.971620 10.042811 100.000000
5175 10.862219 7.893479 100.000000
4465 12.287152 8.348225 100.000000
1197 90.277778 0.000000 100.000000
5692 61.227875 0.000000 10.710208
5691 60.496958 0.000000 7.153342
4873 41.599630 32.035864 100.000000
4874 43.203367 31.869725 100.000000
455 27.291945 0.000000 65.113062
2822 100.000000 49.298450 95.453746
6956 100.000000 51.724138 100.000000
924 100.000000 47.181846 97.640087
7703 100.000000 39.221086 18.354602
7704 100.000000 42.526599 19.020350
7702 100.000000 39.854581 21.063295
10250 1.993119 4.962827 0.000000
1667 2.395722 4.178735 0.000000
130 42.035711 100.000000 76.512826
632 7.860879 0.000000 30.746863
4223 57.270695 69.342305 100.000000
2739 55.679532 70.587453 100.000000
4247 48.611111 0.000000 100.000000
2337 41.759769 100.000000 36.041367
353 43.811416 100.000000 37.005302
336 84.085962 16.580078 0.000000
3839 98.708378 0.000000 96.955592
3837 97.611040 0.000000 94.339573
7312 57.409975 57.725034 100.000000
9228 55.721060 79.210268 100.000000
9229 55.711053 83.354005 100.000000
9763 54.351060 80.499748 100.000000
7817 6.678232 44.056334 100.000000
3889 31.868371 0.000000 49.308305
2429 41.940337 0.000000 72.537920
8498 84.847936 46.009467 0.000000
4715 24.800302 0.000000 82.178084
2135 25.679799 0.000000 84.292498
1620 24.526408 0.000000 84.819777
3395 70.957897 64.168524 100.000000
7076 70.172378 66.606926 100.000000
763 69.485810 62.995255 100.000000
5757 7.624681 1.265586 0.000000
7966 6.531024 1.435216 0.000000
3246 7.467633 2.788505 0.000000
5044 28.797699 31.909962 0.000000
2908 52.615969 94.196878 0.000000
8078 51.175166 95.554880 0.000000
583 68.982811 58.976608 100.000000
644 70.283708 61.299629 100.000000
6783 91.557785 62.113132 0.000000
3924 86.679758 61.131946 0.000000
3922 87.368608 58.837476 0.000000
1369 33.274627 0.000000 8.341626
3357 37.197500 2.330159 0.000000
7297 51.662560 100.000000 5.540844
3448 100.000000 33.878966 30.696338
3644 48.473348 0.000000 93.003804
7457 81.309548 57.560805 100.000000
9830 79.822803 55.818038 100.000000
2560 87.367287 87.700512 100.000000
9942 88.581031 90.933093 100.000000
5713 86.882102 90.611619 100.000000
85 11.722757 28.054954 0.000000
2489 10.703469 29.525423 0.000000
1790 4.275654 7.854290 0.000000
8517 2.509919 15.139832 100.000000
291 2.900445 14.752685 100.000000
9325 61.596350 100.000000 88.391643
7800 59.938122 100.000000 91.484196
7088 19.318827 86.175836 100.000000
7490 19.261250 88.096557 100.000000
10045 94.915254 100.000000 0.000000
6122 97.044508 100.000000 2.204762
2336 96.610169 100.000000 0.000000
5025 87.308913 25.820381 100.000000
2231 100.000000 45.161290 0.000000
9060 98.590306 46.537360 0.000000
9061 100.000000 48.387097 0.000000
8547 78.790666 16.201600 100.000000
7371 78.295563 10.407189 100.000000
7372 80.351329 15.296865 100.000000
8939 98.698645 0.000000 52.328773
5750 100.000000 0.000000 51.612903
9093 100.000000 0.000000 54.838710
1763 100.000000 25.311685 6.965402
710 85.684839 0.000000 52.803837
6307 86.714607 0.000000 50.591175
9611 92.940901 49.095353 0.000000
5766 92.452789 51.816602 0.000000
10107 100.000000 75.458764 41.315880
759 60.123712 0.000000 79.434685
4340 15.742360 4.612427 0.000000
2681 14.507731 3.523043 0.000000
7661 14.482788 5.230702 0.000000
2177 0.000000 39.666044 94.616854
7828 0.000000 37.923301 95.075597
7827 0.000000 39.622642 100.000000
3809 51.955908 57.221083 0.000000
3581 44.274597 100.000000 42.227354
3726 42.952215 100.000000 45.789335
7950 100.000000 41.019507 43.526093
37 0.000000 31.920434 38.508858
2395 0.000000 31.775128 31.401047
968 0.000000 29.768932 36.219944
5839 98.821427 0.000000 49.087077
7414 100.000000 43.394283 4.603994
5781 100.000000 42.391310 7.892390
622 97.602945 0.000000 97.353362
623 97.222222 0.000000 100.000000
5066 100.000000 44.132859 84.737464
5068 100.000000 47.639880 85.702254
5680 100.000000 45.582630 88.178679
2680 33.464992 73.934908 100.000000
2679 35.372939 74.439367 100.000000
6025 34.648416 77.053806 100.000000
2342 52.365521 0.000000 88.667093
5156 50.858320 0.000000 88.176757
6152 100.000000 33.902156 84.762630
9473 100.000000 37.849716 84.300814
3044 79.850915 100.000000 93.194591
6123 78.004752 100.000000 93.228608
12808 78.820991 100.000000 96.673458
4303 69.019093 82.108599 100.000000
1666 3.062373 3.444959 0.000000
6254 66.411589 100.000000 45.955919
2468 68.108776 100.000000 48.471600
2086 81.620801 44.882484 0.000000
7208 83.261127 46.779498 0.000000
9993 0.000000 33.728084 34.193646
3603 0.000000 33.986353 40.788213
523 83.397619 46.118879 100.000000
7273 94.444444 0.000000 100.000000
12678 94.510776 2.663094 100.000000
3988 42.386474 100.000000 41.013382
3727 40.975863 100.000000 44.983406
7358 97.248045 0.000000 2.879208
12780 96.613285 0.000000 1.374594
12781 97.312149 0.000000 1.494200
7022 17.936085 84.484570 100.000000
2254 40.243411 100.000000 11.396944
10407 14.545823 33.529277 0.000000
4271 13.223251 33.049222 0.000000
9285 13.454659 35.297796 0.000000
7530 23.766866 100.000000 75.111886
6240 25.074065 100.000000 75.623453
6239 24.835580 100.000000 73.344612
7252 23.730425 30.742370 0.000000
7251 22.940635 33.222238 0.000000
8991 18.707471 0.000000 24.603867
8196 19.212233 0.000000 21.800624
8045 19.897503 0.000000 24.572557
4624 54.771583 0.000000 15.494872
6449 92.089489 0.000000 98.067800
7974 90.987979 100.000000 74.432594
3774 90.811718 100.000000 81.211128
7347 92.916468 100.000000 76.483907
6728 21.418299 0.000000 80.682821
7126 22.544676 0.000000 82.245078
5447 51.369491 0.000000 10.207179
8801 49.970278 0.000000 12.138298
5967 51.063856 34.921605 100.000000
6160 50.775077 36.423174 100.000000
1090 50.292953 34.509941 100.000000
8781 0.000000 13.207547 100.000000
4133 0.000000 42.552468 50.308155
6185 95.825374 9.509603 100.000000
8233 95.367789 12.317564 100.000000
3643 46.227124 43.647530 0.000000
1359 45.074393 41.646000 0.000000
641 95.856810 52.137714 100.000000
8912 95.942822 55.661939 100.000000
5947 94.627223 53.276056 100.000000
7922 0.000000 91.240404 89.139592
5341 0.000000 93.333971 84.701507
10349 0.000000 91.467973 81.265790
2554 100.000000 48.835545 57.646022
7278 3.510214 23.862166 100.000000
7562 100.000000 15.340149 1.528853
5885 56.326933 48.350383 0.000000
1751 56.916378 51.248634 0.000000
1750 57.870698 49.255072 0.000000
5698 95.258491 0.000000 3.346606
628 14.167661 95.193716 0.000000
630 12.333032 94.510042 0.000000
8086 0.000000 65.748033 29.621115
5302 0.000000 67.520551 27.433990
7174 0.000000 66.239141 20.886161
5492 42.377038 0.000000 26.601693
6269 41.636677 0.000000 24.049017
1423 73.142544 100.000000 37.744015
829 74.652532 100.000000 35.236465
1424 72.779125 100.000000 31.899054
4460 88.435350 69.146281 100.000000
10021 91.898550 0.000000 33.246867
10336 91.239441 0.000000 36.251964
7124 53.180073 0.000000 33.470325
4456 33.973285 87.941672 0.000000
4457 32.063752 86.008386 0.000000
4458 32.079786 88.231028 0.000000
7813 84.143988 57.074161 0.000000
7369 82.646864 56.239408 0.000000
8087 83.074322 59.078767 0.000000
6551 83.348394 54.121458 0.000000
3325 35.181548 10.927183 0.000000
7364 35.518332 13.628156 0.000000
2191 36.652044 11.752688 0.000000
10082 2.614033 32.452998 100.000000
8509 1.949065 32.148431 100.000000
8511 2.663199 30.868332 100.000000
10466 92.623066 0.000000 12.508833
5851 100.000000 53.134866 1.909264
10428 100.000000 52.745959 4.289784
10275 100.000000 50.408874 2.531701
9507 3.569530 16.175096 0.000000
2537 53.552315 38.047066 100.000000
3781 33.662370 0.000000 53.175672
8703 32.637187 0.000000 55.946303
322 54.871810 0.000000 38.876519
6506 62.515188 65.058201 0.000000
6395 62.085623 68.251451 0.000000
6394 63.850178 67.917563 0.000000
287 2.773934 80.556185 100.000000
9995 1.722828 78.803937 100.000000
8558 76.611713 66.331183 100.000000
2413 77.400134 63.714090 100.000000
4804 100.000000 19.265689 6.405994
3640 100.000000 20.336913 5.239593
4181 100.000000 21.241244 6.552646
3697 52.357202 14.610116 0.000000
3854 52.216212 17.376171 0.000000
3280 53.552055 16.597013 0.000000
9655 51.208145 25.554777 0.000000
7536 51.609335 23.029831 0.000000
1043 50.008049 23.557741 0.000000
8583 49.553587 100.000000 26.160189
8582 49.356673 100.000000 32.272384
6270 51.540575 100.000000 29.401081
3941 25.248540 100.000000 19.450706
4578 0.000000 61.815839 41.993885
4579 0.000000 61.223240 49.880149
5100 98.636440 89.157025 100.000000
3589 98.692978 85.660729 100.000000
6686 96.596751 94.184475 100.000000
5308 95.337907 90.094393 100.000000
652 96.947586 91.417239 100.000000
5944 94.766571 56.798863 100.000000
2751 95.999015 59.096576 100.000000
8292 94.940772 60.239794 100.000000
6317 48.374086 31.776775 0.000000
10163 46.696864 32.564268 0.000000
3491 83.708567 58.177760 100.000000
7455 82.691918 59.440435 100.000000
3916 82.336901 55.935027 100.000000
7274 5.730730 0.000000 73.180604
8203 5.884180 0.000000 76.475715
3382 34.454836 100.000000 93.677617
9834 9.583481 0.000000 58.422643
6197 9.893415 0.000000 55.766875
2209 10.945699 0.000000 57.204312
1601 34.518221 30.226893 100.000000
1602 33.784413 27.568112 100.000000
8636 21.109622 24.286848 100.000000
3738 75.581436 52.965653 100.000000
8334 76.842775 53.285352 100.000000
3653 36.445318 100.000000 66.461474
4495 2.856911 19.699890 100.000000
1302 3.480185 17.864440 100.000000
5007 3.800157 20.001998 100.000000
9168 49.443758 0.000000 38.339669
12784 49.278991 0.000000 36.212510
9674 28.328570 100.000000 37.621398
7480 36.209008 0.000000 90.684075
8327 36.166370 0.000000 94.021648
4021 35.254119 0.000000 92.058062
9758 2.788153 69.904458 100.000000
4421 4.015321 71.606808 100.000000
4423 2.368885 71.800446 100.000000
7064 78.597131 100.000000 66.323304
7379 0.000000 13.964304 80.757588
8062 5.930998 69.833202 100.000000
1210 18.932051 100.000000 27.350707
7685 18.759365 100.000000 24.954986
3734 100.000000 0.000000 80.645161
1964 100.000000 0.000000 77.419355
3733 100.000000 2.828914 78.524930
10013 10.958550 100.000000 95.380720
9402 12.511892 100.000000 94.818366
884 12.285224 100.000000 92.092775
5597 53.262777 0.000000 23.859337
9870 73.460082 100.000000 73.840961
9869 74.876692 100.000000 71.490889
4896 73.167538 100.000000 69.264743
3855 3.656073 36.777581 100.000000
3966 36.684299 23.579374 0.000000
138 36.325861 26.038424 0.000000
3070 15.571080 17.223720 100.000000
2367 21.557240 100.000000 37.986514
6607 98.621964 0.000000 15.172116
2017 97.899412 0.000000 17.997738
2016 96.938664 0.000000 13.929143
656 100.000000 18.054641 66.305458
5669 100.000000 14.862151 65.637143
9408 46.274686 10.391497 100.000000
7421 100.000000 0.000000 64.516129
5908 83.631372 37.362365 0.000000
8654 82.391254 35.268218 0.000000
9240 82.238123 38.725038 0.000000
1308 31.515696 22.851028 0.000000
4746 31.184080 20.676863 0.000000
3759 0.000000 42.060169 38.372773
5460 0.000000 43.329920 35.437577
5940 89.411553 2.100387 0.000000
1278 4.114031 5.293379 100.000000
1947 43.914737 0.000000 8.718940
9826 44.110384 0.000000 4.993955
5614 20.563626 100.000000 70.413450
8683 20.662208 100.000000 67.084353
10348 100.000000 24.220438 18.918530
7747 100.000000 21.756809 16.480308
5233 76.059905 10.445254 0.000000
6926 75.572592 13.094479 0.000000
4361 69.782801 51.338511 0.000000
7533 68.492765 51.630424 0.000000
3869 75.538966 100.000000 19.699962
8971 77.421143 100.000000 20.094697
3115 76.399745 100.000000 14.582837
7504 14.564417 89.696738 100.000000
9339 0.843550 10.930582 100.000000
1920 1.430680 10.281222 100.000000
410 5.477777 18.304556 0.000000
6403 6.278038 18.367677 0.000000
2900 100.000000 19.019290 51.545768
7558 100.000000 18.638018 55.822129
3636 100.000000 15.298824 53.980549
712 85.838749 0.000000 56.233277
12785 82.516780 0.000000 3.296933
537 81.575636 0.000000 4.394934
9587 5.043192 0.000000 78.269097
7990 29.000599 100.000000 88.685850
6118 27.642982 100.000000 89.418718
10399 100.000000 38.085373 2.351216
9299 88.138349 47.270723 0.000000
9835 89.582408 49.565977 0.000000
10088 89.820261 46.585652 0.000000
7072 100.000000 60.180025 61.368700
24 96.096388 0.000000 43.895074
1134 46.027152 100.000000 67.797899
1525 47.585819 100.000000 72.029810
1347 49.361845 14.427644 0.000000
1346 48.403759 13.690213 0.000000
1592 48.851649 16.039395 0.000000
9912 21.126761 0.000000 0.000000
12649 21.085007 0.000000 2.555119
12643 20.403434 0.000000 2.127748
5522 21.626831 0.000000 4.026635
12650 21.728975 0.000000 1.868256
1391 17.750842 78.153216 0.000000
1389 18.144302 80.021470 0.000000
1390 19.049615 79.076969 0.000000
7368 81.603038 53.642368 0.000000
6292 91.419604 0.000000 3.204793
4979 61.991801 77.965827 100.000000
2380 62.194955 73.789564 100.000000
5343 18.229188 100.000000 7.370857
3791 100.000000 80.594588 25.310982
6982 100.000000 78.057762 25.359748
6983 100.000000 79.459875 22.209057
6455 62.164400 55.686829 100.000000
1768 60.453991 53.398219 100.000000
6454 61.920839 51.145615 100.000000
744 34.192271 71.273549 100.000000
9470 7.001079 88.596736 100.000000
5867 53.309984 36.872891 0.000000
6098 54.364047 35.238934 0.000000
5868 52.887708 34.111270 0.000000
1256 98.591549 0.000000 0.000000
5822 97.183099 0.000000 0.000000
951 1.748913 23.583426 0.000000
3125 1.193762 23.969289 0.000000
7890 12.299543 80.215918 0.000000
7248 10.926194 81.206736 0.000000
5401 21.836044 25.453411 0.000000
4784 20.325432 26.658966 0.000000
6011 51.637718 86.894333 0.000000
2906 52.183428 90.588816 0.000000
1665 100.000000 11.414678 93.483027
2774 100.000000 14.166883 92.615377
8867 34.435169 42.392133 0.000000
1212 36.790566 93.236639 0.000000
5550 100.000000 51.239231 37.505811
5552 100.000000 53.866024 35.950616
2048 30.131852 100.000000 63.088964
2364 49.943019 11.978574 100.000000
9564 50.099043 15.678683 100.000000
7151 87.623570 0.000000 47.924114
7153 89.217665 0.000000 48.844972
5888 49.133293 25.507336 0.000000
1042 48.394352 23.312622 0.000000
2386 76.158091 0.000000 74.204623
7503 74.813673 0.000000 72.206159
8355 21.392220 100.000000 85.114980
10572 19.767030 100.000000 86.352579
9189 20.620580 100.000000 88.556174
6120 95.264226 100.000000 3.962377
1370 32.033348 0.000000 10.838663
8067 0.000000 13.307243 26.668517
5123 0.000000 0.000000 66.666667
7434 0.000000 0.000000 63.333333
10356 0.870290 0.000000 64.280440
5621 30.668732 100.000000 57.696134
2049 29.691799 100.000000 60.121288
2010 16.251997 45.519463 100.000000
7205 15.174853 48.949347 100.000000
7156 100.000000 63.131812 24.967813
12792 1.426229 1.019207 100.000000
5682 3.973284 0.000000 44.820401
5228 3.205370 0.000000 42.425730
5711 43.597144 84.543710 100.000000
5712 44.464151 80.607887 100.000000
2173 46.253373 85.617198 100.000000
7923 98.571788 34.735067 0.000000
7924 97.545942 30.642685 0.000000
1092 21.264803 100.000000 42.647019
2416 20.307898 100.000000 43.100392
6560 21.098092 100.000000 45.182504
5734 3.807977 32.963678 0.000000
4891 3.745390 34.487546 0.000000
313 4.458247 33.305766 0.000000
9729 50.409665 28.939246 0.000000
6318 49.611713 30.237801 0.000000
7458 50.868320 30.986364 0.000000
2709 68.955738 78.367029 100.000000
1016 74.504397 17.394443 100.000000
4088 100.000000 95.805459 61.414297
2082 74.750694 83.851233 100.000000
5645 56.875058 64.882130 0.000000
9751 45.803029 63.011825 0.000000
1771 7.243707 78.734033 0.000000
1772 8.926991 78.047380 0.000000
1773 7.340828 76.701746 0.000000
5811 80.929054 0.000000 60.731120
2836 83.046335 0.000000 81.876334
1452 82.575860 0.000000 84.413659
4038 75.964805 0.000000 35.858743
8112 79.041874 0.000000 65.562169
9001 80.508629 0.000000 66.162806
6631 79.733301 0.000000 68.490754
9270 100.000000 48.482507 43.199297
3960 95.340401 67.478404 0.000000
3961 96.925352 67.275449 0.000000
9676 0.000000 48.873570 32.844308
1640 0.000000 49.965313 24.044337
1209 19.761717 100.000000 26.218062
7493 17.108082 8.096975 100.000000
10096 13.076355 0.000000 27.800321
7162 11.886516 0.000000 26.407942
10129 12.979125 70.555791 100.000000
10128 12.930560 72.404610 100.000000
9562 11.602166 71.422432 100.000000
6769 54.714025 0.000000 34.965340
3943 47.856428 39.701810 100.000000
2948 27.521062 0.000000 80.726713
4065 28.400867 0.000000 82.257947
163 34.640365 0.000000 50.413664
5117 100.000000 78.006439 66.000306
5745 100.000000 77.923917 61.361263
6947 100.000000 81.040743 63.770018
2847 65.017846 73.536252 0.000000
2789 66.674267 73.063229 0.000000
705 79.166667 0.000000 100.000000
2102 80.555556 0.000000 100.000000
8874 100.000000 71.081980 1.644104
3903 100.000000 70.967742 0.000000
7363 100.000000 74.193548 0.000000
1433 71.466720 100.000000 36.277577
10203 72.009590 100.000000 40.536053
12714 94.547321 97.821267 0.000000
12715 93.621167 98.443806 0.000000
9968 21.735175 72.135509 0.000000
7895 20.539632 74.018595 0.000000
2492 86.806681 32.744564 100.000000
3492 18.504275 100.000000 97.173907
4849 5.353826 100.000000 79.725160
5332 24.747247 72.821154 0.000000
1306 24.445179 74.975105 0.000000
6495 34.577154 0.000000 59.834878
6582 25.413358 100.000000 39.389557
9416 2.713864 100.000000 57.559314
8966 100.000000 2.034021 30.662717
5770 100.000000 0.000000 32.258065
3106 62.076693 0.000000 71.885106
5670 57.439608 0.000000 34.384218
5671 58.528332 0.000000 36.017678
1213 34.903741 93.462270 0.000000
9780 85.721658 64.108277 0.000000
4668 0.000000 34.615385 0.000000
12587 0.000000 33.746774 5.024514
12588 0.000000 35.172129 4.237435
5217 21.853203 9.192555 0.000000
2516 0.000000 17.959098 38.483662
7439 0.000000 20.462815 34.923943
4433 69.087955 81.344066 0.000000
3188 100.000000 3.186429 36.143505
7596 100.000000 2.544618 33.132836
8944 100.000000 5.550641 33.543685
2362 49.650559 8.974951 100.000000
2431 48.671213 6.524501 100.000000
4795 50.138670 6.447663 100.000000
2772 71.187986 0.000000 94.389446
3140 70.480426 0.000000 92.170578
545 1.797671 34.968821 0.000000
1788 63.577588 0.000000 30.591827
1787 63.210186 0.000000 34.601413
7243 15.159061 100.000000 90.643683
9403 13.590569 100.000000 91.248991
4035 22.369180 13.575401 0.000000
2418 22.107872 11.271446 0.000000
4034 21.015430 12.957915 0.000000
7971 46.036513 43.557179 100.000000
8135 0.000000 7.078204 48.456176
1710 0.000000 8.493937 44.042755
723 73.025428 76.015628 0.000000
2000 71.352015 73.815682 0.000000
6237 4.923448 5.452484 100.000000
5211 0.000000 43.075740 56.003736
5098 80.739964 83.176565 0.000000
3708 78.794724 81.386891 0.000000
5061 14.654361 100.000000 48.850339
2515 13.618723 100.000000 47.042728
3422 0.000000 94.668825 69.971907
3423 0.000000 93.122886 75.583661
3421 0.000000 94.599767 77.803485
7907 75.460868 82.344948 0.000000
2156 74.874872 78.044660 0.000000
722 73.343539 79.837678 0.000000
2157 76.837955 79.780904 0.000000
3709 77.540516 83.539511 0.000000
2263 100.000000 34.675831 16.501069
4830 96.223497 0.000000 59.836204
2905 100.000000 55.411500 30.879988
4204 100.000000 58.533631 30.559796
6528 100.000000 53.994849 33.331989
804 18.543335 67.623551 100.000000
805 17.206748 67.163940 100.000000
803 18.172206 65.783434 100.000000
6851 10.963164 85.895259 100.000000
9597 11.278269 87.518263 100.000000
3912 0.587461 36.035643 100.000000
9683 0.599063 37.433735 100.000000
9349 0.000000 37.735849 100.000000
3424 100.000000 38.172514 25.771104
6976 100.000000 35.344930 27.195058
6977 100.000000 35.976451 24.693114
1206 41.487928 100.000000 67.034882
5980 16.507181 82.637271 100.000000
9451 79.363064 0.000000 7.728508
6477 100.000000 91.281753 57.291686
6478 100.000000 93.663750 59.161362
9709 38.401582 89.608521 0.000000
6206 36.317712 90.224476 0.000000
2123 35.647521 80.449173 100.000000
7081 33.924802 79.028427 100.000000
8843 0.000000 66.996328 64.895662
8752 10.374423 18.702653 0.000000
2027 6.821691 85.134350 0.000000
2028 8.903941 85.948386 0.000000
7755 33.238778 2.014090 0.000000
5806 5.633803 0.000000 0.000000
5756 7.042254 0.000000 0.000000
12651 5.858026 0.000000 2.297583
9923 100.000000 20.011844 7.751266
4803 100.000000 18.337347 7.400946
1691 18.404920 80.169226 100.000000
7468 19.950685 79.638403 100.000000
8926 68.993815 100.000000 30.716577
6636 68.590965 100.000000 25.682125
4566 16.936667 9.447390 0.000000
5090 17.352578 11.373512 0.000000
5869 18.284725 9.886577 0.000000
6616 94.600047 40.612409 100.000000
6617 92.847623 36.407370 100.000000
10393 94.668434 36.140215 100.000000
5749 100.000000 2.662957 51.939332
5960 100.000000 4.926074 48.995992
6234 100.000000 5.933818 52.309347
9369 100.000000 49.396022 89.192934
10523 99.115709 31.623639 0.000000
9265 100.000000 35.483871 0.000000
4182 98.779653 100.000000 87.752956
3165 9.264940 22.270788 100.000000
3599 6.100428 100.000000 91.492213
2596 26.388889 0.000000 100.000000
7601 24.852062 1.581883 100.000000
7757 25.000000 0.000000 100.000000
1331 0.000000 41.713799 81.289625
4049 0.000000 41.835064 75.384962
6035 47.329133 0.000000 39.564938
9169 48.409893 0.000000 40.577045
7259 47.399018 0.000000 42.499930
8211 18.031553 69.644474 100.000000
5689 16.083836 68.569799 100.000000
2148 17.175548 0.000000 39.218665
2147 15.959784 0.000000 40.200986
2783 93.777579 100.000000 57.878745
4227 95.226231 100.000000 59.336364
9309 95.003404 100.000000 54.960787
9297 12.706836 35.110179 100.000000
7746 11.557598 33.492734 100.000000
9622 13.055739 32.163854 100.000000
7299 91.744015 72.405787 0.000000
6774 92.148848 74.898112 0.000000
7889 92.963030 73.347520 0.000000
1721 9.616085 0.000000 40.583914
1719 10.988118 0.000000 39.442575
1720 10.425340 0.000000 42.053897
1616 77.350869 0.000000 20.539284
7078 3.515923 2.981970 100.000000
10381 10.371471 13.214594 100.000000
3743 10.948590 11.777302 100.000000
1659 22.204015 0.000000 54.349819
9974 3.831952 0.000000 22.432568
9329 96.807189 26.815700 0.000000
7838 98.576525 27.589891 0.000000
2304 97.729597 23.900045 0.000000
5813 53.491092 0.000000 77.497056
1711 52.669054 0.000000 79.599273
7445 100.000000 89.791098 21.566288
1626 100.000000 87.129769 26.892701
1628 100.000000 86.436764 21.979802
761 31.174196 60.158739 0.000000
1126 43.976745 39.639562 0.000000
2167 44.606111 72.551847 0.000000
3652 42.723277 70.721111 0.000000
2225 20.268085 48.406956 0.000000
42 18.830886 46.451149 0.000000
44 18.236143 49.178105 0.000000
3012 93.361824 100.000000 34.874390
4528 92.064889 100.000000 40.197638
3332 26.148482 0.000000 77.222421
7830 25.102222 0.000000 75.894918
8552 37.739759 100.000000 41.615834
8149 36.464984 100.000000 39.802751
12888 36.517609 100.000000 42.259028
8150 35.703860 100.000000 43.587895
12889 35.829583 100.000000 41.581139
8102 54.214401 0.000000 62.448323
5925 40.627590 38.333498 100.000000
8510 1.993491 30.559195 100.000000
5828 1.414321 30.197520 100.000000
8285 30.827626 27.885410 0.000000
10092 29.261351 28.817163 0.000000
754 100.000000 30.483356 25.106895
1470 85.185185 100.000000 100.000000
9712 59.482565 71.200391 0.000000
1229 60.391833 75.011212 0.000000
1992 61.695603 71.913952 0.000000
5857 21.556080 0.000000 77.221963
5493 43.691293 0.000000 25.372649
9302 44.809524 0.000000 27.720780
6533 43.321870 0.000000 29.056367
54 84.294013 0.000000 92.156576
56 82.858964 0.000000 92.350188
5312 83.213224 0.000000 89.652623
6075 58.414456 4.069610 0.000000
6274 58.442309 1.695844 0.000000
1217 57.324825 1.909883 0.000000
5631 100.000000 46.663255 77.197057
8553 0.000000 37.005775 63.457805
4888 0.000000 38.384956 59.942745
6993 0.000000 36.635579 57.043012
7606 79.158259 0.000000 55.455285
5046 80.635453 0.000000 57.282320
964 50.216684 13.834925 0.000000
10063 50.209192 11.615755 0.000000
1345 49.321735 12.569402 0.000000
6279 80.260483 9.842310 100.000000
4628 44.749670 0.000000 19.035763
10527 46.207505 0.000000 19.511611
3812 43.249230 100.000000 12.795554
164 33.274969 0.000000 49.869673
9173 32.905454 0.000000 46.524748
3515 9.440692 0.000000 53.248133
6849 50.949627 48.617786 0.000000
10481 54.114420 46.268486 100.000000
1606 28.657204 0.000000 63.945372
454 27.675649 0.000000 61.930970
4643 0.000000 1.886792 100.000000
7453 68.239292 54.090919 0.000000
7454 68.066387 56.746228 0.000000
7339 0.000000 30.405494 50.076996
38 0.000000 30.022740 43.090662
2866 97.008780 46.350201 0.000000
2867 95.708719 43.599197 0.000000
2868 95.224802 46.268517 0.000000
7120 72.083498 12.126142 100.000000
8049 72.648548 8.626942 100.000000
1017 73.549330 12.991089 100.000000
5173 50.467231 50.332455 100.000000
4674 0.000000 15.384615 0.000000
8905 97.141492 85.489899 0.000000
3573 98.421854 88.837655 0.000000
3572 98.612214 84.879378 0.000000
2018 95.900966 0.000000 16.740104
9811 100.000000 12.939712 80.826654
3255 100.000000 11.122863 77.957246
3005 100.000000 83.560303 73.838472
7382 100.000000 81.548468 69.192560
1684 100.000000 85.432313 70.762533
7604 16.734587 66.237255 0.000000
6681 18.012086 67.488680 0.000000
7996 100.000000 100.000000 47.826087
1150 100.000000 97.816717 50.278170
4427 3.614121 1.385099 100.000000
6549 4.166667 0.000000 100.000000
750 4.998809 1.243385 100.000000
9540 0.000000 0.000000 56.666667
3322 100.000000 15.124224 6.239709
3324 100.000000 16.587934 7.753591
8163 100.000000 13.766139 8.080899
7913 86.049394 22.339720 100.000000
1238 84.161550 20.168693 100.000000
1382 75.652566 0.000000 3.955159
5352 94.647570 64.690870 0.000000
5027 88.560782 29.580636 100.000000
4315 57.561398 33.338747 0.000000
4314 55.810492 30.835464 0.000000
7210 55.701123 34.057735 0.000000
4033 7.405809 19.902016 100.000000
1519 6.568463 19.708743 100.000000
2190 7.279010 18.236356 100.000000
4278 100.000000 87.841841 34.938055
9144 100.000000 89.011929 30.753305
4277 100.000000 90.073045 33.725389
3559 8.474576 100.000000 0.000000
3613 0.000000 42.077296 65.046225
6781 0.000000 40.707141 65.842519
3304 0.000000 41.916407 69.966275
5649 18.057843 94.858486 100.000000
3862 20.050877 100.000000 94.441833
4328 21.631674 100.000000 91.156971
6443 15.662244 100.000000 34.366575
8564 16.572012 100.000000 35.309279
8960 0.000000 46.304962 50.253359
10565 5.114063 14.861025 0.000000
8918 33.332285 0.000000 21.783107
7345 33.941555 0.000000 19.423428
357 82.164025 15.285508 100.000000
7171 42.992910 15.113993 100.000000
10110 15.785381 25.453299 100.000000
5026 89.057202 26.712233 100.000000
7012 52.934171 46.389283 0.000000
8736 53.733024 47.938752 0.000000
1237 83.776304 24.571271 100.000000
7131 3.040629 16.750138 0.000000
8714 3.025640 15.399514 0.000000
5471 67.992989 0.000000 81.033564
5052 14.319050 10.764059 0.000000
1959 12.968389 11.518183 0.000000
7902 100.000000 76.269808 3.270095
1971 54.304125 42.359381 0.000000
7582 21.051460 5.317106 100.000000
4576 20.417355 3.777721 100.000000
6746 74.305581 66.507111 0.000000
4420 73.306007 68.270401 0.000000
6745 74.859766 69.396782 0.000000
8881 0.000000 9.726514 63.483692
8882 0.000000 12.185062 64.585985
8883 0.000000 11.002398 60.455315
1704 15.624509 2.408591 0.000000
2606 96.690582 100.000000 56.674793
4229 96.730463 100.000000 60.413226
788 0.000000 89.587204 87.328712
4993 30.268841 19.602790 0.000000
9419 30.349199 17.241696 0.000000
3036 29.112321 18.510866 0.000000
2951 5.716789 26.176217 0.000000
5394 67.536779 72.875843 100.000000
5291 66.866820 70.004279 100.000000
6724 68.558150 0.000000 10.198575
6725 69.185555 0.000000 6.639127
5459 0.000000 44.438868 33.362258
9874 14.548871 100.000000 10.999487
9734 14.682995 100.000000 7.065190
9873 13.122271 100.000000 7.420097
5793 25.085479 11.559231 0.000000
7202 7.604667 87.205283 0.000000
885 13.097185 100.000000 88.646100
6948 8.869170 30.153785 0.000000
6483 23.040609 0.000000 40.053348
6482 22.152039 0.000000 42.874445
3364 21.667245 0.000000 39.905896
5530 69.145038 100.000000 86.611111
8266 70.254815 100.000000 89.923689
9307 62.129560 100.000000 62.072376
2949 27.081340 0.000000 83.471743
7133 58.979180 100.000000 70.942167
9258 60.504471 100.000000 66.459739
7378 55.224666 28.931662 100.000000
7724 97.640982 12.372617 0.000000
880 97.890925 16.704926 0.000000
5853 100.000000 56.067882 2.724835
10373 100.000000 59.782562 2.165143
5824 100.000000 58.629646 4.801436
1109 8.306585 27.635845 100.000000
5855 7.268313 55.726388 0.000000
7240 26.050212 80.558874 100.000000
10342 3.108092 0.000000 58.513074
2628 1.978194 0.000000 60.209654
9552 7.992893 74.479970 100.000000
4195 0.000000 43.397885 17.985559
6388 0.000000 42.099928 12.820033
6389 0.000000 41.088682 20.266273
7374 96.033905 57.168947 0.000000
8940 97.657846 0.000000 53.475245
2585 98.802164 0.000000 55.666838
2584 97.662504 0.000000 56.446163
234 100.000000 74.355917 37.705892
7304 60.063506 0.000000 53.385139
1552 40.373763 40.016962 0.000000
4213 41.929059 42.689612 0.000000
1125 42.396617 39.835780 0.000000
4716 23.759648 0.000000 80.575609
9373 47.408148 100.000000 43.540674
8133 0.000000 98.093308 20.958252
1980 0.000000 100.000000 12.500000
12753 0.000000 98.939144 11.219027
6235 100.000000 3.240868 55.256143
4407 100.000000 0.000000 58.064516
4659 77.063061 92.236373 0.000000
4658 77.701026 89.116384 0.000000
7337 22.838186 40.623535 0.000000
5208 22.511680 37.805196 0.000000
4351 31.595267 93.568437 100.000000
9363 42.103559 15.771442 0.000000
241 43.114137 14.073740 0.000000
1422 24.627446 52.924615 0.000000
7613 25.901102 54.685013 0.000000
6221 26.703708 52.916839 0.000000
6489 49.245755 0.000000 23.926283
3316 16.968875 21.822061 0.000000
2390 88.691473 86.332067 0.000000
8587 90.466591 87.300682 0.000000
320 89.694777 84.252668 0.000000
2881 11.749260 21.940116 0.000000
2880 11.534163 20.285278 0.000000
2378 40.098221 0.000000 98.312830
1408 40.277778 0.000000 100.000000
9664 100.000000 89.371126 88.485709
2886 92.178829 100.000000 18.431447
5988 100.000000 75.170344 46.310411
3045 79.629630 100.000000 100.000000
9920 3.079284 25.209068 0.000000
2664 2.587253 26.546626 0.000000
12 7.251615 4.830305 0.000000
10318 78.299550 100.000000 72.102134
9934 77.752076 25.736966 0.000000
5037 76.429810 26.825206 0.000000
5469 78.049934 29.116190 0.000000
10308 0.000000 32.710062 52.133431
36 0.000000 32.241368 45.359639
6798 84.500884 0.000000 75.843792
9808 85.759815 0.000000 78.332378
9140 84.495128 0.000000 79.087796
8264 34.420357 0.000000 72.456228
7149 35.743391 0.000000 71.362603
3879 35.417906 0.000000 74.666631
1319 80.957718 62.348321 100.000000
4232 7.858936 14.713489 0.000000
6017 8.541907 15.612120 0.000000
7456 81.776803 61.009605 100.000000
7384 80.415733 59.398459 100.000000
6700 13.764509 16.810375 0.000000
392 14.495297 15.463693 0.000000
4131 78.755120 57.090788 0.000000
2875 21.547213 5.239656 0.000000
172 12.034297 68.469443 0.000000
3024 4.859852 24.084162 100.000000
7779 4.108690 24.896640 100.000000
9890 4.421314 22.851813 100.000000
8052 0.000000 31.069239 57.970180
6943 29.817343 100.000000 23.529461
5905 31.292601 100.000000 24.354115
9944 25.175479 2.290901 0.000000
9253 23.914377 4.063726 0.000000
8700 0.000000 38.171348 53.797345
2549 3.201340 33.872792 0.000000
2550 2.820902 33.047990 0.000000
2551 2.520563 34.523449 0.000000
7877 100.000000 86.059815 47.914761
7876 100.000000 83.746483 45.161462
5746 100.000000 75.053194 59.011913
3931 100.000000 72.331423 56.832043
782 83.308377 100.000000 6.457581
1940 81.719349 100.000000 8.674012
6799 83.265421 0.000000 77.418064
5634 81.221707 0.000000 37.835569
2293 19.307906 8.329738 0.000000
8240 17.263982 82.629715 0.000000
10149 18.776589 82.152976 0.000000
1682 16.963858 81.018905 0.000000
2443 14.642664 91.595066 0.000000
8729 13.265787 89.182410 0.000000
10285 12.500103 91.144459 0.000000
4493 8.067214 78.568662 100.000000
4492 8.201616 80.190198 100.000000
2960 6.713976 79.522391 100.000000
1948 0.000000 58.902963 22.109013
1950 0.000000 59.821857 27.054743
6941 29.237119 100.000000 27.096560
7308 5.448997 12.665256 0.000000
12866 100.000000 40.383252 53.030668
2877 22.759697 5.654127 0.000000
1804 16.948634 78.442053 100.000000
2970 31.610858 49.151414 100.000000
923 32.075939 52.248997 100.000000
1288 30.472879 51.097722 100.000000
10265 100.000000 71.540437 77.118022
8351 100.000000 68.576883 76.176235
8350 100.000000 70.369667 73.601541
6727 0.000000 98.076923 0.000000
12762 0.000000 96.694919 3.907806
12754 0.000000 97.627375 5.022132
3512 42.214717 6.843183 0.000000
5542 18.956807 0.000000 84.425077
1484 53.847139 0.000000 96.871478
113 54.166667 0.000000 100.000000
5758 52.777778 0.000000 100.000000
6444 6.135071 81.453217 100.000000
7910 7.715626 81.502366 100.000000
10112 7.296540 83.216753 100.000000
10074 100.000000 37.970763 15.493019
468 30.258108 75.773509 0.000000
9162 28.359236 76.759285 0.000000
6283 39.037799 8.346579 0.000000
7176 38.896937 5.768543 0.000000
8282 20.080967 77.331389 100.000000
4418 0.000000 71.628464 25.677305
4681 50.181020 42.754782 0.000000
3306 0.000000 47.169811 100.000000
4464 13.382109 10.146055 100.000000
10295 12.572980 12.635963 100.000000
2377 38.888889 0.000000 100.000000
121 37.913122 2.968840 100.000000
2671 100.000000 98.164048 35.579419
10261 100.000000 23.878667 8.006207
3866 74.098346 95.472914 100.000000
6587 94.548006 5.403483 0.000000
9261 53.608076 57.107153 100.000000
4776 37.353150 21.071981 0.000000
1651 20.186045 0.000000 62.636787
6255 64.729181 100.000000 43.100736
4805 62.981697 100.000000 40.645185
4197 83.304464 0.000000 54.049890
7808 82.890862 0.000000 50.205750
7389 91.588894 0.000000 77.165307
2032 91.598876 0.000000 73.636765
846 92.972449 0.000000 75.974799
10564 54.545609 32.406563 100.000000
4139 13.610957 6.819990 0.000000
1055 38.719252 100.000000 17.158062
6635 37.370009 100.000000 18.049331
3693 0.000000 45.960802 32.520221
9927 0.000000 47.003460 33.378993
10521 0.000000 46.101570 28.829718
452 100.000000 11.243612 83.669267
1374 85.711590 0.000000 91.951769
8591 76.154779 0.000000 67.189007
4534 76.211388 0.000000 63.430685
8716 77.579575 0.000000 65.875098
10573 24.292787 38.455636 0.000000
9381 23.739054 35.679273 0.000000
7355 28.284674 100.000000 24.524866
10017 23.129650 0.000000 72.490680
1864 24.121044 0.000000 74.248413
858 100.000000 9.402927 43.174771
1638 100.000000 4.336994 39.380415
4932 100.000000 6.686322 36.610543
856 100.000000 8.034094 39.832065
2652 50.560509 38.334999 100.000000
7826 49.761946 38.689511 100.000000
1033 13.166322 100.000000 62.267826
390 15.674226 16.003108 0.000000
9859 32.440789 0.000000 31.114381
6128 31.001048 0.000000 32.851156
5753 12.455602 77.358984 100.000000
728 12.259725 79.274124 100.000000
1505 31.278623 0.000000 19.669058
512 29.955634 0.000000 21.107369
1135 30.196755 0.000000 17.218322
2845 4.645249 14.980361 100.000000
2846 5.430010 14.803557 100.000000
3775 4.359890 0.000000 88.059082
7726 5.426702 0.000000 85.904763
3776 5.836823 0.000000 88.787507
3211 88.158647 48.007884 100.000000
4851 89.543019 50.623429 100.000000
4318 74.812498 0.000000 11.076228
12589 0.000000 30.663236 5.002021
3405 25.181759 17.644056 100.000000
3403 25.709743 15.112446 100.000000
7099 28.247259 31.342384 100.000000
4121 85.403517 93.956678 0.000000
7166 84.104301 96.627484 0.000000
77 68.774630 6.324170 0.000000
76 67.530556 6.358123 0.000000
1099 68.329255 8.509833 0.000000
13 7.623908 6.684529 0.000000
7660 100.000000 89.089636 59.960126
5235 96.227829 0.000000 40.400423
8224 0.000000 40.384615 0.000000
12572 0.000000 38.905117 4.238309
12573 0.000000 40.223280 4.697965
9986 0.000000 41.245159 7.286597
12591 0.000000 41.181311 3.130587
1759 71.186796 0.000000 3.090495
4124 100.000000 57.660437 7.633995
2359 100.000000 60.959814 6.565249
7354 28.750511 100.000000 21.122661
3015 86.578841 84.908414 0.000000
8056 88.079444 82.903898 0.000000
5129 66.581754 57.354508 0.000000
2495 24.337468 20.919432 0.000000
9343 62.417727 0.000000 28.732585
2634 62.459032 0.000000 31.690256
5392 61.380758 0.000000 30.715425
8998 100.000000 36.522532 79.798559
808 100.000000 38.654827 79.146778
798 0.500680 14.000665 100.000000
10328 0.389720 11.966210 100.000000
12794 99.207666 96.192151 100.000000
8841 98.227738 95.326547 100.000000
2484 98.602928 92.890335 100.000000
365 36.356986 0.000000 77.131468
5579 19.897377 0.000000 45.477633
5578 20.806995 0.000000 42.684994
604 21.275097 0.000000 45.633196
8229 65.507707 36.343394 0.000000
4044 64.175051 34.745927 0.000000
4559 79.511688 65.416420 0.000000
8117 52.331251 38.238046 0.000000
1023 51.166598 37.462871 0.000000
1022 51.576889 39.150881 0.000000
1894 63.380282 0.000000 0.000000
1893 63.072618 1.754888 0.000000
800 64.296703 2.141251 0.000000
5963 96.654511 0.000000 54.198945
12920 96.816462 0.000000 52.227178
10460 6.525630 4.702653 100.000000
9439 5.572339 4.062102 100.000000
4123 43.761538 0.000000 79.597265
1991 42.063515 0.000000 79.300494
4122 42.855321 0.000000 75.942310
10343 3.083133 0.000000 61.950952
4268 93.793232 71.794260 0.000000
4710 94.142727 74.266222 0.000000
1826 95.095616 72.732883 0.000000
5591 27.985390 0.000000 59.352976
6367 41.266482 64.396645 100.000000
1495 42.447214 63.106235 100.000000
1494 42.536207 66.754599 100.000000
3742 11.926724 10.999338 100.000000
5843 86.711828 2.419676 100.000000
9959 81.113189 41.398521 0.000000
7953 80.300073 38.197947 0.000000
6914 79.416478 40.249957 0.000000
10332 86.155397 24.740357 0.000000
10053 84.369024 24.527598 0.000000
4399 85.469690 27.436511 0.000000
5835 46.575096 80.700498 100.000000
1685 100.000000 87.783612 67.790891
10464 100.000000 89.906679 64.573365
1717 100.000000 91.139809 69.383741
1379 60.563876 42.824076 100.000000
1378 59.914909 38.441951 100.000000
8422 99.111099 0.000000 36.892413
10114 98.866433 0.000000 39.273323
1637 100.000000 0.000000 38.709677
9553 100.000000 0.000000 41.935484
9184 100.000000 38.351158 29.450546
9316 12.893801 100.000000 23.165404
3237 11.619238 100.000000 20.415243
1333 100.000000 54.236775 66.039326
6104 10.059596 70.451546 100.000000
10070 35.675188 100.000000 28.872916
1464 34.018595 100.000000 29.494440
7319 34.988740 100.000000 32.918437
9076 15.085232 21.746948 0.000000
239 53.619466 39.767712 0.000000
238 54.703000 37.997650 0.000000
551 59.910697 34.379651 0.000000
1669 61.643427 36.737722 0.000000
1399 61.696463 33.805862 0.000000
8273 33.763292 0.000000 63.187512
7128 32.897306 0.000000 59.761851
3580 12.768189 17.076399 0.000000
351 46.037345 100.000000 38.723671
8919 48.489420 100.000000 38.266032
6057 23.372358 100.000000 92.155127
2747 20.844803 45.478756 0.000000
7087 59.174845 0.000000 47.182323
4042 65.321046 33.582120 0.000000
8195 18.305544 0.000000 19.260031
3379 16.682895 0.000000 20.691948
6229 0.000000 77.095296 39.177730
934 3.437671 19.605345 0.000000
3806 2.925052 20.824746 0.000000
1762 100.000000 25.507581 8.707248
8856 8.320364 17.041834 0.000000
4500 8.902450 18.428436 0.000000
7823 9.172671 16.711908 0.000000
3561 66.859036 12.996320 100.000000
8299 100.000000 31.073688 90.892088
8298 100.000000 29.686155 92.114717
9129 100.000000 37.084204 20.451046
10120 100.000000 36.590617 18.086874
2998 18.390202 73.646710 0.000000
6203 19.453798 71.662647 0.000000
3481 75.963528 0.000000 77.530335
821 11.826242 100.000000 64.597558
8570 90.027692 17.512981 100.000000
8569 89.455033 13.083785 100.000000
8290 91.349376 16.381022 100.000000
4542 100.000000 25.806452 0.000000
5993 25.263919 85.538872 0.000000
1591 24.470116 83.268318 0.000000
9004 97.614523 4.648973 100.000000
12565 98.297788 3.368131 100.000000
12679 98.959306 6.222335 100.000000
12680 98.676985 7.402138 100.000000
7600 83.176611 29.912891 0.000000
3232 0.000000 8.856237 60.214523
3230 0.000000 6.912421 58.524167
4067 26.911910 21.840298 0.000000
7214 100.000000 23.116144 89.537362
7215 100.000000 22.025091 87.847567
7213 100.000000 24.486791 88.082980
2711 68.792124 74.681948 100.000000
8201 15.240360 0.000000 59.639881
643 70.512223 58.801623 100.000000
8818 69.593347 55.616858 100.000000
6623 3.102600 12.621440 0.000000
9743 3.791834 12.277648 0.000000
3896 3.149026 11.068620 0.000000
10273 2.499132 11.616743 0.000000
4024 57.821264 6.545653 0.000000
4025 56.856656 3.953866 0.000000
7529 42.372881 100.000000 0.000000
6892 5.907915 5.734937 100.000000
959 0.607101 21.758036 0.000000
6939 1.229698 22.558076 0.000000
9066 1.298446 20.478772 0.000000
6188 6.682053 17.024927 0.000000
8994 21.371538 93.482794 0.000000
9667 0.000000 92.305940 51.121096
2320 0.000000 90.949266 52.880514
48 33.806741 100.000000 51.761103
1996 34.137974 100.000000 56.001518
8610 21.114396 42.416278 0.000000
7228 13.408895 86.979281 0.000000
7227 11.231093 87.041932 0.000000
7656 39.840065 49.764209 0.000000
4210 40.425259 53.223918 0.000000
7929 72.282075 0.000000 72.914847
8602 73.431549 0.000000 70.619208
6622 3.639693 13.637660 0.000000
9836 91.203892 49.235350 0.000000
5596 22.037088 35.424609 0.000000
2748 19.292301 43.743384 0.000000
3221 58.318581 68.122843 0.000000
3895 2.410716 10.018327 0.000000
9143 1.937884 10.764603 0.000000
7837 19.036364 48.165560 100.000000
3398 3.966126 100.000000 67.501874
3399 5.280251 100.000000 60.370508
3397 3.770670 100.000000 60.964332
10123 37.374134 83.255705 0.000000
1649 37.666826 80.909973 0.000000
3870 73.666210 100.000000 20.438526
6213 50.628054 79.748525 100.000000
8352 52.680057 79.953753 100.000000
8022 100.000000 12.154588 59.793209
12881 98.467204 76.629440 100.000000
2153 3.768237 2.827054 0.000000
2152 3.920426 1.488076 0.000000
2555 54.829819 0.000000 85.498717
8466 54.073202 0.000000 83.209010
6902 80.360632 27.034237 0.000000
6904 82.019938 26.983019 0.000000
10321 44.755699 20.648390 0.000000
10364 46.026720 20.578042 0.000000
4209 94.442505 0.000000 81.617959
3513 11.968073 26.011346 100.000000
1083 20.665869 65.456422 100.000000
8759 19.226302 64.515747 100.000000
1081 20.387994 63.227717 100.000000
8753 9.700439 19.310030 0.000000
4499 9.041258 19.903847 0.000000
7751 100.000000 92.083693 34.879421
7275 4.452851 0.000000 71.950025
8555 36.768161 0.000000 34.031115
8556 37.560938 0.000000 31.172781
8557 38.168933 0.000000 33.992401
9256 16.022625 100.000000 25.992933
5157 15.173847 100.000000 14.833181
7939 13.965120 100.000000 13.919649
4069 58.855107 4.894681 100.000000
5577 60.218221 6.739171 100.000000
4070 58.974517 8.737784 100.000000
6836 43.875968 0.000000 54.348004
3218 44.916704 0.000000 52.898501
3801 70.467811 100.000000 40.408678
3153 43.657140 38.195619 100.000000
5413 44.168134 34.896377 100.000000
8906 38.913272 0.000000 30.914093
9639 38.218562 0.000000 28.121110
1968 72.076473 0.000000 96.854363
3203 100.000000 30.827011 94.009717
6810 100.000000 28.361504 93.387499
242 44.002921 12.565316 0.000000
8613 36.068338 100.000000 95.144404
1358 100.000000 21.761587 90.944223
3472 100.000000 20.612492 89.364664
3076 100.000000 31.075978 88.975137
9411 94.822839 83.158340 0.000000
8921 96.064317 82.880712 0.000000
1454 13.418023 15.915184 100.000000
7707 100.000000 24.185654 91.157959
5159 16.062440 100.000000 12.909861
9017 30.544740 84.484311 100.000000
7847 74.537405 100.000000 9.698780
1733 23.142965 100.000000 14.458669
1731 23.870050 100.000000 10.549119
1732 22.144525 100.000000 11.064409
837 26.281737 2.236256 100.000000
666 24.664575 4.460235 100.000000
4981 77.271814 40.656386 0.000000
8828 84.268956 0.000000 29.051924
2482 81.968260 70.811735 0.000000
2481 83.125195 71.842647 0.000000
6731 83.033681 69.640742 0.000000
6136 100.000000 75.289607 90.894465
6657 83.294376 70.904838 100.000000
2226 0.000000 63.635662 88.731054
4748 0.000000 62.235928 93.948037
3648 22.605842 68.735621 100.000000
8486 24.274577 69.774971 100.000000
6138 68.120323 0.000000 95.063091
8205 47.539608 20.696770 0.000000
10279 46.845058 23.223292 0.000000
1518 6.336228 18.016699 100.000000
1517 5.683754 19.628310 100.000000
4878 33.486751 0.000000 34.145088
9833 34.131969 0.000000 30.445427
10456 0.000000 100.000000 25.000000
8404 69.906990 72.784252 100.000000
1978 51.954433 35.883735 0.000000
619 77.478935 17.520883 100.000000
9702 16.177031 91.209191 0.000000
6559 15.287540 89.827317 0.000000
581 67.918578 61.594329 100.000000
84 11.665932 25.906208 0.000000
8910 1.987544 66.821883 100.000000
2667 3.583145 42.144514 0.000000
10185 4.730316 42.327434 0.000000
2436 4.671477 40.210240 0.000000
2479 77.180286 45.902165 0.000000
6697 9.600715 11.686098 0.000000
8586 8.750904 10.971911 0.000000
2528 27.373431 100.000000 76.169911
2434 5.569464 38.255758 0.000000
2645 61.495217 81.471461 100.000000
8817 70.302650 52.886768 100.000000
8894 68.737763 51.915444 100.000000
538 80.281690 0.000000 0.000000
9512 68.838442 84.926988 0.000000
9529 70.692568 84.886538 0.000000
4380 83.317718 33.530558 100.000000
250 81.433663 33.811903 100.000000
6940 27.512173 48.492361 100.000000
3934 25.526032 47.733359 100.000000
6183 27.052964 45.389371 100.000000
1419 2.917230 86.166140 100.000000
2693 92.076153 100.000000 13.504555
10087 37.532655 0.000000 64.533845
4996 36.859465 0.000000 67.078002
8655 81.094412 32.610303 0.000000
7870 2.836524 100.000000 83.704085
7472 4.079023 100.000000 86.481885
7527 3.994747 76.821316 100.000000
5580 71.126799 100.000000 5.544768
7794 71.186441 100.000000 0.000000
9800 69.491525 100.000000 0.000000
5559 4.659020 2.694555 100.000000
5112 9.403066 24.535935 0.000000
5111 10.541422 24.876040 0.000000
5132 10.050476 23.361508 0.000000
6425 100.000000 86.835530 62.900463
1528 8.333333 0.000000 100.000000
9895 87.820341 9.062899 0.000000
4844 0.000000 8.854624 8.101265
1880 14.331960 100.000000 97.298913
3250 14.814815 100.000000 100.000000
215 100.000000 60.431528 43.431582
214 100.000000 58.306051 40.431060
4245 84.318035 72.836837 100.000000
4244 83.513771 74.109179 100.000000
953 67.434352 0.000000 23.993378
955 66.274330 0.000000 26.598730
5118 100.000000 77.981366 70.483717
4964 16.316527 100.000000 92.057493
4850 5.712171 100.000000 85.674324
9435 10.228264 100.000000 17.711183
3025 10.057188 100.000000 12.957397
7640 8.629473 100.000000 14.411354
4165 24.243156 100.000000 61.514923
8281 23.250280 100.000000 60.059661
9816 37.383006 0.000000 37.119897
404 36.556821 0.000000 40.524370
2597 25.987073 0.000000 97.123167
5316 59.626664 55.697046 0.000000
6485 59.578245 59.461215 0.000000
7224 100.000000 65.908249 44.820431
5601 100.000000 68.973443 46.823618
3626 100.000000 65.479258 49.554010
2227 0.000000 63.043138 80.258838
4595 0.000000 62.250365 72.388650
4594 0.000000 61.360427 80.040626
3777 4.877276 0.000000 91.874500
1052 46.539783 41.066865 0.000000
1051 45.351822 39.161152 0.000000
7326 44.426321 0.000000 75.485681
2988 90.086296 0.000000 78.298450
2987 90.148357 0.000000 82.211374
9499 88.545454 0.000000 79.597943
10300 33.632110 0.000000 69.799371
10193 34.858741 0.000000 69.680221
7666 15.947496 0.000000 87.456608
5508 16.941291 0.000000 87.493025
7665 16.507354 0.000000 89.747073
3003 100.000000 85.328678 77.608976
5215 100.000000 87.270121 81.191632
10171 100.000000 84.263666 81.021976
9822 23.437396 0.000000 33.900459
745 24.945581 0.000000 34.115677
12795 98.011494 97.275083 100.000000
6912 4.435769 0.000000 56.114972
6526 4.390418 0.000000 60.214382
9047 7.039587 0.000000 77.737680
10269 100.000000 49.131621 17.975960
2700 5.244114 6.952238 100.000000
6638 14.891974 78.239318 0.000000
1683 16.527605 79.132856 0.000000
3612 16.115268 77.226743 0.000000
8335 8.929544 76.170850 0.000000
12592 0.000000 24.004195 3.558031
1057 0.000000 22.466256 5.490202
5479 55.918775 45.746933 0.000000
5480 57.249226 46.599771 0.000000
1515 56.715255 44.434881 0.000000
6733 34.123886 90.767341 0.000000
1105 43.432778 49.173423 100.000000
8090 91.074153 79.562601 100.000000
6673 91.044180 82.614801 100.000000
2150 54.548146 18.630479 0.000000
1702 7.216611 0.000000 81.551440
548 82.532176 0.000000 9.111135
2869 95.640726 100.000000 34.559296
43 16.615069 47.143758 0.000000
4104 72.302126 19.047775 0.000000
6865 36.345390 100.000000 15.597465
6640 61.156563 46.783908 100.000000
9739 69.218652 0.000000 50.334349
4308 11.605467 89.512605 100.000000
7077 4.371875 4.156628 100.000000
8323 10.286314 0.000000 75.668381
9863 76.934614 74.918377 100.000000
7632 22.151780 66.308870 100.000000
9849 3.362353 0.000000 47.814298
7187 2.530800 0.000000 45.475876
3111 15.721304 77.048682 100.000000
10498 100.000000 47.045991 3.516658
6343 71.202879 44.258776 100.000000
4192 0.000000 29.295930 22.486539
7512 10.142056 35.054155 100.000000
8492 10.201024 37.357923 100.000000
8567 59.574702 45.226860 100.000000
6967 100.000000 68.233233 19.942059
6966 100.000000 65.989969 19.068989
9404 70.898779 70.383005 100.000000
8791 55.428279 0.000000 53.309312
2914 25.707104 0.000000 10.868557
6064 26.997540 0.000000 12.286700
4331 2.470456 16.484919 100.000000
4332 2.999675 16.825735 100.000000
4330 2.624587 18.008001 100.000000
3138 100.000000 8.119982 59.250103
2303 15.109287 27.465816 0.000000
831 15.987443 25.555293 0.000000
6226 14.667866 25.491795 0.000000
1157 85.800977 0.000000 65.740501
3451 65.422142 88.744405 0.000000
3452 63.721898 87.258467 0.000000
1190 100.000000 14.161132 10.933793
1796 100.000000 11.071984 9.574803
9903 18.634342 100.000000 39.227596
7496 19.359679 100.000000 37.395232
9226 18.407979 100.000000 36.654171
2365 20.401597 100.000000 37.764234
2366 20.854619 100.000000 40.456804
10522 0.000000 39.358893 18.845952
10209 0.000000 40.269897 13.764946
2788 66.790235 69.968061 0.000000
32 31.205070 100.000000 14.489775
2804 30.477178 100.000000 17.766798
2821 78.650455 14.888755 0.000000
6500 75.347148 0.000000 44.909406
6516 74.579624 0.000000 42.779199
2828 90.335932 77.595928 0.000000
6021 91.330547 76.438986 0.000000
7255 0.000000 32.873893 15.923148
7850 0.000000 30.988585 16.382914
3186 28.994651 100.000000 53.471923
1775 14.626601 100.000000 87.761658
9243 100.000000 7.962557 7.903670
1795 100.000000 8.342826 11.205322
7346 34.055654 0.000000 16.766839
7344 34.973410 0.000000 18.451082
1927 75.361803 5.263366 0.000000
2251 74.319692 2.665557 0.000000
9457 68.071859 62.866477 0.000000
6889 66.656844 0.000000 94.596627
3460 22.425291 100.000000 55.439729
2936 34.505832 47.605469 100.000000
6097 32.684751 46.744563 100.000000
3946 33.828889 44.004041 100.000000
9858 66.809943 0.000000 44.912518
2805 29.842738 100.000000 20.268655
828 76.165149 100.000000 38.870657
6907 77.506998 100.000000 42.982689
4769 55.779406 83.239827 0.000000
4768 57.392589 85.899361 0.000000
2771 69.704299 0.000000 94.475076
7569 7.976343 0.000000 65.510753
4360 71.029490 53.536437 0.000000
8198 89.650663 82.484794 100.000000
6355 89.859764 79.777227 100.000000
1000 15.254237 100.000000 0.000000
998 16.738434 100.000000 2.617695
999 16.949153 100.000000 0.000000
8538 70.197395 24.604631 100.000000
5304 69.698302 29.081339 100.000000
8539 68.474771 25.083175 100.000000
9809 68.802303 49.673682 0.000000
6554 67.447975 49.105197 0.000000
2115 0.000000 45.576233 32.448337
2113 0.000000 45.560781 31.058371
4564 15.596041 10.000006 0.000000
4207 94.679799 0.000000 84.315059
10291 20.444106 35.209064 0.000000
3549 25.591870 0.000000 26.833336
6687 23.740124 0.000000 27.164955
1558 24.528822 0.000000 23.528073
3617 100.000000 16.943024 12.025783
3735 41.160317 72.012718 0.000000
5281 39.086494 72.871515 0.000000
6652 35.498781 100.000000 21.696320
2441 25.370186 44.166560 100.000000
2439 23.495608 42.903615 100.000000
7711 13.901776 0.000000 60.901320
5347 48.626683 0.000000 67.977026
5348 49.033555 0.000000 65.148223
4698 52.627557 0.000000 8.083745
2531 51.370089 0.000000 6.515233
10024 52.063245 0.000000 21.358962
9649 65.702545 0.000000 96.628958
6888 66.735371 0.000000 97.355454
10098 100.000000 72.247864 60.713625
7770 91.674500 0.000000 59.741133
6834 92.381552 0.000000 56.454315
6393 59.019541 76.282741 100.000000
2381 60.499571 74.831007 100.000000
2644 60.496278 78.324386 100.000000
4557 56.149141 0.000000 36.532848
9882 46.910881 0.000000 57.030834
2522 38.356028 100.000000 86.387954
2521 36.811067 100.000000 85.166867
7233 88.528311 0.000000 58.233661
8432 26.529744 69.550081 0.000000
4904 24.497151 70.237342 0.000000
3695 100.000000 67.741935 0.000000
3694 100.000000 65.456434 2.290761
2212 13.258841 0.000000 93.817247
186 98.368407 100.000000 45.490483
2042 18.179891 5.091435 0.000000
8730 12.846998 68.144516 100.000000
3994 14.566209 69.678877 100.000000
8247 100.000000 18.453301 1.490763
6162 100.000000 16.129032 0.000000
6161 100.000000 19.354839 0.000000
417 48.201486 100.000000 88.474717
6452 49.831909 100.000000 86.937097
2326 21.011462 100.000000 7.940700
494 22.814774 100.000000 7.695349
9937 62.962963 100.000000 100.000000
1840 86.831329 0.000000 94.498046
3412 100.000000 100.000000 39.130435
5663 96.357419 70.664661 0.000000
9038 100.000000 20.967497 0.989453
3449 100.000000 30.756730 29.922574
2979 34.348524 33.891918 0.000000
10491 21.493079 33.466525 0.000000
9651 5.389894 79.253513 0.000000
469 34.205345 30.061323 0.000000
1489 76.680854 5.321280 0.000000
9354 27.437135 100.000000 58.515038
7388 26.448026 100.000000 59.275697
6114 66.021454 47.211383 0.000000
6555 67.171361 46.115026 0.000000
735 65.871784 44.548599 0.000000
733 65.746521 41.896959 0.000000
8659 66.975190 43.513681 0.000000
2302 16.569728 27.720379 0.000000
7869 4.411063 100.000000 74.327770
3625 5.744085 100.000000 66.909940
8620 33.859297 3.016599 100.000000
6595 34.316478 5.950150 100.000000
4058 93.275857 0.000000 94.514141
6450 93.191169 0.000000 97.514145
2084 79.917049 43.302628 0.000000
366 90.499462 42.972022 100.000000
5375 56.316134 0.000000 94.038743
5524 54.863494 0.000000 94.144207
4031 55.712581 0.000000 91.389145
10179 90.215955 43.567182 0.000000
3898 96.604849 100.000000 52.199953
7997 98.324600 100.000000 49.937607
4393 4.255961 96.825985 0.000000
4394 3.104155 95.165881 0.000000
4392 2.230164 96.581582 0.000000
6223 28.253928 50.591586 0.000000
5795 82.255541 100.000000 30.040527
1942 84.494181 100.000000 31.756331
5794 83.839166 100.000000 26.276078
5075 13.263702 56.999871 100.000000
6212 50.172643 83.920395 100.000000
6990 11.484006 100.000000 11.905627
3569 11.544830 100.000000 7.794956
6970 93.724122 2.669555 0.000000
10176 92.266618 2.561238 0.000000
6347 93.052893 5.339181 0.000000
1485 55.226029 0.000000 97.038661
4498 8.325572 19.801774 0.000000
9557 7.938513 18.420505 0.000000
9167 45.762712 100.000000 0.000000
8329 45.272024 96.700807 0.000000
3175 43.528043 96.381757 0.000000
4677 4.600958 0.000000 36.578845
7713 53.903500 100.000000 40.299568
9635 55.784053 100.000000 36.428655
9304 53.711372 100.000000 33.111862
8898 100.000000 6.856110 18.323448
2910 100.000000 93.906421 4.519554
3293 100.000000 93.548387 0.000000
6492 16.436746 6.382664 0.000000
8652 52.360136 40.290186 0.000000
687 42.686460 3.924433 100.000000
686 43.539544 7.177458 100.000000
2823 100.000000 52.987646 96.373086
3684 31.697629 0.000000 76.616325
4100 54.155932 67.568599 100.000000
514 3.242529 100.000000 10.950938
2535 5.571381 100.000000 17.866981
4251 14.187342 52.013456 100.000000
167 73.654849 0.000000 27.111617
6760 74.799661 0.000000 28.384118
2001 69.794292 74.771281 0.000000
2787 68.257240 72.334120 0.000000
7332 37.924822 39.383333 100.000000
12755 0.000000 58.691821 26.142131
4887 0.000000 39.766456 62.000236
5196 100.000000 4.711974 62.726561
3136 100.000000 3.845894 58.710371
9486 52.694844 78.883319 0.000000
10421 52.713552 76.453781 0.000000
6645 69.799125 0.000000 3.242669
7135 87.431252 39.578923 0.000000
4615 5.166329 100.000000 30.296006
6750 7.058886 100.000000 32.798586
7815 6.176488 100.000000 25.420206
5326 8.651712 14.082418 0.000000
8089 25.712984 100.000000 85.558135
2272 75.780779 0.000000 24.396108
2270 75.838702 0.000000 27.428231
2271 74.747109 0.000000 25.306560
3408 0.000000 2.829234 23.497215
6921 0.000000 5.018697 18.763602
3537 0.000000 2.457589 19.581566
3487 43.326451 0.000000 46.019924
823 44.298286 0.000000 48.166647
1892 100.000000 22.468043 69.156194
209 100.000000 20.800164 72.544720
655 100.000000 19.059345 69.207188
4149 5.847659 0.000000 25.291884
9985 23.776441 88.890941 100.000000
2631 71.739454 0.000000 80.876440
5288 88.665128 0.000000 31.909620
5286 89.353511 0.000000 28.326890
7444 55.555556 100.000000 100.000000
3660 54.580053 100.000000 93.270883
3680 21.121662 100.000000 59.963631
3605 68.668036 12.423043 0.000000
1100 67.877953 10.645828 0.000000
8589 22.424366 25.527458 100.000000
3444 0.000000 17.301672 19.054007
3445 0.000000 14.620962 21.619960
3933 24.073322 45.829987 100.000000
10353 39.901535 32.299641 100.000000
6445 5.745331 83.301327 100.000000
8269 5.514907 84.926848 100.000000
7852 100.000000 7.244553 13.651431
5737 100.000000 5.106240 15.043007
4736 0.000000 34.807556 10.622457
3606 49.398028 94.055766 0.000000
2907 50.722834 92.247881 0.000000
5210 0.000000 43.701821 60.861268
670 89.790192 0.000000 7.064686
6626 8.033524 76.539720 100.000000
2959 6.600973 77.293230 100.000000
8592 74.750392 0.000000 68.812974
5185 100.000000 55.237120 16.113100
6917 100.000000 57.551937 17.925632
5555 100.000000 54.284419 19.189701
1641 57.907221 97.179849 0.000000
9711 59.322034 100.000000 0.000000
8235 11.522724 100.000000 16.162730
6988 12.852797 100.000000 14.967564
9576 50.309098 54.050852 100.000000
9365 28.968044 86.596128 0.000000
7821 90.200930 66.027177 0.000000
9956 91.727098 65.459908 0.000000
5004 4.225352 0.000000 0.000000
741 18.239528 0.000000 72.642018
6512 16.924423 0.000000 73.290820
1993 63.501969 73.738321 0.000000
4273 62.801991 100.000000 35.083325
587 21.875432 53.912419 100.000000
119 23.831623 53.923664 100.000000
3659 53.703704 100.000000 100.000000
2161 0.000000 18.378718 29.295278
8484 0.000000 20.345726 29.331106
2109 37.431423 100.000000 59.553319
9766 37.313535 0.000000 91.945322
4864 81.402735 0.000000 92.582064
9202 0.000000 8.202691 65.976704
1233 0.000000 5.575975 64.175916
1341 38.011567 18.370926 0.000000
9705 11.157733 89.398097 0.000000
55 83.958906 0.000000 94.840297
8826 100.000000 32.163419 27.626705
10506 0.000000 4.917488 70.592645
5687 79.160831 6.951199 0.000000
1472 62.711864 100.000000 0.000000
6919 64.406780 100.000000 0.000000
1298 63.179682 97.135303 0.000000
3520 100.000000 0.000000 12.903226
4563 100.000000 0.000000 16.129032
10489 99.144778 0.000000 12.310038
9801 57.976800 100.000000 51.735841
6488 0.000000 4.320091 54.089168
8134 0.000000 5.540557 51.656369
1998 19.649171 0.000000 55.567117
7545 33.606704 0.000000 88.181360
4020 35.065916 0.000000 89.444621
9456 77.976464 39.249360 0.000000
3108 94.016716 85.951718 100.000000
4569 23.080359 67.969655 0.000000
4570 24.919718 67.580454 0.000000
4732 100.000000 57.718939 86.863943
1323 100.000000 96.193803 88.223956
1325 100.000000 93.535067 82.580633
3556 100.000000 96.944725 82.952255
221 70.224290 0.000000 57.316720
3825 41.497660 0.000000 92.255942
1011 40.375306 0.000000 90.359873
1701 5.766198 0.000000 82.963534
3028 5.961863 0.000000 79.658397
9744 93.261228 50.834855 100.000000
3562 65.581043 10.568574 100.000000
3560 66.915719 9.095208 100.000000
8451 100.000000 52.269296 71.440319
9601 100.000000 54.769605 41.156193
5609 1.756902 80.353942 0.000000
7833 17.876491 0.000000 22.802123
7692 27.312225 0.000000 4.833358
8388 19.404509 100.000000 62.915886
6548 20.151525 100.000000 60.945470
4626 92.759566 60.741952 0.000000
5024 92.503872 58.524685 0.000000
9971 2.145119 28.017859 0.000000
4267 94.590007 69.885584 0.000000
430 33.791953 98.985668 0.000000
4743 82.669798 84.577407 0.000000
8859 82.040671 80.924608 0.000000
8367 58.406023 73.263592 0.000000
849 13.870700 23.249137 100.000000
4995 35.857173 0.000000 68.266160
629 13.427243 93.153794 0.000000
6963 100.000000 52.308616 82.259644
9391 100.000000 55.553290 81.590082
7721 59.089845 100.000000 13.850779
27 56.848306 100.000000 11.627471
5531 67.919446 100.000000 83.670708
1822 66.574548 100.000000 86.071267
2790 67.857060 100.000000 87.886660
2569 0.000000 30.769231 0.000000
5788 100.000000 58.252487 81.253844
8363 57.797903 27.350548 0.000000
7499 100.000000 8.808165 33.850124
4221 100.000000 10.762168 31.179962
8925 69.958866 100.000000 27.591687
6518 100.000000 62.635367 46.371948
9326 63.354476 100.000000 91.432791
2552 100.000000 50.010482 54.198781
8688 16.119265 44.064269 0.000000
8975 17.728918 44.755932 0.000000
8974 17.787066 42.377102 0.000000
4667 0.000000 32.501716 9.992015
5526 96.211847 0.000000 10.030763
5699 95.636267 0.000000 6.465328
8835 58.713354 47.235435 0.000000
5064 59.392371 49.936362 0.000000
7809 84.281420 0.000000 51.512555
9136 85.218698 0.000000 49.397249
6901 4.220479 27.738290 0.000000
8839 65.690698 14.402786 100.000000
8579 64.557820 15.805536 100.000000
6809 64.386351 12.225675 100.000000
5364 87.058282 0.000000 31.647957
3337 88.036752 0.000000 35.010526
8643 100.000000 77.892056 73.856449
4592 62.377693 0.000000 66.137700
6667 61.477465 0.000000 68.901672
1935 60.917512 0.000000 65.780128
1251 71.931042 100.000000 88.698607
6296 0.000000 22.611273 73.456985
7136 88.178757 43.511788 0.000000
6078 51.903198 100.000000 60.259612
6193 28.226692 100.000000 71.423069
2214 55.499772 100.000000 83.526548
9567 100.000000 38.300857 81.525296
810 100.000000 40.464083 80.805347
6447 92.926853 32.529854 100.000000
8380 100.000000 66.286248 92.570000
8868 33.335310 41.023810 0.000000
2020 100.000000 100.000000 17.391304
577 88.097291 35.566795 100.000000
6143 6.032075 63.377803 100.000000
8983 7.378396 64.781872 100.000000
4101 71.512250 81.561680 0.000000
7094 25.492685 0.000000 51.326320
8977 24.539560 0.000000 53.186592
3595 43.593571 58.965351 0.000000
4012 80.291488 85.464979 100.000000
3725 41.880575 100.000000 49.312088
482 22.103210 100.000000 25.670814
2630 20.879559 100.000000 27.722533
1304 4.164971 16.383049 100.000000
8518 69.790628 100.000000 6.729918
7014 3.333854 0.000000 8.235781
5122 82.231570 11.925649 0.000000
1901 83.094790 10.578304 0.000000
274 81.678203 8.875835 0.000000
9197 62.695382 0.000000 87.828034
5581 72.616672 100.000000 10.404221
5582 72.839328 100.000000 5.016698
5280 77.265811 0.000000 94.215204
4555 78.529383 0.000000 93.496238
4554 78.363354 0.000000 95.928388
4151 59.312581 27.141519 100.000000
6032 60.445946 26.104012 100.000000
6619 60.395030 28.895740 100.000000
7049 6.947256 24.077568 0.000000
501 52.841807 44.739144 0.000000
2256 60.415391 70.543962 100.000000
2255 62.064097 69.189279 100.000000
1673 42.025451 1.835656 0.000000
342 75.438926 54.866243 0.000000
554 76.860502 57.347858 0.000000
3579 12.123212 15.537695 0.000000
9027 100.000000 5.369653 8.613777
2559 14.838792 3.035739 100.000000
9506 14.376052 5.291922 100.000000
6169 8.396765 43.825276 100.000000
6168 9.595280 41.398920 100.000000
3079 10.233375 43.614216 100.000000
2488 10.731355 31.674295 0.000000
6312 6.308044 100.000000 72.343783
7079 7.458625 100.000000 66.394967
3519 100.000000 2.194449 15.393540
7042 85.075524 0.000000 13.919937
5232 0.000000 64.034724 72.777378
4820 83.754572 88.131288 0.000000
8453 11.894668 30.462746 100.000000
3858 13.606910 29.439622 100.000000
2187 90.293635 0.000000 63.777040
2188 90.605094 0.000000 61.324963
3674 60.061569 8.038038 0.000000
6074 59.870964 5.336140 0.000000
6073 59.014317 6.546154 0.000000
7866 33.898749 16.414121 100.000000
7617 33.316573 93.792150 0.000000
5939 86.639348 0.000000 15.269225
5937 87.190179 0.000000 19.039432
6683 74.492225 47.124842 100.000000
6685 72.811971 45.299610 100.000000
9232 73.898873 42.023638 100.000000
1576 100.000000 7.118898 46.077815
247 100.000000 8.290948 49.385773
6575 1.276846 69.790439 100.000000
8125 100.000000 71.951716 64.583496
6615 100.000000 74.961038 63.266412
1658 1.048198 0.000000 37.702007
3018 10.541014 100.000000 61.826246
8958 85.062195 54.765108 0.000000
6277 85.845818 52.075105 0.000000
6552 84.120823 51.792447 0.000000
68 100.000000 88.252947 77.716408
66 100.000000 86.314158 74.628032
1647 35.803298 78.530196 0.000000
7835 35.677717 75.620786 0.000000
8932 33.928895 76.486876 0.000000
3645 0.000000 3.846154 0.000000
141 0.684035 5.363917 0.000000
10196 0.000000 95.701765 9.784997
12765 0.000000 95.914684 4.731903
12757 0.000000 95.108206 5.234809
4097 14.411209 1.633796 0.000000
7113 47.672775 43.164271 0.000000
2388 87.694442 88.936025 0.000000
2525 0.000000 61.517845 28.016357
6377 0.000000 62.700542 22.636864
3464 1.456630 100.000000 42.623119
9039 86.087123 0.000000 47.027890
1171 84.673214 0.000000 46.156238
1185 79.627852 100.000000 21.050483
1184 81.832796 100.000000 24.086924
752 81.672986 100.000000 18.521942
9703 16.499994 92.730599 0.000000
7009 58.548765 42.249834 0.000000
9963 0.000000 2.086902 36.319572
2863 0.000000 0.000000 36.666667
918 41.007293 0.000000 21.116202
7670 40.280537 0.000000 24.400684
2137 57.434280 100.000000 82.689115
5717 0.000000 62.264257 56.930822
7479 88.412359 0.000000 75.315592
10418 87.044708 0.000000 77.295909
8103 61.596577 25.425565 100.000000
3872 50.669695 0.000000 55.162111
2698 50.450962 0.000000 51.884415
8341 0.000000 69.230769 0.000000
8342 0.000000 67.493884 6.953212
848 93.053028 0.000000 79.581349
4208 93.313928 0.000000 83.554279
9347 15.843619 100.000000 17.916455
1579 15.333124 62.845310 100.000000
4726 16.904860 62.475982 100.000000
1577 16.585530 64.813847 100.000000
1324 100.000000 91.916691 86.017958
4071 57.231222 6.161048 100.000000
9637 66.654492 4.354925 0.000000
3257 67.078893 2.144358 0.000000
9220 65.709064 2.243977 0.000000
1572 62.517897 59.762959 100.000000
1574 64.053074 61.558403 100.000000
6852 48.562884 80.052753 100.000000
8754 66.914968 88.425172 0.000000
9191 32.220527 100.000000 4.656598
9002 33.898305 100.000000 0.000000
7193 53.692272 100.000000 64.121813
155 56.021074 100.000000 62.292285
154 53.981485 100.000000 57.759328
8251 20.402101 79.040882 0.000000
1569 18.802288 15.861040 0.000000
10270 83.458986 79.519148 0.000000
5177 81.700532 76.739741 0.000000
3848 65.355677 22.500561 0.000000
4172 68.485056 100.000000 20.222511
5225 90.454703 0.000000 92.358122
7253 89.347216 0.000000 90.299058
2801 90.498896 0.000000 89.376588
7083 85.408514 0.000000 43.769877
7080 7.040399 100.000000 60.520740
2248 92.630024 0.000000 30.650436
6509 91.112969 0.000000 29.673244
7958 0.000000 65.066430 64.800396
7594 0.000000 63.196857 64.657875
1231 19.297704 8.306816 100.000000
8238 100.000000 75.430809 72.343723
9146 100.000000 73.418019 74.757767
9643 100.000000 72.360410 71.022962
7811 62.429952 100.000000 68.219152
9209 31.927131 2.290818 0.000000
9716 30.511579 2.697322 0.000000
5251 31.555146 4.819113 0.000000
5840 60.345052 38.183581 0.000000
8693 96.970522 47.264215 100.000000
6955 98.519101 49.546540 100.000000
5315 61.863962 55.356940 0.000000
3746 61.757037 51.934625 0.000000
5063 60.317569 52.571747 0.000000
2802 89.137556 0.000000 87.490177
4312 88.373701 0.000000 88.904012
9698 87.752116 0.000000 86.605827
5920 14.811538 82.768326 100.000000
3231 0.000000 7.368483 62.130443
2983 54.686443 44.679594 0.000000
6699 0.000000 17.954874 58.138258
6698 0.000000 15.161138 57.344011
3911 1.100831 34.765626 100.000000
1180 1.227134 35.989495 100.000000
311 86.826335 27.545797 0.000000
309 86.673905 29.967305 0.000000
9791 26.134345 89.088971 0.000000
4094 26.672439 87.589361 0.000000
12777 47.188684 0.000000 37.628856
9344 62.317105 0.000000 25.193676
5653 9.315889 100.000000 95.003483
1904 93.905385 0.000000 56.750171
1903 93.045403 0.000000 53.551735
4081 57.742474 2.567610 100.000000
8573 96.057922 65.234226 100.000000
8572 96.060261 62.290919 100.000000
7639 97.057898 64.641800 100.000000
9433 87.652344 13.832423 100.000000
3683 85.644325 8.626214 100.000000
6465 45.660712 63.331014 100.000000
1493 44.154855 65.345968 100.000000
4556 43.804299 61.191075 100.000000
3243 56.615494 0.000000 51.200343
4706 19.965716 96.671336 0.000000
224 44.945216 57.303338 0.000000
9450 4.607622 12.769975 100.000000
520 46.272329 100.000000 90.145172
418 48.220097 100.000000 94.556117
6599 81.438067 100.000000 83.085263
8160 0.000000 32.140793 95.875418
3009 98.454861 0.000000 75.109093
434 100.000000 0.000000 74.193548
5134 9.235027 22.622329 0.000000
8725 35.807438 83.785057 0.000000
2507 35.699872 86.740807 0.000000
10034 59.569394 30.577157 100.000000
3342 0.000000 13.199948 18.969749
7626 3.933927 14.937582 100.000000
1207 40.580422 100.000000 61.984018
4014 40.697832 100.000000 57.010291
4162 22.217452 0.000000 70.660160
12809 80.149946 100.000000 97.141709
8408 65.050043 30.773152 0.000000
690 66.037601 28.936442 0.000000
2340 54.872118 65.822385 0.000000
7058 100.000000 23.716179 83.516289
8902 7.489143 19.773585 0.000000
5009 96.515084 0.000000 56.955515
8927 70.718135 100.000000 31.497241
3802 69.683113 100.000000 35.580419
6765 77.462565 90.629604 100.000000
9713 0.000000 44.950922 48.389799
9141 4.329668 13.776872 100.000000
6535 0.914793 18.328306 0.000000
5978 52.853143 95.763273 100.000000
7282 54.401297 94.103481 100.000000
7916 26.824992 29.743435 100.000000
661 26.871460 26.607537 100.000000
8438 1.499868 8.568577 100.000000
8178 72.796582 17.167666 0.000000
3923 85.862605 57.947049 0.000000
8959 87.051539 55.580426 0.000000
7232 0.000000 43.995133 52.146498
4958 68.523027 32.852349 0.000000
4536 96.462187 0.000000 91.547051
2752 97.183894 58.121478 100.000000
2587 2.115859 91.474404 0.000000
9740 0.000000 90.384615 0.000000
2588 0.000000 92.307692 0.000000
2935 33.306932 50.108335 100.000000
9534 100.000000 84.390790 65.911475
6050 46.330603 0.000000 44.612050
5638 45.402842 0.000000 47.235707
4087 44.738052 0.000000 44.943912
2958 43.929562 100.000000 4.836756
906 42.106768 100.000000 3.186926
5901 8.022499 57.964920 0.000000
5368 5.792767 22.417379 0.000000
7048 6.085965 23.813245 0.000000
4945 6.584868 22.505680 0.000000
9475 37.067808 66.732782 100.000000
1590 25.455500 81.832916 0.000000
12653 6.781558 0.000000 2.669850
3962 8.123247 0.000000 68.787513
3963 6.830428 0.000000 67.483493
10553 0.000000 44.954308 28.994154
2114 0.000000 45.210989 32.499425
5730 64.055769 0.000000 82.715558
6034 46.233142 0.000000 38.421510
109 45.547195 0.000000 34.698793
3010 98.390854 0.000000 71.435965
1608 59.862343 78.167595 0.000000
2006 65.270413 0.000000 67.306986
2513 64.731071 0.000000 64.006326
9652 34.740505 0.000000 26.959203
1383 35.312027 0.000000 23.716390
9046 36.109632 0.000000 26.191728
3456 3.783650 97.555138 100.000000
12681 4.694913 98.856114 100.000000
12682 3.460441 98.717457 100.000000
5930 64.729391 0.000000 37.108620
7510 79.456853 0.000000 97.870914
8200 69.017877 0.000000 92.313758
4709 94.378619 76.416569 0.000000
4708 93.354007 75.801129 0.000000
10526 0.000000 68.447407 82.959735
9333 0.000000 69.068044 91.529053
10575 0.000000 70.056091 84.058207
5224 24.785545 65.856361 100.000000
6473 24.979966 63.496345 100.000000
5222 26.561020 66.003280 100.000000
5946 93.443236 54.438946 100.000000
5957 74.032039 0.000000 45.145765
8797 38.476155 61.043224 0.000000
8948 36.710470 58.695340 0.000000
4255 100.000000 46.370915 23.747803
3387 100.000000 44.686135 21.314935
7644 100.000000 30.894570 86.463434
9515 82.481585 100.000000 87.481001
1310 31.105458 25.440891 0.000000
10427 29.709937 26.160628 0.000000
2781 88.483051 100.000000 42.396482
5338 87.631686 100.000000 37.759099
6460 0.000000 49.877384 75.429867
4778 0.000000 50.697103 68.193029
7118 93.919160 0.000000 19.708317
915 100.000000 16.903497 24.424808
8007 100.000000 15.475583 21.567417
879 43.700355 0.000000 41.997654
2264 43.381086 0.000000 38.574409
6236 9.672879 7.530020 100.000000
893 9.729791 9.654428 100.000000
1230 20.526995 7.533284 100.000000
4756 9.824721 100.000000 34.545187
9522 18.140001 100.000000 4.424953
2239 100.000000 5.591754 79.777714
10398 100.000000 3.126928 81.123917
8169 22.673376 0.000000 60.350836
7551 86.930544 18.070746 0.000000
2091 87.118035 20.721582 0.000000
10469 88.015213 19.668910 0.000000
1089 49.927630 32.292053 100.000000
5968 50.872305 33.070271 100.000000
9764 47.845995 34.330425 0.000000
4234 18.164394 96.494709 0.000000
4705 20.681349 95.124953 0.000000
2182 78.339115 47.320902 100.000000
3394 72.506593 64.775207 100.000000
5336 100.000000 10.083941 90.215510
4912 100.000000 27.179798 17.108327
5092 100.000000 29.404056 18.034935
7677 0.000000 31.738813 89.991774
6539 44.959032 27.910996 0.000000
16 40.659265 62.536682 0.000000
17 39.342013 64.340837 0.000000
10162 88.040471 32.100679 0.000000
8903 7.092611 18.401299 0.000000
4043 63.997983 32.142374 0.000000
4650 12.796986 84.505032 100.000000
5585 73.577554 0.000000 98.426669
699 51.236216 42.659047 100.000000
700 52.360680 41.869344 100.000000
1566 0.000000 75.895822 60.309186
2943 0.000000 73.950924 69.606152
9813 82.619819 24.198491 0.000000
3283 83.287122 21.633961 0.000000
9213 100.000000 17.239332 19.038191
2982 54.922048 47.105707 0.000000
2385 77.498427 0.000000 76.533690
2704 100.000000 80.645161 0.000000
6824 100.000000 100.000000 13.043478
9487 37.288136 100.000000 0.000000
429 35.223386 98.737721 0.000000
391 15.445778 13.997427 0.000000
7684 15.369955 11.968740 0.000000
3338 27.568912 53.311797 100.000000
4491 27.949390 50.967204 100.000000
1760 71.830986 0.000000 0.000000
7199 7.275299 38.917149 0.000000
6611 33.370675 0.000000 4.548273
6609 32.256827 0.000000 3.116472
8236 9.907601 0.000000 13.691260
7730 9.721224 0.000000 17.323096
5807 19.774304 0.000000 37.237483
7936 18.456514 0.000000 38.007129
5808 18.996664 0.000000 34.647816
8657 20.735770 100.000000 24.417067
4774 38.154753 23.533167 0.000000
8348 35.518418 6.256417 0.000000
5475 38.077828 0.000000 22.029400
18 29.998493 100.000000 43.002268
12901 30.347355 100.000000 44.290541
12890 30.743882 100.000000 43.077727
967 81.192785 13.388513 0.000000
4696 29.820866 100.000000 15.070314
8844 0.000000 67.247190 91.201987
1516 57.950342 44.575919 0.000000
3614 100.000000 35.648325 37.249291
7917 56.198121 94.798084 0.000000
1642 56.459366 97.733541 0.000000
1885 14.612818 72.420186 100.000000
2859 32.914721 24.593442 100.000000
9980 32.191455 27.934041 100.000000
4462 90.434912 71.387438 0.000000
1670 89.376519 96.458019 0.000000
12720 89.383118 98.259316 0.000000
12717 90.238437 98.427099 0.000000
2642 100.000000 67.099084 59.675139
2643 100.000000 66.542608 63.225654
2641 100.000000 64.034143 60.488012
2094 26.717403 100.000000 50.726620
5863 60.982356 12.197222 0.000000
4057 95.346642 45.101861 100.000000
8215 76.221716 0.000000 18.201879
9978 74.959590 0.000000 21.311536
7538 74.648523 0.000000 16.884946
4980 30.057388 97.510067 100.000000
5187 31.901869 97.810430 100.000000
10463 16.661636 100.000000 53.200189
8524 17.637727 100.000000 52.547719
4362 13.261563 9.263087 0.000000
4364 11.906887 10.048448 0.000000
10197 0.000000 83.437147 10.197211
10198 0.000000 85.441200 8.724315
7367 0.000000 84.615385 0.000000
9426 11.512072 0.000000 88.637488
6903 81.537962 29.797596 0.000000
9765 100.000000 65.362959 29.678068
10439 100.000000 66.568534 26.241650
128 12.367235 0.000000 4.063037
6324 20.443289 0.000000 48.438819
71 19.895771 0.000000 51.634913
70 18.831460 0.000000 48.787812
4819 81.438481 87.803409 0.000000
12810 80.966714 100.000000 95.840496
1192 40.811043 0.000000 60.002425
1193 40.583735 0.000000 57.020289
4422 3.807684 73.366804 100.000000
5972 33.793369 53.590054 100.000000
8043 83.778365 27.270932 0.000000
8099 8.995907 100.000000 20.553802
2534 7.120820 100.000000 16.007730
3831 100.000000 17.101456 2.651795
9262 53.114908 60.755331 100.000000
6529 68.518519 100.000000 100.000000
12811 67.093556 100.000000 96.296043
7625 100.000000 26.490452 93.204638
7708 100.000000 24.891353 92.593626
4006 43.428390 16.740877 0.000000
3530 0.000000 38.450340 75.933903
1009 0.000000 36.119102 74.811990
8093 84.718669 0.000000 54.326807
3784 50.574051 100.000000 10.477097
3328 74.983738 62.028805 0.000000
3354 8.479939 84.908581 100.000000
3353 6.900601 85.004468 100.000000
9272 61.216539 100.000000 38.279769
1285 0.000000 5.680145 43.008303
1284 0.000000 5.843875 46.053331
5896 0.000000 86.055587 30.608556
383 0.000000 83.993846 29.783467
8621 8.721569 0.000000 56.182249
3303 0.000000 43.143113 68.738784
7737 82.210588 3.961615 100.000000
2981 100.000000 98.011641 27.077513
4296 100.000000 95.678658 27.724056
9279 22.422552 95.288469 0.000000
5668 100.000000 13.091774 67.708358
9368 23.620049 0.000000 83.671812
1054 44.563639 100.000000 14.967474
4695 29.134944 100.000000 12.925342
10289 18.015679 39.961832 0.000000
5143 60.729083 0.000000 56.528692
9010 0.000000 39.693387 51.101269
8855 0.000000 39.730930 57.086568
6896 78.263551 0.000000 14.462243
3914 78.801803 0.000000 11.139458
6694 79.624352 0.000000 14.578739
6723 9.095490 0.000000 3.500624
12654 10.244796 0.000000 1.842952
6303 9.859155 0.000000 0.000000
6302 11.267606 0.000000 0.000000
7571 83.050847 100.000000 0.000000
12892 100.000000 72.441332 1.910754
7477 48.688331 10.248793 100.000000
1428 35.748465 100.000000 87.170295
3391 35.315028 100.000000 83.932015
3473 100.000000 18.149287 89.190940
1281 100.000000 19.027902 90.968291
6576 0.968221 71.183629 100.000000
719 0.000000 1.923077 0.000000
12638 0.000000 1.432760 0.816928
12593 0.000000 2.447013 1.077978
12636 0.000000 3.906907 1.444638
12632 0.000000 4.635541 1.175370
301 59.398406 0.000000 89.158224
300 57.805940 0.000000 90.185261
3051 58.099013 0.000000 87.189965
560 9.531169 38.371499 0.000000
6680 8.266810 39.720662 0.000000
5648 19.612209 93.964618 100.000000
1189 100.000000 11.825236 12.572394
4833 18.030449 0.000000 94.136677
158 19.423317 0.000000 93.395135
78 88.953794 0.000000 71.758916
5613 88.001056 0.000000 68.852190
1540 89.354774 0.000000 68.874257
8904 6.666982 19.744995 0.000000
8354 29.357569 88.607620 100.000000
3767 29.360321 85.915244 100.000000
8353 31.124883 87.701895 100.000000
862 18.320491 2.439939 100.000000
1411 24.222273 100.000000 26.425685
2706 100.000000 83.870968 0.000000
9731 29.292815 100.000000 40.369612
465 10.534207 81.320916 100.000000
10242 31.966485 74.591280 0.000000
7116 32.274442 77.453878 0.000000
6358 68.694964 100.000000 91.564271
8265 69.788541 100.000000 94.443662
2737 57.321421 73.502879 100.000000
6163 57.445259 77.887719 100.000000
0 38.688184 41.768600 0.000000
3852 2.974846 8.255127 100.000000
9994 17.108218 60.161999 100.000000
6421 15.832002 61.064871 100.000000
5630 100.000000 11.395151 55.917261
2134 26.539826 0.000000 87.313782
3225 100.000000 47.849855 61.063626
2269 6.803221 100.000000 4.798585
2268 6.779661 100.000000 0.000000
7979 5.084746 100.000000 0.000000
10139 65.483972 0.000000 10.103944
3453 46.393874 71.656385 0.000000
2953 80.457617 0.000000 35.046643
2955 79.296564 0.000000 34.329265
4911 89.271434 52.266298 0.000000
4836 88.886418 55.040920 0.000000
4835 90.459648 54.642613 0.000000
4136 70.961244 36.051719 0.000000
4138 69.452752 35.730405 0.000000
7495 70.419724 38.486293 0.000000
7909 94.985854 0.000000 38.103530
6170 94.936262 0.000000 41.271129
1703 6.621811 0.000000 85.513942
6359 54.453710 0.000000 18.298014
8737 55.570815 0.000000 17.931249
4299 54.877574 0.000000 21.575166
4905 22.413069 69.960530 0.000000
6385 20.500551 69.793085 0.000000
6304 9.852154 1.284312 0.000000
5755 8.450704 0.000000 0.000000
5859 39.655539 0.000000 79.232570
5860 40.765978 0.000000 79.191387
5527 97.748927 0.000000 11.311908
3402 82.656164 0.000000 36.914256
5633 81.517361 0.000000 34.379622
825 0.000000 52.048503 28.245891
7175 40.088440 6.872341 0.000000
1500 51.641840 36.371746 100.000000
1738 15.355131 0.000000 20.703285
6540 45.201535 30.852670 0.000000
9901 2.543974 32.039423 0.000000
2301 100.000000 56.028655 13.210818
4539 100.000000 58.946524 11.950666
10108 100.000000 72.013261 40.003285
5229 16.997480 7.662663 0.000000
2072 46.400998 53.080050 100.000000
3965 31.337292 0.000000 61.089943
3964 30.960184 0.000000 64.026138
6433 61.185486 6.966542 0.000000
1973 60.979099 3.896769 0.000000
6579 18.983735 0.000000 81.092879
4707 21.710028 96.794769 0.000000
4521 66.121827 31.115487 100.000000
8119 30.383724 62.973376 0.000000
755 28.079394 62.192283 0.000000
10211 29.204359 59.965101 0.000000
1723 71.497380 67.288189 0.000000
10426 19.718310 0.000000 0.000000
12642 19.548062 0.000000 3.330667
12655 18.829199 0.000000 2.149384
5985 18.309859 0.000000 0.000000
12656 18.247748 0.000000 2.446710
707 77.139346 0.000000 29.387846
7575 100.000000 61.845437 57.278322
8549 100.000000 58.340934 57.321505
171 13.416131 67.846249 0.000000
9461 15.034222 69.261620 0.000000
9517 78.648872 44.816194 0.000000
6410 70.068664 6.213107 0.000000
3267 69.164373 4.042743 0.000000
4023 56.122337 6.621922 0.000000
1688 54.255464 4.701134 0.000000
4010 54.718914 8.508758 0.000000
10201 21.686927 0.000000 94.044651
10200 22.665838 0.000000 94.783569
9493 81.738811 0.000000 66.657866
4348 81.369527 0.000000 63.966626
293 82.858391 0.000000 65.324742
9072 51.127528 10.344720 0.000000
4117 50.003637 9.322470 0.000000
9728 18.723163 100.000000 41.470688
7497 19.638983 100.000000 40.409645
7735 75.300581 0.000000 86.424482
6741 76.641192 0.000000 85.699912
5837 48.077479 74.330758 0.000000
1334 100.000000 50.549063 64.267730
362 7.072832 16.438928 100.000000
5834 46.839831 76.487463 100.000000
7848 78.670944 87.598742 100.000000
3454 3.691160 87.931968 100.000000
3804 73.703300 52.730034 0.000000
10189 72.619884 54.809733 0.000000
3803 74.143123 56.124372 0.000000
2266 44.684147 0.000000 38.467836
8865 94.671059 14.809786 100.000000
10048 38.276937 100.000000 20.729707
1093 22.106213 100.000000 43.662370
10470 23.040143 100.000000 45.025166
6959 50.768551 0.000000 39.120580
3538 0.000000 2.264256 16.233221
3536 0.000000 0.000000 20.000000
9876 14.663584 0.000000 87.549255
9428 100.000000 20.567994 48.206499
8385 93.083185 63.638752 0.000000
4627 94.226382 61.797085 0.000000
231 50.865646 27.449581 0.000000
10603 50.098046 27.519902 0.000000
7942 50.145124 26.079842 0.000000
9298 25.626933 100.000000 57.229839
3022 5.570457 24.155587 100.000000
8303 8.992145 17.635290 100.000000
5945 93.646356 58.079867 100.000000
4856 76.370212 70.337708 0.000000
5927 11.299860 0.000000 41.960054
4417 0.000000 69.489776 26.521234
7115 32.701221 79.750747 0.000000
779 7.878988 100.000000 71.091296
4757 9.986734 100.000000 30.054968
8098 10.251136 100.000000 25.486427
4074 74.473220 0.000000 78.550267
6879 0.000000 4.463439 48.744012
1813 73.272070 22.159474 0.000000
2957 45.507252 100.000000 7.414573
6320 16.348907 0.000000 37.687365
7725 17.393491 0.000000 35.579040
3154 44.827034 41.053456 100.000000
7671 45.198112 37.727819 100.000000
654 100.000000 20.696171 67.069959
7959 71.819091 67.777994 100.000000
4130 78.112743 60.280343 0.000000
3240 77.642940 62.889831 0.000000
5764 79.035270 63.073533 0.000000
6365 86.440183 100.000000 67.140834
3730 72.712185 33.319044 100.000000
3731 71.458444 29.225442 100.000000
9708 37.910337 86.079071 0.000000
7280 38.218390 100.000000 45.491422
6709 5.926633 63.317279 0.000000
9988 54.020076 31.855124 0.000000
5504 57.102245 48.684044 100.000000
9194 6.495774 8.927069 100.000000
9905 7.264172 9.269763 100.000000
9056 6.755448 10.426949 100.000000
6989 12.919649 100.000000 11.167897
3340 0.000000 10.837998 18.712164
3341 0.000000 10.624698 22.306403
1235 0.000000 3.632164 66.128869
8011 82.659598 0.000000 71.314076
8012 83.927423 0.000000 72.607490
6797 82.959475 0.000000 74.363149
3698 52.332338 11.746390 0.000000
4009 53.497642 10.263297 0.000000
9073 52.127429 8.776636 0.000000
1687 53.176483 6.890381 0.000000
2776 56.151024 1.739980 0.000000
2775 55.306031 2.836150 0.000000
2195 0.000000 57.557113 76.983348
2196 0.000000 56.468504 83.221418
2194 0.000000 57.971871 84.662135
10187 100.000000 55.172414 100.000000
5952 1.749343 93.254080 100.000000
2564 48.560140 33.302612 100.000000
3867 0.000000 19.951182 16.309292
9829 80.235948 89.476741 100.000000
12788 94.795131 0.000000 1.704399
8574 92.957746 0.000000 0.000000
12786 94.163129 0.000000 1.983463
12787 93.491004 0.000000 2.317376
3728 32.471387 24.974872 0.000000
8284 31.981542 26.923620 0.000000
6409 72.731835 65.239175 0.000000
7469 21.231015 81.041139 100.000000
4665 22.663679 81.191306 100.000000
2286 18.307124 26.691108 100.000000
9282 61.324999 4.612085 100.000000
9658 62.279153 2.960274 100.000000
5287 90.309626 0.000000 32.502354
3335 89.588156 0.000000 35.605537
5801 38.770513 98.069615 100.000000
6840 37.128364 97.804840 100.000000
8130 83.921984 0.000000 42.863237
3707 11.232202 95.901656 0.000000
4077 0.000000 64.767215 81.292701
2766 30.166580 5.609869 0.000000
8889 55.505073 76.645638 0.000000
1101 7.598469 34.898472 0.000000
5875 24.882844 6.993304 0.000000
5381 88.210280 82.157645 100.000000
9623 92.592593 100.000000 100.000000
12812 94.474083 100.000000 97.316793
9756 8.747221 55.689737 100.000000
4072 6.201139 56.466076 100.000000
6998 7.386042 53.522955 100.000000
3132 61.359852 58.793598 0.000000
3131 62.901418 58.412591 0.000000
1393 45.351498 0.000000 78.131932
6981 46.666479 0.000000 77.391611
507 100.000000 28.989464 27.906822
7481 73.330467 0.000000 41.688153
6051 45.369772 0.000000 41.631491
6036 46.532334 0.000000 41.345984
2599 6.269850 91.463383 100.000000
4506 4.980584 92.540045 100.000000
5566 4.622820 90.183393 100.000000
4171 68.403906 100.000000 15.317912
9376 8.613404 0.000000 38.733711
9592 9.929228 0.000000 37.362314
7772 20.197968 0.000000 68.958947
5706 19.576339 0.000000 72.083904
7915 100.000000 22.654129 78.263650
3586 92.382697 75.953568 100.000000
9501 93.580651 79.012391 100.000000
1598 62.694000 6.406981 100.000000
9802 56.082703 100.000000 48.616053
8590 54.146846 100.000000 51.174304
153 56.042023 100.000000 54.955638
9634 100.000000 41.399109 11.129618
7443 50.195966 88.677181 0.000000
6594 33.489790 8.269450 100.000000
1463 33.386220 100.000000 33.524229
2923 34.257389 100.000000 36.800034
10288 92.956133 97.335476 100.000000
2183 93.377414 94.854306 100.000000
988 36.582685 0.000000 5.424627
987 37.181378 0.000000 2.961003
2735 37.596720 0.000000 5.786737
3066 94.179992 0.000000 14.299566
3065 95.248871 0.000000 12.322227
7804 27.372381 100.000000 21.789553
8773 76.373398 8.170695 100.000000
3544 76.954250 5.369551 100.000000
9775 2.080144 64.877584 0.000000
1700 0.000000 65.384615 0.000000
3254 100.000000 8.804996 75.352031
57 100.000000 13.100365 74.313684
2346 38.716870 100.000000 31.153859
6174 37.294973 100.000000 28.078126
2646 59.475259 81.070896 100.000000
3737 75.874965 49.991338 100.000000
6578 77.443558 50.405883 100.000000
2996 22.411057 100.000000 76.246932
2744 22.713947 100.000000 73.288121
3932 100.000000 69.744881 58.514836
801 63.591138 4.025309 0.000000
618 6.783817 33.907923 0.000000
8860 9.985351 1.873310 100.000000
9043 8.634589 1.706281 100.000000
6693 9.722222 0.000000 100.000000
4553 79.702236 0.000000 95.519308
9092 85.291415 38.620428 100.000000
9832 86.551158 44.564001 100.000000
162 34.313386 0.000000 47.158386
5612 70.822404 60.540961 0.000000
1724 71.099288 63.656614 0.000000
4237 38.444018 38.844659 0.000000
10122 100.000000 18.750152 85.884599
8997 28.002957 99.051539 0.000000
2669 27.118644 100.000000 0.000000
8276 71.860038 41.198685 100.000000
8001 72.350381 37.387892 100.000000
5440 68.310397 18.351033 100.000000
8540 68.797542 21.793170 100.000000
4929 7.807312 0.000000 33.812195
4928 8.889463 0.000000 35.443430
10401 7.606422 0.000000 36.957556
8961 0.000000 47.746232 52.267919
1096 28.120867 26.657502 0.000000
10352 28.817765 24.313021 0.000000
5762 84.582368 83.872090 100.000000
9041 8.795481 3.758520 100.000000
3857 3.015688 39.372748 100.000000
7303 25.342520 75.083336 100.000000
7241 25.786022 77.775797 100.000000
8124 24.125512 76.358916 100.000000
1241 25.510518 100.000000 64.907839
8653 26.181453 100.000000 67.761156
2777 26.941766 100.000000 64.425860
2632 35.208537 3.008537 100.000000
7668 49.817740 47.010317 0.000000
6503 48.496159 47.699558 0.000000
9792 69.771879 0.000000 89.311877
2273 100.000000 25.293497 32.574756
8513 24.749441 20.256957 100.000000
5948 3.036545 22.998793 100.000000
2601 6.587814 93.340248 100.000000
6329 94.110202 0.000000 4.532399
10049 34.029963 0.000000 97.225177
10050 34.720563 0.000000 94.438007
1200 33.818061 57.138739 100.000000
921 32.496673 55.013210 100.000000
10072 16.655794 0.000000 27.164806
7500 15.595954 0.000000 26.653486
8259 50.662284 100.000000 82.083910
9488 30.907214 0.000000 22.536944
2933 100.000000 4.397021 25.179464
10251 100.000000 2.708097 23.087554
2035 66.291447 60.596437 0.000000
7723 100.000000 35.647300 56.451677
6933 100.000000 35.778782 59.498061
4305 32.515439 0.000000 85.170308
602 16.374526 42.550524 100.000000
7831 17.685286 0.000000 25.999200
7832 16.665519 0.000000 24.457066
9932 100.000000 58.064516 0.000000
2487 9.735462 30.859002 0.000000
962 9.632444 32.829584 0.000000
2454 88.376716 100.000000 93.727127
8914 83.555103 0.000000 70.210551
2701 100.000000 43.831167 75.181193
5108 100.000000 40.607442 73.977777
9300 0.000000 77.358491 100.000000
5872 100.000000 97.506295 74.461640
5130 66.805853 54.504432 0.000000
9969 23.361130 73.240912 0.000000
571 86.095971 50.501045 100.000000
802 65.238383 4.823329 0.000000
2493 85.198242 33.258835 100.000000
4379 83.493224 28.861548 100.000000
9889 4.357468 21.157395 100.000000
9989 5.088079 21.200519 100.000000
4241 0.000000 39.225331 24.676310
4242 0.000000 37.784029 20.985739
9166 25.746469 85.861176 100.000000
4357 24.325337 85.980660 100.000000
2746 21.462048 100.000000 74.850087
2745 21.655308 100.000000 71.768844
2453 0.000000 6.058114 21.270426
2451 0.000000 8.729359 18.346100
2452 0.000000 7.174179 17.596324
5158 16.292595 100.000000 15.623518
4750 17.111775 100.000000 17.734933
4752 17.271294 100.000000 14.723157
1128 5.142399 81.052364 0.000000
1130 5.936355 82.934930 0.000000
335 85.557918 15.894353 0.000000
2990 87.091098 15.323987 0.000000
3190 100.000000 62.068966 100.000000
5495 48.719520 95.613034 100.000000
1243 50.668669 95.792925 100.000000
2419 0.000000 9.105001 14.627433
4754 4.457509 27.896971 100.000000
3829 100.000000 19.154189 3.050549
9950 100.000000 21.358537 3.819738
1260 0.000000 70.359787 34.696171
7761 35.876140 100.000000 36.462591
4602 5.032461 95.363444 0.000000
3031 3.659690 13.577714 100.000000
3786 12.701350 0.000000 75.127500
10039 83.436657 89.910158 100.000000
4224 57.250764 65.212093 100.000000
553 58.795571 30.631334 0.000000
3263 100.000000 35.302144 13.577197
1173 83.531973 0.000000 45.587376
8129 82.563919 0.000000 43.733990
8633 25.785472 50.215678 0.000000
3873 26.882479 47.390532 0.000000
659 53.385774 50.284064 0.000000
4921 51.976872 50.398518 0.000000
1309 30.126558 23.849784 0.000000
6601 82.324984 100.000000 78.234043
5076 100.000000 100.000000 86.956522
2034 64.397131 59.636052 0.000000
3130 63.087947 61.691209 0.000000
10561 65.069071 62.735302 0.000000
1047 39.635124 24.302892 0.000000
6325 100.000000 37.760123 23.035407
5242 31.352125 0.000000 24.954603
1504 32.053465 0.000000 22.070001
12840 98.838955 1.849270 0.000000
12853 99.204453 0.940000 0.000000
764 68.599486 65.325516 100.000000
4588 65.139490 0.000000 73.860630
4586 65.512482 0.000000 77.247711
3634 100.000000 12.576344 52.553449
2702 100.000000 43.846112 78.226166
6387 100.000000 46.383358 80.348140
5412 100.000000 43.283290 81.307557
8116 57.524193 34.400629 100.000000
689 67.657886 29.845120 0.000000
5119 100.000000 74.583100 67.927868
4829 94.824559 0.000000 59.775698
10397 93.354344 0.000000 59.695080
6716 24.024534 100.000000 71.769018
6717 25.379311 100.000000 70.845759
1349 1.524337 0.000000 66.443941
10358 1.880273 0.000000 63.328231
3429 5.246965 23.784624 0.000000
5899 100.000000 69.670135 22.395193
5898 100.000000 70.323229 26.294848
1625 49.134554 0.000000 50.855052
5951 50.213916 0.000000 48.544119
5462 75.060072 0.000000 93.539347
6838 76.083904 0.000000 94.883363
8485 58.189197 0.000000 64.947973
1933 59.462109 0.000000 65.396210
1823 100.000000 21.283583 95.723472
1825 100.000000 23.248352 95.615127
6437 100.000000 22.227242 96.987162
10535 22.528655 0.000000 36.985442
6517 100.000000 63.442249 42.949204
8123 4.369667 69.880328 100.000000
3390 83.637301 0.000000 97.464277
2891 85.046463 0.000000 97.381434
2890 84.722222 0.000000 100.000000
3696 100.000000 68.767144 1.676406
12595 0.000000 29.501201 3.887198
10237 10.576513 45.814778 100.000000
5267 9.689544 48.111634 100.000000
8312 24.686129 9.025935 100.000000
2922 33.592200 100.000000 40.168360
7017 78.336624 100.000000 30.822917
8245 78.093365 100.000000 25.122147
6366 76.548560 100.000000 27.834485
6507 64.272096 65.060130 0.000000
543 1.320244 36.685385 0.000000
9105 65.670690 39.151184 0.000000
983 51.621240 31.805885 100.000000
4644 89.994397 4.554051 0.000000
5396 28.336409 11.293281 0.000000
3299 29.675348 10.694339 0.000000
4792 23.018926 5.721475 100.000000
5398 22.129413 4.732619 100.000000
10102 23.166063 2.794809 100.000000
5826 1.018283 28.861276 100.000000
7070 0.000000 30.188679 100.000000
8406 37.961989 30.445941 0.000000
794 44.652111 44.490380 100.000000
796 44.697932 47.838381 100.000000
6546 33.879103 24.768332 0.000000
9520 24.116881 100.000000 43.992719
1671 87.410635 95.049976 0.000000
9586 0.000000 25.666707 64.269564
9690 44.059192 52.067110 0.000000
6568 37.195956 43.078654 0.000000
6804 100.000000 1.662240 17.885321
3583 16.406395 0.000000 75.872313
5486 15.624159 0.000000 74.063238
2529 28.590121 100.000000 74.837369
10388 100.000000 38.215823 47.211591
1339 38.209867 15.599566 0.000000
1340 37.092724 16.660834 0.000000
7941 49.557568 26.889711 0.000000
7701 49.512223 28.241131 0.000000
4918 96.007810 81.295465 100.000000
12814 77.512923 100.000000 96.475839
12815 76.701552 100.000000 97.737611
6413 72.017777 25.556161 100.000000
8252 100.000000 93.477270 54.915893
1152 100.000000 95.662276 52.637366
6770 56.071100 0.000000 32.620894
2703 100.000000 41.726587 76.550819
809 100.000000 41.189016 78.772232
6791 6.061959 11.465173 0.000000
1163 0.000000 77.442300 5.752407
2509 98.314082 100.000000 54.378062
2511 100.000000 100.000000 52.173913
5190 98.999364 72.708378 0.000000
6131 100.000000 31.108783 5.126833
8802 100.000000 30.195899 3.349763
2368 100.000000 33.020681 3.088997
10365 0.000000 32.075472 100.000000
294 83.888659 0.000000 68.057284
292 82.665439 0.000000 68.485668
9502 32.750062 12.016963 0.000000
5565 6.145700 89.789703 100.000000
6484 23.509483 0.000000 43.108626
439 19.947349 71.455449 100.000000
3647 21.368245 70.138482 100.000000
8157 64.548164 19.110589 100.000000
3639 100.000000 19.346884 4.234749
3641 100.000000 18.345772 5.172305
7672 45.611547 34.651696 100.000000
8488 44.727609 31.801620 100.000000
9482 46.121679 31.903040 100.000000
2504 27.857901 89.424474 0.000000
2505 28.979662 91.297808 0.000000
2503 29.748703 89.863670 0.000000
6233 3.707975 0.000000 25.633932
3323 100.000000 17.321015 6.319211
5329 100.000000 16.265122 4.942721
3516 10.844848 100.000000 33.108334
5887 48.899156 27.100344 0.000000
6316 48.497191 28.759784 0.000000
7978 3.603126 98.420300 0.000000
4927 33.979426 67.722264 0.000000
10230 100.000000 66.480707 15.822672
1166 100.000000 63.892019 14.450675
206 100.000000 0.000000 22.580645
8886 92.424564 15.658133 100.000000
2754 0.000000 0.000000 23.333333
1910 49.502977 29.846922 100.000000
3455 2.127141 87.478216 100.000000
9266 47.562908 100.000000 23.906374
6276 84.653939 49.154561 0.000000
8852 73.312163 28.433224 0.000000
7157 72.355420 26.409790 0.000000
2864 16.338639 100.000000 28.433913
7887 34.540601 50.909785 0.000000
1457 33.909638 54.206385 0.000000
7888 35.887833 53.982848 0.000000
2963 72.706004 0.000000 88.616849
8645 73.945330 0.000000 90.000104
1332 0.000000 39.855931 81.680518
3558 0.000000 39.367698 87.945713
1330 0.000000 41.536503 87.547130
9578 24.812168 72.414616 100.000000
929 49.889426 37.164367 0.000000
9871 1.195372 72.817824 100.000000
519 46.105658 100.000000 83.423710
5557 100.000000 53.095980 22.418702
7235 5.588652 0.000000 69.620946
3396 71.479802 61.556134 100.000000
6299 98.627021 57.246245 100.000000
5045 81.991367 0.000000 58.914586
10038 83.147701 0.000000 57.650486
2009 95.423409 59.758807 0.000000
4098 100.000000 65.923596 40.741782
3112 88.889780 92.795576 0.000000
3113 90.550043 95.103857 0.000000
2618 13.019345 100.000000 70.290913
820 12.994186 100.000000 66.285800
12841 41.631749 53.095687 0.000000
5001 32.486436 33.601776 100.000000
5003 33.574885 36.165170 100.000000
1414 1.465421 0.000000 51.696161
1413 0.000000 0.000000 53.333333
6096 31.940310 43.381113 100.000000
388 56.137732 0.000000 83.774199
389 57.474626 0.000000 82.056641
387 57.101448 0.000000 85.417400
6446 91.083604 28.688411 100.000000
8629 1.246183 33.299028 100.000000
9453 1.331851 31.647167 100.000000
2514 13.583667 100.000000 50.936273
62 48.944895 0.000000 27.484610
5456 50.238815 0.000000 26.225272
2901 100.000000 23.226931 50.064402
5340 0.000000 94.717992 92.129114
7277 0.000000 96.852824 91.345186
9257 0.000000 95.632550 83.982511
1114 0.000000 5.279580 94.889851
12738 0.000000 7.118162 97.781565
10476 100.000000 25.649426 3.297125
6644 70.422535 0.000000 0.000000
4791 22.518380 8.237389 100.000000
5399 21.746485 6.762251 100.000000
2338 40.544981 100.000000 40.033528
2331 4.501693 32.427241 100.000000
3488 29.096207 2.784156 100.000000
838 27.716547 2.530162 100.000000
1421 22.808880 52.224324 0.000000
7687 28.380518 64.783845 100.000000
2848 65.222955 70.517243 0.000000
3336 88.791673 0.000000 38.491961
9593 90.486314 0.000000 39.466796
9962 47.405437 8.446704 100.000000
5721 4.723277 10.061791 100.000000
3013 94.362801 100.000000 30.016130
4150 96.557467 100.000000 29.738025
316 95.204820 100.000000 25.255747
4906 23.350755 71.679089 0.000000
2350 100.000000 9.307017 92.454499
3828 42.623061 0.000000 64.078234
1026 43.933958 0.000000 63.113495
9320 43.511697 0.000000 66.360086
2011 18.434875 45.836506 100.000000
1660 5.061978 19.677421 0.000000
7037 0.000000 91.583515 72.743756
3622 0.000000 90.263425 69.626534
9732 77.658388 0.000000 53.348062
8742 44.444444 100.000000 100.000000
12870 100.000000 96.839662 2.330582
8014 12.175531 0.000000 40.515540
6928 51.634181 0.000000 82.010779
3438 16.038517 88.660108 100.000000
882 96.178192 17.872188 0.000000
2856 96.196568 21.229796 0.000000
2306 97.586690 20.262694 0.000000
7629 100.000000 0.000000 25.806452
8122 98.903768 0.000000 28.360345
3986 28.370017 56.997685 0.000000
3987 27.165926 55.070339 0.000000
196 7.407407 100.000000 100.000000
1366 9.259259 100.000000 100.000000
4561 11.669949 0.000000 47.262387
4290 27.257692 14.404511 100.000000
240 55.206663 40.706279 0.000000
1514 56.845192 41.940519 0.000000
8260 48.473850 100.000000 82.595408
5002 34.028211 33.004077 100.000000
10121 100.000000 19.594939 87.699600
1434 36.242940 100.000000 50.675498
6411 89.825563 24.069968 100.000000
575 65.433913 82.511117 0.000000
2485 67.064516 85.327061 0.000000
2486 67.280604 82.175009 0.000000
10173 24.986229 100.000000 83.263444
8356 23.215897 100.000000 83.473303
1827 95.271856 75.504972 0.000000
5269 8.922201 46.013501 100.000000
9401 67.615690 83.247425 100.000000
9476 35.208397 63.985706 100.000000
9825 48.852965 37.811723 100.000000
6671 100.000000 80.670773 59.102118
3094 5.386180 0.000000 44.207928
282 6.090546 0.000000 46.632186
9850 4.758102 0.000000 47.158092
2007 66.543527 0.000000 66.861400
1994 63.562362 70.979130 0.000000
1573 63.742442 57.940349 100.000000
1287 30.208961 48.491863 100.000000
2561 87.812407 84.882412 100.000000
5418 77.637342 22.780935 0.000000
1767 59.030090 55.518269 100.000000
9688 16.083706 22.224082 0.000000
4366 8.037534 29.309490 100.000000
8761 7.372347 28.678294 100.000000
5482 42.214914 100.000000 55.905352
4015 41.135433 100.000000 52.938337
7525 15.168085 28.440813 100.000000
8048 80.152815 79.138294 0.000000
3899 100.000000 6.800243 93.545045
979 100.000000 5.581420 95.346570
4773 91.099548 56.706263 100.000000
4966 91.286922 60.302362 100.000000
832 16.674329 23.565675 0.000000
2166 46.300432 74.843559 0.000000
7230 0.000000 44.429215 57.534964
6278 86.546792 48.847651 0.000000
1214 8.056992 8.940308 100.000000
10557 0.000000 17.961177 71.902844
6231 0.000000 19.889284 69.786156
2206 0.000000 17.296395 67.335464
5147 74.249251 53.112476 100.000000
3739 74.735124 50.492496 100.000000
1406 8.331860 0.000000 41.945347
1405 7.307367 0.000000 40.109706
2279 84.252117 40.255529 0.000000
9241 83.186612 43.033072 0.000000
3997 0.000000 78.095166 63.585654
3996 0.000000 80.039765 67.619234
1203 0.000000 80.132919 56.539676
7906 39.291374 46.632680 100.000000
613 36.279207 100.000000 7.112450
8425 100.000000 100.000000 8.695652
8403 100.000000 97.005616 13.709988
886 77.560161 0.000000 34.005729
6703 26.771392 11.446919 0.000000
5876 26.070064 8.522427 0.000000
8790 50.212925 100.000000 6.050855
1862 69.628435 100.000000 76.135787
9341 69.682889 100.000000 70.261518
2407 30.174682 0.000000 39.393543
2221 29.075067 0.000000 39.985203
1769 60.828939 57.759496 100.000000
3850 22.348712 90.042004 0.000000
2100 100.000000 30.238947 7.583126
2409 100.000000 27.762866 9.470981
1761 100.000000 27.417100 7.363060
597 88.265920 100.000000 55.371147
4997 36.908645 0.000000 69.715303
4810 56.974462 0.000000 71.294864
7109 56.193103 0.000000 75.640583
1645 57.325823 100.000000 75.300326
2925 67.499723 0.000000 57.076685
2926 66.625041 0.000000 59.074336
6541 100.000000 49.495821 79.521397
6301 100.000000 48.936492 82.847983
9123 88.779418 19.366008 100.000000
10272 100.000000 7.847903 15.887649
10142 100.000000 9.723353 14.476855
958 59.696997 0.000000 92.268082
302 58.477347 0.000000 92.250155
7517 3.023984 57.090095 0.000000
5900 5.259160 57.910384 0.000000
9621 14.015495 33.359272 100.000000
5487 23.502197 81.135967 0.000000
4055 22.902587 85.201582 100.000000
7552 57.620545 0.000000 94.667952
10484 93.580708 67.029561 0.000000
1156 84.403697 0.000000 65.478894
7096 83.636520 0.000000 62.653564
3506 11.529775 28.237680 100.000000
10488 0.000000 76.808360 13.158628
1561 89.308049 0.000000 92.561267
3417 100.000000 27.162379 94.443319
1085 2.548812 0.000000 33.384599
9681 94.797433 100.000000 40.139269
9682 93.476425 100.000000 44.896499
6417 29.861054 0.000000 54.946550
6584 100.000000 80.845422 46.828275
9254 16.329810 100.000000 23.615901
227 33.467922 57.051095 0.000000
1752 58.625927 52.159845 0.000000
2812 69.017313 100.000000 60.473702
9883 70.506350 100.000000 56.120095
7302 27.146013 76.462445 100.000000
423 0.000000 88.659637 37.404026
370 100.000000 80.443596 50.939507
6752 13.385424 0.000000 41.579523
5877 26.123598 5.375283 0.000000
4840 10.309123 0.000000 97.602724
4838 9.262558 0.000000 97.190862
4276 0.000000 8.018038 23.177923
3409 0.000000 4.579177 26.241389
8624 83.947947 73.748952 0.000000
7206 70.615655 37.334942 100.000000
5470 68.109262 0.000000 78.027323
5472 66.787204 0.000000 79.381320
181 9.157772 28.895516 100.000000
6960 51.913490 0.000000 36.366000
584 95.868932 25.056760 100.000000
6056 96.299487 28.526342 100.000000
7774 66.283981 0.000000 72.257770
12842 98.877528 19.777532 0.000000
12846 98.647330 22.091674 0.000000
12843 99.140225 17.670414 0.000000
6608 100.000000 75.061411 20.894317
2726 100.000000 76.071232 23.621480
6974 64.967254 59.907831 100.000000
5429 56.509166 22.361208 100.000000
4612 54.912782 19.694411 100.000000
3305 0.000000 43.262391 73.872128
8548 70.606691 0.000000 6.385413
1874 71.462936 0.000000 9.426219
6726 70.047918 0.000000 9.882288
12844 99.245781 10.129843 0.000000
7563 100.000000 12.903226 0.000000
12845 98.824742 11.559583 0.000000
9102 53.993610 0.000000 66.302082
8317 55.556539 0.000000 64.483477
8003 10.776706 8.693008 0.000000
348 64.250749 0.000000 60.807364
1855 10.772232 0.000000 19.630701
1442 11.433664 0.000000 15.339153
1856 12.329701 0.000000 18.649260
10482 10.873435 22.886358 0.000000
1743 11.728530 23.818615 0.000000
4589 54.905253 91.057551 100.000000
10395 87.425366 100.000000 61.220169
6996 8.566186 50.766530 100.000000
7488 10.783135 50.213473 100.000000
6997 9.779372 53.023135 100.000000
7501 14.426032 0.000000 29.582583
797 0.522276 15.952217 100.000000
799 1.097994 14.879928 100.000000
6633 78.541200 0.000000 67.917539
8462 69.943829 0.000000 63.864372
5933 93.916165 78.448451 0.000000
3591 49.053478 100.000000 76.977673
3590 49.839045 100.000000 71.054641
853 0.000000 17.307692 0.000000
4963 17.604211 100.000000 90.152139
446 58.406488 100.000000 64.552327
8930 100.000000 6.139880 27.886627
7855 48.458119 0.000000 18.142587
1448 48.235213 0.000000 21.664004
475 27.861727 44.591621 0.000000
7318 27.078162 41.531861 0.000000
3383 33.038739 100.000000 92.368763
8789 0.794776 87.004621 100.000000
7612 24.642003 55.774921 0.000000
5244 31.942403 0.000000 27.700735
3952 31.230074 0.000000 30.047713
4541 27.562105 38.317423 0.000000
9070 25.933476 39.155122 0.000000
994 2.584116 0.000000 30.023999
1086 3.514035 0.000000 31.016071
6119 47.263688 100.000000 33.283005
10019 46.416041 100.000000 28.679696
352 45.252072 100.000000 32.895919
8490 36.167556 0.000000 87.688556
10538 39.381403 90.501516 100.000000
10157 41.010558 95.478836 100.000000
1554 63.254465 0.000000 38.981550
1555 64.541886 0.000000 40.652047
1556 63.442014 0.000000 42.987142
1981 1.411012 100.000000 28.689929
3465 0.000000 100.000000 37.500000
7225 100.000000 91.374095 78.001902
9561 61.625139 100.000000 82.343788
9327 63.384363 100.000000 85.627687
7285 30.739438 100.000000 3.593940
9671 32.203390 100.000000 0.000000
6222 28.488373 54.013804 0.000000
9878 31.489439 18.654626 0.000000
7218 6.831228 0.000000 64.035811
1473 61.489041 97.216458 0.000000
1471 61.016949 100.000000 0.000000
3483 75.735357 0.000000 80.687421
3891 75.507763 0.000000 83.662544
96 74.305853 0.000000 81.668165
384 10.284959 3.833576 100.000000
3238 10.545056 100.000000 21.766573
975 1.666885 74.098783 0.000000
2496 25.506997 21.264604 0.000000
7885 21.932665 10.663603 100.000000
8331 21.233733 9.031632 100.000000
10212 30.109991 58.092368 0.000000
12816 84.685438 100.000000 97.798863
12817 84.142775 100.000000 97.146917
992 1.324212 0.000000 31.632860
8640 1.147130 0.000000 34.814051
8639 0.000000 0.000000 33.333333
3222 56.264634 0.000000 81.137039
2577 13.609077 100.000000 54.688175
4200 0.000000 65.842770 12.661448
6376 0.000000 64.244016 17.927416
6022 93.966237 62.105882 100.000000
6023 92.629131 62.898513 100.000000
4683 0.000000 87.665337 45.942890
3662 0.000000 55.806386 74.280223
8632 24.602972 47.333761 0.000000
6747 100.000000 73.277423 13.502678
6598 85.725536 78.480815 100.000000
211 58.184283 0.000000 10.864609
213 59.708137 0.000000 10.718637
4909 9.018871 0.000000 93.961078
3285 81.618221 21.091468 0.000000
10366 16.527584 83.858873 0.000000
8239 15.771283 82.038932 0.000000
2373 0.000000 57.173240 41.320442
5019 0.000000 55.595637 36.938263
106 0.000000 55.822442 45.189528
5622 31.573832 100.000000 55.943406
10089 12.951743 49.571040 100.000000
7548 61.097557 100.000000 15.053346
10320 33.754035 70.604595 0.000000
9452 0.736072 30.949849 100.000000
5910 1.060517 70.531307 0.000000
10467 3.272919 31.199838 100.000000
2902 100.000000 22.851169 54.397012
4875 96.625028 88.437558 0.000000
6391 95.654603 90.934170 0.000000
6672 97.479574 92.142397 0.000000
10133 39.490111 100.000000 46.385639
9244 39.333575 100.000000 42.986775
7731 8.331716 0.000000 18.940659
3151 0.000000 86.845133 56.143072
4884 5.771300 100.000000 37.941091
4969 5.157589 76.130388 100.000000
2961 5.267957 77.959771 100.000000
12652 4.888403 0.000000 1.841419
12657 4.074936 0.000000 2.431872
7914 32.275103 65.410340 0.000000
762 32.622489 62.533773 0.000000
2211 12.560466 0.000000 91.306993
7194 55.111030 100.000000 67.604182
5181 56.870996 100.000000 68.896692
3474 36.718910 100.000000 32.356409
3428 5.681457 24.911491 0.000000
10519 10.606150 73.885476 0.000000
9215 0.000000 15.757797 70.517155
2654 80.341225 68.911497 100.000000
10315 100.000000 66.690523 78.712587
7239 3.561083 79.789860 0.000000
1668 3.415400 5.261903 0.000000
9742 23.743498 67.208286 100.000000
4923 51.506069 52.458334 0.000000
10145 100.000000 51.474792 40.813180
6829 100.000000 53.492684 38.644366
2784 93.085017 100.000000 53.983543
8249 23.121836 0.000000 63.332896
8999 86.290679 0.000000 21.251374
8449 6.998381 47.082037 0.000000
6801 8.739612 0.000000 12.613995
1227 61.799377 78.795911 0.000000
827 0.000000 51.671567 18.910683
8440 0.000000 50.202175 16.707596
7329 52.725435 64.410681 100.000000
1342 91.877174 0.000000 91.797570
10267 76.491646 100.000000 74.601311
9059 74.695155 100.000000 76.730111
2676 76.143189 100.000000 80.284264
102 39.724736 100.000000 19.835941
6775 90.926837 73.965348 0.000000
10141 17.810207 0.000000 83.104216
6272 51.424157 100.000000 22.322645
10542 4.263125 100.000000 21.676516
1979 2.048384 100.000000 17.048907
7425 32.016755 68.300897 0.000000
7226 12.209477 85.151312 0.000000
12818 87.174430 100.000000 96.325634
5422 0.000000 74.770490 29.794913
5421 0.000000 75.802900 22.080851
6360 22.043920 84.382659 0.000000
7408 20.150653 84.244225 0.000000
5131 61.321961 62.036010 100.000000
6880 21.908253 100.000000 65.069539
5357 100.000000 26.918789 47.891145
4543 100.000000 26.614527 43.188245
4545 100.000000 30.523733 45.582395
10225 0.000000 33.541935 70.667037
5099 0.000000 34.054098 77.986326
10127 68.097583 0.000000 75.495499
2160 100.000000 69.873173 79.563380
466 29.989777 72.941912 0.000000
3553 26.354531 100.000000 32.872118
5409 15.317633 100.000000 81.292563
9779 10.075243 11.584091 100.000000
8529 39.708725 80.372199 0.000000
4725 17.909864 63.926479 100.000000
1747 98.260667 0.000000 78.542632
5223 25.415449 68.150161 100.000000
7068 100.000000 5.398999 6.151262
7044 100.000000 2.681765 5.713381
1909 68.501249 47.451207 0.000000
9633 100.000000 38.278795 12.247655
5477 38.867314 0.000000 24.856524
1789 5.071264 7.970036 0.000000
4802 0.000000 13.461538 0.000000
12658 3.616313 0.000000 1.959799
8866 100.000000 26.777168 52.122559
1186 54.390918 0.000000 91.462533
1188 55.244579 0.000000 88.675465
3947 33.130189 40.021275 100.000000
9605 34.640837 38.294534 100.000000
3945 35.038689 41.355436 100.000000
4868 37.743772 100.000000 76.015108
4869 37.152916 100.000000 79.235513
8293 52.083498 100.000000 53.752316
7412 9.975883 49.430685 0.000000
6969 94.366197 0.000000 0.000000
7792 70.599667 0.000000 49.763807
1479 71.697234 0.000000 48.145982
535 72.326811 62.137661 0.000000
533 73.855941 63.575077 0.000000
534 73.464910 60.619209 0.000000
1451 83.590432 0.000000 86.957227
9366 29.028471 100.000000 9.591315
4608 87.582426 100.000000 46.443037
4734 88.841028 100.000000 50.073473
275 80.282836 8.458615 0.000000
1363 80.363199 6.407982 0.000000
3114 90.887075 92.690718 0.000000
2389 89.634740 89.690712 0.000000
738 13.208880 0.000000 52.601777
1900 13.161711 0.000000 55.901549
5879 64.736866 45.602495 0.000000
4275 64.208667 100.000000 32.514449
7739 35.396866 92.626654 100.000000
2827 89.100915 78.442017 0.000000
8055 89.254032 81.354399 0.000000
5036 76.324409 23.728789 0.000000
1812 74.904120 24.681787 0.000000
9245 100.000000 33.332656 43.715216
9259 100.000000 51.685701 25.716150
2904 100.000000 53.674468 28.277130
6592 100.000000 50.230227 29.061098
5604 100.000000 20.165350 24.756167
5605 100.000000 18.167063 27.324099
3890 76.934395 0.000000 82.885997
6116 78.061816 0.000000 85.184302
10387 65.442844 67.639224 0.000000
7801 59.730919 100.000000 85.426639
3672 60.040979 10.627267 0.000000
12574 0.000000 90.734014 95.306302
12575 0.000000 89.763032 93.228841
12596 0.000000 88.574294 94.369601
2464 30.508475 100.000000 0.000000
10180 29.255697 100.000000 3.212596
2976 5.339033 22.697544 100.000000
5417 76.298852 20.813043 0.000000
168 3.630891 85.996178 0.000000
6112 57.054549 17.313789 0.000000
8823 100.000000 31.143199 50.165842
9303 55.842439 100.000000 30.002461
6915 78.412461 41.861641 0.000000
4685 78.432857 0.000000 82.254585
736 13.213040 0.000000 48.904782
6782 0.000000 40.473435 70.913031
3531 0.000000 40.244417 76.173567
5498 49.295775 0.000000 0.000000
10451 31.601942 71.330989 0.000000
8413 29.641366 70.655750 0.000000
9208 10.133401 0.000000 91.405736
5544 11.299917 0.000000 92.716791
874 0.000000 1.691062 28.623522
2327 19.498007 100.000000 6.116163
9147 100.000000 25.217744 93.849337
7893 100.000000 25.465317 95.206985
4526 100.000000 23.562293 94.343394
4468 100.000000 15.061262 77.884435
10297 12.213697 0.000000 65.332688
7710 12.603196 0.000000 62.037883
7712 13.537406 0.000000 64.142226
3597 98.497777 0.000000 8.666526
6973 1.448988 82.777595 100.000000
8550 40.698016 0.000000 42.463704
5065 78.335454 100.000000 16.661007
484 39.781860 100.000000 35.765424
7249 10.591437 79.208067 0.000000
6707 20.233329 58.479910 100.000000
4806 61.468118 100.000000 43.952440
4311 87.321224 0.000000 89.020819
10581 0.000000 13.625857 61.205000
2205 0.000000 16.315482 62.261337
8813 36.820049 51.525508 0.000000
10547 18.964393 100.000000 84.271412
200 61.887800 0.000000 37.149868
888 61.715514 0.000000 41.390212
889 60.569444 0.000000 38.456956
10422 55.972019 100.000000 42.630733
737 14.554009 0.000000 50.600837
3199 64.913876 9.614784 0.000000
4525 100.000000 23.734669 93.304057
9199 97.002181 0.000000 70.272964
8665 36.009344 48.594760 0.000000
3935 23.522963 48.403694 100.000000
6061 26.499270 50.871055 100.000000
7402 100.000000 69.371288 6.641105
3155 43.096768 41.981198 100.000000
7284 30.664352 100.000000 7.614674
504 4.852118 73.512815 0.000000
10509 6.333562 73.810748 0.000000
2728 100.000000 72.901196 23.290646
8047 24.501357 25.440224 0.000000
10298 23.085222 26.704880 0.000000
9880 0.000000 96.357131 64.240590
9961 36.205712 100.000000 18.905906
9131 74.159899 100.000000 15.124520
4936 46.296296 100.000000 100.000000
4935 48.148148 100.000000 100.000000
10577 20.436767 100.000000 83.180623
3217 22.133093 100.000000 78.952815
10052 23.170091 100.000000 80.060943
9091 23.131664 100.000000 77.647274
1520 48.984466 51.036784 100.000000
8622 43.044200 0.000000 15.534513
2942 0.000000 71.658900 66.850335
10487 0.000000 69.871765 75.140469
10207 30.793083 19.267177 100.000000
7957 0.000000 64.166315 56.510577
7983 94.601204 100.000000 72.308723
10584 0.000000 57.265811 48.642149
9113 0.000000 58.386225 51.496729
7509 2.801584 0.000000 27.391282
2705 98.720443 81.597735 0.000000
1178 31.690713 100.000000 87.885232
6708 4.039327 64.134230 0.000000
5909 1.517971 69.151376 0.000000
8996 0.000000 52.259388 76.982637
7107 0.000000 50.976690 87.650785
3430 100.000000 32.116650 22.442020
4326 88.133030 73.128155 0.000000
6396 31.980948 100.000000 93.635210
1450 47.401835 0.000000 19.725054
1449 46.878810 0.000000 22.649271
9418 51.548419 100.000000 66.794217
4066 28.265324 22.316257 0.000000
6695 10.650790 10.830119 0.000000
6230 0.000000 78.093853 50.120557
8412 28.317365 68.982379 0.000000
7522 18.087162 0.000000 56.777856
8234 16.658820 0.000000 58.275359
8366 1.543301 9.095022 0.000000
7125 0.728649 7.373231 0.000000
2088 26.061280 3.062020 0.000000
2087 26.760563 0.000000 0.000000
1821 65.071330 100.000000 83.353269
6869 0.000000 19.941199 76.503886
2604 0.000000 5.212813 40.016126
2602 0.000000 8.122384 38.920184
12597 0.000000 88.049537 91.290452
7623 5.229233 1.502288 0.000000
7676 12.276719 45.286343 0.000000
4893 12.028436 42.086805 0.000000
2809 10.649325 44.577026 0.000000
2128 22.370695 18.496781 0.000000
2760 80.111215 0.000000 43.081925
3311 0.000000 48.677774 13.677290
3310 0.000000 47.499064 23.897173
6696 9.425907 9.589475 0.000000
7203 61.256702 0.000000 3.559303
6028 98.175643 100.000000 68.908420
4297 100.000000 96.878530 24.125710
9204 2.058858 62.842128 0.000000
9099 41.128917 19.169129 100.000000
10594 0.000000 57.790034 18.401042
4753 1.455424 85.098387 100.000000
9692 56.024899 33.146634 100.000000
3514 12.758208 27.686979 100.000000
5588 100.000000 79.434890 92.528870
12659 22.271067 0.000000 2.759525
31 32.089607 100.000000 10.129586
30 32.693143 100.000000 14.487436
8186 35.583512 0.000000 29.496676
8947 35.287985 56.575291 0.000000
8132 0.000000 97.663269 11.417857
3292 99.094674 93.494998 0.000000
7709 100.000000 22.900318 92.296357
7283 29.584186 100.000000 6.079772
5625 22.061195 100.000000 61.700242
9007 18.960684 0.000000 58.573496
1048 17.855776 0.000000 60.617106
97 74.129201 0.000000 84.609285
8222 49.609863 0.000000 94.362025
4248 49.250239 0.000000 97.482230
1770 9.887061 0.000000 28.637558
7163 10.964655 0.000000 28.252665
3822 10.601089 0.000000 30.820340
7507 93.774180 83.296376 0.000000
10164 93.888472 81.159431 0.000000
7195 92.808586 81.783353 0.000000
12847 99.033050 13.600608 0.000000
3202 100.000000 29.183750 94.803191
3204 100.000000 31.312351 95.967156
12660 8.075013 0.000000 1.860950
12661 9.006362 0.000000 1.409993
1824 100.000000 21.606045 94.647285
3871 51.892572 0.000000 56.211935
6077 0.000000 63.669653 4.061824
9310 0.000000 63.461538 0.000000
8340 2.477071 58.903113 0.000000
10359 16.954205 100.000000 26.201023
3289 66.477325 100.000000 5.679445
9719 21.468865 100.000000 14.249013
5049 100.000000 20.208219 39.467199
6042 100.000000 17.708728 36.468541
490 36.724407 100.000000 3.747469
6918 65.005026 97.060359 0.000000
8029 4.556353 91.807236 0.000000
2095 25.087554 100.000000 62.641091
5466 99.002816 69.777120 100.000000
5514 98.978812 73.195593 100.000000
5358 97.975609 70.495065 100.000000
2657 56.782588 0.000000 91.354396
5428 100.000000 32.789015 11.934654
914 22.121286 0.000000 27.422910
7756 24.548140 0.000000 96.966927
9396 25.589643 0.000000 93.984491
709 78.677389 0.000000 30.788940
1728 65.080800 0.000000 43.964358
2782 92.037287 100.000000 58.612207
8779 7.485737 90.519881 100.000000
612 31.072533 0.000000 42.155385
2903 100.000000 52.341102 31.403844
8431 45.313763 0.000000 2.931599
3773 45.335498 0.000000 6.653805
6772 67.673399 13.076494 0.000000
6961 68.925606 14.628815 0.000000
944 41.349563 0.000000 65.230621
5260 77.670493 0.000000 87.839821
6016 9.382053 15.121138 0.000000
3885 39.436620 0.000000 0.000000
4401 100.000000 79.854687 11.352157
2797 76.681024 85.681873 100.000000
9916 100.000000 35.077616 22.531461
7321 20.629549 100.000000 4.923071
6418 35.875943 16.221844 0.000000
447 58.043227 100.000000 58.156016
3309 0.000000 46.906612 12.852966
8807 0.000000 45.317373 13.289185
12737 0.000000 46.375164 18.133189
9784 0.000000 45.631009 23.129393
12740 0.000000 47.364653 17.140154
5881 64.875953 48.119152 0.000000
3377 100.000000 89.733497 37.243836
6929 100.000000 82.216157 38.262074
2605 98.264461 100.000000 58.760365
2510 100.000000 100.000000 56.521739
6432 80.493934 100.000000 45.130317
6935 31.422461 0.000000 66.733090
6936 30.491794 0.000000 69.879321
3566 0.000000 55.559102 7.830315
10593 0.000000 57.472889 12.338874
2849 48.223683 5.741419 0.000000
668 23.888643 7.341547 100.000000
667 25.154024 6.700421 100.000000
8676 55.562391 36.538935 0.000000
10138 18.692487 90.738393 0.000000
2307 17.753836 88.868598 0.000000
2309 16.921641 90.152874 0.000000
5095 7.628609 0.000000 49.507328
280 6.609094 0.000000 48.712401
6052 7.324652 0.000000 46.691538
10579 10.815753 0.000000 70.606663
8322 9.806959 0.000000 72.933733
8580 63.617255 16.950017 100.000000
9720 20.963060 100.000000 16.706891
7873 65.532343 88.706474 100.000000
6573 1.096309 35.249326 0.000000
5021 0.000000 53.866501 32.443498
3849 22.071445 88.595421 0.000000
193 23.696969 89.790911 0.000000
1462 32.458168 100.000000 30.397864
9638 12.150139 48.631150 0.000000
10455 93.535953 100.000000 62.500823
7001 34.093743 12.843952 0.000000
7727 53.246991 16.932402 100.000000
10415 87.639620 52.310436 0.000000
10174 88.235721 50.052217 0.000000
10382 66.698462 64.108698 0.000000
839 26.290568 4.845253 100.000000
2459 1.565679 38.289344 0.000000
2458 0.826109 40.316701 0.000000
2763 1.763834 40.127453 0.000000
985 52.511247 30.549310 100.000000
9051 52.393611 27.440649 100.000000
12756 0.000000 94.034233 3.143294
12759 0.000000 92.668386 5.111107
7418 0.000000 93.736501 8.513849
4274 64.525119 100.000000 37.431013
7104 66.546840 100.000000 39.756681
5289 66.158962 66.493858 100.000000
5505 67.033569 64.086814 100.000000
6037 7.405371 22.505291 0.000000
4599 18.468383 34.746223 0.000000
1672 88.087005 98.152146 0.000000
1674 42.253521 0.000000 0.000000
1183 80.094541 100.000000 27.478551
9689 75.087223 0.000000 91.355373
1295 55.756626 79.968870 0.000000
411 95.249987 54.584844 0.000000
7223 100.000000 68.995580 42.482021
833 15.419940 23.689905 0.000000
12598 0.000000 51.202548 9.172146
12599 0.000000 52.459647 11.465202
12761 0.000000 51.954202 6.219744
8825 69.104019 85.732062 100.000000
12855 40.918746 55.224642 0.000000
5465 98.028528 67.170741 100.000000
753 81.698966 100.000000 13.378817
8021 83.426932 100.000000 16.073352
4037 75.697471 0.000000 31.429591
6937 21.834902 0.000000 73.789043
7607 63.838601 0.000000 94.078642
9196 63.132589 0.000000 91.056558
12776 0.000000 49.918009 13.356545
12600 0.000000 50.013874 9.492166
4946 7.041925 21.127886 0.000000
1154 0.000000 54.716981 100.000000
1153 0.000000 52.830189 100.000000
12602 0.000000 47.407487 6.857155
12601 0.000000 49.168001 5.832959
12603 0.000000 48.332546 6.591851
2004 71.796981 53.986185 100.000000
1746 100.000000 12.935981 29.009610
1387 72.031421 0.000000 39.196558
9121 75.757163 67.642730 0.000000
9052 53.621516 29.564575 100.000000
7377 53.638588 25.898103 100.000000
7556 63.523276 0.000000 23.110196
2348 69.481780 0.000000 13.573445
2349 70.498895 0.000000 17.007344
2324 7.904931 41.659826 100.000000
2323 7.496317 39.373825 100.000000
5166 63.409413 0.000000 19.291994
4654 13.826045 4.079115 100.000000
539 64.993382 13.977501 0.000000
7679 0.000000 32.216594 82.700032
10156 0.000000 35.007083 84.527991
1532 0.000000 52.557574 49.987261
1534 0.000000 51.385872 46.487422
8421 63.011948 0.000000 97.142965
7301 26.577047 73.606346 100.000000
5693 25.989871 70.852238 100.000000
9234 27.721802 71.961505 100.000000
3089 15.460978 0.000000 43.100403
7376 0.000000 27.464569 80.848698
7375 0.000000 25.602198 83.345583
4284 49.628417 0.000000 70.845681
600 49.969928 0.000000 74.546366
2260 52.722322 81.831488 0.000000
1634 28.556126 94.619935 100.000000
5912 30.662623 95.419703 100.000000
3745 61.543050 49.235154 0.000000
6586 12.843580 20.240250 100.000000
3388 83.333333 0.000000 100.000000
1952 7.504449 0.000000 4.097905
586 97.211418 23.905255 100.000000
1087 96.055308 19.448748 100.000000
4962 17.689644 100.000000 92.932934
6431 78.810980 100.000000 46.674975
1401 78.434451 100.000000 51.412270
8420 62.140851 0.000000 94.180151
957 60.439538 0.000000 94.474958
9181 0.000000 56.985869 68.378609
1809 0.000000 55.290075 65.326182
6543 60.195997 68.353598 0.000000
8666 6.188543 3.054915 0.000000
3200 12.523522 100.000000 44.777362
4375 100.000000 12.355840 96.088322
4376 100.000000 13.770300 94.570915
5726 60.078901 13.426370 0.000000
9231 76.154674 45.673799 100.000000
7420 14.035408 81.194109 0.000000
8993 20.012197 92.131925 0.000000
5702 100.000000 93.748747 9.187870
2909 100.000000 96.678035 4.802773
8426 100.000000 97.123097 8.392786
5681 100.000000 41.323751 86.972742
10130 100.000000 40.892426 83.274870
1829 39.783703 19.264108 100.000000
6335 58.793959 88.097600 0.000000
5635 0.000000 50.000000 0.000000
12773 0.000000 50.445683 5.620653
12772 0.000000 51.105102 4.202509
8187 36.891439 0.000000 28.630585
5448 94.379917 0.000000 62.645789
7521 100.000000 76.792411 95.850528
6597 84.182746 77.567943 100.000000
5761 83.480781 80.288362 100.000000
5854 8.754440 69.666941 100.000000
3756 9.591487 68.440059 100.000000
1774 15.629006 100.000000 84.335144
5443 16.726486 100.000000 81.281409
3754 25.907202 0.000000 66.300943
5231 32.590932 6.650529 0.000000
8258 6.652362 92.212217 0.000000
9794 100.000000 66.389110 88.825669
1878 11.570835 40.653555 100.000000
4259 0.000000 66.120012 56.695081
10363 0.000000 58.065972 62.636963
4938 0.000000 58.972370 56.928856
5057 8.473664 24.070432 0.000000
4402 100.000000 83.010507 13.129572
9029 69.797835 71.497842 0.000000
10025 69.802727 68.274208 0.000000
285 69.836906 41.060871 0.000000
9846 0.000000 57.553831 55.449259
105 0.000000 56.133382 52.722276
9803 0.000000 56.499227 60.268582
4565 16.340826 11.100889 0.000000
2607 1.138331 26.481010 0.000000
8181 18.138587 100.000000 34.063623
458 19.108692 100.000000 34.775085
10585 0.000000 53.508967 47.782641
107 0.000000 54.692748 49.685936
3761 0.000000 40.570114 35.427099
10385 0.000000 53.651630 53.494868
5078 77.104923 0.000000 96.384966
4940 0.000000 59.613368 50.788718
5040 37.806911 100.000000 96.051928
845 36.824169 100.000000 92.417142
10396 93.029564 36.897130 0.000000
3124 0.835876 25.063843 0.000000
12604 0.000000 27.497039 6.703514
6457 0.528838 26.291658 0.000000
10103 20.688223 100.000000 63.380124
12797 46.383086 100.000000 64.328475
7189 24.872809 100.000000 13.555046
5390 90.600762 40.547469 0.000000
5389 90.917628 37.298282 0.000000
217 59.212461 85.594012 0.000000
6336 60.439832 88.642556 0.000000
8984 73.958383 0.000000 92.403437
2613 100.000000 54.953502 76.106925
1744 100.000000 16.144988 30.168730
1745 100.000000 13.447956 31.612942
10539 52.788571 29.001422 0.000000
229 51.502043 29.200697 0.000000
7459 52.249203 31.424545 0.000000
7901 75.155147 0.000000 88.977377
2962 73.998082 0.000000 87.395444
6891 79.487201 75.144675 0.000000
824 45.234594 0.000000 50.077525
1725 72.534294 22.660527 100.000000
5059 7.748199 23.653004 0.000000
2328 19.486173 100.000000 9.176456
6438 100.000000 19.301416 29.856303
2542 71.459213 15.170029 100.000000
4633 90.529922 20.072258 0.000000
5116 17.533318 91.740098 0.000000
2997 17.514733 75.885876 0.000000
4956 53.815561 100.000000 75.764207
1646 55.382383 100.000000 72.688867
4957 53.588423 100.000000 70.021253
29 55.362561 100.000000 5.636886
5161 12.552688 58.641651 0.000000
6656 13.069144 61.095941 0.000000
4574 15.057903 59.282567 0.000000
4694 30.323885 100.000000 11.636834
8092 84.483876 0.000000 57.034476
2636 46.551171 0.000000 65.541186
7117 92.357811 0.000000 18.861154
7483 71.988684 0.000000 42.281265
2230 97.596447 43.994638 0.000000
7891 100.000000 17.693406 96.261980
7892 100.000000 19.311548 97.443281
7268 91.594355 45.574767 100.000000
10416 91.874430 48.546617 100.000000
701 100.000000 57.952648 50.854044
905 100.000000 56.635614 54.101116
2435 4.533734 38.316479 0.000000
3747 62.891197 50.594435 0.000000
9583 12.625323 100.000000 85.546299
8378 81.355932 100.000000 0.000000
9096 83.171146 100.000000 2.432930
3282 89.359680 85.265551 100.000000
4562 12.096232 0.000000 43.470958
7871 7.673981 25.089175 0.000000
75 67.929990 4.213081 0.000000
8938 91.412156 0.000000 43.906004
2176 21.326169 0.000000 84.057638
7127 22.464936 0.000000 85.514991
5053 6.183131 61.418147 100.000000
1756 7.908062 60.525581 100.000000
373 7.705452 62.748543 100.000000
7246 100.000000 12.458598 26.424035
1177 32.752866 100.000000 90.053594
1179 31.708917 100.000000 91.013358
9305 16.593996 14.899460 100.000000
7320 19.491671 100.000000 2.860943
4581 17.992665 100.000000 1.980718
10383 65.667346 65.319284 0.000000
5191 98.360793 69.804730 0.000000
4349 82.306085 0.000000 61.973293
10037 83.051653 0.000000 60.249120
1546 3.514432 66.448857 100.000000
4086 0.000000 2.334418 55.211452
10023 30.294901 100.000000 89.669841
5309 58.905892 0.000000 62.289180
10555 99.001442 0.000000 84.484101
917 100.000000 13.806959 24.156632
8377 81.684702 100.000000 4.418819
165 72.226294 0.000000 25.653088
8794 93.148680 0.000000 16.233501
9098 88.695506 58.086889 0.000000
1727 73.571842 25.772892 100.000000
8494 75.193465 25.872031 100.000000
5686 47.866308 0.000000 25.286755
5246 10.882650 0.000000 73.350212
8228 98.390097 96.217979 0.000000
6639 13.606199 79.200785 0.000000
916 100.000000 15.069514 26.917986
312 4.382790 31.760989 0.000000
7740 35.378261 95.396198 100.000000
5838 47.858733 77.346982 0.000000
9380 0.000000 25.000000 0.000000
9497 33.296583 64.982176 100.000000
3783 33.265199 60.903984 100.000000
7446 35.117412 89.212628 100.000000
8469 85.608377 4.307943 100.000000
8641 87.518872 9.112950 100.000000
8501 24.439671 22.929124 0.000000
4821 25.809814 23.769774 0.000000
4977 9.892582 16.483493 100.000000
10424 5.009376 79.689291 100.000000
3772 46.798093 0.000000 8.112466
10578 20.312755 100.000000 76.563230
5615 20.420496 100.000000 73.601992
7008 0.000000 4.633344 15.662026
4839 10.210513 0.000000 94.814279
7840 70.022366 100.000000 50.198665
8050 73.179513 4.755787 100.000000
4469 74.124173 9.546466 100.000000
2950 5.919628 27.318122 0.000000
2437 26.104889 100.000000 62.097041
2670 27.655553 100.000000 3.215531
1965 99.210963 0.000000 81.147774
9152 8.540992 25.999595 0.000000
9034 100.000000 100.000000 82.608696
6068 52.778385 0.000000 14.806472
4697 52.662044 0.000000 11.809254
4333 8.699979 71.452610 100.000000
5050 70.373952 96.344159 100.000000
9943 25.004705 4.655337 0.000000
2466 28.813559 100.000000 0.000000
2465 29.451627 98.917558 0.000000
1460 45.407646 36.644365 0.000000
9891 3.685863 22.064264 100.000000
8885 16.755460 100.000000 58.504111
815 17.508832 100.000000 60.604180
7257 46.028715 49.634675 100.000000
1322 3.960703 29.085498 0.000000
574 65.290557 85.871088 0.000000
4852 90.908338 53.128223 100.000000
4853 89.728146 54.161461 100.000000
8516 55.942435 8.894870 100.000000
12893 32.026981 100.000000 44.484692
6013 53.109553 85.135614 0.000000
5213 95.134348 0.000000 91.531070
10448 7.511744 73.154966 0.000000
8336 7.501960 74.903320 0.000000
10449 9.002915 74.362416 0.000000
9138 25.339092 0.000000 72.914076
9159 96.171490 100.000000 68.174847
6125 0.000000 42.227697 44.346942
5110 9.576817 26.285707 0.000000
3980 78.382255 100.000000 37.426361
8069 76.479955 100.000000 33.327649
7047 0.000000 33.373488 57.630302
7786 0.000000 33.246022 63.373627
6992 0.000000 35.074452 60.470473
3215 100.000000 20.625610 64.497181
10165 13.795438 7.510110 100.000000
9225 17.477564 100.000000 35.971773
3224 56.994390 0.000000 78.670680
7785 93.808894 0.000000 41.811419
10033 92.390121 0.000000 40.172933
4549 24.963331 100.000000 46.021755
9519 25.273851 100.000000 42.961711
1802 18.849570 100.000000 32.024622
7286 5.542515 71.497974 100.000000
4744 0.000000 0.000000 90.000000
1425 0.000000 1.449247 94.119656
9947 82.587011 0.000000 40.378797
2056 1.712934 29.424045 0.000000
1816 9.086053 69.944116 0.000000
4396 100.000000 100.000000 78.260870
7969 89.426017 0.000000 61.118300
3765 34.543238 0.000000 5.987256
522 85.376563 47.208858 100.000000
4867 6.598533 27.149052 0.000000
10599 10.409542 75.652225 0.000000
6271 53.935476 100.000000 24.875738
8704 31.680475 0.000000 58.158016
10106 88.977288 0.000000 63.692174
10006 89.824461 0.000000 66.349670
1240 24.487631 100.000000 68.041772
67 100.000000 88.996550 73.213769
4872 33.267813 100.000000 71.308198
1852 31.879078 100.000000 69.452454
3431 100.000000 33.527070 24.932542
5842 87.560213 5.839716 100.000000
5829 87.655868 0.000000 13.209175
3457 4.526868 95.981484 100.000000
1617 77.883560 5.039496 0.000000
6878 46.159691 94.688072 0.000000
6341 18.764922 100.000000 48.639832
5616 27.005997 23.429013 100.000000
662 28.341755 24.817478 100.000000
3545 75.510393 3.274481 100.000000
2592 92.386958 85.769722 100.000000
4011 81.703763 89.514269 100.000000
6668 33.958046 100.000000 90.844382
9677 27.437198 29.509801 0.000000
6113 56.546480 13.899935 0.000000
3682 83.767844 4.157048 100.000000
7927 1.190308 83.803733 0.000000
7366 1.665338 85.402110 0.000000
6167 100.000000 21.417610 27.820603
2811 80.690095 69.183699 0.000000
4515 80.659262 72.413485 0.000000
4917 95.473826 77.920201 100.000000
245 23.285435 21.931877 0.000000
5402 23.196956 24.248832 0.000000
5350 76.640782 100.000000 68.701551
6776 100.000000 49.875902 70.083503
1906 100.000000 51.707947 68.178357
5136 0.000000 18.899917 94.716209
5248 91.550789 25.697097 100.000000
4258 100.000000 83.179148 49.462134
9425 13.212260 0.000000 87.879143
4109 14.083587 0.000000 84.488569
1276 2.529749 50.616320 0.000000
6908 77.108239 100.000000 48.068001
212 58.983061 0.000000 7.217814
7961 23.457096 14.346003 100.000000
9174 33.971363 0.000000 43.722845
631 9.153230 0.000000 31.783865
1814 9.058551 72.407661 0.000000
10606 7.264658 71.182207 0.000000
298 35.956983 0.000000 59.801584
2039 20.033487 33.369614 100.000000
4758 8.651311 100.000000 31.312840
3610 0.000000 82.692308 0.000000
7863 58.333333 0.000000 100.000000
10011 57.437583 0.000000 14.426071
8901 30.928522 100.000000 95.173433
5433 45.942888 80.959999 0.000000
5502 64.389197 0.000000 50.975959
1730 63.892680 0.000000 46.996850
9423 91.779262 0.000000 21.846118
7182 6.150643 0.000000 54.782054
7183 7.297811 0.000000 57.106520
1343 91.856297 0.000000 88.333797
9929 93.195425 0.000000 87.190352
1344 93.497368 0.000000 90.959342
4008 45.421451 60.357097 0.000000
4007 47.208344 62.008873 0.000000
3524 100.000000 74.456894 78.446784
2158 100.000000 72.547985 80.162428
5575 13.609978 98.422916 100.000000
2360 100.000000 62.028264 3.811171
5998 55.998270 0.000000 86.405062
3543 56.677774 0.000000 88.659528
5154 12.215359 5.620249 0.000000
3245 8.631790 2.104208 0.000000
166 73.449075 0.000000 23.207746
7834 33.745744 73.560515 0.000000
7627 52.789861 25.808644 0.000000
41 24.020193 0.000000 60.443442
39 25.484468 0.000000 60.121928
10562 39.674125 84.302793 0.000000
6755 46.182889 84.564894 0.000000
10531 9.943385 0.000000 63.688059
7578 24.711280 0.000000 56.870450
2234 28.474909 18.735271 100.000000
594 29.804709 17.228531 100.000000
2235 29.486460 19.930362 100.000000
5538 11.163082 18.774646 0.000000
5871 100.000000 97.629279 69.841548
1887 16.750772 27.540819 100.000000
9896 100.000000 3.678197 66.726208
6430 0.000000 25.172679 77.403722
10457 0.000000 23.038222 80.149341
9237 0.000000 23.840173 86.409146
3575 56.607186 0.000000 97.177538
4432 18.280595 84.078888 0.000000
8900 96.688541 43.436875 100.000000
9346 0.000000 7.692308 0.000000
6224 23.972444 0.000000 46.178600
8545 25.991358 100.000000 22.043199
7805 26.595657 100.000000 19.007490
9848 0.000000 29.369451 78.013640
456 26.323401 0.000000 62.845289
3667 9.744301 0.000000 10.220888
4603 5.799109 93.792069 0.000000
5097 6.468039 0.000000 51.336935
5096 7.812915 0.000000 53.181014
956 61.228009 0.000000 90.734967
3830 100.000000 17.539009 3.891562
3482 77.227386 0.000000 79.827220
591 23.916537 91.195413 100.000000
590 24.476193 93.868237 100.000000
556 25.426776 92.541219 100.000000
5367 26.577018 94.550993 100.000000
1158 85.214929 0.000000 68.255613
2244 72.752229 0.000000 85.744565
2243 71.458551 0.000000 83.925667
98 72.910695 0.000000 82.760513
5996 98.924170 0.000000 87.712912
9935 66.853270 100.000000 23.228353
9260 65.001608 100.000000 27.264086
1140 5.675084 0.000000 36.704566
4398 85.015111 30.567079 0.000000
6038 33.484344 0.000000 40.452806
9424 32.838548 0.000000 37.619928
5534 55.084473 50.146183 0.000000
80 90.166214 0.000000 74.582334
9491 63.867220 25.923284 100.000000
1753 62.992267 22.475965 100.000000
8158 64.304611 22.389946 100.000000
653 95.719126 87.523475 100.000000
5690 15.824028 66.548535 100.000000
10204 66.440067 6.346681 0.000000
5391 60.081726 0.000000 29.685012
7584 58.735713 0.000000 28.433728
8465 59.840433 0.000000 26.024960
2663 9.253463 73.585623 100.000000
10307 47.659056 0.000000 94.754972
6384 31.381981 100.000000 27.989784
9700 29.932025 100.000000 86.791370
9958 25.798509 0.000000 53.952239
10378 47.472371 0.000000 97.010569
7796 100.000000 29.615995 63.554284
1914 1.918221 62.212751 100.000000
8487 23.198548 100.000000 41.751242
1094 21.957194 100.000000 40.833025
5270 11.980072 0.000000 68.694744
2595 49.401033 3.278697 100.000000
2637 47.236302 0.000000 68.395406
3897 94.636168 100.000000 49.691323
3841 9.817424 3.246044 0.000000
9584 14.187465 100.000000 84.857177
8472 18.936226 96.799453 100.000000
4345 96.586103 48.907914 0.000000
6858 38.892498 0.000000 68.342216
345 25.196275 100.000000 24.544866
462 8.104016 58.162289 100.000000
346 25.363436 100.000000 27.760818
8464 61.169838 0.000000 27.330495
4027 85.815817 1.540064 0.000000
4780 9.025762 100.000000 66.472534
5852 100.000000 54.838710 0.000000
7050 100.000000 51.612903 0.000000
1208 19.677338 100.000000 29.538997
9489 84.954847 90.850420 0.000000
6494 17.361659 20.508890 100.000000
6493 16.509569 18.914118 100.000000
3071 15.340119 14.704666 100.000000
7788 64.508927 0.000000 97.006182
225 46.826181 58.671706 0.000000
12606 0.000000 46.297221 8.020821
5763 42.799911 0.000000 55.454653
414 41.702908 0.000000 54.567558
3900 73.312792 88.661988 0.000000
3247 8.578144 4.040801 0.000000
3533 4.354540 100.000000 35.463576
10143 25.617372 100.000000 9.983203
6290 91.549296 0.000000 0.000000
6291 92.732937 0.000000 2.753640
1808 0.000000 53.530330 61.091362
1201 32.021073 57.555011 100.000000
811 8.573917 0.000000 47.018203
3265 8.114122 0.000000 44.649973
10064 100.000000 79.438069 84.135692
7045 100.000000 0.000000 3.225806
10502 11.573178 76.760785 0.000000
8054 10.395026 77.358014 0.000000
2356 0.000000 18.667451 13.694634
3385 100.000000 46.018798 18.511383
4300 23.227793 64.423731 100.000000
1082 21.651364 64.334940 100.000000
1698 0.000000 65.610741 5.717129
1699 0.000000 67.307692 0.000000
4646 90.811195 2.367767 0.000000
415 41.747255 0.000000 51.027604
9432 66.024784 49.777830 0.000000
8051 67.121910 51.876830 0.000000
4363 12.114887 7.828763 0.000000
4083 18.921048 0.000000 15.465927
394 87.005179 0.000000 61.275527
393 88.120606 0.000000 61.081995
8649 48.929782 0.000000 47.568047
8650 49.929933 0.000000 45.184954
189 24.000130 0.000000 6.772184
188 25.391683 0.000000 7.815960
2913 24.373466 0.000000 10.122329
8225 0.000000 42.307692 0.000000
4635 91.874449 21.729708 0.000000
7051 75.433854 55.447409 100.000000
6909 79.020382 27.271372 0.000000
7038 0.000000 93.083268 67.015522
2969 20.944478 100.000000 31.157310
10548 88.940420 100.000000 76.894983
3827 41.665449 0.000000 61.904194
8560 34.031271 0.000000 75.701305
1974 59.570856 2.499727 0.000000
5848 65.720791 52.152177 0.000000
10239 100.000000 23.583086 4.050647
201 60.868293 0.000000 35.659047
199 61.708899 0.000000 33.810030
12662 9.551451 0.000000 1.688392
1644 55.582467 100.000000 78.546542
2062 96.333697 100.000000 95.537658
9977 10.224186 84.557361 0.000000
6659 11.419667 83.208899 0.000000
3525 100.000000 77.630738 79.816882
8858 100.000000 76.349899 76.013573
5032 47.404814 0.000000 46.382226
5033 47.766483 0.000000 49.448461
5034 46.412677 0.000000 48.378399
6204 18.542981 69.347670 0.000000
9642 100.000000 55.278919 5.908220
4616 3.373637 100.000000 28.476058
6475 54.239280 83.566426 0.000000
1294 54.214053 80.906784 0.000000
4943 78.967081 0.000000 48.086172
4942 77.657191 0.000000 49.561976
7121 70.713356 11.534696 100.000000
3404 26.311657 16.750015 100.000000
1182 1.180718 37.785045 100.000000
739 18.953982 0.000000 74.722453
4496 45.177799 100.000000 77.885719
433 45.533103 100.000000 73.139745
8306 0.000000 89.688116 12.198529
7221 0.000000 90.811743 19.663632
7699 0.000000 91.655266 9.880006
2308 16.085635 88.533645 0.000000
8728 14.632480 88.290718 0.000000
3681 6.902838 100.000000 10.067745
5218 23.982237 92.733843 0.000000
3548 27.156750 0.000000 28.306650
9118 100.000000 38.523092 57.419107
5374 100.000000 40.920769 55.191536
1611 100.000000 41.966447 58.703835
9541 0.000000 36.399121 90.129688
9845 2.382994 23.080920 0.000000
9550 100.000000 9.903680 97.011990
1663 100.000000 10.578770 95.316875
6093 30.646492 76.342489 100.000000
7140 29.539202 72.846654 100.000000
5362 28.279387 96.452792 0.000000
6676 27.014492 95.687274 0.000000
971 45.024846 0.000000 62.164782
9097 100.000000 54.510803 8.809089
1297 61.974215 94.861963 0.000000
7482 72.597703 0.000000 45.013475
9602 100.000000 95.673171 44.763575
2089 27.242055 2.988578 0.000000
10569 4.949992 13.724697 0.000000
8300 4.587819 12.283514 0.000000
9750 62.814950 30.934103 0.000000
1398 62.942664 33.197160 0.000000
1624 48.019850 0.000000 53.486188
1623 49.426331 0.000000 54.199086
6994 0.000000 34.767664 54.203800
7787 0.000000 35.418186 67.114290
2144 2.736228 39.974494 0.000000
2142 3.599624 38.174539 0.000000
2143 2.629101 37.811498 0.000000
2916 76.196718 0.000000 70.737976
7082 58.916287 0.000000 32.561294
1585 8.920799 8.740391 100.000000
1216 8.575076 7.393939 100.000000
6682 16.733340 68.403639 0.000000
7736 81.292071 0.000000 69.349489
192 24.702353 91.521589 0.000000
7698 48.303656 50.723278 0.000000
7669 49.746333 49.432860 0.000000
5986 18.322016 0.000000 4.969542
4175 100.000000 86.485792 84.732006
7697 2.435884 100.000000 91.448790
7473 4.056710 100.000000 91.857067
8899 2.664369 14.228704 100.000000
8872 2.230105 14.100972 100.000000
8270 86.625382 0.000000 34.912082
10596 20.559031 100.000000 11.493604
297 86.604376 73.185893 0.000000
570 84.848343 50.284447 100.000000
4505 3.684265 93.982716 100.000000
9857 68.551323 0.000000 46.129117
8740 19.463079 89.211091 0.000000
2299 100.000000 53.811107 11.615985
5035 100.000000 50.988297 12.793631
3362 64.155047 100.000000 4.760573
12702 1.318380 99.581358 100.000000
12677 2.202220 99.297546 100.000000
3600 3.703704 100.000000 100.000000
12683 2.897260 99.038207 100.000000
6462 23.728814 100.000000 0.000000
7759 35.271111 24.209491 0.000000
9160 97.851637 100.000000 63.704803
5363 28.174854 97.883326 0.000000
12819 68.021055 100.000000 94.990848
1922 67.193883 19.162903 0.000000
3193 0.000000 4.376967 12.512187
3194 0.000000 4.115687 9.385320
8110 30.686259 78.956253 0.000000
4313 57.201055 29.933462 0.000000
6319 15.931764 0.000000 35.357826
8319 56.949464 0.000000 66.640015
1851 30.561414 100.000000 71.094014
10441 29.404945 100.000000 72.232777
2968 98.266234 38.091301 0.000000
2967 100.000000 38.709677 0.000000
10202 6.168584 51.221740 100.000000
2573 97.191109 0.000000 33.522022
380 72.047115 100.000000 52.002526
8786 71.577390 100.000000 45.537459
8795 48.200019 0.000000 98.054152
12607 0.000000 8.372984 1.311497
12608 0.000000 7.297207 1.908262
4093 27.359542 86.030467 0.000000
4095 28.472213 87.948495 0.000000
7164 10.623145 0.000000 25.856840
3977 22.412799 0.000000 89.032292
5366 29.043499 8.898976 100.000000
1815 10.879787 71.916783 0.000000
4054 23.997439 83.661449 100.000000
8578 5.966623 0.000000 41.167268
1404 6.931621 0.000000 43.629135
8230 51.802486 73.959513 0.000000
461 9.699161 59.602637 100.000000
10587 0.000000 94.609297 60.410345
10607 0.000000 92.891406 58.509948
10588 0.000000 94.329493 49.498566
10570 28.418541 0.000000 26.417230
8482 29.896225 0.000000 24.883691
8481 29.356594 0.000000 28.445653
3183 11.014669 60.360560 0.000000
5062 15.771901 100.000000 47.068450
3771 0.000000 3.028645 38.972205
3042 8.109328 0.000000 22.032685
1859 11.208868 100.000000 47.110369
2947 26.223351 0.000000 80.712441
3363 65.075152 100.000000 12.293709
9699 66.865073 100.000000 17.042093
9182 55.961730 19.664607 0.000000
9375 0.000000 98.113208 100.000000
10169 0.000000 31.415372 74.326511
9490 39.852613 63.467264 100.000000
10116 0.000000 50.943396 100.000000
9205 0.000000 96.286893 31.307746
2238 0.000000 98.145834 33.740400
5802 6.390828 30.936120 0.000000
10571 7.045979 31.970475 0.000000
5819 23.141283 77.344542 100.000000
12922 97.275266 0.000000 51.874123
12921 97.695371 0.000000 51.584692
5144 59.830983 0.000000 59.430720
3371 49.647099 0.000000 90.839007
3370 49.428717 0.000000 87.280053
7435 0.000000 1.984067 68.259502
3478 95.153273 2.713427 0.000000
8379 80.359210 100.000000 2.775017
4897 74.804952 100.000000 65.806656
974 0.000000 73.076923 0.000000
8941 73.611111 0.000000 100.000000
9206 0.000000 94.751413 38.616525
4390 0.000000 2.155535 75.268032
10054 100.000000 25.878059 68.248403
9860 100.000000 26.371433 64.986614
5771 98.725424 0.000000 34.303999
2688 90.032923 100.000000 4.889270
7989 9.533284 13.459543 0.000000
8669 55.536461 0.000000 56.813733
9814 55.620166 0.000000 60.511333
6812 54.289382 0.000000 58.843565
1194 42.017713 0.000000 58.175382
8202 31.773499 40.901232 0.000000
8232 97.028377 17.374628 100.000000
6642 17.036282 100.000000 50.681197
10079 16.436580 100.000000 49.092362
194 100.000000 17.542290 75.084331
74 61.932745 26.245228 0.000000
4714 24.992559 0.000000 78.996365
2202 68.492585 91.198522 0.000000
2201 68.628613 88.052992 0.000000
965 51.158377 15.457549 0.000000
963 51.233554 12.934909 0.000000
7090 66.887839 25.142647 100.000000
980 16.653261 100.000000 44.950966
3002 37.860628 49.228519 0.000000
9931 99.008204 100.000000 7.477426
4797 98.521716 100.000000 3.571772
9781 100.000000 72.123020 44.270124
12725 100.000000 96.505849 96.804172
12570 100.000000 98.042108 96.570768
12730 100.000000 97.774920 98.343735
12726 100.000000 98.538446 94.228858
1716 100.000000 48.720284 13.812957
1714 100.000000 46.281895 13.528235
3704 0.000000 0.000000 46.666667
437 20.408412 74.604460 100.000000
7188 1.748446 0.000000 42.967643
4730 16.217620 100.000000 62.187084
3668 15.550907 100.000000 59.252319
576 86.972162 36.834764 100.000000
8563 16.828898 100.000000 37.826041
7417 0.000000 94.230769 0.000000
12857 0.991234 95.675763 0.000000
12856 1.617292 95.056600 0.000000
2586 1.760908 93.629003 0.000000
7406 0.000000 6.408046 8.908152
9724 17.627142 100.000000 23.582756
9348 16.720371 100.000000 20.697513
2937 35.170843 51.309510 100.000000
555 26.812776 92.485219 100.000000
4497 46.988285 100.000000 77.675344
5602 26.538122 37.311030 100.000000
6557 63.971391 23.380830 0.000000
5665 32.138956 100.000000 53.156451
3207 71.727324 0.000000 20.949210
12929 16.657237 100.000000 47.111260
12930 17.123778 100.000000 46.396564
4866 6.878552 28.101964 0.000000
9824 100.000000 27.976758 85.496254
696 94.831599 22.313595 0.000000
6874 94.710929 19.065568 0.000000
4886 100.000000 67.972650 9.536802
471 33.270552 27.126442 0.000000
6803 91.795685 14.756806 0.000000
5511 13.268306 63.512083 0.000000
3182 11.403453 62.473160 0.000000
5539 11.666393 17.248229 0.000000
2101 81.944444 0.000000 100.000000
1806 48.386915 11.159773 0.000000
2125 50.015400 16.004288 0.000000
2126 49.592635 18.281330 0.000000
8656 19.586219 100.000000 23.324084
10567 16.276942 100.000000 51.313716
3523 7.463849 26.940597 0.000000
10018 30.453443 14.694903 0.000000
2843 30.616241 12.238408 0.000000
8295 21.494598 0.000000 68.515760
4163 22.538751 0.000000 68.188830
8267 89.138499 100.000000 46.035189
517 0.000000 5.660377 100.000000
9156 34.560246 0.000000 21.375391
6859 37.866731 0.000000 67.630614
8559 32.838722 0.000000 73.527237
4719 100.000000 63.208459 74.289553
4718 100.000000 63.477154 77.295351
10067 17.435555 0.000000 97.122051
7793 70.153801 0.000000 47.033306
8611 100.000000 47.480160 15.872370
2792 46.323921 5.798642 0.000000
9516 81.676682 100.000000 92.697451
4116 48.838586 8.773122 0.000000
4115 49.635482 6.840963 0.000000
2757 14.340073 0.000000 25.693867
9074 50.859021 7.672158 0.000000
4293 100.000000 0.000000 48.387097
9685 56.736458 0.000000 17.155888
6101 41.168739 17.191728 0.000000
3999 88.532977 0.000000 83.774771
9498 87.048026 0.000000 80.691564
1444 12.843569 0.000000 11.715292
9250 89.228449 19.982168 0.000000
2490 8.501084 35.652783 0.000000
8658 20.422230 100.000000 21.329629
1754 62.586328 24.796393 100.000000
9755 81.399262 82.994250 100.000000
9421 81.723050 79.794210 100.000000
5760 82.916080 83.356092 100.000000
1594 48.211458 18.239632 0.000000
1593 47.524794 15.593265 0.000000
9547 89.020386 24.929941 0.000000
9548 88.523931 21.949683 0.000000
4146 87.476676 23.446975 0.000000
8608 90.988975 12.675722 100.000000
9142 37.938705 54.430299 0.000000
4211 38.683181 52.006836 0.000000
2526 0.000000 62.431832 34.426239
2527 0.000000 63.021923 28.624530
6867 100.000000 22.285795 13.676654
2080 100.000000 38.938844 92.365265
2830 48.032982 17.358288 100.000000
12820 81.674547 100.000000 96.168727
115 53.650676 13.548662 0.000000
114 54.980011 12.108953 0.000000
6375 0.000000 64.344721 25.391325
2398 26.890531 0.000000 59.705342
7579 26.270793 0.000000 56.967558
5719 38.260333 0.000000 46.730058
3843 21.472294 0.000000 7.075589
3527 22.664612 0.000000 5.148364
2423 22.754325 0.000000 9.540645
5695 58.879460 72.079560 100.000000
826 0.000000 53.541601 23.209596
4108 15.522792 0.000000 84.612610
9048 70.370370 100.000000 100.000000
3476 40.188554 50.559850 100.000000
2939 39.442555 100.000000 72.376946
9277 72.474110 47.029391 0.000000
4920 61.362586 92.014190 0.000000
6327 56.281547 10.466862 0.000000
6309 1.971131 9.953004 100.000000
12793 58.580428 65.268971 100.000000
12705 1.318102 100.000000 90.663219
7386 100.000000 66.200513 66.964286
8819 19.322204 57.252488 0.000000
4895 72.884812 100.000000 63.647617
1835 51.063168 0.000000 28.935346
3122 83.697204 100.000000 47.370582
8088 26.445202 100.000000 83.117010
205 100.000000 0.000000 19.354839
2483 78.203007 4.995388 100.000000
986 35.764838 0.000000 3.454689
3766 35.677011 0.000000 7.011893
2319 100.000000 100.000000 91.304348
3953 30.117054 0.000000 30.771621
2274 100.000000 22.014514 31.181164
2857 100.000000 18.762904 32.786918
9058 51.062266 63.729443 0.000000
6897 49.001700 64.444264 0.000000
6566 50.815384 67.444927 0.000000
12902 5.674586 28.123354 0.000000
6692 11.111111 0.000000 100.000000
5953 12.500000 0.000000 100.000000
10028 43.442078 27.209743 0.000000
9659 1.457739 0.000000 6.959815
996 0.000000 0.000000 10.000000
5536 0.000000 0.000000 6.666667
8002 70.986087 33.293677 100.000000
9590 4.490388 22.844621 0.000000
9026 4.444985 24.650503 0.000000
5499 48.899999 0.000000 2.628532
79 90.357063 0.000000 71.318974
147 25.781664 0.000000 40.691047
3286 86.596660 0.000000 68.595431
10020 32.074734 0.000000 69.983760
7570 32.959433 0.000000 66.632039
8748 1.547595 0.000000 10.982351
7015 3.019789 0.000000 12.611140
12569 1.219449 99.027884 100.000000
9591 2.222677 98.137825 100.000000
12684 1.073512 97.323970 100.000000
1364 80.195869 3.894596 0.000000
1365 79.022417 4.474034 0.000000
4647 55.612742 43.311265 0.000000
10168 33.333333 0.000000 100.000000
5772 95.833333 0.000000 100.000000
12686 97.241704 2.006859 100.000000
6308 2.534869 10.567580 100.000000
3656 58.607825 100.000000 24.309214
6590 97.854230 100.000000 18.470505
9866 97.711691 100.000000 24.484088
6641 17.904141 100.000000 49.885238
8101 100.000000 87.777077 14.907769
7659 46.603253 37.201225 100.000000
3942 46.321562 40.368541 100.000000
8634 48.444149 0.000000 95.777959
257 85.986889 63.009930 100.000000
286 4.329580 81.487176 100.000000
633 8.799630 0.000000 29.015728
4813 91.179081 90.089206 0.000000
10124 69.415410 11.602367 100.000000
8097 42.356985 100.000000 87.153185
2265 43.873334 0.000000 35.483157
5198 60.639450 50.345661 0.000000
378 72.491706 100.000000 57.906826
12685 1.014842 98.292244 100.000000
995 0.000000 1.680424 6.573231
9484 53.344526 59.796163 0.000000
2341 53.098920 63.108946 0.000000
9596 12.882390 88.548576 100.000000
9589 5.138103 22.254490 0.000000
7952 78.779632 37.489645 0.000000
2438 25.319392 100.000000 60.205537
9122 77.051048 68.530332 0.000000
2761 81.320025 0.000000 41.622776
10582 38.195788 86.575492 100.000000
3268 70.366970 3.527128 0.000000
8715 17.594891 12.880417 100.000000
6451 17.713600 0.973018 0.000000
8908 33.090265 30.557456 100.000000
6153 100.000000 32.011946 81.452358
6151 100.000000 35.421558 81.825410
2300 100.000000 56.791566 10.420075
10188 72.148997 52.345613 0.000000
6818 16.666667 0.000000 100.000000
2557 16.072451 2.147795 100.000000
9103 55.348072 0.000000 68.699318
6390 9.579432 95.402059 100.000000
3406 8.060620 96.100885 100.000000
3159 8.047985 94.257308 100.000000
3187 30.567120 100.000000 54.012670
6434 3.649050 77.654832 0.000000
7899 0.000000 37.521831 69.904808
7900 0.000000 39.137934 71.839362
4889 0.000000 38.999647 66.271501
2065 41.890621 12.000681 100.000000
2064 43.576948 11.187706 100.000000
2404 7.776036 22.820207 100.000000
374 9.520384 62.003249 100.000000
592 28.650832 15.675625 100.000000
593 30.152299 13.883871 100.000000
4558 80.363154 64.121768 0.000000
2619 14.131444 100.000000 67.301549
9972 53.447768 40.914955 100.000000
3944 44.067797 100.000000 0.000000
7603 47.781377 36.377389 100.000000
1664 100.000000 8.530036 94.413288
12821 88.025739 100.000000 97.371894
12822 88.651625 100.000000 96.806711
4621 45.263388 59.093642 100.000000
1679 46.772450 57.065488 100.000000
1678 47.110954 61.234816 100.000000
8156 63.317313 19.495311 100.000000
2975 8.483063 22.969746 100.000000
12716 91.076618 97.418162 0.000000
12718 92.249060 98.363185 0.000000
9413 92.520223 96.156811 0.000000
12719 92.902697 98.240950 0.000000
8862 91.190994 97.134508 100.000000
8863 89.858245 94.093337 100.000000
8515 31.958658 100.000000 34.053397
8220 0.000000 9.156262 26.492250
4257 100.000000 48.157148 26.427018
3348 69.439122 100.000000 44.696845
2764 1.918590 42.072810 0.000000
5679 0.000000 60.427258 34.856620
12663 7.350818 0.000000 2.157176
4519 66.482012 28.560919 100.000000
9496 13.171415 77.109101 0.000000
9717 11.939466 78.308778 0.000000
2033 92.928888 0.000000 72.449812
5178 13.188175 0.000000 67.292234
5765 91.978564 54.386905 0.000000
5654 41.875882 78.862095 100.000000
7387 100.000000 69.083439 65.725560
6567 50.405038 70.904928 0.000000
9915 87.398981 12.420171 0.000000
431 35.593220 100.000000 0.000000
4317 74.404868 0.000000 13.728353
5790 73.422192 0.000000 14.931888
6328 73.637640 0.000000 11.527145
6146 1.398557 100.000000 53.954860
8243 17.472893 0.000000 70.162197
9706 100.000000 15.330085 33.673250
9555 18.203661 100.000000 43.319510
7330 39.042402 9.630551 100.000000
3892 79.142773 0.000000 17.860971
9116 44.249039 0.000000 2.176090
7041 94.321115 0.000000 74.757959
941 0.000000 19.230769 0.000000
12581 0.000000 16.805612 4.090075
12609 0.000000 17.980492 4.071500
12610 0.000000 19.333677 2.730054
7323 22.092696 100.000000 32.580633
12882 30.685182 100.000000 44.728811
6952 31.349706 100.000000 43.811864
4865 0.000000 3.895806 2.911468
8467 0.000000 5.901990 3.344304
12611 0.000000 5.759609 1.520745
724 71.455604 77.354168 0.000000
1511 32.346060 0.000000 79.367546
8601 63.435691 44.079041 0.000000
8429 20.936260 0.000000 71.526267
4831 95.797520 0.000000 62.719351
3014 85.696812 88.249658 0.000000
6141 98.346304 48.793577 0.000000
10199 22.717551 0.000000 92.154351
7933 1.327866 10.960753 0.000000
7844 42.081082 92.775308 100.000000
7845 42.789721 88.770699 100.000000
7846 44.596349 94.440121 100.000000
4228 95.619406 100.000000 63.589808
6580 20.169555 0.000000 82.547526
6621 27.308912 100.000000 9.714265
139 36.167493 28.836086 0.000000
649 36.128619 32.177865 0.000000
1258 75.953344 36.014350 0.000000
10361 75.261962 33.514744 0.000000
7220 0.000000 93.251149 17.928882
1417 100.000000 76.526760 9.796593
170 5.655806 86.578159 0.000000
8053 0.000000 30.998830 66.389478
7362 11.346944 84.549544 100.000000
10152 34.991075 14.778051 100.000000
8614 35.256594 17.567628 100.000000
7816 58.221270 0.000000 84.419005
9201 54.421353 100.000000 11.544679
6331 11.894633 18.795550 100.000000
7264 16.316200 0.000000 97.089473
6521 10.313347 90.465613 100.000000
6519 10.653561 92.483909 100.000000
9714 18.921419 100.000000 89.552017
5741 31.829774 0.000000 88.657419
3252 15.826289 100.000000 95.548788
7498 98.259464 53.508606 0.000000
871 100.000000 28.798665 70.460378
4283 100.000000 32.265197 72.228137
2181 79.160872 51.841487 100.000000
1215 7.379564 7.654385 100.000000
1681 15.299388 80.137484 0.000000
4089 100.000000 95.730309 56.986478
5891 75.820293 0.000000 39.256312
12763 0.000000 54.157327 6.791480
2660 71.174893 31.204456 0.000000
8039 71.440065 34.059233 0.000000
3191 100.000000 62.687102 96.974388
3192 100.000000 65.517241 100.000000
412 93.560534 54.373179 0.000000
9983 53.415377 32.161164 100.000000
7186 71.961484 38.573446 0.000000
1145 30.840180 100.000000 34.397975
10214 19.580250 100.000000 91.878010
9301 86.675005 91.639722 0.000000
5483 9.938305 84.648670 100.000000
2850 59.301042 86.039462 100.000000
3798 57.500229 82.422033 100.000000
47 69.082077 98.235758 0.000000
1879 13.154341 37.915902 100.000000
5300 14.978866 37.929481 100.000000
1877 13.734977 40.701172 100.000000
5652 11.315996 69.264127 100.000000
3000 38.718579 47.306751 0.000000
8861 36.939690 17.781857 100.000000
9384 36.149827 14.728174 100.000000
2321 0.000000 90.086557 58.254101
4933 30.400211 3.102846 100.000000
8805 50.704225 0.000000 0.000000
8527 91.023079 100.000000 69.084530
5705 0.000000 4.826411 77.646119
4391 0.000000 3.354752 72.835497
4675 37.611611 100.000000 51.775976
2339 52.908855 66.748414 0.000000
12905 48.126977 0.000000 46.954885
8060 4.778641 68.209054 100.000000
9812 3.162376 68.230472 100.000000
9518 22.474699 75.357792 100.000000
1172 83.870988 0.000000 48.291797
4712 88.544703 55.153963 100.000000
8745 48.212939 86.756919 0.000000
6041 100.000000 26.605672 61.768581
3214 100.000000 23.599968 63.144302
7678 0.000000 34.228797 89.564996
2334 98.305085 100.000000 0.000000
12712 98.557846 98.510525 0.000000
12711 97.536202 97.824120 0.000000
6860 7.438146 0.000000 88.944693
3907 82.811719 0.000000 33.541845
6340 80.180644 0.000000 71.467146
9084 12.229659 0.000000 37.662986
9828 13.053896 0.000000 38.977142
2022 15.496691 0.000000 23.430830
12741 0.000000 5.022198 98.899718
1427 0.000000 3.767185 96.637483
12744 0.000000 3.837773 98.497934
12742 0.000000 5.547098 98.262890
8491 9.069757 39.352580 100.000000
1293 54.091840 77.950775 0.000000
1254 99.011040 3.601992 0.000000
4693 0.000000 38.095111 90.734071
9494 46.393545 100.000000 95.526015
69 18.441828 0.000000 53.032616
10058 90.721273 49.634148 100.000000
9888 92.080935 52.032403 100.000000
6092 28.449908 74.863935 100.000000
5 19.754919 12.378754 0.000000
6957 0.000000 25.425172 9.158444
935 40.243111 100.000000 49.363094
936 38.679618 100.000000 49.103499
6474 48.544123 0.000000 56.869266
9514 83.577305 100.000000 91.951559
1542 62.122739 44.384573 100.000000
1032 14.147925 100.000000 63.872783
2090 86.235951 21.997904 0.000000
2600 7.796443 92.407027 100.000000
7911 31.270673 15.878883 100.000000
9697 86.368333 0.000000 86.599475
5820 27.484594 34.495695 100.000000
5821 28.297689 37.238295 100.000000
1218 57.746479 0.000000 0.000000
6564 58.308053 0.000000 3.630950
5618 28.406314 21.675379 100.000000
6171 46.363886 0.000000 26.479498
4199 0.000000 63.965834 10.626291
1581 82.146325 0.000000 87.126905
12584 0.000000 97.056590 96.544279
12612 0.000000 96.001584 95.349062
12613 0.000000 95.154098 96.726729
10029 42.169630 27.003318 0.000000
6839 93.359691 100.000000 82.294738
8603 0.000000 6.245011 75.246682
6679 8.428505 37.622216 0.000000
9410 100.000000 6.147979 2.308261
5981 100.000000 7.217867 5.124117
511 28.820599 0.000000 19.412828
7549 74.568323 59.072664 0.000000
10560 73.068161 57.706122 0.000000
4724 18.660423 62.043387 100.000000
9210 32.394366 0.000000 0.000000
10217 31.742116 90.206073 0.000000
10474 0.000000 95.618019 21.522735
2841 31.663701 11.419584 0.000000
7878 82.629762 0.000000 46.891618
7441 49.738802 0.000000 56.937481
1567 0.000000 75.471579 48.683231
3821 10.227179 0.000000 34.010939
10368 84.176590 0.000000 60.053672
5919 4.539991 63.949950 100.000000
10008 13.813096 78.961182 100.000000
729 13.535528 80.948790 100.000000
954 68.008494 0.000000 28.414050
4001 69.335756 0.000000 31.625272
101 32.232689 29.190486 0.000000
8508 24.764707 33.090462 0.000000
9393 89.405331 34.483001 0.000000
5782 89.477917 31.349652 0.000000
1697 78.929030 66.330661 0.000000
64 49.399471 4.531322 0.000000
6971 49.650426 85.161367 0.000000
6756 47.796915 83.341430 0.000000
10390 40.264017 87.460673 100.000000
7520 3.205275 91.779115 100.000000
6024 36.715143 77.955434 100.000000
5655 39.114225 78.561651 100.000000
2743 54.661853 0.000000 76.631714
8793 48.267046 84.388912 100.000000
4118 86.665492 32.911330 0.000000
7129 32.223328 0.000000 63.571762
2803 90.320429 0.000000 85.980805
680 0.000000 67.403508 49.454578
1632 0.000000 67.034192 40.822338
4412 3.045244 0.000000 88.632744
3156 0.000000 58.696442 70.776356
3677 0.000000 59.413605 80.581346
1335 65.562430 49.997564 100.000000
473 67.125793 50.974707 100.000000
9085 66.281480 53.750060 100.000000
5543 11.239210 0.000000 96.008481
2668 3.661490 40.068704 0.000000
8706 95.872089 0.000000 70.670513
12758 0.000000 52.982027 16.692335
5971 0.000000 8.656921 92.785054
12896 34.986086 100.000000 42.628110
12894 34.119526 100.000000 42.509482
7467 0.000000 11.320755 100.000000
12743 0.000000 10.152038 96.374049
4484 100.000000 23.273214 66.183776
3440 43.026950 0.000000 60.783004
3339 27.132366 56.278836 100.000000
4530 31.390229 3.784412 100.000000
669 89.970985 0.000000 3.414594
2119 0.000000 83.018868 100.000000
4416 22.459520 16.067533 0.000000
9495 14.631966 76.628941 0.000000
5714 85.706288 87.285280 100.000000
7231 0.000000 45.346774 54.141172
2252 68.820002 38.225619 0.000000
7046 100.000000 3.763154 3.401367
8851 100.000000 0.000000 0.000000
12727 100.000000 3.284235 1.427407
6026 100.000000 100.000000 69.565217
4444 10.095372 0.000000 23.060430
4446 9.328779 0.000000 20.725738
7583 57.453305 0.000000 30.530044
10357 0.946841 0.000000 61.630029
8044 18.865843 0.000000 27.844829
7741 77.313789 0.000000 38.800204
2480 82.500855 73.656362 0.000000
4876 95.736045 85.520855 0.000000
8289 0.000000 10.558338 29.022705
2005 66.384528 0.000000 69.370413
1982 15.761398 98.267090 0.000000
12647 17.529916 0.000000 2.667914
9957 30.226649 88.186870 0.000000
1286 0.000000 3.503651 46.015411
1722 69.703622 64.985830 0.000000
7749 4.202623 0.000000 50.079718
281 5.533626 0.000000 49.394021
7651 5.073350 0.000000 52.444792
9795 69.750677 13.041385 0.000000
12839 99.560615 4.375455 0.000000
1255 100.000000 3.225806 0.000000
12848 99.538061 3.031182 0.000000
7683 51.054407 0.000000 42.680670
8681 49.668895 0.000000 41.720621
1544 3.181310 64.601457 100.000000
7618 33.059998 92.069227 0.000000
7395 28.100799 0.000000 38.943430
6620 28.232973 100.000000 6.386333
385 10.612138 5.808826 100.000000
5956 73.378148 0.000000 48.343590
1056 39.058653 100.000000 13.969341
10234 11.241120 0.000000 35.959317
6924 4.008362 10.541916 0.000000
6095 30.915686 46.217005 100.000000
8577 30.048278 43.190294 100.000000
2122 34.157999 81.825685 100.000000
943 0.470057 19.709570 0.000000
8576 29.000960 46.342784 100.000000
6182 28.224236 42.968198 100.000000
942 0.000000 21.153846 0.000000
5206 85.166456 90.274825 100.000000
6508 84.016981 86.840869 100.000000
4749 0.000000 62.264151 100.000000
4634 90.284827 22.948526 0.000000
8393 92.119122 25.232622 0.000000
1650 19.144470 0.000000 60.890276
7263 15.475599 0.000000 95.421608
486 39.032346 100.000000 39.410818
2054 1.353876 30.580755 0.000000
8637 1.925422 0.000000 86.922473
10389 40.968157 83.477122 100.000000
10391 38.167952 82.663904 100.000000
8302 30.018781 63.738147 100.000000
4408 7.463956 13.277020 100.000000
10472 8.413003 13.254032 100.000000
361 7.785852 14.864107 100.000000
7694 26.188960 0.000000 5.895059
8920 49.608479 100.000000 44.112790
7715 52.225295 100.000000 46.181965
10344 31.613613 62.681966 100.000000
5836 31.458385 59.935649 100.000000
2066 91.441738 0.000000 47.516148
5204 86.358735 93.622441 100.000000
1204 0.000000 82.102100 51.581143
406 17.340596 0.000000 29.122513
10335 100.000000 63.393537 64.427875
7856 14.309458 0.000000 43.439420
10304 90.697528 26.743300 0.000000
208 100.000000 24.072721 75.151291
868 100.000000 26.489790 78.023270
6558 65.328018 25.714115 0.000000
402 34.969437 0.000000 40.583853
9407 64.016387 33.551463 100.000000
8585 10.573485 34.170548 0.000000
8953 80.792244 35.559614 0.000000
513 0.000000 100.000000 0.000000
12865 1.190689 99.542924 0.000000
12571 1.064027 98.913366 0.000000
12864 0.461262 98.705999 0.000000
2455 87.362367 100.000000 88.836118
1791 4.635228 9.263915 0.000000
6596 34.642787 9.375963 100.000000
2695 93.804878 100.000000 11.354698
6589 95.792966 100.000000 14.679797
9922 100.000000 20.672484 9.368112
8673 100.000000 21.351073 11.318064
7060 100.000000 24.806265 80.906572
6835 0.000000 72.808310 34.725558
869 100.000000 30.406631 78.328065
7424 30.099433 68.661971 0.000000
780 100.000000 14.373190 87.581095
8476 1.908407 12.132171 0.000000
6800 91.429830 0.000000 24.427781
7860 90.230108 0.000000 21.998952
2120 0.000000 84.047489 92.684290
5010 50.549703 0.000000 84.609427
4205 100.000000 60.302112 32.957753
4771 92.277105 55.611631 100.000000
4772 92.484217 59.284086 100.000000
1165 100.000000 67.048527 12.591890
1167 100.000000 64.398161 10.963736
4915 59.727995 0.000000 35.834210
4902 15.664240 40.454441 100.000000
8373 51.224370 0.000000 75.548796
50 35.052023 100.000000 50.143280
9230 0.000000 3.779753 6.114557
7025 12.523594 0.000000 34.580722
9370 2.881352 23.861366 0.000000
6925 5.064224 10.978826 0.000000
9150 3.786599 25.585827 0.000000
4939 0.000000 60.526730 57.181349
1830 38.425669 18.895355 100.000000
2192 36.905803 14.446846 0.000000
8822 100.000000 34.264357 46.802193
10310 24.169171 100.000000 86.162789
9190 22.430889 100.000000 87.282486
9625 24.401718 100.000000 41.391074
9852 68.210514 44.860091 0.000000
284 69.119807 43.297402 0.000000
9693 67.906864 42.673062 0.000000
10317 3.220272 32.499101 100.000000
474 66.301036 47.298452 100.000000
148 26.813592 0.000000 38.012905
3133 12.012504 100.000000 78.068170
2647 9.447634 88.076680 0.000000
5587 100.000000 81.353375 97.137756
6585 13.923194 21.280234 100.000000
1143 26.368783 94.520859 0.000000
7662 27.900873 94.996188 0.000000
5439 66.969365 16.674137 100.000000
10268 95.774648 0.000000 0.000000
8118 40.499801 22.278470 100.000000
7397 0.000000 80.137412 78.371708
9885 37.421742 21.687729 100.000000
4934 30.362892 6.291891 100.000000
12728 100.000000 1.611230 3.085138
10166 49.113696 54.041848 0.000000
5330 50.062531 51.970601 0.000000
9249 49.815964 0.000000 16.347190
3189 100.000000 0.000000 35.483871
9991 100.000000 95.489723 65.848884
6827 13.223716 100.000000 74.178713
118 25.787761 53.741123 100.000000
1497 25.043048 57.080904 100.000000
773 76.964197 100.000000 52.394331
72 62.442682 28.714719 0.000000
9973 46.336727 0.000000 52.514427
9198 21.438727 79.249686 100.000000
6513 54.632167 96.689774 0.000000
3205 10.458874 100.000000 78.281439
605 22.612803 0.000000 45.860609
8972 100.000000 19.975343 96.297280
4409 6.587098 13.235977 100.000000
2610 40.327554 100.000000 70.195238
5833 41.842193 100.000000 26.630067
2956 43.650654 100.000000 8.887527
10097 100.000000 69.444932 62.073052
997 0.000000 1.948917 9.730554
1739 14.340577 0.000000 22.385331
3040 66.383025 13.751360 0.000000
1925 38.815395 0.000000 36.869480
3976 100.000000 61.470600 10.775435
7313 87.620377 76.151953 0.000000
104 40.115762 100.000000 15.896635
289 3.052275 13.888481 100.000000
5610 71.986487 59.194928 0.000000
1811 73.482919 25.641703 0.000000
9632 30.806108 100.000000 40.396233
457 19.929857 100.000000 32.972203
459 19.966481 100.000000 35.540660
10219 65.862591 79.409972 0.000000
2742 55.054821 0.000000 72.903944
9295 14.721209 0.000000 46.488613
4560 13.232552 0.000000 45.190947
4338 35.794184 100.000000 69.733328
8840 98.148148 100.000000 100.000000
12796 97.084831 96.864391 100.000000
12706 4.464228 100.000000 95.289220
12704 3.280288 100.000000 96.626554
4858 77.447140 73.380827 0.000000
5311 78.153798 77.457286 0.000000
850 59.154930 0.000000 0.000000
7980 41.013195 100.000000 85.635235
2207 0.000000 19.112916 63.725624
9538 79.681563 100.000000 74.608151
2678 78.294506 100.000000 78.298915
9951 28.667833 0.000000 97.573139
1692 93.220339 100.000000 0.000000
559 9.534326 36.176249 0.000000
4289 28.889715 12.294543 100.000000
9251 27.777778 0.000000 100.000000
4922 50.848286 50.575620 0.000000
4629 45.198114 0.000000 23.228703
2491 9.370701 34.525661 0.000000
7614 100.000000 20.800761 75.855246
6606 0.000000 93.550401 28.262164
5450 0.000000 93.690001 35.287078
6605 0.000000 94.779345 30.999250
4436 100.000000 59.123554 47.219917
9907 85.843847 0.000000 75.772532
12883 96.401231 79.185040 100.000000
12884 96.941230 78.575703 100.000000
5150 2.367516 9.110816 100.000000
5151 2.118392 7.488788 100.000000
6663 26.431638 0.000000 46.191354
852 59.793847 0.000000 3.593568
4691 100.000000 90.925517 13.826539
4690 100.000000 88.748650 18.007955
639 1.961558 0.000000 36.164839
65 49.975386 2.481245 0.000000
9686 16.770457 0.000000 85.142605
5176 83.603933 76.381614 0.000000
4125 0.000000 11.079757 39.610090
6126 14.701729 100.000000 74.168218
4510 31.211039 95.565836 0.000000
4509 30.284365 94.593834 0.000000
4494 9.367387 79.856495 100.000000
2305 100.000000 22.580645 0.000000
12849 99.042833 23.937455 0.000000
7262 68.100896 21.202524 0.000000
7261 68.436116 23.412568 0.000000
7576 100.000000 65.144167 56.952384
9414 14.348513 100.000000 70.653950
6735 88.145089 0.000000 16.911168
6505 16.108654 100.000000 55.993452
6886 13.352969 100.000000 3.667928
9481 49.352013 10.688105 0.000000
10299 71.626236 56.415824 0.000000
3670 15.085342 100.000000 62.115618
7638 98.086254 63.931305 100.000000
2750 97.099773 61.466462 100.000000
4061 0.000000 76.181819 72.004565
5509 17.829913 0.000000 86.139999
3172 49.944191 61.289488 100.000000
89 31.434681 68.361708 100.000000
88 31.563898 65.799793 100.000000
742 32.989446 68.261491 100.000000
10155 87.491893 0.000000 37.496000
4975 11.028215 17.066505 100.000000
7291 100.000000 16.698657 94.908260
10235 23.962152 0.000000 93.626855
7954 23.138861 0.000000 97.067049
7760 35.065263 100.000000 40.245387
12897 35.396198 100.000000 42.010633
10055 5.234425 33.236410 100.000000
981 17.568205 100.000000 45.259669
6705 74.894723 91.286628 0.000000
1941 80.194200 100.000000 6.173371
3143 65.514770 62.952274 100.000000
3142 64.579516 65.190342 100.000000
6845 43.611896 19.513460 0.000000
10253 1.835937 0.000000 76.621858
10486 2.713812 0.000000 79.354664
4236 17.482814 98.212963 0.000000
19 28.838940 100.000000 43.526140
60 49.864193 0.000000 29.070493
6923 0.000000 0.000000 80.000000
4341 3.013807 22.455910 0.000000
3585 15.334899 0.000000 77.248148
4669 53.958411 83.720108 100.000000
5303 67.991563 28.867706 100.000000
12616 0.000000 43.154935 3.206388
9149 8.046385 0.000000 84.931714
9946 0.000000 12.349351 56.763689
3241 76.289859 60.396039 0.000000
460 9.832285 57.471078 100.000000
8853 45.681486 100.000000 2.686620
4225 58.750143 67.974464 100.000000
3601 5.555556 100.000000 100.000000
6330 12.402184 16.459190 100.000000
10595 19.190427 100.000000 75.652087
1013 44.750911 100.000000 96.320567
6053 78.852989 2.097712 0.000000
2912 28.241500 0.000000 29.267500
3792 100.000000 80.971379 29.030273
1627 100.000000 83.659660 25.740814
3365 20.352576 0.000000 39.836022
8382 100.000000 66.039921 96.458087
5694 27.138182 69.205831 100.000000
2019 100.000000 97.279788 19.178436
10313 53.366760 43.521137 100.000000
262 71.440934 6.005420 0.000000
7643 91.736844 100.000000 45.109427
8189 1.947377 98.139233 0.000000
12859 2.003812 99.258332 0.000000
12860 2.736036 98.954466 0.000000
1160 32.283392 0.000000 40.375567
9371 3.639133 23.726638 0.000000
8185 36.405263 0.000000 31.347379
1538 90.488969 0.000000 68.732205
1443 11.253450 0.000000 11.039367
4910 90.824789 51.985624 0.000000
4861 24.617434 100.000000 90.458179
9904 23.555794 100.000000 89.230702
8357 21.882155 100.000000 81.844715
7822 20.944865 100.000000 80.285623
8143 33.641664 0.000000 78.798453
3878 34.957907 0.000000 77.957105
2335 96.691188 94.932020 0.000000
4762 0.000000 60.777020 88.634548
7691 32.404974 79.297942 100.000000
9427 12.517981 0.000000 84.629030
12614 0.000000 44.195367 4.655401
2037 56.039910 27.511220 0.000000
12898 31.472807 100.000000 45.315259
5593 30.591141 9.864822 100.000000
396 81.558075 0.000000 72.868108
542 85.384505 0.000000 94.687450
12850 98.837239 25.308461 0.000000
2394 0.000000 29.598588 29.226506
2995 21.258723 100.000000 77.631406
12576 0.000000 9.637428 2.781538
407 18.165815 0.000000 31.782873
12752 0.000000 53.080637 6.258862
3529 77.678058 2.453219 0.000000
10546 100.000000 28.590174 74.537740
9108 3.584500 14.900846 0.000000
6624 3.049750 14.032673 0.000000
9783 26.077642 96.581012 100.000000
1118 28.817167 0.000000 31.533208
3251 17.011500 100.000000 96.713960
9666 94.764185 26.001355 100.000000
2888 45.209896 12.649425 100.000000
5738 44.818994 8.700011 100.000000
9015 100.000000 35.712957 10.529120
9545 79.253810 0.000000 73.021724
5245 11.472555 0.000000 75.346643
3951 30.649079 0.000000 27.800669
2855 90.825438 75.864162 100.000000
8405 52.978578 0.000000 91.863889
5523 53.688165 0.000000 94.064684
6018 0.000000 48.912237 90.778511
4238 30.313202 57.805237 100.000000
1187 53.858109 0.000000 88.637806
10529 22.740445 51.210013 100.000000
3041 6.974853 0.000000 23.633197
1805 16.770822 80.520488 100.000000
526 27.777778 100.000000 100.000000
1911 48.944341 31.739591 100.000000
7714 51.262188 100.000000 37.663669
3081 0.000000 3.773585 100.000000
1015 43.549592 100.000000 93.693266
470 34.853244 26.840016 0.000000
7142 18.785097 59.237939 100.000000
9582 45.408421 28.834952 100.000000
552 60.710453 30.965942 0.000000
6132 77.530816 65.148906 0.000000
8973 78.280240 66.233622 0.000000
5639 78.488331 64.848829 0.000000
3347 67.827452 100.000000 43.740953
3349 68.630934 100.000000 39.823717
5249 90.871301 21.997034 100.000000
6510 90.529227 0.000000 25.989354
4381 100.000000 15.717248 89.182851
9579 49.470136 39.343881 0.000000
9079 11.579052 92.561790 0.000000
10126 35.489272 12.136640 100.000000
5454 0.000000 13.273125 14.780476
7862 89.416181 0.000000 18.551008
485 37.761553 100.000000 36.652526
2092 25.815361 100.000000 48.280353
8607 100.000000 71.389922 67.794459
12708 6.076138 100.000000 95.569900
12707 5.180011 100.000000 96.470267
4322 87.691004 0.000000 22.589496
6049 39.241199 0.000000 93.825456
5895 0.000000 87.110176 22.643500
7764 45.095901 0.000000 56.281084
3793 100.000000 78.269676 28.352207
9769 1.388889 0.000000 100.000000
12778 1.166011 0.000000 98.838490
4452 31.277620 37.892243 0.000000
8678 0.000000 27.544356 34.231651
6361 22.668381 82.741316 0.000000
8635 22.460517 22.538822 100.000000
12825 96.994587 100.000000 97.889177
12824 97.913913 100.000000 98.983878
5992 23.582852 84.389880 0.000000
4941 79.037007 0.000000 51.705318
7198 63.527734 45.720874 100.000000
1541 63.118520 42.427365 100.000000
4404 2.324191 43.699279 0.000000
8036 100.000000 94.659238 70.700498
12903 4.264209 29.064375 100.000000
12746 0.000000 45.532271 18.490261
12745 0.000000 44.805537 19.409276
5271 0.000000 2.904209 43.002007
6364 0.000000 43.806173 10.496600
6363 0.000000 42.791772 7.120223
7807 44.306672 14.788645 100.000000
4470 74.734709 6.106638 100.000000
7405 100.000000 43.649447 32.345545
3592 50.771583 100.000000 76.426922
4955 51.980877 100.000000 73.154232
5941 90.140845 0.000000 0.000000
2887 45.660353 16.840957 100.000000
1783 98.099540 76.922450 100.000000
10494 5.437355 29.821343 100.000000
9521 5.840572 28.370511 100.000000
8760 6.327655 29.746731 100.000000
87 30.030284 66.773273 100.000000
1943 86.717320 100.000000 32.649431
4358 23.691383 87.036852 100.000000
2778 27.955946 100.000000 67.560652
9464 29.390857 100.000000 69.375830
2295 84.852435 57.292258 100.000000
2155 76.202952 75.912127 0.000000
1289 29.044423 49.650392 100.000000
9294 37.470726 0.000000 25.453837
10305 45.436487 21.563645 100.000000
10402 81.332471 63.174617 0.000000
9542 0.000000 36.021042 94.972968
8159 0.000000 33.990127 95.067526
7688 28.504347 67.873772 100.000000
3126 0.644406 23.571028 0.000000
9786 0.000000 11.817240 88.115373
6965 100.000000 66.101713 22.321432
4663 39.455549 100.000000 83.992222
8138 37.841096 100.000000 82.692577
4128 0.000000 68.354414 34.336522
1619 23.624327 0.000000 86.697330
3123 85.646332 100.000000 46.850899
4137 70.147199 33.385506 0.000000
4609 86.533364 100.000000 42.170190
7390 0.000000 59.064365 90.914656
4859 0.000000 60.377358 100.000000
7783 31.310264 100.000000 37.021665
6408 37.037037 100.000000 100.000000
9392 91.092874 33.838037 0.000000
5979 15.141636 80.762143 100.000000
4692 100.000000 91.419215 17.270071
9630 30.065255 0.000000 1.857254
1803 15.411654 78.736800 100.000000
2984 53.782638 45.772394 0.000000
7245 60.866176 19.922699 100.000000
6102 45.262305 33.855010 0.000000
9672 37.432639 14.285718 100.000000
2851 61.069250 85.068472 100.000000
2420 0.000000 11.182823 14.692332
4702 64.154521 8.281809 100.000000
7296 0.000000 51.923077 0.000000
7295 1.854371 48.549261 0.000000
982 17.315276 100.000000 42.828656
2103 80.832385 0.000000 97.694088
7416 0.000000 96.153846 0.000000
2297 61.155637 32.114050 100.000000
7592 0.000000 24.344534 54.319010
7591 0.000000 22.221502 53.976677
5815 6.207767 11.840362 100.000000
4129 0.000000 66.821051 33.929552
6857 38.879538 0.000000 65.550955
2738 55.634041 74.837496 100.000000
3685 32.911069 0.000000 76.802173
91 9.101921 16.077337 100.000000
2189 8.160295 16.676754 100.000000
9581 46.195098 25.814110 100.000000
9906 15.656718 31.945730 0.000000
1547 83.383975 6.242736 0.000000
1548 84.466958 5.249686 0.000000
7859 82.327001 100.000000 43.337455
6085 52.447035 0.000000 43.756841
5436 19.112703 4.243477 0.000000
5950 59.883779 34.245973 100.000000
2355 61.369678 36.518617 100.000000
4316 75.503489 0.000000 14.221556
10065 100.000000 81.014394 80.633375
10559 4.614792 62.253485 100.000000
8647 3.178995 62.998786 100.000000
3979 80.605963 100.000000 39.824530
3981 79.160026 100.000000 42.407774
5623 32.765101 76.515527 100.000000
859 4.418831 58.354800 100.000000
9239 4.602176 60.384848 100.000000
2915 24.781900 0.000000 12.666488
4824 37.899808 11.663256 100.000000
1110 7.579646 27.157070 100.000000
7508 94.445997 85.458249 0.000000
8402 15.117844 62.305622 0.000000
9233 28.636602 70.394028 100.000000
12851 98.699525 15.038584 0.000000
3301 100.000000 21.601160 98.611580
7134 89.067194 40.973274 0.000000
8288 0.000000 11.911242 24.179931
6910 79.888692 29.770161 0.000000
8328 100.000000 93.651810 19.330029
7350 10.146448 21.448201 100.000000
7985 92.715044 100.000000 71.085292
9040 21.032580 100.000000 34.796547
8985 5.817607 10.301426 100.000000
2562 88.999365 88.078909 100.000000
7160 64.788732 0.000000 0.000000
8923 52.360699 0.000000 95.981315
12789 98.348292 0.000000 0.931786
397 81.845448 0.000000 76.127362
398 80.411216 0.000000 74.587425
7035 0.000000 33.962264 100.000000
5179 14.015740 0.000000 69.349215
6942 30.377769 100.000000 26.471886
9670 27.505000 100.000000 44.187270
7758 23.611111 0.000000 100.000000
3687 36.693478 0.000000 7.908811
5512 27.752055 0.000000 17.684847
9768 0.439791 17.609090 100.000000
10264 1.095190 17.148146 100.000000
8221 37.543988 0.000000 50.343405
1453 83.979833 0.000000 84.314124
2837 84.330231 0.000000 81.758675
1031 1.846726 15.586602 100.000000
7620 1.894413 17.664231 100.000000
2379 52.322230 100.000000 78.864154
4877 95.316597 87.700374 0.000000
8596 58.936223 2.104127 100.000000
9106 59.722222 0.000000 100.000000
386 9.337251 5.689058 100.000000
8147 85.345677 0.000000 84.099930
8619 0.000000 48.530379 80.960093
5393 60.447326 0.000000 33.044169
7782 63.065368 100.000000 16.839322
7547 61.585141 100.000000 20.021707
7781 63.057786 100.000000 23.152674
3393 34.915638 100.000000 80.668456
8394 100.000000 83.676281 30.057333
3663 100.000000 0.000000 87.096774
6837 100.000000 2.016422 83.752290
9361 17.729006 100.000000 38.491715
10347 100.000000 44.465733 16.069264
5599 51.686026 0.000000 25.291913
5969 38.028169 0.000000 0.000000
12916 32.789412 100.000000 51.394862
12915 32.178689 100.000000 50.592747
12914 31.886906 100.000000 48.968551
5101 100.000000 89.655172 100.000000
5949 58.798375 35.472921 100.000000
9899 94.516429 0.000000 17.452060
3321 100.000000 56.612982 78.646569
4799 71.904440 0.000000 35.449674
9747 1.024942 0.000000 46.181529
6944 39.572824 0.000000 33.847043
9274 18.529785 0.000000 44.938206
12834 69.692361 100.000000 97.542928
12835 69.211588 100.000000 96.891144
12826 68.846933 100.000000 95.577985
9930 91.748489 0.000000 84.698126
8105 16.327093 12.685588 100.000000
6689 22.822425 0.000000 30.639131
676 50.132504 0.000000 77.772556
5295 82.617008 64.163711 0.000000
9558 83.734943 62.418863 0.000000
9945 1.870404 0.000000 48.645653
6883 61.722316 100.000000 4.806404
7605 31.154176 98.993336 0.000000
12910 1.996057 0.704312 100.000000
12911 2.713722 0.973040 100.000000
116 55.184807 15.966206 0.000000
4323 89.092067 0.000000 24.185693
7861 88.627438 0.000000 20.545958
867 77.464789 0.000000 0.000000
5672 60.509363 0.000000 44.775851
3813 44.583958 100.000000 11.206132
5214 100.000000 90.234081 81.654137
6571 100.000000 89.055562 84.416288
3853 2.796622 6.633542 100.000000
10296 11.273015 0.000000 63.050389
7690 0.000000 38.964294 31.841975
4002 69.788794 0.000000 28.077873
8418 3.266670 44.969466 0.000000
9036 29.727047 95.728708 0.000000
210 100.000000 25.101304 71.683121
8909 28.895216 0.000000 16.500477
9554 17.947243 100.000000 40.944125
258 86.097378 59.986475 100.000000
12852 98.932669 16.385739 0.000000
5924 39.195227 36.276426 100.000000
3630 100.000000 59.791871 9.299898
3629 100.000000 62.922286 8.453970
12731 100.000000 99.145138 96.612950
8066 0.000000 7.601835 80.118945
8435 56.725761 0.000000 54.640980
10284 10.928138 90.975595 0.000000
8164 0.000000 0.000000 76.666667
8207 0.000000 45.671961 59.879280
8722 90.244702 100.000000 10.524790
6927 32.625608 99.240720 0.000000
8246 76.531473 100.000000 23.451747
7150 65.408028 0.000000 80.929312
4842 78.799752 0.000000 79.071291
8468 0.000000 5.769231 0.000000
6155 42.003390 0.000000 47.535673
6778 100.000000 48.492228 67.510845
1320 4.175343 30.431373 0.000000
1891 3.723281 31.685161 0.000000
5360 93.272072 20.312630 0.000000
6882 62.590196 100.000000 10.544456
3300 100.000000 18.415510 98.802114
10583 96.452837 35.566287 100.000000
7464 100.000000 91.084402 52.832022
9535 32.239671 0.000000 13.576302
1445 31.064497 0.000000 13.709913
124 38.989022 22.152204 100.000000
10420 4.735000 84.464635 0.000000
1386 70.666997 0.000000 37.407386
3129 16.118496 40.756109 0.000000
3061 90.609411 88.431262 100.000000
5427 100.000000 33.037101 8.988881
10452 4.891629 29.011406 100.000000
8145 0.000000 58.490566 100.000000
1897 66.296243 60.476394 100.000000
10022 19.497635 0.000000 42.382771
7937 19.246684 0.000000 39.803863
7403 100.000000 42.848440 35.302097
1757 6.236226 59.218623 100.000000
3001 37.092553 46.173053 0.000000
1718 100.000000 92.678914 74.212875
8638 2.318513 0.000000 82.773067
9556 11.230143 35.738468 100.000000
6524 14.599482 100.000000 33.216518
7381 13.948110 100.000000 35.561872
8597 60.027980 3.058344 100.000000
8374 65.401291 25.458281 100.000000
1975 4.791928 19.668379 100.000000
3426 100.000000 41.207051 26.550076
8609 59.702934 97.030657 0.000000
1828 96.418453 74.281598 0.000000
8689 95.029298 75.181263 100.000000
6208 70.283820 15.589419 0.000000
10 38.825834 0.000000 14.141223
3107 63.701727 0.000000 72.243890
4828 45.855393 0.000000 93.896777
4959 69.331213 30.414871 0.000000
2656 57.400511 0.000000 92.499301
4684 0.000000 86.833723 38.465908
1058 0.000000 20.100876 7.920387
12622 0.000000 21.817784 3.992873
12617 0.000000 20.742118 3.582005
12618 0.000000 19.906583 3.178166
3528 22.535211 0.000000 0.000000
2228 0.000000 62.210435 86.322620
8955 0.000000 10.744215 67.539184
3137 100.000000 7.002539 55.674581
249 100.000000 9.479523 52.604262
8308 0.000000 87.958092 14.668750
8838 0.000000 88.862118 21.306323
8526 92.560874 100.000000 66.793214
7984 94.200662 100.000000 67.408785
2725 40.704378 70.954476 100.000000
8208 0.000000 45.692456 64.698213
12858 0.781020 97.833707 0.000000
8990 24.729809 88.919315 0.000000
2046 55.286727 4.746164 100.000000
10247 46.729786 0.000000 95.535162
10478 65.158753 0.000000 70.704818
8792 1.456697 0.000000 3.658429
12562 0.763365 0.000000 2.087646
12666 1.340939 0.000000 1.697225
1709 0.000000 11.750370 44.039038
3128 14.146171 43.094773 0.000000
8326 57.478660 0.000000 26.639669
9804 97.014649 67.757148 100.000000
7351 10.620931 19.630646 100.000000
7970 64.986376 100.000000 19.970039
5914 36.460439 18.664991 0.000000
6466 2.976391 35.544278 0.000000
1902 83.166066 8.306523 0.000000
1277 0.000000 53.846154 0.000000
10154 67.972458 54.823177 100.000000
3281 90.875951 85.558282 100.000000
3160 6.918541 94.882308 100.000000
2179 0.000000 41.478079 93.945742
12669 11.743637 0.000000 1.979062
12670 12.455847 0.000000 1.942635
12667 13.598653 0.000000 2.636538
2989 91.656499 0.000000 80.918147
12871 100.000000 98.450283 4.385846
1012 40.238315 0.000000 93.366538
3463 0.000000 100.000000 50.000000
12775 0.000000 49.906889 5.236445
4186 82.062625 71.866333 100.000000
9406 0.000000 43.396226 100.000000
6577 78.288949 54.322421 100.000000
12615 0.000000 45.034709 7.109197
12619 0.000000 45.700787 7.104801
3721 70.290370 14.297466 100.000000
7546 59.829051 100.000000 19.550424
12906 96.911133 72.816368 100.000000
12605 0.000000 26.996056 4.966354
8139 100.000000 90.524636 96.065988
3930 2.866670 28.030309 0.000000
3929 3.194817 29.323969 0.000000
6422 0.000000 49.056604 100.000000
1817 77.135809 12.973916 100.000000
1818 76.266627 14.650731 100.000000
1819 75.609665 10.892398 100.000000
7555 63.602043 0.000000 26.873833
8104 21.750015 77.169107 100.000000
7780 10.396019 39.288065 100.000000
5423 0.000000 76.507612 30.043457
6790 5.642977 9.653185 0.000000
3785 14.170804 0.000000 75.308144
9296 11.543200 37.677349 100.000000
4903 14.702926 43.274388 100.000000
1810 0.000000 54.966232 57.098201
3196 1.454493 56.807678 100.000000
860 2.803864 58.042982 100.000000
861 3.661893 56.343618 100.000000
2779 90.277700 100.000000 43.371633
8166 86.778904 0.000000 83.845707
4449 0.000000 65.448065 37.433796
6895 76.866808 0.000000 14.439737
12586 0.000000 93.727799 95.766044
12620 0.000000 94.484878 96.155472
5627 1.476416 59.036163 100.000000
2193 38.085909 12.817990 0.000000
1018 75.023274 13.905941 100.000000
2370 100.000000 33.213284 6.026471
5629 80.423346 100.000000 78.615646
8146 0.000000 57.355770 91.609907
2611 0.000000 56.603774 100.000000
8782 100.000000 93.979000 13.619547
395 87.091136 0.000000 58.579857
12709 99.382480 100.000000 3.849256
8120 100.000000 100.000000 4.347826
6718 49.347413 91.693456 100.000000
580 69.444444 0.000000 100.000000
7728 51.548980 19.012129 100.000000
1367 9.824578 97.755714 100.000000
12621 0.000000 28.614355 5.004936
8803 100.000000 27.483476 4.226266
2099 100.000000 28.875104 5.585807
6157 61.815598 0.000000 14.268429
2242 71.310841 0.000000 87.159631
6386 21.314421 67.948500 0.000000
51 2.733513 43.626092 100.000000
1749 4.878201 30.346547 0.000000
6688 24.423625 0.000000 30.610687
9289 10.950717 94.467584 100.000000
7935 11.247633 96.419543 100.000000
2240 100.000000 7.986125 78.197490
6027 100.000000 100.000000 65.217391
6030 37.498914 0.000000 94.737924
5438 0.000000 10.453188 82.616546
12668 13.036460 0.000000 1.728442
2208 10.445271 0.000000 60.605571
1543 61.662844 40.569877 100.000000
4548 26.210448 100.000000 45.114891
6144 0.000000 100.000000 62.500000
7981 39.895081 100.000000 87.853405
6196 38.761496 0.000000 97.746043
8065 0.000000 9.032922 77.512869
3330 74.074074 100.000000 100.000000
7581 29.174407 40.123160 100.000000
4722 36.370017 48.549973 100.000000
1137 35.185185 100.000000 100.000000
2831 47.714880 18.880448 100.000000
6767 0.000000 36.538462 0.000000
6768 0.505736 35.432828 0.000000
544 2.134941 36.303796 0.000000
5584 57.631882 54.250210 0.000000
10144 100.000000 48.403825 39.357973
8778 8.659138 89.412408 100.000000
4447 0.000000 64.114672 32.651864
5361 30.055738 97.577147 0.000000
12827 75.239340 100.000000 97.413652
12828 76.031590 100.000000 97.472696
1044 49.044600 20.786839 0.000000
8027 88.203078 100.000000 83.037514
8571 95.206189 63.066655 100.000000
4582 18.644068 100.000000 0.000000
7021 32.732135 96.231039 0.000000
4295 31.003345 100.000000 46.379592
12919 30.702783 100.000000 47.343014
8372 51.398417 0.000000 78.772013
5011 50.279111 0.000000 81.141741
4601 3.728141 93.538673 0.000000
4701 65.479932 6.409647 100.000000
137 17.003216 63.927731 0.000000
2977 5.934976 21.199673 100.000000
1402 79.732376 100.000000 55.100946
5457 0.000000 11.832667 71.955985
1097 27.346376 24.291607 0.000000
3910 0.597742 34.440100 100.000000
9454 0.651975 32.728980 100.000000
3374 18.642918 100.000000 51.538313
276 80.769921 10.660156 0.000000
9572 0.000000 21.061810 83.776721
256 87.326314 62.972630 100.000000
9580 44.572827 25.352547 100.000000
8829 2.838907 0.000000 50.706052
10093 52.110517 23.701146 100.000000
3808 50.584642 22.396193 100.000000
4535 74.628097 0.000000 61.123995
2899 39.699995 0.000000 95.818614
2808 10.366375 47.070366 0.000000
2832 47.119412 16.986939 100.000000
10400 6.394269 0.000000 38.225218
9546 39.352199 0.000000 88.928229
2038 56.503200 23.744251 0.000000
2825 100.000000 3.958808 97.560004
12867 100.000000 2.996744 96.259425
546 71.040134 8.771048 0.000000
6029 38.566241 0.000000 95.348495
8723 0.000000 23.076923 0.000000
9214 0.000000 14.741712 65.819666
5445 30.796439 79.473600 100.000000
8956 0.000000 13.269677 69.013052
7270 14.319870 46.257940 0.000000
3007 63.391408 50.913692 100.000000
8584 48.030579 100.000000 28.860330
6407 35.322513 97.780978 100.000000
4814 17.444042 58.440513 0.000000
3888 31.472960 0.000000 45.900616
3651 41.121452 69.425853 0.000000
5414 1.035950 0.000000 83.263155
10372 0.000000 14.356610 73.660341
8755 91.479811 63.782406 100.000000
785 18.784480 19.839374 100.000000
4240 0.000000 37.405603 27.812372
3439 43.533995 0.000000 57.495549
4550 6.766560 27.751522 100.000000
877 42.171179 0.000000 44.024312
7360 4.877026 74.566007 100.000000
8543 51.208053 0.000000 92.369905
9044 74.261631 100.000000 81.964548
3635 100.000000 15.029883 50.480014
2229 98.082042 41.351355 0.000000
4339 95.301251 93.740640 0.000000
3489 29.051937 5.756618 100.000000
8928 100.000000 6.451613 0.000000
7975 79.054291 0.000000 75.727877
4613 55.061348 24.180759 100.000000
4405 2.844729 41.591961 0.000000
2755 6.245897 7.302334 100.000000
2765 29.964538 8.303770 0.000000
5432 41.153122 0.000000 34.119206
1139 6.626720 0.000000 35.421078
2369 100.000000 35.864182 4.030917
3331 72.222222 100.000000 100.000000
12829 73.021636 100.000000 97.293175
3392 36.317503 100.000000 81.791038
117 24.651349 50.980485 100.000000
6532 41.704683 45.675265 0.000000
6894 77.732087 0.000000 17.747039
8848 100.000000 22.054044 8.005230
2116 73.078883 0.000000 79.738958
12830 73.881032 100.000000 96.556989
267 14.611856 49.327345 0.000000
7100 57.662783 11.040427 100.000000
1755 61.785643 22.546479 100.000000
7034 0.000000 35.849057 100.000000
5563 41.448764 100.000000 89.370452
5934 0.000000 53.952409 70.840113
6007 0.000000 26.051671 51.421551
4013 82.294039 86.346770 100.000000
1161 32.531674 0.000000 43.188661
12831 49.859286 100.000000 66.466077
10392 82.303474 0.000000 79.215091
4050 80.575028 0.000000 78.312335
10081 91.701895 66.991354 100.000000
5600 44.387527 0.000000 59.931169
4096 91.903249 100.000000 8.239570
4383 90.713699 12.336153 0.000000
9653 54.466073 100.000000 45.780524
7016 80.421069 100.000000 33.748309
5517 15.455119 29.660379 0.000000
10540 2.486161 13.095297 0.000000
5894 0.000000 87.875117 29.870263
6911 3.649398 0.000000 52.961053
6520 9.042214 91.450026 100.000000
10186 0.000000 87.212491 7.893887
12766 0.000000 88.566176 8.021217
12767 0.000000 89.510644 5.344920
2374 64.232037 0.000000 9.494169
3690 100.000000 19.534248 12.815047
7519 2.479921 55.452693 0.000000
2819 93.520557 23.744587 0.000000
1336 64.859255 46.634997 100.000000
7635 92.458337 28.914946 0.000000
2818 93.879035 27.314663 0.000000
697 95.147064 25.564303 0.000000
3763 26.004356 0.000000 31.010561
2117 71.977064 0.000000 78.280421
7637 92.757310 32.715175 0.000000
1565 100.000000 5.566293 76.731279
382 0.000000 82.423103 21.722375
2807 8.927916 45.760679 0.000000
3611 28.112597 97.210334 100.000000
12862 39.214378 53.868560 0.000000
695 96.142403 23.964688 0.000000
12623 0.000000 87.218407 90.844755
4507 5.513480 94.491414 100.000000
2121 0.000000 82.408397 91.327941
1426 0.000000 1.754361 96.989797
7567 88.512516 66.084059 100.000000
7197 62.706898 47.981340 100.000000
9631 30.985915 0.000000 0.000000
12878 3.716308 30.520326 100.000000
12735 0.000000 2.788123 98.454534
6033 60.580022 22.953875 100.000000
7675 54.339389 28.316495 0.000000
5331 50.857145 54.591665 0.000000
8744 27.313778 100.000000 35.123861
2475 97.256374 0.000000 27.395453
2572 98.086701 0.000000 30.976431
1176 100.000000 6.435798 98.353535
2824 100.000000 7.498085 96.333711
4614 53.419868 21.569825 100.000000
4292 100.000000 0.000000 45.161290
9897 5.411087 31.293266 100.000000
7000 0.000000 74.973743 38.151692
12739 0.000000 5.851839 97.514358
10375 80.321043 0.000000 50.088626
8713 2.459908 14.541283 0.000000
202 1.897170 13.627470 0.000000
7222 0.000000 91.684350 27.874791
12625 0.000000 37.629865 3.415885
2171 48.220672 88.127759 100.000000
9924 49.817607 87.914869 100.000000
5067 100.000000 46.075176 82.988679
2519 29.629630 100.000000 100.000000
480 65.234703 57.795617 0.000000
5733 3.336817 32.669813 0.000000
12768 0.000000 90.452773 6.504853
12899 31.036555 100.000000 45.179151
7356 24.876468 100.000000 21.994031
8617 0.000000 47.874784 72.078544
10341 83.488118 0.000000 79.871192
12769 0.000000 91.025223 5.100811
3915 77.413481 0.000000 11.007512
1151 100.000000 97.854628 54.626802
7814 84.869546 60.293177 0.000000
12801 83.696508 100.000000 96.004041
5297 84.141112 65.702540 0.000000
10576 100.000000 0.000000 83.870968
8165 85.626297 0.000000 81.302675
4222 100.000000 7.581689 30.819930
12626 0.000000 6.662778 1.693328
12627 0.000000 23.450024 2.404000
12628 0.000000 22.702747 2.971769
2673 0.000000 62.371090 15.362408
12863 1.108713 96.356017 0.000000
12861 1.213455 97.012877 0.000000
2061 94.327086 100.000000 93.549378
12630 0.000000 1.127049 5.162926
12629 0.000000 0.773171 3.861328
2344 40.875644 100.000000 31.300444
9311 5.608202 90.166240 0.000000
6534 42.831069 0.000000 32.843359
110 44.380710 0.000000 31.712845
9008 12.316615 93.567504 100.000000
12931 17.439523 100.000000 46.612966
4527 100.000000 22.101635 93.437572
2929 100.000000 45.025405 67.613251
9599 100.000000 68.965517 100.000000
178 60.970103 43.836650 0.000000
10224 99.033944 66.422009 100.000000
8480 96.720508 4.968032 100.000000
12688 96.170715 2.534332 100.000000
12689 95.696410 3.291448 100.000000
8946 36.830019 56.249822 0.000000
6140 97.892633 50.965984 0.000000
6195 37.815630 0.000000 96.996322
5748 100.000000 1.876979 48.622899
5626 22.262648 100.000000 58.499992
9459 100.000000 26.806418 5.865794
8945 100.000000 4.496619 30.705175
12690 95.159603 2.981883 100.000000
3863 18.567309 100.000000 94.628129
3027 8.471817 100.000000 9.170268
9570 48.406828 0.000000 44.420808
12691 96.715069 2.297541 100.000000
12876 4.462674 28.437122 0.000000
7550 75.460147 57.561435 0.000000
1622 79.883560 1.764423 0.000000
1338 0.000000 16.135710 7.136764
12710 98.467827 100.000000 1.444134
12832 74.467871 100.000000 97.248067
12895 33.269168 100.000000 42.313297
6825 61.997793 31.805275 0.000000
12671 22.799705 0.000000 2.754372
5791 73.379282 0.000000 18.914466
9559 26.784879 32.341666 100.000000
606 21.738081 0.000000 48.462674
12918 32.969657 100.000000 52.564865
12917 33.143519 100.000000 53.947044
9290 9.345059 93.411319 100.000000
12813 95.569403 100.000000 98.149718
12833 96.298496 100.000000 97.894138
10192 84.019364 0.000000 21.651296
12877 5.869844 31.586525 0.000000
1571 100.000000 17.091993 87.525908
7057 100.000000 33.942142 79.112802
5431 41.841583 0.000000 30.086877
1907 69.786724 48.843073 0.000000
10351 17.196748 1.655414 100.000000
4901 64.122106 48.939377 100.000000
12924 0.000000 2.852646 4.787434
5545 12.143838 0.000000 94.127767
9101 12.360756 0.000000 96.789325
7636 90.969495 30.284982 0.000000
582 67.113551 57.705384 100.000000
2025 1.685801 3.971655 100.000000
9078 3.389831 100.000000 0.000000
515 1.694915 100.000000 0.000000
12904 47.385316 0.000000 44.478753
12798 2.101897 100.000000 4.029352
2545 27.243873 88.237439 100.000000
12672 10.990223 0.000000 1.938142
12791 99.415729 0.000000 2.862394
12729 100.000000 97.755135 91.798014
12568 99.387309 1.910729 0.000000
3995 0.000000 78.226817 74.920706
12692 5.999164 99.076297 100.000000
12693 6.670977 98.737581 100.000000
10461 89.102131 12.247075 0.000000
9336 65.381867 11.914468 0.000000
2178 0.000000 41.509434 100.000000
6922 1.317369 0.000000 79.779902
12631 0.000000 36.152471 5.540202
12633 0.000000 36.913001 4.359441
12641 0.871314 0.000000 5.294980
12634 0.000000 42.249073 4.256317
230 51.830853 27.403024 0.000000
8500 0.000000 89.729461 28.793264
12891 31.276446 100.000000 42.236646
7192 100.000000 0.000000 100.000000
9022 98.611111 0.000000 100.000000
12673 98.730609 0.000000 98.577239
12721 95.813758 96.380640 0.000000
12722 96.662829 97.284195 0.000000
12868 100.000000 3.460721 98.978385
6978 97.913709 0.000000 50.035942
2756 5.511954 8.607560 100.000000
12747 0.000000 0.793859 97.134099
12736 0.000000 1.709042 98.601992
12748 0.000000 1.142353 99.233524
12590 0.000000 31.825410 6.164185
12635 0.000000 32.691552 5.295178
977 100.000000 0.000000 96.774194
12869 100.000000 1.738888 97.648406
12698 98.918458 1.323823 100.000000
12687 98.307432 1.531044 100.000000
12723 1.456944 0.949735 0.000000
12566 99.027727 2.767803 100.000000
12674 99.402811 0.000000 97.038634
1175 100.000000 3.448276 100.000000
12912 1.202794 0.430880 100.000000
12760 0.000000 91.608236 4.018385
12594 0.000000 3.250127 1.691714
1174 100.000000 6.896552 100.000000
7440 61.824435 30.123310 0.000000
721 0.000000 2.054600 3.550478
12563 0.000000 1.011265 2.124718
12724 95.317672 97.305778 0.000000
1694 93.578938 100.000000 5.979399
12648 16.577032 0.000000 3.060709
12639 0.000000 0.446109 2.329845
12779 0.568087 0.000000 97.081561
12836 93.577275 100.000000 96.664004
12676 0.878189 0.000000 0.946218
12923 0.000000 1.746164 1.816999
12564 0.000000 0.973579 98.332105
12749 0.000000 0.441859 98.033218
12694 99.166539 4.673391 100.000000
12695 97.767287 1.726508 100.000000
12696 99.547873 4.112135 100.000000
12697 99.545100 2.774651 100.000000
12699 99.739000 1.953594 100.000000
12700 99.235117 0.728818 100.000000
12854 99.731343 2.041929 0.000000
12701 0.558573 98.858334 100.000000
12637 0.000000 41.745809 3.668375
12925 0.000000 2.483797 2.142228
12926 0.000000 2.921083 2.573972
12770 0.000000 50.778215 13.549127
12771 0.000000 51.661113 13.655624
12774 0.000000 52.193589 15.180961
12927 0.000000 1.047547 1.189661
12665 16.171166 0.000000 2.412317
12567 99.410900 1.591448 100.000000
12790 97.741258 0.000000 1.224375
12908 97.775060 0.000000 1.992825
12909 98.087691 0.000000 1.703066
12900 30.671736 100.000000 45.660228
